nohup: ignoring input
Cm = 1.87e-11, Cn = 3.14e-09, Rf = 1.26e+08, Cm * Rf = 0.39564
v_InitObject: Node = 0, Myelin = 8736, extracell = 0
Max Anistrength_1  = 1, Anistrength_2 = 1, Min Anistrength 1 = 1, Anistrength 2 = 1
*** 1st Moving frames are in unit length ***
*** 2nd Moving frames are in unit length ***
*** Moving frames are Orthogonal
*** MF 0 = ( 0 , 1 , 0 ) 
*** MF 1 = ( 1 , 0 , 0 ) 
*** MF 2 = ( 0 , 0 , 1 ) 
============ End of MMFInitObect ============

Constructing phieunitMF ================================================
SetUp 2D MF: ***********************************************************
LOCAL construction for 208 elements, adapated from MF1 = 89, MF2 = 97, MF3 = 22
*** 1st Moving frames are in unit length ***
*** 2nd Moving frames are in unit length ***
*** Moving frames are Orthogonal
*** MF 0 = ( 0.490199 , 0.871611 , 0 ) 
*** MF 1 = ( 0.871611 , 0.490199 , 0 ) 
*** MF 2 = ( 0 , 0 , 1 ) 
*** 1st Moving frames are in unit length ***
*** 2nd Moving frames are in unit length ***
*** Moving frames are Orthogonal
*** MF 0 = ( 0.490199 , 0.871611 , 0 ) 
*** MF 1 = ( 0.871611 , 0.490199 , 0 ) 
*** MF 2 = ( 0 , 0 , 1 ) 

Constructing phieMF ================================================
SetUp 2D MF: ***********************************************************
LOCAL construction for 208 elements, adapated from MF1 = 89, MF2 = 97, MF3 = 22
*** 1st Moving frames are NOT in unit length, Avg mag. = 1.41421 *** 
*** 2nd Moving frames are NOT in unit length, Avg mag. = 1.41421 *** 
*** Moving frames are Orthogonal
*** MF 0 = ( 0.693245 , 1.23264 , 0 ) 
*** MF 1 = ( 1.23264 , 0.693245 , 0 ) 
*** MF 2 = ( 0 , 0 , 1 ) 
*** 1st Moving frames are NOT in unit length, Avg mag. = 1.41421 *** 
*** 2nd Moving frames are NOT in unit length, Avg mag. = 1.41421 *** 
*** Moving frames are Orthogonal
*** MF 0 = ( 0.693245 , 1.23264 , 0 ) 
*** MF 1 = ( 1.23264 , 0.693245 , 0 ) 
*** MF 2 = ( 0 , 0 , 1 ) 
Compute Varcoeff for phim ====================== 
k = 0, m_varcoeff = ( 0 , 1 , 0 , 3.39066e-13 , 1 ) 
k = 1, m_varcoeff = ( 1 , 0 , 0 , 5.56846e-13 , 1 ) 
k = 2, m_varcoeff = ( 0 , 0 , 1 , 0 , 1 ) 
 ::::: 2D Varcoeff is Successfully Created ::::: 

Compute Varcoeff for phie ====================== 
k = 0, m_varcoeff = ( 0.693245 , 1.23264 , 0 , 1.46061e-10 , 2 ) 
k = 1, m_varcoeff = ( 1.23264 , 0.693245 , 0 , 2.03775e-10 , 2 ) 
k = 2, m_varcoeff = ( 0 , 0 , 1 , 0 , 1 ) 
 ::::: 2D Varcoeff is Successfully Created ::::: 

=======================================================================
	        EquationType: MMFNeuralEP
	        Session Name: NeuralEP2DL2p4_Allnode
	        Spatial Dim.: 3
	  Max SEM Exp. Order: 6
	      Expansion Dim.: 2
	     Projection Type: Continuous Galerkin
	 Advect. advancement: explicit
	Diffuse. advancement: implicit
	           Time Step: 1e-07
	        No. of Steps: 40000000
	 Checkpoints (steps): 200000
	    Integration Type: IMEX
	             Surface: Plane
	           DerivType: Euclidean
	          MediumType: Anisotropy
	              MMFdir: TangentY
	        NeuralEPType: NeuralEP2D
	    SolverSchemeType: Default
	             TimeMap: DeActivated
	        TimeMapStart: 0
	          TimeMapEnd: 10000
	         ElemNodeEnd: 207
	       ElemMyelenEnd: 207
	         Temperature: 24
	            diameter: 0.025
	             Helmtau: 0.1
=======================================================================
Initial Conditions:
  - Field um: 0
  - Field ue: 0
Elemid = 0, Nodeid = 0, x = 0.0125, y = 0.00520833, dist = 0.0177412, e1mag = 1, e2mag = 1, inarray = 0
Elemid = 1, Nodeid = 0, x = 0.00520833, y = 0.0125, dist = 0.0177412, e1mag = 1, e2mag = 1, inarray = 0
Elemid = 2, Nodeid = 0, x = 0.0197917, y = 0.0125, dist = 0.0177412, e1mag = 1, e2mag = 1, inarray = 0
Elemid = 3, Nodeid = 0, x = 0.0125, y = 0.0197917, dist = 0.0177412, e1mag = 1, e2mag = 1, inarray = 0
Elemid = 4, Nodeid = 1, x = 0.0197917, y = 0.0375, dist = 0.0177412, e1mag = 1, e2mag = 1, inarray = 0
Elemid = 5, Nodeid = 1, x = 0.0125, y = 0.0447917, dist = 0.0177412, e1mag = 1, e2mag = 1, inarray = 0
Elemid = 6, Nodeid = 1, x = 0.0125, y = 0.0302083, dist = 0.0177412, e1mag = 1, e2mag = 1, inarray = 0
Elemid = 7, Nodeid = 1, x = 0.00520833, y = 0.0375, dist = 0.0177412, e1mag = 1, e2mag = 1, inarray = 0
Elemid = 8, Nodeid = 2, x = 0.00520833, y = 0.2625, dist = 0.0177412, e1mag = 1, e2mag = 1, inarray = 0
Elemid = 9, Nodeid = 2, x = 0.0197917, y = 0.2625, dist = 0.0177412, e1mag = 1, e2mag = 1, inarray = 0
Elemid = 10, Nodeid = 2, x = 0.0125, y = 0.255208, dist = 0.0177412, e1mag = 1, e2mag = 1, inarray = 0
Elemid = 11, Nodeid = 2, x = 0.0125, y = 0.269792, dist = 0.0177412, e1mag = 1, e2mag = 1, inarray = 0
Elemid = 12, Nodeid = 3, x = 0.0197917, y = 0.4875, dist = 0.0177412, e1mag = 1, e2mag = 1, inarray = 0
Elemid = 13, Nodeid = 3, x = 0.0125, y = 0.494792, dist = 0.0177412, e1mag = 1, e2mag = 1, inarray = 0
Elemid = 14, Nodeid = 3, x = 0.0125, y = 0.480208, dist = 0.0177412, e1mag = 1, e2mag = 1, inarray = 0
Elemid = 15, Nodeid = 3, x = 0.00520833, y = 0.4875, dist = 0.0177412, e1mag = 1, e2mag = 1, inarray = 0
Elemid = 16, Nodeid = 4, x = 0.00520833, y = 0.7125, dist = 0.0177412, e1mag = 1, e2mag = 1, inarray = 0
Elemid = 17, Nodeid = 4, x = 0.0125, y = 0.719792, dist = 0.0177412, e1mag = 1, e2mag = 1, inarray = 0
Elemid = 18, Nodeid = 4, x = 0.0125, y = 0.705208, dist = 0.0177412, e1mag = 1, e2mag = 1, inarray = 0
Elemid = 19, Nodeid = 4, x = 0.0197917, y = 0.7125, dist = 0.0177412, e1mag = 1, e2mag = 1, inarray = 0
Elemid = 20, Nodeid = 5, x = 0.00520833, y = 0.9375, dist = 0.0177412, e1mag = 1, e2mag = 1, inarray = 0
Elemid = 21, Nodeid = 5, x = 0.0125, y = 0.930208, dist = 0.0177412, e1mag = 1, e2mag = 1, inarray = 0
Elemid = 22, Nodeid = 5, x = 0.0125, y = 0.944792, dist = 0.0177412, e1mag = 1, e2mag = 1, inarray = 0
Elemid = 23, Nodeid = 5, x = 0.0197917, y = 0.9375, dist = 0.0177412, e1mag = 1, e2mag = 1, inarray = 0
Elemid = 24, Nodeid = 6, x = 0.0125, y = 1.15521, dist = 0.0177412, e1mag = 1, e2mag = 1, inarray = 0
Elemid = 25, Nodeid = 6, x = 0.0125, y = 1.16979, dist = 0.0177412, e1mag = 1, e2mag = 1, inarray = 0
Elemid = 26, Nodeid = 6, x = 0.00520833, y = 1.1625, dist = 0.0177412, e1mag = 1, e2mag = 1, inarray = 0
Elemid = 27, Nodeid = 6, x = 0.0197917, y = 1.1625, dist = 0.0177412, e1mag = 1, e2mag = 1, inarray = 0
Elemid = 28, Nodeid = 7, x = 0.0125, y = 1.38021, dist = 0.0177412, e1mag = 1, e2mag = 1, inarray = 0
Elemid = 29, Nodeid = 7, x = 0.0125, y = 1.39479, dist = 0.0177412, e1mag = 1, e2mag = 1, inarray = 0
Elemid = 30, Nodeid = 7, x = 0.00520833, y = 1.3875, dist = 0.0177412, e1mag = 1, e2mag = 1, inarray = 0
Elemid = 31, Nodeid = 7, x = 0.0197917, y = 1.3875, dist = 0.0177412, e1mag = 1, e2mag = 1, inarray = 0
Elemid = 32, Nodeid = 8, x = 0.0125, y = 1.61979, dist = 0.0177412, e1mag = 1, e2mag = 1, inarray = 0
Elemid = 33, Nodeid = 8, x = 0.0125, y = 1.60521, dist = 0.0177412, e1mag = 1, e2mag = 1, inarray = 0
Elemid = 34, Nodeid = 8, x = 0.00520833, y = 1.6125, dist = 0.0177412, e1mag = 1, e2mag = 1, inarray = 0
Elemid = 35, Nodeid = 8, x = 0.0197917, y = 1.6125, dist = 0.0177412, e1mag = 1, e2mag = 1, inarray = 0
Elemid = 36, Nodeid = 9, x = 0.0125, y = 1.83021, dist = 0.0177412, e1mag = 1, e2mag = 1, inarray = 0
Elemid = 37, Nodeid = 9, x = 0.0125, y = 1.84479, dist = 0.0177412, e1mag = 1, e2mag = 1, inarray = 0
Elemid = 38, Nodeid = 9, x = 0.00520833, y = 1.8375, dist = 0.0177412, e1mag = 1, e2mag = 1, inarray = 0
Elemid = 39, Nodeid = 9, x = 0.0197917, y = 1.8375, dist = 0.0177412, e1mag = 1, e2mag = 1, inarray = 0
Elemid = 40, Nodeid = 10, x = 0.0125, y = 2.05521, dist = 0.0177412, e1mag = 1, e2mag = 1, inarray = 0
Elemid = 41, Nodeid = 10, x = 0.0125, y = 2.06979, dist = 0.0177412, e1mag = 1, e2mag = 1, inarray = 0
Elemid = 42, Nodeid = 10, x = 0.00520833, y = 2.0625, dist = 0.0177412, e1mag = 1, e2mag = 1, inarray = 0
Elemid = 43, Nodeid = 10, x = 0.0197917, y = 2.0625, dist = 0.0177412, e1mag = 1, e2mag = 1, inarray = 0
Elemid = 44, Nodeid = 11, x = 0.00520833, y = 2.2875, dist = 0.0177412, e1mag = 1, e2mag = 1, inarray = 0
Elemid = 45, Nodeid = 11, x = 0.0125, y = 2.29479, dist = 0.0177412, e1mag = 1, e2mag = 1, inarray = 0
Elemid = 46, Nodeid = 11, x = 0.0125, y = 2.28021, dist = 0.0177412, e1mag = 1, e2mag = 1, inarray = 0
Elemid = 47, Nodeid = 11, x = 0.0197917, y = 2.2875, dist = 0.0177412, e1mag = 1, e2mag = 1, inarray = 0
Elemid = 48, Nodeid = 12, x = 0.0109375, y = 0.157292, dist = 0.0240328, e1mag = 1, e2mag = 1, inarray = 0
Elemid = 49, Nodeid = 12, x = 0.0109375, y = 0.207292, dist = 0.0240328, e1mag = 1, e2mag = 1, inarray = 0
Elemid = 50, Nodeid = 12, x = 0.0140625, y = 0.242708, dist = 0.0240328, e1mag = 1, e2mag = 1, inarray = 0
Elemid = 51, Nodeid = 12, x = 0.0140625, y = 0.192708, dist = 0.0240328, e1mag = 1, e2mag = 1, inarray = 0
Elemid = 52, Nodeid = 13, x = 0.0109375, y = 0.0572917, dist = 0.0240328, e1mag = 1, e2mag = 1, inarray = 0
Elemid = 53, Nodeid = 13, x = 0.0140625, y = 0.0927083, dist = 0.0240328, e1mag = 1, e2mag = 1, inarray = 0
Elemid = 54, Nodeid = 13, x = 0.0109375, y = 0.107292, dist = 0.0240328, e1mag = 1, e2mag = 1, inarray = 0
Elemid = 55, Nodeid = 13, x = 0.0140625, y = 0.142708, dist = 0.0240328, e1mag = 1, e2mag = 1, inarray = 0
Elemid = 56, Nodeid = 14, x = 0.00364583, y = 0.078125, dist = 0.0478896, e1mag = 1, e2mag = 1, inarray = 0
Elemid = 57, Nodeid = 14, x = 0.0213542, y = 0.071875, dist = 0.0478896, e1mag = 1, e2mag = 1, inarray = 0
Elemid = 58, Nodeid = 14, x = 0.00364583, y = 0.228125, dist = 0.0478896, e1mag = 1, e2mag = 1, inarray = 0
Elemid = 59, Nodeid = 14, x = 0.0213542, y = 0.221875, dist = 0.0478896, e1mag = 1, e2mag = 1, inarray = 0
Elemid = 60, Nodeid = 15, x = 0.00364583, y = 0.128125, dist = 0.0478896, e1mag = 1, e2mag = 1, inarray = 0
Elemid = 61, Nodeid = 15, x = 0.00364583, y = 0.178125, dist = 0.0478896, e1mag = 1, e2mag = 1, inarray = 0
Elemid = 62, Nodeid = 15, x = 0.0213542, y = 0.121875, dist = 0.0478896, e1mag = 1, e2mag = 1, inarray = 0
Elemid = 63, Nodeid = 15, x = 0.0213542, y = 0.171875, dist = 0.0478896, e1mag = 1, e2mag = 1, inarray = 0
Elemid = 64, Nodeid = 16, x = 0.0109375, y = 0.432292, dist = 0.0240328, e1mag = 1, e2mag = 1, inarray = 0
Elemid = 65, Nodeid = 16, x = 0.0140625, y = 0.317708, dist = 0.0240328, e1mag = 1, e2mag = 1, inarray = 0
Elemid = 66, Nodeid = 16, x = 0.0140625, y = 0.417708, dist = 0.0240328, e1mag = 1, e2mag = 1, inarray = 0
Elemid = 67, Nodeid = 16, x = 0.0109375, y = 0.382292, dist = 0.0240328, e1mag = 1, e2mag = 1, inarray = 0
Elemid = 68, Nodeid = 17, x = 0.0109375, y = 0.332292, dist = 0.0240328, e1mag = 1, e2mag = 1, inarray = 0
Elemid = 69, Nodeid = 17, x = 0.0140625, y = 0.367708, dist = 0.0240328, e1mag = 1, e2mag = 1, inarray = 0
Elemid = 70, Nodeid = 17, x = 0.0109375, y = 0.282292, dist = 0.0240328, e1mag = 1, e2mag = 1, inarray = 0
Elemid = 71, Nodeid = 17, x = 0.0140625, y = 0.467708, dist = 0.0240328, e1mag = 1, e2mag = 1, inarray = 0
Elemid = 72, Nodeid = 18, x = 0.00364583, y = 0.303125, dist = 0.0478896, e1mag = 1, e2mag = 1, inarray = 0
Elemid = 73, Nodeid = 18, x = 0.0213542, y = 0.296875, dist = 0.0478896, e1mag = 1, e2mag = 1, inarray = 0
Elemid = 74, Nodeid = 18, x = 0.00364583, y = 0.453125, dist = 0.0478896, e1mag = 1, e2mag = 1, inarray = 0
Elemid = 75, Nodeid = 18, x = 0.0213542, y = 0.446875, dist = 0.0478896, e1mag = 1, e2mag = 1, inarray = 0
Elemid = 76, Nodeid = 19, x = 0.00364583, y = 0.353125, dist = 0.0478896, e1mag = 1, e2mag = 1, inarray = 0
Elemid = 77, Nodeid = 19, x = 0.00364583, y = 0.403125, dist = 0.0478896, e1mag = 1, e2mag = 1, inarray = 0
Elemid = 78, Nodeid = 19, x = 0.0213542, y = 0.346875, dist = 0.0478896, e1mag = 1, e2mag = 1, inarray = 0
Elemid = 79, Nodeid = 19, x = 0.0213542, y = 0.396875, dist = 0.0478896, e1mag = 1, e2mag = 1, inarray = 0
Elemid = 80, Nodeid = 20, x = 0.0109375, y = 0.557292, dist = 0.0240328, e1mag = 1, e2mag = 1, inarray = 0
Elemid = 81, Nodeid = 20, x = 0.0140625, y = 0.642708, dist = 0.0240328, e1mag = 1, e2mag = 1, inarray = 0
Elemid = 82, Nodeid = 20, x = 0.0140625, y = 0.692708, dist = 0.0240328, e1mag = 1, e2mag = 1, inarray = 0
Elemid = 83, Nodeid = 20, x = 0.0109375, y = 0.657292, dist = 0.0240328, e1mag = 1, e2mag = 1, inarray = 0
Elemid = 84, Nodeid = 21, x = 0.0109375, y = 0.607292, dist = 0.0240328, e1mag = 1, e2mag = 1, inarray = 0
Elemid = 85, Nodeid = 21, x = 0.0140625, y = 0.592708, dist = 0.0240328, e1mag = 1, e2mag = 1, inarray = 0
Elemid = 86, Nodeid = 21, x = 0.0140625, y = 0.542708, dist = 0.0240328, e1mag = 1, e2mag = 1, inarray = 0
Elemid = 87, Nodeid = 21, x = 0.0109375, y = 0.507292, dist = 0.0240328, e1mag = 1, e2mag = 1, inarray = 0
Elemid = 88, Nodeid = 22, x = 0.00364583, y = 0.528125, dist = 0.0478896, e1mag = 1, e2mag = 1, inarray = 0
Elemid = 89, Nodeid = 22, x = 0.0213542, y = 0.521875, dist = 0.0478896, e1mag = 1, e2mag = 1, inarray = 0
Elemid = 90, Nodeid = 22, x = 0.00364583, y = 0.678125, dist = 0.0478896, e1mag = 1, e2mag = 1, inarray = 0
Elemid = 91, Nodeid = 22, x = 0.0213542, y = 0.671875, dist = 0.0478896, e1mag = 1, e2mag = 1, inarray = 0
Elemid = 92, Nodeid = 23, x = 0.00364583, y = 0.578125, dist = 0.0478896, e1mag = 1, e2mag = 1, inarray = 0
Elemid = 93, Nodeid = 23, x = 0.00364583, y = 0.628125, dist = 0.0478896, e1mag = 1, e2mag = 1, inarray = 0
Elemid = 94, Nodeid = 23, x = 0.0213542, y = 0.571875, dist = 0.0478896, e1mag = 1, e2mag = 1, inarray = 0
Elemid = 95, Nodeid = 23, x = 0.0213542, y = 0.621875, dist = 0.0478896, e1mag = 1, e2mag = 1, inarray = 0
Elemid = 96, Nodeid = 24, x = 0.0109375, y = 0.882292, dist = 0.0240328, e1mag = 1, e2mag = 1, inarray = 0
Elemid = 97, Nodeid = 24, x = 0.0140625, y = 0.767708, dist = 0.0240328, e1mag = 1, e2mag = 1, inarray = 0
Elemid = 98, Nodeid = 24, x = 0.0109375, y = 0.732292, dist = 0.0240328, e1mag = 1, e2mag = 1, inarray = 0
Elemid = 99, Nodeid = 24, x = 0.0109375, y = 0.832292, dist = 0.0240328, e1mag = 1, e2mag = 1, inarray = 0
Elemid = 100, Nodeid = 25, x = 0.0140625, y = 0.867708, dist = 0.0240328, e1mag = 1, e2mag = 1, inarray = 0
Elemid = 101, Nodeid = 25, x = 0.0109375, y = 0.782292, dist = 0.0240328, e1mag = 1, e2mag = 1, inarray = 0
Elemid = 102, Nodeid = 25, x = 0.0140625, y = 0.817708, dist = 0.0240328, e1mag = 1, e2mag = 1, inarray = 0
Elemid = 103, Nodeid = 25, x = 0.0140625, y = 0.917708, dist = 0.0240328, e1mag = 1, e2mag = 1, inarray = 0
Elemid = 104, Nodeid = 26, x = 0.00364583, y = 0.753125, dist = 0.0478896, e1mag = 1, e2mag = 1, inarray = 0
Elemid = 105, Nodeid = 26, x = 0.0213542, y = 0.746875, dist = 0.0478896, e1mag = 1, e2mag = 1, inarray = 0
Elemid = 106, Nodeid = 26, x = 0.00364583, y = 0.903125, dist = 0.0478896, e1mag = 1, e2mag = 1, inarray = 0
Elemid = 107, Nodeid = 26, x = 0.0213542, y = 0.896875, dist = 0.0478896, e1mag = 1, e2mag = 1, inarray = 0
Elemid = 108, Nodeid = 27, x = 0.00364583, y = 0.803125, dist = 0.0478896, e1mag = 1, e2mag = 1, inarray = 0
Elemid = 109, Nodeid = 27, x = 0.00364583, y = 0.853125, dist = 0.0478896, e1mag = 1, e2mag = 1, inarray = 0
Elemid = 110, Nodeid = 27, x = 0.0213542, y = 0.796875, dist = 0.0478896, e1mag = 1, e2mag = 1, inarray = 0
Elemid = 111, Nodeid = 27, x = 0.0213542, y = 0.846875, dist = 0.0478896, e1mag = 1, e2mag = 1, inarray = 0
Elemid = 112, Nodeid = 28, x = 0.0109375, y = 1.10729, dist = 0.0240328, e1mag = 1, e2mag = 1, inarray = 0
Elemid = 113, Nodeid = 28, x = 0.0140625, y = 0.992708, dist = 0.0240328, e1mag = 1, e2mag = 1, inarray = 0
Elemid = 114, Nodeid = 28, x = 0.0109375, y = 0.957292, dist = 0.0240328, e1mag = 1, e2mag = 1, inarray = 0
Elemid = 115, Nodeid = 28, x = 0.0109375, y = 1.05729, dist = 0.0240328, e1mag = 1, e2mag = 1, inarray = 0
Elemid = 116, Nodeid = 29, x = 0.0109375, y = 1.00729, dist = 0.0240328, e1mag = 1, e2mag = 1, inarray = 0
Elemid = 117, Nodeid = 29, x = 0.0140625, y = 1.04271, dist = 0.0240328, e1mag = 1, e2mag = 1, inarray = 0
Elemid = 118, Nodeid = 29, x = 0.0140625, y = 1.09271, dist = 0.0240328, e1mag = 1, e2mag = 1, inarray = 0
Elemid = 119, Nodeid = 29, x = 0.0140625, y = 1.14271, dist = 0.0240328, e1mag = 1, e2mag = 1, inarray = 0
Elemid = 120, Nodeid = 30, x = 0.00364583, y = 0.978125, dist = 0.0478896, e1mag = 1, e2mag = 1, inarray = 0
Elemid = 121, Nodeid = 30, x = 0.0213542, y = 0.971875, dist = 0.0478896, e1mag = 1, e2mag = 1, inarray = 0
Elemid = 122, Nodeid = 30, x = 0.00364583, y = 1.12813, dist = 0.0478896, e1mag = 1, e2mag = 1, inarray = 0
Elemid = 123, Nodeid = 30, x = 0.0213542, y = 1.12187, dist = 0.0478896, e1mag = 1, e2mag = 1, inarray = 0
Elemid = 124, Nodeid = 31, x = 0.00364583, y = 1.02813, dist = 0.0478896, e1mag = 1, e2mag = 1, inarray = 0
Elemid = 125, Nodeid = 31, x = 0.00364583, y = 1.07812, dist = 0.0478896, e1mag = 1, e2mag = 1, inarray = 0
Elemid = 126, Nodeid = 31, x = 0.0213542, y = 1.02187, dist = 0.0478896, e1mag = 1, e2mag = 1, inarray = 0
Elemid = 127, Nodeid = 31, x = 0.0213542, y = 1.07187, dist = 0.0478896, e1mag = 1, e2mag = 1, inarray = 0
Elemid = 128, Nodeid = 32, x = 0.0109375, y = 1.33229, dist = 0.0240328, e1mag = 1, e2mag = 1, inarray = 0
Elemid = 129, Nodeid = 32, x = 0.0140625, y = 1.31771, dist = 0.0240328, e1mag = 1, e2mag = 1, inarray = 0
Elemid = 130, Nodeid = 32, x = 0.0109375, y = 1.18229, dist = 0.0240328, e1mag = 1, e2mag = 1, inarray = 0
Elemid = 131, Nodeid = 32, x = 0.0109375, y = 1.23229, dist = 0.0240328, e1mag = 1, e2mag = 1, inarray = 0
Elemid = 132, Nodeid = 33, x = 0.0140625, y = 1.26771, dist = 0.0240328, e1mag = 1, e2mag = 1, inarray = 0
Elemid = 133, Nodeid = 33, x = 0.0109375, y = 1.28229, dist = 0.0240328, e1mag = 1, e2mag = 1, inarray = 0
Elemid = 134, Nodeid = 33, x = 0.0140625, y = 1.21771, dist = 0.0240328, e1mag = 1, e2mag = 1, inarray = 0
Elemid = 135, Nodeid = 33, x = 0.0140625, y = 1.36771, dist = 0.0240328, e1mag = 1, e2mag = 1, inarray = 0
Elemid = 136, Nodeid = 34, x = 0.00364583, y = 1.20312, dist = 0.0478896, e1mag = 1, e2mag = 1, inarray = 0
Elemid = 137, Nodeid = 34, x = 0.0213542, y = 1.19687, dist = 0.0478896, e1mag = 1, e2mag = 1, inarray = 0
Elemid = 138, Nodeid = 34, x = 0.00364583, y = 1.35312, dist = 0.0478896, e1mag = 1, e2mag = 1, inarray = 0
Elemid = 139, Nodeid = 34, x = 0.0213542, y = 1.34687, dist = 0.0478896, e1mag = 1, e2mag = 1, inarray = 0
Elemid = 140, Nodeid = 35, x = 0.00364583, y = 1.25312, dist = 0.0478896, e1mag = 1, e2mag = 1, inarray = 0
Elemid = 141, Nodeid = 35, x = 0.00364583, y = 1.30312, dist = 0.0478896, e1mag = 1, e2mag = 1, inarray = 0
Elemid = 142, Nodeid = 35, x = 0.0213542, y = 1.24687, dist = 0.0478896, e1mag = 1, e2mag = 1, inarray = 0
Elemid = 143, Nodeid = 35, x = 0.0213542, y = 1.29688, dist = 0.0478896, e1mag = 1, e2mag = 1, inarray = 0
Elemid = 144, Nodeid = 36, x = 0.0109375, y = 1.55729, dist = 0.0240328, e1mag = 1, e2mag = 1, inarray = 0
Elemid = 145, Nodeid = 36, x = 0.0109375, y = 1.50729, dist = 0.0240328, e1mag = 1, e2mag = 1, inarray = 0
Elemid = 146, Nodeid = 36, x = 0.0109375, y = 1.45729, dist = 0.0240328, e1mag = 1, e2mag = 1, inarray = 0
Elemid = 147, Nodeid = 36, x = 0.0140625, y = 1.44271, dist = 0.0240328, e1mag = 1, e2mag = 1, inarray = 0
Elemid = 148, Nodeid = 37, x = 0.0109375, y = 1.40729, dist = 0.0240328, e1mag = 1, e2mag = 1, inarray = 0
Elemid = 149, Nodeid = 37, x = 0.0140625, y = 1.49271, dist = 0.0240328, e1mag = 1, e2mag = 1, inarray = 0
Elemid = 150, Nodeid = 37, x = 0.0140625, y = 1.54271, dist = 0.0240328, e1mag = 1, e2mag = 1, inarray = 0
Elemid = 151, Nodeid = 37, x = 0.0140625, y = 1.59271, dist = 0.0240328, e1mag = 1, e2mag = 1, inarray = 0
Elemid = 152, Nodeid = 38, x = 0.00364583, y = 1.42812, dist = 0.0478896, e1mag = 1, e2mag = 1, inarray = 0
Elemid = 153, Nodeid = 38, x = 0.0213542, y = 1.42187, dist = 0.0478896, e1mag = 1, e2mag = 1, inarray = 0
Elemid = 154, Nodeid = 38, x = 0.00364583, y = 1.57813, dist = 0.0478896, e1mag = 1, e2mag = 1, inarray = 0
Elemid = 155, Nodeid = 38, x = 0.0213542, y = 1.57187, dist = 0.0478896, e1mag = 1, e2mag = 1, inarray = 0
Elemid = 156, Nodeid = 39, x = 0.00364583, y = 1.47813, dist = 0.0478896, e1mag = 1, e2mag = 1, inarray = 0
Elemid = 157, Nodeid = 39, x = 0.00364583, y = 1.52813, dist = 0.0478896, e1mag = 1, e2mag = 1, inarray = 0
Elemid = 158, Nodeid = 39, x = 0.0213542, y = 1.47187, dist = 0.0478896, e1mag = 1, e2mag = 1, inarray = 0
Elemid = 159, Nodeid = 39, x = 0.0213542, y = 1.52187, dist = 0.0478896, e1mag = 1, e2mag = 1, inarray = 0
Elemid = 160, Nodeid = 40, x = 0.0109375, y = 1.78229, dist = 0.0240328, e1mag = 1, e2mag = 1, inarray = 0
Elemid = 161, Nodeid = 40, x = 0.0140625, y = 1.76771, dist = 0.0240328, e1mag = 1, e2mag = 1, inarray = 0
Elemid = 162, Nodeid = 40, x = 0.0109375, y = 1.63229, dist = 0.0240328, e1mag = 1, e2mag = 1, inarray = 0
Elemid = 163, Nodeid = 40, x = 0.0140625, y = 1.71771, dist = 0.0240328, e1mag = 1, e2mag = 1, inarray = 0
Elemid = 164, Nodeid = 41, x = 0.0109375, y = 1.68229, dist = 0.0240328, e1mag = 1, e2mag = 1, inarray = 0
Elemid = 165, Nodeid = 41, x = 0.0109375, y = 1.73229, dist = 0.0240328, e1mag = 1, e2mag = 1, inarray = 0
Elemid = 166, Nodeid = 41, x = 0.0140625, y = 1.66771, dist = 0.0240328, e1mag = 1, e2mag = 1, inarray = 0
Elemid = 167, Nodeid = 41, x = 0.0140625, y = 1.81771, dist = 0.0240328, e1mag = 1, e2mag = 1, inarray = 0
Elemid = 168, Nodeid = 42, x = 0.00364583, y = 1.65313, dist = 0.0478896, e1mag = 1, e2mag = 1, inarray = 0
Elemid = 169, Nodeid = 42, x = 0.0213542, y = 1.64687, dist = 0.0478896, e1mag = 1, e2mag = 1, inarray = 0
Elemid = 170, Nodeid = 42, x = 0.00364583, y = 1.80312, dist = 0.0478896, e1mag = 1, e2mag = 1, inarray = 0
Elemid = 171, Nodeid = 42, x = 0.0213542, y = 1.79687, dist = 0.0478896, e1mag = 1, e2mag = 1, inarray = 0
Elemid = 172, Nodeid = 43, x = 0.00364583, y = 1.70313, dist = 0.0478896, e1mag = 1, e2mag = 1, inarray = 0
Elemid = 173, Nodeid = 43, x = 0.00364583, y = 1.75312, dist = 0.0478896, e1mag = 1, e2mag = 1, inarray = 0
Elemid = 174, Nodeid = 43, x = 0.0213542, y = 1.69687, dist = 0.0478896, e1mag = 1, e2mag = 1, inarray = 0
Elemid = 175, Nodeid = 43, x = 0.0213542, y = 1.74687, dist = 0.0478896, e1mag = 1, e2mag = 1, inarray = 0
Elemid = 176, Nodeid = 44, x = 0.0109375, y = 2.00729, dist = 0.0240328, e1mag = 1, e2mag = 1, inarray = 0
Elemid = 177, Nodeid = 44, x = 0.0109375, y = 1.85729, dist = 0.0240328, e1mag = 1, e2mag = 1, inarray = 0
Elemid = 178, Nodeid = 44, x = 0.0109375, y = 1.95729, dist = 0.0240328, e1mag = 1, e2mag = 1, inarray = 0
Elemid = 179, Nodeid = 44, x = 0.0140625, y = 1.89271, dist = 0.0240328, e1mag = 1, e2mag = 1, inarray = 0
Elemid = 180, Nodeid = 45, x = 0.0109375, y = 1.90729, dist = 0.0240328, e1mag = 1, e2mag = 1, inarray = 0
Elemid = 181, Nodeid = 45, x = 0.0140625, y = 1.99271, dist = 0.0240328, e1mag = 1, e2mag = 1, inarray = 0
Elemid = 182, Nodeid = 45, x = 0.0140625, y = 1.94271, dist = 0.0240328, e1mag = 1, e2mag = 1, inarray = 0
Elemid = 183, Nodeid = 45, x = 0.0140625, y = 2.04271, dist = 0.0240328, e1mag = 1, e2mag = 1, inarray = 0
Elemid = 184, Nodeid = 46, x = 0.00364583, y = 1.87812, dist = 0.0478896, e1mag = 1, e2mag = 1, inarray = 0
Elemid = 185, Nodeid = 46, x = 0.0213542, y = 1.87187, dist = 0.0478896, e1mag = 1, e2mag = 1, inarray = 0
Elemid = 186, Nodeid = 46, x = 0.00364583, y = 2.02812, dist = 0.0478896, e1mag = 1, e2mag = 1, inarray = 0
Elemid = 187, Nodeid = 46, x = 0.0213542, y = 2.02187, dist = 0.0478896, e1mag = 1, e2mag = 1, inarray = 0
Elemid = 188, Nodeid = 47, x = 0.00364583, y = 1.92813, dist = 0.0478896, e1mag = 1, e2mag = 1, inarray = 0
Elemid = 189, Nodeid = 47, x = 0.00364583, y = 1.97812, dist = 0.0478896, e1mag = 1, e2mag = 1, inarray = 0
Elemid = 190, Nodeid = 47, x = 0.0213542, y = 1.92187, dist = 0.0478896, e1mag = 1, e2mag = 1, inarray = 0
Elemid = 191, Nodeid = 47, x = 0.0213542, y = 1.97188, dist = 0.0478896, e1mag = 1, e2mag = 1, inarray = 0
Elemid = 192, Nodeid = 48, x = 0.0109375, y = 2.23229, dist = 0.0240328, e1mag = 1, e2mag = 1, inarray = 0
Elemid = 193, Nodeid = 48, x = 0.0109375, y = 2.13229, dist = 0.0240328, e1mag = 1, e2mag = 1, inarray = 0
Elemid = 194, Nodeid = 48, x = 0.0140625, y = 2.11771, dist = 0.0240328, e1mag = 1, e2mag = 1, inarray = 0
Elemid = 195, Nodeid = 48, x = 0.0109375, y = 2.08229, dist = 0.0240328, e1mag = 1, e2mag = 1, inarray = 0
Elemid = 196, Nodeid = 49, x = 0.0109375, y = 2.18229, dist = 0.0240328, e1mag = 1, e2mag = 1, inarray = 0
Elemid = 197, Nodeid = 49, x = 0.0140625, y = 2.21771, dist = 0.0240328, e1mag = 1, e2mag = 1, inarray = 0
Elemid = 198, Nodeid = 49, x = 0.0140625, y = 2.16771, dist = 0.0240328, e1mag = 1, e2mag = 1, inarray = 0
Elemid = 199, Nodeid = 49, x = 0.0140625, y = 2.26771, dist = 0.0240328, e1mag = 1, e2mag = 1, inarray = 0
Elemid = 200, Nodeid = 50, x = 0.00364583, y = 2.10312, dist = 0.0478896, e1mag = 1, e2mag = 1, inarray = 0
Elemid = 201, Nodeid = 50, x = 0.0213542, y = 2.09687, dist = 0.0478896, e1mag = 1, e2mag = 1, inarray = 0
Elemid = 202, Nodeid = 50, x = 0.00364583, y = 2.25312, dist = 0.0478896, e1mag = 1, e2mag = 1, inarray = 0
Elemid = 203, Nodeid = 50, x = 0.0213542, y = 2.24688, dist = 0.0478896, e1mag = 1, e2mag = 1, inarray = 0
Elemid = 204, Nodeid = 51, x = 0.00364583, y = 2.15313, dist = 0.0478896, e1mag = 1, e2mag = 1, inarray = 0
Elemid = 205, Nodeid = 51, x = 0.00364583, y = 2.20313, dist = 0.0478896, e1mag = 1, e2mag = 1, inarray = 0
Elemid = 206, Nodeid = 51, x = 0.0213542, y = 2.14687, dist = 0.0478896, e1mag = 1, e2mag = 1, inarray = 0
Elemid = 207, Nodeid = 51, x = 0.0213542, y = 2.19687, dist = 0.0478896, e1mag = 1, e2mag = 1, inarray = 0
Initial: max um = 0
Initial: max ue = 0
renaming "NeuralEP2DL2p4_Allnode_initial.chk" -> "NeuralEP2DL2p4_Allnode_initial.bak1.chk"
Writing: "NeuralEP2DL2p4_Allnode_initial.chk"
 (0s, XML)
Steps: 200000   Time: 0.02        
 CPU Time: 50.4386 min.

um_max = 114.734 at x = 0, y = 0.025, z = 0
ue_max = 817.964 at x = 0.0183606, y = 2.3, z = 0
 
(Nodeid,phim,phie): (0,113.388,230.134), (1,107.261,230.207), (2,0.00114371,63.6742), (3,0.00114371,-115.266), (4,0.00114371,-278.899), (5,0.00114371,-420.873), (6,0.00114371,-541.191), (7,0.00114371,-639.852), (8,0.00114371,-716.855), (9,0.00114371,-772.201), (10,0.00114371,-805.89), (11,0.00114371,-817.922), (12,0.00114559,131.902), (13,0.00142395,177.514), (14,0.00114297,105.819), (15,0.00107801,150.807), (16,0.00114371,-31.3185), (17,0.00114371,-99.8328), (18,0.00114371,-83.3802), (19,0.00114371,-43.2075), (20,0.00114371,-240.749), (21,0.00114371,-130.525), (22,0.00114371,-250.923), (23,0.00114371,-215.563), (24,0.00114371,-357.179), (25,0.00114371,-409.25), (26,0.00114371,-396.808), (27,0.00114371,-366.261), (28,0.00114371,-487.624), (29,0.00114371,-531.473), (30,0.00114371,-521.036), (31,0.00114371,-495.302), (32,0.00114371,-574.108), (33,0.00114371,-632.038), (34,0.00114371,-623.607), (35,0.00114371,-602.685), (36,0.00114371,-660.748), (37,0.00114371,-710.947), (38,0.00114371,-704.521), (39,0.00114371,-688.412), (40,0.00114371,-745.427), (41,0.00114371,-768.198), (42,0.00114371,-763.777), (43,0.00114371,-752.481), (44,0.00114371,-782.469), (45,0.00114371,-803.792), (46,0.00114371,-801.377), (47,0.00114371,-794.893), (48,0.00114371,-807.814), (49,0.00114371,-817.729), (50,0.00114371,-817.319), (51,0.00114371,-812.907),  

Writing: "NeuralEP2DL2p4_Allnode_1.chk"
 (0s, XML)
Steps: 400000   Time: 0.04        
 CPU Time: 50.6203 min.

um_max = 117.945 at x = 0.0135611, y = 0.038381, z = 0
ue_max = 192.627 at x = 0.025, y = 2.3, z = 0
 
(Nodeid,phim,phie): (0,116.399,-85.8958), (1,115.163,-76.8931), (2,-0.00159532,7.5272), (3,-0.00159532,45.0957), (4,-0.00159532,79.4501), (5,-0.00159532,109.258), (6,-0.00159532,134.518), (7,-0.00159532,155.232), (8,-0.00159532,171.399), (9,-0.00159532,183.019), (10,-0.00159532,190.092), (11,-0.00159532,192.618), (12,-0.00160308,-6.79675), (13,-0.00170041,-16.3854), (14,-0.00159618,-1.32118), (15,-0.00161201,-10.7649), (16,-0.00159532,27.4709), (17,-0.00159532,41.8554), (18,-0.00159532,38.4012), (19,-0.00159532,29.9669), (20,-0.00159532,71.4408), (21,-0.00159532,48.2992), (22,-0.00159532,73.5766), (23,-0.00159532,66.1528), (24,-0.00159532,95.8851), (25,-0.00159532,106.817), (26,-0.00159532,104.205), (27,-0.00159532,97.7918), (28,-0.00159532,123.272), (29,-0.00159532,132.478), (30,-0.00159532,130.287), (31,-0.00159532,124.884), (32,-0.00159532,141.429), (33,-0.00159532,153.592), (34,-0.00159532,151.822), (35,-0.00159532,147.429), (36,-0.00159532,159.619), (37,-0.00159532,170.158), (38,-0.00159532,168.809), (39,-0.00159532,165.427), (40,-0.00159532,177.397), (41,-0.00159532,182.178), (42,-0.00159532,181.25), (43,-0.00159532,178.878), (44,-0.00159532,185.174), (45,-0.00159532,189.651), (46,-0.00159532,189.144), (47,-0.00159532,187.783), (48,-0.00159532,190.496), (49,-0.00159532,192.577), (50,-0.00159532,192.491), (51,-0.00159532,191.565),  

Writing: "NeuralEP2DL2p4_Allnode_2.chk"
 (0s, XML)
Steps: 600000   Time: 0.06        
 CPU Time: 50.6405 min.

um_max = 120.871 at x = 0, y = 0.05, z = 0
ue_max = 1375.45 at x = 0.025, y = 2.3, z = 0
 
(Nodeid,phim,phie): (0,115.976,467.846), (1,116.145,463.255), (2,0.00279466,176.617), (3,0.00279466,-138.396), (4,0.00279466,-426.459), (5,0.00279466,-676.396), (6,0.00279466,-888.207), (7,0.00279466,-1061.89), (8,0.00279466,-1197.45), (9,0.00279466,-1294.88), (10,0.00279466,-1354.19), (11,0.00279466,-1375.37), (12,0.00277793,296.727), (13,0.00327281,376.949), (14,0.00279707,250.811), (15,0.00399582,329.993), (16,0.00279466,9.38893), (17,0.00279466,-111.226), (18,0.00279466,-82.2622), (19,0.00279466,-11.5408), (20,0.00279466,-359.3), (21,0.00279466,-165.257), (22,0.00279466,-377.209), (23,0.00279466,-314.96), (24,0.00279466,-564.267), (25,0.00279466,-655.934), (26,0.00279466,-634.03), (27,0.00279466,-580.254), (28,0.00279466,-793.905), (29,0.00279466,-871.099), (30,0.00279466,-852.726), (31,0.00279466,-807.422), (32,0.00279466,-946.154), (33,0.00279466,-1048.14), (34,0.00279466,-1033.29), (35,0.00279466,-996.463), (36,0.00279466,-1098.68), (37,0.00279466,-1187.05), (38,0.00279466,-1175.74), (39,0.00279466,-1147.38), (40,0.00279466,-1247.75), (41,0.00279466,-1287.84), (42,0.00279466,-1280.05), (43,0.00279466,-1260.17), (44,0.00279466,-1312.96), (45,0.00279466,-1350.5), (46,0.00279466,-1346.25), (47,0.00279466,-1334.83), (48,0.00279466,-1357.58), (49,0.00279466,-1375.03), (50,0.00279466,-1374.31), (51,0.00279466,-1366.54),  

Writing: "NeuralEP2DL2p4_Allnode_3.chk"
 (0s, XML)
Steps: 800000   Time: 0.08        
 CPU Time: 50.6492 min.

um_max = 121.267 at x = 0.025, y = 0.05, z = 0
ue_max = 1111.32 at x = 0.025, y = 2.3, z = 0
 
(Nodeid,phim,phie): (0,114.525,-435.453), (1,114.509,-436.442), (2,-0.00405128,-29.102), (3,-0.00405128,202.361), (4,-0.00405128,414.023), (5,-0.00405128,597.671), (6,-0.00405128,753.304), (7,-0.00405128,880.924), (8,-0.00405128,980.529), (9,-0.00405128,1052.12), (10,-0.00405128,1095.7), (11,-0.00405128,1111.26), (12,-0.00412409,-117.357), (13,-0.0138823,-176.317), (14,-0.00406195,-83.6178), (15,-0.00514623,-141.796), (16,-0.00405128,93.773), (17,-0.00405128,182.398), (18,-0.00405128,161.116), (19,-0.00405128,109.152), (20,-0.00405128,364.676), (21,-0.00405128,222.099), (22,-0.00405128,377.836), (23,-0.00405128,332.097), (24,-0.00405128,515.281), (25,-0.00405128,582.635), (26,-0.00405128,566.542), (27,-0.00405128,527.028), (28,-0.00405128,684.013), (29,-0.00405128,740.733), (30,-0.00405128,727.233), (31,-0.00405128,693.945), (32,-0.00405128,795.882), (33,-0.00405128,870.817), (34,-0.00405128,859.911), (35,-0.00405128,832.848), (36,-0.00405128,907.953), (37,-0.00405128,972.887), (38,-0.00405128,964.574), (39,-0.00405128,943.737), (40,-0.00405128,1017.49), (41,-0.00405128,1046.94), (42,-0.00405128,1041.22), (43,-0.00405128,1026.61), (44,-0.00405128,1065.4), (45,-0.00405128,1092.98), (46,-0.00405128,1089.86), (47,-0.00405128,1081.47), (48,-0.00405128,1098.19), (49,-0.00405128,1111.01), (50,-0.00405128,1110.48), (51,-0.00405128,1104.77),  

Writing: "NeuralEP2DL2p4_Allnode_4.chk"
 (0s, XML)
Steps: 1000000  Time: 0.1         
 CPU Time: 50.7498 min.

um_max = 121.271 at x = 0, y = 0.0542444, z = 0
ue_max = 1312 at x = 0.025, y = 2.3, z = 0
 
(Nodeid,phim,phie): (0,112.516,381.221), (1,112.729,380.246), (2,0.00233984,70.8402), (3,0.00233986,-209.826), (4,0.00233986,-466.481), (5,0.00233986,-689.167), (6,0.00233986,-877.884), (7,0.00233986,-1032.63), (8,0.00233986,-1153.41), (9,0.00233986,-1240.22), (10,0.00233986,-1293.06), (11,0.00233986,-1311.93), (12,0.00262831,177.855), (13,0.0245383,249.703), (14,0.00236077,136.946), (15,-0.000693104,207.517), (16,0.00233986,-78.1547), (17,0.00233986,-185.619), (18,0.00233986,-159.813), (19,0.00233986,-96.8024), (20,0.00233986,-406.645), (21,0.00233986,-233.759), (22,0.00233986,-422.601), (23,0.00233986,-367.139), (24,0.00233986,-589.263), (25,0.00233986,-670.936), (26,0.00233986,-651.421), (27,0.00233986,-603.508), (28,0.00233986,-793.864), (29,0.00233986,-862.641), (30,0.00233986,-846.271), (31,0.00233986,-805.907), (32,0.00233986,-929.513), (33,0.00233986,-1020.38), (34,0.00233986,-1007.15), (35,0.00233986,-974.336), (36,0.00233986,-1065.41), (37,0.00233986,-1144.14), (38,0.00233986,-1134.06), (39,0.00233986,-1108.8), (40,0.00233986,-1198.22), (41,0.00233986,-1233.94), (42,0.00233986,-1227.01), (43,0.00233986,-1209.29), (44,0.00233986,-1256.33), (45,0.00233986,-1289.77), (46,0.00233986,-1285.98), (47,0.00233986,-1275.81), (48,0.00233986,-1296.08), (49,0.00233986,-1311.63), (50,0.00233986,-1310.99), (51,0.00233986,-1304.07),  

Writing: "NeuralEP2DL2p4_Allnode_5.chk"
 (0s, XML)
Steps: 1200000  Time: 0.12        
 CPU Time: 50.8232 min.

um_max = 125.88 at x = 0.0249099, y = 0.0540643, z = 0
ue_max = 3447.76 at x = 0.00663939, y = 2.3, z = 0
 
(Nodeid,phim,phie): (0,110.085,-1101.27), (1,110.577,-1103.02), (2,-0.0107226,-316.71), (3,-0.0107226,447.34), (4,-0.0107226,1146.03), (5,-0.0107226,1752.24), (6,-0.0107226,2265.98), (7,-0.0107226,2687.25), (8,-0.0107226,3016.04), (9,-0.0107226,3252.36), (10,-0.0107226,3396.21), (11,-0.0107226,3447.58), (12,-0.0106696,-608.029), (13,-0.00078069,-802.935), (14,-0.0107085,-496.665), (15,-0.00756741,-688.769), (16,-0.0107226,88.8951), (17,-0.0107226,381.441), (18,-0.0107226,311.191), (19,-0.0107226,139.659), (20,-0.0107226,983.135), (21,-0.0107226,512.493), (22,-0.0107226,1026.57), (23,-0.0107226,875.592), (24,-0.0107226,1480.27), (25,-0.0107226,1702.61), (26,-0.0107226,1649.48), (27,-0.0107226,1519.05), (28,-0.0107226,2037.25), (29,-0.0107226,2224.48), (30,-0.0107226,2179.92), (31,-0.0107226,2070.04), (32,-0.0107226,2406.53), (33,-0.0107226,2653.88), (34,-0.0107226,2617.88), (35,-0.0107226,2528.55), (36,-0.0107226,2776.47), (37,-0.0107226,2990.81), (38,-0.0107226,2963.37), (39,-0.0107226,2894.59), (40,-0.0107226,3138.04), (41,-0.0107226,3235.27), (42,-0.0107226,3216.39), (43,-0.0107226,3168.16), (44,-0.0107226,3296.2), (45,-0.0107226,3387.25), (46,-0.0107226,3376.93), (47,-0.0107226,3349.25), (48,-0.0107226,3404.42), (49,-0.0107226,3446.76), (50,-0.0107226,3445), (51,-0.0107226,3426.17),  

Writing: "NeuralEP2DL2p4_Allnode_6.chk"
 (0s, XML)
Steps: 1400000  Time: 0.14        
 CPU Time: 50.8105 min.

um_max = 120.263 at x = 0, y = 0.0632788, z = 0
ue_max = 4585.98 at x = 0.0021222, y = 2.3, z = 0
 
(Nodeid,phim,phie): (0,107.307,1205.74), (1,107.695,1207.79), (2,0.0113237,341.786), (3,0.0113236,-658.371), (4,0.0113236,-1572.96), (5,0.0113236,-2366.51), (6,0.0113236,-3039), (7,0.0113236,-3590.45), (8,0.0113236,-4020.85), (9,0.0113236,-4330.19), (10,0.0113236,-4518.49), (11,0.0113236,-4585.74), (12,0.010626,723.129), (13,-0.0457984,977.511), (14,0.0112566,577.348), (15,0.0143631,828.793), (16,0.0113236,-189.159), (17,0.0113236,-572.107), (18,0.0113236,-480.149), (19,0.0113236,-255.61), (20,0.0113236,-1359.74), (21,0.0113236,-743.656), (22,0.0113236,-1416.6), (23,0.0113236,-1218.96), (24,0.0113236,-2010.5), (25,0.0113236,-2301.54), (26,0.0113236,-2232), (27,0.0113236,-2061.26), (28,0.0113236,-2739.6), (29,0.0113236,-2984.68), (30,0.0113236,-2926.35), (31,0.0113236,-2782.51), (32,0.0113236,-3222.98), (33,0.0113236,-3546.78), (34,0.0113236,-3499.65), (35,0.0113236,-3382.71), (36,0.0113236,-3707.24), (37,0.0113236,-3987.82), (38,0.0113236,-3951.91), (39,0.0113236,-3861.87), (40,0.0113236,-4180.54), (41,0.0113236,-4307.82), (42,0.0113236,-4283.11), (43,0.0113236,-4219.97), (44,0.0113236,-4387.58), (45,0.0113236,-4506.76), (46,0.0113236,-4493.26), (47,0.0113236,-4457.02), (48,0.0113236,-4529.24), (49,0.0113236,-4584.66), (50,0.0113236,-4582.37), (51,0.0113236,-4557.71),  

Writing: "NeuralEP2DL2p4_Allnode_7.chk"
 (0s, XML)
Steps: 1600000  Time: 0.16        
 CPU Time: 50.6458 min.

um_max = 121.399 at x = 0.025, y = 0.0632788, z = 0
ue_max = 1574.18 at x = 0.025, y = 2.3, z = 0
 
(Nodeid,phim,phie): (0,104.235,-551.096), (1,104.585,-550.327), (2,-0.0055792,-161.332), (3,-0.00557919,190.915), (4,-0.00557919,513.026), (5,-0.00557919,792.506), (6,-0.00557919,1029.35), (7,-0.00557919,1223.57), (8,-0.00557919,1375.15), (9,-0.00557919,1484.1), (10,-0.00557919,1550.42), (11,-0.00557919,1574.1), (12,-0.0053188,-295.638), (13,0.0153899,-384.949), (14,-0.00559034,-244.294), (15,-0.0104434,-332.797), (16,-0.00557919,25.6621), (17,-0.00557919,160.533), (18,-0.00557919,128.146), (19,-0.00557919,49.0657), (20,-0.00557919,437.929), (21,-0.00557919,220.951), (22,-0.00557919,457.956), (23,-0.00557919,388.349), (24,-0.00557919,667.123), (25,-0.00557919,769.625), (26,-0.00557919,745.133), (27,-0.00557919,685), (28,-0.00557919,923.904), (29,-0.00557919,1010.22), (30,-0.00557919,989.677), (31,-0.00557919,939.018), (32,-0.00557919,1094.15), (33,-0.00557919,1208.19), (34,-0.00557919,1191.59), (35,-0.00557919,1150.4), (36,-0.00557919,1264.7), (37,-0.00557919,1363.52), (38,-0.00557919,1350.87), (39,-0.00557919,1319.16), (40,-0.00557919,1431.39), (41,-0.00557919,1476.22), (42,-0.00557919,1467.52), (43,-0.00557919,1445.28), (44,-0.00557919,1504.31), (45,-0.00557919,1546.29), (46,-0.00557919,1541.53), (47,-0.00557919,1528.77), (48,-0.00557919,1554.2), (49,-0.00557919,1573.72), (50,-0.00557919,1572.91), (51,-0.00557919,1564.23),  

Writing: "NeuralEP2DL2p4_Allnode_8.chk"
 (0s, XML)
Steps: 1800000  Time: 0.18        
 CPU Time: 50.5666 min.

um_max = 119.089 at x = 0, y = 0.075, z = 0
ue_max = 1887.27 at x = 0.025, y = 2.3, z = 0
 
(Nodeid,phim,phie): (0,100.922,563.097), (1,101.391,561.908), (2,0.00407587,182.874), (3,0.00407586,-237.289), (4,0.00407586,-621.507), (5,0.00407586,-954.873), (6,0.00407586,-1237.39), (7,0.00407586,-1469.05), (8,0.00407586,-1649.86), (9,0.00407586,-1779.81), (10,0.00407586,-1858.92), (11,0.00407586,-1887.17), (12,0.00425116,343.074), (13,0.00606372,450.079), (14,0.00418019,281.835), (15,0.00475282,387.348), (16,0.00407586,-40.1743), (17,0.00407586,-201.05), (18,0.00407586,-162.418), (19,0.00407586,-68.0903), (20,0.00407586,-531.931), (21,0.00407586,-273.117), (22,0.00407586,-555.818), (23,0.00407586,-472.791), (24,0.00407586,-805.315), (25,0.00407586,-927.58), (26,0.00407586,-898.366), (27,0.00407586,-826.639), (28,0.00407586,-1111.61), (29,0.00407586,-1214.57), (30,0.00407586,-1190.06), (31,0.00407586,-1129.63), (32,0.00407586,-1314.68), (33,0.00407586,-1450.7), (34,0.00407586,-1430.9), (35,0.00407586,-1381.78), (36,0.00407586,-1518.11), (37,0.00407586,-1635.98), (38,0.00407586,-1620.89), (39,0.00407586,-1583.07), (40,0.00407586,-1716.94), (41,0.00407586,-1770.41), (42,0.00407586,-1760.03), (43,0.00407586,-1733.51), (44,0.00407586,-1803.92), (45,0.00407586,-1853.99), (46,0.00407586,-1848.32), (47,0.00407586,-1833.09), (48,0.00407586,-1863.43), (49,0.00407586,-1886.71), (50,0.00407586,-1885.75), (51,0.00407586,-1875.39),  

Writing: "NeuralEP2DL2p4_Allnode_9.chk"
 (0s, XML)
Steps: 2000000  Time: 0.2         
 CPU Time: 50.5095 min.

um_max = 119.142 at x = 0.025, y = 0.075, z = 0
ue_max = 271.046 at x = 0.0183606, y = 2.3, z = 0
 
(Nodeid,phim,phie): (0,97.4046,64.6219), (1,97.9688,66.2617), (2,-0.000245216,96.3969), (3,-0.000245201,21.8192), (4,-0.000245201,-46.3783), (5,-0.000245201,-105.55), (6,-0.000245201,-155.695), (7,-0.000245201,-196.814), (8,-0.000245201,-228.907), (9,-0.000245201,-251.974), (10,-0.000245201,-266.014), (11,-0.000245201,-271.029), (12,-5.15985e-06,124.837), (13,0.0407819,143.955), (14,-0.000301341,113.961), (15,0.00388188,132.796), (16,-0.000245201,56.8065), (17,-0.000245201,28.2515), (18,-0.000245201,35.1085), (19,-0.000245201,51.8515), (20,-0.000245201,-30.4788), (21,-0.000245201,15.4599), (22,-0.000245201,-34.7187), (23,-0.000245201,-19.9816), (24,-0.000245201,-79.0036), (25,-0.000245201,-100.705), (26,-0.000245201,-95.5198), (27,-0.000245201,-82.7885), (28,-0.000245201,-133.369), (29,-0.000245201,-151.645), (30,-0.000245201,-147.295), (31,-0.000245201,-136.569), (32,-0.000245201,-169.414), (33,-0.000245201,-193.558), (34,-0.000245201,-190.044), (35,-0.000245201,-181.324), (36,-0.000245201,-205.523), (37,-0.000245201,-226.445), (38,-0.000245201,-223.766), (39,-0.000245201,-217.052), (40,-0.000245201,-240.815), (41,-0.000245201,-250.305), (42,-0.000245201,-248.463), (43,-0.000245201,-243.755), (44,-0.000245201,-256.253), (45,-0.000245201,-265.14), (46,-0.000245201,-264.133), (47,-0.000245201,-261.431), (48,-0.000245201,-266.816), (49,-0.000245201,-270.948), (50,-0.000245201,-270.777), (51,-0.000245201,-268.939),  

Writing: "NeuralEP2DL2p4_Allnode_10.chk"
 (0s, XML)
Steps: 2200000  Time: 0.22        
 CPU Time: 50.6526 min.

um_max = 118.511 at x = 0.025, y = 0.0867212, z = 0
ue_max = 4482.31 at x = 0.0228778, y = 2.3, z = 0
 
(Nodeid,phim,phie): (0,93.7261,1309.33), (1,94.2477,1311.04), (2,0.0112622,420.844), (3,0.0112624,-574.319), (4,0.0112624,-1484.34), (5,0.0112624,-2273.93), (6,0.0112624,-2943.06), (7,0.0112624,-3491.75), (8,0.0112624,-3920), (9,0.0112624,-4227.8), (10,0.0112624,-4415.16), (11,0.0112624,-4482.08), (12,0.0143206,800.294), (13,0.313702,1056.97), (14,0.0112821,655.235), (15,0.00657931,905.754), (16,0.0112624,-107.45), (17,0.0112624,-488.486), (18,0.0112624,-396.987), (19,0.0112624,-173.569), (20,0.0112624,-1272.18), (21,0.0112624,-659.178), (22,0.0112624,-1328.76), (23,0.0112624,-1132.11), (24,0.0112624,-1919.7), (25,0.0112624,-2209.28), (26,0.0112624,-2140.09), (27,0.0112624,-1970.2), (28,0.0112624,-2645.15), (29,0.0112624,-2889.01), (30,0.0112624,-2830.97), (31,0.0112624,-2687.85), (32,0.0112624,-3126.12), (33,0.0112624,-3448.3), (34,0.0112624,-3401.41), (35,0.0112624,-3285.06), (36,0.0112624,-3607.96), (37,0.0112624,-3887.14), (38,0.0112624,-3851.41), (39,0.0112624,-3761.82), (40,0.0112624,-4078.9), (41,0.0112624,-4205.54), (42,0.0112624,-4180.95), (43,0.0112624,-4118.13), (44,0.0112624,-4284.91), (45,0.0112624,-4403.49), (46,0.0112624,-4390.06), (47,0.0112624,-4354), (48,0.0112624,-4425.86), (49,0.0112624,-4481), (50,0.0112624,-4478.72), (51,0.0112624,-4454.19),  

Writing: "NeuralEP2DL2p4_Allnode_11.chk"
 (0s, XML)
Steps: 2400000  Time: 0.24        
 CPU Time: 50.55 min.

um_max = 118.813 at x = 0.025, y = 0.0867212, z = 0
ue_max = 979.535 at x = 0.0228778, y = 2.3, z = 0
 
(Nodeid,phim,phie): (0,89.9199,282.605), (1,90.4117,282.225), (2,0.00150127,74.5743), (3,0.00150136,-139.372), (4,0.00150136,-335.015), (5,0.00150136,-504.764), (6,0.00150136,-648.619), (7,0.00150136,-766.58), (8,0.00150136,-858.647), (9,0.00150136,-924.821), (10,0.00150136,-965.1), (11,0.00150136,-979.486), (12,0.00476738,156.118), (13,0.388195,213.374), (14,0.00236876,124.966), (15,0.0136694,178.15), (16,0.00150136,-39.0015), (17,0.00150136,-120.919), (18,0.00150136,-101.248), (19,0.00150136,-53.2162), (20,0.00150136,-289.403), (21,0.00150136,-157.615), (22,0.00150136,-301.566), (23,0.00150136,-259.289), (24,0.00150136,-428.609), (25,0.00150136,-490.866), (26,0.00150136,-475.99), (27,0.00150136,-439.467), (28,0.00150136,-584.572), (29,0.00150136,-636.999), (30,0.00150136,-624.521), (31,0.00150136,-593.752), (32,0.00150136,-687.974), (33,0.00150136,-757.238), (34,0.00150136,-747.157), (35,0.00150136,-722.142), (36,0.00150136,-791.563), (37,0.00150136,-851.583), (38,0.00150136,-843.9), (39,0.00150136,-824.639), (40,0.00150136,-892.808), (41,0.00150136,-920.034), (42,0.00150136,-914.748), (43,0.00150136,-901.242), (44,0.00150136,-937.097), (45,0.00150136,-962.591), (46,0.00150136,-959.703), (47,0.00150136,-951.951), (48,0.00150136,-967.4), (49,0.00150136,-979.254), (50,0.00150136,-978.764), (51,0.00150136,-973.489),  

Writing: "NeuralEP2DL2p4_Allnode_12.chk"
 (0s, XML)
Steps: 2600000  Time: 0.26        
 CPU Time: 50.3752 min.

um_max = 119.437 at x = 0, y = 0.1, z = 0
ue_max = 4092.8 at x = 0.00663939, y = 2.3, z = 0
 
(Nodeid,phim,phie): (0,86.0183,1053.72), (1,86.5165,1054.55), (2,0.0102132,394.594), (3,0.0102129,-516.183), (4,0.0102129,-1349.04), (5,0.0102129,-2071.67), (6,0.0102129,-2684.07), (7,0.0102129,-3186.24), (8,0.0102129,-3578.17), (9,0.0102129,-3859.87), (10,0.0102129,-4031.35), (11,0.0102129,-4092.59), (12,0.00517165,741.792), (13,-0.25423,970.007), (14,0.0108918,609.098), (15,0.033857,836.801), (16,0.0102129,-88.9027), (17,0.0102129,-437.629), (18,0.0102129,-353.888), (19,0.0102129,-149.416), (20,0.0102129,-1154.87), (21,0.0102129,-593.847), (22,0.0102129,-1206.65), (23,0.0102129,-1026.68), (24,0.0102129,-1747.48), (25,0.0102129,-2012.51), (26,0.0102129,-1949.18), (27,0.0102129,-1793.7), (28,0.0102129,-2411.42), (29,0.0102129,-2634.61), (30,0.0102129,-2581.48), (31,0.0102129,-2450.5), (32,0.0102129,-2851.61), (33,0.0102129,-3146.47), (34,0.0102129,-3103.55), (35,0.0102129,-2997.06), (36,0.0102129,-3292.59), (37,0.0102129,-3548.1), (38,0.0102129,-3515.39), (39,0.0102129,-3433.4), (40,0.0102129,-3723.6), (41,0.0102129,-3839.5), (42,0.0102129,-3817), (43,0.0102129,-3759.5), (44,0.0102129,-3912.14), (45,0.0102129,-4020.67), (46,0.0102129,-4008.37), (47,0.0102129,-3975.37), (48,0.0102129,-4041.14), (49,0.0102129,-4091.6), (50,0.0102129,-4089.51), (51,0.0102129,-4067.06),  

Writing: "NeuralEP2DL2p4_Allnode_13.chk"
 (0s, XML)
Steps: 2800000  Time: 0.28        
 CPU Time: 50.5237 min.

um_max = 123.8 at x = 0.0010611, y = 0.102122, z = 0
ue_max = 1387.41 at x = 0.025, y = 2.3, z = 0
 
(Nodeid,phim,phie): (0,82.0445,-461.826), (1,82.5484,-462.076), (2,-0.00491962,-91.2277), (3,-0.00491968,208.882), (4,-0.00491968,483.317), (5,-0.00491968,721.43), (6,-0.00491968,923.22), (7,-0.00491968,1088.69), (8,-0.00491968,1217.83), (9,-0.00491968,1310.66), (10,-0.00491968,1367.16), (11,-0.00491968,1387.34), (12,-0.00778444,-205.551), (13,-0.889223,-288.091), (14,-0.00657197,-161.904), (15,-0.0330788,-236.176), (16,-0.00491968,68.089), (17,-0.00491968,182.997), (18,-0.00491968,155.404), (19,-0.00491968,88.0285), (20,-0.00491968,419.335), (21,-0.00491968,234.473), (22,-0.00491968,436.397), (23,-0.00491968,377.093), (24,-0.00491968,614.605), (25,-0.00491968,701.935), (26,-0.00491968,681.068), (27,-0.00491968,629.836), (28,-0.00491968,833.38), (29,-0.00491968,906.921), (30,-0.00491968,889.417), (31,-0.00491968,846.256), (32,-0.00491968,978.426), (33,-0.00491968,1075.58), (34,-0.00491968,1061.44), (35,-0.00491968,1026.35), (36,-0.00491968,1123.73), (37,-0.00491968,1207.93), (38,-0.00491968,1197.15), (39,-0.00491968,1170.13), (40,-0.00491968,1265.75), (41,-0.00491968,1303.94), (42,-0.00491968,1296.53), (43,-0.00491968,1277.58), (44,-0.00491968,1327.88), (45,-0.00491968,1363.64), (46,-0.00491968,1359.59), (47,-0.00491968,1348.71), (48,-0.00491968,1370.39), (49,-0.00491968,1387.01), (50,-0.00491968,1386.33), (51,-0.00491968,1378.93),  

Writing: "NeuralEP2DL2p4_Allnode_14.chk"
 (0s, XML)
Steps: 3000000  Time: 0.3         
 CPU Time: 50.4929 min.

um_max = 121.164 at x = 0, y = 0.104244, z = 0
ue_max = 2671.17 at x = 0.0021222, y = 2.3, z = 0
 
(Nodeid,phim,phie): (0,78.0262,-664.568), (1,78.5225,-665.477), (2,-0.00858083,-250.077), (3,-0.00857957,342.83), (4,-0.00857957,885.014), (5,-0.00857957,1355.44), (6,-0.00857957,1754.1), (7,-0.00857957,2081.01), (8,-0.00857957,2336.15), (9,-0.00857957,2519.54), (10,-0.00857957,2631.17), (11,-0.00857957,2671.03), (12,0.0227984,-475.824), (13,0.567778,-616.763), (14,-0.0105638,-389.711), (15,0.0512581,-534.709), (16,-0.00857957,64.675), (17,-0.00857957,291.692), (18,-0.00857957,237.178), (19,-0.00857957,104.068), (20,-0.00857957,758.61), (21,-0.00857957,393.389), (22,-0.00857957,792.319), (23,-0.00857957,675.155), (24,-0.00857957,1144.39), (25,-0.00857957,1316.93), (26,-0.00857957,1275.7), (27,-0.00857957,1174.48), (28,-0.00857957,1576.61), (29,-0.00857957,1721.9), (30,-0.00857957,1687.32), (31,-0.00857957,1602.05), (32,-0.00857957,1863.17), (33,-0.00857957,2055.12), (34,-0.00857957,2027.18), (35,-0.00857957,1957.86), (36,-0.00857957,2150.25), (37,-0.00857957,2316.58), (38,-0.00857957,2295.28), (39,-0.00857957,2241.91), (40,-0.00857957,2430.82), (41,-0.00857957,2506.27), (42,-0.00857957,2491.63), (43,-0.00857957,2454.2), (44,-0.00857957,2553.56), (45,-0.00857957,2624.21), (46,-0.00857957,2616.21), (47,-0.00857957,2594.73), (48,-0.00857957,2637.54), (49,-0.00857957,2670.39), (50,-0.00857957,2669.03), (51,-0.00857957,2654.41),  

Writing: "NeuralEP2DL2p4_Allnode_15.chk"
 (0s, XML)
Steps: 3200000  Time: 0.32        
 CPU Time: 50.5661 min.

um_max = 127.373 at x = 0.025, y = 0.104244, z = 0
ue_max = 1729.35 at x = 0.0125, y = 2.3, z = 0
 
(Nodeid,phim,phie): (0,73.9858,-435.461), (1,74.4735,-436.326), (2,-0.0059944,-172.968), (3,-0.00599459,213.134), (4,-0.00599459,566.204), (5,-0.00599459,872.545), (6,-0.00599459,1132.16), (7,-0.00599459,1345.04), (8,-0.00599459,1511.19), (9,-0.00599459,1630.61), (10,-0.00599459,1703.3), (11,-0.00599459,1729.26), (12,-0.00731771,-320.401), (13,0.765226,-411.608), (14,-0.00293424,-263.917), (15,-0.0103921,-363.57), (16,-0.00599459,31.9985), (17,-0.00599459,179.832), (18,-0.00599459,144.333), (19,-0.00599459,57.6515), (20,-0.00599459,483.889), (21,-0.00599459,246.057), (22,-0.00599459,505.841), (23,-0.00599459,429.544), (24,-0.00599459,735.111), (25,-0.00599459,847.465), (26,-0.00599459,820.619), (27,-0.00599459,754.706), (28,-0.00599459,1016.57), (29,-0.00599459,1111.19), (30,-0.00599459,1088.67), (31,-0.00599459,1033.14), (32,-0.00599459,1203.18), (33,-0.00599459,1328.18), (34,-0.00599459,1309.98), (35,-0.00599459,1264.84), (36,-0.00599459,1390.12), (37,-0.00599459,1498.44), (38,-0.00599459,1484.57), (39,-0.00599459,1449.81), (40,-0.00599459,1572.84), (41,-0.00599459,1621.97), (42,-0.00599459,1612.43), (43,-0.00599459,1588.06), (44,-0.00599459,1652.76), (45,-0.00599459,1698.77), (46,-0.00599459,1693.56), (47,-0.00599459,1679.57), (48,-0.00599459,1707.45), (49,-0.00599459,1728.84), (50,-0.00599459,1727.96), (51,-0.00599459,1718.44),  

Writing: "NeuralEP2DL2p4_Allnode_16.chk"
 (0s, XML)
Steps: 3400000  Time: 0.34        
 CPU Time: 50.3297 min.

um_max = 120.122 at x = 0, y = 0.113279, z = 0
ue_max = 4844.14 at x = 0.0125, y = 2.3, z = 0
 
(Nodeid,phim,phie): (0,69.9483,1162.65), (1,70.4332,1163.9), (2,0.0124761,532.75), (3,0.0124738,-558.565), (4,0.0124738,-1556.52), (5,0.0124738,-2422.39), (6,0.0124738,-3156.18), (7,0.0124738,-3757.88), (8,0.0124738,-4227.51), (9,0.0124738,-4565.05), (10,0.0124738,-4770.51), (11,0.0124738,-4843.89), (12,-0.0504288,948.322), (13,-0.275583,1205.91), (14,0.0144528,789.791), (15,-0.161618,1057.38), (16,0.0124738,-46.5872), (17,0.0124738,-464.439), (18,0.0124738,-364.099), (19,0.0124738,-119.095), (20,0.0124738,-1323.86), (21,0.0124738,-651.623), (22,0.0124738,-1385.9), (23,0.0124738,-1170.25), (24,0.0124738,-2033.93), (25,0.0124738,-2351.5), (26,0.0124738,-2275.62), (27,0.0124738,-2089.32), (28,0.0124738,-2829.48), (29,0.0124738,-3096.91), (30,0.0124738,-3033.26), (31,0.0124738,-2876.31), (32,0.0124738,-3356.93), (33,0.0124738,-3710.23), (34,0.0124738,-3658.81), (35,0.0124738,-3531.21), (36,0.0124738,-3885.32), (37,0.0124738,-4191.47), (38,0.0124738,-4152.28), (39,0.0124738,-4054.04), (40,0.0124738,-4401.76), (41,0.0124738,-4540.64), (42,0.0124738,-4513.67), (43,0.0124738,-4444.78), (44,0.0124738,-4627.67), (45,0.0124738,-4757.71), (46,0.0124738,-4742.98), (47,0.0124738,-4703.44), (48,0.0124738,-4782.24), (49,0.0124738,-4842.71), (50,0.0124738,-4840.21), (51,0.0124738,-4813.3),  

Writing: "NeuralEP2DL2p4_Allnode_17.chk"
 (0s, XML)
Steps: 3600000  Time: 0.36        
 CPU Time: 50.3385 min.

um_max = 122.005 at x = 0.025, y = 0.113279, z = 0
ue_max = 2166.84 at x = 0.025, y = 2.3, z = 0
 
(Nodeid,phim,phie): (0,65.9325,-645.633), (1,66.409,-646.274), (2,-0.00732647,-262.143), (3,-0.007325,230.852), (4,-0.007325,681.673), (5,-0.007325,1072.83), (6,-0.007325,1404.31), (7,-0.007325,1676.13), (8,-0.007325,1888.28), (9,-0.007325,2040.76), (10,-0.007325,2133.58), (11,-0.007325,2166.73), (12,0.0294292,-449.6), (13,5.7048,-576.524), (14,-0.0108585,-378.225), (15,0.0972736,-496.629), (16,-0.007325,-0.430827), (17,-0.007325,188.332), (18,-0.007325,143.004), (19,-0.007325,32.3243), (20,-0.007325,576.569), (21,-0.007325,272.891), (22,-0.007325,604.597), (23,-0.007325,507.177), (24,-0.007325,897.342), (25,-0.007325,1040.8), (26,-0.007325,1006.52), (27,-0.007325,922.363), (28,-0.007325,1256.73), (29,-0.007325,1377.54), (30,-0.007325,1348.78), (31,-0.007325,1277.88), (32,-0.007325,1495), (33,-0.007325,1654.6), (34,-0.007325,1631.37), (35,-0.007325,1573.73), (36,-0.007325,1733.7), (37,-0.007325,1872), (38,-0.007325,1854.3), (39,-0.007325,1809.91), (40,-0.007325,1967), (41,-0.007325,2029.73), (42,-0.007325,2017.55), (43,-0.007325,1986.43), (44,-0.007325,2069.05), (45,-0.007325,2127.8), (46,-0.007325,2121.14), (47,-0.007325,2103.28), (48,-0.007325,2138.88), (49,-0.007325,2166.19), (50,-0.007325,2165.06), (51,-0.007325,2152.91),  

Writing: "NeuralEP2DL2p4_Allnode_18.chk"
 (0s, XML)
Steps: 3800000  Time: 0.38        
 CPU Time: 50.4895 min.

um_max = 118.993 at x = 0, y = 0.125, z = 0
ue_max = 1376.2 at x = 0.0125, y = 2.3, z = 0
 
(Nodeid,phim,phie): (0,61.9757,366.135), (1,62.4377,366.325), (2,0.00277858,176.499), (3,0.00277779,-138.642), (4,0.00277779,-426.824), (5,0.00277779,-676.864), (6,0.00277779,-888.762), (7,0.00277779,-1062.52), (8,0.00277779,-1198.13), (9,0.00277779,-1295.61), (10,0.00277779,-1354.94), (11,0.00277779,-1376.13), (12,-0.0113828,296.476), (13,17.9208,373.136), (14,0.00284694,250.624), (15,0.0966537,330.436), (16,0.00277779,9.20266), (17,0.00277779,-111.462), (18,0.00277779,-82.4861), (19,0.00277779,-11.7357), (20,0.00277779,-359.637), (21,0.00277779,-165.515), (22,0.00277779,-377.554), (23,0.00277779,-315.28), (24,0.00277779,-564.688), (25,0.00277779,-656.393), (26,0.00277779,-634.481), (27,0.00277779,-580.682), (28,0.00277779,-794.421), (29,0.00277779,-871.646), (30,0.00277779,-853.266), (31,0.00277779,-807.943), (32,0.00277779,-946.733), (33,0.00277779,-1048.76), (34,0.00277779,-1033.91), (35,0.00277779,-997.062), (36,0.00277779,-1099.32), (37,0.00277779,-1187.73), (38,0.00277779,-1176.41), (39,0.00277779,-1148.04), (40,0.00277779,-1248.45), (41,0.00277779,-1288.56), (42,0.00277779,-1280.77), (43,0.00277779,-1260.88), (44,0.00277779,-1313.69), (45,0.00277779,-1351.24), (46,0.00277779,-1346.99), (47,0.00277779,-1335.57), (48,0.00277779,-1358.33), (49,0.00277779,-1375.79), (50,0.00277779,-1375.06), (51,0.00277779,-1367.3),  

Writing: "NeuralEP2DL2p4_Allnode_19.chk"
 (0s, XML)
Steps: 4000000  Time: 0.4         
 CPU Time: 50.375 min.

um_max = 119.04 at x = 0.025, y = 0.125, z = 0
ue_max = 229.882 at x = 0.025, y = 2.3, z = 0
 
(Nodeid,phim,phie): (0,58.1021,23.6667), (1,58.5468,23.5613), (2,-0.000354169,88.6059), (3,-0.000352706,23.9645), (4,-0.000352706,-35.1469), (5,-0.000352706,-86.4347), (6,-0.000352706,-129.899), (7,-0.000352706,-165.54), (8,-0.000352706,-193.357), (9,-0.000352706,-213.35), (10,-0.000352706,-225.52), (11,-0.000352706,-229.867), (12,0.0389566,113.384), (13,38.5978,108.896), (14,0.00332051,103.923), (15,-0.130674,116.399), (16,-0.000352706,54.2903), (17,-0.000352706,29.5398), (18,-0.000352706,35.4832), (19,-0.000352706,49.9954), (20,-0.000352706,-21.3657), (21,-0.000352706,18.4524), (22,-0.000352706,-25.0408), (23,-0.000352706,-12.2671), (24,-0.000352706,-63.4254), (25,-0.000352706,-82.2358), (26,-0.000352706,-77.7412), (27,-0.000352706,-66.7061), (28,-0.000352706,-110.548), (29,-0.000352706,-126.388), (30,-0.000352706,-122.618), (31,-0.000352706,-113.321), (32,-0.000352706,-141.79), (33,-0.000352706,-162.717), (34,-0.000352706,-159.671), (35,-0.000352706,-152.113), (36,-0.000352706,-173.088), (37,-0.000352706,-191.222), (38,-0.000352706,-188.901), (39,-0.000352706,-183.082), (40,-0.000352706,-203.678), (41,-0.000352706,-211.904), (42,-0.000352706,-210.307), (43,-0.000352706,-206.226), (44,-0.000352706,-217.059), (45,-0.000352706,-224.762), (46,-0.000352706,-223.89), (47,-0.000352706,-221.547), (48,-0.000352706,-226.215), (49,-0.000352706,-229.797), (50,-0.000352706,-229.649), (51,-0.000352706,-228.055),  

Writing: "NeuralEP2DL2p4_Allnode_20.chk"
 (0s, XML)
Steps: 4200000  Time: 0.42        
 CPU Time: 50.3105 min.

um_max = 118.8 at x = 0.025, y = 0.136721, z = 0
ue_max = 3989.09 at x = 0.0125, y = 2.3, z = 0
 
(Nodeid,phim,phie): (0,54.3421,1031.23), (1,54.7694,1032.23), (2,0.0101619,478.637), (3,0.0101752,-428.149), (4,0.0101752,-1257.36), (5,0.0101752,-1976.82), (6,0.0101752,-2586.53), (7,0.0101752,-3086.5), (8,0.0101752,-3476.71), (9,0.0101752,-3757.18), (10,0.0101752,-3927.9), (11,0.0101752,-3988.87), (12,0.337191,827.501), (13,64.2409,1040.19), (14,0.00718449,692.521), (15,0.628748,941.235), (16,0.0101752,-2.74071), (17,0.0101752,-349.939), (18,0.0101752,-266.565), (19,0.0101752,-62.9884), (20,0.0101752,-1064.04), (21,0.0101752,-505.472), (22,0.0101752,-1115.59), (23,0.0101752,-936.403), (24,0.0101752,-1654.05), (25,0.0101752,-1917.92), (26,0.0101752,-1854.87), (27,0.0101752,-1700.07), (28,0.0101752,-2315.08), (29,0.0101752,-2537.28), (30,0.0101752,-2484.4), (31,0.0101752,-2353.99), (32,0.0101752,-2753.34), (33,0.0101752,-3046.9), (34,0.0101752,-3004.18), (35,0.0101752,-2898.16), (36,0.0101752,-3192.39), (37,0.0101752,-3446.77), (38,0.0101752,-3414.21), (39,0.0101752,-3332.58), (40,0.0101752,-3621.5), (41,0.0101752,-3736.9), (42,0.0101752,-3714.49), (43,0.0101752,-3657.25), (44,0.0101752,-3809.21), (45,0.0101752,-3917.27), (46,0.0101752,-3905.03), (47,0.0101752,-3872.17), (48,0.0101752,-3937.65), (49,0.0101752,-3987.89), (50,0.0101752,-3985.82), (51,0.0101752,-3963.46),  

Writing: "NeuralEP2DL2p4_Allnode_21.chk"
 (0s, XML)
Steps: 4400000  Time: 0.44        
 CPU Time: 50.3539 min.

um_max = 118.662 at x = 0.025, y = 0.136721, z = 0
ue_max = 708.984 at x = 0.00663939, y = 2.3, z = 0
 
(Nodeid,phim,phie): (0,50.707,232.332), (1,51.1152,232.406), (2,0.000927229,119.221), (3,0.000946386,-48.8748), (4,0.000946386,-202.59), (5,0.000946386,-335.96), (6,0.000946386,-448.986), (7,0.000946386,-541.667), (8,0.000946386,-614.003), (9,0.000946386,-665.995), (10,0.000946386,-697.642), (11,0.000946386,-708.945), (12,0.397116,185.999), (13,93.8214,205.417), (14,0.0143772,158.163), (15,2.83504,217.868), (16,0.000946383,29.9853), (17,0.000946386,-34.3766), (18,0.000946386,-18.9212), (19,0.000946385,18.8169), (20,0.000946386,-166.753), (21,0.000946386,-63.2086), (22,0.000946386,-176.309), (23,0.000946386,-143.092), (24,0.000946386,-276.126), (25,0.000946386,-325.041), (26,0.000946386,-313.353), (27,0.000946386,-284.657), (28,0.000946386,-398.665), (29,0.000946386,-439.856), (30,0.000946386,-430.052), (31,0.000946386,-405.877), (32,0.000946386,-479.907), (33,0.000946386,-534.327), (34,0.000946386,-526.407), (35,0.000946386,-506.753), (36,0.000946386,-561.296), (37,0.000946386,-608.453), (38,0.000946386,-602.416), (39,0.000946386,-587.284), (40,0.000946386,-640.843), (41,0.000946386,-662.234), (42,0.000946386,-658.082), (43,0.000946386,-647.47), (44,0.000946386,-675.641), (45,0.000946386,-695.671), (46,0.000946386,-693.402), (47,0.000946386,-687.311), (48,0.000946386,-699.449), (49,0.000946386,-708.763), (50,0.000946386,-708.378), (51,0.000946386,-704.234),  

Writing: "NeuralEP2DL2p4_Allnode_22.chk"
 (0s, XML)
Steps: 4600000  Time: 0.46        
 CPU Time: 50.3611 min.

um_max = 119.346 at x = 0, y = 0.15, z = 0
ue_max = 3406.78 at x = 0.0125, y = 2.3, z = 0
 
(Nodeid,phim,phie): (0,47.2023,853.511), (1,47.5913,854.359), (2,0.00882335,524.279), (3,0.00881967,-273.584), (4,0.00881967,-1003.19), (5,0.00881967,-1636.23), (6,0.00881967,-2172.7), (7,0.00881967,-2612.61), (8,0.00881967,-2955.96), (9,0.00881967,-3202.74), (10,0.00881967,-3352.95), (11,0.00881967,-3406.6), (12,-0.311502,824.302), (13,111.156,873.524), (14,0.0281116,710.978), (15,9.02278,875.62), (16,0.00881967,100.724), (17,0.00881967,-204.768), (18,0.00881967,-131.41), (19,0.00881967,47.7133), (20,0.00881967,-833.09), (21,0.00881967,-341.619), (22,0.00881967,-878.451), (23,0.00881967,-720.787), (24,0.00881967,-1352.23), (25,0.00881967,-1584.4), (26,0.00881967,-1528.93), (27,0.00881967,-1392.72), (28,0.00881967,-1933.86), (29,0.00881967,-2129.37), (30,0.00881967,-2082.84), (31,0.00881967,-1968.09), (32,0.00881967,-2319.47), (33,0.00881967,-2577.78), (34,0.00881967,-2540.18), (35,0.00881967,-2446.89), (36,0.00881967,-2705.78), (37,0.00881967,-2929.61), (38,0.00881967,-2900.96), (39,0.00881967,-2829.13), (40,0.00881967,-3083.35), (41,0.00881967,-3184.89), (42,0.00881967,-3165.17), (43,0.00881967,-3114.81), (44,0.00881967,-3248.52), (45,0.00881967,-3343.59), (46,0.00881967,-3332.82), (47,0.00881967,-3303.91), (48,0.00881967,-3361.52), (49,0.00881967,-3405.73), (50,0.00881967,-3403.91), (51,0.00881967,-3384.23),  

Writing: "NeuralEP2DL2p4_Allnode_23.chk"
 (0s, XML)
Steps: 4800000  Time: 0.48        
 CPU Time: 50.3643 min.

um_max = 123.877 at x = 0.0010611, y = 0.152122, z = 0
ue_max = 1732.74 at x = 0.0228778, y = 2.3, z = 0
 
(Nodeid,phim,phie): (0,43.7973,-492.205), (1,44.1708,-492.819), (2,-0.00588335,-151.016), (3,-0.00592927,231.318), (4,-0.00592927,580.942), (5,-0.00592927,884.293), (6,-0.00592927,1141.37), (7,-0.00592927,1352.17), (8,-0.00592927,1516.7), (9,-0.00592927,1634.96), (10,-0.00592927,1706.94), (11,-0.00592927,1732.65), (12,-0.887781,-302.671), (13,114.514,-508.185), (14,-0.0322873,-239.795), (15,19.4453,-388.379), (16,-0.00592925,51.9507), (17,-0.00592927,198.342), (18,-0.00592927,163.188), (19,-0.00592926,77.3532), (20,-0.00592927,499.431), (21,-0.00592927,263.92), (22,-0.00592927,521.168), (23,-0.00592927,445.616), (24,-0.00592927,748.201), (25,-0.00592927,859.458), (26,-0.00592927,832.874), (27,-0.00592927,767.605), (28,-0.00592927,1026.91), (29,-0.00592927,1120.6), (30,-0.00592927,1098.31), (31,-0.00592927,1043.32), (32,-0.00592927,1211.7), (33,-0.00592927,1335.48), (34,-0.00592927,1317.46), (35,-0.00592927,1272.76), (36,-0.00592927,1396.82), (37,-0.00592927,1504.08), (38,-0.00592927,1490.35), (39,-0.00592927,1455.93), (40,-0.00592927,1577.75), (41,-0.00592927,1626.4), (42,-0.00592927,1616.96), (43,-0.00592927,1592.82), (44,-0.00592927,1656.9), (45,-0.00592927,1702.46), (46,-0.00592927,1697.29), (47,-0.00592927,1683.44), (48,-0.00592927,1711.05), (49,-0.00592927,1732.23), (50,-0.00592927,1731.36), (51,-0.00592927,1721.93),  

Writing: "NeuralEP2DL2p4_Allnode_24.chk"
 (0s, XML)
Steps: 5000000  Time: 0.5         
 CPU Time: 50.3726 min.

um_max = 121.151 at x = 0, y = 0.154244, z = 0
ue_max = 3256.14 at x = 0.00663939, y = 2.3, z = 0
 
(Nodeid,phim,phie): (0,40.4491,-718.978), (1,40.8136,-720.028), (2,-0.0103583,-384.917), (3,-0.0103876,354.084), (4,-0.0103876,1029.86), (5,-0.0103876,1616.2), (6,-0.0103876,2113.1), (7,-0.0103876,2520.56), (8,-0.0103876,2838.57), (9,-0.0103876,3067.14), (10,-0.0103876,3206.27), (11,-0.0103876,3255.96), (12,0.626155,-656.008), (13,113.03,-748.655), (14,0.05147,-555.016), (15,31.4377,-693.043), (16,-0.0103875,7.38961), (17,-0.0103876,290.345), (18,-0.0103876,222.398), (19,-0.0103875,56.4896), (20,-0.0103876,872.313), (21,-0.0103876,417.1), (22,-0.0103876,914.327), (23,-0.0103876,768.295), (24,-0.0103876,1353.15), (25,-0.0103876,1568.2), (26,-0.0103876,1516.82), (27,-0.0103876,1390.66), (28,-0.0103876,1891.87), (29,-0.0103876,2072.96), (30,-0.0103876,2029.86), (31,-0.0103876,1923.58), (32,-0.0103876,2249.04), (33,-0.0103876,2488.29), (34,-0.0103876,2453.47), (35,-0.0103876,2367.06), (36,-0.0103876,2606.85), (37,-0.0103876,2814.17), (38,-0.0103876,2787.63), (39,-0.0103876,2721.1), (40,-0.0103876,2956.57), (41,-0.0103876,3050.61), (42,-0.0103876,3032.35), (43,-0.0103876,2985.7), (44,-0.0103876,3109.55), (45,-0.0103876,3197.61), (46,-0.0103876,3187.63), (47,-0.0103876,3160.86), (48,-0.0103876,3214.22), (49,-0.0103876,3255.17), (50,-0.0103876,3253.47), (51,-0.0103876,3235.25),  

Writing: "NeuralEP2DL2p4_Allnode_25.chk"
 (0s, XML)
Steps: 5200000  Time: 0.52        
 CPU Time: 50.3901 min.

um_max = 127.442 at x = 0.025, y = 0.154244, z = 0
ue_max = 1863.42 at x = 0.0125, y = 2.3, z = 0
 
(Nodeid,phim,phie): (0,37.0803,-401.256), (1,37.4454,-401.911), (2,-0.0064844,-212.927), (3,-0.00641838,208.496), (4,-0.00641838,593.867), (5,-0.00641838,928.232), (6,-0.00641838,1211.59), (7,-0.00641838,1443.95), (8,-0.00641838,1625.3), (9,-0.00641838,1755.65), (10,-0.00641838,1834.99), (11,-0.00641838,1863.32), (12,0.769108,-366.634), (13,111.254,-425.598), (14,-0.0130063,-314.9), (15,44.7029,-394.638), (16,-0.00641841,10.7899), (17,-0.00641838,172.148), (18,-0.00641838,133.401), (19,-0.00641838,38.7897), (20,-0.00641838,504.021), (21,-0.00641838,244.431), (22,-0.00641838,527.981), (23,-0.00641838,444.704), (24,-0.00641838,778.225), (25,-0.00641838,900.858), (26,-0.00641838,871.556), (27,-0.00641838,799.613), (28,-0.00641838,1085.44), (29,-0.00641838,1188.71), (30,-0.00641838,1164.13), (31,-0.00641838,1103.52), (32,-0.00641838,1289.11), (33,-0.00641838,1425.55), (34,-0.00641838,1405.69), (35,-0.00641838,1356.42), (36,-0.00641838,1493.16), (37,-0.00641838,1611.39), (38,-0.00641838,1596.25), (39,-0.00641838,1558.31), (40,-0.00641838,1692.59), (41,-0.00641838,1746.22), (42,-0.00641838,1735.81), (43,-0.00641838,1709.2), (44,-0.00641838,1779.83), (45,-0.00641838,1830.05), (46,-0.00641838,1824.36), (47,-0.00641838,1809.09), (48,-0.00641838,1839.52), (49,-0.00641838,1862.87), (50,-0.00641838,1861.9), (51,-0.00641838,1851.51),  

Writing: "NeuralEP2DL2p4_Allnode_26.chk"
 (0s, XML)
Steps: 5400000  Time: 0.54        
 CPU Time: 50.3672 min.

um_max = 120.119 at x = 0, y = 0.163279, z = 0
ue_max = 4383.8 at x = 0.0125, y = 2.3, z = 0
 
(Nodeid,phim,phie): (0,33.5829,934.182), (1,33.962,935.303), (2,0.0115746,655.454), (3,0.011635,-367.331), (4,0.011635,-1302.62), (5,0.011635,-2114.12), (6,0.011635,-2801.83), (7,0.011635,-3365.75), (8,0.011635,-3805.89), (9,0.011635,-4122.24), (10,0.011635,-4314.8), (11,0.011635,-4383.57), (12,-0.326735,1024.09), (13,108.816,952.989), (14,-0.163851,889.722), (15,55.3335,1011.58), (16,0.011635,112.497), (17,0.011635,-279.116), (18,0.011635,-185.077), (19,0.011635,44.5424), (20,0.011635,-1084.57), (21,0.011635,-454.546), (22,0.011635,-1142.72), (23,0.011635,-940.604), (24,0.011635,-1750.05), (25,0.011635,-2047.68), (26,0.011635,-1976.57), (27,0.011635,-1801.96), (28,0.011635,-2495.65), (29,0.011635,-2746.28), (30,0.011635,-2686.63), (31,0.011635,-2539.53), (32,0.011635,-2989.97), (33,0.011635,-3321.09), (34,0.011635,-3272.9), (35,0.011635,-3153.32), (36,0.011635,-3485.19), (37,0.011635,-3772.12), (38,0.011635,-3735.39), (39,0.011635,-3643.31), (40,0.011635,-3969.2), (41,0.011635,-4099.35), (42,0.011635,-4074.09), (43,0.011635,-4009.52), (44,0.011635,-4180.92), (45,0.011635,-4302.8), (46,0.011635,-4289), (47,0.011635,-4251.94), (48,0.011635,-4325.79), (49,0.011635,-4382.46), (50,0.011635,-4380.12), (51,0.011635,-4354.9),  

Writing: "NeuralEP2DL2p4_Allnode_27.chk"
 (0s, XML)
Steps: 5600000  Time: 0.56        
 CPU Time: 50.3027 min.

um_max = 122.061 at x = 0.025, y = 0.163279, z = 0
ue_max = 2397.09 at x = 0.0125, y = 2.3, z = 0
 
(Nodeid,phim,phie): (0,29.7984,-572.052), (1,30.2094,-572.888), (2,-0.00786488,-286.054), (3,-0.00795254,258.527), (4,-0.00795254,756.52), (5,-0.00795254,1188.6), (6,-0.00795254,1554.77), (7,-0.00795254,1855.03), (8,-0.00795254,2089.38), (9,-0.00795254,2257.82), (10,-0.00795254,2360.35), (11,-0.00795254,2396.97), (12,5.70691,-494.379), (13,105.992,-591.711), (14,0.103009,-408.626), (15,72.8707,-565.223), (16,-0.00795249,3.043), (17,-0.00795254,211.557), (18,-0.00795254,161.486), (19,-0.00795254,39.2255), (20,-0.00795254,640.418), (21,-0.00795254,304.965), (22,-0.00795254,671.379), (23,-0.00795254,563.766), (24,-0.00795254,994.757), (25,-0.00795254,1153.23), (26,-0.00795254,1115.36), (27,-0.00795254,1022.4), (28,-0.00795254,1391.75), (29,-0.00795254,1525.2), (30,-0.00795254,1493.43), (31,-0.00795254,1415.11), (32,-0.00795254,1654.95), (33,-0.00795254,1831.25), (34,-0.00795254,1805.59), (35,-0.00795254,1741.92), (36,-0.00795254,1918.63), (37,-0.00795254,2071.4), (38,-0.00795254,2051.84), (39,-0.00795254,2002.82), (40,-0.00795254,2176.34), (41,-0.00795254,2245.64), (42,-0.00795254,2232.18), (43,-0.00795254,2197.8), (44,-0.00795254,2289.07), (45,-0.00795254,2353.96), (46,-0.00795254,2346.61), (47,-0.00795254,2326.88), (48,-0.00795254,2366.2), (49,-0.00795254,2396.38), (50,-0.00795254,2395.13), (51,-0.00795254,2381.7),  

Writing: "NeuralEP2DL2p4_Allnode_28.chk"
 (0s, XML)
Steps: 5800000  Time: 0.58        
 CPU Time: 50.3746 min.

um_max = 118.996 at x = 0, y = 0.175, z = 0
ue_max = 945.431 at x = 0.0183606, y = 2.3, z = 0
 
(Nodeid,phim,phie): (0,25.5907,189.781), (1,26.0522,189.867), (2,0.00160923,143.197), (3,0.00161748,-77.7538), (4,0.00161748,-279.804), (5,0.00161748,-455.112), (6,0.00161748,-603.678), (7,0.00161748,-725.502), (8,0.00161748,-820.584), (9,0.00161748,-888.925), (10,0.00161748,-930.523), (11,0.00161748,-945.38), (12,18.0266,223.759), (13,102.714,181.535), (14,0.087963,195.588), (15,88.9574,201.348), (16,0.00161745,25.9033), (17,0.00161748,-58.6968), (18,0.00161748,-38.3815), (19,0.00161749,11.2231), (20,0.00161748,-232.698), (21,0.00161748,-96.5949), (22,0.00161748,-245.26), (23,0.00161748,-201.598), (24,0.00161748,-376.463), (25,0.00161748,-440.759), (26,0.00161748,-425.396), (27,0.00161748,-387.677), (28,0.00161748,-537.533), (29,0.00161748,-591.678), (30,0.00161748,-578.791), (31,0.00161748,-547.014), (32,0.00161748,-644.322), (33,0.00161748,-715.854), (34,0.00161748,-705.443), (35,0.00161748,-679.609), (36,0.00161748,-751.303), (37,0.00161748,-813.289), (38,0.00161748,-805.354), (39,0.00161748,-785.462), (40,0.00161748,-855.864), (41,0.00161748,-883.981), (42,0.00161748,-878.523), (43,0.00161748,-864.574), (44,0.00161748,-901.603), (45,0.00161748,-927.932), (46,0.00161748,-924.949), (47,0.00161748,-916.943), (48,0.00161748,-932.898), (49,0.00161748,-945.141), (50,0.00161748,-944.634), (51,0.00161748,-939.187),  

Writing: "NeuralEP2DL2p4_Allnode_29.chk"
 (0s, XML)
Steps: 6000000  Time: 0.6         
 CPU Time: 50.4175 min.

um_max = 118.918 at x = 0.025, y = 0.175, z = 0
ue_max = 117.353 at x = 0.0159225, y = 0.104876, z = 0
 
(Nodeid,phim,phie): (0,20.9113,-99.4497), (1,21.4273,-99.6638), (2,-0.00109413,23.2188), (3,-0.00101601,12.9715), (4,-0.00101601,3.60309), (5,-0.00101601,-4.52537), (6,-0.00101601,-11.4139), (7,-0.00101601,-17.0625), (8,-0.00101601,-21.4712), (9,-0.00101601,-24.6399), (10,-0.00101601,-26.5687), (11,-0.00101601,-27.2575), (12,38.8121,5.72986), (13,99.5215,-108.312), (14,-0.129019,21.859), (15,101.161,-63.7427), (16,-0.00101599,17.7777), (17,-0.00101601,13.8551), (18,-0.00101601,14.7971), (19,-0.00101601,17.0971), (20,-0.00101601,5.78724), (21,-0.00101601,12.0979), (22,-0.00101601,5.20479), (23,-0.00101601,7.22925), (24,-0.00101601,-0.878692), (25,-0.00101601,-3.85989), (26,-0.00101601,-3.14756), (27,-0.00101601,-1.39864), (28,-0.00101601,-8.34701), (29,-0.00101601,-10.8575), (30,-0.00101601,-10.26), (31,-0.00101601,-8.78659), (32,-0.00101601,-13.2985), (33,-0.00101601,-16.6152), (34,-0.00101601,-16.1324), (35,-0.00101601,-14.9346), (36,-0.00101601,-18.2588), (37,-0.00101601,-21.1329), (38,-0.00101601,-20.765), (39,-0.00101601,-19.8427), (40,-0.00101601,-23.107), (41,-0.00101601,-24.4107), (42,-0.00101601,-24.1576), (43,-0.00101601,-23.5108), (44,-0.00101601,-25.2277), (45,-0.00101601,-26.4485), (46,-0.00101601,-26.3102), (47,-0.00101601,-25.939), (48,-0.00101601,-26.6788), (49,-0.00101601,-27.2465), (50,-0.00101601,-27.223), (51,-0.00101601,-26.9704),  

Writing: "NeuralEP2DL2p4_Allnode_30.chk"
 (0s, XML)
Steps: 6200000  Time: 0.62        
 CPU Time: 50.4257 min.

um_max = 118.921 at x = 0.025, y = 0.186721, z = 0
ue_max = 3654.38 at x = 0.0125, y = 2.3, z = 0
 
(Nodeid,phim,phie): (0,16.0614,821.215), (1,16.5967,822.005), (2,0.00929353,553.564), (3,0.00953258,-300.503), (4,0.00953258,-1081.5), (5,0.00953258,-1759.12), (6,0.00953258,-2333.38), (7,0.00953258,-2804.28), (8,0.00953258,-3171.8), (9,0.00953258,-3435.96), (10,0.00953258,-3596.76), (11,0.00953258,-3654.18), (12,64.5162,863.695), (13,95.937,833.213), (14,0.662564,775.751), (15,107.006,844.794), (16,0.00953281,100.168), (17,0.00953258,-226.841), (18,0.00953257,-148.315), (19,0.00953259,43.4241), (20,0.00953258,-899.416), (21,0.00953258,-373.33), (22,0.00953258,-947.972), (23,0.00953258,-779.203), (24,0.00953258,-1455.12), (25,0.00953258,-1703.65), (26,0.00953258,-1644.26), (27,0.00953258,-1498.46), (28,0.00953258,-2077.71), (29,0.00953258,-2287), (30,0.00953258,-2237.19), (31,0.00953258,-2114.36), (32,0.00953258,-2490.49), (33,0.00953258,-2766.98), (34,0.00953258,-2726.74), (35,0.00953258,-2626.88), (36,0.00953258,-2904.01), (37,0.00953258,-3143.6), (38,0.00953258,-3112.93), (39,0.00953258,-3036.05), (40,0.00953258,-3308.17), (41,0.00953258,-3416.85), (42,0.00953258,-3395.76), (43,0.00953258,-3341.84), (44,0.00953258,-3484.97), (45,0.00953258,-3586.74), (46,0.00953258,-3575.21), (47,0.00953258,-3544.27), (48,0.00953258,-3605.94), (49,0.00953258,-3653.26), (50,0.00953258,-3651.3), (51,0.00953258,-3630.24),  

Writing: "NeuralEP2DL2p4_Allnode_31.chk"
 (0s, XML)
Steps: 6400000  Time: 0.64        
 CPU Time: 50.4313 min.

um_max = 118.575 at x = 0.025, y = 0.186721, z = 0
ue_max = 435.665 at x = 0.025, y = 2.3, z = 0
 
(Nodeid,phim,phie): (0,11.6086,81.5025), (1,12.0971,81.3465), (2,-0.00411482,54.8136), (3,0.000105686,-44.7236), (4,0.000105686,-135.759), (5,0.000105686,-214.746), (6,0.000105686,-281.685), (7,0.000105686,-336.574), (8,0.000105686,-379.414), (9,0.000105686,-410.206), (10,0.000105686,-428.948), (11,0.000105686,-435.642), (12,94.1067,72.676), (13,92.0926,70.2662), (14,2.88613,95.7493), (15,108.946,72.7506), (16,0.000105389,1.98031), (17,0.000105686,-36.1372), (18,0.000105686,-26.984), (19,0.000105842,-4.63406), (20,0.000105686,-114.535), (21,0.000105686,-53.2126), (22,0.000105686,-120.195), (23,0.000105686,-100.523), (24,0.000105686,-179.31), (25,0.000105686,-208.28), (26,0.000105686,-201.358), (27,0.000105686,-184.363), (28,0.000105686,-251.883), (29,0.000105686,-276.278), (30,0.000105686,-270.471), (31,0.000105686,-256.154), (32,0.000105686,-299.997), (33,0.000105686,-332.227), (34,0.000105686,-327.536), (35,0.000105686,-315.896), (36,0.000105686,-348.199), (37,0.000105686,-376.127), (38,0.000105686,-372.552), (39,0.000105686,-363.59), (40,0.000105686,-395.31), (41,0.000105686,-407.978), (42,0.000105686,-405.519), (43,0.000105686,-399.234), (44,0.000105686,-415.918), (45,0.000105686,-427.781), (46,0.000105686,-426.437), (47,0.000105686,-422.83), (48,0.000105686,-430.018), (49,0.000105686,-435.535), (50,0.000105686,-435.306), (51,0.000105686,-432.852),  

Writing: "NeuralEP2DL2p4_Allnode_32.chk"
 (0s, XML)
Steps: 6600000  Time: 0.66        
 CPU Time: 50.3548 min.

um_max = 119.361 at x = 0, y = 0.2, z = 0
ue_max = 3182.59 at x = 0.0021222, y = 2.3, z = 0
 
(Nodeid,phim,phie): (0,8.00956,544.152), (1,8.40062,544.83), (2,0.00201764,469.815), (3,0.00812871,-271.454), (4,0.00812871,-949.351), (5,0.00812871,-1537.53), (6,0.00812871,-2035.98), (7,0.00812871,-2444.71), (8,0.00812871,-2763.72), (9,0.00812871,-2993.01), (10,0.00812871,-3132.58), (11,0.00812871,-3182.42), (12,111.265,593.036), (13,88.2259,545.724), (14,9.24402,607.087), (15,108.218,567.637), (16,0.00812777,76.3261), (17,0.00812871,-207.515), (18,0.00812871,-139.356), (19,0.00812877,27.0723), (20,0.00812871,-791.306), (21,0.00812871,-334.667), (22,0.00812871,-833.452), (23,0.00812871,-686.962), (24,0.00812871,-1273.65), (25,0.00812871,-1489.37), (26,0.00812871,-1437.83), (27,0.00812871,-1311.28), (28,0.00812871,-1814.06), (29,0.00812871,-1995.72), (30,0.00812871,-1952.48), (31,0.00812871,-1845.87), (32,0.00812871,-2172.35), (33,0.00812871,-2412.34), (34,0.00812871,-2377.41), (35,0.00812871,-2290.74), (36,0.00812871,-2531.28), (37,0.00812871,-2739.24), (38,0.00812871,-2712.62), (39,0.00812871,-2645.88), (40,0.00812871,-2882.09), (41,0.00812871,-2976.42), (42,0.00812871,-2958.11), (43,0.00812871,-2911.31), (44,0.00812871,-3035.55), (45,0.00812871,-3123.88), (46,0.00812871,-3113.88), (47,0.00812871,-3087.02), (48,0.00812871,-3140.55), (49,0.00812871,-3181.62), (50,0.00812871,-3179.92), (51,0.00812871,-3161.65),  

Writing: "NeuralEP2DL2p4_Allnode_33.chk"
 (0s, XML)
Steps: 6800000  Time: 0.68        
 CPU Time: 50.3271 min.

um_max = 123.868 at x = 0.0010611, y = 0.202122, z = 0
ue_max = 1922.67 at x = 0.0021222, y = 2.3, z = 0
 
(Nodeid,phim,phie): (0,5.33815,-518.638), (1,5.6212,-519.358), (2,0.00810845,-249.959), (3,-0.0066469,190.958), (4,-0.0066469,594.21), (5,-0.0066469,944.091), (6,-0.0066469,1240.6), (7,-0.0066469,1483.74), (8,-0.0066469,1673.5), (9,-0.0066469,1809.9), (10,-0.0066469,1892.92), (11,-0.0066469,1922.57), (12,114.513,-532.813), (13,84.2853,-547.089), (14,19.5928,-406.219), (15,106.056,-541.249), (16,-0.00664561,-15.9216), (17,-0.0066469,152.924), (18,-0.0066469,112.378), (19,-0.00664728,13.3774), (20,-0.0066469,500.196), (21,-0.0066469,228.561), (22,-0.0066469,525.267), (23,-0.0066469,438.127), (24,-0.0066469,787.124), (25,-0.0066469,915.446), (26,-0.0066469,884.784), (27,-0.0066469,809.504), (28,-0.0066469,1108.59), (29,-0.0066469,1216.65), (30,-0.0066469,1190.93), (31,-0.0066469,1127.51), (32,-0.0066469,1321.72), (33,-0.0066469,1464.48), (34,-0.0066469,1443.7), (35,-0.0066469,1392.14), (36,-0.0066469,1535.23), (37,-0.0066469,1658.94), (38,-0.0066469,1643.11), (39,-0.0066469,1603.41), (40,-0.0066469,1743.91), (41,-0.0066469,1800.03), (42,-0.0066469,1789.14), (43,-0.0066469,1761.3), (44,-0.0066469,1835.2), (45,-0.0066469,1887.75), (46,-0.0066469,1881.8), (47,-0.0066469,1865.82), (48,-0.0066469,1897.66), (49,-0.0066469,1922.09), (50,-0.0066469,1921.08), (51,-0.0066469,1910.21),  

Writing: "NeuralEP2DL2p4_Allnode_34.chk"
 (0s, XML)
Steps: 7000000  Time: 0.7         
 CPU Time: 50.3656 min.

um_max = 121.161 at x = 0, y = 0.204244, z = 0
ue_max = 3410.55 at x = 0.0021222, y = 2.3, z = 0
 
(Nodeid,phim,phie): (0,3.4732,-735.8), (1,3.66354,-736.912), (2,0.0285854,-571.248), (3,-0.0112375,236.719), (4,-0.0112375,975.787), (5,-0.0112375,1617.04), (6,-0.0112375,2160.47), (7,-0.0112375,2606.08), (8,-0.0112375,2953.88), (9,-0.0112375,3203.86), (10,-0.0112375,3356.02), (11,-0.0112375,3410.36), (12,113.008,-774.311), (13,80.2786,-773.892), (14,31.7499,-713.969), (15,102.759,-774.949), (16,-0.0112327,-142.443), (17,-0.0112375,167.011), (18,-0.0112375,92.7009), (19,-0.0112378,-88.745), (20,-0.0112375,803.481), (21,-0.0112375,305.637), (22,-0.0112375,849.43), (23,-0.0112375,689.721), (24,-0.0112375,1329.35), (25,-0.0112375,1564.54), (26,-0.0112375,1508.34), (27,-0.0112375,1370.37), (28,-0.0112375,1918.52), (29,-0.0112375,2116.57), (30,-0.0112375,2069.43), (31,-0.0112375,1953.2), (32,-0.0112375,2309.14), (33,-0.0112375,2570.79), (34,-0.0112375,2532.71), (35,-0.0112375,2438.21), (36,-0.0112375,2700.46), (37,-0.0112375,2927.19), (38,-0.0112375,2898.17), (39,-0.0112375,2825.41), (40,-0.0112375,3082.93), (41,-0.0112375,3185.78), (42,-0.0112375,3165.81), (43,-0.0112375,3114.79), (44,-0.0112375,3250.23), (45,-0.0112375,3346.54), (46,-0.0112375,3335.63), (47,-0.0112375,3306.35), (48,-0.0112375,3364.71), (49,-0.0112375,3409.49), (50,-0.0112375,3407.64), (51,-0.0112375,3387.71),  

Writing: "NeuralEP2DL2p4_Allnode_35.chk"
 (0s, XML)
Steps: 7200000  Time: 0.72        
 CPU Time: 50.4963 min.

um_max = 127.458 at x = 0.025, y = 0.204244, z = 0
ue_max = 1957.68 at x = 0.00663939, y = 2.3, z = 0
 
(Nodeid,phim,phie): (0,2.2195,-374.567), (1,2.33803,-375.198), (2,-0.032721,-284.775), (3,-0.00682468,170.467), (4,-0.00682468,586.643), (5,-0.00682468,947.737), (6,-0.00682468,1253.75), (7,-0.00682468,1504.68), (8,-0.00682468,1700.53), (9,-0.00682468,1841.29), (10,-0.00682468,1926.98), (11,-0.00682468,1957.58), (12,111.24,-401.139), (13,76.2431,-404.503), (14,44.8342,-365.349), (15,99.3747,-403.369), (16,-0.00682745,-43.0432), (17,-0.00682468,131.214), (18,-0.00682468,89.3687), (19,-0.00682386,-12.8053), (20,-0.00682468,489.616), (21,-0.00682468,209.275), (22,-0.00682468,515.49), (23,-0.00682468,425.557), (24,-0.00682468,785.739), (25,-0.00682468,918.174), (26,-0.00682468,886.53), (27,-0.00682468,808.837), (28,-0.00682468,1117.51), (29,-0.00682468,1229.03), (30,-0.00682468,1202.49), (31,-0.00682468,1137.03), (32,-0.00682468,1337.47), (33,-0.00682468,1484.81), (34,-0.00682468,1463.36), (35,-0.00682468,1410.15), (36,-0.00682468,1557.82), (37,-0.00682468,1685.5), (38,-0.00682468,1669.16), (39,-0.00682468,1628.18), (40,-0.00682468,1773.19), (41,-0.00682468,1831.11), (42,-0.00682468,1819.87), (43,-0.00682468,1791.14), (44,-0.00682468,1867.41), (45,-0.00682468,1921.64), (46,-0.00682468,1915.5), (47,-0.00682468,1899), (48,-0.00682468,1931.87), (49,-0.00682468,1957.08), (50,-0.00682468,1956.04), (51,-0.00682468,1944.82),  

Writing: "NeuralEP2DL2p4_Allnode_36.chk"
 (0s, XML)
Steps: 7400000  Time: 0.74        
 CPU Time: 50.3118 min.

um_max = 120.145 at x = 0, y = 0.213279, z = 0
ue_max = 4129.32 at x = 0.025, y = 2.3, z = 0
 
(Nodeid,phim,phie): (0,1.40247,621.857), (1,1.46823,623.009), (2,-0.0641688,639.552), (3,0.0109647,-328.005), (4,0.0109647,-1213.19), (5,0.0109647,-1981.22), (6,0.0109647,-2632.09), (7,0.0109647,-3165.8), (8,0.0109647,-3582.36), (9,0.0109647,-3881.76), (10,0.0109647,-4064), (11,0.0109647,-4129.09), (12,108.801,665.419), (13,72.2016,625.786), (14,55.4685,733.217), (15,96.3006,644.996), (16,0.0109568,126.12), (17,0.0109647,-244.515), (18,0.0109647,-155.514), (19,0.0109647,61.805), (20,0.0109647,-1006.82), (21,0.0109647,-410.548), (22,0.0109647,-1061.85), (23,0.0109647,-870.568), (24,0.0109647,-1636.66), (25,0.0109647,-1918.34), (26,0.0109647,-1851.03), (27,0.0109647,-1685.78), (28,0.0109647,-2342.31), (29,0.0109647,-2579.51), (30,0.0109647,-2523.06), (31,0.0109647,-2383.84), (32,0.0109647,-2810.15), (33,0.0109647,-3123.53), (34,0.0109647,-3077.92), (35,0.0109647,-2964.75), (36,0.0109647,-3278.84), (37,0.0109647,-3550.4), (38,0.0109647,-3515.64), (39,0.0109647,-3428.49), (40,0.0109647,-3736.92), (41,0.0109647,-3860.1), (42,0.0109647,-3836.19), (43,0.0109647,-3775.08), (44,0.0109647,-3937.3), (45,0.0109647,-4052.65), (46,0.0109647,-4039.59), (47,0.0109647,-4004.51), (48,0.0109647,-4074.41), (49,0.0109647,-4128.05), (50,0.0109647,-4125.83), (51,0.0109647,-4101.96),  

Writing: "NeuralEP2DL2p4_Allnode_37.chk"
 (0s, XML)
Steps: 7600000  Time: 0.76        
 CPU Time: 50.3041 min.

um_max = 122.072 at x = 0.025, y = 0.213279, z = 0
ue_max = 2390.27 at x = 0.0125, y = 2.3, z = 0
 
(Nodeid,phim,phie): (0,0.856379,-496.515), (1,0.886162,-497.233), (2,0.0562512,-338.433), (3,-0.00805493,215.106), (4,-0.00805493,721.622), (5,-0.00805493,1161.1), (6,-0.00805493,1533.54), (7,-0.00805493,1838.94), (8,-0.00805493,2077.3), (9,-0.00805493,2248.62), (10,-0.00805493,2352.9), (11,-0.00805493,2390.14), (12,105.964,-521.003), (13,68.1695,-528.158), (14,73.0618,-491.243), (15,92.745,-526.928), (16,-0.00804755,-44.7511), (17,-0.00805493,167.332), (18,-0.00805492,116.404), (19,-0.00805595,-7.94923), (20,-0.00805493,603.533), (21,-0.00805493,262.338), (22,-0.00805493,635.024), (23,-0.00805493,525.568), (24,-0.00805493,963.936), (25,-0.00805493,1125.12), (26,-0.00805493,1086.61), (27,-0.00805493,992.047), (28,-0.00805493,1367.72), (29,-0.00805493,1503.45), (30,-0.00805493,1471.15), (31,-0.00805493,1391.49), (32,-0.00805493,1635.43), (33,-0.00805493,1814.75), (34,-0.00805493,1788.65), (35,-0.00805493,1723.89), (36,-0.00805493,1903.62), (37,-0.00805493,2059.01), (38,-0.00805493,2039.12), (39,-0.00805493,1989.25), (40,-0.00805493,2165.74), (41,-0.00805493,2236.23), (42,-0.00805493,2222.54), (43,-0.00805493,2187.57), (44,-0.00805493,2280.4), (45,-0.00805493,2346.41), (46,-0.00805493,2338.93), (47,-0.00805493,2318.86), (48,-0.00805493,2358.85), (49,-0.00805493,2389.55), (50,-0.00805493,2388.28), (51,-0.00805493,2374.62),  

Writing: "NeuralEP2DL2p4_Allnode_38.chk"
 (0s, XML)
Steps: 7800000  Time: 0.78        
 CPU Time: 50.3372 min.

um_max = 119.02 at x = 0, y = 0.225, z = 0
ue_max = 700.95 at x = 0.0183606, y = 2.3, z = 0
 
(Nodeid,phim,phie): (0,0.5148,69.0939), (1,0.521719,69.2793), (2,-0.0212486,103.92), (3,0.000911685,-59.3639), (4,0.000911685,-208.765), (5,0.000911685,-338.393), (6,0.000911685,-448.247), (7,0.000911685,-538.328), (8,0.000911685,-608.634), (9,0.000911685,-659.167), (10,0.000911685,-689.926), (11,0.000911685,-700.912), (12,102.686,69.7454), (13,64.1832,55.7956), (14,89.1836,95.5102), (15,88.7201,62.7169), (16,0.000907495,17.2832), (17,0.000911685,-45.2726), (18,0.000911699,-30.2509), (19,0.000912876,6.42815), (20,0.000911685,-173.934), (21,0.000911685,-73.2955), (22,0.000911685,-183.223), (23,0.000911685,-150.938), (24,0.000911685,-280.238), (25,0.000911685,-327.781), (26,0.000911685,-316.421), (27,0.000911685,-288.53), (28,0.000911685,-399.338), (29,0.000911685,-439.374), (30,0.000911685,-429.845), (31,0.000911685,-406.348), (32,0.000911685,-478.301), (33,0.000911685,-531.194), (34,0.000911685,-523.496), (35,0.000911685,-504.393), (36,0.000911685,-557.406), (37,0.000911685,-603.24), (38,0.000911685,-597.373), (39,0.000911685,-582.664), (40,0.000911685,-634.721), (41,0.000911685,-655.512), (42,0.000911685,-651.476), (43,0.000911685,-641.162), (44,0.000911685,-668.542), (45,0.000911685,-688.01), (46,0.000911685,-685.805), (47,0.000911685,-679.885), (48,0.000911685,-691.682), (49,0.000911685,-700.735), (50,0.000911685,-700.361), (51,0.000911685,-696.333),  

Writing: "NeuralEP2DL2p4_Allnode_39.chk"
 (0s, XML)
Steps: 8000000  Time: 0.8         
 CPU Time: 50.3381 min.

um_max = 118.83 at x = 0.025, y = 0.225, z = 0
ue_max = 142.761 at x = 0.0119694, y = 0.151061, z = 0
 
(Nodeid,phim,phie): (0,0.287043,-124.681), (1,0.279819,-124.702), (2,0.0288064,18.3377), (3,-0.00129124,31.1302), (4,-0.00129124,42.8783), (5,-0.00129124,53.0714), (6,-0.00129124,61.7097), (7,-0.00129124,68.7931), (8,-0.00129124,74.3217), (9,-0.00129124,78.2953), (10,-0.00129124,80.714), (11,-0.00129124,81.5778), (12,99.496,-127.258), (13,60.2628,-141.774), (14,101.234,-77.8617), (15,84.994,-136.462), (16,-0.0012873,25.1031), (17,-0.00129124,30.0221), (18,-0.00129124,28.8409), (19,-0.00129105,25.9567), (20,-0.00129124,40.1393), (21,-0.00129124,32.2257), (22,-0.00129124,40.8697), (23,-0.00129124,38.331), (24,-0.00129124,48.4985), (25,-0.00129124,52.2369), (26,-0.00129124,51.3436), (27,-0.00129124,49.1505), (28,-0.00129124,57.8638), (29,-0.00129124,61.012), (30,-0.00129124,60.2627), (31,-0.00129124,58.4151), (32,-0.00129124,64.073), (33,-0.00129124,68.2322), (34,-0.00129124,67.6268), (35,-0.00129124,66.1247), (36,-0.00129124,70.2934), (37,-0.00129124,73.8975), (38,-0.00129124,73.4361), (39,-0.00129124,72.2795), (40,-0.00129124,76.373), (41,-0.00129124,78.0078), (42,-0.00129124,77.6905), (43,-0.00129124,76.8794), (44,-0.00129124,79.0324), (45,-0.00129124,80.5633), (46,-0.00129124,80.3899), (47,-0.00129124,79.9244), (48,-0.00129124,80.8521), (49,-0.00129124,81.5639), (50,-0.00129124,81.5345), (51,-0.00129124,81.2178),  

Writing: "NeuralEP2DL2p4_Allnode_40.chk"
 (0s, XML)
Steps: 8200000  Time: 0.82        
 CPU Time: 50.4327 min.

um_max = 118.929 at x = 0.025, y = 0.236721, z = 0
ue_max = 4020 at x = 0.0125, y = 2.3, z = 0
 
(Nodeid,phim,phie): (0,0.141942,601.258), (1,0.126349,602.422), (2,0.311331,615.219), (3,0.0106246,-327.116), (4,0.0106246,-1187.05), (5,0.0106246,-1933.17), (6,0.0106246,-2565.48), (7,0.0106246,-3083.97), (8,0.0106246,-3488.64), (9,0.0106246,-3779.5), (10,0.0106246,-3956.55), (11,0.0106246,-4019.78), (12,95.9056,641.263), (13,56.4369,607.488), (14,107.074,662.065), (15,81.131,623.698), (16,0.0106638,114.054), (17,0.0106246,-246.008), (18,0.0106246,-159.545), (19,0.010623,51.5747), (20,0.0106246,-986.566), (21,0.0106246,-407.304), (22,0.0106246,-1040.03), (23,0.0106246,-854.202), (24,0.0106246,-1598.44), (25,0.0106246,-1872.09), (26,0.0106246,-1806.7), (27,0.0106246,-1646.16), (28,0.0106246,-2283.96), (29,0.0106246,-2514.4), (30,0.0106246,-2459.55), (31,0.0106246,-2324.31), (32,0.0106246,-2738.46), (33,0.0106246,-3042.9), (34,0.0106246,-2998.59), (35,0.0106246,-2888.64), (36,0.0106246,-3193.78), (37,0.0106246,-3457.59), (38,0.0106246,-3423.82), (39,0.0106246,-3339.16), (40,0.0106246,-3638.79), (41,0.0106246,-3758.46), (42,0.0106246,-3735.23), (43,0.0106246,-3675.86), (44,0.0106246,-3833.46), (45,0.0106246,-3945.52), (46,0.0106246,-3932.82), (47,0.0106246,-3898.75), (48,0.0106246,-3966.65), (49,0.0106246,-4018.76), (50,0.0106246,-4016.6), (51,0.0106246,-3993.42),  

Writing: "NeuralEP2DL2p4_Allnode_41.chk"
 (0s, XML)
Steps: 8400000  Time: 0.84        
 CPU Time: 50.4248 min.

um_max = 118.358 at x = 0.025, y = 0.236721, z = 0
ue_max = 787.332 at x = 0.0228778, y = 2.3, z = 0
 
(Nodeid,phim,phie): (0,0.0300705,144.542), (1,0.0100711,144.786), (2,0.0950875,174.51), (3,0.00131053,-22.0687), (4,0.00131053,-200.27), (5,0.00131053,-354.886), (6,0.00131053,-485.917), (7,0.00131053,-593.362), (8,0.00131053,-677.221), (9,0.00131053,-737.496), (10,0.00131053,-774.184), (11,0.00131053,-787.287), (12,92.0635,146.999), (13,52.7172,133.614), (14,109.042,153.148), (15,77.0786,139.385), (16,0.00132526,69.3536), (17,0.00131054,-5.26097), (18,0.00131079,12.6565), (19,0.00132137,56.4059), (20,0.00131053,-158.724), (21,0.00131053,-38.6859), (22,0.00131053,-169.804), (23,0.00131053,-131.295), (24,0.00131053,-285.521), (25,0.00131053,-342.228), (26,0.00131053,-328.678), (27,0.00131053,-295.411), (28,0.00131053,-427.58), (29,0.00131053,-475.333), (30,0.00131053,-463.967), (31,0.00131053,-435.941), (32,0.00131053,-521.764), (33,0.00131053,-584.853), (34,0.00131053,-575.671), (35,0.00131053,-552.886), (36,0.00131053,-616.118), (37,0.00131053,-670.787), (38,0.00131053,-663.789), (39,0.00131053,-646.245), (40,0.00131053,-708.337), (41,0.00131053,-733.136), (42,0.00131053,-728.321), (43,0.00131053,-716.019), (44,0.00131053,-748.677), (45,0.00131053,-771.899), (46,0.00131053,-769.268), (47,0.00131053,-762.207), (48,0.00131053,-776.279), (49,0.00131053,-787.077), (50,0.00131053,-786.63), (51,0.00131053,-781.825),  

Writing: "NeuralEP2DL2p4_Allnode_42.chk"
 (0s, XML)
Steps: 8600000  Time: 0.86        
 CPU Time: 50.4088 min.

um_max = 117.219 at x = 0.0207987, y = 0.245124, z = 0
ue_max = 1624.63 at x = 0.0021222, y = 2.3, z = 0
 
(Nodeid,phim,phie): (0,-0.0468672,146.93), (1,-0.068763,147.409), (2,-0.840052,253.394), (3,0.00364978,-124.72), (4,0.00364978,-473.993), (5,0.00364978,-777.039), (6,0.00364978,-1033.86), (7,0.00364978,-1244.45), (8,0.00364978,-1408.81), (9,0.00364978,-1526.95), (10,0.00364978,-1598.86), (11,0.00364978,-1624.54), (12,88.1954,154.738), (13,49.1104,140.503), (14,108.237,176.699), (15,73.0677,146.874), (16,0.00356193,54.4673), (17,0.00364975,-91.777), (18,0.00364965,-56.659), (19,0.00365062,29.0896), (20,0.00364978,-392.564), (21,0.00364978,-157.29), (22,0.00364978,-414.279), (23,0.00364978,-338.803), (24,0.00364978,-641.084), (25,0.00364978,-752.229), (26,0.00364978,-725.672), (27,0.00364978,-660.468), (28,0.00364978,-919.518), (29,0.00364978,-1013.11), (30,0.00364978,-990.837), (31,0.00364978,-935.906), (32,0.00364978,-1104.12), (33,0.00364978,-1227.77), (34,0.00364978,-1209.77), (35,0.00364978,-1165.12), (36,0.00364978,-1289.05), (37,0.00364978,-1396.2), (38,0.00364978,-1382.49), (39,0.00364978,-1348.1), (40,0.00364978,-1469.8), (41,0.00364978,-1518.4), (42,0.00364978,-1508.97), (43,0.00364978,-1484.86), (44,0.00364978,-1548.87), (45,0.00364978,-1594.38), (46,0.00364978,-1589.22), (47,0.00364978,-1575.38), (48,0.00364978,-1602.96), (49,0.00364978,-1624.13), (50,0.00364978,-1623.25), (51,0.00364978,-1613.84),  

Writing: "NeuralEP2DL2p4_Allnode_43.chk"
 (0s, XML)
Steps: 8800000  Time: 0.88        
 CPU Time: 50.4844 min.

um_max = 119.324 at x = 0, y = 0.252122, z = 0
ue_max = 2305.55 at x = 0.025, y = 2.3, z = 0
 
(Nodeid,phim,phie): (0,-0.114894,-391.109), (1,-0.137289,-391.761), (2,0.691366,-319.185), (3,-0.00777745,215.391), (4,-0.00777745,702.113), (5,-0.00777745,1124.41), (6,-0.00777745,1482.3), (7,-0.00777745,1775.76), (8,-0.00777745,2004.81), (9,-0.00777745,2169.43), (10,-0.00777745,2269.64), (11,-0.00777745,2305.43), (12,84.249,-426.997), (13,45.598,-419.946), (14,105.756,-423.048), (15,69.0868,-425.35), (16,-0.00773297,-34.3099), (17,-0.00777745,169.485), (18,-0.00777819,120.547), (19,-0.00779928,1.05429), (20,-0.00777745,588.639), (21,-0.00777745,260.778), (22,-0.00777745,618.899), (23,-0.00777745,513.721), (24,-0.00777745,934.957), (25,-0.00777745,1089.84), (26,-0.00777745,1052.83), (27,-0.00777745,961.97), (28,-0.00777745,1322.96), (29,-0.00777745,1453.39), (30,-0.00777745,1422.35), (31,-0.00777745,1345.8), (32,-0.00777745,1580.21), (33,-0.00777745,1752.52), (34,-0.00777745,1727.44), (35,-0.00777745,1665.21), (36,-0.00777745,1837.92), (37,-0.00777745,1987.23), (38,-0.00777745,1968.12), (39,-0.00777745,1920.2), (40,-0.00777745,2089.79), (41,-0.00777745,2157.53), (42,-0.00777745,2144.38), (43,-0.00777745,2110.78), (44,-0.00777745,2199.98), (45,-0.00777745,2263.4), (46,-0.00777745,2256.22), (47,-0.00777745,2236.93), (48,-0.00777745,2275.36), (49,-0.00777745,2304.85), (50,-0.00777745,2303.63), (51,-0.00777745,2290.51),  

Writing: "NeuralEP2DL2p4_Allnode_44.chk"
 (0s, XML)
Steps: 9000000  Time: 0.9         
 CPU Time: 50.4211 min.

um_max = 119.031 at x = 0.0010611, y = 0.253003, z = 0
ue_max = 962.139 at x = 0.025, y = 2.3, z = 0
 
(Nodeid,phim,phie): (0,-0.162315,-199.961), (1,-0.184464,-200.233), (2,0.766957,-147.365), (3,-0.00395843,71.4367), (4,-0.00395842,278.848), (5,-0.00395842,458.808), (6,-0.00395842,611.317), (7,-0.00395842,736.374), (8,-0.00395842,833.979), (9,-0.00395842,904.133), (10,-0.00395842,946.836), (11,-0.00395842,962.087), (12,80.2464,-225.645), (13,42.1461,-221.651), (14,102.782,-217.631), (15,65.1443,-225.302), (16,-0.00388082,-34.9721), (17,-0.00395839,51.8739), (18,-0.00395782,31.0195), (19,-0.0039405,-19.9015), (20,-0.00395842,230.492), (21,-0.00395842,90.7777), (22,-0.00395842,243.388), (23,-0.00395842,198.567), (24,-0.00395842,378.073), (25,-0.00395842,444.075), (26,-0.00395842,428.304), (27,-0.00395842,389.584), (28,-0.00395842,543.417), (29,-0.00395842,598.998), (30,-0.00395842,585.769), (31,-0.00395842,553.149), (32,-0.00395842,653.04), (33,-0.00395842,726.47), (34,-0.00395842,715.783), (35,-0.00395842,689.263), (36,-0.00395842,762.86), (37,-0.00395842,826.49), (38,-0.00395842,818.345), (39,-0.00395842,797.926), (40,-0.00395842,870.195), (41,-0.00395842,899.059), (42,-0.00395842,893.455), (43,-0.00395842,879.136), (44,-0.00395842,917.148), (45,-0.00395842,944.176), (46,-0.00395842,941.114), (47,-0.00395842,932.896), (48,-0.00395842,949.274), (49,-0.00395842,961.841), (50,-0.00395842,961.322), (51,-0.00395842,955.73),  

Writing: "NeuralEP2DL2p4_Allnode_45.chk"
 (0s, XML)
Steps: 9200000  Time: 0.92        
 CPU Time: 50.384 min.

um_max = 120.364 at x = 0.0216803, y = 0.254878, z = 0
ue_max = 876.438 at x = 0.0228778, y = 2.3, z = 0
 
(Nodeid,phim,phie): (0,-0.204392,-206.021), (1,-0.225941,-206.261), (2,1.55062,-115.846), (3,-0.00363734,86.8411), (4,-0.00363734,270.709), (5,-0.00363734,430.241), (6,-0.00363734,565.438), (7,-0.00363734,676.299), (8,-0.00363734,762.825), (9,-0.00363734,825.016), (10,-0.00363734,862.871), (11,-0.00363734,876.391), (12,76.2112,-232.266), (13,38.6829,-226.578), (14,99.6368,-225.742), (15,61.2592,-231.151), (16,-0.00369387,-7.48813), (17,-0.00363735,69.4989), (18,-0.00363626,51.0118), (19,-0.00362639,5.86966), (20,-0.00363734,227.842), (21,-0.00363734,103.987), (22,-0.00363734,239.273), (23,-0.00363734,199.541), (24,-0.00363734,358.67), (25,-0.00363734,417.18), (26,-0.00363734,403.2), (27,-0.00363734,368.875), (28,-0.00363734,505.246), (29,-0.00363734,554.518), (30,-0.00363734,542.79), (31,-0.00363734,513.873), (32,-0.00363734,602.425), (33,-0.00363734,667.52), (34,-0.00363734,658.046), (35,-0.00363734,634.537), (36,-0.00363734,699.779), (37,-0.00363734,756.186), (38,-0.00363734,748.966), (39,-0.00363734,730.864), (40,-0.00363734,794.93), (41,-0.00363734,820.518), (42,-0.00363734,815.55), (43,-0.00363734,802.857), (44,-0.00363734,836.553), (45,-0.00363734,860.513), (46,-0.00363734,857.799), (47,-0.00363734,850.514), (48,-0.00363734,865.032), (49,-0.00363734,876.174), (50,-0.00363734,875.713), (51,-0.00363734,870.756),  

Writing: "NeuralEP2DL2p4_Allnode_46.chk"
 (0s, XML)
Steps: 9400000  Time: 0.94        
 CPU Time: 50.4562 min.

um_max = 118.207 at x = 0.025, y = 0.256639, z = 0
ue_max = 1377.13 at x = 0.0228778, y = 2.3, z = 0
 
(Nodeid,phim,phie): (0,-0.236915,163.762), (1,-0.257694,164.182), (2,14.0663,236.731), (3,0.00301782,-76.3166), (4,0.0030178,-379.227), (5,0.0030178,-642.046), (6,0.0030178,-864.775), (7,0.0030178,-1047.41), (8,0.0030178,-1189.96), (9,0.0030178,-1292.41), (10,0.0030178,-1354.78), (11,0.0030178,-1377.05), (12,72.1659,160.505), (13,35.1165,156.774), (14,96.1232,172.796), (15,57.4483,157.424), (16,0.00295058,79.086), (17,0.00301777,-47.7465), (18,0.00301639,-17.2901), (19,0.00300207,57.0773), (20,0.0030178,-308.607), (21,0.0030178,-104.563), (22,0.0030178,-327.439), (23,0.0030178,-261.982), (24,0.0030178,-524.138), (25,0.0030178,-620.529), (26,0.0030178,-597.497), (27,0.0030178,-540.949), (28,0.0030178,-765.612), (29,0.0030178,-846.784), (30,0.0030178,-827.464), (31,0.0030178,-779.825), (32,0.0030178,-925.708), (33,0.0030178,-1032.95), (34,0.0030178,-1017.34), (35,0.0030178,-978.61), (36,0.0030178,-1086.09), (37,0.0030178,-1179.02), (38,0.0030178,-1167.12), (39,0.0030178,-1137.3), (40,0.0030178,-1242.85), (41,0.0030178,-1285), (42,0.0030178,-1276.82), (43,0.0030178,-1255.91), (44,0.0030178,-1311.42), (45,0.0030178,-1350.89), (46,0.0030178,-1346.42), (47,0.0030178,-1334.42), (48,0.0030178,-1358.34), (49,0.0030178,-1376.69), (50,0.0030178,-1375.93), (51,0.0030178,-1367.77),  

Writing: "NeuralEP2DL2p4_Allnode_47.chk"
 (0s, XML)
Steps: 9600000  Time: 0.96        
 CPU Time: 50.4509 min.

um_max = 118.423 at x = 0, y = 0.2625, z = 0
ue_max = 1881.68 at x = 0.0183606, y = 2.3, z = 0
 
(Nodeid,phim,phie): (0,-0.276177,-377.518), (1,-0.296122,-378.07), (2,42.5311,-357.544), (3,-0.00677763,103.934), (4,-0.00677762,517.905), (5,-0.00677762,877.086), (6,-0.00677762,1181.48), (7,-0.00677762,1431.08), (8,-0.00677762,1625.89), (9,-0.00677762,1765.91), (10,-0.00677762,1851.13), (11,-0.00677762,1881.57), (12,68.1367,-414.677), (13,31.34,-401.979), (14,92.5039,-414.359), (15,53.7153,-410.552), (16,-0.0066356,-108.445), (17,-0.00677758,64.8891), (18,-0.00677785,23.2661), (19,-0.0067833,-78.3656), (20,-0.00677762,421.392), (21,-0.00677762,142.537), (22,-0.00677762,447.13), (23,-0.00677762,357.673), (24,-0.00677762,715.946), (25,-0.00677762,847.679), (26,-0.00677762,816.203), (27,-0.00677762,738.921), (28,-0.00677762,1045.96), (29,-0.00677762,1156.89), (30,-0.00677762,1130.49), (31,-0.00677762,1065.38), (32,-0.00677762,1264.75), (33,-0.00677762,1411.31), (34,-0.00677762,1389.98), (35,-0.00677762,1337.05), (36,-0.00677762,1483.94), (37,-0.00677762,1610.94), (38,-0.00677762,1594.68), (39,-0.00677762,1553.93), (40,-0.00677762,1698.17), (41,-0.00677762,1755.78), (42,-0.00677762,1744.59), (43,-0.00677762,1716.01), (44,-0.00677762,1791.88), (45,-0.00677762,1845.83), (46,-0.00677762,1839.71), (47,-0.00677762,1823.31), (48,-0.00677762,1856), (49,-0.00677762,1881.08), (50,-0.00677762,1880.05), (51,-0.00677762,1868.89),  

Writing: "NeuralEP2DL2p4_Allnode_48.chk"
 (0s, XML)
Steps: 9800000  Time: 0.98        
 CPU Time: 50.4546 min.

um_max = 117.375 at x = 0.0010611, y = 0.267863, z = 0
ue_max = 158.698 at x = 0.00663939, y = 2.3, z = 0
 
(Nodeid,phim,phie): (0,-0.302054,-69.3415), (1,-0.321143,-69.3776), (2,71.1884,-30.5518), (3,-0.0015698,17.7071), (4,-0.00156987,50.5386), (5,-0.00156987,79.0248), (6,-0.00156987,103.166), (7,-0.00156987,122.961), (8,-0.00156987,138.411), (9,-0.00156987,149.516), (10,-0.00156987,156.275), (11,-0.00156987,158.69), (12,64.1489,-87.5003), (13,27.2962,-82.1766), (14,88.7735,-81.7576), (15,50.0587,-86.8187), (16,-0.000534126,0.866316), (17,-0.00156957,14.6105), (18,-0.001569,11.3094), (19,-0.00145773,3.25041), (20,-0.00156987,42.8843), (21,-0.00156987,20.7686), (22,-0.00156987,44.9255), (23,-0.00156987,37.8308), (24,-0.00156987,66.245), (25,-0.00156987,76.6926), (26,-0.00156987,74.1963), (27,-0.00156987,68.0672), (28,-0.00156987,92.4177), (29,-0.00156987,101.216), (30,-0.00156987,99.1217), (31,-0.00156987,93.9582), (32,-0.00156987,109.77), (33,-0.00156987,121.393), (34,-0.00156987,119.702), (35,-0.00156987,115.504), (36,-0.00156987,127.154), (37,-0.00156987,137.226), (38,-0.00156987,135.936), (39,-0.00156987,132.704), (40,-0.00156987,144.144), (41,-0.00156987,148.713), (42,-0.00156987,147.826), (43,-0.00156987,145.559), (44,-0.00156987,151.576), (45,-0.00156987,155.854), (46,-0.00156987,155.37), (47,-0.00156987,154.069), (48,-0.00156987,156.661), (49,-0.00156987,158.651), (50,-0.00156987,158.568), (51,-0.00156987,157.683),  

Writing: "NeuralEP2DL2p4_Allnode_49.chk"
 (0s, XML)
Steps: 10000000 Time: 1           
 CPU Time: 50.4632 min.

um_max = 118.26 at x = 0.025, y = 0.268361, z = 0
ue_max = 325.223 at x = 0.00663939, y = 2.3, z = 0
 
(Nodeid,phim,phie): (0,-0.327603,-17.7041), (1,-0.345852,-17.6105), (2,97.6124,-1.12068), (3,-0.000255174,-53.5802), (4,-0.000255378,-116.836), (5,-0.000255378,-171.719), (6,-0.000255378,-218.23), (7,-0.000255378,-256.37), (8,-0.000255378,-286.137), (9,-0.000255378,-307.532), (10,-0.000255378,-320.555), (11,-0.000255378,-325.207), (12,60.2304,-30.9972), (13,22.9997,-26.2986), (14,84.9129,-24.5905), (15,46.4545,-30.8413), (16,0.00118292,-21.1154), (17,-0.000254868,-47.6141), (18,-0.00025847,-41.2541), (19,0.000338056,-25.7211), (20,-0.000255378,-102.088), (21,-0.000255379,-59.4787), (22,-0.000255378,-106.021), (23,-0.000255378,-92.3519), (24,-0.000255378,-147.097), (25,-0.000255378,-167.226), (26,-0.000255378,-162.416), (27,-0.000255378,-150.607), (28,-0.000255378,-197.523), (29,-0.000255378,-214.474), (30,-0.000255378,-210.439), (31,-0.000255378,-200.491), (32,-0.000255378,-230.955), (33,-0.000255378,-253.349), (34,-0.000255378,-250.09), (35,-0.000255378,-242.002), (36,-0.000255378,-264.447), (37,-0.000255378,-283.853), (38,-0.000255378,-281.369), (39,-0.000255378,-275.142), (40,-0.000255378,-297.182), (41,-0.000255378,-305.985), (42,-0.000255378,-304.276), (43,-0.000255378,-299.909), (44,-0.000255378,-311.501), (45,-0.000255378,-319.744), (46,-0.000255378,-318.811), (47,-0.000255378,-316.304), (48,-0.000255378,-321.299), (49,-0.000255378,-325.132), (50,-0.000255378,-324.973), (51,-0.000255378,-323.268),  

Writing: "NeuralEP2DL2p4_Allnode_50.chk"
 (0s, XML)
Steps: 10200000 Time: 1.02        
 CPU Time: 50.403 min.

um_max = 120.758 at x = 0, y = 0.275, z = 0
ue_max = 1860.6 at x = 0.0021222, y = 2.3, z = 0
 
(Nodeid,phim,phie): (0,-0.348274,84.6397), (1,-0.365698,85.1799), (2,112.409,131.807), (3,0.00426019,-171.13), (4,0.00426007,-564.545), (5,0.00426007,-905.89), (6,0.00426007,-1195.17), (7,0.00426007,-1432.37), (8,0.00426007,-1617.51), (9,0.00426007,-1750.57), (10,0.00426007,-1831.57), (11,0.00426007,-1860.5), (12,56.405,87.6125), (13,18.5856,86.589), (14,80.9639,97.8584), (15,42.8645,84.9705), (16,0.0020893,30.7171), (17,0.00425958,-134.024), (18,0.00425535,-94.4681), (19,0.00484473,2.11101), (20,0.00426007,-472.825), (21,0.00426007,-207.816), (22,0.00426007,-497.284), (23,0.00426007,-412.269), (24,0.00426007,-752.752), (25,0.00426007,-877.944), (26,0.00426007,-848.03), (27,0.00426007,-774.587), (28,0.00426007,-1066.37), (29,0.00426007,-1171.8), (30,0.00426007,-1146.71), (31,0.00426007,-1084.83), (32,0.00426007,-1274.31), (33,0.00426007,-1413.59), (34,0.00426007,-1393.31), (35,0.00426007,-1343.01), (36,0.00426007,-1482.61), (37,0.00426007,-1603.3), (38,0.00426007,-1587.85), (39,0.00426007,-1549.12), (40,0.00426007,-1686.2), (41,0.00426007,-1740.95), (42,0.00426007,-1730.32), (43,0.00426007,-1703.16), (44,0.00426007,-1775.26), (45,0.00426007,-1826.53), (46,0.00426007,-1820.72), (47,0.00426007,-1805.13), (48,0.00426007,-1836.2), (49,0.00426007,-1860.03), (50,0.00426007,-1859.05), (51,0.00426007,-1848.44),  

Writing: "NeuralEP2DL2p4_Allnode_51.chk"
 (0s, XML)
Steps: 10400000 Time: 1.04        
 CPU Time: 50.3941 min.

um_max = 125.097 at x = 0.025, y = 0.275, z = 0
ue_max = 1807.52 at x = 0.0183606, y = 2.3, z = 0
 
(Nodeid,phim,phie): (0,-0.377075,-291.517), (1,-0.393704,-292.009), (2,114.7,-320.305), (3,-0.00615478,224.537), (4,-0.00615419,593.154), (5,-0.00615419,912.983), (6,-0.00615419,1184.03), (7,-0.00615419,1406.28), (8,-0.00615419,1579.75), (9,-0.00615419,1704.43), (10,-0.00615419,1780.32), (11,-0.00615419,1807.42), (12,52.685,-324.716), (13,14.2954,-307.479), (14,76.9856,-327.631), (15,39.2255,-319.379), (16,-0.00908745,35.3891), (17,-0.00615529,189.769), (18,-0.00615042,152.707), (19,-0.00747775,62.2078), (20,-0.00615419,507.215), (21,-0.00615418,258.91), (22,-0.00615419,530.132), (23,-0.00615419,450.476), (24,-0.00615419,769.498), (25,-0.00615419,886.799), (26,-0.00615419,858.77), (27,-0.00615419,789.956), (28,-0.00615419,1063.35), (29,-0.00615419,1162.13), (30,-0.00615419,1138.62), (31,-0.00615419,1080.65), (32,-0.00615419,1258.18), (33,-0.00615419,1388.68), (34,-0.00615419,1369.68), (35,-0.00615419,1322.55), (36,-0.00615419,1453.35), (37,-0.00615419,1566.44), (38,-0.00615419,1551.96), (39,-0.00615419,1515.67), (40,-0.00615419,1644.11), (41,-0.00615419,1695.41), (42,-0.00615419,1685.45), (43,-0.00615419,1660), (44,-0.00615419,1727.56), (45,-0.00615419,1775.59), (46,-0.00615419,1770.15), (47,-0.00615419,1755.54), (48,-0.00615419,1784.65), (49,-0.00615419,1806.99), (50,-0.00615419,1806.06), (51,-0.00615419,1796.12),  

Writing: "NeuralEP2DL2p4_Allnode_52.chk"
 (0s, XML)
Steps: 10600000 Time: 1.06        
 CPU Time: 50.4189 min.

um_max = 121.413 at x = 0, y = 0.279244, z = 0
ue_max = 3503.8 at x = 0.025, y = 2.3, z = 0
 
(Nodeid,phim,phie): (0,-0.400146,-411.526), (1,-0.416005,-412.543), (2,113.049,-483.742), (3,-0.0114518,256.329), (4,-0.0114515,1012.55), (5,-0.0114515,1668.67), (6,-0.0114515,2224.72), (7,-0.0114515,2680.67), (8,-0.0114515,3036.54), (9,-0.0114515,3292.31), (10,-0.0114515,3448.01), (11,-0.0114515,3503.61), (12,49.0775,-463.476), (13,10.4437,-435.844), (14,72.9975,-473.474), (15,35.4865,-453.433), (16,-0.00300059,-131.679), (17,-0.0114495,185.004), (18,-0.0114253,108.971), (19,-0.0134768,-76.6733), (20,-0.0114515,836.242), (21,-0.0114515,326.846), (22,-0.0114515,883.257), (23,-0.0114515,719.843), (24,-0.0114515,1374.31), (25,-0.0114515,1614.96), (26,-0.0114515,1557.46), (27,-0.0114515,1416.28), (28,-0.0114515,1977.16), (29,-0.0114515,2179.8), (30,-0.0114515,2131.57), (31,-0.0114515,2012.64), (32,-0.0114515,2376.84), (33,-0.0114515,2644.56), (34,-0.0114515,2605.59), (35,-0.0114515,2508.91), (36,-0.0114515,2777.24), (37,-0.0114515,3009.23), (38,-0.0114515,2979.53), (39,-0.0114515,2905.08), (40,-0.0114515,3168.58), (41,-0.0114515,3273.81), (42,-0.0114515,3253.38), (43,-0.0114515,3201.18), (44,-0.0114515,3339.77), (45,-0.0114515,3438.31), (46,-0.0114515,3427.15), (47,-0.0114515,3397.18), (48,-0.0114515,3456.89), (49,-0.0114515,3502.72), (50,-0.0114515,3500.82), (51,-0.0114515,3480.43),  

Writing: "NeuralEP2DL2p4_Allnode_53.chk"
 (0s, XML)
Steps: 10800000 Time: 1.08        
 CPU Time: 50.1644 min.

um_max = 127.409 at x = 0.025, y = 0.279244, z = 0
ue_max = 2124.62 at x = 0.0183606, y = 2.3, z = 0
 
(Nodeid,phim,phie): (0,-0.414411,-235.202), (1,-0.42952,-235.822), (2,111.179,-286.22), (3,-0.00744067,137.031), (4,-0.00744154,599.866), (5,-0.00744154,1001.44), (6,-0.00744154,1341.76), (7,-0.00744154,1620.83), (8,-0.00744154,1838.63), (9,-0.00744154,1995.18), (10,-0.00744154,2090.47), (11,-0.00744154,2124.5), (12,45.5688,-273.657), (13,7.28053,-250.455), (14,69.0233,-280.441), (15,31.6245,-265.238), (16,-0.0044106,-100.354), (17,-0.00743998,93.3767), (18,-0.00745171,46.84), (19,-0.00494385,-66.7868), (20,-0.00744154,491.961), (21,-0.00744154,180.19), (22,-0.00744154,520.736), (23,-0.00744154,420.72), (24,-0.00744154,821.284), (25,-0.00744154,968.567), (26,-0.00744154,933.375), (27,-0.00744154,846.971), (28,-0.00744154,1190.25), (29,-0.00744154,1314.28), (30,-0.00744154,1284.76), (31,-0.00744154,1211.96), (32,-0.00744154,1434.87), (33,-0.00744154,1598.73), (34,-0.00744154,1574.88), (35,-0.00744154,1515.7), (36,-0.00744154,1679.93), (37,-0.00744154,1821.92), (38,-0.00744154,1803.74), (39,-0.00744154,1758.18), (40,-0.00744154,1919.45), (41,-0.00744154,1983.86), (42,-0.00744154,1971.35), (43,-0.00744154,1939.4), (44,-0.00744154,2024.22), (45,-0.00744154,2084.53), (46,-0.00744154,2077.7), (47,-0.00744154,2059.36), (48,-0.00744154,2095.91), (49,-0.00744154,2123.95), (50,-0.00744154,2122.79), (51,-0.00744154,2110.32),  

Writing: "NeuralEP2DL2p4_Allnode_54.chk"
 (0s, XML)
Steps: 11000000 Time: 1.1         
 CPU Time: 50.1684 min.

um_max = 120.142 at x = 0, y = 0.288279, z = 0
ue_max = 3909.28 at x = 0.0125, y = 2.3, z = 0
 
(Nodeid,phim,phie): (0,-0.416203,322.166), (1,-0.430579,323.337), (2,108.783,394.526), (3,0.010643,-214.943), (4,0.0106428,-1075.22), (5,0.0106428,-1821.63), (6,0.0106428,-2454.19), (7,0.0106428,-2972.88), (8,0.0106428,-3377.72), (9,0.0106428,-3668.69), (10,0.0106428,-3845.81), (11,0.0106428,-3909.06), (12,42.1208,347.159), (13,4.8901,342.583), (14,65.0836,359.708), (15,27.664,343.77), (16,-0.00545756,226.473), (17,0.010638,-133.803), (18,0.0105768,-47.3074), (19,0.0130156,163.891), (20,0.0106428,-874.653), (21,0.0106428,-295.163), (22,0.0106428,-928.138), (23,0.0106428,-742.237), (24,0.0106428,-1486.77), (25,0.0106428,-1760.52), (26,0.0106428,-1695.11), (27,0.0106428,-1534.51), (28,0.0106428,-2172.56), (29,0.0106428,-2403.09), (30,0.0106428,-2348.22), (31,0.0106428,-2212.93), (32,0.0106428,-2627.24), (33,0.0106428,-2931.8), (34,0.0106428,-2887.48), (35,0.0106428,-2777.48), (36,0.0106428,-3082.74), (37,0.0106428,-3346.65), (38,0.0106428,-3312.87), (39,0.0106428,-3228.18), (40,0.0106428,-3527.93), (41,0.0106428,-3647.65), (42,0.0106428,-3624.4), (43,0.0106428,-3565.01), (44,0.0106428,-3722.67), (45,0.0106428,-3834.78), (46,0.0106428,-3822.08), (47,0.0106428,-3787.99), (48,0.0106428,-3855.92), (49,0.0106428,-3908.05), (50,0.0106428,-3905.89), (51,0.0106428,-3882.7),  

Writing: "NeuralEP2DL2p4_Allnode_55.chk"
 (0s, XML)
Steps: 11200000 Time: 1.12        
 CPU Time: 50.1179 min.

um_max = 121.992 at x = 0.025, y = 0.288279, z = 0
ue_max = 1869.7 at x = 0.025, y = 2.3, z = 0
 
(Nodeid,phim,phie): (0,-0.442208,-188.78), (1,-0.455901,-189.305), (2,105.994,-238.165), (3,-0.00647093,186.121), (4,-0.00647007,578.164), (5,-0.00647007,918.318), (6,-0.00647007,1206.58), (7,-0.00647007,1442.96), (8,-0.00647007,1627.45), (9,-0.00647007,1760.06), (10,-0.00647007,1840.77), (11,-0.00647007,1869.6), (12,38.6543,-223.464), (13,3.16921,-200.387), (14,61.1978,-232.152), (15,23.6587,-213.895), (16,0.0018609,-15.1042), (17,-0.00646866,149.144), (18,-0.00644927,109.727), (19,-0.00954186,13.5052), (20,-0.00647007,486.763), (21,-0.00647007,222.679), (22,-0.00647007,511.137), (23,-0.00647007,426.419), (24,-0.00647007,765.714), (25,-0.00647007,890.47), (26,-0.00647007,860.66), (27,-0.00647007,787.472), (28,-0.00647007,1078.24), (29,-0.00647007,1183.3), (30,-0.00647007,1158.3), (31,-0.00647007,1096.64), (32,-0.00647007,1285.45), (33,-0.00647007,1424.24), (34,-0.00647007,1404.04), (35,-0.00647007,1353.92), (36,-0.00647007,1493.03), (37,-0.00647007,1613.3), (38,-0.00647007,1597.9), (39,-0.00647007,1559.31), (40,-0.00647007,1695.91), (41,-0.00647007,1750.46), (42,-0.00647007,1739.87), (43,-0.00647007,1712.81), (44,-0.00647007,1784.66), (45,-0.00647007,1835.74), (46,-0.00647007,1829.96), (47,-0.00647007,1814.42), (48,-0.00647007,1845.38), (49,-0.00647007,1869.13), (50,-0.00647007,1868.15), (51,-0.00647007,1857.58),  

Writing: "NeuralEP2DL2p4_Allnode_56.chk"
 (0s, XML)
Steps: 11400000 Time: 1.14        
 CPU Time: 50.1097 min.

um_max = 119.274 at x = 0, y = 0.3, z = 0
ue_max = 582.084 at x = 0.025, y = 2.3, z = 0
 
(Nodeid,phim,phie): (0,-0.448247,91.7758), (1,-0.461267,91.9687), (2,102.605,88.1884), (3,0.000777978,11.6898), (4,0.000778299,-126.578), (5,0.000778299,-246.546), (6,0.000778299,-348.214), (7,0.000778299,-431.581), (8,0.000778299,-496.648), (9,0.000778299,-543.415), (10,0.000778299,-571.882), (11,0.000778299,-582.049), (12,35.087,83.4629), (13,1.99626,94.4763), (14,57.3901,82.7418), (15,19.7193,88.3884), (16,-0.00601286,82.6207), (17,0.000777627,24.731), (18,0.000852317,38.6338), (19,0.0002688,72.4998), (20,0.000778299,-94.3425), (21,0.000778306,-1.20366), (22,0.000778299,-102.939), (23,0.000778299,-73.0599), (24,0.000778299,-192.725), (25,0.000778299,-236.724), (26,0.000778299,-226.211), (27,0.000778299,-200.399), (28,0.000778299,-302.949), (29,0.000778299,-340.002), (30,0.000778299,-331.183), (31,0.000778299,-309.437), (32,0.000778299,-376.028), (33,0.000778299,-424.979), (34,0.000778299,-417.854), (35,0.000778299,-400.175), (36,0.000778299,-449.238), (37,0.000778299,-491.656), (38,0.000778299,-486.226), (39,0.000778299,-472.614), (40,0.000778299,-520.791), (41,0.000778299,-540.033), (42,0.000778299,-536.297), (43,0.000778299,-526.752), (44,0.000778299,-552.092), (45,0.000778299,-570.109), (46,0.000778299,-568.068), (47,0.000778299,-562.589), (48,0.000778299,-573.508), (49,0.000778299,-581.886), (50,0.000778299,-581.539), (51,0.000778299,-577.811),  

Writing: "NeuralEP2DL2p4_Allnode_57.chk"
 (0s, XML)
Steps: 11600000 Time: 1.16        
 CPU Time: 50.1135 min.

um_max = 119.16 at x = 0.025, y = 0.3, z = 0
ue_max = 394.393 at x = 0.0228778, y = 2.3, z = 0
 
(Nodeid,phim,phie): (0,-0.460193,-42.9775), (1,-0.47257,-43.0593), (2,99.4181,-63.8394), (3,-0.00199129,117.741), (4,-0.00199225,182.163), (5,-0.00199225,238.059), (6,-0.00199225,285.428), (7,-0.00199225,324.271), (8,-0.00199225,354.587), (9,-0.00199225,376.377), (10,-0.00199225,389.64), (11,-0.00199225,394.377), (12,31.3106,-59.7159), (13,1.20857,-45.3373), (14,53.6596,-64.2293), (15,15.9383,-52.6328), (16,0.00616282,84.7625), (17,-0.00198973,111.665), (18,-0.00205442,105.187), (19,0.00170912,89.4302), (20,-0.00199225,167.144), (21,-0.00199226,123.749), (22,-0.00199225,171.149), (23,-0.00199225,157.228), (24,-0.00199225,212.983), (25,-0.00199225,233.483), (26,-0.00199225,228.584), (27,-0.00199225,216.558), (28,-0.00199225,264.339), (29,-0.00199225,281.602), (30,-0.00199225,277.493), (31,-0.00199225,267.361), (32,-0.00199225,298.387), (33,-0.00199225,321.195), (34,-0.00199225,317.875), (35,-0.00199225,309.638), (36,-0.00199225,332.497), (37,-0.00199225,352.261), (38,-0.00199225,349.731), (39,-0.00199225,343.389), (40,-0.00199225,365.836), (41,-0.00199225,374.801), (42,-0.00199225,373.06), (43,-0.00199225,368.613), (44,-0.00199225,380.419), (45,-0.00199225,388.814), (46,-0.00199225,387.863), (47,-0.00199225,385.31), (48,-0.00199225,390.397), (49,-0.00199225,394.301), (50,-0.00199225,394.139), (51,-0.00199225,392.403),  

Writing: "NeuralEP2DL2p4_Allnode_58.chk"
 (0s, XML)
Steps: 11800000 Time: 1.18        
 CPU Time: 50.0936 min.

um_max = 118.574 at x = 0.025, y = 0.311721, z = 0
ue_max = 3713.81 at x = 0.025, y = 2.3, z = 0
 
(Nodeid,phim,phie): (0,-0.45909,370.468), (1,-0.470842,371.583), (2,95.8666,433.815), (3,0.0100876,-194.447), (4,0.0100908,-1013.98), (5,0.0100908,-1725.04), (6,0.0100908,-2327.63), (7,0.0100908,-2821.76), (8,0.0100908,-3207.42), (9,0.0100908,-3484.62), (10,0.0100908,-3653.34), (11,0.0100908,-3713.6), (12,27.2671,397.911), (13,0.701097,391.397), (14,50.0056,406.845), (15,12.4423,396.206), (16,0.0909762,225.628), (17,0.0101123,-117.15), (18,0.01015,-34.7463), (19,0.00890468,166.73), (20,0.0100908,-822.912), (21,0.0100908,-270.868), (22,0.0100908,-873.864), (23,0.0100908,-696.768), (24,0.0100908,-1406.03), (25,0.0100908,-1666.82), (26,0.0100908,-1604.51), (27,0.0100908,-1451.52), (28,0.0100908,-2059.35), (29,0.0100908,-2278.96), (30,0.0100908,-2226.69), (31,0.0100908,-2097.8), (32,0.0100908,-2492.49), (33,0.0100908,-2782.63), (34,0.0100908,-2740.4), (35,0.0100908,-2635.62), (36,0.0100908,-2926.42), (37,0.0100908,-3177.83), (38,0.0100908,-3145.65), (39,0.0100908,-3064.97), (40,0.0100908,-3350.52), (41,0.0100908,-3464.57), (42,0.0100908,-3442.43), (43,0.0100908,-3385.85), (44,0.0100908,-3536.04), (45,0.0100908,-3642.83), (46,0.0100908,-3630.74), (47,0.0100908,-3598.26), (48,0.0100908,-3662.98), (49,0.0100908,-3712.63), (50,0.0100908,-3710.58), (51,0.0100908,-3688.49),  

Writing: "NeuralEP2DL2p4_Allnode_59.chk"
 (0s, XML)
Steps: 12000000 Time: 1.2         
 CPU Time: 50.2012 min.

um_max = 118.75 at x = 0.025, y = 0.311721, z = 0
ue_max = 392.188 at x = 0.00663939, y = 2.3, z = 0
 
(Nodeid,phim,phie): (0,-0.473656,73.3622), (1,-0.48482,73.4861), (2,91.9715,65.1398), (3,7.92479e-05,-14.9389), (4,9.35515e-05,-102.786), (5,9.35515e-05,-179.007), (6,9.35515e-05,-243.6), (7,9.35515e-05,-296.567), (8,9.35515e-05,-337.907), (9,9.35515e-05,-367.62), (10,9.35515e-05,-385.706), (11,9.35515e-05,-392.165), (12,22.9653,67.3589), (13,0.361586,75.2653), (14,46.4012,63.5756), (15,9.34303,72.3726), (16,0.0494873,29.4548), (17,0.000108085,-6.65237), (18,0.000932973,2.18255), (19,0.0120107,23.2657), (20,9.35515e-05,-82.3055), (21,9.36207e-05,-23.1306), (22,9.35515e-05,-87.7671), (23,9.35516e-05,-68.7838), (24,9.35515e-05,-144.812), (25,9.35515e-05,-172.766), (26,9.35515e-05,-166.087), (27,9.35515e-05,-149.687), (28,9.35515e-05,-214.842), (29,9.35515e-05,-238.383), (30,9.35515e-05,-232.78), (31,9.35515e-05,-218.964), (32,9.35515e-05,-261.272), (33,9.35515e-05,-292.372), (34,9.35515e-05,-287.846), (35,9.35515e-05,-276.614), (36,9.35515e-05,-307.785), (37,9.35515e-05,-334.735), (38,9.35515e-05,-331.285), (39,9.35515e-05,-322.636), (40,9.35515e-05,-353.246), (41,9.35515e-05,-365.47), (42,9.35515e-05,-363.097), (43,9.35515e-05,-357.033), (44,9.35515e-05,-373.132), (45,9.35515e-05,-384.579), (46,9.35515e-05,-383.283), (47,9.35515e-05,-379.802), (48,9.35515e-05,-386.739), (49,9.35515e-05,-392.062), (50,9.35515e-05,-391.841), (51,9.35515e-05,-389.473),  

Writing: "NeuralEP2DL2p4_Allnode_60.chk"
 (0s, XML)
Steps: 12200000 Time: 1.22        
 CPU Time: 50.0796 min.

um_max = 120.453 at x = 0, y = 0.325, z = 0
ue_max = 3747.95 at x = 0, y = 2.3, z = 0
 
(Nodeid,phim,phie): (0,-0.47091,286.712), (1,-0.481498,287.854), (2,88.0784,348.827), (3,0.0103588,-139.503), (4,0.0103773,-979.777), (5,0.0103773,-1708.84), (6,0.0103773,-2326.69), (7,0.0103773,-2833.32), (8,0.0103773,-3228.74), (9,0.0103773,-3512.95), (10,0.0103773,-3685.95), (11,0.0103773,-3747.74), (12,18.5519,318.807), (13,0.14928,308.375), (14,42.8122,325.957), (15,6.75796,315.731), (16,-0.138442,291.148), (17,0.0103054,-60.2495), (18,0.0110194,24.2288), (19,0.024661,229.334), (20,0.0103773,-783.876), (21,0.0103773,-217.858), (22,0.0103773,-836.117), (23,0.0103773,-654.538), (24,0.0103773,-1381.76), (25,0.0103773,-1649.15), (26,0.0103773,-1585.26), (27,0.0103773,-1428.39), (28,0.0103773,-2051.61), (29,0.0103773,-2276.78), (30,0.0103773,-2223.19), (31,0.0103773,-2091.04), (32,0.0103773,-2495.72), (33,0.0103773,-2793.2), (34,0.0103773,-2749.9), (35,0.0103773,-2642.47), (36,0.0103773,-2940.62), (37,0.0103773,-3198.4), (38,0.0103773,-3165.41), (39,0.0103773,-3082.68), (40,0.0103773,-3375.46), (41,0.0103773,-3492.4), (42,0.0103773,-3469.7), (43,0.0103773,-3411.69), (44,0.0103773,-3565.68), (45,0.0103773,-3675.18), (46,0.0103773,-3662.77), (47,0.0103773,-3629.48), (48,0.0103773,-3695.83), (49,0.0103773,-3746.74), (50,0.0103773,-3744.64), (51,0.0103773,-3721.98),  

Writing: "NeuralEP2DL2p4_Allnode_61.chk"
 (0s, XML)
Steps: 12400000 Time: 1.24        
 CPU Time: 50.1241 min.

um_max = 123.372 at x = 0.00115118, y = 0.326942, z = 0
ue_max = 1564.09 at x = 0.0021222, y = 2.3, z = 0
 
(Nodeid,phim,phie): (0,-0.487646,-163.554), (1,-0.497697,-163.982), (2,84.1245,-211.447), (3,-0.00543463,191.493), (4,-0.0054745,511.118), (5,-0.0054745,788.441), (6,-0.0054745,1023.46), (7,-0.0054745,1216.18), (8,-0.0054745,1366.59), (9,-0.0054745,1474.7), (10,-0.0054745,1540.5), (11,-0.0054745,1564), (12,14.2611,-185.201), (13,-0.00521443,-172.178), (14,39.1712,-197.601), (15,4.69915,-178.007), (16,-0.0881145,29.3211), (17,-0.00547505,161.344), (18,-0.006877,129.209), (19,-0.0289617,51.6004), (20,-0.0054745,436.601), (21,-0.00547459,221.297), (22,-0.0054745,456.473), (23,-0.0054745,387.403), (24,-0.0054745,664.025), (25,-0.0054745,765.736), (26,-0.0054745,741.433), (27,-0.0054745,681.765), (28,-0.0054745,918.825), (29,-0.0054745,1004.48), (30,-0.0054745,984.091), (31,-0.0054745,933.823), (32,-0.0054745,1087.76), (33,-0.0054745,1200.91), (34,-0.0054745,1184.44), (35,-0.0054745,1143.58), (36,-0.0054745,1256.99), (37,-0.0054745,1355.05), (38,-0.0054745,1342.49), (39,-0.0054745,1311.03), (40,-0.0054745,1422.4), (41,-0.0054745,1466.88), (42,-0.0054745,1458.24), (43,-0.0054745,1436.18), (44,-0.0054745,1494.75), (45,-0.0054745,1536.4), (46,-0.0054745,1531.69), (47,-0.0054745,1519.02), (48,-0.0054745,1544.26), (49,-0.0054745,1563.63), (50,-0.0054745,1562.83), (51,-0.0054745,1554.21),  

Writing: "NeuralEP2DL2p4_Allnode_62.chk"
 (0s, XML)
Steps: 12600000 Time: 1.26        
 CPU Time: 50.1169 min.

um_max = 121.434 at x = 0, y = 0.329244, z = 0
ue_max = 3621.67 at x = 0.00663939, y = 2.3, z = 0
 
(Nodeid,phim,phie): (0,-0.49596,-293.278), (1,-0.50549,-294.365), (2,80.109,-388.292), (3,-0.0120416,159.62), (4,-0.0121255,965.803), (5,-0.0121255,1665.28), (6,-0.0121255,2258.07), (7,-0.0121255,2744.15), (8,-0.0121255,3123.53), (9,-0.0121255,3396.21), (10,-0.0121255,3562.19), (11,-0.0121255,3621.46), (12,10.413,-336.535), (13,-0.108836,-314.58), (14,35.4304,-357.677), (15,3.14794,-325.646), (16,0.42602,-250.294), (17,-0.0117398,83.5821), (18,-0.0141151,2.53592), (19,0.0562995,-191.473), (20,-0.0121255,777.85), (21,-0.0121254,234.796), (22,-0.0121255,827.972), (23,-0.0121255,653.76), (24,-0.0121255,1351.48), (25,-0.0121255,1608.02), (26,-0.0121255,1546.72), (27,-0.0121255,1396.22), (28,-0.0121255,1994.15), (29,-0.0121255,2210.19), (30,-0.0121255,2158.77), (31,-0.0121255,2031.98), (32,-0.0121255,2420.24), (33,-0.0121255,2705.65), (34,-0.0121255,2664.11), (35,-0.0121255,2561.03), (36,-0.0121255,2847.1), (37,-0.0121255,3094.42), (38,-0.0121255,3062.76), (39,-0.0121255,2983.39), (40,-0.0121255,3264.29), (41,-0.0121255,3376.48), (42,-0.0121255,3354.7), (43,-0.0121255,3299.05), (44,-0.0121255,3446.79), (45,-0.0121255,3551.85), (46,-0.0121255,3539.95), (47,-0.0121255,3508), (48,-0.0121255,3571.66), (49,-0.0121255,3620.51), (50,-0.0121255,3618.49), (51,-0.0121255,3596.75),  

Writing: "NeuralEP2DL2p4_Allnode_63.chk"
 (0s, XML)
Steps: 12800000 Time: 1.28        
 CPU Time: 50.1552 min.

um_max = 127.377 at x = 0.025, y = 0.329244, z = 0
ue_max = 1720.66 at x = 0.00663939, y = 2.3, z = 0
 
(Nodeid,phim,phie): (0,-0.493145,-117.725), (1,-0.502173,-118.246), (2,76.0652,-175.104), (3,-0.00646977,57.9413), (4,-0.00640013,445.126), (5,-0.00640013,781.065), (6,-0.00640013,1065.76), (7,-0.00640013,1299.21), (8,-0.00640013,1481.41), (9,-0.00640013,1612.37), (10,-0.00640013,1692.09), (11,-0.00640013,1720.56), (12,7.25669,-139.444), (13,-0.176944,-128.022), (14,31.5675,-154.651), (15,2.03412,-133.533), (16,0.0223091,-143.754), (17,-0.00645114,21.4255), (18,-0.0039181,-17.5052), (19,-0.0157217,-114.506), (20,-0.00640013,354.858), (21,-0.0064,94.0462), (22,-0.00640013,378.93), (23,-0.00640013,295.261), (24,-0.00640013,630.352), (25,-0.00640013,753.562), (26,-0.00640013,724.122), (27,-0.00640013,651.841), (28,-0.00640013,939.009), (29,-0.00640013,1042.76), (30,-0.00640013,1018.07), (31,-0.00640013,957.176), (32,-0.00640013,1143.65), (33,-0.00640013,1280.72), (34,-0.00640013,1260.77), (35,-0.00640013,1211.27), (36,-0.00640013,1348.65), (37,-0.00640013,1467.43), (38,-0.00640013,1452.23), (39,-0.00640013,1414.11), (40,-0.00640013,1549.02), (41,-0.00640013,1602.9), (42,-0.00640013,1592.44), (43,-0.00640013,1565.71), (44,-0.00640013,1636.67), (45,-0.00640013,1687.12), (46,-0.00640013,1681.41), (47,-0.00640013,1666.06), (48,-0.00640013,1696.64), (49,-0.00640013,1720.1), (50,-0.00640013,1719.13), (51,-0.00640013,1708.69),  

Writing: "NeuralEP2DL2p4_Allnode_64.chk"
 (0s, XML)
Steps: 13000000 Time: 1.3         
 CPU Time: 50.1571 min.

um_max = 120.128 at x = 0, y = 0.338279, z = 0
ue_max = 4201.45 at x = 0.025, y = 2.3, z = 0
 
(Nodeid,phim,phie): (0,-0.478895,209.327), (1,-0.487436,210.616), (2,72.0128,276.812), (3,0.0117358,-123.597), (4,0.0118705,-1073.18), (5,0.0118705,-1897.08), (6,0.0118705,-2595.3), (7,0.0118705,-3167.84), (8,0.0118705,-3614.7), (9,0.0118705,-3935.89), (10,0.0118705,-4131.39), (11,0.0118705,-4201.21), (12,4.8728,252.943), (13,-0.219699,234.039), (14,27.607,258.965), (15,1.27052,245.112), (16,-0.735051,356.619), (17,0.0110703,-34.0349), (18,0.0142159,61.4372), (19,-0.167593,287.542), (20,0.0118705,-851.794), (21,0.0118702,-212.145), (22,0.0118705,-910.831), (23,0.0118705,-705.632), (24,0.0118705,-1527.45), (25,0.0118705,-1829.63), (26,0.0118705,-1757.42), (27,0.0118705,-1580.15), (28,0.0118705,-2284.44), (29,0.0118705,-2538.9), (30,0.0118705,-2478.34), (31,0.0118705,-2329), (32,0.0118705,-2786.32), (33,0.0118705,-3122.5), (34,0.0118705,-3073.57), (35,0.0118705,-2952.16), (36,0.0118705,-3289.1), (37,0.0118705,-3580.42), (38,0.0118705,-3543.13), (39,0.0118705,-3449.64), (40,0.0118705,-3780.51), (41,0.0118705,-3912.65), (42,0.0118705,-3887), (43,0.0118705,-3821.44), (44,0.0118705,-3995.47), (45,0.0118705,-4119.21), (46,0.0118705,-4105.19), (47,0.0118705,-4067.57), (48,0.0118705,-4142.55), (49,0.0118705,-4200.09), (50,0.0118705,-4197.71), (51,0.0118705,-4172.11),  

Writing: "NeuralEP2DL2p4_Allnode_65.chk"
 (0s, XML)
Steps: 13200000 Time: 1.32        
 CPU Time: 50.1725 min.

um_max = 122.036 at x = 0.025, y = 0.338279, z = 0
ue_max = 1852.02 at x = 0.00663939, y = 2.3, z = 0
 
(Nodeid,phim,phie): (0,-0.493983,-153.798), (1,-0.502077,-154.345), (2,67.9725,-215.054), (3,-0.00651013,106.09), (4,-0.00666172,512.653), (5,-0.00666172,865.406), (6,-0.00666172,1164.35), (7,-0.00666172,1409.48), (8,-0.00666172,1600.81), (9,-0.00666172,1738.32), (10,-0.00666172,1822.02), (11,-0.00666172,1851.92), (12,3.15663,-174.655), (13,-0.275016,-164.535), (14,23.6032,-189.759), (15,0.738009,-169.776), (16,0.415881,-96.0554), (17,-0.00618413,67.7424), (18,-0.00945892,26.891), (19,0.104744,-67.9386), (20,-0.00666172,417.867), (21,-0.00666152,144.002), (22,-0.00666172,443.144), (23,-0.00666172,355.288), (24,-0.00666172,707.15), (25,-0.00666172,836.526), (26,-0.00666172,805.612), (27,-0.00666172,729.714), (28,-0.00666172,1031.25), (29,-0.00666172,1140.2), (30,-0.00666172,1114.27), (31,-0.00666172,1050.33), (32,-0.00666172,1246.13), (33,-0.00666172,1390.07), (34,-0.00666172,1369.12), (35,-0.00666172,1317.14), (36,-0.00666172,1461.4), (37,-0.00666172,1586.13), (38,-0.00666172,1570.16), (39,-0.00666172,1530.13), (40,-0.00666172,1671.79), (41,-0.00666172,1728.37), (42,-0.00666172,1717.39), (43,-0.00666172,1689.32), (44,-0.00666172,1763.83), (45,-0.00666172,1816.81), (46,-0.00666172,1810.81), (47,-0.00666172,1794.7), (48,-0.00666172,1826.8), (49,-0.00666172,1851.44), (50,-0.00666172,1850.42), (51,-0.00666172,1839.46),  

Writing: "NeuralEP2DL2p4_Allnode_66.chk"
 (0s, XML)
Steps: 13400000 Time: 1.34        
 CPU Time: 50.1267 min.

um_max = 119.246 at x = 0, y = 0.35, z = 0
ue_max = 600.166 at x = 0.025, y = 2.3, z = 0
 
(Nodeid,phim,phie): (0,-0.486616,69.1288), (1,-0.494272,69.327), (2,63.9807,60.3339), (3,0.000827373,17.4849), (4,0.000860264,-126.343), (5,0.000860264,-251.135), (6,0.000860264,-356.891), (7,0.000860264,-443.61), (8,0.000860264,-511.294), (9,0.000860264,-559.942), (10,0.000860264,-589.553), (11,0.000860264,-600.129), (12,1.98786,75.1704), (13,-0.306322,72.816), (14,19.6676,69.8309), (15,0.391856,74.3711), (16,-0.0825826,92.2425), (17,0.000941876,31.0479), (18,0.000121365,45.4341), (19,0.112274,82.2121), (20,0.000860264,-92.811), (21,0.000859942,4.07303), (22,0.000860264,-101.753), (23,0.000860264,-70.6726), (24,0.000860264,-195.149), (25,0.000860264,-240.918), (26,0.000860264,-229.982), (27,0.000860264,-203.132), (28,0.000860264,-309.806), (29,0.000860264,-348.348), (30,0.000860264,-339.175), (31,0.000860264,-316.555), (32,0.000860264,-385.823), (33,0.000860264,-436.743), (34,0.000860264,-429.332), (35,0.000860264,-410.942), (36,0.000860264,-461.977), (37,0.000860264,-506.101), (38,0.000860264,-500.452), (39,0.000860264,-486.293), (40,0.000860264,-536.408), (41,0.000860264,-556.423), (42,0.000860264,-552.537), (43,0.000860264,-542.608), (44,0.000860264,-568.967), (45,0.000860264,-587.709), (46,0.000860264,-585.586), (47,0.000860264,-579.887), (48,0.000860264,-591.244), (49,0.000860264,-599.959), (50,0.000860264,-599.598), (51,0.000860264,-595.721),  

Writing: "NeuralEP2DL2p4_Allnode_67.chk"
 (0s, XML)
Steps: 13600000 Time: 1.36        
 CPU Time: 49.7973 min.

um_max = 119.234 at x = 0.025, y = 0.35, z = 0
ue_max = 276.355 at x = 0.0183606, y = 2.3, z = 0
 
(Nodeid,phim,phie): (0,-0.486952,-87.1603), (1,-0.494194,-87.2296), (2,60.0555,-113.714), (3,-0.00188893,46.5483), (4,-0.00183732,100.062), (5,-0.00183732,146.493), (6,-0.00183732,185.841), (7,-0.00183732,218.106), (8,-0.00183732,243.289), (9,-0.00183732,261.389), (10,-0.00183732,272.407), (11,-0.00183732,276.342), (12,1.2031,-90.3648), (13,-0.339201,-88.6152), (14,15.8913,-97.6075), (15,0.155045,-89.4233), (16,0.362137,16.3128), (17,-0.00195126,41.5055), (18,0.00172311,36.1794), (19,-0.166232,18.2991), (20,-0.00183732,87.5857), (21,-0.001837,51.5384), (22,-0.00183732,90.9128), (23,-0.00183732,79.3488), (24,-0.00183732,125.662), (25,-0.00183732,142.691), (26,-0.00183732,138.622), (27,-0.00183732,128.632), (28,-0.00183732,168.322), (29,-0.00183732,182.663), (30,-0.00183732,179.249), (31,-0.00183732,170.833), (32,-0.00183732,196.606), (33,-0.00183732,215.551), (34,-0.00183732,212.794), (35,-0.00183732,205.952), (36,-0.00183732,224.94), (37,-0.00183732,241.357), (38,-0.00183732,239.255), (39,-0.00183732,233.987), (40,-0.00183732,252.633), (41,-0.00183732,260.08), (42,-0.00183732,258.634), (43,-0.00183732,254.94), (44,-0.00183732,264.747), (45,-0.00183732,271.721), (46,-0.00183732,270.931), (47,-0.00183732,268.81), (48,-0.00183732,273.036), (49,-0.00183732,276.278), (50,-0.00183732,276.144), (51,-0.00183732,274.702),  

Writing: "NeuralEP2DL2p4_Allnode_68.chk"
 (0s, XML)
Steps: 13800000 Time: 1.38        
 CPU Time: 49.0676 min.

um_max = 118.529 at x = 0.025, y = 0.361721, z = 0
ue_max = 3518.07 at x = 0.025, y = 2.3, z = 0
 
(Nodeid,phim,phie): (0,-0.474373,229.361), (1,-0.481216,230.448), (2,56.229,284.689), (3,0.0105741,-80.3463), (4,0.00983625,-880.864), (5,0.00983625,-1575.43), (6,0.00983625,-2164.05), (7,0.00983625,-2646.71), (8,0.00983625,-3023.43), (9,0.00983625,-3294.19), (10,0.00983625,-3459), (11,0.00983625,-3517.86), (12,0.697387,267.387), (13,-0.358426,250.266), (14,12.4008,275.13), (15,0.00441072,259.88), (16,5.54718,359.497), (17,0.0130184,-4.83864), (18,0.00887836,75.9183), (19,0.645495,290.554), (20,0.00983625,-694.232), (21,0.00983817,-154.995), (22,0.00983625,-744.002), (23,0.00983625,-571.014), (24,0.00983625,-1263.83), (25,0.00983625,-1518.57), (26,0.00983625,-1457.7), (27,0.00983625,-1308.26), (28,0.00983625,-1901.98), (29,0.00983625,-2116.5), (30,0.00983625,-2065.44), (31,0.00983625,-1939.55), (32,0.00983625,-2325.08), (33,0.00983625,-2608.49), (34,0.00983625,-2567.24), (35,0.00983625,-2464.88), (36,0.00983625,-2748.94), (37,0.00983625,-2994.52), (38,0.00983625,-2963.08), (39,0.00983625,-2884.27), (40,0.00983625,-3163.2), (41,0.00983625,-3274.6), (42,0.00983625,-3252.98), (43,0.00983625,-3197.71), (44,0.00983625,-3344.42), (45,0.00983625,-3448.74), (46,0.00983625,-3436.92), (47,0.00983625,-3405.2), (48,0.00983625,-3468.41), (49,0.00983625,-3516.92), (50,0.00983625,-3514.91), (51,0.00983625,-3493.33),  

Writing: "NeuralEP2DL2p4_Allnode_69.chk"
 (0s, XML)
Steps: 14000000 Time: 1.4         
 CPU Time: 48.8677 min.

um_max = 118.794 at x = 0.025, y = 0.361721, z = 0
ue_max = 477.74 at x = 0.025, y = 2.3, z = 0
 
(Nodeid,phim,phie): (0,-0.479072,51.53), (1,-0.485543,51.6767), (2,52.5158,41.9116), (3,0.000862034,-21.5782), (4,0.000349887,-127.808), (5,0.000349887,-219.971), (6,0.000349887,-298.074), (7,0.000349887,-362.12), (8,0.000349887,-412.106), (9,0.000349887,-448.034), (10,0.000349887,-469.903), (11,0.000349887,-477.713), (12,0.35945,56.2889), (13,-0.388902,54.2856), (14,9.30864,54.1315), (15,-0.109191,55.4665), (16,20.5528,60.8804), (17,0.00479968,-11.6016), (18,0.0122303,-1.38453), (19,2.75995,48.3735), (20,0.000349887,-103.044), (21,0.000344318,-31.4919), (22,0.000349887,-109.648), (23,0.000349886,-86.6939), (24,0.000349887,-178.624), (25,0.000349887,-212.425), (26,0.000349887,-204.349), (27,0.000349887,-184.519), (28,0.000349887,-263.301), (29,0.000349887,-291.766), (30,0.000349887,-284.991), (31,0.000349887,-268.285), (32,0.000349887,-319.442), (33,0.000349887,-357.048), (34,0.000349887,-351.574), (35,0.000349887,-337.993), (36,0.000349887,-375.684), (37,0.000349887,-408.271), (38,0.000349887,-404.099), (39,0.000349887,-393.642), (40,0.000349887,-430.653), (41,0.000349887,-445.435), (42,0.000349887,-442.565), (43,0.000349887,-435.232), (44,0.000349887,-454.699), (45,0.000349887,-468.541), (46,0.000349887,-466.973), (47,0.000349887,-462.764), (48,0.000349887,-471.152), (49,0.000349887,-477.588), (50,0.000349887,-477.322), (51,0.000349887,-474.458),  

Writing: "NeuralEP2DL2p4_Allnode_70.chk"
 (0s, XML)
Steps: 14200000 Time: 1.42        
 CPU Time: 48.9789 min.

um_max = 120.444 at x = 0, y = 0.375, z = 0
ue_max = 3420.66 at x = 0.0125, y = 2.3, z = 0
 
(Nodeid,phim,phie): (0,-0.466708,262.132), (1,-0.472817,263.242), (2,48.9223,320.707), (3,0.00908503,91.6919), (4,0.0100762,-726.216), (5,0.0100762,-1435.86), (6,0.0100762,-2037.25), (7,0.0100762,-2530.39), (8,0.0100762,-2915.28), (9,0.0100762,-3191.92), (10,0.0100762,-3360.31), (11,0.0100762,-3420.45), (12,0.147645,301.189), (13,-0.403341,283.519), (14,6.73186,311.503), (15,-0.179766,293.378), (16,42.5901,438.778), (17,0.00482362,168.743), (18,0.0252949,249.85), (19,8.46184,418.479), (20,0.0100762,-535.533), (21,0.0100585,15.4094), (22,0.0100762,-586.383), (23,0.0100762,-409.64), (24,0.0100762,-1117.49), (25,0.0100762,-1377.76), (26,0.0100762,-1315.57), (27,0.0100762,-1162.88), (28,0.0100762,-1769.5), (29,0.0100762,-1988.67), (30,0.0100762,-1936.51), (31,0.0100762,-1807.88), (32,0.0100762,-2201.78), (33,0.0100762,-2491.34), (34,0.0100762,-2449.19), (35,0.0100762,-2344.62), (36,0.0100762,-2634.84), (37,0.0100762,-2885.75), (38,0.0100762,-2853.63), (39,0.0100762,-2773.11), (40,0.0100762,-3058.09), (41,0.0100762,-3171.91), (42,0.0100762,-3149.82), (43,0.0100762,-3093.35), (44,0.0100762,-3243.24), (45,0.0100762,-3349.82), (46,0.0100762,-3337.75), (47,0.0100762,-3305.34), (48,0.0100762,-3369.93), (49,0.0100762,-3419.49), (50,0.0100762,-3417.44), (51,0.0100762,-3395.38),  

Writing: "NeuralEP2DL2p4_Allnode_71.chk"
 (0s, XML)
Steps: 14400000 Time: 1.44        
 CPU Time: 48.8379 min.

um_max = 123.407 at x = 0.00115118, y = 0.376942, z = 0
ue_max = 1501.98 at x = 0.025, y = 2.3, z = 0
 
(Nodeid,phim,phie): (0,-0.475595,-134.58), (1,-0.48137,-135.013), (2,45.4256,-182.845), (3,-0.00667269,120.53), (4,-0.00549791,442.238), (5,-0.00549791,721.345), (6,-0.00549791,957.876), (7,-0.00549791,1151.83), (8,-0.00549791,1303.21), (9,-0.00549791,1412.02), (10,-0.00549791,1478.24), (11,-0.00549791,1501.9), (12,-0.00612948,-150.261), (13,-0.433212,-142.995), (14,4.68324,-157.206), (15,-0.246613,-146.998), (16,65.686,-154.667), (17,-0.0112395,90.3082), (18,-0.029174,58.7567), (19,19.2155,-80.604), (20,-0.00549791,367.241), (21,-0.00548004,150.553), (22,-0.00549791,387.241), (23,-0.00549791,317.727), (24,-0.00549791,596.129), (25,-0.00549791,698.494), (26,-0.00549791,674.035), (27,-0.00549791,613.982), (28,-0.00549791,852.568), (29,-0.00549791,938.77), (30,-0.00549791,918.253), (31,-0.00549791,867.662), (32,-0.00549791,1022.59), (33,-0.00549791,1136.47), (34,-0.00549791,1119.9), (35,-0.00549791,1078.77), (36,-0.00549791,1192.91), (37,-0.00549791,1291.6), (38,-0.00549791,1278.96), (39,-0.00549791,1247.29), (40,-0.00549791,1359.38), (41,-0.00549791,1404.14), (42,-0.00549791,1395.45), (43,-0.00549791,1373.25), (44,-0.00549791,1432.2), (45,-0.00549791,1474.12), (46,-0.00549791,1469.37), (47,-0.00549791,1456.62), (48,-0.00549791,1482.02), (49,-0.00549791,1501.52), (50,-0.00549791,1500.71), (51,-0.00549791,1492.04),  

Writing: "NeuralEP2DL2p4_Allnode_72.chk"
 (0s, XML)
Steps: 14600000 Time: 1.46        
 CPU Time: 48.8033 min.

um_max = 121.436 at x = 0, y = 0.379244, z = 0
ue_max = 3489.3 at x = 0.0021222, y = 2.3, z = 0
 
(Nodeid,phim,phie): (0,-0.476353,-195.111), (1,-0.481808,-196.204), (2,41.9917,-288.666), (3,-0.00876777,14.0672), (4,-0.0121629,823.353), (5,-0.0121629,1525.49), (6,-0.0121629,2120.52), (7,-0.0121629,2608.44), (8,-0.0121629,2989.26), (9,-0.0121629,3262.98), (10,-0.0121629,3429.59), (11,-0.0121629,3489.09), (12,-0.10936,-234.185), (13,-0.454724,-216.271), (14,3.14262,-248.209), (15,-0.294983,-226.198), (16,80.2019,-341.757), (17,0.0187666,-61.8716), (18,0.0551746,-139.645), (19,30.9935,-294.536), (20,-0.0121629,634.687), (21,-0.0120627,89.5727), (22,-0.0121629,684.999), (23,-0.0121629,510.126), (24,-0.0121629,1210.49), (25,-0.0121629,1468.01), (26,-0.0121629,1406.47), (27,-0.0121629,1255.4), (28,-0.0121629,1855.6), (29,-0.0121629,2072.46), (30,-0.0121629,2020.84), (31,-0.0121629,1893.57), (32,-0.0121629,2283.31), (33,-0.0121629,2569.8), (34,-0.0121629,2528.11), (35,-0.0121629,2424.64), (36,-0.0121629,2711.78), (37,-0.0121629,2960.04), (38,-0.0121629,2928.26), (39,-0.0121629,2848.6), (40,-0.0121629,3130.56), (41,-0.0121629,3243.18), (42,-0.0121629,3221.32), (43,-0.0121629,3165.45), (44,-0.0121629,3313.76), (45,-0.0121629,3419.21), (46,-0.0121629,3407.26), (47,-0.0121629,3375.2), (48,-0.0121629,3439.1), (49,-0.0121629,3488.13), (50,-0.0121629,3486.1), (51,-0.0121629,3464.29),  

Writing: "NeuralEP2DL2p4_Allnode_73.chk"
 (0s, XML)
Steps: 14800000 Time: 1.48        
 CPU Time: 48.8477 min.

um_max = 127.356 at x = 0.025, y = 0.379244, z = 0
ue_max = 1705.97 at x = 0.00663939, y = 2.3, z = 0
 
(Nodeid,phim,phie): (0,-0.465892,-43.9582), (1,-0.471039,-44.489), (2,38.5518,-97.4669), (3,-0.00535716,14.9344), (4,-0.00648608,408.681), (5,-0.00648608,750.35), (6,-0.00648608,1039.9), (7,-0.00648608,1277.33), (8,-0.00648608,1462.64), (9,-0.00648608,1595.84), (10,-0.00648608,1676.91), (11,-0.00648608,1705.87), (12,-0.177253,-63.0095), (13,-0.465273,-54.2407), (14,2.03631,-69.9366), (15,-0.326791,-59.0955), (16,91.5412,-128.075), (17,-0.00254496,-22.4372), (18,-0.0157629,-63.8122), (19,44.1957,-120.918), (20,-0.00648608,316.873), (21,-0.00652711,51.6135), (22,-0.00648608,341.356), (23,-0.00648609,256.26), (24,-0.00648608,597.067), (25,-0.00648608,722.378), (26,-0.00648608,692.436), (27,-0.00648608,618.922), (28,-0.00648608,910.988), (29,-0.00648608,1016.51), (30,-0.00648608,991.396), (31,-0.00648608,929.465), (32,-0.00648608,1119.12), (33,-0.00648608,1258.53), (34,-0.00648608,1238.24), (35,-0.00648608,1187.89), (36,-0.00648608,1327.62), (37,-0.00648608,1448.43), (38,-0.00648608,1432.96), (39,-0.00648608,1394.19), (40,-0.00648608,1531.4), (41,-0.00648608,1586.2), (42,-0.00648608,1575.56), (43,-0.00648608,1548.38), (44,-0.00648608,1620.55), (45,-0.00648608,1671.86), (46,-0.00648608,1666.05), (47,-0.00648608,1650.44), (48,-0.00648608,1681.54), (49,-0.00648608,1705.4), (50,-0.00648608,1704.41), (51,-0.00648608,1693.8),  

Writing: "NeuralEP2DL2p4_Allnode_74.chk"
 (0s, XML)
Steps: 15000000 Time: 1.5         
 CPU Time: 48.8372 min.

um_max = 120.124 at x = 0, y = 0.388279, z = 0
ue_max = 3860.43 at x = 0.025, y = 2.3, z = 0
 
(Nodeid,phim,phie): (0,-0.443913,219.124), (1,-0.448763,220.398), (2,35.0074,292.671), (3,0.00605818,174.145), (4,0.0117366,-765.401), (5,0.0117366,-1580.55), (6,0.0117366,-2271.35), (7,0.0117366,-2837.8), (8,0.0117366,-3279.91), (9,0.0117366,-3597.68), (10,0.0117366,-3791.11), (11,0.0117366,-3860.19), (12,-0.219961,264.221), (13,-0.464508,243.729), (14,1.27395,278.873), (15,-0.34428,255.119), (16,103.776,404.093), (17,-0.053817,262.094), (18,-0.165274,350.14), (19,54.3077,448.116), (20,0.0117366,-546.369), (21,0.0115524,86.4812), (22,0.0117366,-604.779), (23,0.0117366,-401.76), (24,0.0117366,-1214.85), (25,0.0117366,-1513.81), (26,0.0117366,-1442.37), (27,0.0117366,-1266.99), (28,0.0117366,-1963.79), (29,0.0117366,-2215.55), (30,0.0117366,-2155.63), (31,0.0117366,-2007.87), (32,0.0117366,-2460.33), (33,0.0117366,-2792.94), (34,0.0117366,-2744.53), (35,0.0117366,-2624.41), (36,0.0117366,-2957.77), (37,0.0117366,-3245.99), (38,0.0117366,-3209.1), (39,0.0117366,-3116.61), (40,0.0117366,-3443.96), (41,0.0117366,-3574.7), (42,0.0117366,-3549.32), (43,0.0117366,-3484.46), (44,0.0117366,-3656.63), (45,0.0117366,-3779.06), (46,0.0117366,-3765.19), (47,0.0117366,-3727.96), (48,0.0117366,-3802.15), (49,0.0117366,-3859.08), (50,0.0117366,-3856.72), (51,0.0117366,-3831.39),  

Writing: "NeuralEP2DL2p4_Allnode_75.chk"
 (0s, XML)
Steps: 15200000 Time: 1.52        
 CPU Time: 48.7893 min.

um_max = 122.016 at x = 0.025, y = 0.388279, z = 0
ue_max = 1911.24 at x = 0.00663939, y = 2.3, z = 0
 
(Nodeid,phim,phie): (0,-0.454166,-83.0881), (1,-0.458745,-83.6683), (2,31.224,-137.924), (3,-0.00444242,63.9742), (4,-0.00697987,494.201), (5,-0.00697987,867.409), (6,-0.00697987,1183.69), (7,-0.00697987,1443.04), (8,-0.00697987,1645.45), (9,-0.00697987,1790.94), (10,-0.00697987,1879.5), (11,-0.00697987,1911.13), (12,-0.275383,-103.817), (13,-0.489404,-94.3059), (14,0.739324,-110.916), (15,-0.382773,-99.5803), (16,111.161,-177.49), (17,0.0303861,24.003), (18,0.102338,-14.7833), (19,71.8153,-152.619), (20,-0.00697987,393.918), (21,-0.00683451,104.171), (22,-0.00697987,420.661), (23,-0.00697986,327.71), (24,-0.00697987,699.976), (25,-0.00697987,836.855), (26,-0.00697987,804.148), (27,-0.00697987,723.849), (28,-0.00697987,1042.87), (29,-0.00697987,1158.14), (30,-0.00697987,1130.71), (31,-0.00697987,1063.06), (32,-0.00697987,1270.21), (33,-0.00697987,1422.5), (34,-0.00697987,1400.33), (35,-0.00697987,1345.34), (36,-0.00697987,1497.96), (37,-0.00697987,1629.92), (38,-0.00697987,1613.03), (39,-0.00697987,1570.68), (40,-0.00697987,1720.56), (41,-0.00697987,1780.42), (42,-0.00697987,1768.8), (43,-0.00697987,1739.1), (44,-0.00697987,1817.93), (45,-0.00697987,1873.98), (46,-0.00697987,1867.63), (47,-0.00697987,1850.59), (48,-0.00697987,1884.56), (49,-0.00697987,1910.62), (50,-0.00697987,1909.54), (51,-0.00697987,1897.94),  

Writing: "NeuralEP2DL2p4_Allnode_76.chk"
 (0s, XML)
Steps: 15400000 Time: 1.54        
 CPU Time: 48.8653 min.

um_max = 119.244 at x = 0, y = 0.4, z = 0
ue_max = 506.073 at x = 0.00663939, y = 2.3, z = 0
 
(Nodeid,phim,phie): (0,-0.440704,68.5051), (1,-0.44502,68.6881), (2,27.1177,68.6867), (3,-0.0021177,68.092), (4,0.000725584,-65.6515), (5,0.000725584,-181.646), (6,0.000725584,-279.947), (7,0.000725584,-360.554), (8,0.000725584,-423.466), (9,0.000725584,-468.685), (10,0.000725584,-496.209), (11,0.000725584,-506.039), (12,-0.306514,74.9139), (13,-0.492835,72.0443), (14,0.39343,76.908), (15,-0.399909,73.6434), (16,111.126,72.7828), (17,-0.0060738,80.6459), (18,0.113221,95.5917), (19,88.014,87.4787), (20,0.000725583,-34.4833), (21,0.000708464,55.5725), (22,0.000725584,-42.795), (23,0.000725592,-13.9055), (24,0.000725584,-129.607), (25,0.000725584,-172.15), (26,0.000725584,-161.985), (27,0.000725584,-137.027), (28,0.000725584,-236.182), (29,0.000725584,-272.007), (30,0.000725584,-263.48), (31,0.000725584,-242.455), (32,0.000725584,-306.84), (33,0.000725584,-354.17), (34,0.000725584,-347.282), (35,0.000725584,-330.188), (36,0.000725584,-377.626), (37,0.000725584,-418.639), (38,0.000725584,-413.389), (39,0.000725584,-400.227), (40,0.000725584,-446.809), (41,0.000725584,-465.414), (42,0.000725584,-461.802), (43,0.000725584,-452.573), (44,0.000725584,-477.073), (45,0.000725584,-494.494), (46,0.000725584,-492.521), (47,0.000725584,-487.224), (48,0.000725584,-497.78), (49,0.000725584,-505.881), (50,0.000725584,-505.546), (51,0.000725584,-501.941),  

Writing: "NeuralEP2DL2p4_Allnode_77.chk"
 (0s, XML)
Steps: 15600000 Time: 1.56        
 CPU Time: 48.8616 min.

um_max = 119.282 at x = 0.025, y = 0.4, z = 0
ue_max = 353.515 at x = 0.025, y = 2.3, z = 0
 
(Nodeid,phim,phie): (0,-0.436328,-85.0152), (1,-0.440397,-85.1116), (2,22.6946,-102.439), (3,0.000725505,41.7985), (4,-0.00209422,114.382), (5,-0.00209422,177.363), (6,-0.00209422,230.737), (7,-0.00209422,274.503), (8,-0.00209422,308.662), (9,-0.00209422,333.214), (10,-0.00209422,348.159), (11,-0.00209422,353.496), (12,-0.339425,-88.5038), (13,-0.502656,-86.8661), (14,0.158463,-89.764), (15,-0.421692,-87.7711), (16,109.252,-99.5326), (17,0.00951625,34.7507), (18,-0.166674,22.8673), (19,100.589,-69.5088), (20,-0.00209422,97.4588), (21,-0.00213897,48.5618), (22,-0.00209422,101.972), (23,-0.00209422,86.2858), (24,-0.00209422,149.108), (25,-0.00209422,172.207), (26,-0.00209422,166.687), (27,-0.00209422,153.136), (28,-0.00209422,206.974), (29,-0.00209422,226.426), (30,-0.00209422,221.796), (31,-0.00209422,210.38), (32,-0.00209422,245.339), (33,-0.00209422,271.037), (34,-0.00209422,267.297), (35,-0.00209422,258.016), (36,-0.00209422,283.773), (37,-0.00209422,306.041), (38,-0.00209422,303.191), (39,-0.00209422,296.045), (40,-0.00209422,321.337), (41,-0.00209422,331.438), (42,-0.00209422,329.477), (43,-0.00209422,324.466), (44,-0.00209422,337.769), (45,-0.00209422,347.228), (46,-0.00209422,346.157), (47,-0.00209422,343.28), (48,-0.00209422,349.012), (49,-0.00209422,353.411), (50,-0.00209422,353.229), (51,-0.00209422,351.272),  

Writing: "NeuralEP2DL2p4_Allnode_78.chk"
 (0s, XML)
Steps: 15800000 Time: 1.58        
 CPU Time: 48.7616 min.

um_max = 118.471 at x = 0.025, y = 0.411721, z = 0
ue_max = 3236.74 at x = 0.025, y = 2.3, z = 0
 
(Nodeid,phim,phie): (0,-0.418723,168.228), (1,-0.422554,169.285), (2,18.1537,233.437), (3,0.0310119,109.369), (4,0.00954984,-669.444), (5,0.00954984,-1345.6), (6,0.00954984,-1918.61), (7,0.00954984,-2388.48), (8,0.00954984,-2755.21), (9,0.00954984,-3018.79), (10,0.00954984,-3179.24), (11,0.00954984,-3236.54), (12,-0.35866,205.719), (13,-0.499793,188.669), (14,0.00846764,218.104), (15,-0.430771,198.141), (16,106.848,304.969), (17,0.312053,186.1), (18,0.631027,279.776), (19,106.832,318.183), (20,0.00954984,-487.76), (21,0.0102474,37.1781), (22,0.00954984,-536.21), (23,0.00954985,-367.808), (24,0.00954984,-1042.25), (25,0.00954984,-1290.24), (26,0.00954984,-1230.99), (27,0.00954984,-1085.51), (28,0.00954984,-1663.49), (29,0.00954984,-1872.33), (30,0.00954984,-1822.62), (31,0.00954984,-1700.06), (32,0.00954984,-2075.37), (33,0.00954984,-2351.27), (34,0.00954984,-2311.11), (35,0.00954984,-2211.47), (36,0.00954984,-2488), (37,0.00954984,-2727.07), (38,0.00954984,-2696.46), (39,0.00954984,-2619.74), (40,0.00954984,-2891.28), (41,0.00954984,-2999.73), (42,0.00954984,-2978.67), (43,0.00954984,-2924.87), (44,0.00954984,-3067.69), (45,0.00954984,-3169.24), (46,0.00954984,-3157.74), (47,0.00954984,-3126.86), (48,0.00954984,-3188.4), (49,0.00954984,-3235.62), (50,0.00954984,-3233.66), (51,0.00954984,-3212.65),  

Writing: "NeuralEP2DL2p4_Allnode_79.chk"
 (0s, XML)
Steps: 16000000 Time: 1.6         
 CPU Time: 48.892 min.

um_max = 118.83 at x = 0.025, y = 0.411721, z = 0
ue_max = 403.438 at x = 0.025, y = 2.3, z = 0
 
(Nodeid,phim,phie): (0,-0.419831,26.517), (1,-0.423442,26.6446), (2,13.8027,28.762), (3,-0.0215219,-3.99502), (4,0.000173485,-96.8958), (5,0.000173485,-177.631), (6,0.000173485,-246.05), (7,0.000173485,-302.154), (8,0.000173485,-345.942), (9,0.000173485,-377.415), (10,0.000173485,-396.572), (11,0.000173485,-403.414), (12,-0.389056,31.0254), (13,-0.51189,29.0102), (14,-0.105418,32.4548), (15,-0.452866,30.133), (16,103.646,27.0699), (17,0.443991,8.62267), (18,2.73109,37.6294), (19,108.892,26.5841), (20,0.000173479,-75.2021), (21,-0.000154192,-12.5162), (22,0.000173485,-80.9872), (23,0.000173621,-60.8796), (24,0.000173485,-141.41), (25,0.000173485,-171.021), (26,0.000173485,-163.946), (27,0.000173485,-146.575), (28,0.000173485,-215.588), (29,0.000173485,-240.523), (30,0.000173485,-234.589), (31,0.000173485,-219.954), (32,0.000173485,-264.768), (33,0.000173485,-297.711), (34,0.000173485,-292.916), (35,0.000173485,-281.019), (36,0.000173485,-314.036), (37,0.000173485,-342.582), (38,0.000173485,-338.928), (39,0.000173485,-329.767), (40,0.000173485,-362.189), (41,0.000173485,-375.138), (42,0.000173485,-372.624), (43,0.000173485,-366.201), (44,0.000173485,-383.254), (45,0.000173485,-395.379), (46,0.000173485,-394.005), (47,0.000173485,-390.318), (48,0.000173485,-397.666), (49,0.000173485,-403.304), (50,0.000173485,-403.071), (51,0.000173485,-400.562),  

Writing: "NeuralEP2DL2p4_Allnode_80.chk"
 (0s, XML)
Steps: 16200000 Time: 1.62        
 CPU Time: 48.8573 min.

um_max = 120.449 at x = 0, y = 0.425, z = 0
ue_max = 3170.05 at x = 0.0125, y = 2.3, z = 0
 
(Nodeid,phim,phie): (0,-0.40367,135.134), (1,-0.407069,136.205), (2,9.98465,205.113), (3,-0.0921988,222.951), (4,0.00969785,-567.642), (5,0.00969785,-1253.05), (6,0.00969785,-1833.9), (7,0.00969785,-2310.19), (8,0.00969785,-2681.94), (9,0.00969785,-2949.13), (10,0.00969785,-3111.77), (11,0.00969785,-3169.85), (12,-0.403632,173.165), (13,-0.507813,155.863), (14,-0.176414,185.747), (15,-0.459179,165.475), (16,100.41,270.643), (17,-0.242678,294.348), (18,8.36426,344.501), (19,108.269,292.184), (20,0.00969784,-383.472), (21,0.00653707,148.662), (22,0.00969785,-432.585), (23,0.00969795,-261.88), (24,0.00969785,-945.553), (25,0.00969785,-1196.93), (26,0.00969785,-1136.87), (27,0.00969785,-989.395), (28,0.00969785,-1575.29), (29,0.00969785,-1786.98), (30,0.00969785,-1736.6), (31,0.00969785,-1612.36), (32,0.00969785,-1992.81), (33,0.00969785,-2272.47), (34,0.00969785,-2231.77), (35,0.00969785,-2130.77), (36,0.00969785,-2411.07), (37,0.00969785,-2653.42), (38,0.00969785,-2622.39), (39,0.00969785,-2544.62), (40,0.00969785,-2819.87), (41,0.00969785,-2929.8), (42,0.00969785,-2908.46), (43,0.00969785,-2853.93), (44,0.00969785,-2998.7), (45,0.00969785,-3101.64), (46,0.00969785,-3089.98), (47,0.00969785,-3058.68), (48,0.00969785,-3121.05), (49,0.00969785,-3168.92), (50,0.00969785,-3166.94), (51,0.00969785,-3145.64),  

Writing: "NeuralEP2DL2p4_Allnode_81.chk"
 (0s, XML)
