Excite zone = 0, Node zone = 0, intra zone = 29.0909 %, extra zone = 74.5455 % 
npts = 30, Excite node elem. = 0, Node elem. = 0, Myelin elem. = 1, intra elem. = 16, external elem. = 41, total elem = 57
v_InitObject: Node = 420, Myelin = 60, extracell = 1170
 =======================================================================
 Moving frames 1170 / 1650 ( 70.9091 % ) are removed
 =======================================================================
Max Anistrength_1  = 167.914, Anistrength_2 = 167.914, Min Anistrength 1 = 0, Anistrength 2 = 0

MMFInitObejct Starts: ==============================================
MMFActivation = 1650 /  1650 ( 100 % ) 
Excite zone = 0, Node zone = 0.0595238, intra zone = 35.7143 %, extra zone = 75 % 
npts = 30, Excite node elem. = 0, Node elem. = 1, Myelin elem. = 1, intra elem. = 20, external elem. = 42, total elem = 58
v_InitObject: Node = 420, Myelin = 180, extracell = 1080
 =======================================================================
 Moving frames 1080 / 1680 ( 64.2857 % ) are removed
 =======================================================================
Max Anistrength_1  = 167.914, Anistrength_2 = 167.914, Min Anistrength 1 = 0, Anistrength 2 = 0

MMFInitObejct Starts: ==============================================
MMFActivation = 1680 /  1680 ( 100 % ) 
Excite zone = 0, Node zone = 0.0595238, intra zone = 32.1429 %, extra zone = 75 % 
npts = 30, Excite node elem. = 0, Node elem. = 1, Myelin elem. = 1, intra elem. = 18, external elem. = 42, total elem = 56
v_InitObject: Node = 420, Myelin = 120, extracell = 1140
 =======================================================================
 Moving frames 1140 / 1680 ( 67.8571 % ) are removed
 =======================================================================
Max Anistrength_1  = 167.914, Anistrength_2 = 167.914, Min Anistrength 1 = 0, Anistrength 2 = 0

MMFInitObejct Starts: ==============================================
MMFActivation = 1680 /  1680 ( 100 % ) 
Excite zone = 0, Node zone = 0.0595238, intra zone = 35.7143 %, extra zone = 71.4286 % 
npts = 30, Excite node elem. = 0, Node elem. = 1, Myelin elem. = 1, intra elem. = 20, external elem. = 40, total elem = 56
v_InitObject: Node = 480, Myelin = 120, extracell = 1080
 =======================================================================
 Moving frames 1080 / 1680 ( 64.2857 % ) are removed
 =======================================================================
Max Anistrength_1  = 167.914, Anistrength_2 = 167.914, Min Anistrength 1 = 0, Anistrength 2 = 0

MMFInitObejct Starts: ==============================================
MMFActivation = 1680 /  1680 ( 100 % ) 
Excite zone = 0, Node zone = 0.0595238, intra zone = 33.9286 %, extra zone = 73.2143 % 
npts = 30, Excite node elem. = 0, Node elem. = 1, Myelin elem. = 1, intra elem. = 19, external elem. = 41, total elem = 56
v_InitObject: Node = 450, Myelin = 120, extracell = 1110
 =======================================================================
 Moving frames 1110 / 1680 ( 66.0714 % ) are removed
 =======================================================================
Max Anistrength_1  = 167.914, Anistrength_2 = 167.914, Min Anistrength 1 = 0, Anistrength 2 = 0

MMFInitObejct Starts: ==============================================
MMFActivation = 1680 /  1680 ( 100 % ) 
Excite zone = 0, Node zone = 0.0595238, intra zone = 33.9286 %, extra zone = 73.2143 % 
npts = 30, Excite node elem. = 0, Node elem. = 1, Myelin elem. = 1, intra elem. = 19, external elem. = 41, total elem = 56
v_InitObject: Node = 450, Myelin = 120, extracell = 1110
 =======================================================================
 Moving frames 1110 / 1680 ( 66.0714 % ) are removed
 =======================================================================
Max Anistrength_1  = 167.914, Anistrength_2 = 167.914, Min Anistrength 1 = 0, Anistrength 2 = 0

MMFInitObejct Starts: ==============================================
MMFActivation = 1680 /  1680 ( 100 % ) 
Excite zone = 0, Node zone = 0.0606061, intra zone = 34.5455 %, extra zone = 72.7273 % 
npts = 30, Excite node elem. = 0, Node elem. = 1, Myelin elem. = 1, intra elem. = 19, external elem. = 40, total elem = 55
v_InitObject: Node = 450, Myelin = 120, extracell = 1080
 =======================================================================
 Moving frames 1080 / 1650 ( 65.4545 % ) are removed
 =======================================================================
Max Anistrength_1  = 167.914, Anistrength_2 = 167.914, Min Anistrength 1 = 0, Anistrength 2 = 0

MMFInitObejct Starts: ==============================================
MMFActivation = 1650 /  1650 ( 100 % ) 
Excite zone = 0, Node zone = 0.0606061, intra zone = 30.9091 %, extra zone = 76.3636 % 
npts = 30, Excite node elem. = 0, Node elem. = 1, Myelin elem. = 0, intra elem. = 17, external elem. = 42, total elem = 55
v_InitObject: Node = 390, Myelin = 120, extracell = 1140
 =======================================================================
 Moving frames 1140 / 1650 ( 69.0909 % ) are removed
 =======================================================================
Max Anistrength_1  = 167.914, Anistrength_2 = 167.914, Min Anistrength 1 = 0, Anistrength 2 = 0

MMFInitObejct Starts: ==============================================
MMFActivation = 1650 /  1650 ( 100 % ) 
Excite zone = 0, Node zone = 0.0606061, intra zone = 34.5455 %, extra zone = 72.7273 % 
npts = 30, Excite node elem. = 0, Node elem. = 1, Myelin elem. = 1, intra elem. = 19, external elem. = 40, total elem = 55
v_InitObject: Node = 450, Myelin = 120, extracell = 1080
 =======================================================================
 Moving frames 1080 / 1650 ( 65.4545 % ) are removed
 =======================================================================
Max Anistrength_1  = 167.914, Anistrength_2 = 167.914, Min Anistrength 1 = 0, Anistrength 2 = 0

MMFInitObejct Starts: ==============================================
MMFActivation = 1650 /  1650 ( 100 % ) 
Excite zone = 0, Node zone = 0.0595238, intra zone = 30.3571 %, extra zone = 76.7857 % 
npts = 30, Excite node elem. = 0, Node elem. = 1, Myelin elem. = 0, intra elem. = 17, external elem. = 43, total elem = 56
v_InitObject: Node = 390, Myelin = 120, extracell = 1170
 =======================================================================
 Moving frames 1170 / 1680 ( 69.6429 % ) are removed
 =======================================================================
Max Anistrength_1  = 167.914, Anistrength_2 = 167.914, Min Anistrength 1 = 0, Anistrength 2 = 0

MMFInitObejct Starts: ==============================================
MMFActivation = 1680 /  1680 ( 100 % ) 
Excite zone = 0, Node zone = 0.0606061, intra zone = 34.5455 %, extra zone = 72.7273 % 
npts = 30, Excite node elem. = 0, Node elem. = 1, Myelin elem. = 1, intra elem. = 19, external elem. = 40, total elem = 55
v_InitObject: Node = 450, Myelin = 120, extracell = 1080
 =======================================================================
 Moving frames 1080 / 1650 ( 65.4545 % ) are removed
 =======================================================================
Max Anistrength_1  = 167.914, Anistrength_2 = 167.914, Min Anistrength 1 = 0, Anistrength 2 = 0

MMFInitObejct Starts: ==============================================
MMFActivation = 1650 /  1650 ( 100 % ) 
Excite zone = 0, Node zone = 0.0595238, intra zone = 33.9286 %, extra zone = 73.2143 % 
npts = 30, Excite node elem. = 0, Node elem. = 1, Myelin elem. = 1, intra elem. = 19, external elem. = 41, total elem = 56
v_InitObject: Node = 450, Myelin = 120, extracell = 1110
 =======================================================================
 Moving frames 1110 / 1680 ( 66.0714 % ) are removed
 =======================================================================
Max Anistrength_1  = 167.914, Anistrength_2 = 167.914, Min Anistrength 1 = 0, Anistrength 2 = 0

MMFInitObejct Starts: ==============================================
MMFActivation = 1680 /  1680 ( 100 % ) 
Excite zone = 0, Node zone = 0.0595238, intra zone = 32.1429 %, extra zone = 75 % 
npts = 30, Excite node elem. = 0, Node elem. = 1, Myelin elem. = 1, intra elem. = 18, external elem. = 42, total elem = 56
v_InitObject: Node = 420, Myelin = 120, extracell = 1140
 =======================================================================
 Moving frames 1140 / 1680 ( 67.8571 % ) are removed
 =======================================================================
Max Anistrength_1  = 167.914, Anistrength_2 = 167.914, Min Anistrength 1 = 0, Anistrength 2 = 0

MMFInitObejct Starts: ==============================================
MMFActivation = 1680 /  1680 ( 100 % ) 
Excite zone = 0, Node zone = 0.0595238, intra zone = 33.9286 %, extra zone = 73.2143 % 
npts = 30, Excite node elem. = 0, Node elem. = 1, Myelin elem. = 1, intra elem. = 19, external elem. = 41, total elem = 56
v_InitObject: Node = 450, Myelin = 120, extracell = 1110
 =======================================================================
 Moving frames 1110 / 1680 ( 66.0714 % ) are removed
 =======================================================================
Max Anistrength_1  = 167.914, Anistrength_2 = 167.914, Min Anistrength 1 = 0, Anistrength 2 = 0

MMFInitObejct Starts: ==============================================
MMFActivation = 1680 /  1680 ( 100 % ) 
Excite zone = 0, Node zone = 0.0595238, intra zone = 32.1429 %, extra zone = 75 % 
npts = 30, Excite node elem. = 0, Node elem. = 1, Myelin elem. = 1, intra elem. = 18, external elem. = 42, total elem = 56
v_InitObject: Node = 420, Myelin = 120, extracell = 1140
 =======================================================================
 Moving frames 1140 / 1680 ( 67.8571 % ) are removed
 =======================================================================
Max Anistrength_1  = 167.914, Anistrength_2 = 167.914, Min Anistrength 1 = 0, Anistrength 2 = 0

MMFInitObejct Starts: ==============================================
MMFActivation = 1680 /  1680 ( 100 % ) 
Excite zone = 0, Node zone = 0.0595238, intra zone = 35.7143 %, extra zone = 75 % 
npts = 30, Excite node elem. = 0, Node elem. = 1, Myelin elem. = 1, intra elem. = 20, external elem. = 42, total elem = 58
v_InitObject: Node = 420, Myelin = 180, extracell = 1080
 =======================================================================
 Moving frames 1080 / 1680 ( 64.2857 % ) are removed
 =======================================================================
Max Anistrength_1  = 167.914, Anistrength_2 = 167.914, Min Anistrength 1 = 0, Anistrength 2 = 0

MMFInitObejct Starts: ==============================================
MMFActivation = 1680 /  1680 ( 100 % ) 
Excite zone = 0, Node zone = 0.0606061, intra zone = 34.5455 %, extra zone = 72.7273 % 
npts = 30, Excite node elem. = 0, Node elem. = 1, Myelin elem. = 1, intra elem. = 19, external elem. = 40, total elem = 55
v_InitObject: Node = 450, Myelin = 120, extracell = 1080
 =======================================================================
 Moving frames 1080 / 1650 ( 65.4545 % ) are removed
 =======================================================================
Max Anistrength_1  = 167.914, Anistrength_2 = 167.914, Min Anistrength 1 = 0, Anistrength 2 = 0

MMFInitObejct Starts: ==============================================
MMFActivation = 1650 /  1650 ( 100 % ) 
Excite zone = 0, Node zone = 0.0595238, intra zone = 33.9286 %, extra zone = 73.2143 % 
npts = 30, Excite node elem. = 0, Node elem. = 1, Myelin elem. = 1, intra elem. = 19, external elem. = 41, total elem = 56
v_InitObject: Node = 450, Myelin = 120, extracell = 1110
 =======================================================================
 Moving frames 1110 / 1680 ( 66.0714 % ) are removed
 =======================================================================
Max Anistrength_1  = 167.914, Anistrength_2 = 167.914, Min Anistrength 1 = 0, Anistrength 2 = 0

MMFInitObejct Starts: ==============================================
MMFActivation = 1680 /  1680 ( 100 % ) 
Excite zone = 14.2857, Node zone = 0.119048, intra zone = 33.9286 %, extra zone = 80.3571 % 
npts = 30, Excite node elem. = 2, Node elem. = 2, Myelin elem. = 0, intra elem. = 19, external elem. = 45, total elem = 56
v_InitObject: Node = 330, Myelin = 240, extracell = 1110
 =======================================================================
 Moving frames 1110 / 1680 ( 66.0714 % ) are removed
 =======================================================================
Max Anistrength_1  = 167.914, Anistrength_2 = 167.914, Min Anistrength 1 = 0, Anistrength 2 = 0

MMFInitObejct Starts: ==============================================
MMFActivation = 1680 /  1680 ( 100 % ) 
Excite zone = 0, Node zone = 0.0606061, intra zone = 34.5455 %, extra zone = 72.7273 % 
npts = 30, Excite node elem. = 0, Node elem. = 1, Myelin elem. = 1, intra elem. = 19, external elem. = 40, total elem = 55
v_InitObject: Node = 450, Myelin = 120, extracell = 1080
 =======================================================================
 Moving frames 1080 / 1650 ( 65.4545 % ) are removed
 =======================================================================
Max Anistrength_1  = 167.914, Anistrength_2 = 167.914, Min Anistrength 1 = 0, Anistrength 2 = 0

MMFInitObejct Starts: ==============================================
MMFActivation = 1650 /  1650 ( 100 % ) 
Excite zone = 0, Node zone = 0.0606061, intra zone = 30.9091 %, extra zone = 76.3636 % 
npts = 30, Excite node elem. = 0, Node elem. = 1, Myelin elem. = 0, intra elem. = 17, external elem. = 42, total elem = 55
v_InitObject: Node = 390, Myelin = 120, extracell = 1140
 =======================================================================
 Moving frames 1140 / 1650 ( 69.0909 % ) are removed
 =======================================================================
Max Anistrength_1  = 167.914, Anistrength_2 = 167.914, Min Anistrength 1 = 0, Anistrength 2 = 0

MMFInitObejct Starts: ==============================================
MMFActivation = 1650 /  1650 ( 100 % ) 
Excite zone = 0, Node zone = 0.0595238, intra zone = 33.9286 %, extra zone = 73.2143 % 
npts = 30, Excite node elem. = 0, Node elem. = 1, Myelin elem. = 1, intra elem. = 19, external elem. = 41, total elem = 56
v_InitObject: Node = 450, Myelin = 120, extracell = 1110
 =======================================================================
 Moving frames 1110 / 1680 ( 66.0714 % ) are removed
 =======================================================================
Max Anistrength_1  = 167.914, Anistrength_2 = 167.914, Min Anistrength 1 = 0, Anistrength 2 = 0

MMFInitObejct Starts: ==============================================
MMFActivation = 1680 /  1680 ( 100 % ) 
Excite zone = 0, Node zone = 0.0606061, intra zone = 32.7273 %, extra zone = 74.5455 % 
npts = 30, Excite node elem. = 0, Node elem. = 1, Myelin elem. = 1, intra elem. = 18, external elem. = 41, total elem = 55
v_InitObject: Node = 420, Myelin = 120, extracell = 1110
 =======================================================================
 Moving frames 1110 / 1650 ( 67.2727 % ) are removed
 =======================================================================
Max Anistrength_1  = 167.914, Anistrength_2 = 167.914, Min Anistrength 1 = 0, Anistrength 2 = 0

MMFInitObejct Starts: ==============================================
MMFActivation = 1650 /  1650 ( 100 % ) 
Excite zone = 0, Node zone = 0.0595238, intra zone = 33.9286 %, extra zone = 76.7857 % 
npts = 30, Excite node elem. = 0, Node elem. = 1, Myelin elem. = 0, intra elem. = 19, external elem. = 43, total elem = 58
v_InitObject: Node = 390, Myelin = 180, extracell = 1110
 =======================================================================
 Moving frames 1110 / 1680 ( 66.0714 % ) are removed
 =======================================================================
Max Anistrength_1  = 167.914, Anistrength_2 = 167.914, Min Anistrength 1 = 0, Anistrength 2 = 0

MMFInitObejct Starts: ==============================================
MMFActivation = 1680 /  1680 ( 100 % ) 
Excite zone = 0, Node zone = 0.0595238, intra zone = 33.9286 %, extra zone = 73.2143 % 
npts = 30, Excite node elem. = 0, Node elem. = 1, Myelin elem. = 1, intra elem. = 19, external elem. = 41, total elem = 56
v_InitObject: Node = 450, Myelin = 120, extracell = 1110
 =======================================================================
 Moving frames 1110 / 1680 ( 66.0714 % ) are removed
 =======================================================================
Max Anistrength_1  = 167.914, Anistrength_2 = 167.914, Min Anistrength 1 = 0, Anistrength 2 = 0

MMFInitObejct Starts: ==============================================
MMFActivation = 1680 /  1680 ( 100 % ) 
Excite zone = 0, Node zone = 0.121212, intra zone = 38.1818 %, extra zone = 76.3636 % 
npts = 30, Excite node elem. = 0, Node elem. = 2, Myelin elem. = 0, intra elem. = 21, external elem. = 42, total elem = 55
v_InitObject: Node = 390, Myelin = 240, extracell = 1020
 =======================================================================
 Moving frames 1020 / 1650 ( 61.8182 % ) are removed
 =======================================================================
Max Anistrength_1  = 167.914, Anistrength_2 = 167.914, Min Anistrength 1 = 0, Anistrength 2 = 0

MMFInitObejct Starts: ==============================================
MMFActivation = 1650 /  1650 ( 100 % ) 
Excite zone = 0, Node zone = 0, intra zone = 30.3571 %, extra zone = 69.6429 % 
npts = 30, Excite node elem. = 0, Node elem. = 0, Myelin elem. = 1, intra elem. = 17, external elem. = 39, total elem = 56
v_InitObject: Node = 510, Myelin = 0, extracell = 1170
 =======================================================================
 Moving frames 1170 / 1680 ( 69.6429 % ) are removed
 =======================================================================
Max Anistrength_1  = 167.914, Anistrength_2 = 167.914, Min Anistrength 1 = 0, Anistrength 2 = 0

MMFInitObejct Starts: ==============================================
MMFActivation = 1680 /  1680 ( 100 % ) 
Excite zone = 0, Node zone = 0.0606061, intra zone = 32.7273 %, extra zone = 74.5455 % 
npts = 30, Excite node elem. = 0, Node elem. = 1, Myelin elem. = 1, intra elem. = 18, external elem. = 41, total elem = 55
v_InitObject: Node = 420, Myelin = 120, extracell = 1110
 =======================================================================
 Moving frames 1110 / 1650 ( 67.2727 % ) are removed
 =======================================================================
Max Anistrength_1  = 167.914, Anistrength_2 = 167.914, Min Anistrength 1 = 0, Anistrength 2 = 0

MMFInitObejct Starts: ==============================================
MMFActivation = 1650 /  1650 ( 100 % ) 
Excite zone = 0, Node zone = 0.0595238, intra zone = 32.1429 %, extra zone = 75 % 
npts = 30, Excite node elem. = 0, Node elem. = 1, Myelin elem. = 1, intra elem. = 18, external elem. = 42, total elem = 56
v_InitObject: Node = 420, Myelin = 120, extracell = 1140
 =======================================================================
 Moving frames 1140 / 1680 ( 67.8571 % ) are removed
 =======================================================================
Max Anistrength_1  = 167.914, Anistrength_2 = 167.914, Min Anistrength 1 = 0, Anistrength 2 = 0

MMFInitObejct Starts: ==============================================
MMFActivation = 1680 /  1680 ( 100 % ) 
Excite zone = 0, Node zone = 0.0606061, intra zone = 30.9091 %, extra zone = 76.3636 % 
npts = 30, Excite node elem. = 0, Node elem. = 1, Myelin elem. = 0, intra elem. = 17, external elem. = 42, total elem = 55
v_InitObject: Node = 390, Myelin = 120, extracell = 1140
 =======================================================================
 Moving frames 1140 / 1650 ( 69.0909 % ) are removed
 =======================================================================
Max Anistrength_1  = 167.914, Anistrength_2 = 167.914, Min Anistrength 1 = 0, Anistrength 2 = 0

MMFInitObejct Starts: ==============================================
MMFActivation = 1650 /  1650 ( 100 % ) 
*** 1st Moving frames are NOT in unit length, Avg mag. = 11.5228 *** 
*** 2nd Moving frames are NOT in unit length, Avg mag. = 11.5228 *** 
*** Moving frames are Orthogonal
*** 1st Moving frames are NOT in unit length, Avg mag. = 11.4378 *** 
*** 2nd Moving frames are NOT in unit length, Avg mag. = 11.4378 *** 
*** Moving frames are Orthogonal
*** MF 0 = ( 0 , 6.77256 , 0 ) 
*** MF 1 = ( 6.77256 , 0 , 0 ) 
*** MF 2 = ( 0 , 0 , 1 ) 
MMFInitObject is done ==============================================

Phie Moving frames are generated with LOCAL direction ===============
*** MF 0 = ( 0 , 6.4846 , 0 ) 
*** MF 1 = ( 6.4846 , 0 , 0 ) 
*** MF 2 = ( 0 , 0 , 1 ) 
MMFInitObject is done ==============================================

Phie Moving frames are generated with LOCAL direction ===============
*** 1st Moving frames are NOT in unit length, Avg mag. = 11.5228 *** 
*** 2nd Moving frames are NOT in unit length, Avg mag. = 11.5228 *** 
*** Moving frames are Orthogonal
*** 1st Moving frames are NOT in unit length, Avg mag. = 11.5228 *** 
*** 2nd Moving frames are NOT in unit length, Avg mag. = 11.5228 *** 
*** Moving frames are Orthogonal
*** MF 0 = ( 0 , 6.77256 , 0 ) 
*** MF 1 = ( 6.77256 , 0 , 0 ) 
*** 1st Moving frames are NOT in unit length, Avg mag. = 11.5228 *** 
*** 2nd Moving frames are NOT in unit length, Avg mag. = 11.5228 *** 
*** Moving frames are Orthogonal
*** MF 0 = ( 0 , 6.71182 , 0 ) 
*** MF 1 = ( 6.71182 , 0 , 0 ) 
*** MF 2 = ( 0 , 0 , 1 ) 
MMFInitObject is done ==============================================

Phie Moving frames are generated with LOCAL direction ===============
*** 1st Moving frames are NOT in unit length, Avg mag. = 12.1264 *** 
*** 2nd Moving frames are NOT in unit length, Avg mag. = 12.1264 *** 
*** Moving frames are Orthogonal
*** MF 0 = ( 0 , 6.54051 , 0 ) 
*** MF 1 = ( 6.54051 , 0 , 0 ) 
*** MF 2 = ( 0 , 0 , 1 ) 
MMFInitObject is done ==============================================

Phie Moving frames are generated with LOCAL direction ===============
*** 1st Moving frames are NOT in unit length, Avg mag. = 10.8554 *** 
*** 2nd Moving frames are NOT in unit length, Avg mag. = 10.8554 *** 
*** Moving frames are Orthogonal
*** MF 0 = ( 0 , 6.48735 , 0 ) 
*** MF 1 = ( 6.48735 , 0 , 0 ) 
*** MF 2 = ( 0 , 0 , 1 ) 
MMFInitObject is done ==============================================

Phie Moving frames are generated with LOCAL direction ===============
*** 1st Moving frames are NOT in unit length, Avg mag. = 11.4378 *** 
*** 2nd Moving frames are NOT in unit length, Avg mag. = 11.4378 *** 
*** Moving frames are Orthogonal
*** MF 0 = ( 0 , 6.4846 , 0 ) 
*** MF 1 = ( 6.4846 , 0 , 0 ) 
*** MF 2 = ( 0 , 0 , 1 ) 
MMFInitObject is done ==============================================

Phie Moving frames are generated with LOCAL direction ===============
*** 1st Moving frames are NOT in unit length, Avg mag. = 11.5988 *** 
*** 2nd Moving frames are NOT in unit length, Avg mag. = 11.5988 *** 
*** Moving frames are Orthogonal
*** MF 0 = ( 0 , 6.93159 , 0 ) 
*** MF 1 = ( 6.93159 , 0 , 0 ) 
*** MF 2 = ( 0 , 0 , 1 ) 
MMFInitObject is done ==============================================

Phie Moving frames are generated with LOCAL direction ===============
*** 1st Moving frames are NOT in unit length, Avg mag. = 11.5228 *** 
*** 2nd Moving frames are NOT in unit length, Avg mag. = 11.5228 *** 
*** Moving frames are Orthogonal
*** MF 0 = ( 0 , 6.71182 , 0 ) 
*** MF 1 = ( 6.71182 , 0 , 0 ) 
*** MF 2 = ( 0 , 0 , 1 ) 
MMFInitObject is done ==============================================

Phie Moving frames are generated with LOCAL direction ===============
*** 1st Moving frames are NOT in unit length, Avg mag. = 11.5228 *** 
*** 2nd Moving frames are NOT in unit length, Avg mag. = 11.5228 *** 
*** Moving frames are Orthogonal
*** MF 0 = ( 0 , 6.71182 , 0 ) 
*** MF 1 = ( 6.71182 , 0 , 0 ) 
*** MF 2 = ( 0 , 0 , 1 ) 
MMFInitObject is done ==============================================

Phie Moving frames are generated with LOCAL direction ===============
*** 1st Moving frames are NOT in unit length, Avg mag. = 11.342 *** 
*** 2nd Moving frames are NOT in unit length, Avg mag. = 11.342 *** 
*** Moving frames are Orthogonal
*** MF 0 = ( 0 , 6.30568 , 0 ) 
*** MF 1 = ( 6.30568 , 0 , 0 ) 
*** MF 2 = ( 0 , 0 , 1 ) 
MMFInitObject is done ==============================================

Phie Moving frames are generated with LOCAL direction ===============
*** 1st Moving frames are NOT in unit length, Avg mag. = 11.342 *** 
*** 2nd Moving frames are NOT in unit length, Avg mag. = 11.342 *** 
*** Moving frames are Orthogonal
*** MF 0 = ( 0 , 6.30568 , 0 ) 
*** MF 1 = ( 6.30568 , 0 , 0 ) 
*** MF 2 = ( 0 , 0 , 1 ) 
MMFInitObject is done ==============================================

Phie Moving frames are generated with LOCAL direction ===============
*** 1st Moving frames are NOT in unit length, Avg mag. = 11.5228 *** 
*** 2nd Moving frames are NOT in unit length, Avg mag. = 11.5228 *** 
*** Moving frames are Orthogonal
*** MF 0 = ( 0 , 6.77256 , 0 ) 
*** MF 1 = ( 6.77256 , 0 , 0 ) 
*** MF 2 = ( 0 , 0 , 1 ) 
MMFInitObject is done ==============================================

Phie Moving frames are generated with LOCAL direction ===============
*** 1st Moving frames are NOT in unit length, Avg mag. = 11.342 *** 
*** 2nd Moving frames are NOT in unit length, Avg mag. = 11.342 *** 
*** Moving frames are Orthogonal
*** MF 0 = ( 0 , 6.24913 , 0 ) 
*** MF 1 = ( 6.24913 , 0 , 0 ) 
*** MF 2 = ( 0 , 0 , 1 ) 
MMFInitObject is done ==============================================

Phie Moving frames are generated with LOCAL direction ===============
*** MF 0 = ( 0 , 6.77256 , 0 ) 
*** MF 1 = ( 6.77256 , 0 , 0 ) 
*** MF 2 = ( 0 , 0 , 1 ) 
MMFInitObject is done ==============================================

Phie Moving frames are generated with LOCAL direction ===============
*** MF 2 = ( 0 , 0 , 1 ) 
MMFInitObject is done ==============================================

Phie Moving frames are generated with LOCAL direction ===============
*** 1st Moving frames are NOT in unit length, Avg mag. = 11.342 *** 
*** 2nd Moving frames are NOT in unit length, Avg mag. = 11.342 *** 
*** Moving frames are Orthogonal
*** MF 0 = ( 0 , 6.30568 , 0 ) 
*** MF 1 = ( 6.30568 , 0 , 0 ) 
*** MF 2 = ( 0 , 0 , 1 ) 
MMFInitObject is done ==============================================

Phie Moving frames are generated with LOCAL direction ===============
*** 1st Moving frames are NOT in unit length, Avg mag. = 11.4378 *** 
*** 2nd Moving frames are NOT in unit length, Avg mag. = 11.4378 *** 
*** Moving frames are Orthogonal
*** MF 0 = ( 0 , 6.54329 , 0 ) 
*** MF 1 = ( 6.54329 , 0 , 0 ) 
*** MF 2 = ( 0 , 0 , 1 ) 
MMFInitObject is done ==============================================

Phie Moving frames are generated with LOCAL direction ===============
*** 1st Moving frames are NOT in unit length, Avg mag. = 10.2141 *** 
*** 2nd Moving frames are NOT in unit length, Avg mag. = 10.2141 *** 
*** Moving frames are Orthogonal
*** MF 0 = ( 0 , 6.31144 , 0 ) 
*** MF 1 = ( 6.31144 , 0 , 0 ) 
*** MF 2 = ( 0 , 0 , 1 ) 
MMFInitObject is done ==============================================

Phie Moving frames are generated with LOCAL direction ===============
*** 1st Moving frames are NOT in unit length, Avg mag. = 12.9582 *** 
*** 2nd Moving frames are NOT in unit length, Avg mag. = 12.9582 *** 
*** Moving frames are Orthogonal
*** MF 0 = ( 0 , 7.13961 , 0 ) 
*** MF 1 = ( 7.13961 , 0 , 0 ) 
*** MF 2 = ( 0 , 0 , 1 ) 
MMFInitObject is done ==============================================

Phie Moving frames are generated with LOCAL direction ===============
*** 1st Moving frames are NOT in unit length, Avg mag. = 11.5228 *** 
*** 2nd Moving frames are NOT in unit length, Avg mag. = 11.5228 *** 
*** Moving frames are Orthogonal
*** MF 0 = ( 0 , 6.71182 , 0 ) 
*** MF 1 = ( 6.71182 , 0 , 0 ) 
*** MF 2 = ( 0 , 0 , 1 ) 
MMFInitObject is done ==============================================

Phie Moving frames are generated with LOCAL direction ===============
*** 1st Moving frames are NOT in unit length, Avg mag. = 11.4378 *** 
*** 2nd Moving frames are NOT in unit length, Avg mag. = 11.4378 *** 
*** Moving frames are Orthogonal
*** MF 0 = ( 0 , 6.4846 , 0 ) 
*** MF 1 = ( 6.4846 , 0 , 0 ) 
*** MF 2 = ( 0 , 0 , 1 ) 
MMFInitObject is done ==============================================

Phie Moving frames are generated with LOCAL direction ===============
*** 1st Moving frames are NOT in unit length, Avg mag. = 10.8554 *** 
*** 2nd Moving frames are NOT in unit length, Avg mag. = 10.8554 *** 
*** Moving frames are Orthogonal
*** MF 0 = ( 0 , 6.48735 , 0 ) 
*** MF 1 = ( 6.48735 , 0 , 0 ) 
*** MF 2 = ( 0 , 0 , 1 ) 
MMFInitObject is done ==============================================

Phie Moving frames are generated with LOCAL direction ===============
*** 1st Moving frames are NOT in unit length, Avg mag. = 11.5228 *** 
*** 2nd Moving frames are NOT in unit length, Avg mag. = 11.5228 *** 
*** Moving frames are Orthogonal
*** MF 0 = ( 0 , 6.77256 , 0 ) 
*** MF 1 = ( 6.77256 , 0 , 0 ) 
*** MF 2 = ( 0 , 0 , 1 ) 
MMFInitObject is done ==============================================

Phie Moving frames are generated with LOCAL direction ===============
*** 1st Moving frames are NOT in unit length, Avg mag. = 9.88103 *** 
*** 2nd Moving frames are NOT in unit length, Avg mag. = 9.88103 *** 
*** Moving frames are Orthogonal
*** MF 0 = ( 0 , 5.75552 , 0 ) 
*** MF 1 = ( 5.75552 , 0 , 0 ) 
*** MF 2 = ( 0 , 0 , 1 ) 
MMFInitObject is done ==============================================

Phie Moving frames are generated with LOCAL direction ===============
*** 1st Moving frames are NOT in unit length, Avg mag. = 11.5228 *** 
*** 2nd Moving frames are NOT in unit length, Avg mag. = 11.5228 *** 
*** Moving frames are Orthogonal
*** MF 0 = ( 0 , 6.71182 , 0 ) 
*** MF 1 = ( 6.71182 , 0 , 0 ) 
*** MF 2 = ( 0 , 0 , 1 ) 
MMFInitObject is done ==============================================

Phie Moving frames are generated with LOCAL direction ===============
*** 1st Moving frames are NOT in unit length, Avg mag. = 11.5228 *** 
*** 2nd Moving frames are NOT in unit length, Avg mag. = 11.5228 *** 
*** Moving frames are Orthogonal
*** MF 0 = ( 0 , 6.71182 , 0 ) 
*** MF 1 = ( 6.71182 , 0 , 0 ) 
*** MF 2 = ( 0 , 0 , 1 ) 
MMFInitObject is done ==============================================

Phie Moving frames are generated with LOCAL direction ===============
*** 1st Moving frames are NOT in unit length, Avg mag. = 10.7333 *** 
*** 2nd Moving frames are NOT in unit length, Avg mag. = 10.7333 *** 
*** Moving frames are Orthogonal
*** MF 0 = ( 0 , 6.25198 , 0 ) 
*** MF 1 = ( 6.25198 , 0 , 0 ) 
*** MF 2 = ( 0 , 0 , 1 ) 
MMFInitObject is done ==============================================

Phie Moving frames are generated with LOCAL direction ===============
*** 1st Moving frames are NOT in unit length, Avg mag. = 11.5228 *** 
*** 2nd Moving frames are NOT in unit length, Avg mag. = 11.5228 *** 
*** Moving frames are Orthogonal
*** MF 0 = ( 0 , 6.71182 , 0 ) 
*** MF 1 = ( 6.71182 , 0 , 0 ) 
*** MF 2 = ( 0 , 0 , 1 ) 
MMFInitObject is done ==============================================

Phie Moving frames are generated with LOCAL direction ===============
*** 1st Moving frames are NOT in unit length, Avg mag. = 11.4378 *** 
*** 2nd Moving frames are NOT in unit length, Avg mag. = 11.4378 *** 
*** Moving frames are Orthogonal
*** MF 0 = ( 0 , 6.54329 , 0 ) 
*** MF 1 = ( 6.54329 , 0 , 0 ) 
*** MF 2 = ( 0 , 0 , 1 ) 
MMFInitObject is done ==============================================

Phie Moving frames are generated with LOCAL direction ===============
*** 1st Moving frames are NOT in unit length, Avg mag. = 11.4378 *** 
*** 2nd Moving frames are NOT in unit length, Avg mag. = 11.4378 *** 
*** Moving frames are Orthogonal
*** MF 0 = ( 0 , 6.4846 , 0 ) 
*** MF 1 = ( 6.4846 , 0 , 0 ) 
*** MF 2 = ( 0 , 0 , 1 ) 
MMFInitObject is done ==============================================

Phie Moving frames are generated with LOCAL direction ===============
*** 1st Moving frames are in unit length ***
*** 2nd Moving frames are in unit length ***
*** Moving frames are Orthogonal
*** MF 0 = ( 0.531037 , 0.847349 , 0 ) 
*** MF 1 = ( 0.847349 , 0.531037 , 0 ) 
*** MF 2 = ( 0 , 0 , 1 ) 
*** 1st Moving frames are in unit length ***
*** 2nd Moving frames are in unit length ***
*** Moving frames are Orthogonal
Max phieAnistrength_1  = 545.255, phieAnistrength_2 = 545.255, Min phieAnistrength 1 = 2, phieAnistrength 2 = 2

Generating m_varcoeff ================================= 
*** MF 0 = ( 0.514737 , 0.857348 , 0 ) 
*** MF 1 = ( 0.857348 , 0.514737 , 0 ) 
*** MF 2 = ( 0 , 0 , 1 ) 
Max phieAnistrength_1  = 545.255, phieAnistrength_2 = 545.255, Min phieAnistrength 1 = 2, phieAnistrength 2 = 2

Generating m_varcoeff ================================= 
k = 0, m_varcoeff = ( 0 , 6.77256 , 0 , 9.68354e-13 , 87.6909 ) 
k = 0, m_varcoeff = ( 0 , 6.4846 , 0 , 9.4095e-13 , 83.9576 ) 
k = 1, m_varcoeff = ( 6.77256 , 0 , 0 , 2.67521e-12 , 87.6909 ) 
k = 1, m_varcoeff = ( 6.4846 , 0 , 0 , 2.47777e-12 , 83.9576 ) 
*** 1st Moving frames are in unit length ***
*** 2nd Moving frames are in unit length ***
*** Moving frames are Orthogonal
*** MF 0 = ( 0.540597 , 0.841282 , 0 ) 
*** MF 1 = ( 0.841282 , 0.540597 , 0 ) 
*** MF 2 = ( 0 , 0 , 1 ) 
k = 2, m_varcoeff = ( 0 , 0 , 1 , 0 , 1 ) 
 ::::: 2D Varcoeff is Successfully Created ::::: 

Generating m_phievarcoeff ================================= 
*** 1st Moving frames are in unit length ***
*** 2nd Moving frames are in unit length ***
*** Moving frames are Orthogonal
*** 1st Moving frames are in unit length ***
*** 2nd Moving frames are in unit length ***
*** Moving frames are Orthogonal
*** MF 0 = ( 0.476922 , 0.878945 , 0 ) 
*** 1st Moving frames are in unit length ***
*** 2nd Moving frames are in unit length ***
*** Moving frames are Orthogonal
*** MF 0 = ( 0.528123 , 0.849168 , 0 ) 
*** MF 0 = ( 0.481065 , 0.876685 , 0 ) 
*** MF 1 = ( 0.876685 , 0.481065 , 0 ) 
*** MF 2 = ( 0 , 0 , 1 ) 
*** 1st Moving frames are in unit length ***
*** 2nd Moving frames are in unit length ***
*** Moving frames are Orthogonal
*** MF 0 = ( 0.547889 , 0.836551 , 0 ) 
*** MF 1 = ( 0.836551 , 0.547889 , 0 ) 
*** MF 2 = ( 0 , 0 , 1 ) 
*** 1st Moving frames are in unit length ***
*** 2nd Moving frames are in unit length ***
*** Moving frames are Orthogonal
*** MF 0 = ( 0.457639 , 0.889138 , 0 ) 
*** MF 1 = ( 0.889138 , 0.457639 , 0 ) 
*** MF 2 = ( 0 , 0 , 1 ) 
Max phieAnistrength_1  = 545.255, phieAnistrength_2 = 545.255, Min phieAnistrength 1 = 2, phieAnistrength 2 = 2

Generating m_varcoeff ================================= 
Max phieAnistrength_1  = 545.255, phieAnistrength_2 = 545.255, Min phieAnistrength 1 = 2, phieAnistrength 2 = 2

Generating m_varcoeff ================================= 
*** 1st Moving frames are in unit length ***
*** 2nd Moving frames are in unit length ***
*** Moving frames are Orthogonal
*** MF 0 = ( 0.415824 , 0.909445 , 0 ) 
*** MF 1 = ( 0.909445 , 0.415824 , 0 ) 
*** MF 2 = ( 0 , 0 , 1 ) 
Max phieAnistrength_1  = 545.255, phieAnistrength_2 = 545.255, Min phieAnistrength 1 = 2, phieAnistrength 2 = 2

Generating m_varcoeff ================================= 
Max phieAnistrength_1  = 545.255, phieAnistrength_2 = 545.255, Min phieAnistrength 1 = 2, phieAnistrength 2 = 2

Generating m_varcoeff ================================= 
k = 2, m_varcoeff = ( 0 , 0 , 1 , 0 , 1 ) 
 ::::: 2D Varcoeff is Successfully Created ::::: 

Generating m_phievarcoeff ================================= 
k = 0, m_varcoeff = ( 6.58514 , 12.1325 , 0 , 0.000111293 , 220.386 ) 
*** 1st Moving frames are in unit length ***
*** 2nd Moving frames are in unit length ***
*** Moving frames are Orthogonal
*** MF 0 = ( 0.615288 , 0.788302 , 0 ) 
*** MF 1 = ( 0.788302 , 0.615288 , 0 ) 
*** MF 2 = ( 0 , 0 , 1 ) 
*** 1st Moving frames are in unit length ***
*** 2nd Moving frames are in unit length ***
*** Moving frames are Orthogonal
*** MF 0 = ( 0.500993 , 0.865451 , 0 ) 
*** MF 1 = ( 0.865451 , 0.500993 , 0 ) 
*** MF 2 = ( 0 , 0 , 1 ) 
Max phieAnistrength_1  = 545.255, phieAnistrength_2 = 545.255, Min phieAnistrength 1 = 2, phieAnistrength 2 = 2

Generating m_varcoeff ================================= 
k = 0, m_varcoeff = ( 7.5019 , 12.2136 , 0 , 9.81871e-05 , 239.486 ) 
k = 1, m_varcoeff = ( 11.9326 , 7.4463 , 0 , 0.000132062 , 228.557 ) 
*** 1st Moving frames are in unit length ***
*** 2nd Moving frames are in unit length ***
*** Moving frames are Orthogonal
*** MF 0 = ( 0.47675 , 0.879039 , 0 ) 
*** MF 1 = ( 0.879039 , 0.47675 , 0 ) 
*** MF 2 = ( 0 , 0 , 1 ) 
Max phieAnistrength_1  = 545.255, phieAnistrength_2 = 545.255, Min phieAnistrength 1 = 2, phieAnistrength 2 = 2

Generating m_varcoeff ================================= 
*** 1st Moving frames are in unit length ***
*** 2nd Moving frames are in unit length ***
*** Moving frames are Orthogonal
*** MF 0 = ( 0.472645 , 0.881253 , 0 ) 
*** MF 1 = ( 0.881253 , 0.472645 , 0 ) 
*** MF 2 = ( 0 , 0 , 1 ) 
*** 1st Moving frames are in unit length ***
*** 2nd Moving frames are in unit length ***
*** Moving frames are Orthogonal
*** MF 0 = ( 0.495618 , 0.868541 , 0 ) 
*** MF 1 = ( 0.868541 , 0.495618 , 0 ) 
*** MF 2 = ( 0 , 0 , 1 ) 
Max phieAnistrength_1  = 545.255, phieAnistrength_2 = 545.255, Min phieAnistrength 1 = 2, phieAnistrength 2 = 2

Generating m_varcoeff ================================= 
Max phieAnistrength_1  = 545.255, phieAnistrength_2 = 545.255, Min phieAnistrength 1 = 2, phieAnistrength 2 = 2

Generating m_varcoeff ================================= 
*** 1st Moving frames are in unit length ***
*** 2nd Moving frames are in unit length ***
*** Moving frames are Orthogonal
*** MF 0 = ( 0.52442 , 0.85146 , 0 ) 
*** MF 1 = ( 0.85146 , 0.52442 , 0 ) 
*** MF 2 = ( 0 , 0 , 1 ) 
*** 1st Moving frames are in unit length ***
*** 2nd Moving frames are in unit length ***
*** Moving frames are Orthogonal
*** MF 0 = ( 0.534761 , 0.845004 , 0 ) 
*** MF 1 = ( 0.845004 , 0.534761 , 0 ) 
*** MF 2 = ( 0 , 0 , 1 ) 
Max phieAnistrength_1  = 545.255, phieAnistrength_2 = 545.255, Min phieAnistrength 1 = 2, phieAnistrength 2 = 2

Generating m_varcoeff ================================= 
*** 1st Moving frames are in unit length ***
*** 2nd Moving frames are in unit length ***
*** Moving frames are Orthogonal
*** MF 0 = ( 0.514737 , 0.857348 , 0 ) 
*** MF 1 = ( 0.857348 , 0.514737 , 0 ) 
*** MF 2 = ( 0 , 0 , 1 ) 
Max phieAnistrength_1  = 545.255, phieAnistrength_2 = 545.255, Min phieAnistrength 1 = 2, phieAnistrength 2 = 2

Generating m_varcoeff ================================= 
*** 1st Moving frames are in unit length ***
*** 2nd Moving frames are in unit length ***
*** Moving frames are Orthogonal
*** MF 0 = ( 0.414068 , 0.910246 , 0 ) 
*** MF 1 = ( 0.910246 , 0.414068 , 0 ) 
*** MF 2 = ( 0 , 0 , 1 ) 
Max phieAnistrength_1  = 545.255, phieAnistrength_2 = 545.255, Min phieAnistrength 1 = 126.403, phieAnistrength 2 = 126.403

Generating m_varcoeff ================================= 
*** 1st Moving frames are in unit length ***
*** 2nd Moving frames are in unit length ***
*** Moving frames are Orthogonal
*** MF 0 = ( 0.529964 , 0.84802 , 0 ) 
*** MF 1 = ( 0.84802 , 0.529964 , 0 ) 
*** MF 2 = ( 0 , 0 , 1 ) 
Max phieAnistrength_1  = 545.255, phieAnistrength_2 = 545.255, Min phieAnistrength 1 = 2, phieAnistrength 2 = 2

Generating m_varcoeff ================================= 
*** 1st Moving frames are in unit length ***
*** 2nd Moving frames are in unit length ***
*** Moving frames are Orthogonal
*** MF 0 = ( 0.491172 , 0.871062 , 0 ) 
*** MF 1 = ( 0.871062 , 0.491172 , 0 ) 
*** MF 2 = ( 0 , 0 , 1 ) 
Max phieAnistrength_1  = 545.255, phieAnistrength_2 = 545.255, Min phieAnistrength 1 = 2, phieAnistrength 2 = 2

Generating m_varcoeff ================================= 
*** 1st Moving frames are in unit length ***
*** 2nd Moving frames are in unit length ***
*** Moving frames are Orthogonal
*** MF 0 = ( 0.510937 , 0.859618 , 0 ) 
*** MF 1 = ( 0.859618 , 0.510937 , 0 ) 
*** MF 2 = ( 0 , 0 , 1 ) 
Max phieAnistrength_1  = 545.255, phieAnistrength_2 = 545.255, Min phieAnistrength 1 = 2, phieAnistrength 2 = 2

Generating m_varcoeff ================================= 
*** 1st Moving frames are in unit length ***
*** 2nd Moving frames are in unit length ***
*** Moving frames are Orthogonal
*** MF 0 = ( 0.495618 , 0.868541 , 0 ) 
*** MF 1 = ( 0.868541 , 0.495618 , 0 ) 
*** MF 2 = ( 0 , 0 , 1 ) 
Max phieAnistrength_1  = 545.255, phieAnistrength_2 = 545.255, Min phieAnistrength 1 = 2, phieAnistrength 2 = 2

Generating m_varcoeff ================================= 
*** 1st Moving frames are in unit length ***
*** 2nd Moving frames are in unit length ***
*** Moving frames are Orthogonal
*** MF 0 = ( 0.495124 , 0.868822 , 0 ) 
*** MF 1 = ( 0.868822 , 0.495124 , 0 ) 
*** MF 2 = ( 0 , 0 , 1 ) 
Max phieAnistrength_1  = 545.254, phieAnistrength_2 = 545.254, Min phieAnistrength 1 = 2, phieAnistrength 2 = 2

Generating m_varcoeff ================================= 
*** MF 1 = ( 0.849168 , 0.528123 , 0 ) 
*** MF 2 = ( 0 , 0 , 1 ) 
Max phieAnistrength_1  = 545.255, phieAnistrength_2 = 545.255, Min phieAnistrength 1 = 2, phieAnistrength 2 = 2

Generating m_varcoeff ================================= 
*** 1st Moving frames are in unit length ***
*** 2nd Moving frames are in unit length ***
*** Moving frames are Orthogonal
*** MF 0 = ( 0.495124 , 0.868822 , 0 ) 
*** MF 1 = ( 0.868822 , 0.495124 , 0 ) 
*** MF 2 = ( 0 , 0 , 1 ) 
Max phieAnistrength_1  = 545.254, phieAnistrength_2 = 545.254, Min phieAnistrength 1 = 2, phieAnistrength 2 = 2

Generating m_varcoeff ================================= 
*** 1st Moving frames are in unit length ***
*** 2nd Moving frames are in unit length ***
*** Moving frames are Orthogonal
*** MF 0 = ( 0.493152 , 0.869943 , 0 ) 
*** MF 1 = ( 0.869943 , 0.493152 , 0 ) 
*** MF 2 = ( 0 , 0 , 1 ) 
Max phieAnistrength_1  = 545.255, phieAnistrength_2 = 545.255, Min phieAnistrength 1 = 2, phieAnistrength 2 = 2

Generating m_varcoeff ================================= 
*** 1st Moving frames are in unit length ***
*** 2nd Moving frames are in unit length ***
*** Moving frames are Orthogonal
*** MF 0 = ( 0.51284 , 0.858484 , 0 ) 
*** MF 1 = ( 0.858484 , 0.51284 , 0 ) 
*** MF 2 = ( 0 , 0 , 1 ) 
Max phieAnistrength_1  = 545.255, phieAnistrength_2 = 545.255, Min phieAnistrength 1 = 2, phieAnistrength 2 = 2

Generating m_varcoeff ================================= 
*** MF 1 = ( 0.878945 , 0.476922 , 0 ) 
*** MF 2 = ( 0 , 0 , 1 ) 
Max phieAnistrength_1  = 545.254, phieAnistrength_2 = 545.254, Min phieAnistrength 1 = 2, phieAnistrength 2 = 2

Generating m_varcoeff ================================= 
*** 1st Moving frames are in unit length ***
*** 2nd Moving frames are in unit length ***
*** Moving frames are Orthogonal
*** MF 0 = ( 0.514737 , 0.857348 , 0 ) 
*** MF 1 = ( 0.857348 , 0.514737 , 0 ) 
*** MF 2 = ( 0 , 0 , 1 ) 
Max phieAnistrength_1  = 545.255, phieAnistrength_2 = 545.255, Min phieAnistrength 1 = 2, phieAnistrength 2 = 2

Generating m_varcoeff ================================= 
*** 1st Moving frames are in unit length ***
*** 2nd Moving frames are in unit length ***
*** Moving frames are Orthogonal
*** MF 0 = ( 0.501587 , 0.865107 , 0 ) 
*** MF 1 = ( 0.865107 , 0.501587 , 0 ) 
*** MF 2 = ( 0 , 0 , 1 ) 
Max phieAnistrength_1  = 545.255, phieAnistrength_2 = 545.255, Min phieAnistrength 1 = 2, phieAnistrength 2 = 2

Generating m_varcoeff ================================= 
*** 1st Moving frames are in unit length ***
*** 2nd Moving frames are in unit length ***
*** Moving frames are Orthogonal
*** MF 0 = ( 0.483123 , 0.875553 , 0 ) 
*** MF 1 = ( 0.875553 , 0.483123 , 0 ) 
*** MF 2 = ( 0 , 0 , 1 ) 
Max phieAnistrength_1  = 545.255, phieAnistrength_2 = 545.255, Min phieAnistrength 1 = 2, phieAnistrength 2 = 2

Generating m_varcoeff ================================= 
*** 1st Moving frames are in unit length ***
*** 2nd Moving frames are in unit length ***
*** Moving frames are Orthogonal
*** MF 0 = ( 0.497615 , 0.867398 , 0 ) 
*** MF 1 = ( 0.867398 , 0.497615 , 0 ) 
*** MF 2 = ( 0 , 0 , 1 ) 
Max phieAnistrength_1  = 545.255, phieAnistrength_2 = 545.255, Min phieAnistrength 1 = 2, phieAnistrength 2 = 2

Generating m_varcoeff ================================= 
Max phieAnistrength_1  = 545.254, phieAnistrength_2 = 545.254, Min phieAnistrength 1 = 2, phieAnistrength 2 = 2

Generating m_varcoeff ================================= 
Max phieAnistrength_1  = 545.255, phieAnistrength_2 = 545.255, Min phieAnistrength 1 = 2, phieAnistrength 2 = 2

Generating m_varcoeff ================================= 
Max phieAnistrength_1  = 545.255, phieAnistrength_2 = 545.255, Min phieAnistrength 1 = 2, phieAnistrength 2 = 2

Generating m_varcoeff ================================= 
k = 0, m_varcoeff = ( 0 , 6.77256 , 0 , 2.02742e-12 , 87.6909 ) 
k = 1, m_varcoeff = ( 12.6698 , 6.70795 , 0 , 0.000145398 , 242.11 ) 
k = 1, m_varcoeff = ( 6.77256 , 0 , 0 , 2.88302e-12 , 87.6909 ) 
k = 0, m_varcoeff = ( 0 , 6.30568 , 0 , 9.20231e-13 , 81.6358 ) 
k = 0, m_varcoeff = ( 0 , 6.31144 , 0 , 9.31404e-13 , 81.6363 ) 
k = 2, m_varcoeff = ( 0 , 0 , 1 , 0 , 1 ) 
 ::::: 2D Varcoeff is Successfully Created ::::: 


k = 2, m_varcoeff = ( 0 , 0 , 1 , 0 , 1 ) 
 ::::: 2D Varcoeff is Successfully Created ::::: 


k = 0, m_varcoeff = ( 0 , 6.54329 , 0 , 9.51255e-13 , 84.7175 ) 
k = 0, m_varcoeff = ( 0 , 6.54051 , 0 , 9.53085e-13 , 84.7172 ) 
k = 0, m_varcoeff = ( 0 , 6.77256 , 0 , 9.96998e-13 , 87.6909 ) 
k = 0, m_varcoeff = ( 0 , 6.4846 , 0 , 9.65207e-13 , 83.9576 ) 
k = 2, m_varcoeff = ( 0 , 0 , 1 , 0 , 1 ) 
 ::::: 2D Varcoeff is Successfully Created ::::: 

Generating m_phievarcoeff ================================= 
k = 0, m_varcoeff = ( 0 , 6.71182 , 0 , 9.81764e-13 , 86.9044 ) 
k = 0, m_varcoeff = ( 0 , 6.48735 , 0 , 9.50481e-13 , 83.9579 ) 
k = 0, m_varcoeff = ( 0 , 6.71182 , 0 , 9.5494e-13 , 86.9044 ) 
k = 0, m_varcoeff = ( 0 , 6.93159 , 0 , 1.0059e-12 , 89.7544 ) 
k = 1, m_varcoeff = ( 6.30568 , 0 , 0 , 2.34429e-12 , 81.6358 ) 
k = 0, m_varcoeff = ( 0 , 6.77256 , 0 , 1.01413e-12 , 87.6909 ) 
k = 1, m_varcoeff = ( 6.54329 , 0 , 0 , 2.45864e-12 , 84.7175 ) 
k = 1, m_varcoeff = ( 6.31144 , 0 , 0 , 2.47253e-12 , 81.6363 ) 
k = 0, m_varcoeff = ( 0 , 6.77256 , 0 , 9.73102e-13 , 87.6909 ) 
k = 0, m_varcoeff = ( 0 , 6.54329 , 0 , 9.80399e-13 , 84.7175 ) 
k = 0, m_varcoeff = ( 0 , 6.4846 , 0 , 9.29483e-13 , 83.9576 ) 
k = 0, m_varcoeff = ( 0 , 6.4846 , 0 , 9.47513e-13 , 83.9576 ) 
k = 1, m_varcoeff = ( 6.54051 , 0 , 0 , 2.47394e-12 , 84.7172 ) 
k = 0, m_varcoeff = ( 0 , 6.71182 , 0 , 9.48428e-13 , 86.9044 ) 
k = 0, m_varcoeff = ( 0 , 6.48735 , 0 , 9.43938e-13 , 83.9579 ) 
k = 0, m_varcoeff = ( 0 , 6.71182 , 0 , 9.35269e-13 , 86.9044 ) 
k = 0, m_varcoeff = ( 0 , 6.30568 , 0 , 8.54887e-13 , 81.6358 ) 
k = 0, m_varcoeff = ( 0 , 6.30568 , 0 , 8.87202e-13 , 81.6358 ) 
k = 0, m_varcoeff = ( 0 , 6.24913 , 0 , 9.11977e-13 , 80.9036 ) 
k = 0, m_varcoeff = ( 0 , 6.71182 , 0 , 9.48428e-13 , 86.9044 ) 
k = 0, m_varcoeff = ( 0 , 6.71182 , 0 , 9.59669e-13 , 86.9044 ) 
k = 0, m_varcoeff = ( 0 , 5.75552 , 0 , 1.96317e-12 , 74.4211 ) 
k = 1, m_varcoeff = ( 6.4846 , 0 , 0 , 2.45727e-12 , 83.9576 ) 
k = 0, m_varcoeff = ( 0 , 6.25198 , 0 , 9.13233e-13 , 80.9039 ) 
k = 0, m_varcoeff = ( 0 , 7.13961 , 0 , 9.96618e-13 , 92.5163 ) 
k = 1, m_varcoeff = ( 6.93159 , 0 , 0 , 2.65388e-12 , 89.7544 ) 
k = 0, m_varcoeff = ( 0 , 6.71182 , 0 , 9.88056e-13 , 86.9044 ) 
k = 0, m_varcoeff = ( 7.36186 , 12.1427 , 0 , 8.11936e-05 , 232.376 ) 
k = 1, m_varcoeff = ( 6.71182 , 0 , 0 , 2.53032e-12 , 86.9044 ) 
k = 1, m_varcoeff = ( 6.48735 , 0 , 0 , 2.46277e-12 , 83.9579 ) 
k = 1, m_varcoeff = ( 6.77256 , 0 , 0 , 2.60772e-12 , 87.6909 ) 
k = 1, m_varcoeff = ( 6.71182 , 0 , 0 , 2.65121e-12 , 86.9044 ) 
k = 1, m_varcoeff = ( 6.77256 , 0 , 0 , 2.57331e-12 , 87.6909 ) 
k = 1, m_varcoeff = ( 6.71182 , 0 , 0 , 2.56468e-12 , 86.9044 ) 
k = 1, m_varcoeff = ( 6.48735 , 0 , 0 , 2.46277e-12 , 83.9579 ) 
k = 1, m_varcoeff = ( 6.71182 , 0 , 0 , 2.67023e-12 , 86.9044 ) 
k = 1, m_varcoeff = ( 6.30568 , 0 , 0 , 2.46136e-12 , 81.6358 ) 
k = 1, m_varcoeff = ( 6.30568 , 0 , 0 , 2.40354e-12 , 81.6358 ) 
k = 2, m_varcoeff = ( 0 , 0 , 1 , 0 , 1 ) 
 ::::: 2D Varcoeff is Successfully Created ::::: 

Generating m_phievarcoeff ================================= 
k = 2, m_varcoeff = ( 0 , 0 , 1 , 0 , 1 ) 
 ::::: 2D Varcoeff is Successfully Created ::::: 

Generating m_phievarcoeff ================================= 
k = 2, m_varcoeff = ( 0 , 0 , 1 , 0 , 1 ) 
 ::::: 2D Varcoeff is Successfully Created ::::: 

Generating m_phievarcoeff ================================= 
k = 1, m_varcoeff = ( 6.24913 , 0 , 0 , 2.36065e-12 , 80.9036 ) 
k = 1, m_varcoeff = ( 6.71182 , 0 , 0 , 2.61798e-12 , 86.9044 ) 
k = 1, m_varcoeff = ( 6.77256 , 0 , 0 , 2.57331e-12 , 87.6909 ) 
k = 1, m_varcoeff = ( 6.54329 , 0 , 0 , 2.42212e-12 , 84.7175 ) 
k = 1, m_varcoeff = ( 6.4846 , 0 , 0 , 2.45727e-12 , 83.9576 ) 
k = 1, m_varcoeff = ( 6.4846 , 0 , 0 , 2.49264e-12 , 83.9576 ) 
k = 1, m_varcoeff = ( 7.13961 , 0 , 0 , 2.73028e-12 , 92.5163 ) 
k = 1, m_varcoeff = ( 5.75552 , 0 , 0 , 2.56083e-12 , 74.4211 ) 
k = 2, m_varcoeff = ( 0 , 0 , 1 , 0 , 1 ) 
 ::::: 2D Varcoeff is Successfully Created ::::: 

Generating m_phievarcoeff ================================= 
k = 2, m_varcoeff = ( 0 , 0 , 1 , 0 , 1 ) 
 ::::: 2D Varcoeff is Successfully Created ::::: 

Generating m_phievarcoeff ================================= 
k = 2, m_varcoeff = ( 0 , 0 , 1 , 0 , 1 ) 
 ::::: 2D Varcoeff is Successfully Created ::::: 

Generating m_phievarcoeff ================================= 
k = 1, m_varcoeff = ( 6.71182 , 0 , 0 , 2.56468e-12 , 86.9044 ) 
k = 1, m_varcoeff = ( 6.25198 , 0 , 0 , 2.38766e-12 , 80.9039 ) 
k = 1, m_varcoeff = ( 6.71182 , 0 , 0 , 2.58433e-12 , 86.9044 ) 
k = 1, m_varcoeff = ( 12.1427 , 7.36186 , 0 , 0.000112786 , 232.376 ) 
k = 2, m_varcoeff = ( 0 , 0 , 1 , 0 , 1 ) 
 ::::: 2D Varcoeff is Successfully Created ::::: 

Generating m_phievarcoeff ================================= 
k = 2, m_varcoeff = ( 0 , 0 , 1 , 0 , 1 ) 
 ::::: 2D Varcoeff is Successfully Created ::::: 

Generating m_phievarcoeff ================================= 
k = 2, m_varcoeff = ( 0 , 0 , 1 , 0 , 1 ) 
 ::::: 2D Varcoeff is Successfully Created ::::: 

Generating m_phievarcoeff ================================= 
k = 2, m_varcoeff = ( 0 , 0 , 1 , 0 , 1 ) 
 ::::: 2D Varcoeff is Successfully Created ::::: 

Generating m_phievarcoeff ================================= 
k = 2, m_varcoeff = ( 0 , 0 , 1 , 0 , 1 ) 
 ::::: 2D Varcoeff is Successfully Created ::::: 

Generating m_phievarcoeff ================================= 
k = 0, m_varcoeff = ( 6.01998 , 12.7712 , 0 , 9.85496e-05 , 236.373 ) 
k = 0, m_varcoeff = ( 6.45599 , 12.6774 , 0 , 9.77572e-05 , 239.605 ) 
k = 2, m_varcoeff = ( 0 , 0 , 1 , 0 , 1 ) 
 ::::: 2D Varcoeff is Successfully Created ::::: 

Generating m_phievarcoeff ================================= 
k = 2, m_varcoeff = ( 0 , 0 , 1 , 0 , 1 ) 
 ::::: 2D Varcoeff is Successfully Created ::::: 

Generating m_phievarcoeff ================================= 
k = 2, m_varcoeff = ( 0 , 0 , 1 , 0 , 1 ) 
 ::::: 2D Varcoeff is Successfully Created ::::: 

Generating m_phievarcoeff ================================= 
k = 2, m_varcoeff = ( 0 , 0 , 1 , 0 , 1 ) 
 ::::: 2D Varcoeff is Successfully Created ::::: 

Generating m_phievarcoeff ================================= 
k = 2, m_varcoeff = ( 0 , 0 , 1 , 0 , 1 ) 
 ::::: 2D Varcoeff is Successfully Created ::::: 

Generating m_phievarcoeff ================================= 
k = 2, m_varcoeff = ( 0 , 0 , 1 , 0 , 1 ) 
 ::::: 2D Varcoeff is Successfully Created ::::: 

Generating m_phievarcoeff ================================= 
k = 0, m_varcoeff = ( 6.86366 , 11.6773 , 0 , 9.83683e-05 , 224.649 ) 
k = 2, m_varcoeff = ( 0 , 0 , 1 , 0 , 1 ) 
 ::::: 2D Varcoeff is Successfully Created ::::: 

Generating m_phievarcoeff ================================= 
k = 2, m_varcoeff = ( 0 , 0 , 1 , 0 , 1 ) 
 ::::: 2D Varcoeff is Successfully Created ::::: 

Generating m_phievarcoeff ================================= 
k = 2, m_varcoeff = ( 0 , 0 , 1 , 0 , 1 ) 
 ::::: 2D Varcoeff is Successfully Created ::::: 

Generating m_phievarcoeff ================================= 
k = 0, m_varcoeff = ( 6.37247 , 12.6954 , 0 , 5.77178e-05 , 235.207 ) 
k = 0, m_varcoeff = ( 6.33609 , 12.6755 , 0 , 6.08245e-06 , 227.433 ) 
k = 2, m_varcoeff = ( 0 , 0 , 1 , 0 , 1 ) 
 ::::: 2D Varcoeff is Successfully Created ::::: 


k = 2, m_varcoeff = ( 0 , 0 , 1 , 0 , 1 ) 
 ::::: 2D Varcoeff is Successfully Created ::::: 

Generating m_phievarcoeff ================================= 
k = 2, m_varcoeff = ( 0 , 0 , 1 , 0 , 1 ) 
 ::::: 2D Varcoeff is Successfully Created ::::: 

Generating m_phievarcoeff ================================= 
k = 0, m_varcoeff = ( 6.63826 , 12.7037 , 0 , 8.28334e-05 , 239.486 ) 
k = 2, m_varcoeff = ( 0 , 0 , 1 , 0 , 1 ) 
 ::::: 2D Varcoeff is Successfully Created ::::: 

Generating m_phievarcoeff ================================= 
k = 2, m_varcoeff = ( 0 , 0 , 1 , 0 , 1 ) 
 ::::: 2D Varcoeff is Successfully Created ::::: 

Generating m_phievarcoeff ================================= 
k = 2, m_varcoeff = ( 0 , 0 , 1 , 0 , 1 ) 
 ::::: 2D Varcoeff is Successfully Created ::::: 

Generating m_phievarcoeff ================================= 
k = 2, m_varcoeff = ( 0 , 0 , 1 , 0 , 1 ) 
 ::::: 2D Varcoeff is Successfully Created ::::: 

Generating m_phievarcoeff ================================= 
k = 0, m_varcoeff = ( 6.89833 , 12.6567 , 0 , 0.000110762 , 244.764 ) 
k = 2, m_varcoeff = ( 0 , 0 , 1 , 0 , 1 ) 
 ::::: 2D Varcoeff is Successfully Created ::::: 

Generating m_phievarcoeff ================================= 
k = 0, m_varcoeff = ( 6.72452 , 11.8685 , 0 , 0.000122635 , 212.266 ) 
k = 0, m_varcoeff = ( 7.50573 , 12.3363 , 0 , 8.18381e-05 , 245.21 ) 
k = 0, m_varcoeff = ( 5.28871 , 13.0332 , 0 , 9.49789e-05 , 228.557 ) 
k = 1, m_varcoeff = ( 12.407 , 6.3913 , 0 , 0.000127443 , 228.682 ) 
k = 0, m_varcoeff = ( 6.42639 , 12.4321 , 0 , 9.72738e-05 , 236.393 ) 
k = 1, m_varcoeff = ( 12.5028 , 5.95056 , 0 , 0.000132331 , 225.294 ) 
k = 0, m_varcoeff = ( 6.16151 , 12.0892 , 0 , 0.000123889 , 213.641 ) 
k = 1, m_varcoeff = ( 11.6773 , 6.86366 , 0 , 0.000132196 , 224.649 ) 
k = 0, m_varcoeff = ( 5.97277 , 12.917 , 0 , 9.78771e-05 , 238.97 ) 
k = 0, m_varcoeff = ( 7.23599 , 11.8828 , 0 , 0.000111293 , 223.787 ) 
k = 0, m_varcoeff = ( 6.744 , 12.6777 , 0 , 8.35151e-05 , 243.25 ) 
k = 0, m_varcoeff = ( 6.64074 , 12.2557 , 0 , 9.74862e-05 , 227.739 ) 
k = 0, m_varcoeff = ( 6.14907 , 12.2705 , 0 , 7.95112e-06 , 225.518 ) 
k = 0, m_varcoeff = ( 6.62217 , 12.5374 , 0 , 9.78771e-05 , 234.743 ) 
k = 1, m_varcoeff = ( 12.4302 , 6.3081 , 0 , 8.30593e-05 , 224.273 ) 
k = 1, m_varcoeff = ( 12.9404 , 6.40134 , 0 , 9.62847e-06 , 238.413 ) 
k = 0, m_varcoeff = ( 6.7323 , 12.7748 , 0 , 5.9935e-06 , 248.383 ) 
k = 0, m_varcoeff = ( 6.57872 , 12.5898 , 0 , 9.69133e-05 , 235.207 ) 
k = 0, m_varcoeff = ( 6.69469 , 11.9625 , 0 , 0.000123404 , 221.354 ) 
k = 1, m_varcoeff = ( 12.4338 , 6.57536 , 0 , 0.000121082 , 228.557 ) 
k = 0, m_varcoeff = ( 6.29366 , 13.8021 , 0 , 0.000112629 , 264.62 ) 
k = 0, m_varcoeff = ( 7.82859 , 10.591 , 0 , 1.7103e-06 , 201.546 ) 
k = 0, m_varcoeff = ( 6.80482 , 12.7363 , 0 , 0.000111607 , 248.383 ) 
k = 1, m_varcoeff = ( 12.3907 , 6.83891 , 0 , 0.000141169 , 234.277 ) 
k = 0, m_varcoeff = ( 6.28647 , 11.9618 , 0 , 0.000134061 , 208.814 ) 
=======================================================================
	        EquationType: MMFNeuralEP
	        Session Name: Fiber2DEphapticPlaneL6Isolated
	        Spatial Dim.: 3
	  Max SEM Exp. Order: 5
	      Num. Processes: 30
	      Expansion Dim.: 2
	     Projection Type: Continuous Galerkin
	 Advect. advancement: explicit
	Diffuse. advancement: implicit
	           Time Step: 1e-07
	        No. of Steps: 20000000
	 Checkpoints (steps): 1000000
	    Integration Type: IMEX
	             Surface: Line
	           DerivType: Euclidean
	              MMFdir: TangentY
	        NeuralEPType: NeuralEP2Dbi
k = 0, m_varcoeff = ( 5.78124 , 12.1744 , 0 , 0.000110258 , 214.599 ) 
k = 0, m_varcoeff = ( 6.99638 , 12.4832 , 0 , 8.16239e-05 , 238.396 ) 
k = 1, m_varcoeff = ( 11.7838 , 7.39618 , 0 , 0.000117518 , 223.787 ) 
k = 1, m_varcoeff = ( 13.2909 , 5.3667 , 0 , 0.000113767 , 239.486 ) 
	      ExtCurrentType: Isolated
	       GlobalSysSoln: XxtMultiLevelStaticCond
k = 1, m_varcoeff = ( 12.9428 , 6.96305 , 0 , 0.000152469 , 255.248 ) 
k = 2, m_varcoeff = ( 0 , 0 , 1 , 0 , 1 ) 
 ::::: 2D Varcoeff is Successfully Created ::::: 


	          Fiber Type: SingleLinear
	         ExtFieldStr: 1
	        Fiber Length: 0.01
	k = 2, m_varcoeff = ( 0 , 0 , 1 , 0 , 1 ) 
 ::::: 2D Varcoeff is Successfully Created ::::: 


k = 1, m_varcoeff = ( 12.1612 , 6.36257 , 0 , 0.000128745 , 225.518 ) 
         Node Length: 0.01
	       Myelin Length: 0.2
	   Total_Number_Node: 30
	    Element_per_Node: 4
	  Element_per_Myelin: 14
	         Temperature: 24
	            diameter: 0.01
	             Helmtau: 1
	                  nq: 1650
	                npts: 30
=======================================================================
k = 2, m_varcoeff = ( 0 , 0 , 1 , 0 , 1 ) 
 ::::: 2D Varcoeff is Successfully Created ::::: 


k = 1, m_varcoeff = ( 12.3904 , 5.83451 , 0 , 0.000133369 , 216.932 ) 
k = 1, m_varcoeff = ( 12.4309 , 7.34793 , 0 , 0.000145398 , 245.21 ) 
k = 1, m_varcoeff = ( 12.5374 , 6.62217 , 0 , 0.000133369 , 234.743 ) 
k = 2, m_varcoeff = ( 0 , 0 , 1 , 0 , 1 ) 
 ::::: 2D Varcoeff is Successfully Created ::::: 


k = 1, m_varcoeff = ( 12.1307 , 6.61962 , 0 , 0.00012382 , 221.225 ) 
k = 1, m_varcoeff = ( 12.5246 , 6.70192 , 0 , 0.000131011 , 238.513 ) 
k = 1, m_varcoeff = ( 12.3223 , 6.51639 , 0 , 0.000128473 , 224.273 ) 
k = 2, m_varcoeff = ( 0 , 0 , 1 , 0 , 1 ) 
 ::::: 2D Varcoeff is Successfully Created ::::: 


k = 1, m_varcoeff = ( 12.2421 , 6.60994 , 0 , 9.22858e-06 , 227.259 ) 
k = 1, m_varcoeff = ( 12.9036 , 6.36062 , 0 , 0.000153965 , 246.956 ) 
k = 1, m_varcoeff = ( 12.5391 , 6.21508 , 0 , 1.0605e-05 , 236.393 ) 
k = 2, m_varcoeff = ( 0 , 0 , 1 , 0 , 1 ) 
 ::::: 2D Varcoeff is Successfully Created ::::: 


k = 1, m_varcoeff = ( 13.3044 , 6.60872 , 0 , 0.000158791 , 263.018 ) 
k = 2, m_varcoeff = ( 0 , 0 , 1 , 0 , 1 ) 
 ::::: 2D Varcoeff is Successfully Created ::::: 


k = 1, m_varcoeff = ( 12.5168 , 6.8177 , 0 , 0.000149903 , 243.367 ) 
k = 2, m_varcoeff = ( 0 , 0 , 1 , 0 , 1 ) 
 ::::: 2D Varcoeff is Successfully Created ::::: 


k = 1, m_varcoeff = ( 13.0579 , 6.09602 , 0 , 0.000151925 , 234.42 ) 
k = 1, m_varcoeff = ( 10.901 , 7.88055 , 0 , 2.01845e-06 , 213.646 ) 
k = 1, m_varcoeff = ( 12.202 , 6.68379 , 0 , 0.000145639 , 227.259 ) 
k = 2, m_varcoeff = ( 0 , 0 , 1 , 0 , 1 ) 
 ::::: 2D Varcoeff is Successfully Created ::::: 


Initial Conditions:
k = 2, m_varcoeff = ( 0 , 0 , 1 , 0 , 1 ) 
 ::::: 2D Varcoeff is Successfully Created ::::: 


k = 1, m_varcoeff = ( 12.7099 , 5.92074 , 0 , 0.000138817 , 236.854 ) 
k = 1, m_varcoeff = ( 12.2134 , 6.9378 , 0 , 0.000117369 , 227.616 ) 
k = 2, m_varcoeff = ( 0 , 0 , 1 , 0 , 1 ) 
 ::::: 2D Varcoeff is Successfully Created ::::: 


k = 2, m_varcoeff = ( 0 , 0 , 1 , 0 , 1 ) 
 ::::: 2D Varcoeff is Successfully Created ::::: 


k = 2, m_varcoeff = ( 0 , 0 , 1 , 0 , 1 ) 
 ::::: 2D Varcoeff is Successfully Created ::::: 


k = 2, m_varcoeff = ( 0 , 0 , 1 , 0 , 1 ) 
 ::::: 2D Varcoeff is Successfully Created ::::: 


k = 2, m_varcoeff = ( 0 , 0 , 1 , 0 , 1 ) 
 ::::: 2D Varcoeff is Successfully Created ::::: 


k = 2, m_varcoeff = ( 0 , 0 , 1 , 0 , 1 ) 
 ::::: 2D Varcoeff is Successfully Created ::::: 


k = 2, m_varcoeff = ( 0 , 0 , 1 , 0 , 1 ) 
 ::::: 2D Varcoeff is Successfully Created ::::: 


k = 2, m_varcoeff = ( 0 , 0 , 1 , 0 , 1 ) 
 ::::: 2D Varcoeff is Successfully Created ::::: 


k = 2, m_varcoeff = ( 0 , 0 , 1 , 0 , 1 ) 
 ::::: 2D Varcoeff is Successfully Created ::::: 


k = 2, m_varcoeff = ( 0 , 0 , 1 , 0 , 1 ) 
 ::::: 2D Varcoeff is Successfully Created ::::: 


k = 2, m_varcoeff = ( 0 , 0 , 1 , 0 , 1 ) 
 ::::: 2D Varcoeff is Successfully Created ::::: 


k = 2, m_varcoeff = ( 0 , 0 , 1 , 0 , 1 ) 
 ::::: 2D Varcoeff is Successfully Created ::::: 


k = 2, m_varcoeff = ( 0 , 0 , 1 , 0 , 1 ) 
 ::::: 2D Varcoeff is Successfully Created ::::: 


k = 2, m_varcoeff = ( 0 , 0 , 1 , 0 , 1 ) 
 ::::: 2D Varcoeff is Successfully Created ::::: 


k = 2, m_varcoeff = ( 0 , 0 , 1 , 0 , 1 ) 
 ::::: 2D Varcoeff is Successfully Created ::::: 


k = 2, m_varcoeff = ( 0 , 0 , 1 , 0 , 1 ) 
 ::::: 2D Varcoeff is Successfully Created ::::: 


k = 2, m_varcoeff = ( 0 , 0 , 1 , 0 , 1 ) 
 ::::: 2D Varcoeff is Successfully Created ::::: 


  - Field um: 0
  - Field ue: 0
Initial Conditions:
  - Field um: 0
  - Field ue: 0
Writing: "Fiber2DEphapticPlaneL6Isolated_initial.chk"
 (0.00167388s, XML)
phi_m, max: -0.000000 at y = 5.260000./ phi_m, min: -0.001153 at y = 5.264832


phi_m, max: -0.000000 at y = 1.480000./ phi_m, min: -0.001152 at y = 1.485168


phi_m, max: -0.000000 at y = 5.050000./ phi_m, min: -0.001153 at y = 5.055168


phi_m, max: -0.000000 at y = 5.480000./ phi_m, min: -0.001153 at y = 5.685168


phi_m, max: -0.000000 at y = 5.690000./ phi_m, min: -0.001153 at y = 5.895168


phi_m, max: 27.072587 at y = 0.440000./ phi_m, min: 0.000000 at y = 0.430000


phi_m, max: -0.000000 at y = 3.580000./ phi_m, min: -0.001153 at y = 3.584832


phi_m, max: -0.000000 at y = 1.518571./ phi_m, min: -0.001153 at y = 1.695168


phi_m, max: -0.000000 at y = 4.420000./ phi_m, min: -0.001153 at y = 4.424832


phi_m, max: -0.000000 at y = 4.640000./ phi_m, min: -0.001153 at y = 4.634832


phi_m, max: -0.000000 at y = 1.270000./ phi_m, min: -0.001127 at y = 1.278213


phi_m, max: -0.000000 at y = 3.370000./ phi_m, min: -0.001153 at y = 3.375168


phi_m, max: -0.000000 at y = 2.740000./ phi_m, min: -0.001153 at y = 2.744832


phi_m, max: -0.000000 at y = 4.210000./ phi_m, min: -0.001153 at y = 4.215168


phi_m, max: -0.000000 at y = 3.790000./ phi_m, min: -0.001153 at y = 4.004832


phi_m, max: -0.000000 at y = 3.971429./ phi_m, min: -0.001126 at y = 4.000000


phi_m, max: -0.000000 at y = 4.850000./ phi_m, min: -0.001153 at y = 5.055168


Steps: 1000000  Time: 0.1         

Time: 0.100000
CPU Time: 75.967054 min.
phi_m, max: -0.000000 at y = 3.131429./ phi_m, min: -0.001161 at y = 6.320000


phi_m, max: 114.270515 at y = 0.430587./ phi_m, min: -0.001124 at y = 3.198571


phi_m, max: -0.000000 at y = 2.320000./ phi_m, min: -0.001153 at y = 2.324832


phi_m, max: -0.000000 at y = 2.358571./ phi_m, min: -0.001153 at y = 2.535168


phi_m, max: -0.000000 at y = 2.110000./ phi_m, min: -0.001153 at y = 2.115168


phi_m, max: 0.015271 at y = 0.860000./ phi_m, min: -0.000723 at y = 1.070000


phi_m, max: -0.000000 at y = 2.950000./ phi_m, min: -0.001153 at y = 2.954832


phi_m, max: 18.893457 at y = 0.640000./ phi_m, min: 0.000000 at y = 0.650000


phi_m, max: -0.000000 at y = 1.900000./ phi_m, min: -0.001153 at y = 1.905168


phi_m, max: -0.000000 at y = 5.928571./ phi_m, min: -0.001153 at y = 6.105168


phi_m, max: -0.000000 at y = 6.310000./ phi_m, min: -0.001162 at y = 6.318213


phi_m, max: 112.624926 at y = 0.018213./ phi_m, min: 0.000000 at y = -0.010000


phi_m, max: 115.829979 at y = 0.228213./ phi_m, min: 0.000000 at y = 0.220000


Writing: "Fiber2DEphapticPlaneL6Isolated_1.chk"
 (0.00197216s, XML)
phi_m, max: -0.000000 at y = 1.480000./ phi_m, min: -0.001152 at y = 1.485168
phi_m, max: 0.005816 at y = 1.308571./ phi_m, min: -0.000962 at y = 1.518571


phi_m, max: -0.000000 at y = 5.260000./ phi_m, min: -0.001153 at y = 5.264832
phi_m, max: -0.000000 at y = 5.260000./ phi_m, min: -0.001162 at y = 5.265168


phi_m, max: -0.000000 at y = 5.928571./ phi_m, min: -0.001153 at y = 6.105168
phi_m, max: -0.000000 at y = 5.928571./ phi_m, min: -0.001162 at y = 6.105168


Steps: 2000000  Time: 0.2         

Time: 0.100000
CPU Time: 75.967054 min.
phi_m, max: -0.000000 at y = 3.131429./ phi_m, min: -0.001161 at y = 6.320000

Time: 0.200000
CPU Time: 76.078753 min.
phi_m, max: -0.000000 at y = 3.131429./ phi_m, min: -0.001170 at y = 6.320000


phi_m, max: -0.000000 at y = 5.050000./ phi_m, min: -0.001153 at y = 5.055168
phi_m, max: -0.000000 at y = 5.050000./ phi_m, min: -0.001162 at y = 5.475168


phi_m, max: -0.000000 at y = 6.310000./ phi_m, min: -0.001162 at y = 6.318213
phi_m, max: -0.000000 at y = 6.310000./ phi_m, min: -0.001171 at y = 6.318213


phi_m, max: -0.000000 at y = 5.480000./ phi_m, min: -0.001153 at y = 5.685168
phi_m, max: -0.000000 at y = 5.480000./ phi_m, min: -0.001162 at y = 5.685168


phi_m, max: -0.000000 at y = 5.690000./ phi_m, min: -0.001153 at y = 5.895168
phi_m, max: -0.000000 at y = 5.690000./ phi_m, min: -0.001162 at y = 5.895168


phi_m, max: 27.072587 at y = 0.440000./ phi_m, min: 0.000000 at y = 0.430000
phi_m, max: 115.962318 at y = 0.646426./ phi_m, min: 0.000000 at y = 0.430000


phi_m, max: -0.000000 at y = 3.580000./ phi_m, min: -0.001153 at y = 3.584832
phi_m, max: -0.000000 at y = 3.580000./ phi_m, min: -0.001162 at y = 3.585168


phi_m, max: -0.000000 at y = 1.518571./ phi_m, min: -0.001153 at y = 1.695168
phi_m, max: -0.000000 at y = 1.518571./ phi_m, min: -0.001147 at y = 1.696787


phi_m, max: -0.000000 at y = 4.420000./ phi_m, min: -0.001153 at y = 4.424832
phi_m, max: -0.000000 at y = 4.420000./ phi_m, min: -0.001162 at y = 4.425168


phi_m, max: -0.000000 at y = 4.640000./ phi_m, min: -0.001153 at y = 4.634832
phi_m, max: -0.000000 at y = 4.640000./ phi_m, min: -0.001162 at y = 4.635168


phi_m, max: -0.000000 at y = 1.270000./ phi_m, min: -0.001127 at y = 1.278213
phi_m, max: 0.294549 at y = 1.070000./ phi_m, min: 0.000000 at y = 1.270000


phi_m, max: -0.000000 at y = 3.370000./ phi_m, min: -0.001153 at y = 3.375168
phi_m, max: -0.000000 at y = 3.370000./ phi_m, min: -0.001162 at y = 3.374832


phi_m, max: -0.000000 at y = 2.740000./ phi_m, min: -0.001153 at y = 2.744832
phi_m, max: -0.000000 at y = 2.740000./ phi_m, min: -0.001162 at y = 2.745168


phi_m, max: -0.000000 at y = 4.210000./ phi_m, min: -0.001153 at y = 4.215168
phi_m, max: -0.000000 at y = 4.210000./ phi_m, min: -0.001162 at y = 4.214832


phi_m, max: -0.000000 at y = 3.790000./ phi_m, min: -0.001153 at y = 4.004832
phi_m, max: -0.000000 at y = 3.790000./ phi_m, min: -0.001162 at y = 3.794832


phi_m, max: -0.000000 at y = 3.971429./ phi_m, min: -0.001126 at y = 4.000000
phi_m, max: -0.000000 at y = 3.971429./ phi_m, min: -0.001135 at y = 4.210000


phi_m, max: -0.000000 at y = 4.850000./ phi_m, min: -0.001153 at y = 5.055168
phi_m, max: -0.000000 at y = 4.850000./ phi_m, min: -0.001162 at y = 4.844832


phi_m, max: 114.270515 at y = 0.430587./ phi_m, min: -0.001124 at y = 3.198571
phi_m, max: 112.995228 at y = 0.439413./ phi_m, min: -0.001133 at y = 3.341429


phi_m, max: -0.000000 at y = 2.320000./ phi_m, min: -0.001153 at y = 2.324832
phi_m, max: -0.000000 at y = 2.320000./ phi_m, min: -0.001162 at y = 2.325168


phi_m, max: -0.000000 at y = 2.358571./ phi_m, min: -0.001153 at y = 2.535168
phi_m, max: -0.000000 at y = 2.358571./ phi_m, min: -0.001162 at y = 2.535168


phi_m, max: -0.000000 at y = 2.110000./ phi_m, min: -0.001153 at y = 2.115168
phi_m, max: -0.000000 at y = 2.110000./ phi_m, min: -0.001162 at y = 2.115168


phi_m, max: 0.015271 at y = 0.860000./ phi_m, min: -0.000723 at y = 1.070000
phi_m, max: 12.013272 at y = 0.860000./ phi_m, min: 0.000000 at y = 0.888571


phi_m, max: -0.000000 at y = 2.950000./ phi_m, min: -0.001153 at y = 2.954832
phi_m, max: -0.000000 at y = 2.950000./ phi_m, min: -0.001162 at y = 2.955168


phi_m, max: 18.893457 at y = 0.640000./ phi_m, min: 0.000000 at y = 0.650000
phi_m, max: 115.962318 at y = 0.646426./ phi_m, min: 0.000000 at y = 0.650000


phi_m, max: -0.000000 at y = 1.900000./ phi_m, min: -0.001153 at y = 1.905168
phi_m, max: -0.000000 at y = 1.900000./ phi_m, min: -0.001162 at y = 1.905168


phi_m, max: 112.624926 at y = 0.018213./ phi_m, min: 0.000000 at y = -0.010000
phi_m, max: 97.591567 at y = 0.018213./ phi_m, min: 0.000000 at y = -0.010000


phi_m, max: 115.829979 at y = 0.228213./ phi_m, min: 0.000000 at y = 0.220000
phi_m, max: 105.912401 at y = 0.344286./ phi_m, min: 0.000000 at y = 0.220000


Writing: "Fiber2DEphapticPlaneL6Isolated_2.chk"
 (0.00200342s, XML)
phi_m, max: -0.000000 at y = 1.900000./ phi_m, min: -0.001153 at y = 1.905168
phi_m, max: -0.000000 at y = 1.900000./ phi_m, min: -0.001162 at y = 1.905168
phi_m, max: 0.001996 at y = 1.728571./ phi_m, min: -0.001050 at y = 1.963787


phi_m, max: -0.000000 at y = 1.480000./ phi_m, min: -0.001152 at y = 1.485168
phi_m, max: 0.005816 at y = 1.308571./ phi_m, min: -0.000962 at y = 1.518571
phi_m, max: 5.150036 at y = 1.308571./ phi_m, min: 0.000000 at y = 1.480000


phi_m, max: -0.000000 at y = 5.260000./ phi_m, min: -0.001153 at y = 5.264832
phi_m, max: -0.000000 at y = 5.260000./ phi_m, min: -0.001162 at y = 5.265168
phi_m, max: -0.000000 at y = 5.260000./ phi_m, min: -0.001153 at y = 5.265168


phi_m, max: -0.000000 at y = 3.790000./ phi_m, min: -0.001153 at y = 4.004832
phi_m, max: -0.000000 at y = 3.790000./ phi_m, min: -0.001162 at y = 3.794832
phi_m, max: -0.000000 at y = 3.790000./ phi_m, min: -0.001153 at y = 3.794832


Steps: 3000000  Time: 0.3         

Time: 0.100000
CPU Time: 75.967054 min.
phi_m, max: -0.000000 at y = 3.131429./ phi_m, min: -0.001161 at y = 6.320000

Time: 0.200000
CPU Time: 76.078753 min.
phi_m, max: -0.000000 at y = 3.131429./ phi_m, min: -0.001170 at y = 6.320000

Time: 0.300000
CPU Time: 76.078915 min.
phi_m, max: -0.000000 at y = 3.131429./ phi_m, min: -0.001161 at y = 6.320000


phi_m, max: -0.000000 at y = 3.971429./ phi_m, min: -0.001126 at y = 4.000000
phi_m, max: -0.000000 at y = 3.971429./ phi_m, min: -0.001135 at y = 4.210000
phi_m, max: -0.000000 at y = 3.971429./ phi_m, min: -0.001127 at y = 4.210000


phi_m, max: -0.000000 at y = 4.850000./ phi_m, min: -0.001153 at y = 5.055168
phi_m, max: -0.000000 at y = 4.850000./ phi_m, min: -0.001162 at y = 4.844832
phi_m, max: -0.000000 at y = 4.850000./ phi_m, min: -0.001153 at y = 4.844832


phi_m, max: 114.270515 at y = 0.430587./ phi_m, min: -0.001124 at y = 3.198571
phi_m, max: 112.995228 at y = 0.439413./ phi_m, min: -0.001133 at y = 3.341429
phi_m, max: 98.507055 at y = 0.440000./ phi_m, min: -0.001125 at y = 3.341429


phi_m, max: -0.000000 at y = 2.320000./ phi_m, min: -0.001153 at y = 2.324832
phi_m, max: -0.000000 at y = 2.320000./ phi_m, min: -0.001162 at y = 2.325168
phi_m, max: -0.000000 at y = 2.320000./ phi_m, min: -0.001153 at y = 2.325168


phi_m, max: -0.000000 at y = 2.358571./ phi_m, min: -0.001153 at y = 2.535168
phi_m, max: -0.000000 at y = 2.358571./ phi_m, min: -0.001162 at y = 2.535168
phi_m, max: -0.000000 at y = 2.358571./ phi_m, min: -0.001153 at y = 2.535168


phi_m, max: -0.000000 at y = 2.110000./ phi_m, min: -0.001153 at y = 2.115168
phi_m, max: -0.000000 at y = 2.110000./ phi_m, min: -0.001162 at y = 2.115168
phi_m, max: -0.000000 at y = 2.110000./ phi_m, min: -0.001146 at y = 2.116367


phi_m, max: 0.015271 at y = 0.860000./ phi_m, min: -0.000723 at y = 1.070000
phi_m, max: 12.013272 at y = 0.860000./ phi_m, min: 0.000000 at y = 0.888571
phi_m, max: 115.904112 at y = 1.063633./ phi_m, min: 0.000000 at y = 0.888571


phi_m, max: -0.000000 at y = 2.950000./ phi_m, min: -0.001153 at y = 2.954832
phi_m, max: -0.000000 at y = 2.950000./ phi_m, min: -0.001162 at y = 2.955168
phi_m, max: -0.000000 at y = 2.950000./ phi_m, min: -0.001153 at y = 2.955168


phi_m, max: 18.893457 at y = 0.640000./ phi_m, min: 0.000000 at y = 0.650000
phi_m, max: 115.962318 at y = 0.646426./ phi_m, min: 0.000000 at y = 0.650000
phi_m, max: 114.048495 at y = 0.859413./ phi_m, min: 0.000000 at y = 0.650000


phi_m, max: -0.000000 at y = 5.928571./ phi_m, min: -0.001153 at y = 6.105168
phi_m, max: -0.000000 at y = 5.928571./ phi_m, min: -0.001162 at y = 6.105168
phi_m, max: -0.000000 at y = 5.928571./ phi_m, min: -0.001154 at y = 6.105168


phi_m, max: -0.000000 at y = 5.050000./ phi_m, min: -0.001153 at y = 5.055168
phi_m, max: -0.000000 at y = 5.050000./ phi_m, min: -0.001162 at y = 5.475168
phi_m, max: -0.000000 at y = 5.050000./ phi_m, min: -0.001153 at y = 5.475168


phi_m, max: -0.000000 at y = 6.310000./ phi_m, min: -0.001162 at y = 6.318213
phi_m, max: -0.000000 at y = 6.310000./ phi_m, min: -0.001171 at y = 6.318213
phi_m, max: -0.000000 at y = 6.310000./ phi_m, min: -0.001162 at y = 6.318213


phi_m, max: -0.000000 at y = 5.480000./ phi_m, min: -0.001153 at y = 5.685168
phi_m, max: -0.000000 at y = 5.480000./ phi_m, min: -0.001162 at y = 5.685168
phi_m, max: -0.000000 at y = 5.480000./ phi_m, min: -0.001153 at y = 5.685168


phi_m, max: -0.000000 at y = 5.690000./ phi_m, min: -0.001153 at y = 5.895168
phi_m, max: -0.000000 at y = 5.690000./ phi_m, min: -0.001162 at y = 5.895168
phi_m, max: -0.000000 at y = 5.690000./ phi_m, min: -0.001153 at y = 5.895168


phi_m, max: 27.072587 at y = 0.440000./ phi_m, min: 0.000000 at y = 0.430000
phi_m, max: 115.962318 at y = 0.646426./ phi_m, min: 0.000000 at y = 0.430000
phi_m, max: 107.497158 at y = 0.649413./ phi_m, min: 0.000000 at y = 0.430000


phi_m, max: -0.000000 at y = 3.580000./ phi_m, min: -0.001153 at y = 3.584832
phi_m, max: -0.000000 at y = 3.580000./ phi_m, min: -0.001162 at y = 3.585168
phi_m, max: -0.000000 at y = 3.580000./ phi_m, min: -0.001153 at y = 3.585168


phi_m, max: -0.000000 at y = 1.518571./ phi_m, min: -0.001153 at y = 1.695168
phi_m, max: -0.000000 at y = 1.518571./ phi_m, min: -0.001147 at y = 1.696787
phi_m, max: 0.131643 at y = 1.490000./ phi_m, min: 0.000000 at y = 1.518571


phi_m, max: -0.000000 at y = 4.420000./ phi_m, min: -0.001153 at y = 4.424832
phi_m, max: -0.000000 at y = 4.420000./ phi_m, min: -0.001162 at y = 4.425168
phi_m, max: -0.000000 at y = 4.420000./ phi_m, min: -0.001153 at y = 4.425168


phi_m, max: -0.000000 at y = 4.640000./ phi_m, min: -0.001153 at y = 4.634832
phi_m, max: -0.000000 at y = 4.640000./ phi_m, min: -0.001162 at y = 4.635168
phi_m, max: -0.000000 at y = 4.640000./ phi_m, min: -0.001153 at y = 4.635168


phi_m, max: -0.000000 at y = 1.270000./ phi_m, min: -0.001127 at y = 1.278213
phi_m, max: 0.294549 at y = 1.070000./ phi_m, min: 0.000000 at y = 1.270000
phi_m, max: 104.482222 at y = 1.070000./ phi_m, min: 0.000000 at y = 1.270000


phi_m, max: -0.000000 at y = 3.370000./ phi_m, min: -0.001153 at y = 3.375168
phi_m, max: -0.000000 at y = 3.370000./ phi_m, min: -0.001162 at y = 3.374832
phi_m, max: -0.000000 at y = 3.370000./ phi_m, min: -0.001153 at y = 3.374832


phi_m, max: -0.000000 at y = 2.740000./ phi_m, min: -0.001153 at y = 2.744832
phi_m, max: -0.000000 at y = 2.740000./ phi_m, min: -0.001162 at y = 2.745168
phi_m, max: -0.000000 at y = 2.740000./ phi_m, min: -0.001153 at y = 2.745168


phi_m, max: -0.000000 at y = 4.210000./ phi_m, min: -0.001153 at y = 4.215168
phi_m, max: -0.000000 at y = 4.210000./ phi_m, min: -0.001162 at y = 4.214832
phi_m, max: -0.000000 at y = 4.210000./ phi_m, min: -0.001153 at y = 4.214832


phi_m, max: 112.624926 at y = 0.018213./ phi_m, min: 0.000000 at y = -0.010000
phi_m, max: 97.591567 at y = 0.018213./ phi_m, min: 0.000000 at y = -0.010000
phi_m, max: 78.306002 at y = 0.134286./ phi_m, min: 0.000000 at y = -0.010000


phi_m, max: 115.829979 at y = 0.228213./ phi_m, min: 0.000000 at y = 0.220000
phi_m, max: 105.912401 at y = 0.344286./ phi_m, min: 0.000000 at y = 0.220000
phi_m, max: 88.488870 at y = 0.344286./ phi_m, min: 0.000000 at y = 0.220000


Writing: "Fiber2DEphapticPlaneL6Isolated_3.chk"
 (0.00850325s, XML)
phi_m, max: -0.000000 at y = 5.690000./ phi_m, min: -0.001153 at y = 5.895168
phi_m, max: -0.000000 at y = 5.690000./ phi_m, min: -0.001162 at y = 5.895168
phi_m, max: -0.000000 at y = 5.690000./ phi_m, min: -0.001153 at y = 5.895168
phi_m, max: -0.000000 at y = 5.690000./ phi_m, min: -0.001143 at y = 5.895168


phi_m, max: -0.000000 at y = 1.480000./ phi_m, min: -0.001152 at y = 1.485168
phi_m, max: 0.005816 at y = 1.308571./ phi_m, min: -0.000962 at y = 1.518571
phi_m, max: 5.150036 at y = 1.308571./ phi_m, min: 0.000000 at y = 1.480000
phi_m, max: 115.881761 at y = 1.481624./ phi_m, min: 0.000000 at y = 1.480000


phi_m, max: -0.000000 at y = 2.110000./ phi_m, min: -0.001153 at y = 2.115168
phi_m, max: -0.000000 at y = 2.110000./ phi_m, min: -0.001162 at y = 2.115168
phi_m, max: -0.000000 at y = 2.110000./ phi_m, min: -0.001146 at y = 2.116367
phi_m, max: 0.057853 at y = 1.938571./ phi_m, min: 0.000000 at y = 2.110000


phi_m, max: 0.015271 at y = 0.860000./ phi_m, min: -0.000723 at y = 1.070000
phi_m, max: 12.013272 at y = 0.860000./ phi_m, min: 0.000000 at y = 0.888571
phi_m, max: 115.904112 at y = 1.063633./ phi_m, min: 0.000000 at y = 0.888571
phi_m, max: 109.137075 at y = 1.069413./ phi_m, min: 0.000000 at y = 0.888571


phi_m, max: -0.000000 at y = 1.900000./ phi_m, min: -0.001153 at y = 1.905168
phi_m, max: -0.000000 at y = 1.900000./ phi_m, min: -0.001162 at y = 1.905168
phi_m, max: 0.001996 at y = 1.728571./ phi_m, min: -0.001050 at y = 1.963787
phi_m, max: 2.391697 at y = 1.728571./ phi_m, min: 0.000000 at y = 1.900000


phi_m, max: -0.000000 at y = 2.950000./ phi_m, min: -0.001153 at y = 2.954832
phi_m, max: -0.000000 at y = 2.950000./ phi_m, min: -0.001162 at y = 2.955168
phi_m, max: -0.000000 at y = 2.950000./ phi_m, min: -0.001153 at y = 2.955168
phi_m, max: -0.000000 at y = 2.950000./ phi_m, min: -0.001143 at y = 2.955168


phi_m, max: 18.893457 at y = 0.640000./ phi_m, min: 0.000000 at y = 0.650000
phi_m, max: 115.962318 at y = 0.646426./ phi_m, min: 0.000000 at y = 0.650000
phi_m, max: 114.048495 at y = 0.859413./ phi_m, min: 0.000000 at y = 0.650000
phi_m, max: 100.508078 at y = 0.860000./ phi_m, min: 0.000000 at y = 0.650000


phi_m, max: -0.000000 at y = 5.928571./ phi_m, min: -0.001153 at y = 6.105168
phi_m, max: -0.000000 at y = 5.928571./ phi_m, min: -0.001162 at y = 6.105168
phi_m, max: -0.000000 at y = 5.928571./ phi_m, min: -0.001154 at y = 6.105168
phi_m, max: -0.000000 at y = 5.928571./ phi_m, min: -0.001143 at y = 6.105168


phi_m, max: -0.000000 at y = 5.050000./ phi_m, min: -0.001153 at y = 5.055168
phi_m, max: -0.000000 at y = 5.050000./ phi_m, min: -0.001162 at y = 5.475168
phi_m, max: -0.000000 at y = 5.050000./ phi_m, min: -0.001153 at y = 5.475168
phi_m, max: -0.000000 at y = 5.050000./ phi_m, min: -0.001143 at y = 5.475168


phi_m, max: -0.000000 at y = 6.310000./ phi_m, min: -0.001162 at y = 6.318213
phi_m, max: -0.000000 at y = 6.310000./ phi_m, min: -0.001171 at y = 6.318213
phi_m, max: -0.000000 at y = 6.310000./ phi_m, min: -0.001162 at y = 6.318213
phi_m, max: -0.000000 at y = 6.310000./ phi_m, min: -0.001152 at y = 6.318213


phi_m, max: -0.000000 at y = 5.480000./ phi_m, min: -0.001153 at y = 5.685168
phi_m, max: -0.000000 at y = 5.480000./ phi_m, min: -0.001162 at y = 5.685168
phi_m, max: -0.000000 at y = 5.480000./ phi_m, min: -0.001153 at y = 5.685168
phi_m, max: -0.000000 at y = 5.480000./ phi_m, min: -0.001143 at y = 5.685168


Steps: 4000000  Time: 0.4         

Time: 0.100000
CPU Time: 75.967054 min.
phi_m, max: -0.000000 at y = 3.131429./ phi_m, min: -0.001161 at y = 6.320000

Time: 0.200000
CPU Time: 76.078753 min.
phi_m, max: -0.000000 at y = 3.131429./ phi_m, min: -0.001170 at y = 6.320000

Time: 0.300000
CPU Time: 76.078915 min.
phi_m, max: -0.000000 at y = 3.131429./ phi_m, min: -0.001161 at y = 6.320000

Time: 0.400000
CPU Time: 75.006097 min.
phi_m, max: -0.000000 at y = 3.131429./ phi_m, min: -0.001150 at y = 6.320000


phi_m, max: 27.072587 at y = 0.440000./ phi_m, min: 0.000000 at y = 0.430000
phi_m, max: 115.962318 at y = 0.646426./ phi_m, min: 0.000000 at y = 0.430000
phi_m, max: 107.497158 at y = 0.649413./ phi_m, min: 0.000000 at y = 0.430000
phi_m, max: 90.342674 at y = 0.650000./ phi_m, min: 0.000000 at y = 0.430000


phi_m, max: -0.000000 at y = 3.580000./ phi_m, min: -0.001153 at y = 3.584832
phi_m, max: -0.000000 at y = 3.580000./ phi_m, min: -0.001162 at y = 3.585168
phi_m, max: -0.000000 at y = 3.580000./ phi_m, min: -0.001153 at y = 3.585168
phi_m, max: -0.000000 at y = 3.580000./ phi_m, min: -0.001143 at y = 3.585168


phi_m, max: -0.000000 at y = 1.518571./ phi_m, min: -0.001153 at y = 1.695168
phi_m, max: -0.000000 at y = 1.518571./ phi_m, min: -0.001147 at y = 1.696787
phi_m, max: 0.131643 at y = 1.490000./ phi_m, min: 0.000000 at y = 1.518571
phi_m, max: 83.454072 at y = 1.490000./ phi_m, min: 0.000000 at y = 1.518571


phi_m, max: -0.000000 at y = 4.420000./ phi_m, min: -0.001153 at y = 4.424832
phi_m, max: -0.000000 at y = 4.420000./ phi_m, min: -0.001162 at y = 4.425168
phi_m, max: -0.000000 at y = 4.420000./ phi_m, min: -0.001153 at y = 4.425168
phi_m, max: -0.000000 at y = 4.420000./ phi_m, min: -0.001143 at y = 4.425168


phi_m, max: -0.000000 at y = 4.640000./ phi_m, min: -0.001153 at y = 4.634832
phi_m, max: -0.000000 at y = 4.640000./ phi_m, min: -0.001162 at y = 4.635168
phi_m, max: -0.000000 at y = 4.640000./ phi_m, min: -0.001153 at y = 4.635168
phi_m, max: -0.000000 at y = 4.640000./ phi_m, min: -0.001143 at y = 4.635168


phi_m, max: -0.000000 at y = 1.270000./ phi_m, min: -0.001127 at y = 1.278213
phi_m, max: 0.294549 at y = 1.070000./ phi_m, min: 0.000000 at y = 1.270000
phi_m, max: 104.482222 at y = 1.070000./ phi_m, min: 0.000000 at y = 1.270000
phi_m, max: 114.883380 at y = 1.278376./ phi_m, min: 0.000000 at y = 1.270000


phi_m, max: -0.000000 at y = 3.370000./ phi_m, min: -0.001153 at y = 3.375168
phi_m, max: -0.000000 at y = 3.370000./ phi_m, min: -0.001162 at y = 3.374832
phi_m, max: -0.000000 at y = 3.370000./ phi_m, min: -0.001153 at y = 3.374832
phi_m, max: -0.000000 at y = 3.370000./ phi_m, min: -0.001143 at y = 3.375168


phi_m, max: -0.000000 at y = 2.740000./ phi_m, min: -0.001153 at y = 2.744832
phi_m, max: -0.000000 at y = 2.740000./ phi_m, min: -0.001162 at y = 2.745168
phi_m, max: -0.000000 at y = 2.740000./ phi_m, min: -0.001153 at y = 2.745168
phi_m, max: -0.000000 at y = 2.740000./ phi_m, min: -0.001143 at y = 2.745168


phi_m, max: -0.000000 at y = 5.260000./ phi_m, min: -0.001153 at y = 5.264832
phi_m, max: -0.000000 at y = 5.260000./ phi_m, min: -0.001162 at y = 5.265168
phi_m, max: -0.000000 at y = 5.260000./ phi_m, min: -0.001153 at y = 5.265168
phi_m, max: -0.000000 at y = 5.260000./ phi_m, min: -0.001143 at y = 5.265168


phi_m, max: -0.000000 at y = 3.790000./ phi_m, min: -0.001153 at y = 4.004832
phi_m, max: -0.000000 at y = 3.790000./ phi_m, min: -0.001162 at y = 3.794832
phi_m, max: -0.000000 at y = 3.790000./ phi_m, min: -0.001153 at y = 3.794832
phi_m, max: -0.000000 at y = 3.790000./ phi_m, min: -0.001143 at y = 3.794832


phi_m, max: 115.829979 at y = 0.228213./ phi_m, min: 0.000000 at y = 0.220000
phi_m, max: 105.912401 at y = 0.344286./ phi_m, min: 0.000000 at y = 0.220000
phi_m, max: 88.488870 at y = 0.344286./ phi_m, min: 0.000000 at y = 0.220000
phi_m, max: 68.543274 at y = 0.344286./ phi_m, min: 0.000000 at y = 0.220000


phi_m, max: -0.000000 at y = 4.210000./ phi_m, min: -0.001153 at y = 4.215168
phi_m, max: -0.000000 at y = 4.210000./ phi_m, min: -0.001162 at y = 4.214832
phi_m, max: -0.000000 at y = 4.210000./ phi_m, min: -0.001153 at y = 4.214832
phi_m, max: -0.000000 at y = 4.210000./ phi_m, min: -0.001143 at y = 4.214832


phi_m, max: -0.000000 at y = 3.971429./ phi_m, min: -0.001126 at y = 4.000000
phi_m, max: -0.000000 at y = 3.971429./ phi_m, min: -0.001135 at y = 4.210000
phi_m, max: -0.000000 at y = 3.971429./ phi_m, min: -0.001127 at y = 4.210000
phi_m, max: -0.000000 at y = 3.971429./ phi_m, min: -0.001116 at y = 4.210000


phi_m, max: -0.000000 at y = 4.850000./ phi_m, min: -0.001153 at y = 5.055168
phi_m, max: -0.000000 at y = 4.850000./ phi_m, min: -0.001162 at y = 4.844832
phi_m, max: -0.000000 at y = 4.850000./ phi_m, min: -0.001153 at y = 4.844832
phi_m, max: -0.000000 at y = 4.850000./ phi_m, min: -0.001143 at y = 4.844832


phi_m, max: 114.270515 at y = 0.430587./ phi_m, min: -0.001124 at y = 3.198571
phi_m, max: 112.995228 at y = 0.439413./ phi_m, min: -0.001133 at y = 3.341429
phi_m, max: 98.507055 at y = 0.440000./ phi_m, min: -0.001125 at y = 3.341429
phi_m, max: 79.334432 at y = 0.440000./ phi_m, min: -0.001114 at y = 3.341429


phi_m, max: -0.000000 at y = 2.320000./ phi_m, min: -0.001153 at y = 2.324832
phi_m, max: -0.000000 at y = 2.320000./ phi_m, min: -0.001162 at y = 2.325168
phi_m, max: -0.000000 at y = 2.320000./ phi_m, min: -0.001153 at y = 2.325168
phi_m, max: 0.000273 at y = 2.177143./ phi_m, min: -0.001080 at y = 2.415714


phi_m, max: -0.000000 at y = 2.358571./ phi_m, min: -0.001153 at y = 2.535168
phi_m, max: -0.000000 at y = 2.358571./ phi_m, min: -0.001162 at y = 2.535168
phi_m, max: -0.000000 at y = 2.358571./ phi_m, min: -0.001153 at y = 2.535168
phi_m, max: -0.000000 at y = 2.358571./ phi_m, min: -0.001139 at y = 2.535587


phi_m, max: 112.624926 at y = 0.018213./ phi_m, min: 0.000000 at y = -0.010000
phi_m, max: 97.591567 at y = 0.018213./ phi_m, min: 0.000000 at y = -0.010000
phi_m, max: 78.306002 at y = 0.134286./ phi_m, min: 0.000000 at y = -0.010000
phi_m, max: 58.476535 at y = 0.134286./ phi_m, min: 0.000000 at y = -0.010000


Writing: "Fiber2DEphapticPlaneL6Isolated_4.chk"
 (0.00200356s, XML)
phi_m, max: -0.000000 at y = 5.260000./ phi_m, min: -0.001153 at y = 5.264832
phi_m, max: -0.000000 at y = 5.260000./ phi_m, min: -0.001162 at y = 5.265168
phi_m, max: -0.000000 at y = 5.260000./ phi_m, min: -0.001153 at y = 5.265168
phi_m, max: -0.000000 at y = 5.260000./ phi_m, min: -0.001143 at y = 5.265168
phi_m, max: -0.000000 at y = 5.260000./ phi_m, min: -0.001133 at y = 5.265168


phi_m, max: 114.270515 at y = 0.430587./ phi_m, min: -0.001124 at y = 3.198571
phi_m, max: 112.995228 at y = 0.439413./ phi_m, min: -0.001133 at y = 3.341429
phi_m, max: 98.507055 at y = 0.440000./ phi_m, min: -0.001125 at y = 3.341429
phi_m, max: 79.334432 at y = 0.440000./ phi_m, min: -0.001114 at y = 3.341429
phi_m, max: 59.322314 at y = 0.440000./ phi_m, min: -0.001105 at y = 3.341429


phi_m, max: -0.000000 at y = 5.690000./ phi_m, min: -0.001153 at y = 5.895168
phi_m, max: -0.000000 at y = 5.690000./ phi_m, min: -0.001162 at y = 5.895168
phi_m, max: -0.000000 at y = 5.690000./ phi_m, min: -0.001153 at y = 5.895168
phi_m, max: -0.000000 at y = 5.690000./ phi_m, min: -0.001143 at y = 5.895168
phi_m, max: -0.000000 at y = 5.690000./ phi_m, min: -0.001133 at y = 5.895168


phi_m, max: -0.000000 at y = 5.050000./ phi_m, min: -0.001153 at y = 5.055168
phi_m, max: -0.000000 at y = 5.050000./ phi_m, min: -0.001162 at y = 5.475168
phi_m, max: -0.000000 at y = 5.050000./ phi_m, min: -0.001153 at y = 5.475168
phi_m, max: -0.000000 at y = 5.050000./ phi_m, min: -0.001143 at y = 5.475168
phi_m, max: -0.000000 at y = 5.050000./ phi_m, min: -0.001133 at y = 5.475168


phi_m, max: -0.000000 at y = 1.480000./ phi_m, min: -0.001152 at y = 1.485168
phi_m, max: 0.005816 at y = 1.308571./ phi_m, min: -0.000962 at y = 1.518571
phi_m, max: 5.150036 at y = 1.308571./ phi_m, min: 0.000000 at y = 1.480000
phi_m, max: 115.881761 at y = 1.481624./ phi_m, min: 0.000000 at y = 1.480000
phi_m, max: 110.628864 at y = 1.489413./ phi_m, min: 0.000000 at y = 1.480000


phi_m, max: -0.000000 at y = 2.110000./ phi_m, min: -0.001153 at y = 2.115168
phi_m, max: -0.000000 at y = 2.110000./ phi_m, min: -0.001162 at y = 2.115168
phi_m, max: -0.000000 at y = 2.110000./ phi_m, min: -0.001146 at y = 2.116367
phi_m, max: 0.057853 at y = 1.938571./ phi_m, min: 0.000000 at y = 2.110000
phi_m, max: 49.175436 at y = 1.938571./ phi_m, min: 0.000000 at y = 2.110000


phi_m, max: -0.000000 at y = 2.950000./ phi_m, min: -0.001153 at y = 2.954832
phi_m, max: -0.000000 at y = 2.950000./ phi_m, min: -0.001162 at y = 2.955168
phi_m, max: -0.000000 at y = 2.950000./ phi_m, min: -0.001153 at y = 2.955168
phi_m, max: -0.000000 at y = 2.950000./ phi_m, min: -0.001143 at y = 2.955168
phi_m, max: -0.000000 at y = 2.950000./ phi_m, min: -0.001131 at y = 2.955449


phi_m, max: -0.000000 at y = 2.358571./ phi_m, min: -0.001153 at y = 2.535168
phi_m, max: -0.000000 at y = 2.358571./ phi_m, min: -0.001162 at y = 2.535168
phi_m, max: -0.000000 at y = 2.358571./ phi_m, min: -0.001153 at y = 2.535168
phi_m, max: -0.000000 at y = 2.358571./ phi_m, min: -0.001139 at y = 2.535587
phi_m, max: 0.027657 at y = 2.387143./ phi_m, min: -0.000395 at y = 2.597143


phi_m, max: 18.893457 at y = 0.640000./ phi_m, min: 0.000000 at y = 0.650000
phi_m, max: 115.962318 at y = 0.646426./ phi_m, min: 0.000000 at y = 0.650000
phi_m, max: 114.048495 at y = 0.859413./ phi_m, min: 0.000000 at y = 0.650000
phi_m, max: 100.508078 at y = 0.860000./ phi_m, min: 0.000000 at y = 0.650000
phi_m, max: 81.653519 at y = 0.860000./ phi_m, min: 0.000000 at y = 0.650000


phi_m, max: -0.000000 at y = 5.928571./ phi_m, min: -0.001153 at y = 6.105168
phi_m, max: -0.000000 at y = 5.928571./ phi_m, min: -0.001162 at y = 6.105168
phi_m, max: -0.000000 at y = 5.928571./ phi_m, min: -0.001154 at y = 6.105168
phi_m, max: -0.000000 at y = 5.928571./ phi_m, min: -0.001143 at y = 6.105168
phi_m, max: -0.000000 at y = 5.928571./ phi_m, min: -0.001133 at y = 6.105168


phi_m, max: -0.000000 at y = 6.310000./ phi_m, min: -0.001162 at y = 6.318213
phi_m, max: -0.000000 at y = 6.310000./ phi_m, min: -0.001171 at y = 6.318213
phi_m, max: -0.000000 at y = 6.310000./ phi_m, min: -0.001162 at y = 6.318213
phi_m, max: -0.000000 at y = 6.310000./ phi_m, min: -0.001152 at y = 6.318213
phi_m, max: -0.000000 at y = 6.310000./ phi_m, min: -0.001142 at y = 6.318213


phi_m, max: -0.000000 at y = 5.480000./ phi_m, min: -0.001153 at y = 5.685168
phi_m, max: -0.000000 at y = 5.480000./ phi_m, min: -0.001162 at y = 5.685168
phi_m, max: -0.000000 at y = 5.480000./ phi_m, min: -0.001153 at y = 5.685168
phi_m, max: -0.000000 at y = 5.480000./ phi_m, min: -0.001143 at y = 5.685168
phi_m, max: -0.000000 at y = 5.480000./ phi_m, min: -0.001133 at y = 5.685168


phi_m, max: 27.072587 at y = 0.440000./ phi_m, min: 0.000000 at y = 0.430000
phi_m, max: 115.962318 at y = 0.646426./ phi_m, min: 0.000000 at y = 0.430000
phi_m, max: 107.497158 at y = 0.649413./ phi_m, min: 0.000000 at y = 0.430000
phi_m, max: 90.342674 at y = 0.650000./ phi_m, min: 0.000000 at y = 0.430000
phi_m, max: 70.397993 at y = 0.650000./ phi_m, min: 0.000000 at y = 0.430000


phi_m, max: -0.000000 at y = 3.580000./ phi_m, min: -0.001153 at y = 3.584832
phi_m, max: -0.000000 at y = 3.580000./ phi_m, min: -0.001162 at y = 3.585168
phi_m, max: -0.000000 at y = 3.580000./ phi_m, min: -0.001153 at y = 3.585168
phi_m, max: -0.000000 at y = 3.580000./ phi_m, min: -0.001143 at y = 3.585168
phi_m, max: -0.000000 at y = 3.580000./ phi_m, min: -0.001133 at y = 3.585168


phi_m, max: -0.000000 at y = 1.518571./ phi_m, min: -0.001153 at y = 1.695168
phi_m, max: -0.000000 at y = 1.518571./ phi_m, min: -0.001147 at y = 1.696787
phi_m, max: 0.131643 at y = 1.490000./ phi_m, min: 0.000000 at y = 1.518571
phi_m, max: 83.454072 at y = 1.490000./ phi_m, min: 0.000000 at y = 1.518571
phi_m, max: 115.553562 at y = 1.698376./ phi_m, min: 0.000000 at y = 1.518571


phi_m, max: -0.000000 at y = 4.420000./ phi_m, min: -0.001153 at y = 4.424832
phi_m, max: -0.000000 at y = 4.420000./ phi_m, min: -0.001162 at y = 4.425168
phi_m, max: -0.000000 at y = 4.420000./ phi_m, min: -0.001153 at y = 4.425168
phi_m, max: -0.000000 at y = 4.420000./ phi_m, min: -0.001143 at y = 4.425168
phi_m, max: -0.000000 at y = 4.420000./ phi_m, min: -0.001133 at y = 4.425168


phi_m, max: -0.000000 at y = 4.640000./ phi_m, min: -0.001153 at y = 4.634832
phi_m, max: -0.000000 at y = 4.640000./ phi_m, min: -0.001162 at y = 4.635168
phi_m, max: -0.000000 at y = 4.640000./ phi_m, min: -0.001153 at y = 4.635168
phi_m, max: -0.000000 at y = 4.640000./ phi_m, min: -0.001143 at y = 4.635168
phi_m, max: -0.000000 at y = 4.640000./ phi_m, min: -0.001133 at y = 4.635168


phi_m, max: -0.000000 at y = 1.270000./ phi_m, min: -0.001127 at y = 1.278213
phi_m, max: 0.294549 at y = 1.070000./ phi_m, min: 0.000000 at y = 1.270000
phi_m, max: 104.482222 at y = 1.070000./ phi_m, min: 0.000000 at y = 1.270000
phi_m, max: 114.883380 at y = 1.278376./ phi_m, min: 0.000000 at y = 1.270000
phi_m, max: 102.444573 at y = 1.279413./ phi_m, min: 0.000000 at y = 1.270000


phi_m, max: -0.000000 at y = 3.370000./ phi_m, min: -0.001153 at y = 3.375168
phi_m, max: -0.000000 at y = 3.370000./ phi_m, min: -0.001162 at y = 3.374832
phi_m, max: -0.000000 at y = 3.370000./ phi_m, min: -0.001153 at y = 3.374832
phi_m, max: -0.000000 at y = 3.370000./ phi_m, min: -0.001143 at y = 3.375168
phi_m, max: -0.000000 at y = 3.370000./ phi_m, min: -0.001133 at y = 3.375168


phi_m, max: -0.000000 at y = 2.740000./ phi_m, min: -0.001153 at y = 2.744832
phi_m, max: -0.000000 at y = 2.740000./ phi_m, min: -0.001162 at y = 2.745168
phi_m, max: -0.000000 at y = 2.740000./ phi_m, min: -0.001153 at y = 2.745168
phi_m, max: -0.000000 at y = 2.740000./ phi_m, min: -0.001143 at y = 2.745168
phi_m, max: -0.000000 at y = 2.740000./ phi_m, min: -0.001093 at y = 2.748825


Steps: 5000000  Time: 0.5         

Time: 0.100000
CPU Time: 75.967054 min.
phi_m, max: -0.000000 at y = 3.131429./ phi_m, min: -0.001161 at y = 6.320000

Time: 0.200000
CPU Time: 76.078753 min.
phi_m, max: -0.000000 at y = 3.131429./ phi_m, min: -0.001170 at y = 6.320000

Time: 0.300000
CPU Time: 76.078915 min.
phi_m, max: -0.000000 at y = 3.131429./ phi_m, min: -0.001161 at y = 6.320000

Time: 0.400000
CPU Time: 75.006097 min.
phi_m, max: -0.000000 at y = 3.131429./ phi_m, min: -0.001150 at y = 6.320000

Time: 0.500000
CPU Time: 74.527973 min.
phi_m, max: -0.000000 at y = 3.131429./ phi_m, min: -0.001141 at y = 6.320000


phi_m, max: -0.000000 at y = 3.790000./ phi_m, min: -0.001153 at y = 4.004832
phi_m, max: -0.000000 at y = 3.790000./ phi_m, min: -0.001162 at y = 3.794832
phi_m, max: -0.000000 at y = 3.790000./ phi_m, min: -0.001153 at y = 3.794832
phi_m, max: -0.000000 at y = 3.790000./ phi_m, min: -0.001143 at y = 3.794832
phi_m, max: -0.000000 at y = 3.790000./ phi_m, min: -0.001133 at y = 4.005168


phi_m, max: 115.829979 at y = 0.228213./ phi_m, min: 0.000000 at y = 0.220000
phi_m, max: 105.912401 at y = 0.344286./ phi_m, min: 0.000000 at y = 0.220000
phi_m, max: 88.488870 at y = 0.344286./ phi_m, min: 0.000000 at y = 0.220000
phi_m, max: 68.543274 at y = 0.344286./ phi_m, min: 0.000000 at y = 0.220000
phi_m, max: 49.456652 at y = 0.344286./ phi_m, min: 0.000000 at y = 0.220000


phi_m, max: -0.000000 at y = 4.210000./ phi_m, min: -0.001153 at y = 4.215168
phi_m, max: -0.000000 at y = 4.210000./ phi_m, min: -0.001162 at y = 4.214832
phi_m, max: -0.000000 at y = 4.210000./ phi_m, min: -0.001153 at y = 4.214832
phi_m, max: -0.000000 at y = 4.210000./ phi_m, min: -0.001143 at y = 4.214832
phi_m, max: -0.000000 at y = 4.210000./ phi_m, min: -0.001133 at y = 4.214832


phi_m, max: -0.000000 at y = 3.971429./ phi_m, min: -0.001126 at y = 4.000000
phi_m, max: -0.000000 at y = 3.971429./ phi_m, min: -0.001135 at y = 4.210000
phi_m, max: -0.000000 at y = 3.971429./ phi_m, min: -0.001127 at y = 4.210000
phi_m, max: -0.000000 at y = 3.971429./ phi_m, min: -0.001116 at y = 4.210000
phi_m, max: -0.000000 at y = 3.971429./ phi_m, min: -0.001107 at y = 4.210000


phi_m, max: -0.000000 at y = 4.850000./ phi_m, min: -0.001153 at y = 5.055168
phi_m, max: -0.000000 at y = 4.850000./ phi_m, min: -0.001162 at y = 4.844832
phi_m, max: -0.000000 at y = 4.850000./ phi_m, min: -0.001153 at y = 4.844832
phi_m, max: -0.000000 at y = 4.850000./ phi_m, min: -0.001143 at y = 4.844832
phi_m, max: -0.000000 at y = 4.850000./ phi_m, min: -0.001133 at y = 4.844832


phi_m, max: -0.000000 at y = 2.320000./ phi_m, min: -0.001153 at y = 2.324832
phi_m, max: -0.000000 at y = 2.320000./ phi_m, min: -0.001162 at y = 2.325168
phi_m, max: -0.000000 at y = 2.320000./ phi_m, min: -0.001153 at y = 2.325168
phi_m, max: 0.000273 at y = 2.177143./ phi_m, min: -0.001080 at y = 2.415714
phi_m, max: 1.166355 at y = 2.177143./ phi_m, min: 0.000000 at y = 2.320000


phi_m, max: 112.624926 at y = 0.018213./ phi_m, min: 0.000000 at y = -0.010000
phi_m, max: 97.591567 at y = 0.018213./ phi_m, min: 0.000000 at y = -0.010000
phi_m, max: 78.306002 at y = 0.134286./ phi_m, min: 0.000000 at y = -0.010000
phi_m, max: 58.476535 at y = 0.134286./ phi_m, min: 0.000000 at y = -0.010000
phi_m, max: 40.847335 at y = 0.134286./ phi_m, min: 0.000000 at y = -0.010000


phi_m, max: 0.015271 at y = 0.860000./ phi_m, min: -0.000723 at y = 1.070000
phi_m, max: 12.013272 at y = 0.860000./ phi_m, min: 0.000000 at y = 0.888571
phi_m, max: 115.904112 at y = 1.063633./ phi_m, min: 0.000000 at y = 0.888571
phi_m, max: 109.137075 at y = 1.069413./ phi_m, min: 0.000000 at y = 0.888571
phi_m, max: 92.540970 at y = 1.070000./ phi_m, min: 0.000000 at y = 0.888571


phi_m, max: -0.000000 at y = 1.900000./ phi_m, min: -0.001153 at y = 1.905168
phi_m, max: -0.000000 at y = 1.900000./ phi_m, min: -0.001162 at y = 1.905168
phi_m, max: 0.001996 at y = 1.728571./ phi_m, min: -0.001050 at y = 1.963787
phi_m, max: 2.391697 at y = 1.728571./ phi_m, min: 0.000000 at y = 1.900000
phi_m, max: 115.332297 at y = 1.900587./ phi_m, min: 0.000000 at y = 1.900000


Writing: "Fiber2DEphapticPlaneL6Isolated_5.chk"
 (0.00842633s, XML)
phi_m, max: 115.829979 at y = 0.228213./ phi_m, min: 0.000000 at y = 0.220000
phi_m, max: 105.912401 at y = 0.344286./ phi_m, min: 0.000000 at y = 0.220000
phi_m, max: 88.488870 at y = 0.344286./ phi_m, min: 0.000000 at y = 0.220000
phi_m, max: 68.543274 at y = 0.344286./ phi_m, min: 0.000000 at y = 0.220000
phi_m, max: 49.456652 at y = 0.344286./ phi_m, min: 0.000000 at y = 0.220000
phi_m, max: 32.251607 at y = 0.344286./ phi_m, min: 0.000000 at y = 0.220000


phi_m, max: -0.000000 at y = 1.518571./ phi_m, min: -0.001153 at y = 1.695168
phi_m, max: -0.000000 at y = 1.518571./ phi_m, min: -0.001147 at y = 1.696787
phi_m, max: 0.131643 at y = 1.490000./ phi_m, min: 0.000000 at y = 1.518571
phi_m, max: 83.454072 at y = 1.490000./ phi_m, min: 0.000000 at y = 1.518571
phi_m, max: 115.553562 at y = 1.698376./ phi_m, min: 0.000000 at y = 1.518571
phi_m, max: 104.324704 at y = 1.699413./ phi_m, min: 0.000000 at y = 1.518571


phi_m, max: -0.000000 at y = 4.850000./ phi_m, min: -0.001153 at y = 5.055168
phi_m, max: -0.000000 at y = 4.850000./ phi_m, min: -0.001162 at y = 4.844832
phi_m, max: -0.000000 at y = 4.850000./ phi_m, min: -0.001153 at y = 4.844832
phi_m, max: -0.000000 at y = 4.850000./ phi_m, min: -0.001143 at y = 4.844832
phi_m, max: -0.000000 at y = 4.850000./ phi_m, min: -0.001133 at y = 4.844832
phi_m, max: -0.000000 at y = 4.850000./ phi_m, min: -0.001125 at y = 4.844832


phi_m, max: -0.000000 at y = 5.050000./ phi_m, min: -0.001153 at y = 5.055168
phi_m, max: -0.000000 at y = 5.050000./ phi_m, min: -0.001162 at y = 5.475168
phi_m, max: -0.000000 at y = 5.050000./ phi_m, min: -0.001153 at y = 5.475168
phi_m, max: -0.000000 at y = 5.050000./ phi_m, min: -0.001143 at y = 5.475168
phi_m, max: -0.000000 at y = 5.050000./ phi_m, min: -0.001133 at y = 5.475168
phi_m, max: -0.000000 at y = 5.050000./ phi_m, min: -0.001125 at y = 5.475168


phi_m, max: -0.000000 at y = 1.480000./ phi_m, min: -0.001152 at y = 1.485168
phi_m, max: 0.005816 at y = 1.308571./ phi_m, min: -0.000962 at y = 1.518571
phi_m, max: 5.150036 at y = 1.308571./ phi_m, min: 0.000000 at y = 1.480000
phi_m, max: 115.881761 at y = 1.481624./ phi_m, min: 0.000000 at y = 1.480000
phi_m, max: 110.628864 at y = 1.489413./ phi_m, min: 0.000000 at y = 1.480000
phi_m, max: 94.697881 at y = 1.490000./ phi_m, min: 0.000000 at y = 1.480000


phi_m, max: 0.015271 at y = 0.860000./ phi_m, min: -0.000723 at y = 1.070000
phi_m, max: 12.013272 at y = 0.860000./ phi_m, min: 0.000000 at y = 0.888571
phi_m, max: 115.904112 at y = 1.063633./ phi_m, min: 0.000000 at y = 0.888571
phi_m, max: 109.137075 at y = 1.069413./ phi_m, min: 0.000000 at y = 0.888571
phi_m, max: 92.540970 at y = 1.070000./ phi_m, min: 0.000000 at y = 0.888571
phi_m, max: 72.734563 at y = 1.070000./ phi_m, min: 0.000000 at y = 0.888571


phi_m, max: 114.270515 at y = 0.430587./ phi_m, min: -0.001124 at y = 3.198571
phi_m, max: 112.995228 at y = 0.439413./ phi_m, min: -0.001133 at y = 3.341429
phi_m, max: 98.507055 at y = 0.440000./ phi_m, min: -0.001125 at y = 3.341429
phi_m, max: 79.334432 at y = 0.440000./ phi_m, min: -0.001114 at y = 3.341429
phi_m, max: 59.322314 at y = 0.440000./ phi_m, min: -0.001105 at y = 3.341429
phi_m, max: 41.434949 at y = 0.440000./ phi_m, min: -0.001090 at y = 3.341429


phi_m, max: -0.000000 at y = 2.110000./ phi_m, min: -0.001153 at y = 2.115168
phi_m, max: -0.000000 at y = 2.110000./ phi_m, min: -0.001162 at y = 2.115168
phi_m, max: -0.000000 at y = 2.110000./ phi_m, min: -0.001146 at y = 2.116367
phi_m, max: 0.057853 at y = 1.938571./ phi_m, min: 0.000000 at y = 2.110000
phi_m, max: 49.175436 at y = 1.938571./ phi_m, min: 0.000000 at y = 2.110000
phi_m, max: 115.860600 at y = 2.117458./ phi_m, min: 0.000000 at y = 2.110000


phi_m, max: -0.000000 at y = 2.950000./ phi_m, min: -0.001153 at y = 2.954832
phi_m, max: -0.000000 at y = 2.950000./ phi_m, min: -0.001162 at y = 2.955168
phi_m, max: -0.000000 at y = 2.950000./ phi_m, min: -0.001153 at y = 2.955168
phi_m, max: -0.000000 at y = 2.950000./ phi_m, min: -0.001143 at y = 2.955168
phi_m, max: -0.000000 at y = 2.950000./ phi_m, min: -0.001131 at y = 2.955449
phi_m, max: 0.011849 at y = 2.807143./ phi_m, min: -0.000792 at y = 3.045714


phi_m, max: -0.000000 at y = 2.358571./ phi_m, min: -0.001153 at y = 2.535168
phi_m, max: -0.000000 at y = 2.358571./ phi_m, min: -0.001162 at y = 2.535168
phi_m, max: -0.000000 at y = 2.358571./ phi_m, min: -0.001153 at y = 2.535168
phi_m, max: -0.000000 at y = 2.358571./ phi_m, min: -0.001139 at y = 2.535587
phi_m, max: 0.027657 at y = 2.387143./ phi_m, min: -0.000395 at y = 2.597143
phi_m, max: 21.375315 at y = 2.387143./ phi_m, min: 0.000000 at y = 2.358571


phi_m, max: 18.893457 at y = 0.640000./ phi_m, min: 0.000000 at y = 0.650000
phi_m, max: 115.962318 at y = 0.646426./ phi_m, min: 0.000000 at y = 0.650000
phi_m, max: 114.048495 at y = 0.859413./ phi_m, min: 0.000000 at y = 0.650000
phi_m, max: 100.508078 at y = 0.860000./ phi_m, min: 0.000000 at y = 0.650000
phi_m, max: 81.653519 at y = 0.860000./ phi_m, min: 0.000000 at y = 0.650000
phi_m, max: 61.572365 at y = 0.860000./ phi_m, min: 0.000000 at y = 0.650000


phi_m, max: -0.000000 at y = 5.690000./ phi_m, min: -0.001153 at y = 5.895168
phi_m, max: -0.000000 at y = 5.690000./ phi_m, min: -0.001162 at y = 5.895168
phi_m, max: -0.000000 at y = 5.690000./ phi_m, min: -0.001153 at y = 5.895168
phi_m, max: -0.000000 at y = 5.690000./ phi_m, min: -0.001143 at y = 5.895168
phi_m, max: -0.000000 at y = 5.690000./ phi_m, min: -0.001133 at y = 5.895168
phi_m, max: -0.000000 at y = 5.690000./ phi_m, min: -0.001125 at y = 5.895168


phi_m, max: -0.000000 at y = 5.928571./ phi_m, min: -0.001153 at y = 6.105168
phi_m, max: -0.000000 at y = 5.928571./ phi_m, min: -0.001162 at y = 6.105168
phi_m, max: -0.000000 at y = 5.928571./ phi_m, min: -0.001154 at y = 6.105168
phi_m, max: -0.000000 at y = 5.928571./ phi_m, min: -0.001143 at y = 6.105168
phi_m, max: -0.000000 at y = 5.928571./ phi_m, min: -0.001133 at y = 6.105168
phi_m, max: -0.000000 at y = 5.928571./ phi_m, min: -0.001125 at y = 6.105168


phi_m, max: -0.000000 at y = 6.310000./ phi_m, min: -0.001162 at y = 6.318213
phi_m, max: -0.000000 at y = 6.310000./ phi_m, min: -0.001171 at y = 6.318213
phi_m, max: -0.000000 at y = 6.310000./ phi_m, min: -0.001162 at y = 6.318213
phi_m, max: -0.000000 at y = 6.310000./ phi_m, min: -0.001152 at y = 6.318213
phi_m, max: -0.000000 at y = 6.310000./ phi_m, min: -0.001142 at y = 6.318213
phi_m, max: -0.000000 at y = 6.310000./ phi_m, min: -0.001133 at y = 6.318213


phi_m, max: -0.000000 at y = 2.320000./ phi_m, min: -0.001153 at y = 2.324832
phi_m, max: -0.000000 at y = 2.320000./ phi_m, min: -0.001162 at y = 2.325168
phi_m, max: -0.000000 at y = 2.320000./ phi_m, min: -0.001153 at y = 2.325168
phi_m, max: 0.000273 at y = 2.177143./ phi_m, min: -0.001080 at y = 2.415714
phi_m, max: 1.166355 at y = 2.177143./ phi_m, min: 0.000000 at y = 2.320000
phi_m, max: 113.944591 at y = 2.177143./ phi_m, min: 0.000000 at y = 2.320000


phi_m, max: -0.000000 at y = 5.480000./ phi_m, min: -0.001153 at y = 5.685168
phi_m, max: -0.000000 at y = 5.480000./ phi_m, min: -0.001162 at y = 5.685168
phi_m, max: -0.000000 at y = 5.480000./ phi_m, min: -0.001153 at y = 5.685168
phi_m, max: -0.000000 at y = 5.480000./ phi_m, min: -0.001143 at y = 5.685168
phi_m, max: -0.000000 at y = 5.480000./ phi_m, min: -0.001133 at y = 5.685168
phi_m, max: -0.000000 at y = 5.480000./ phi_m, min: -0.001125 at y = 5.685168


phi_m, max: 27.072587 at y = 0.440000./ phi_m, min: 0.000000 at y = 0.430000
phi_m, max: 115.962318 at y = 0.646426./ phi_m, min: 0.000000 at y = 0.430000
phi_m, max: 107.497158 at y = 0.649413./ phi_m, min: 0.000000 at y = 0.430000
phi_m, max: 90.342674 at y = 0.650000./ phi_m, min: 0.000000 at y = 0.430000
phi_m, max: 70.397993 at y = 0.650000./ phi_m, min: 0.000000 at y = 0.430000
phi_m, max: 51.059040 at y = 0.650000./ phi_m, min: 0.000000 at y = 0.430000


phi_m, max: -0.000000 at y = 3.580000./ phi_m, min: -0.001153 at y = 3.584832
phi_m, max: -0.000000 at y = 3.580000./ phi_m, min: -0.001162 at y = 3.585168
phi_m, max: -0.000000 at y = 3.580000./ phi_m, min: -0.001153 at y = 3.585168
phi_m, max: -0.000000 at y = 3.580000./ phi_m, min: -0.001143 at y = 3.585168
phi_m, max: -0.000000 at y = 3.580000./ phi_m, min: -0.001133 at y = 3.585168
phi_m, max: -0.000000 at y = 3.580000./ phi_m, min: -0.001125 at y = 3.585168


phi_m, max: -0.000000 at y = 4.420000./ phi_m, min: -0.001153 at y = 4.424832
phi_m, max: -0.000000 at y = 4.420000./ phi_m, min: -0.001162 at y = 4.425168
phi_m, max: -0.000000 at y = 4.420000./ phi_m, min: -0.001153 at y = 4.425168
phi_m, max: -0.000000 at y = 4.420000./ phi_m, min: -0.001143 at y = 4.425168
phi_m, max: -0.000000 at y = 4.420000./ phi_m, min: -0.001133 at y = 4.425168
phi_m, max: -0.000000 at y = 4.420000./ phi_m, min: -0.001125 at y = 4.425168


phi_m, max: -0.000000 at y = 4.640000./ phi_m, min: -0.001153 at y = 4.634832
phi_m, max: -0.000000 at y = 4.640000./ phi_m, min: -0.001162 at y = 4.635168
phi_m, max: -0.000000 at y = 4.640000./ phi_m, min: -0.001153 at y = 4.635168
phi_m, max: -0.000000 at y = 4.640000./ phi_m, min: -0.001143 at y = 4.635168
phi_m, max: -0.000000 at y = 4.640000./ phi_m, min: -0.001133 at y = 4.635168
phi_m, max: -0.000000 at y = 4.640000./ phi_m, min: -0.001125 at y = 4.635168


phi_m, max: -0.000000 at y = 1.270000./ phi_m, min: -0.001127 at y = 1.278213
phi_m, max: 0.294549 at y = 1.070000./ phi_m, min: 0.000000 at y = 1.270000
phi_m, max: 104.482222 at y = 1.070000./ phi_m, min: 0.000000 at y = 1.270000
phi_m, max: 114.883380 at y = 1.278376./ phi_m, min: 0.000000 at y = 1.270000
phi_m, max: 102.444573 at y = 1.279413./ phi_m, min: 0.000000 at y = 1.270000
phi_m, max: 83.985286 at y = 1.308571./ phi_m, min: 0.000000 at y = 1.270000


phi_m, max: -0.000000 at y = 3.370000./ phi_m, min: -0.001153 at y = 3.375168
phi_m, max: -0.000000 at y = 3.370000./ phi_m, min: -0.001162 at y = 3.374832
phi_m, max: -0.000000 at y = 3.370000./ phi_m, min: -0.001153 at y = 3.374832
phi_m, max: -0.000000 at y = 3.370000./ phi_m, min: -0.001143 at y = 3.375168
phi_m, max: -0.000000 at y = 3.370000./ phi_m, min: -0.001133 at y = 3.375168
phi_m, max: -0.000000 at y = 3.370000./ phi_m, min: -0.001124 at y = 3.375168


phi_m, max: -0.000000 at y = 2.740000./ phi_m, min: -0.001153 at y = 2.744832
phi_m, max: -0.000000 at y = 2.740000./ phi_m, min: -0.001162 at y = 2.745168
phi_m, max: -0.000000 at y = 2.740000./ phi_m, min: -0.001153 at y = 2.745168
phi_m, max: -0.000000 at y = 2.740000./ phi_m, min: -0.001143 at y = 2.745168
phi_m, max: -0.000000 at y = 2.740000./ phi_m, min: -0.001093 at y = 2.748825
phi_m, max: 0.524967 at y = 2.597143./ phi_m, min: 0.000000 at y = 2.740000


phi_m, max: -0.000000 at y = 1.900000./ phi_m, min: -0.001153 at y = 1.905168
phi_m, max: -0.000000 at y = 1.900000./ phi_m, min: -0.001162 at y = 1.905168
phi_m, max: 0.001996 at y = 1.728571./ phi_m, min: -0.001050 at y = 1.963787
phi_m, max: 2.391697 at y = 1.728571./ phi_m, min: 0.000000 at y = 1.900000
phi_m, max: 115.332297 at y = 1.900587./ phi_m, min: 0.000000 at y = 1.900000
phi_m, max: 111.987642 at y = 1.909413./ phi_m, min: 0.000000 at y = 1.900000


phi_m, max: -0.000000 at y = 3.790000./ phi_m, min: -0.001153 at y = 4.004832
phi_m, max: -0.000000 at y = 3.790000./ phi_m, min: -0.001162 at y = 3.794832
phi_m, max: -0.000000 at y = 3.790000./ phi_m, min: -0.001153 at y = 3.794832
phi_m, max: -0.000000 at y = 3.790000./ phi_m, min: -0.001143 at y = 3.794832
phi_m, max: -0.000000 at y = 3.790000./ phi_m, min: -0.001133 at y = 4.005168
phi_m, max: -0.000000 at y = 3.790000./ phi_m, min: -0.001125 at y = 4.005168


Steps: 6000000  Time: 0.6         

Time: 0.100000
CPU Time: 75.967054 min.
phi_m, max: -0.000000 at y = 3.131429./ phi_m, min: -0.001161 at y = 6.320000

Time: 0.200000
CPU Time: 76.078753 min.
phi_m, max: -0.000000 at y = 3.131429./ phi_m, min: -0.001170 at y = 6.320000

Time: 0.300000
CPU Time: 76.078915 min.
phi_m, max: -0.000000 at y = 3.131429./ phi_m, min: -0.001161 at y = 6.320000

Time: 0.400000
CPU Time: 75.006097 min.
phi_m, max: -0.000000 at y = 3.131429./ phi_m, min: -0.001150 at y = 6.320000

Time: 0.500000
CPU Time: 74.527973 min.
phi_m, max: -0.000000 at y = 3.131429./ phi_m, min: -0.001141 at y = 6.320000

Time: 0.600000
CPU Time: 74.751958 min.
phi_m, max: -0.000000 at y = 3.131429./ phi_m, min: -0.001132 at y = 6.320000


phi_m, max: -0.000000 at y = 4.210000./ phi_m, min: -0.001153 at y = 4.215168
phi_m, max: -0.000000 at y = 4.210000./ phi_m, min: -0.001162 at y = 4.214832
phi_m, max: -0.000000 at y = 4.210000./ phi_m, min: -0.001153 at y = 4.214832
phi_m, max: -0.000000 at y = 4.210000./ phi_m, min: -0.001143 at y = 4.214832
phi_m, max: -0.000000 at y = 4.210000./ phi_m, min: -0.001133 at y = 4.214832
phi_m, max: -0.000000 at y = 4.210000./ phi_m, min: -0.001125 at y = 4.215168


phi_m, max: -0.000000 at y = 3.971429./ phi_m, min: -0.001126 at y = 4.000000
phi_m, max: -0.000000 at y = 3.971429./ phi_m, min: -0.001135 at y = 4.210000
phi_m, max: -0.000000 at y = 3.971429./ phi_m, min: -0.001127 at y = 4.210000
phi_m, max: -0.000000 at y = 3.971429./ phi_m, min: -0.001116 at y = 4.210000
phi_m, max: -0.000000 at y = 3.971429./ phi_m, min: -0.001107 at y = 4.210000
phi_m, max: -0.000000 at y = 3.971429./ phi_m, min: -0.001099 at y = 4.210000


phi_m, max: -0.000000 at y = 5.260000./ phi_m, min: -0.001153 at y = 5.264832
phi_m, max: -0.000000 at y = 5.260000./ phi_m, min: -0.001162 at y = 5.265168
phi_m, max: -0.000000 at y = 5.260000./ phi_m, min: -0.001153 at y = 5.265168
phi_m, max: -0.000000 at y = 5.260000./ phi_m, min: -0.001143 at y = 5.265168
phi_m, max: -0.000000 at y = 5.260000./ phi_m, min: -0.001133 at y = 5.265168
phi_m, max: -0.000000 at y = 5.260000./ phi_m, min: -0.001125 at y = 5.265168


phi_m, max: 112.624926 at y = 0.018213./ phi_m, min: 0.000000 at y = -0.010000
phi_m, max: 97.591567 at y = 0.018213./ phi_m, min: 0.000000 at y = -0.010000
phi_m, max: 78.306002 at y = 0.134286./ phi_m, min: 0.000000 at y = -0.010000
phi_m, max: 58.476535 at y = 0.134286./ phi_m, min: 0.000000 at y = -0.010000
phi_m, max: 40.847335 at y = 0.134286./ phi_m, min: 0.000000 at y = -0.010000
phi_m, max: 22.173906 at y = 0.134286./ phi_m, min: 0.000000 at y = -0.010000


Writing: "Fiber2DEphapticPlaneL6Isolated_6.chk"
 (0.00860527s, XML)
phi_m, max: -0.000000 at y = 1.518571./ phi_m, min: -0.001153 at y = 1.695168
phi_m, max: -0.000000 at y = 1.518571./ phi_m, min: -0.001147 at y = 1.696787
phi_m, max: 0.131643 at y = 1.490000./ phi_m, min: 0.000000 at y = 1.518571
phi_m, max: 83.454072 at y = 1.490000./ phi_m, min: 0.000000 at y = 1.518571
phi_m, max: 115.553562 at y = 1.698376./ phi_m, min: 0.000000 at y = 1.518571
phi_m, max: 104.324704 at y = 1.699413./ phi_m, min: 0.000000 at y = 1.518571
phi_m, max: 86.263429 at y = 1.728571./ phi_m, min: 0.000000 at y = 1.518571


phi_m, max: 115.829979 at y = 0.228213./ phi_m, min: 0.000000 at y = 0.220000
phi_m, max: 105.912401 at y = 0.344286./ phi_m, min: 0.000000 at y = 0.220000
phi_m, max: 88.488870 at y = 0.344286./ phi_m, min: 0.000000 at y = 0.220000
phi_m, max: 68.543274 at y = 0.344286./ phi_m, min: 0.000000 at y = 0.220000
phi_m, max: 49.456652 at y = 0.344286./ phi_m, min: 0.000000 at y = 0.220000
phi_m, max: 32.251607 at y = 0.344286./ phi_m, min: 0.000000 at y = 0.220000
phi_m, max: 10.619790 at y = 0.344286./ phi_m, min: 0.000000 at y = 0.220000


phi_m, max: -0.000000 at y = 4.640000./ phi_m, min: -0.001153 at y = 4.634832
phi_m, max: -0.000000 at y = 4.640000./ phi_m, min: -0.001162 at y = 4.635168
phi_m, max: -0.000000 at y = 4.640000./ phi_m, min: -0.001153 at y = 4.635168
phi_m, max: -0.000000 at y = 4.640000./ phi_m, min: -0.001143 at y = 4.635168
phi_m, max: -0.000000 at y = 4.640000./ phi_m, min: -0.001133 at y = 4.635168
phi_m, max: -0.000000 at y = 4.640000./ phi_m, min: -0.001125 at y = 4.635168
phi_m, max: -0.000000 at y = 4.640000./ phi_m, min: -0.001117 at y = 4.635168


phi_m, max: -0.000000 at y = 1.270000./ phi_m, min: -0.001127 at y = 1.278213
phi_m, max: 0.294549 at y = 1.070000./ phi_m, min: 0.000000 at y = 1.270000
phi_m, max: 104.482222 at y = 1.070000./ phi_m, min: 0.000000 at y = 1.270000
phi_m, max: 114.883380 at y = 1.278376./ phi_m, min: 0.000000 at y = 1.270000
phi_m, max: 102.444573 at y = 1.279413./ phi_m, min: 0.000000 at y = 1.270000
phi_m, max: 83.985286 at y = 1.308571./ phi_m, min: 0.000000 at y = 1.270000
phi_m, max: 63.914494 at y = 1.308571./ phi_m, min: 0.000000 at y = 1.270000


phi_m, max: -0.000000 at y = 3.370000./ phi_m, min: -0.001153 at y = 3.375168
phi_m, max: -0.000000 at y = 3.370000./ phi_m, min: -0.001162 at y = 3.374832
phi_m, max: -0.000000 at y = 3.370000./ phi_m, min: -0.001153 at y = 3.374832
phi_m, max: -0.000000 at y = 3.370000./ phi_m, min: -0.001143 at y = 3.375168
phi_m, max: -0.000000 at y = 3.370000./ phi_m, min: -0.001133 at y = 3.375168
phi_m, max: -0.000000 at y = 3.370000./ phi_m, min: -0.001124 at y = 3.375168
phi_m, max: 0.003593 at y = 3.341429./ phi_m, min: -0.000974 at y = 3.551429


phi_m, max: -0.000000 at y = 2.740000./ phi_m, min: -0.001153 at y = 2.744832
phi_m, max: -0.000000 at y = 2.740000./ phi_m, min: -0.001162 at y = 2.745168
phi_m, max: -0.000000 at y = 2.740000./ phi_m, min: -0.001153 at y = 2.745168
phi_m, max: -0.000000 at y = 2.740000./ phi_m, min: -0.001143 at y = 2.745168
phi_m, max: -0.000000 at y = 2.740000./ phi_m, min: -0.001093 at y = 2.748825
phi_m, max: 0.524967 at y = 2.597143./ phi_m, min: 0.000000 at y = 2.740000
phi_m, max: 110.624607 at y = 2.597143./ phi_m, min: 0.000000 at y = 2.740000


phi_m, max: -0.000000 at y = 1.900000./ phi_m, min: -0.001153 at y = 1.905168
phi_m, max: -0.000000 at y = 1.900000./ phi_m, min: -0.001162 at y = 1.905168
phi_m, max: 0.001996 at y = 1.728571./ phi_m, min: -0.001050 at y = 1.963787
phi_m, max: 2.391697 at y = 1.728571./ phi_m, min: 0.000000 at y = 1.900000
phi_m, max: 115.332297 at y = 1.900587./ phi_m, min: 0.000000 at y = 1.900000
phi_m, max: 111.987642 at y = 1.909413./ phi_m, min: 0.000000 at y = 1.900000
phi_m, max: 96.831898 at y = 1.963787./ phi_m, min: 0.000000 at y = 1.900000


phi_m, max: -0.000000 at y = 3.790000./ phi_m, min: -0.001153 at y = 4.004832
phi_m, max: -0.000000 at y = 3.790000./ phi_m, min: -0.001162 at y = 3.794832
phi_m, max: -0.000000 at y = 3.790000./ phi_m, min: -0.001153 at y = 3.794832
phi_m, max: -0.000000 at y = 3.790000./ phi_m, min: -0.001143 at y = 3.794832
phi_m, max: -0.000000 at y = 3.790000./ phi_m, min: -0.001133 at y = 4.005168
phi_m, max: -0.000000 at y = 3.790000./ phi_m, min: -0.001125 at y = 4.005168
phi_m, max: -0.000000 at y = 3.790000./ phi_m, min: -0.001117 at y = 4.005168


phi_m, max: 112.624926 at y = 0.018213./ phi_m, min: 0.000000 at y = -0.010000
phi_m, max: 97.591567 at y = 0.018213./ phi_m, min: 0.000000 at y = -0.010000
phi_m, max: 78.306002 at y = 0.134286./ phi_m, min: 0.000000 at y = -0.010000
phi_m, max: 58.476535 at y = 0.134286./ phi_m, min: 0.000000 at y = -0.010000
phi_m, max: 40.847335 at y = 0.134286./ phi_m, min: 0.000000 at y = -0.010000
phi_m, max: 22.173906 at y = 0.134286./ phi_m, min: 0.000000 at y = -0.010000
phi_m, max: 4.093920 at y = 0.134286./ phi_m, min: 0.000000 at y = -0.010000


phi_m, max: -0.000000 at y = 4.210000./ phi_m, min: -0.001153 at y = 4.215168
phi_m, max: -0.000000 at y = 4.210000./ phi_m, min: -0.001162 at y = 4.214832
phi_m, max: -0.000000 at y = 4.210000./ phi_m, min: -0.001153 at y = 4.214832
phi_m, max: -0.000000 at y = 4.210000./ phi_m, min: -0.001143 at y = 4.214832
phi_m, max: -0.000000 at y = 4.210000./ phi_m, min: -0.001133 at y = 4.214832
phi_m, max: -0.000000 at y = 4.210000./ phi_m, min: -0.001125 at y = 4.215168
phi_m, max: -0.000000 at y = 4.210000./ phi_m, min: -0.001117 at y = 4.215168


phi_m, max: -0.000000 at y = 3.971429./ phi_m, min: -0.001126 at y = 4.000000
phi_m, max: -0.000000 at y = 3.971429./ phi_m, min: -0.001135 at y = 4.210000
phi_m, max: -0.000000 at y = 3.971429./ phi_m, min: -0.001127 at y = 4.210000
phi_m, max: -0.000000 at y = 3.971429./ phi_m, min: -0.001116 at y = 4.210000
phi_m, max: -0.000000 at y = 3.971429./ phi_m, min: -0.001107 at y = 4.210000
phi_m, max: -0.000000 at y = 3.971429./ phi_m, min: -0.001099 at y = 4.210000
phi_m, max: -0.000000 at y = 3.971429./ phi_m, min: -0.001091 at y = 4.210000


Steps: 7000000  Time: 0.7         

Time: 0.100000
CPU Time: 75.967054 min.
phi_m, max: -0.000000 at y = 3.131429./ phi_m, min: -0.001161 at y = 6.320000

Time: 0.200000
CPU Time: 76.078753 min.
phi_m, max: -0.000000 at y = 3.131429./ phi_m, min: -0.001170 at y = 6.320000

Time: 0.300000
CPU Time: 76.078915 min.
phi_m, max: -0.000000 at y = 3.131429./ phi_m, min: -0.001161 at y = 6.320000

Time: 0.400000
CPU Time: 75.006097 min.
phi_m, max: -0.000000 at y = 3.131429./ phi_m, min: -0.001150 at y = 6.320000

Time: 0.500000
CPU Time: 74.527973 min.
phi_m, max: -0.000000 at y = 3.131429./ phi_m, min: -0.001141 at y = 6.320000

Time: 0.600000
CPU Time: 74.751958 min.
phi_m, max: -0.000000 at y = 3.131429./ phi_m, min: -0.001132 at y = 6.320000

Time: 0.700000
CPU Time: 74.543354 min.
phi_m, max: 0.221976 at y = 3.045714./ phi_m, min: -0.001125 at y = 6.320000


phi_m, max: -0.000000 at y = 4.850000./ phi_m, min: -0.001153 at y = 5.055168
phi_m, max: -0.000000 at y = 4.850000./ phi_m, min: -0.001162 at y = 4.844832
phi_m, max: -0.000000 at y = 4.850000./ phi_m, min: -0.001153 at y = 4.844832
phi_m, max: -0.000000 at y = 4.850000./ phi_m, min: -0.001143 at y = 4.844832
phi_m, max: -0.000000 at y = 4.850000./ phi_m, min: -0.001133 at y = 4.844832
phi_m, max: -0.000000 at y = 4.850000./ phi_m, min: -0.001125 at y = 4.844832
phi_m, max: -0.000000 at y = 4.850000./ phi_m, min: -0.001117 at y = 4.844832


phi_m, max: -0.000000 at y = 5.050000./ phi_m, min: -0.001153 at y = 5.055168
phi_m, max: -0.000000 at y = 5.050000./ phi_m, min: -0.001162 at y = 5.475168
phi_m, max: -0.000000 at y = 5.050000./ phi_m, min: -0.001153 at y = 5.475168
phi_m, max: -0.000000 at y = 5.050000./ phi_m, min: -0.001143 at y = 5.475168
phi_m, max: -0.000000 at y = 5.050000./ phi_m, min: -0.001133 at y = 5.475168
phi_m, max: -0.000000 at y = 5.050000./ phi_m, min: -0.001125 at y = 5.475168
phi_m, max: -0.000000 at y = 5.050000./ phi_m, min: -0.001117 at y = 5.475168


phi_m, max: 114.270515 at y = 0.430587./ phi_m, min: -0.001124 at y = 3.198571
phi_m, max: 112.995228 at y = 0.439413./ phi_m, min: -0.001133 at y = 3.341429
phi_m, max: 98.507055 at y = 0.440000./ phi_m, min: -0.001125 at y = 3.341429
phi_m, max: 79.334432 at y = 0.440000./ phi_m, min: -0.001114 at y = 3.341429
phi_m, max: 59.322314 at y = 0.440000./ phi_m, min: -0.001105 at y = 3.341429
phi_m, max: 41.434949 at y = 0.440000./ phi_m, min: -0.001090 at y = 3.341429
phi_m, max: 22.296643 at y = 0.440000./ phi_m, min: 0.000000 at y = 0.430000


phi_m, max: -0.000000 at y = 2.110000./ phi_m, min: -0.001153 at y = 2.115168
phi_m, max: -0.000000 at y = 2.110000./ phi_m, min: -0.001162 at y = 2.115168
phi_m, max: -0.000000 at y = 2.110000./ phi_m, min: -0.001146 at y = 2.116367
phi_m, max: 0.057853 at y = 1.938571./ phi_m, min: 0.000000 at y = 2.110000
phi_m, max: 49.175436 at y = 1.938571./ phi_m, min: 0.000000 at y = 2.110000
phi_m, max: 115.860600 at y = 2.117458./ phi_m, min: 0.000000 at y = 2.110000
phi_m, max: 106.118442 at y = 2.119413./ phi_m, min: 0.000000 at y = 2.110000


phi_m, max: 18.893457 at y = 0.640000./ phi_m, min: 0.000000 at y = 0.650000
phi_m, max: 115.962318 at y = 0.646426./ phi_m, min: 0.000000 at y = 0.650000
phi_m, max: 114.048495 at y = 0.859413./ phi_m, min: 0.000000 at y = 0.650000
phi_m, max: 100.508078 at y = 0.860000./ phi_m, min: 0.000000 at y = 0.650000
phi_m, max: 81.653519 at y = 0.860000./ phi_m, min: 0.000000 at y = 0.650000
phi_m, max: 61.572365 at y = 0.860000./ phi_m, min: 0.000000 at y = 0.650000
phi_m, max: 43.380144 at y = 0.860000./ phi_m, min: 0.000000 at y = 0.650000


phi_m, max: -0.000000 at y = 5.690000./ phi_m, min: -0.001153 at y = 5.895168
phi_m, max: -0.000000 at y = 5.690000./ phi_m, min: -0.001162 at y = 5.895168
phi_m, max: -0.000000 at y = 5.690000./ phi_m, min: -0.001153 at y = 5.895168
phi_m, max: -0.000000 at y = 5.690000./ phi_m, min: -0.001143 at y = 5.895168
phi_m, max: -0.000000 at y = 5.690000./ phi_m, min: -0.001133 at y = 5.895168
phi_m, max: -0.000000 at y = 5.690000./ phi_m, min: -0.001125 at y = 5.895168
phi_m, max: -0.000000 at y = 5.690000./ phi_m, min: -0.001117 at y = 5.895168


phi_m, max: -0.000000 at y = 3.580000./ phi_m, min: -0.001153 at y = 3.584832
phi_m, max: -0.000000 at y = 3.580000./ phi_m, min: -0.001162 at y = 3.585168
phi_m, max: -0.000000 at y = 3.580000./ phi_m, min: -0.001153 at y = 3.585168
phi_m, max: -0.000000 at y = 3.580000./ phi_m, min: -0.001143 at y = 3.585168
phi_m, max: -0.000000 at y = 3.580000./ phi_m, min: -0.001133 at y = 3.585168
phi_m, max: -0.000000 at y = 3.580000./ phi_m, min: -0.001125 at y = 3.585168
phi_m, max: -0.000000 at y = 3.580000./ phi_m, min: -0.001104 at y = 3.586787


phi_m, max: -0.000000 at y = 4.420000./ phi_m, min: -0.001153 at y = 4.424832
phi_m, max: -0.000000 at y = 4.420000./ phi_m, min: -0.001162 at y = 4.425168
phi_m, max: -0.000000 at y = 4.420000./ phi_m, min: -0.001153 at y = 4.425168
phi_m, max: -0.000000 at y = 4.420000./ phi_m, min: -0.001143 at y = 4.425168
phi_m, max: -0.000000 at y = 4.420000./ phi_m, min: -0.001133 at y = 4.425168
phi_m, max: -0.000000 at y = 4.420000./ phi_m, min: -0.001125 at y = 4.425168
phi_m, max: -0.000000 at y = 4.420000./ phi_m, min: -0.001117 at y = 4.425168


phi_m, max: -0.000000 at y = 5.260000./ phi_m, min: -0.001153 at y = 5.264832
phi_m, max: -0.000000 at y = 5.260000./ phi_m, min: -0.001162 at y = 5.265168
phi_m, max: -0.000000 at y = 5.260000./ phi_m, min: -0.001153 at y = 5.265168
phi_m, max: -0.000000 at y = 5.260000./ phi_m, min: -0.001143 at y = 5.265168
phi_m, max: -0.000000 at y = 5.260000./ phi_m, min: -0.001133 at y = 5.265168
phi_m, max: -0.000000 at y = 5.260000./ phi_m, min: -0.001125 at y = 5.265168
phi_m, max: -0.000000 at y = 5.260000./ phi_m, min: -0.001117 at y = 5.265168


phi_m, max: -0.000000 at y = 1.480000./ phi_m, min: -0.001152 at y = 1.485168
phi_m, max: 0.005816 at y = 1.308571./ phi_m, min: -0.000962 at y = 1.518571
phi_m, max: 5.150036 at y = 1.308571./ phi_m, min: 0.000000 at y = 1.480000
phi_m, max: 115.881761 at y = 1.481624./ phi_m, min: 0.000000 at y = 1.480000
phi_m, max: 110.628864 at y = 1.489413./ phi_m, min: 0.000000 at y = 1.480000
phi_m, max: 94.697881 at y = 1.490000./ phi_m, min: 0.000000 at y = 1.480000
phi_m, max: 75.119998 at y = 1.518571./ phi_m, min: 0.000000 at y = 1.480000


phi_m, max: 0.015271 at y = 0.860000./ phi_m, min: -0.000723 at y = 1.070000
phi_m, max: 12.013272 at y = 0.860000./ phi_m, min: 0.000000 at y = 0.888571
phi_m, max: 115.904112 at y = 1.063633./ phi_m, min: 0.000000 at y = 0.888571
phi_m, max: 109.137075 at y = 1.069413./ phi_m, min: 0.000000 at y = 0.888571
phi_m, max: 92.540970 at y = 1.070000./ phi_m, min: 0.000000 at y = 0.888571
phi_m, max: 72.734563 at y = 1.070000./ phi_m, min: 0.000000 at y = 0.888571
phi_m, max: 53.159701 at y = 1.070000./ phi_m, min: 0.000000 at y = 0.888571


phi_m, max: -0.000000 at y = 2.950000./ phi_m, min: -0.001153 at y = 2.954832
phi_m, max: -0.000000 at y = 2.950000./ phi_m, min: -0.001162 at y = 2.955168
phi_m, max: -0.000000 at y = 2.950000./ phi_m, min: -0.001153 at y = 2.955168
phi_m, max: -0.000000 at y = 2.950000./ phi_m, min: -0.001143 at y = 2.955168
phi_m, max: -0.000000 at y = 2.950000./ phi_m, min: -0.001131 at y = 2.955449
phi_m, max: 0.011849 at y = 2.807143./ phi_m, min: -0.000792 at y = 3.045714
phi_m, max: 9.518874 at y = 2.807143./ phi_m, min: 0.000000 at y = 2.950000


phi_m, max: -0.000000 at y = 2.358571./ phi_m, min: -0.001153 at y = 2.535168
phi_m, max: -0.000000 at y = 2.358571./ phi_m, min: -0.001162 at y = 2.535168
phi_m, max: -0.000000 at y = 2.358571./ phi_m, min: -0.001153 at y = 2.535168
phi_m, max: -0.000000 at y = 2.358571./ phi_m, min: -0.001139 at y = 2.535587
phi_m, max: 0.027657 at y = 2.387143./ phi_m, min: -0.000395 at y = 2.597143
phi_m, max: 21.375315 at y = 2.387143./ phi_m, min: 0.000000 at y = 2.358571
phi_m, max: 115.959152 at y = 2.536426./ phi_m, min: 0.000000 at y = 2.358571


phi_m, max: -0.000000 at y = 5.928571./ phi_m, min: -0.001153 at y = 6.105168
phi_m, max: -0.000000 at y = 5.928571./ phi_m, min: -0.001162 at y = 6.105168
phi_m, max: -0.000000 at y = 5.928571./ phi_m, min: -0.001154 at y = 6.105168
phi_m, max: -0.000000 at y = 5.928571./ phi_m, min: -0.001143 at y = 6.105168
phi_m, max: -0.000000 at y = 5.928571./ phi_m, min: -0.001133 at y = 6.105168
phi_m, max: -0.000000 at y = 5.928571./ phi_m, min: -0.001125 at y = 6.105168
phi_m, max: -0.000000 at y = 5.928571./ phi_m, min: -0.001118 at y = 6.105168


phi_m, max: -0.000000 at y = 6.310000./ phi_m, min: -0.001162 at y = 6.318213
phi_m, max: -0.000000 at y = 6.310000./ phi_m, min: -0.001171 at y = 6.318213
phi_m, max: -0.000000 at y = 6.310000./ phi_m, min: -0.001162 at y = 6.318213
phi_m, max: -0.000000 at y = 6.310000./ phi_m, min: -0.001152 at y = 6.318213
phi_m, max: -0.000000 at y = 6.310000./ phi_m, min: -0.001142 at y = 6.318213
phi_m, max: -0.000000 at y = 6.310000./ phi_m, min: -0.001133 at y = 6.318213
phi_m, max: -0.000000 at y = 6.310000./ phi_m, min: -0.001126 at y = 6.318213


phi_m, max: -0.000000 at y = 2.320000./ phi_m, min: -0.001153 at y = 2.324832
phi_m, max: -0.000000 at y = 2.320000./ phi_m, min: -0.001162 at y = 2.325168
phi_m, max: -0.000000 at y = 2.320000./ phi_m, min: -0.001153 at y = 2.325168
phi_m, max: 0.000273 at y = 2.177143./ phi_m, min: -0.001080 at y = 2.415714
phi_m, max: 1.166355 at y = 2.177143./ phi_m, min: 0.000000 at y = 2.320000
phi_m, max: 113.944591 at y = 2.177143./ phi_m, min: 0.000000 at y = 2.320000
phi_m, max: 113.192391 at y = 2.329413./ phi_m, min: 0.000000 at y = 2.320000


phi_m, max: -0.000000 at y = 5.480000./ phi_m, min: -0.001153 at y = 5.685168
phi_m, max: -0.000000 at y = 5.480000./ phi_m, min: -0.001162 at y = 5.685168
phi_m, max: -0.000000 at y = 5.480000./ phi_m, min: -0.001153 at y = 5.685168
phi_m, max: -0.000000 at y = 5.480000./ phi_m, min: -0.001143 at y = 5.685168
phi_m, max: -0.000000 at y = 5.480000./ phi_m, min: -0.001133 at y = 5.685168
phi_m, max: -0.000000 at y = 5.480000./ phi_m, min: -0.001125 at y = 5.685168
phi_m, max: -0.000000 at y = 5.480000./ phi_m, min: -0.001117 at y = 5.685168


phi_m, max: 27.072587 at y = 0.440000./ phi_m, min: 0.000000 at y = 0.430000
phi_m, max: 115.962318 at y = 0.646426./ phi_m, min: 0.000000 at y = 0.430000
phi_m, max: 107.497158 at y = 0.649413./ phi_m, min: 0.000000 at y = 0.430000
phi_m, max: 90.342674 at y = 0.650000./ phi_m, min: 0.000000 at y = 0.430000
phi_m, max: 70.397993 at y = 0.650000./ phi_m, min: 0.000000 at y = 0.430000
phi_m, max: 51.059040 at y = 0.650000./ phi_m, min: 0.000000 at y = 0.430000
phi_m, max: 33.834448 at y = 0.650000./ phi_m, min: 0.000000 at y = 0.430000


Writing: "Fiber2DEphapticPlaneL6Isolated_7.chk"
 (0.0019003s, XML)
phi_m, max: 0.015271 at y = 0.860000./ phi_m, min: -0.000723 at y = 1.070000
phi_m, max: 12.013272 at y = 0.860000./ phi_m, min: 0.000000 at y = 0.888571
phi_m, max: 115.904112 at y = 1.063633./ phi_m, min: 0.000000 at y = 0.888571
phi_m, max: 109.137075 at y = 1.069413./ phi_m, min: 0.000000 at y = 0.888571
phi_m, max: 92.540970 at y = 1.070000./ phi_m, min: 0.000000 at y = 0.888571
phi_m, max: 72.734563 at y = 1.070000./ phi_m, min: 0.000000 at y = 0.888571
phi_m, max: 53.159701 at y = 1.070000./ phi_m, min: 0.000000 at y = 0.888571
phi_m, max: 35.884004 at y = 1.070000./ phi_m, min: 0.000000 at y = 0.888571


phi_m, max: -0.000000 at y = 2.110000./ phi_m, min: -0.001153 at y = 2.115168
phi_m, max: -0.000000 at y = 2.110000./ phi_m, min: -0.001162 at y = 2.115168
phi_m, max: -0.000000 at y = 2.110000./ phi_m, min: -0.001146 at y = 2.116367
phi_m, max: 0.057853 at y = 1.938571./ phi_m, min: 0.000000 at y = 2.110000
phi_m, max: 49.175436 at y = 1.938571./ phi_m, min: 0.000000 at y = 2.110000
phi_m, max: 115.860600 at y = 2.117458./ phi_m, min: 0.000000 at y = 2.110000
phi_m, max: 106.118442 at y = 2.119413./ phi_m, min: 0.000000 at y = 2.110000
phi_m, max: 88.582685 at y = 2.177143./ phi_m, min: 0.000000 at y = 2.110000


phi_m, max: -0.000000 at y = 2.950000./ phi_m, min: -0.001153 at y = 2.954832
phi_m, max: -0.000000 at y = 2.950000./ phi_m, min: -0.001162 at y = 2.955168
phi_m, max: -0.000000 at y = 2.950000./ phi_m, min: -0.001153 at y = 2.955168
phi_m, max: -0.000000 at y = 2.950000./ phi_m, min: -0.001143 at y = 2.955168
phi_m, max: -0.000000 at y = 2.950000./ phi_m, min: -0.001131 at y = 2.955449
phi_m, max: 0.011849 at y = 2.807143./ phi_m, min: -0.000792 at y = 3.045714
phi_m, max: 9.518874 at y = 2.807143./ phi_m, min: 0.000000 at y = 2.950000
phi_m, max: 115.909075 at y = 2.953633./ phi_m, min: 0.000000 at y = 2.950000


phi_m, max: 18.893457 at y = 0.640000./ phi_m, min: 0.000000 at y = 0.650000
phi_m, max: 115.962318 at y = 0.646426./ phi_m, min: 0.000000 at y = 0.650000
phi_m, max: 114.048495 at y = 0.859413./ phi_m, min: 0.000000 at y = 0.650000
phi_m, max: 100.508078 at y = 0.860000./ phi_m, min: 0.000000 at y = 0.650000
phi_m, max: 81.653519 at y = 0.860000./ phi_m, min: 0.000000 at y = 0.650000
phi_m, max: 61.572365 at y = 0.860000./ phi_m, min: 0.000000 at y = 0.650000
phi_m, max: 43.380144 at y = 0.860000./ phi_m, min: 0.000000 at y = 0.650000
phi_m, max: 24.950151 at y = 0.860000./ phi_m, min: 0.000000 at y = 0.650000


phi_m, max: -0.000000 at y = 2.358571./ phi_m, min: -0.001153 at y = 2.535168
phi_m, max: -0.000000 at y = 2.358571./ phi_m, min: -0.001162 at y = 2.535168
phi_m, max: -0.000000 at y = 2.358571./ phi_m, min: -0.001153 at y = 2.535168
phi_m, max: -0.000000 at y = 2.358571./ phi_m, min: -0.001139 at y = 2.535587
phi_m, max: 0.027657 at y = 2.387143./ phi_m, min: -0.000395 at y = 2.597143
phi_m, max: 21.375315 at y = 2.387143./ phi_m, min: 0.000000 at y = 2.358571
phi_m, max: 115.959152 at y = 2.536426./ phi_m, min: 0.000000 at y = 2.358571
phi_m, max: 107.815821 at y = 2.539413./ phi_m, min: 0.000000 at y = 2.358571


phi_m, max: -0.000000 at y = 5.928571./ phi_m, min: -0.001153 at y = 6.105168
phi_m, max: -0.000000 at y = 5.928571./ phi_m, min: -0.001162 at y = 6.105168
phi_m, max: -0.000000 at y = 5.928571./ phi_m, min: -0.001154 at y = 6.105168
phi_m, max: -0.000000 at y = 5.928571./ phi_m, min: -0.001143 at y = 6.105168
phi_m, max: -0.000000 at y = 5.928571./ phi_m, min: -0.001133 at y = 6.105168
phi_m, max: -0.000000 at y = 5.928571./ phi_m, min: -0.001125 at y = 6.105168
phi_m, max: -0.000000 at y = 5.928571./ phi_m, min: -0.001118 at y = 6.105168
phi_m, max: -0.000000 at y = 5.928571./ phi_m, min: -0.001111 at y = 6.105168


phi_m, max: -0.000000 at y = 6.310000./ phi_m, min: -0.001162 at y = 6.318213
phi_m, max: -0.000000 at y = 6.310000./ phi_m, min: -0.001171 at y = 6.318213
phi_m, max: -0.000000 at y = 6.310000./ phi_m, min: -0.001162 at y = 6.318213
phi_m, max: -0.000000 at y = 6.310000./ phi_m, min: -0.001152 at y = 6.318213
phi_m, max: -0.000000 at y = 6.310000./ phi_m, min: -0.001142 at y = 6.318213
phi_m, max: -0.000000 at y = 6.310000./ phi_m, min: -0.001133 at y = 6.318213
phi_m, max: -0.000000 at y = 6.310000./ phi_m, min: -0.001126 at y = 6.318213
phi_m, max: -0.000000 at y = 6.310000./ phi_m, min: -0.001120 at y = 6.318213


phi_m, max: -0.000000 at y = 2.320000./ phi_m, min: -0.001153 at y = 2.324832
phi_m, max: -0.000000 at y = 2.320000./ phi_m, min: -0.001162 at y = 2.325168
phi_m, max: -0.000000 at y = 2.320000./ phi_m, min: -0.001153 at y = 2.325168
phi_m, max: 0.000273 at y = 2.177143./ phi_m, min: -0.001080 at y = 2.415714
phi_m, max: 1.166355 at y = 2.177143./ phi_m, min: 0.000000 at y = 2.320000
phi_m, max: 113.944591 at y = 2.177143./ phi_m, min: 0.000000 at y = 2.320000
phi_m, max: 113.192391 at y = 2.329413./ phi_m, min: 0.000000 at y = 2.320000
phi_m, max: 98.972318 at y = 2.415714./ phi_m, min: 0.000000 at y = 2.320000


phi_m, max: -0.000000 at y = 5.480000./ phi_m, min: -0.001153 at y = 5.685168
phi_m, max: -0.000000 at y = 5.480000./ phi_m, min: -0.001162 at y = 5.685168
phi_m, max: -0.000000 at y = 5.480000./ phi_m, min: -0.001153 at y = 5.685168
phi_m, max: -0.000000 at y = 5.480000./ phi_m, min: -0.001143 at y = 5.685168
phi_m, max: -0.000000 at y = 5.480000./ phi_m, min: -0.001133 at y = 5.685168
phi_m, max: -0.000000 at y = 5.480000./ phi_m, min: -0.001125 at y = 5.685168
phi_m, max: -0.000000 at y = 5.480000./ phi_m, min: -0.001117 at y = 5.685168
phi_m, max: -0.000000 at y = 5.480000./ phi_m, min: -0.001111 at y = 5.685168


phi_m, max: -0.000000 at y = 1.518571./ phi_m, min: -0.001153 at y = 1.695168
phi_m, max: -0.000000 at y = 1.518571./ phi_m, min: -0.001147 at y = 1.696787
phi_m, max: 0.131643 at y = 1.490000./ phi_m, min: 0.000000 at y = 1.518571
phi_m, max: 83.454072 at y = 1.490000./ phi_m, min: 0.000000 at y = 1.518571
phi_m, max: 115.553562 at y = 1.698376./ phi_m, min: 0.000000 at y = 1.518571
phi_m, max: 104.324704 at y = 1.699413./ phi_m, min: 0.000000 at y = 1.518571
phi_m, max: 86.263429 at y = 1.728571./ phi_m, min: 0.000000 at y = 1.518571
phi_m, max: 66.214197 at y = 1.728571./ phi_m, min: 0.000000 at y = 1.518571


phi_m, max: -0.000000 at y = 5.690000./ phi_m, min: -0.001153 at y = 5.895168
phi_m, max: -0.000000 at y = 5.690000./ phi_m, min: -0.001162 at y = 5.895168
phi_m, max: -0.000000 at y = 5.690000./ phi_m, min: -0.001153 at y = 5.895168
phi_m, max: -0.000000 at y = 5.690000./ phi_m, min: -0.001143 at y = 5.895168
phi_m, max: -0.000000 at y = 5.690000./ phi_m, min: -0.001133 at y = 5.895168
phi_m, max: -0.000000 at y = 5.690000./ phi_m, min: -0.001125 at y = 5.895168
phi_m, max: -0.000000 at y = 5.690000./ phi_m, min: -0.001117 at y = 5.895168
phi_m, max: -0.000000 at y = 5.690000./ phi_m, min: -0.001111 at y = 5.895168


phi_m, max: -0.000000 at y = 3.580000./ phi_m, min: -0.001153 at y = 3.584832
phi_m, max: -0.000000 at y = 3.580000./ phi_m, min: -0.001162 at y = 3.585168
phi_m, max: -0.000000 at y = 3.580000./ phi_m, min: -0.001153 at y = 3.585168
phi_m, max: -0.000000 at y = 3.580000./ phi_m, min: -0.001143 at y = 3.585168
phi_m, max: -0.000000 at y = 3.580000./ phi_m, min: -0.001133 at y = 3.585168
phi_m, max: -0.000000 at y = 3.580000./ phi_m, min: -0.001125 at y = 3.585168
phi_m, max: -0.000000 at y = 3.580000./ phi_m, min: -0.001104 at y = 3.586787
phi_m, max: 0.084311 at y = 3.551429./ phi_m, min: 0.000000 at y = 3.580000


phi_m, max: -0.000000 at y = 4.640000./ phi_m, min: -0.001153 at y = 4.634832
phi_m, max: -0.000000 at y = 4.640000./ phi_m, min: -0.001162 at y = 4.635168
phi_m, max: -0.000000 at y = 4.640000./ phi_m, min: -0.001153 at y = 4.635168
phi_m, max: -0.000000 at y = 4.640000./ phi_m, min: -0.001143 at y = 4.635168
phi_m, max: -0.000000 at y = 4.640000./ phi_m, min: -0.001133 at y = 4.635168
phi_m, max: -0.000000 at y = 4.640000./ phi_m, min: -0.001125 at y = 4.635168
phi_m, max: -0.000000 at y = 4.640000./ phi_m, min: -0.001117 at y = 4.635168
phi_m, max: -0.000000 at y = 4.640000./ phi_m, min: -0.001111 at y = 4.635168


phi_m, max: -0.000000 at y = 1.270000./ phi_m, min: -0.001127 at y = 1.278213
phi_m, max: 0.294549 at y = 1.070000./ phi_m, min: 0.000000 at y = 1.270000
phi_m, max: 104.482222 at y = 1.070000./ phi_m, min: 0.000000 at y = 1.270000
phi_m, max: 114.883380 at y = 1.278376./ phi_m, min: 0.000000 at y = 1.270000
phi_m, max: 102.444573 at y = 1.279413./ phi_m, min: 0.000000 at y = 1.270000
phi_m, max: 83.985286 at y = 1.308571./ phi_m, min: 0.000000 at y = 1.270000
phi_m, max: 63.914494 at y = 1.308571./ phi_m, min: 0.000000 at y = 1.270000
phi_m, max: 45.412957 at y = 1.308571./ phi_m, min: 0.000000 at y = 1.270000


phi_m, max: -0.000000 at y = 3.370000./ phi_m, min: -0.001153 at y = 3.375168
phi_m, max: -0.000000 at y = 3.370000./ phi_m, min: -0.001162 at y = 3.374832
phi_m, max: -0.000000 at y = 3.370000./ phi_m, min: -0.001153 at y = 3.374832
phi_m, max: -0.000000 at y = 3.370000./ phi_m, min: -0.001143 at y = 3.375168
phi_m, max: -0.000000 at y = 3.370000./ phi_m, min: -0.001133 at y = 3.375168
phi_m, max: -0.000000 at y = 3.370000./ phi_m, min: -0.001124 at y = 3.375168
phi_m, max: 0.003593 at y = 3.341429./ phi_m, min: -0.000974 at y = 3.551429
phi_m, max: 3.468323 at y = 3.341429./ phi_m, min: 0.000000 at y = 3.370000


phi_m, max: -0.000000 at y = 2.740000./ phi_m, min: -0.001153 at y = 2.744832
phi_m, max: -0.000000 at y = 2.740000./ phi_m, min: -0.001162 at y = 2.745168
phi_m, max: -0.000000 at y = 2.740000./ phi_m, min: -0.001153 at y = 2.745168
phi_m, max: -0.000000 at y = 2.740000./ phi_m, min: -0.001143 at y = 2.745168
phi_m, max: -0.000000 at y = 2.740000./ phi_m, min: -0.001093 at y = 2.748825
phi_m, max: 0.524967 at y = 2.597143./ phi_m, min: 0.000000 at y = 2.740000
phi_m, max: 110.624607 at y = 2.597143./ phi_m, min: 0.000000 at y = 2.740000
phi_m, max: 114.210398 at y = 2.749413./ phi_m, min: 0.000000 at y = 2.740000


phi_m, max: -0.000000 at y = 1.900000./ phi_m, min: -0.001153 at y = 1.905168
phi_m, max: -0.000000 at y = 1.900000./ phi_m, min: -0.001162 at y = 1.905168
phi_m, max: 0.001996 at y = 1.728571./ phi_m, min: -0.001050 at y = 1.963787
phi_m, max: 2.391697 at y = 1.728571./ phi_m, min: 0.000000 at y = 1.900000
phi_m, max: 115.332297 at y = 1.900587./ phi_m, min: 0.000000 at y = 1.900000
phi_m, max: 111.987642 at y = 1.909413./ phi_m, min: 0.000000 at y = 1.900000
phi_m, max: 96.831898 at y = 1.963787./ phi_m, min: 0.000000 at y = 1.900000
phi_m, max: 77.525785 at y = 1.963787./ phi_m, min: 0.000000 at y = 1.900000


phi_m, max: -0.000000 at y = 3.790000./ phi_m, min: -0.001153 at y = 4.004832
phi_m, max: -0.000000 at y = 3.790000./ phi_m, min: -0.001162 at y = 3.794832
phi_m, max: -0.000000 at y = 3.790000./ phi_m, min: -0.001153 at y = 3.794832
phi_m, max: -0.000000 at y = 3.790000./ phi_m, min: -0.001143 at y = 3.794832
phi_m, max: -0.000000 at y = 3.790000./ phi_m, min: -0.001133 at y = 4.005168
phi_m, max: -0.000000 at y = 3.790000./ phi_m, min: -0.001125 at y = 4.005168
phi_m, max: -0.000000 at y = 3.790000./ phi_m, min: -0.001117 at y = 4.005168
phi_m, max: 0.001019 at y = 3.761429./ phi_m, min: -0.001104 at y = 4.006367


phi_m, max: -0.000000 at y = 4.210000./ phi_m, min: -0.001153 at y = 4.215168
phi_m, max: -0.000000 at y = 4.210000./ phi_m, min: -0.001162 at y = 4.214832
phi_m, max: -0.000000 at y = 4.210000./ phi_m, min: -0.001153 at y = 4.214832
phi_m, max: -0.000000 at y = 4.210000./ phi_m, min: -0.001143 at y = 4.214832
phi_m, max: -0.000000 at y = 4.210000./ phi_m, min: -0.001133 at y = 4.214832
phi_m, max: -0.000000 at y = 4.210000./ phi_m, min: -0.001125 at y = 4.215168
phi_m, max: -0.000000 at y = 4.210000./ phi_m, min: -0.001117 at y = 4.215168
phi_m, max: -0.000000 at y = 4.210000./ phi_m, min: -0.001111 at y = 4.215168


phi_m, max: -0.000000 at y = 3.971429./ phi_m, min: -0.001126 at y = 4.000000
phi_m, max: -0.000000 at y = 3.971429./ phi_m, min: -0.001135 at y = 4.210000
phi_m, max: -0.000000 at y = 3.971429./ phi_m, min: -0.001127 at y = 4.210000
phi_m, max: -0.000000 at y = 3.971429./ phi_m, min: -0.001116 at y = 4.210000
phi_m, max: -0.000000 at y = 3.971429./ phi_m, min: -0.001107 at y = 4.210000
phi_m, max: -0.000000 at y = 3.971429./ phi_m, min: -0.001099 at y = 4.210000
phi_m, max: -0.000000 at y = 3.971429./ phi_m, min: -0.001091 at y = 4.210000
phi_m, max: -0.000000 at y = 3.971429./ phi_m, min: -0.001084 at y = 4.210000


phi_m, max: 27.072587 at y = 0.440000./ phi_m, min: 0.000000 at y = 0.430000
phi_m, max: 115.962318 at y = 0.646426./ phi_m, min: 0.000000 at y = 0.430000
phi_m, max: 107.497158 at y = 0.649413./ phi_m, min: 0.000000 at y = 0.430000
phi_m, max: 90.342674 at y = 0.650000./ phi_m, min: 0.000000 at y = 0.430000
phi_m, max: 70.397993 at y = 0.650000./ phi_m, min: 0.000000 at y = 0.430000
phi_m, max: 51.059040 at y = 0.650000./ phi_m, min: 0.000000 at y = 0.430000
phi_m, max: 33.834448 at y = 0.650000./ phi_m, min: 0.000000 at y = 0.430000
phi_m, max: 12.186847 at y = 0.650000./ phi_m, min: 0.000000 at y = 0.430000


phi_m, max: -0.000000 at y = 4.850000./ phi_m, min: -0.001153 at y = 5.055168
phi_m, max: -0.000000 at y = 4.850000./ phi_m, min: -0.001162 at y = 4.844832
phi_m, max: -0.000000 at y = 4.850000./ phi_m, min: -0.001153 at y = 4.844832
phi_m, max: -0.000000 at y = 4.850000./ phi_m, min: -0.001143 at y = 4.844832
phi_m, max: -0.000000 at y = 4.850000./ phi_m, min: -0.001133 at y = 4.844832
phi_m, max: -0.000000 at y = 4.850000./ phi_m, min: -0.001125 at y = 4.844832
phi_m, max: -0.000000 at y = 4.850000./ phi_m, min: -0.001117 at y = 4.844832
phi_m, max: -0.000000 at y = 4.850000./ phi_m, min: -0.001111 at y = 5.054832


phi_m, max: -0.000000 at y = 4.420000./ phi_m, min: -0.001153 at y = 4.424832
phi_m, max: -0.000000 at y = 4.420000./ phi_m, min: -0.001162 at y = 4.425168
phi_m, max: -0.000000 at y = 4.420000./ phi_m, min: -0.001153 at y = 4.425168
phi_m, max: -0.000000 at y = 4.420000./ phi_m, min: -0.001143 at y = 4.425168
phi_m, max: -0.000000 at y = 4.420000./ phi_m, min: -0.001133 at y = 4.425168
phi_m, max: -0.000000 at y = 4.420000./ phi_m, min: -0.001125 at y = 4.425168
phi_m, max: -0.000000 at y = 4.420000./ phi_m, min: -0.001117 at y = 4.425168
phi_m, max: -0.000000 at y = 4.420000./ phi_m, min: -0.001111 at y = 4.425168


phi_m, max: -0.000000 at y = 5.260000./ phi_m, min: -0.001153 at y = 5.264832
phi_m, max: -0.000000 at y = 5.260000./ phi_m, min: -0.001162 at y = 5.265168
phi_m, max: -0.000000 at y = 5.260000./ phi_m, min: -0.001153 at y = 5.265168
phi_m, max: -0.000000 at y = 5.260000./ phi_m, min: -0.001143 at y = 5.265168
phi_m, max: -0.000000 at y = 5.260000./ phi_m, min: -0.001133 at y = 5.265168
phi_m, max: -0.000000 at y = 5.260000./ phi_m, min: -0.001125 at y = 5.265168
phi_m, max: -0.000000 at y = 5.260000./ phi_m, min: -0.001117 at y = 5.265168
phi_m, max: -0.000000 at y = 5.260000./ phi_m, min: -0.001111 at y = 5.265168


phi_m, max: -0.000000 at y = 1.480000./ phi_m, min: -0.001152 at y = 1.485168
phi_m, max: 0.005816 at y = 1.308571./ phi_m, min: -0.000962 at y = 1.518571
phi_m, max: 5.150036 at y = 1.308571./ phi_m, min: 0.000000 at y = 1.480000
phi_m, max: 115.881761 at y = 1.481624./ phi_m, min: 0.000000 at y = 1.480000
phi_m, max: 110.628864 at y = 1.489413./ phi_m, min: 0.000000 at y = 1.480000
phi_m, max: 94.697881 at y = 1.490000./ phi_m, min: 0.000000 at y = 1.480000
phi_m, max: 75.119998 at y = 1.518571./ phi_m, min: 0.000000 at y = 1.480000
phi_m, max: 55.371945 at y = 1.518571./ phi_m, min: 0.000000 at y = 1.480000


phi_m, max: -0.000000 at y = 5.050000./ phi_m, min: -0.001153 at y = 5.055168
phi_m, max: -0.000000 at y = 5.050000./ phi_m, min: -0.001162 at y = 5.475168
phi_m, max: -0.000000 at y = 5.050000./ phi_m, min: -0.001153 at y = 5.475168
phi_m, max: -0.000000 at y = 5.050000./ phi_m, min: -0.001143 at y = 5.475168
phi_m, max: -0.000000 at y = 5.050000./ phi_m, min: -0.001133 at y = 5.475168
phi_m, max: -0.000000 at y = 5.050000./ phi_m, min: -0.001125 at y = 5.475168
phi_m, max: -0.000000 at y = 5.050000./ phi_m, min: -0.001117 at y = 5.475168
phi_m, max: -0.000000 at y = 5.050000./ phi_m, min: -0.001111 at y = 5.475168


phi_m, max: 114.270515 at y = 0.430587./ phi_m, min: -0.001124 at y = 3.198571
phi_m, max: 112.995228 at y = 0.439413./ phi_m, min: -0.001133 at y = 3.341429
phi_m, max: 98.507055 at y = 0.440000./ phi_m, min: -0.001125 at y = 3.341429
phi_m, max: 79.334432 at y = 0.440000./ phi_m, min: -0.001114 at y = 3.341429
phi_m, max: 59.322314 at y = 0.440000./ phi_m, min: -0.001105 at y = 3.341429
phi_m, max: 41.434949 at y = 0.440000./ phi_m, min: -0.001090 at y = 3.341429
phi_m, max: 22.296643 at y = 0.440000./ phi_m, min: 0.000000 at y = 0.430000
phi_m, max: 4.480422 at y = 3.198571./ phi_m, min: 0.000000 at y = 0.430000


Steps: 8000000  Time: 0.8         

Time: 0.100000
CPU Time: 75.967054 min.
phi_m, max: -0.000000 at y = 3.131429./ phi_m, min: -0.001161 at y = 6.320000

Time: 0.200000
CPU Time: 76.078753 min.
phi_m, max: -0.000000 at y = 3.131429./ phi_m, min: -0.001170 at y = 6.320000

Time: 0.300000
CPU Time: 76.078915 min.
phi_m, max: -0.000000 at y = 3.131429./ phi_m, min: -0.001161 at y = 6.320000

Time: 0.400000
CPU Time: 75.006097 min.
phi_m, max: -0.000000 at y = 3.131429./ phi_m, min: -0.001150 at y = 6.320000

Time: 0.500000
CPU Time: 74.527973 min.
phi_m, max: -0.000000 at y = 3.131429./ phi_m, min: -0.001141 at y = 6.320000

Time: 0.600000
CPU Time: 74.751958 min.
phi_m, max: -0.000000 at y = 3.131429./ phi_m, min: -0.001132 at y = 6.320000

Time: 0.700000
CPU Time: 74.543354 min.
phi_m, max: 0.221976 at y = 3.045714./ phi_m, min: -0.001125 at y = 6.320000

Time: 0.800000
CPU Time: 74.910916 min.
phi_m, max: 96.525729 at y = 3.045714./ phi_m, min: -0.001118 at y = 6.320000


phi_m, max: 115.829979 at y = 0.228213./ phi_m, min: 0.000000 at y = 0.220000
phi_m, max: 105.912401 at y = 0.344286./ phi_m, min: 0.000000 at y = 0.220000
phi_m, max: 88.488870 at y = 0.344286./ phi_m, min: 0.000000 at y = 0.220000
phi_m, max: 68.543274 at y = 0.344286./ phi_m, min: 0.000000 at y = 0.220000
phi_m, max: 49.456652 at y = 0.344286./ phi_m, min: 0.000000 at y = 0.220000
phi_m, max: 32.251607 at y = 0.344286./ phi_m, min: 0.000000 at y = 0.220000
phi_m, max: 10.619790 at y = 0.344286./ phi_m, min: 0.000000 at y = 0.220000
phi_m, max: 1.168794 at y = 0.344286./ phi_m, min: 0.000000 at y = 0.220000


phi_m, max: 112.624926 at y = 0.018213./ phi_m, min: 0.000000 at y = -0.010000
phi_m, max: 97.591567 at y = 0.018213./ phi_m, min: 0.000000 at y = -0.010000
phi_m, max: 78.306002 at y = 0.134286./ phi_m, min: 0.000000 at y = -0.010000
phi_m, max: 58.476535 at y = 0.134286./ phi_m, min: 0.000000 at y = -0.010000
phi_m, max: 40.847335 at y = 0.134286./ phi_m, min: 0.000000 at y = -0.010000
phi_m, max: 22.173906 at y = 0.134286./ phi_m, min: 0.000000 at y = -0.010000
phi_m, max: 4.093920 at y = 0.134286./ phi_m, min: 0.000000 at y = -0.010000
phi_m, max: 0.290113 at y = 0.006787./ phi_m, min: 0.000000 at y = -0.010000


Writing: "Fiber2DEphapticPlaneL6Isolated_8.chk"
 (0.0085707s, XML)
phi_m, max: -0.000000 at y = 4.640000./ phi_m, min: -0.001153 at y = 4.634832
phi_m, max: -0.000000 at y = 4.640000./ phi_m, min: -0.001162 at y = 4.635168
phi_m, max: -0.000000 at y = 4.640000./ phi_m, min: -0.001153 at y = 4.635168
phi_m, max: -0.000000 at y = 4.640000./ phi_m, min: -0.001143 at y = 4.635168
phi_m, max: -0.000000 at y = 4.640000./ phi_m, min: -0.001133 at y = 4.635168
phi_m, max: -0.000000 at y = 4.640000./ phi_m, min: -0.001125 at y = 4.635168
phi_m, max: -0.000000 at y = 4.640000./ phi_m, min: -0.001117 at y = 4.635168
phi_m, max: -0.000000 at y = 4.640000./ phi_m, min: -0.001111 at y = 4.635168
phi_m, max: -0.000000 at y = 4.640000./ phi_m, min: -0.001105 at y = 4.635168


phi_m, max: -0.000000 at y = 1.270000./ phi_m, min: -0.001127 at y = 1.278213
phi_m, max: 0.294549 at y = 1.070000./ phi_m, min: 0.000000 at y = 1.270000
phi_m, max: 104.482222 at y = 1.070000./ phi_m, min: 0.000000 at y = 1.270000
phi_m, max: 114.883380 at y = 1.278376./ phi_m, min: 0.000000 at y = 1.270000
phi_m, max: 102.444573 at y = 1.279413./ phi_m, min: 0.000000 at y = 1.270000
phi_m, max: 83.985286 at y = 1.308571./ phi_m, min: 0.000000 at y = 1.270000
phi_m, max: 63.914494 at y = 1.308571./ phi_m, min: 0.000000 at y = 1.270000
phi_m, max: 45.412957 at y = 1.308571./ phi_m, min: 0.000000 at y = 1.270000
phi_m, max: 27.604317 at y = 1.308571./ phi_m, min: 0.000000 at y = 1.270000


phi_m, max: -0.000000 at y = 3.370000./ phi_m, min: -0.001153 at y = 3.375168
phi_m, max: -0.000000 at y = 3.370000./ phi_m, min: -0.001162 at y = 3.374832
phi_m, max: -0.000000 at y = 3.370000./ phi_m, min: -0.001153 at y = 3.374832
phi_m, max: -0.000000 at y = 3.370000./ phi_m, min: -0.001143 at y = 3.375168
phi_m, max: -0.000000 at y = 3.370000./ phi_m, min: -0.001133 at y = 3.375168
phi_m, max: -0.000000 at y = 3.370000./ phi_m, min: -0.001124 at y = 3.375168
phi_m, max: 0.003593 at y = 3.341429./ phi_m, min: -0.000974 at y = 3.551429
phi_m, max: 3.468323 at y = 3.341429./ phi_m, min: 0.000000 at y = 3.370000
phi_m, max: 115.812488 at y = 3.371624./ phi_m, min: 0.000000 at y = 3.370000


phi_m, max: -0.000000 at y = 2.740000./ phi_m, min: -0.001153 at y = 2.744832
phi_m, max: -0.000000 at y = 2.740000./ phi_m, min: -0.001162 at y = 2.745168
phi_m, max: -0.000000 at y = 2.740000./ phi_m, min: -0.001153 at y = 2.745168
phi_m, max: -0.000000 at y = 2.740000./ phi_m, min: -0.001143 at y = 2.745168
phi_m, max: -0.000000 at y = 2.740000./ phi_m, min: -0.001093 at y = 2.748825
phi_m, max: 0.524967 at y = 2.597143./ phi_m, min: 0.000000 at y = 2.740000
phi_m, max: 110.624607 at y = 2.597143./ phi_m, min: 0.000000 at y = 2.740000
phi_m, max: 114.210398 at y = 2.749413./ phi_m, min: 0.000000 at y = 2.740000
phi_m, max: 100.939700 at y = 2.835714./ phi_m, min: 0.000000 at y = 2.740000


phi_m, max: -0.000000 at y = 1.900000./ phi_m, min: -0.001153 at y = 1.905168
phi_m, max: -0.000000 at y = 1.900000./ phi_m, min: -0.001162 at y = 1.905168
phi_m, max: 0.001996 at y = 1.728571./ phi_m, min: -0.001050 at y = 1.963787
phi_m, max: 2.391697 at y = 1.728571./ phi_m, min: 0.000000 at y = 1.900000
phi_m, max: 115.332297 at y = 1.900587./ phi_m, min: 0.000000 at y = 1.900000
phi_m, max: 111.987642 at y = 1.909413./ phi_m, min: 0.000000 at y = 1.900000
phi_m, max: 96.831898 at y = 1.963787./ phi_m, min: 0.000000 at y = 1.900000
phi_m, max: 77.525785 at y = 1.963787./ phi_m, min: 0.000000 at y = 1.900000
phi_m, max: 57.643122 at y = 1.963787./ phi_m, min: 0.000000 at y = 1.900000


phi_m, max: 115.829979 at y = 0.228213./ phi_m, min: 0.000000 at y = 0.220000
phi_m, max: 105.912401 at y = 0.344286./ phi_m, min: 0.000000 at y = 0.220000
phi_m, max: 88.488870 at y = 0.344286./ phi_m, min: 0.000000 at y = 0.220000
phi_m, max: 68.543274 at y = 0.344286./ phi_m, min: 0.000000 at y = 0.220000
phi_m, max: 49.456652 at y = 0.344286./ phi_m, min: 0.000000 at y = 0.220000
phi_m, max: 32.251607 at y = 0.344286./ phi_m, min: 0.000000 at y = 0.220000
phi_m, max: 10.619790 at y = 0.344286./ phi_m, min: 0.000000 at y = 0.220000
phi_m, max: 1.168794 at y = 0.344286./ phi_m, min: 0.000000 at y = 0.220000
phi_m, max: -0.000000 at y = 0.220000./ phi_m, min: -0.218211 at y = 0.221175


phi_m, max: -0.000000 at y = 3.790000./ phi_m, min: -0.001153 at y = 4.004832
phi_m, max: -0.000000 at y = 3.790000./ phi_m, min: -0.001162 at y = 3.794832
phi_m, max: -0.000000 at y = 3.790000./ phi_m, min: -0.001153 at y = 3.794832
phi_m, max: -0.000000 at y = 3.790000./ phi_m, min: -0.001143 at y = 3.794832
phi_m, max: -0.000000 at y = 3.790000./ phi_m, min: -0.001133 at y = 4.005168
phi_m, max: -0.000000 at y = 3.790000./ phi_m, min: -0.001125 at y = 4.005168
phi_m, max: -0.000000 at y = 3.790000./ phi_m, min: -0.001117 at y = 4.005168
phi_m, max: 0.001019 at y = 3.761429./ phi_m, min: -0.001104 at y = 4.006367
phi_m, max: 1.643203 at y = 3.761429./ phi_m, min: 0.000000 at y = 3.790000


phi_m, max: -0.000000 at y = 4.210000./ phi_m, min: -0.001153 at y = 4.215168
phi_m, max: -0.000000 at y = 4.210000./ phi_m, min: -0.001162 at y = 4.214832
phi_m, max: -0.000000 at y = 4.210000./ phi_m, min: -0.001153 at y = 4.214832
phi_m, max: -0.000000 at y = 4.210000./ phi_m, min: -0.001143 at y = 4.214832
phi_m, max: -0.000000 at y = 4.210000./ phi_m, min: -0.001133 at y = 4.214832
phi_m, max: -0.000000 at y = 4.210000./ phi_m, min: -0.001125 at y = 4.215168
phi_m, max: -0.000000 at y = 4.210000./ phi_m, min: -0.001117 at y = 4.215168
phi_m, max: -0.000000 at y = 4.210000./ phi_m, min: -0.001111 at y = 4.215168
phi_m, max: -0.000000 at y = 4.210000./ phi_m, min: -0.001057 at y = 4.420000


phi_m, max: -0.000000 at y = 3.971429./ phi_m, min: -0.001126 at y = 4.000000
phi_m, max: -0.000000 at y = 3.971429./ phi_m, min: -0.001135 at y = 4.210000
phi_m, max: -0.000000 at y = 3.971429./ phi_m, min: -0.001127 at y = 4.210000
phi_m, max: -0.000000 at y = 3.971429./ phi_m, min: -0.001116 at y = 4.210000
phi_m, max: -0.000000 at y = 3.971429./ phi_m, min: -0.001107 at y = 4.210000
phi_m, max: -0.000000 at y = 3.971429./ phi_m, min: -0.001099 at y = 4.210000
phi_m, max: -0.000000 at y = 3.971429./ phi_m, min: -0.001091 at y = 4.210000
phi_m, max: -0.000000 at y = 3.971429./ phi_m, min: -0.001084 at y = 4.210000
phi_m, max: 0.046448 at y = 3.885714./ phi_m, min: -0.000136 at y = 4.210000


phi_m, max: 27.072587 at y = 0.440000./ phi_m, min: 0.000000 at y = 0.430000
phi_m, max: 115.962318 at y = 0.646426./ phi_m, min: 0.000000 at y = 0.430000
phi_m, max: 107.497158 at y = 0.649413./ phi_m, min: 0.000000 at y = 0.430000
phi_m, max: 90.342674 at y = 0.650000./ phi_m, min: 0.000000 at y = 0.430000
phi_m, max: 70.397993 at y = 0.650000./ phi_m, min: 0.000000 at y = 0.430000
phi_m, max: 51.059040 at y = 0.650000./ phi_m, min: 0.000000 at y = 0.430000
phi_m, max: 33.834448 at y = 0.650000./ phi_m, min: 0.000000 at y = 0.430000
phi_m, max: 12.186847 at y = 0.650000./ phi_m, min: 0.000000 at y = 0.430000
phi_m, max: 1.438481 at y = 0.650000./ phi_m, min: -0.000000 at y = 0.430000


Steps: 9000000  Time: 0.9         

Time: 0.100000
CPU Time: 75.967054 min.
phi_m, max: -0.000000 at y = 3.131429./ phi_m, min: -0.001161 at y = 6.320000

Time: 0.200000
CPU Time: 76.078753 min.
phi_m, max: -0.000000 at y = 3.131429./ phi_m, min: -0.001170 at y = 6.320000

Time: 0.300000
CPU Time: 76.078915 min.
phi_m, max: -0.000000 at y = 3.131429./ phi_m, min: -0.001161 at y = 6.320000

Time: 0.400000
CPU Time: 75.006097 min.
phi_m, max: -0.000000 at y = 3.131429./ phi_m, min: -0.001150 at y = 6.320000

Time: 0.500000
CPU Time: 74.527973 min.
phi_m, max: -0.000000 at y = 3.131429./ phi_m, min: -0.001141 at y = 6.320000

Time: 0.600000
CPU Time: 74.751958 min.
phi_m, max: -0.000000 at y = 3.131429./ phi_m, min: -0.001132 at y = 6.320000

Time: 0.700000
CPU Time: 74.543354 min.
phi_m, max: 0.221976 at y = 3.045714./ phi_m, min: -0.001125 at y = 6.320000

Time: 0.800000
CPU Time: 74.910916 min.
phi_m, max: 96.525729 at y = 3.045714./ phi_m, min: -0.001118 at y = 6.320000

Time: 0.900000
CPU Time: 74.334826 min.
phi_m, max: 115.022059 at y = 3.168376./ phi_m, min: -0.001113 at y = 6.320000


phi_m, max: -0.000000 at y = 4.850000./ phi_m, min: -0.001153 at y = 5.055168
phi_m, max: -0.000000 at y = 4.850000./ phi_m, min: -0.001162 at y = 4.844832
phi_m, max: -0.000000 at y = 4.850000./ phi_m, min: -0.001153 at y = 4.844832
phi_m, max: -0.000000 at y = 4.850000./ phi_m, min: -0.001143 at y = 4.844832
phi_m, max: -0.000000 at y = 4.850000./ phi_m, min: -0.001133 at y = 4.844832
phi_m, max: -0.000000 at y = 4.850000./ phi_m, min: -0.001125 at y = 4.844832
phi_m, max: -0.000000 at y = 4.850000./ phi_m, min: -0.001117 at y = 4.844832
phi_m, max: -0.000000 at y = 4.850000./ phi_m, min: -0.001111 at y = 5.054832
phi_m, max: -0.000000 at y = 4.850000./ phi_m, min: -0.001106 at y = 5.055168


phi_m, max: -0.000000 at y = 4.420000./ phi_m, min: -0.001153 at y = 4.424832
phi_m, max: -0.000000 at y = 4.420000./ phi_m, min: -0.001162 at y = 4.425168
phi_m, max: -0.000000 at y = 4.420000./ phi_m, min: -0.001153 at y = 4.425168
phi_m, max: -0.000000 at y = 4.420000./ phi_m, min: -0.001143 at y = 4.425168
phi_m, max: -0.000000 at y = 4.420000./ phi_m, min: -0.001133 at y = 4.425168
phi_m, max: -0.000000 at y = 4.420000./ phi_m, min: -0.001125 at y = 4.425168
phi_m, max: -0.000000 at y = 4.420000./ phi_m, min: -0.001117 at y = 4.425168
phi_m, max: -0.000000 at y = 4.420000./ phi_m, min: -0.001111 at y = 4.425168
phi_m, max: -0.000000 at y = 4.420000./ phi_m, min: -0.001102 at y = 4.425587


phi_m, max: -0.000000 at y = 5.260000./ phi_m, min: -0.001153 at y = 5.264832
phi_m, max: -0.000000 at y = 5.260000./ phi_m, min: -0.001162 at y = 5.265168
phi_m, max: -0.000000 at y = 5.260000./ phi_m, min: -0.001153 at y = 5.265168
phi_m, max: -0.000000 at y = 5.260000./ phi_m, min: -0.001143 at y = 5.265168
phi_m, max: -0.000000 at y = 5.260000./ phi_m, min: -0.001133 at y = 5.265168
phi_m, max: -0.000000 at y = 5.260000./ phi_m, min: -0.001125 at y = 5.265168
phi_m, max: -0.000000 at y = 5.260000./ phi_m, min: -0.001117 at y = 5.265168
phi_m, max: -0.000000 at y = 5.260000./ phi_m, min: -0.001111 at y = 5.265168
phi_m, max: -0.000000 at y = 5.260000./ phi_m, min: -0.001106 at y = 5.265168


phi_m, max: -0.000000 at y = 1.480000./ phi_m, min: -0.001152 at y = 1.485168
phi_m, max: 0.005816 at y = 1.308571./ phi_m, min: -0.000962 at y = 1.518571
phi_m, max: 5.150036 at y = 1.308571./ phi_m, min: 0.000000 at y = 1.480000
phi_m, max: 115.881761 at y = 1.481624./ phi_m, min: 0.000000 at y = 1.480000
phi_m, max: 110.628864 at y = 1.489413./ phi_m, min: 0.000000 at y = 1.480000
phi_m, max: 94.697881 at y = 1.490000./ phi_m, min: 0.000000 at y = 1.480000
phi_m, max: 75.119998 at y = 1.518571./ phi_m, min: 0.000000 at y = 1.480000
phi_m, max: 55.371945 at y = 1.518571./ phi_m, min: 0.000000 at y = 1.480000
phi_m, max: 37.955804 at y = 1.518571./ phi_m, min: 0.000000 at y = 1.480000


phi_m, max: -0.000000 at y = 5.050000./ phi_m, min: -0.001153 at y = 5.055168
phi_m, max: -0.000000 at y = 5.050000./ phi_m, min: -0.001162 at y = 5.475168
phi_m, max: -0.000000 at y = 5.050000./ phi_m, min: -0.001153 at y = 5.475168
phi_m, max: -0.000000 at y = 5.050000./ phi_m, min: -0.001143 at y = 5.475168
phi_m, max: -0.000000 at y = 5.050000./ phi_m, min: -0.001133 at y = 5.475168
phi_m, max: -0.000000 at y = 5.050000./ phi_m, min: -0.001125 at y = 5.475168
phi_m, max: -0.000000 at y = 5.050000./ phi_m, min: -0.001117 at y = 5.475168
phi_m, max: -0.000000 at y = 5.050000./ phi_m, min: -0.001111 at y = 5.475168
phi_m, max: -0.000000 at y = 5.050000./ phi_m, min: -0.001106 at y = 5.475168


phi_m, max: 114.270515 at y = 0.430587./ phi_m, min: -0.001124 at y = 3.198571
phi_m, max: 112.995228 at y = 0.439413./ phi_m, min: -0.001133 at y = 3.341429
phi_m, max: 98.507055 at y = 0.440000./ phi_m, min: -0.001125 at y = 3.341429
phi_m, max: 79.334432 at y = 0.440000./ phi_m, min: -0.001114 at y = 3.341429
phi_m, max: 59.322314 at y = 0.440000./ phi_m, min: -0.001105 at y = 3.341429
phi_m, max: 41.434949 at y = 0.440000./ phi_m, min: -0.001090 at y = 3.341429
phi_m, max: 22.296643 at y = 0.440000./ phi_m, min: 0.000000 at y = 0.430000
phi_m, max: 4.480422 at y = 3.198571./ phi_m, min: 0.000000 at y = 0.430000
phi_m, max: 114.584028 at y = 3.341429./ phi_m, min: -0.112950 at y = 0.344286


phi_m, max: -0.000000 at y = 2.110000./ phi_m, min: -0.001153 at y = 2.115168
phi_m, max: -0.000000 at y = 2.110000./ phi_m, min: -0.001162 at y = 2.115168
phi_m, max: -0.000000 at y = 2.110000./ phi_m, min: -0.001146 at y = 2.116367
phi_m, max: 0.057853 at y = 1.938571./ phi_m, min: 0.000000 at y = 2.110000
phi_m, max: 49.175436 at y = 1.938571./ phi_m, min: 0.000000 at y = 2.110000
phi_m, max: 115.860600 at y = 2.117458./ phi_m, min: 0.000000 at y = 2.110000
phi_m, max: 106.118442 at y = 2.119413./ phi_m, min: 0.000000 at y = 2.110000
phi_m, max: 88.582685 at y = 2.177143./ phi_m, min: 0.000000 at y = 2.110000
phi_m, max: 68.627146 at y = 2.177143./ phi_m, min: 0.000000 at y = 2.110000


phi_m, max: 0.015271 at y = 0.860000./ phi_m, min: -0.000723 at y = 1.070000
phi_m, max: 12.013272 at y = 0.860000./ phi_m, min: 0.000000 at y = 0.888571
phi_m, max: 115.904112 at y = 1.063633./ phi_m, min: 0.000000 at y = 0.888571
phi_m, max: 109.137075 at y = 1.069413./ phi_m, min: 0.000000 at y = 0.888571
phi_m, max: 92.540970 at y = 1.070000./ phi_m, min: 0.000000 at y = 0.888571
phi_m, max: 72.734563 at y = 1.070000./ phi_m, min: 0.000000 at y = 0.888571
phi_m, max: 53.159701 at y = 1.070000./ phi_m, min: 0.000000 at y = 0.888571
phi_m, max: 35.884004 at y = 1.070000./ phi_m, min: 0.000000 at y = 0.888571
phi_m, max: 14.654216 at y = 1.070000./ phi_m, min: 0.000000 at y = 0.888571


phi_m, max: -0.000000 at y = 2.950000./ phi_m, min: -0.001153 at y = 2.954832
phi_m, max: -0.000000 at y = 2.950000./ phi_m, min: -0.001162 at y = 2.955168
phi_m, max: -0.000000 at y = 2.950000./ phi_m, min: -0.001153 at y = 2.955168
phi_m, max: -0.000000 at y = 2.950000./ phi_m, min: -0.001143 at y = 2.955168
phi_m, max: -0.000000 at y = 2.950000./ phi_m, min: -0.001131 at y = 2.955449
phi_m, max: 0.011849 at y = 2.807143./ phi_m, min: -0.000792 at y = 3.045714
phi_m, max: 9.518874 at y = 2.807143./ phi_m, min: 0.000000 at y = 2.950000
phi_m, max: 115.909075 at y = 2.953633./ phi_m, min: 0.000000 at y = 2.950000
phi_m, max: 109.405803 at y = 2.959413./ phi_m, min: 0.000000 at y = 2.950000


phi_m, max: 18.893457 at y = 0.640000./ phi_m, min: 0.000000 at y = 0.650000
phi_m, max: 115.962318 at y = 0.646426./ phi_m, min: 0.000000 at y = 0.650000
phi_m, max: 114.048495 at y = 0.859413./ phi_m, min: 0.000000 at y = 0.650000
phi_m, max: 100.508078 at y = 0.860000./ phi_m, min: 0.000000 at y = 0.650000
phi_m, max: 81.653519 at y = 0.860000./ phi_m, min: 0.000000 at y = 0.650000
phi_m, max: 61.572365 at y = 0.860000./ phi_m, min: 0.000000 at y = 0.650000
phi_m, max: 43.380144 at y = 0.860000./ phi_m, min: 0.000000 at y = 0.650000
phi_m, max: 24.950151 at y = 0.860000./ phi_m, min: 0.000000 at y = 0.650000
phi_m, max: 5.252657 at y = 0.860000./ phi_m, min: 0.000000 at y = 0.650000


phi_m, max: -0.000000 at y = 2.358571./ phi_m, min: -0.001153 at y = 2.535168
phi_m, max: -0.000000 at y = 2.358571./ phi_m, min: -0.001162 at y = 2.535168
phi_m, max: -0.000000 at y = 2.358571./ phi_m, min: -0.001153 at y = 2.535168
phi_m, max: -0.000000 at y = 2.358571./ phi_m, min: -0.001139 at y = 2.535587
phi_m, max: 0.027657 at y = 2.387143./ phi_m, min: -0.000395 at y = 2.597143
phi_m, max: 21.375315 at y = 2.387143./ phi_m, min: 0.000000 at y = 2.358571
phi_m, max: 115.959152 at y = 2.536426./ phi_m, min: 0.000000 at y = 2.358571
phi_m, max: 107.815821 at y = 2.539413./ phi_m, min: 0.000000 at y = 2.358571
phi_m, max: 90.799157 at y = 2.597143./ phi_m, min: 0.000000 at y = 2.358571


phi_m, max: -0.000000 at y = 5.928571./ phi_m, min: -0.001153 at y = 6.105168
phi_m, max: -0.000000 at y = 5.928571./ phi_m, min: -0.001162 at y = 6.105168
phi_m, max: -0.000000 at y = 5.928571./ phi_m, min: -0.001154 at y = 6.105168
phi_m, max: -0.000000 at y = 5.928571./ phi_m, min: -0.001143 at y = 6.105168
phi_m, max: -0.000000 at y = 5.928571./ phi_m, min: -0.001133 at y = 6.105168
phi_m, max: -0.000000 at y = 5.928571./ phi_m, min: -0.001125 at y = 6.105168
phi_m, max: -0.000000 at y = 5.928571./ phi_m, min: -0.001118 at y = 6.105168
phi_m, max: -0.000000 at y = 5.928571./ phi_m, min: -0.001111 at y = 6.105168
phi_m, max: -0.000000 at y = 5.928571./ phi_m, min: -0.001106 at y = 6.105168


phi_m, max: -0.000000 at y = 6.310000./ phi_m, min: -0.001162 at y = 6.318213
phi_m, max: -0.000000 at y = 6.310000./ phi_m, min: -0.001171 at y = 6.318213
phi_m, max: -0.000000 at y = 6.310000./ phi_m, min: -0.001162 at y = 6.318213
phi_m, max: -0.000000 at y = 6.310000./ phi_m, min: -0.001152 at y = 6.318213
phi_m, max: -0.000000 at y = 6.310000./ phi_m, min: -0.001142 at y = 6.318213
phi_m, max: -0.000000 at y = 6.310000./ phi_m, min: -0.001133 at y = 6.318213
phi_m, max: -0.000000 at y = 6.310000./ phi_m, min: -0.001126 at y = 6.318213
phi_m, max: -0.000000 at y = 6.310000./ phi_m, min: -0.001120 at y = 6.318213
phi_m, max: -0.000000 at y = 6.310000./ phi_m, min: -0.001114 at y = 6.318213


phi_m, max: -0.000000 at y = 2.320000./ phi_m, min: -0.001153 at y = 2.324832
phi_m, max: -0.000000 at y = 2.320000./ phi_m, min: -0.001162 at y = 2.325168
phi_m, max: -0.000000 at y = 2.320000./ phi_m, min: -0.001153 at y = 2.325168
phi_m, max: 0.000273 at y = 2.177143./ phi_m, min: -0.001080 at y = 2.415714
phi_m, max: 1.166355 at y = 2.177143./ phi_m, min: 0.000000 at y = 2.320000
phi_m, max: 113.944591 at y = 2.177143./ phi_m, min: 0.000000 at y = 2.320000
phi_m, max: 113.192391 at y = 2.329413./ phi_m, min: 0.000000 at y = 2.320000
phi_m, max: 98.972318 at y = 2.415714./ phi_m, min: 0.000000 at y = 2.320000
phi_m, max: 79.987674 at y = 2.415714./ phi_m, min: 0.000000 at y = 2.320000


phi_m, max: -0.000000 at y = 5.480000./ phi_m, min: -0.001153 at y = 5.685168
phi_m, max: -0.000000 at y = 5.480000./ phi_m, min: -0.001162 at y = 5.685168
phi_m, max: -0.000000 at y = 5.480000./ phi_m, min: -0.001153 at y = 5.685168
phi_m, max: -0.000000 at y = 5.480000./ phi_m, min: -0.001143 at y = 5.685168
phi_m, max: -0.000000 at y = 5.480000./ phi_m, min: -0.001133 at y = 5.685168
phi_m, max: -0.000000 at y = 5.480000./ phi_m, min: -0.001125 at y = 5.685168
phi_m, max: -0.000000 at y = 5.480000./ phi_m, min: -0.001117 at y = 5.685168
phi_m, max: -0.000000 at y = 5.480000./ phi_m, min: -0.001111 at y = 5.685168
phi_m, max: -0.000000 at y = 5.480000./ phi_m, min: -0.001106 at y = 5.685168


phi_m, max: -0.000000 at y = 1.518571./ phi_m, min: -0.001153 at y = 1.695168
phi_m, max: -0.000000 at y = 1.518571./ phi_m, min: -0.001147 at y = 1.696787
phi_m, max: 0.131643 at y = 1.490000./ phi_m, min: 0.000000 at y = 1.518571
phi_m, max: 83.454072 at y = 1.490000./ phi_m, min: 0.000000 at y = 1.518571
phi_m, max: 115.553562 at y = 1.698376./ phi_m, min: 0.000000 at y = 1.518571
phi_m, max: 104.324704 at y = 1.699413./ phi_m, min: 0.000000 at y = 1.518571
phi_m, max: 86.263429 at y = 1.728571./ phi_m, min: 0.000000 at y = 1.518571
phi_m, max: 66.214197 at y = 1.728571./ phi_m, min: 0.000000 at y = 1.518571
phi_m, max: 47.401587 at y = 1.728571./ phi_m, min: 0.000000 at y = 1.518571


phi_m, max: -0.000000 at y = 5.690000./ phi_m, min: -0.001153 at y = 5.895168
phi_m, max: -0.000000 at y = 5.690000./ phi_m, min: -0.001162 at y = 5.895168
phi_m, max: -0.000000 at y = 5.690000./ phi_m, min: -0.001153 at y = 5.895168
phi_m, max: -0.000000 at y = 5.690000./ phi_m, min: -0.001143 at y = 5.895168
phi_m, max: -0.000000 at y = 5.690000./ phi_m, min: -0.001133 at y = 5.895168
phi_m, max: -0.000000 at y = 5.690000./ phi_m, min: -0.001125 at y = 5.895168
phi_m, max: -0.000000 at y = 5.690000./ phi_m, min: -0.001117 at y = 5.895168
phi_m, max: -0.000000 at y = 5.690000./ phi_m, min: -0.001111 at y = 5.895168
phi_m, max: -0.000000 at y = 5.690000./ phi_m, min: -0.001106 at y = 5.895168


phi_m, max: 112.624926 at y = 0.018213./ phi_m, min: 0.000000 at y = -0.010000
phi_m, max: 97.591567 at y = 0.018213./ phi_m, min: 0.000000 at y = -0.010000
phi_m, max: 78.306002 at y = 0.134286./ phi_m, min: 0.000000 at y = -0.010000
phi_m, max: 58.476535 at y = 0.134286./ phi_m, min: 0.000000 at y = -0.010000
phi_m, max: 40.847335 at y = 0.134286./ phi_m, min: 0.000000 at y = -0.010000
phi_m, max: 22.173906 at y = 0.134286./ phi_m, min: 0.000000 at y = -0.010000
phi_m, max: 4.093920 at y = 0.134286./ phi_m, min: 0.000000 at y = -0.010000
phi_m, max: 0.290113 at y = 0.006787./ phi_m, min: 0.000000 at y = -0.010000
phi_m, max: -0.000000 at y = -0.010000./ phi_m, min: -0.210813 at y = 0.134286


phi_m, max: -0.000000 at y = 3.580000./ phi_m, min: -0.001153 at y = 3.584832
phi_m, max: -0.000000 at y = 3.580000./ phi_m, min: -0.001162 at y = 3.585168
phi_m, max: -0.000000 at y = 3.580000./ phi_m, min: -0.001153 at y = 3.585168
phi_m, max: -0.000000 at y = 3.580000./ phi_m, min: -0.001143 at y = 3.585168
phi_m, max: -0.000000 at y = 3.580000./ phi_m, min: -0.001133 at y = 3.585168
phi_m, max: -0.000000 at y = 3.580000./ phi_m, min: -0.001125 at y = 3.585168
phi_m, max: -0.000000 at y = 3.580000./ phi_m, min: -0.001104 at y = 3.586787
phi_m, max: 0.084311 at y = 3.551429./ phi_m, min: 0.000000 at y = 3.580000
phi_m, max: 61.606778 at y = 3.551429./ phi_m, min: 0.000000 at y = 3.580000


Writing: "Fiber2DEphapticPlaneL6Isolated_9.chk"
 (0.00201225s, XML)
phi_m, max: 112.624926 at y = 0.018213./ phi_m, min: 0.000000 at y = -0.010000
phi_m, max: 97.591567 at y = 0.018213./ phi_m, min: 0.000000 at y = -0.010000
phi_m, max: 78.306002 at y = 0.134286./ phi_m, min: 0.000000 at y = -0.010000
phi_m, max: 58.476535 at y = 0.134286./ phi_m, min: 0.000000 at y = -0.010000
phi_m, max: 40.847335 at y = 0.134286./ phi_m, min: 0.000000 at y = -0.010000
phi_m, max: 22.173906 at y = 0.134286./ phi_m, min: 0.000000 at y = -0.010000
phi_m, max: 4.093920 at y = 0.134286./ phi_m, min: 0.000000 at y = -0.010000
phi_m, max: 0.290113 at y = 0.006787./ phi_m, min: 0.000000 at y = -0.010000
phi_m, max: -0.000000 at y = -0.010000./ phi_m, min: -0.210813 at y = 0.134286
phi_m, max: -0.000000 at y = -0.010000./ phi_m, min: -0.366509 at y = 0.134286


phi_m, max: 27.072587 at y = 0.440000./ phi_m, min: 0.000000 at y = 0.430000
phi_m, max: 115.962318 at y = 0.646426./ phi_m, min: 0.000000 at y = 0.430000
phi_m, max: 107.497158 at y = 0.649413./ phi_m, min: 0.000000 at y = 0.430000
phi_m, max: 90.342674 at y = 0.650000./ phi_m, min: 0.000000 at y = 0.430000
phi_m, max: 70.397993 at y = 0.650000./ phi_m, min: 0.000000 at y = 0.430000
phi_m, max: 51.059040 at y = 0.650000./ phi_m, min: 0.000000 at y = 0.430000
phi_m, max: 33.834448 at y = 0.650000./ phi_m, min: 0.000000 at y = 0.430000
phi_m, max: 12.186847 at y = 0.650000./ phi_m, min: 0.000000 at y = 0.430000
phi_m, max: 1.438481 at y = 0.650000./ phi_m, min: -0.000000 at y = 0.430000
phi_m, max: -0.000000 at y = 0.430000./ phi_m, min: -0.254718 at y = 0.440000


phi_m, max: -0.000000 at y = 4.640000./ phi_m, min: -0.001153 at y = 4.634832
phi_m, max: -0.000000 at y = 4.640000./ phi_m, min: -0.001162 at y = 4.635168
phi_m, max: -0.000000 at y = 4.640000./ phi_m, min: -0.001153 at y = 4.635168
phi_m, max: -0.000000 at y = 4.640000./ phi_m, min: -0.001143 at y = 4.635168
phi_m, max: -0.000000 at y = 4.640000./ phi_m, min: -0.001133 at y = 4.635168
phi_m, max: -0.000000 at y = 4.640000./ phi_m, min: -0.001125 at y = 4.635168
phi_m, max: -0.000000 at y = 4.640000./ phi_m, min: -0.001117 at y = 4.635168
phi_m, max: -0.000000 at y = 4.640000./ phi_m, min: -0.001111 at y = 4.635168
phi_m, max: -0.000000 at y = 4.640000./ phi_m, min: -0.001105 at y = 4.635168
phi_m, max: -0.000000 at y = 4.640000./ phi_m, min: -0.001064 at y = 4.638825


phi_m, max: -0.000000 at y = 1.270000./ phi_m, min: -0.001127 at y = 1.278213
phi_m, max: 0.294549 at y = 1.070000./ phi_m, min: 0.000000 at y = 1.270000
phi_m, max: 104.482222 at y = 1.070000./ phi_m, min: 0.000000 at y = 1.270000
phi_m, max: 114.883380 at y = 1.278376./ phi_m, min: 0.000000 at y = 1.270000
phi_m, max: 102.444573 at y = 1.279413./ phi_m, min: 0.000000 at y = 1.270000
phi_m, max: 83.985286 at y = 1.308571./ phi_m, min: 0.000000 at y = 1.270000
phi_m, max: 63.914494 at y = 1.308571./ phi_m, min: 0.000000 at y = 1.270000
phi_m, max: 45.412957 at y = 1.308571./ phi_m, min: 0.000000 at y = 1.270000
phi_m, max: 27.604317 at y = 1.308571./ phi_m, min: 0.000000 at y = 1.270000
phi_m, max: 6.773419 at y = 1.308571./ phi_m, min: 0.000000 at y = 1.270000


phi_m, max: -0.000000 at y = 3.370000./ phi_m, min: -0.001153 at y = 3.375168
phi_m, max: -0.000000 at y = 3.370000./ phi_m, min: -0.001162 at y = 3.374832
phi_m, max: -0.000000 at y = 3.370000./ phi_m, min: -0.001153 at y = 3.374832
phi_m, max: -0.000000 at y = 3.370000./ phi_m, min: -0.001143 at y = 3.375168
phi_m, max: -0.000000 at y = 3.370000./ phi_m, min: -0.001133 at y = 3.375168
phi_m, max: -0.000000 at y = 3.370000./ phi_m, min: -0.001124 at y = 3.375168
phi_m, max: 0.003593 at y = 3.341429./ phi_m, min: -0.000974 at y = 3.551429
phi_m, max: 3.468323 at y = 3.341429./ phi_m, min: 0.000000 at y = 3.370000
phi_m, max: 115.812488 at y = 3.371624./ phi_m, min: 0.000000 at y = 3.370000
phi_m, max: 111.118954 at y = 3.551429./ phi_m, min: 0.000000 at y = 3.370000


phi_m, max: -0.000000 at y = 2.740000./ phi_m, min: -0.001153 at y = 2.744832
phi_m, max: -0.000000 at y = 2.740000./ phi_m, min: -0.001162 at y = 2.745168
phi_m, max: -0.000000 at y = 2.740000./ phi_m, min: -0.001153 at y = 2.745168
phi_m, max: -0.000000 at y = 2.740000./ phi_m, min: -0.001143 at y = 2.745168
phi_m, max: -0.000000 at y = 2.740000./ phi_m, min: -0.001093 at y = 2.748825
phi_m, max: 0.524967 at y = 2.597143./ phi_m, min: 0.000000 at y = 2.740000
phi_m, max: 110.624607 at y = 2.597143./ phi_m, min: 0.000000 at y = 2.740000
phi_m, max: 114.210398 at y = 2.749413./ phi_m, min: 0.000000 at y = 2.740000
phi_m, max: 100.939700 at y = 2.835714./ phi_m, min: 0.000000 at y = 2.740000
phi_m, max: 82.293646 at y = 2.835714./ phi_m, min: 0.000000 at y = 2.740000


phi_m, max: -0.000000 at y = 1.900000./ phi_m, min: -0.001153 at y = 1.905168
phi_m, max: -0.000000 at y = 1.900000./ phi_m, min: -0.001162 at y = 1.905168
phi_m, max: 0.001996 at y = 1.728571./ phi_m, min: -0.001050 at y = 1.963787
phi_m, max: 2.391697 at y = 1.728571./ phi_m, min: 0.000000 at y = 1.900000
phi_m, max: 115.332297 at y = 1.900587./ phi_m, min: 0.000000 at y = 1.900000
phi_m, max: 111.987642 at y = 1.909413./ phi_m, min: 0.000000 at y = 1.900000
phi_m, max: 96.831898 at y = 1.963787./ phi_m, min: 0.000000 at y = 1.900000
phi_m, max: 77.525785 at y = 1.963787./ phi_m, min: 0.000000 at y = 1.900000
phi_m, max: 57.643122 at y = 1.963787./ phi_m, min: 0.000000 at y = 1.900000
phi_m, max: 39.994060 at y = 1.963787./ phi_m, min: 0.000000 at y = 1.900000


phi_m, max: 115.829979 at y = 0.228213./ phi_m, min: 0.000000 at y = 0.220000
phi_m, max: 105.912401 at y = 0.344286./ phi_m, min: 0.000000 at y = 0.220000
phi_m, max: 88.488870 at y = 0.344286./ phi_m, min: 0.000000 at y = 0.220000
phi_m, max: 68.543274 at y = 0.344286./ phi_m, min: 0.000000 at y = 0.220000
phi_m, max: 49.456652 at y = 0.344286./ phi_m, min: 0.000000 at y = 0.220000
phi_m, max: 32.251607 at y = 0.344286./ phi_m, min: 0.000000 at y = 0.220000
phi_m, max: 10.619790 at y = 0.344286./ phi_m, min: 0.000000 at y = 0.220000
phi_m, max: 1.168794 at y = 0.344286./ phi_m, min: 0.000000 at y = 0.220000
phi_m, max: -0.000000 at y = 0.220000./ phi_m, min: -0.218211 at y = 0.221175
phi_m, max: -0.000000 at y = 0.220000./ phi_m, min: -0.379595 at y = 0.221787


phi_m, max: -0.000000 at y = 3.790000./ phi_m, min: -0.001153 at y = 4.004832
phi_m, max: -0.000000 at y = 3.790000./ phi_m, min: -0.001162 at y = 3.794832
phi_m, max: -0.000000 at y = 3.790000./ phi_m, min: -0.001153 at y = 3.794832
phi_m, max: -0.000000 at y = 3.790000./ phi_m, min: -0.001143 at y = 3.794832
phi_m, max: -0.000000 at y = 3.790000./ phi_m, min: -0.001133 at y = 4.005168
phi_m, max: -0.000000 at y = 3.790000./ phi_m, min: -0.001125 at y = 4.005168
phi_m, max: -0.000000 at y = 3.790000./ phi_m, min: -0.001117 at y = 4.005168
phi_m, max: 0.001019 at y = 3.761429./ phi_m, min: -0.001104 at y = 4.006367
phi_m, max: 1.643203 at y = 3.761429./ phi_m, min: 0.000000 at y = 3.790000
phi_m, max: 115.222757 at y = 3.790587./ phi_m, min: 0.000000 at y = 3.790000


phi_m, max: -0.000000 at y = 4.210000./ phi_m, min: -0.001153 at y = 4.215168
phi_m, max: -0.000000 at y = 4.210000./ phi_m, min: -0.001162 at y = 4.214832
phi_m, max: -0.000000 at y = 4.210000./ phi_m, min: -0.001153 at y = 4.214832
phi_m, max: -0.000000 at y = 4.210000./ phi_m, min: -0.001143 at y = 4.214832
phi_m, max: -0.000000 at y = 4.210000./ phi_m, min: -0.001133 at y = 4.214832
phi_m, max: -0.000000 at y = 4.210000./ phi_m, min: -0.001125 at y = 4.215168
phi_m, max: -0.000000 at y = 4.210000./ phi_m, min: -0.001117 at y = 4.215168
phi_m, max: -0.000000 at y = 4.210000./ phi_m, min: -0.001111 at y = 4.215168
phi_m, max: -0.000000 at y = 4.210000./ phi_m, min: -0.001057 at y = 4.420000
phi_m, max: 0.785040 at y = 4.210000./ phi_m, min: 0.000000 at y = 4.210000


phi_m, max: -0.000000 at y = 3.971429./ phi_m, min: -0.001126 at y = 4.000000
phi_m, max: -0.000000 at y = 3.971429./ phi_m, min: -0.001135 at y = 4.210000
phi_m, max: -0.000000 at y = 3.971429./ phi_m, min: -0.001127 at y = 4.210000
phi_m, max: -0.000000 at y = 3.971429./ phi_m, min: -0.001116 at y = 4.210000
phi_m, max: -0.000000 at y = 3.971429./ phi_m, min: -0.001107 at y = 4.210000
phi_m, max: -0.000000 at y = 3.971429./ phi_m, min: -0.001099 at y = 4.210000
phi_m, max: -0.000000 at y = 3.971429./ phi_m, min: -0.001091 at y = 4.210000
phi_m, max: -0.000000 at y = 3.971429./ phi_m, min: -0.001084 at y = 4.210000
phi_m, max: 0.046448 at y = 3.885714./ phi_m, min: -0.000136 at y = 4.210000
phi_m, max: 39.483976 at y = 3.885714./ phi_m, min: 0.000000 at y = 3.971429


Steps: 10000000 Time: 1           

Time: 0.100000
CPU Time: 75.967054 min.
phi_m, max: -0.000000 at y = 3.131429./ phi_m, min: -0.001161 at y = 6.320000

Time: 0.200000
CPU Time: 76.078753 min.
phi_m, max: -0.000000 at y = 3.131429./ phi_m, min: -0.001170 at y = 6.320000

Time: 0.300000
CPU Time: 76.078915 min.
phi_m, max: -0.000000 at y = 3.131429./ phi_m, min: -0.001161 at y = 6.320000

Time: 0.400000
CPU Time: 75.006097 min.
phi_m, max: -0.000000 at y = 3.131429./ phi_m, min: -0.001150 at y = 6.320000

Time: 0.500000
CPU Time: 74.527973 min.
phi_m, max: -0.000000 at y = 3.131429./ phi_m, min: -0.001141 at y = 6.320000

Time: 0.600000
CPU Time: 74.751958 min.
phi_m, max: -0.000000 at y = 3.131429./ phi_m, min: -0.001132 at y = 6.320000

Time: 0.700000
CPU Time: 74.543354 min.
phi_m, max: 0.221976 at y = 3.045714./ phi_m, min: -0.001125 at y = 6.320000

Time: 0.800000
CPU Time: 74.910916 min.
phi_m, max: 96.525729 at y = 3.045714./ phi_m, min: -0.001118 at y = 6.320000

Time: 0.900000
CPU Time: 74.334826 min.
phi_m, max: 115.022059 at y = 3.168376./ phi_m, min: -0.001113 at y = 6.320000

Time: 1.000000
CPU Time: 74.162983 min.
phi_m, max: 102.777951 at y = 3.169413./ phi_m, min: -0.001108 at y = 6.320000


phi_m, max: -0.000000 at y = 3.580000./ phi_m, min: -0.001153 at y = 3.584832
phi_m, max: -0.000000 at y = 3.580000./ phi_m, min: -0.001162 at y = 3.585168
phi_m, max: -0.000000 at y = 3.580000./ phi_m, min: -0.001153 at y = 3.585168
phi_m, max: -0.000000 at y = 3.580000./ phi_m, min: -0.001143 at y = 3.585168
phi_m, max: -0.000000 at y = 3.580000./ phi_m, min: -0.001133 at y = 3.585168
phi_m, max: -0.000000 at y = 3.580000./ phi_m, min: -0.001125 at y = 3.585168
phi_m, max: -0.000000 at y = 3.580000./ phi_m, min: -0.001104 at y = 3.586787
phi_m, max: 0.084311 at y = 3.551429./ phi_m, min: 0.000000 at y = 3.580000
phi_m, max: 61.606778 at y = 3.551429./ phi_m, min: 0.000000 at y = 3.580000
phi_m, max: 115.633616 at y = 3.588376./ phi_m, min: 0.000000 at y = 3.580000


phi_m, max: -0.000000 at y = 4.850000./ phi_m, min: -0.001153 at y = 5.055168
phi_m, max: -0.000000 at y = 4.850000./ phi_m, min: -0.001162 at y = 4.844832
phi_m, max: -0.000000 at y = 4.850000./ phi_m, min: -0.001153 at y = 4.844832
phi_m, max: -0.000000 at y = 4.850000./ phi_m, min: -0.001143 at y = 4.844832
phi_m, max: -0.000000 at y = 4.850000./ phi_m, min: -0.001133 at y = 4.844832
phi_m, max: -0.000000 at y = 4.850000./ phi_m, min: -0.001125 at y = 4.844832
phi_m, max: -0.000000 at y = 4.850000./ phi_m, min: -0.001117 at y = 4.844832
phi_m, max: -0.000000 at y = 4.850000./ phi_m, min: -0.001111 at y = 5.054832
phi_m, max: -0.000000 at y = 4.850000./ phi_m, min: -0.001106 at y = 5.055168
phi_m, max: -0.000000 at y = 4.850000./ phi_m, min: -0.001101 at y = 5.055168


phi_m, max: -0.000000 at y = 4.420000./ phi_m, min: -0.001153 at y = 4.424832
phi_m, max: -0.000000 at y = 4.420000./ phi_m, min: -0.001162 at y = 4.425168
phi_m, max: -0.000000 at y = 4.420000./ phi_m, min: -0.001153 at y = 4.425168
phi_m, max: -0.000000 at y = 4.420000./ phi_m, min: -0.001143 at y = 4.425168
phi_m, max: -0.000000 at y = 4.420000./ phi_m, min: -0.001133 at y = 4.425168
phi_m, max: -0.000000 at y = 4.420000./ phi_m, min: -0.001125 at y = 4.425168
phi_m, max: -0.000000 at y = 4.420000./ phi_m, min: -0.001117 at y = 4.425168
phi_m, max: -0.000000 at y = 4.420000./ phi_m, min: -0.001111 at y = 4.425168
phi_m, max: -0.000000 at y = 4.420000./ phi_m, min: -0.001102 at y = 4.425587
phi_m, max: 0.019432 at y = 4.391429./ phi_m, min: -0.000599 at y = 4.630000


phi_m, max: -0.000000 at y = 5.260000./ phi_m, min: -0.001153 at y = 5.264832
phi_m, max: -0.000000 at y = 5.260000./ phi_m, min: -0.001162 at y = 5.265168
phi_m, max: -0.000000 at y = 5.260000./ phi_m, min: -0.001153 at y = 5.265168
phi_m, max: -0.000000 at y = 5.260000./ phi_m, min: -0.001143 at y = 5.265168
phi_m, max: -0.000000 at y = 5.260000./ phi_m, min: -0.001133 at y = 5.265168
phi_m, max: -0.000000 at y = 5.260000./ phi_m, min: -0.001125 at y = 5.265168
phi_m, max: -0.000000 at y = 5.260000./ phi_m, min: -0.001117 at y = 5.265168
phi_m, max: -0.000000 at y = 5.260000./ phi_m, min: -0.001111 at y = 5.265168
phi_m, max: -0.000000 at y = 5.260000./ phi_m, min: -0.001106 at y = 5.265168
phi_m, max: -0.000000 at y = 5.260000./ phi_m, min: -0.001101 at y = 5.265168


phi_m, max: -0.000000 at y = 1.480000./ phi_m, min: -0.001152 at y = 1.485168
phi_m, max: 0.005816 at y = 1.308571./ phi_m, min: -0.000962 at y = 1.518571
phi_m, max: 5.150036 at y = 1.308571./ phi_m, min: 0.000000 at y = 1.480000
phi_m, max: 115.881761 at y = 1.481624./ phi_m, min: 0.000000 at y = 1.480000
phi_m, max: 110.628864 at y = 1.489413./ phi_m, min: 0.000000 at y = 1.480000
phi_m, max: 94.697881 at y = 1.490000./ phi_m, min: 0.000000 at y = 1.480000
phi_m, max: 75.119998 at y = 1.518571./ phi_m, min: 0.000000 at y = 1.480000
phi_m, max: 55.371945 at y = 1.518571./ phi_m, min: 0.000000 at y = 1.480000
phi_m, max: 37.955804 at y = 1.518571./ phi_m, min: 0.000000 at y = 1.480000
phi_m, max: 17.479702 at y = 1.518571./ phi_m, min: 0.000000 at y = 1.480000


phi_m, max: -0.000000 at y = 5.050000./ phi_m, min: -0.001153 at y = 5.055168
phi_m, max: -0.000000 at y = 5.050000./ phi_m, min: -0.001162 at y = 5.475168
phi_m, max: -0.000000 at y = 5.050000./ phi_m, min: -0.001153 at y = 5.475168
phi_m, max: -0.000000 at y = 5.050000./ phi_m, min: -0.001143 at y = 5.475168
phi_m, max: -0.000000 at y = 5.050000./ phi_m, min: -0.001133 at y = 5.475168
phi_m, max: -0.000000 at y = 5.050000./ phi_m, min: -0.001125 at y = 5.475168
phi_m, max: -0.000000 at y = 5.050000./ phi_m, min: -0.001117 at y = 5.475168
phi_m, max: -0.000000 at y = 5.050000./ phi_m, min: -0.001111 at y = 5.475168
phi_m, max: -0.000000 at y = 5.050000./ phi_m, min: -0.001106 at y = 5.475168
phi_m, max: -0.000000 at y = 5.050000./ phi_m, min: -0.001101 at y = 5.475168


phi_m, max: 114.270515 at y = 0.430587./ phi_m, min: -0.001124 at y = 3.198571
phi_m, max: 112.995228 at y = 0.439413./ phi_m, min: -0.001133 at y = 3.341429
phi_m, max: 98.507055 at y = 0.440000./ phi_m, min: -0.001125 at y = 3.341429
phi_m, max: 79.334432 at y = 0.440000./ phi_m, min: -0.001114 at y = 3.341429
phi_m, max: 59.322314 at y = 0.440000./ phi_m, min: -0.001105 at y = 3.341429
phi_m, max: 41.434949 at y = 0.440000./ phi_m, min: -0.001090 at y = 3.341429
phi_m, max: 22.296643 at y = 0.440000./ phi_m, min: 0.000000 at y = 0.430000
phi_m, max: 4.480422 at y = 3.198571./ phi_m, min: 0.000000 at y = 0.430000
phi_m, max: 114.584028 at y = 3.341429./ phi_m, min: -0.112950 at y = 0.344286
phi_m, max: 103.430016 at y = 3.341429./ phi_m, min: -0.342296 at y = 0.344286


phi_m, max: -0.000000 at y = 2.110000./ phi_m, min: -0.001153 at y = 2.115168
phi_m, max: -0.000000 at y = 2.110000./ phi_m, min: -0.001162 at y = 2.115168
phi_m, max: -0.000000 at y = 2.110000./ phi_m, min: -0.001146 at y = 2.116367
phi_m, max: 0.057853 at y = 1.938571./ phi_m, min: 0.000000 at y = 2.110000
phi_m, max: 49.175436 at y = 1.938571./ phi_m, min: 0.000000 at y = 2.110000
phi_m, max: 115.860600 at y = 2.117458./ phi_m, min: 0.000000 at y = 2.110000
phi_m, max: 106.118442 at y = 2.119413./ phi_m, min: 0.000000 at y = 2.110000
phi_m, max: 88.582685 at y = 2.177143./ phi_m, min: 0.000000 at y = 2.110000
phi_m, max: 68.627146 at y = 2.177143./ phi_m, min: 0.000000 at y = 2.110000
phi_m, max: 49.523746 at y = 2.177143./ phi_m, min: 0.000000 at y = 2.110000


phi_m, max: 0.015271 at y = 0.860000./ phi_m, min: -0.000723 at y = 1.070000
phi_m, max: 12.013272 at y = 0.860000./ phi_m, min: 0.000000 at y = 0.888571
phi_m, max: 115.904112 at y = 1.063633./ phi_m, min: 0.000000 at y = 0.888571
phi_m, max: 109.137075 at y = 1.069413./ phi_m, min: 0.000000 at y = 0.888571
phi_m, max: 92.540970 at y = 1.070000./ phi_m, min: 0.000000 at y = 0.888571
phi_m, max: 72.734563 at y = 1.070000./ phi_m, min: 0.000000 at y = 0.888571
phi_m, max: 53.159701 at y = 1.070000./ phi_m, min: 0.000000 at y = 0.888571
phi_m, max: 35.884004 at y = 1.070000./ phi_m, min: 0.000000 at y = 0.888571
phi_m, max: 14.654216 at y = 1.070000./ phi_m, min: 0.000000 at y = 0.888571
phi_m, max: 1.922336 at y = 1.070000./ phi_m, min: 0.000000 at y = 0.888571


phi_m, max: -0.000000 at y = 2.950000./ phi_m, min: -0.001153 at y = 2.954832
phi_m, max: -0.000000 at y = 2.950000./ phi_m, min: -0.001162 at y = 2.955168
phi_m, max: -0.000000 at y = 2.950000./ phi_m, min: -0.001153 at y = 2.955168
phi_m, max: -0.000000 at y = 2.950000./ phi_m, min: -0.001143 at y = 2.955168
phi_m, max: -0.000000 at y = 2.950000./ phi_m, min: -0.001131 at y = 2.955449
phi_m, max: 0.011849 at y = 2.807143./ phi_m, min: -0.000792 at y = 3.045714
phi_m, max: 9.518874 at y = 2.807143./ phi_m, min: 0.000000 at y = 2.950000
phi_m, max: 115.909075 at y = 2.953633./ phi_m, min: 0.000000 at y = 2.950000
phi_m, max: 109.405803 at y = 2.959413./ phi_m, min: 0.000000 at y = 2.950000
phi_m, max: 93.087542 at y = 3.045714./ phi_m, min: 0.000000 at y = 2.950000


phi_m, max: 18.893457 at y = 0.640000./ phi_m, min: 0.000000 at y = 0.650000
phi_m, max: 115.962318 at y = 0.646426./ phi_m, min: 0.000000 at y = 0.650000
phi_m, max: 114.048495 at y = 0.859413./ phi_m, min: 0.000000 at y = 0.650000
phi_m, max: 100.508078 at y = 0.860000./ phi_m, min: 0.000000 at y = 0.650000
phi_m, max: 81.653519 at y = 0.860000./ phi_m, min: 0.000000 at y = 0.650000
phi_m, max: 61.572365 at y = 0.860000./ phi_m, min: 0.000000 at y = 0.650000
phi_m, max: 43.380144 at y = 0.860000./ phi_m, min: 0.000000 at y = 0.650000
phi_m, max: 24.950151 at y = 0.860000./ phi_m, min: 0.000000 at y = 0.650000
phi_m, max: 5.252657 at y = 0.860000./ phi_m, min: 0.000000 at y = 0.650000
phi_m, max: 0.387205 at y = 0.860000./ phi_m, min: -0.241736 at y = 0.640000


phi_m, max: -0.000000 at y = 2.358571./ phi_m, min: -0.001153 at y = 2.535168
phi_m, max: -0.000000 at y = 2.358571./ phi_m, min: -0.001162 at y = 2.535168
phi_m, max: -0.000000 at y = 2.358571./ phi_m, min: -0.001153 at y = 2.535168
phi_m, max: -0.000000 at y = 2.358571./ phi_m, min: -0.001139 at y = 2.535587
phi_m, max: 0.027657 at y = 2.387143./ phi_m, min: -0.000395 at y = 2.597143
phi_m, max: 21.375315 at y = 2.387143./ phi_m, min: 0.000000 at y = 2.358571
phi_m, max: 115.959152 at y = 2.536426./ phi_m, min: 0.000000 at y = 2.358571
phi_m, max: 107.815821 at y = 2.539413./ phi_m, min: 0.000000 at y = 2.358571
phi_m, max: 90.799157 at y = 2.597143./ phi_m, min: 0.000000 at y = 2.358571
phi_m, max: 70.952776 at y = 2.597143./ phi_m, min: 0.000000 at y = 2.358571


phi_m, max: -0.000000 at y = 5.928571./ phi_m, min: -0.001153 at y = 6.105168
phi_m, max: -0.000000 at y = 5.928571./ phi_m, min: -0.001162 at y = 6.105168
phi_m, max: -0.000000 at y = 5.928571./ phi_m, min: -0.001154 at y = 6.105168
phi_m, max: -0.000000 at y = 5.928571./ phi_m, min: -0.001143 at y = 6.105168
phi_m, max: -0.000000 at y = 5.928571./ phi_m, min: -0.001133 at y = 6.105168
phi_m, max: -0.000000 at y = 5.928571./ phi_m, min: -0.001125 at y = 6.105168
phi_m, max: -0.000000 at y = 5.928571./ phi_m, min: -0.001118 at y = 6.105168
phi_m, max: -0.000000 at y = 5.928571./ phi_m, min: -0.001111 at y = 6.105168
phi_m, max: -0.000000 at y = 5.928571./ phi_m, min: -0.001106 at y = 6.105168
phi_m, max: -0.000000 at y = 5.928571./ phi_m, min: -0.001101 at y = 6.105168


phi_m, max: -0.000000 at y = 6.310000./ phi_m, min: -0.001162 at y = 6.318213
phi_m, max: -0.000000 at y = 6.310000./ phi_m, min: -0.001171 at y = 6.318213
phi_m, max: -0.000000 at y = 6.310000./ phi_m, min: -0.001162 at y = 6.318213
phi_m, max: -0.000000 at y = 6.310000./ phi_m, min: -0.001152 at y = 6.318213
phi_m, max: -0.000000 at y = 6.310000./ phi_m, min: -0.001142 at y = 6.318213
phi_m, max: -0.000000 at y = 6.310000./ phi_m, min: -0.001133 at y = 6.318213
phi_m, max: -0.000000 at y = 6.310000./ phi_m, min: -0.001126 at y = 6.318213
phi_m, max: -0.000000 at y = 6.310000./ phi_m, min: -0.001120 at y = 6.318213
phi_m, max: -0.000000 at y = 6.310000./ phi_m, min: -0.001114 at y = 6.318213
phi_m, max: -0.000000 at y = 6.310000./ phi_m, min: -0.001109 at y = 6.318213


phi_m, max: -0.000000 at y = 2.320000./ phi_m, min: -0.001153 at y = 2.324832
phi_m, max: -0.000000 at y = 2.320000./ phi_m, min: -0.001162 at y = 2.325168
phi_m, max: -0.000000 at y = 2.320000./ phi_m, min: -0.001153 at y = 2.325168
phi_m, max: 0.000273 at y = 2.177143./ phi_m, min: -0.001080 at y = 2.415714
phi_m, max: 1.166355 at y = 2.177143./ phi_m, min: 0.000000 at y = 2.320000
phi_m, max: 113.944591 at y = 2.177143./ phi_m, min: 0.000000 at y = 2.320000
phi_m, max: 113.192391 at y = 2.329413./ phi_m, min: 0.000000 at y = 2.320000
phi_m, max: 98.972318 at y = 2.415714./ phi_m, min: 0.000000 at y = 2.320000
phi_m, max: 79.987674 at y = 2.415714./ phi_m, min: 0.000000 at y = 2.320000
phi_m, max: 60.012911 at y = 2.415714./ phi_m, min: 0.000000 at y = 2.320000


phi_m, max: -0.000000 at y = 5.480000./ phi_m, min: -0.001153 at y = 5.685168
phi_m, max: -0.000000 at y = 5.480000./ phi_m, min: -0.001162 at y = 5.685168
phi_m, max: -0.000000 at y = 5.480000./ phi_m, min: -0.001153 at y = 5.685168
phi_m, max: -0.000000 at y = 5.480000./ phi_m, min: -0.001143 at y = 5.685168
phi_m, max: -0.000000 at y = 5.480000./ phi_m, min: -0.001133 at y = 5.685168
phi_m, max: -0.000000 at y = 5.480000./ phi_m, min: -0.001125 at y = 5.685168
phi_m, max: -0.000000 at y = 5.480000./ phi_m, min: -0.001117 at y = 5.685168
phi_m, max: -0.000000 at y = 5.480000./ phi_m, min: -0.001111 at y = 5.685168
phi_m, max: -0.000000 at y = 5.480000./ phi_m, min: -0.001106 at y = 5.685168
phi_m, max: -0.000000 at y = 5.480000./ phi_m, min: -0.001101 at y = 5.685168


phi_m, max: -0.000000 at y = 1.518571./ phi_m, min: -0.001153 at y = 1.695168
phi_m, max: -0.000000 at y = 1.518571./ phi_m, min: -0.001147 at y = 1.696787
phi_m, max: 0.131643 at y = 1.490000./ phi_m, min: 0.000000 at y = 1.518571
phi_m, max: 83.454072 at y = 1.490000./ phi_m, min: 0.000000 at y = 1.518571
phi_m, max: 115.553562 at y = 1.698376./ phi_m, min: 0.000000 at y = 1.518571
phi_m, max: 104.324704 at y = 1.699413./ phi_m, min: 0.000000 at y = 1.518571
phi_m, max: 86.263429 at y = 1.728571./ phi_m, min: 0.000000 at y = 1.518571
phi_m, max: 66.214197 at y = 1.728571./ phi_m, min: 0.000000 at y = 1.518571
phi_m, max: 47.401587 at y = 1.728571./ phi_m, min: 0.000000 at y = 1.518571
phi_m, max: 29.961206 at y = 1.728571./ phi_m, min: 0.000000 at y = 1.518571


phi_m, max: -0.000000 at y = 5.690000./ phi_m, min: -0.001153 at y = 5.895168
phi_m, max: -0.000000 at y = 5.690000./ phi_m, min: -0.001162 at y = 5.895168
phi_m, max: -0.000000 at y = 5.690000./ phi_m, min: -0.001153 at y = 5.895168
phi_m, max: -0.000000 at y = 5.690000./ phi_m, min: -0.001143 at y = 5.895168
phi_m, max: -0.000000 at y = 5.690000./ phi_m, min: -0.001133 at y = 5.895168
phi_m, max: -0.000000 at y = 5.690000./ phi_m, min: -0.001125 at y = 5.895168
phi_m, max: -0.000000 at y = 5.690000./ phi_m, min: -0.001117 at y = 5.895168
phi_m, max: -0.000000 at y = 5.690000./ phi_m, min: -0.001111 at y = 5.895168
phi_m, max: -0.000000 at y = 5.690000./ phi_m, min: -0.001106 at y = 5.895168
phi_m, max: -0.000000 at y = 5.690000./ phi_m, min: -0.001101 at y = 5.895168


Writing: "Fiber2DEphapticPlaneL6Isolated_10.chk"
 (0.00196149s, XML)
phi_m, max: 0.015271 at y = 0.860000./ phi_m, min: -0.000723 at y = 1.070000
phi_m, max: 12.013272 at y = 0.860000./ phi_m, min: 0.000000 at y = 0.888571
phi_m, max: 115.904112 at y = 1.063633./ phi_m, min: 0.000000 at y = 0.888571
phi_m, max: 109.137075 at y = 1.069413./ phi_m, min: 0.000000 at y = 0.888571
phi_m, max: 92.540970 at y = 1.070000./ phi_m, min: 0.000000 at y = 0.888571
phi_m, max: 72.734563 at y = 1.070000./ phi_m, min: 0.000000 at y = 0.888571
phi_m, max: 53.159701 at y = 1.070000./ phi_m, min: 0.000000 at y = 0.888571
phi_m, max: 35.884004 at y = 1.070000./ phi_m, min: 0.000000 at y = 0.888571
phi_m, max: 14.654216 at y = 1.070000./ phi_m, min: 0.000000 at y = 0.888571
phi_m, max: 1.922336 at y = 1.070000./ phi_m, min: 0.000000 at y = 0.888571
phi_m, max: -0.000000 at y = 0.888571./ phi_m, min: -0.228129 at y = 0.860000


phi_m, max: -0.000000 at y = 1.480000./ phi_m, min: -0.001152 at y = 1.485168
phi_m, max: 0.005816 at y = 1.308571./ phi_m, min: -0.000962 at y = 1.518571
phi_m, max: 5.150036 at y = 1.308571./ phi_m, min: 0.000000 at y = 1.480000
phi_m, max: 115.881761 at y = 1.481624./ phi_m, min: 0.000000 at y = 1.480000
phi_m, max: 110.628864 at y = 1.489413./ phi_m, min: 0.000000 at y = 1.480000
phi_m, max: 94.697881 at y = 1.490000./ phi_m, min: 0.000000 at y = 1.480000
phi_m, max: 75.119998 at y = 1.518571./ phi_m, min: 0.000000 at y = 1.480000
phi_m, max: 55.371945 at y = 1.518571./ phi_m, min: 0.000000 at y = 1.480000
phi_m, max: 37.955804 at y = 1.518571./ phi_m, min: 0.000000 at y = 1.480000
phi_m, max: 17.479702 at y = 1.518571./ phi_m, min: 0.000000 at y = 1.480000
phi_m, max: 2.588111 at y = 1.518571./ phi_m, min: 0.000000 at y = 1.480000


Steps: 11000000 Time: 1.1         

Time: 0.100000
CPU Time: 75.967054 min.
phi_m, max: -0.000000 at y = 3.131429./ phi_m, min: -0.001161 at y = 6.320000

Time: 0.200000
CPU Time: 76.078753 min.
phi_m, max: -0.000000 at y = 3.131429./ phi_m, min: -0.001170 at y = 6.320000

Time: 0.300000
CPU Time: 76.078915 min.
phi_m, max: -0.000000 at y = 3.131429./ phi_m, min: -0.001161 at y = 6.320000

Time: 0.400000
CPU Time: 75.006097 min.
phi_m, max: -0.000000 at y = 3.131429./ phi_m, min: -0.001150 at y = 6.320000

Time: 0.500000
CPU Time: 74.527973 min.
phi_m, max: -0.000000 at y = 3.131429./ phi_m, min: -0.001141 at y = 6.320000

Time: 0.600000
CPU Time: 74.751958 min.
phi_m, max: -0.000000 at y = 3.131429./ phi_m, min: -0.001132 at y = 6.320000

Time: 0.700000
CPU Time: 74.543354 min.
phi_m, max: 0.221976 at y = 3.045714./ phi_m, min: -0.001125 at y = 6.320000

Time: 0.800000
CPU Time: 74.910916 min.
phi_m, max: 96.525729 at y = 3.045714./ phi_m, min: -0.001118 at y = 6.320000

Time: 0.900000
CPU Time: 74.334826 min.
phi_m, max: 115.022059 at y = 3.168376./ phi_m, min: -0.001113 at y = 6.320000

Time: 1.000000
CPU Time: 74.162983 min.
phi_m, max: 102.777951 at y = 3.169413./ phi_m, min: -0.001108 at y = 6.320000

Time: 1.100000
CPU Time: 74.031634 min.
phi_m, max: 84.458962 at y = 3.227143./ phi_m, min: -0.001104 at y = 6.320000


phi_m, max: 18.893457 at y = 0.640000./ phi_m, min: 0.000000 at y = 0.650000
phi_m, max: 115.962318 at y = 0.646426./ phi_m, min: 0.000000 at y = 0.650000
phi_m, max: 114.048495 at y = 0.859413./ phi_m, min: 0.000000 at y = 0.650000
phi_m, max: 100.508078 at y = 0.860000./ phi_m, min: 0.000000 at y = 0.650000
phi_m, max: 81.653519 at y = 0.860000./ phi_m, min: 0.000000 at y = 0.650000
phi_m, max: 61.572365 at y = 0.860000./ phi_m, min: 0.000000 at y = 0.650000
phi_m, max: 43.380144 at y = 0.860000./ phi_m, min: 0.000000 at y = 0.650000
phi_m, max: 24.950151 at y = 0.860000./ phi_m, min: 0.000000 at y = 0.650000
phi_m, max: 5.252657 at y = 0.860000./ phi_m, min: 0.000000 at y = 0.650000
phi_m, max: 0.387205 at y = 0.860000./ phi_m, min: -0.241736 at y = 0.640000
phi_m, max: -0.000000 at y = 0.650000./ phi_m, min: -0.395019 at y = 0.640000


phi_m, max: -0.000000 at y = 2.320000./ phi_m, min: -0.001153 at y = 2.324832
phi_m, max: -0.000000 at y = 2.320000./ phi_m, min: -0.001162 at y = 2.325168
phi_m, max: -0.000000 at y = 2.320000./ phi_m, min: -0.001153 at y = 2.325168
phi_m, max: 0.000273 at y = 2.177143./ phi_m, min: -0.001080 at y = 2.415714
phi_m, max: 1.166355 at y = 2.177143./ phi_m, min: 0.000000 at y = 2.320000
phi_m, max: 113.944591 at y = 2.177143./ phi_m, min: 0.000000 at y = 2.320000
phi_m, max: 113.192391 at y = 2.329413./ phi_m, min: 0.000000 at y = 2.320000
phi_m, max: 98.972318 at y = 2.415714./ phi_m, min: 0.000000 at y = 2.320000
phi_m, max: 79.987674 at y = 2.415714./ phi_m, min: 0.000000 at y = 2.320000
phi_m, max: 60.012911 at y = 2.415714./ phi_m, min: 0.000000 at y = 2.320000
phi_m, max: 42.066435 at y = 2.415714./ phi_m, min: 0.000000 at y = 2.320000


phi_m, max: -0.000000 at y = 5.480000./ phi_m, min: -0.001153 at y = 5.685168
phi_m, max: -0.000000 at y = 5.480000./ phi_m, min: -0.001162 at y = 5.685168
phi_m, max: -0.000000 at y = 5.480000./ phi_m, min: -0.001153 at y = 5.685168
phi_m, max: -0.000000 at y = 5.480000./ phi_m, min: -0.001143 at y = 5.685168
phi_m, max: -0.000000 at y = 5.480000./ phi_m, min: -0.001133 at y = 5.685168
phi_m, max: -0.000000 at y = 5.480000./ phi_m, min: -0.001125 at y = 5.685168
phi_m, max: -0.000000 at y = 5.480000./ phi_m, min: -0.001117 at y = 5.685168
phi_m, max: -0.000000 at y = 5.480000./ phi_m, min: -0.001111 at y = 5.685168
phi_m, max: -0.000000 at y = 5.480000./ phi_m, min: -0.001106 at y = 5.685168
phi_m, max: -0.000000 at y = 5.480000./ phi_m, min: -0.001101 at y = 5.685168
phi_m, max: -0.000000 at y = 5.480000./ phi_m, min: -0.001097 at y = 5.685168


phi_m, max: -0.000000 at y = 1.518571./ phi_m, min: -0.001153 at y = 1.695168
phi_m, max: -0.000000 at y = 1.518571./ phi_m, min: -0.001147 at y = 1.696787
phi_m, max: 0.131643 at y = 1.490000./ phi_m, min: 0.000000 at y = 1.518571
phi_m, max: 83.454072 at y = 1.490000./ phi_m, min: 0.000000 at y = 1.518571
phi_m, max: 115.553562 at y = 1.698376./ phi_m, min: 0.000000 at y = 1.518571
phi_m, max: 104.324704 at y = 1.699413./ phi_m, min: 0.000000 at y = 1.518571
phi_m, max: 86.263429 at y = 1.728571./ phi_m, min: 0.000000 at y = 1.518571
phi_m, max: 66.214197 at y = 1.728571./ phi_m, min: 0.000000 at y = 1.518571
phi_m, max: 47.401587 at y = 1.728571./ phi_m, min: 0.000000 at y = 1.518571
phi_m, max: 29.961206 at y = 1.728571./ phi_m, min: 0.000000 at y = 1.518571
phi_m, max: 8.483434 at y = 1.728571./ phi_m, min: 0.000000 at y = 1.518571


phi_m, max: -0.000000 at y = 3.370000./ phi_m, min: -0.001153 at y = 3.375168
phi_m, max: -0.000000 at y = 3.370000./ phi_m, min: -0.001162 at y = 3.374832
phi_m, max: -0.000000 at y = 3.370000./ phi_m, min: -0.001153 at y = 3.374832
phi_m, max: -0.000000 at y = 3.370000./ phi_m, min: -0.001143 at y = 3.375168
phi_m, max: -0.000000 at y = 3.370000./ phi_m, min: -0.001133 at y = 3.375168
phi_m, max: -0.000000 at y = 3.370000./ phi_m, min: -0.001124 at y = 3.375168
phi_m, max: 0.003593 at y = 3.341429./ phi_m, min: -0.000974 at y = 3.551429
phi_m, max: 3.468323 at y = 3.341429./ phi_m, min: 0.000000 at y = 3.370000
phi_m, max: 115.812488 at y = 3.371624./ phi_m, min: 0.000000 at y = 3.370000
phi_m, max: 111.118954 at y = 3.551429./ phi_m, min: 0.000000 at y = 3.370000
phi_m, max: 95.858603 at y = 3.551429./ phi_m, min: 0.000000 at y = 3.370000


phi_m, max: -0.000000 at y = 4.210000./ phi_m, min: -0.001153 at y = 4.215168
phi_m, max: -0.000000 at y = 4.210000./ phi_m, min: -0.001162 at y = 4.214832
phi_m, max: -0.000000 at y = 4.210000./ phi_m, min: -0.001153 at y = 4.214832
phi_m, max: -0.000000 at y = 4.210000./ phi_m, min: -0.001143 at y = 4.214832
phi_m, max: -0.000000 at y = 4.210000./ phi_m, min: -0.001133 at y = 4.214832
phi_m, max: -0.000000 at y = 4.210000./ phi_m, min: -0.001125 at y = 4.215168
phi_m, max: -0.000000 at y = 4.210000./ phi_m, min: -0.001117 at y = 4.215168
phi_m, max: -0.000000 at y = 4.210000./ phi_m, min: -0.001111 at y = 4.215168
phi_m, max: -0.000000 at y = 4.210000./ phi_m, min: -0.001057 at y = 4.420000
phi_m, max: 0.785040 at y = 4.210000./ phi_m, min: 0.000000 at y = 4.210000
phi_m, max: 113.282362 at y = 4.210000./ phi_m, min: 0.000000 at y = 4.210000


phi_m, max: 114.270515 at y = 0.430587./ phi_m, min: -0.001124 at y = 3.198571
phi_m, max: 112.995228 at y = 0.439413./ phi_m, min: -0.001133 at y = 3.341429
phi_m, max: 98.507055 at y = 0.440000./ phi_m, min: -0.001125 at y = 3.341429
phi_m, max: 79.334432 at y = 0.440000./ phi_m, min: -0.001114 at y = 3.341429
phi_m, max: 59.322314 at y = 0.440000./ phi_m, min: -0.001105 at y = 3.341429
phi_m, max: 41.434949 at y = 0.440000./ phi_m, min: -0.001090 at y = 3.341429
phi_m, max: 22.296643 at y = 0.440000./ phi_m, min: 0.000000 at y = 0.430000
phi_m, max: 4.480422 at y = 3.198571./ phi_m, min: 0.000000 at y = 0.430000
phi_m, max: 114.584028 at y = 3.341429./ phi_m, min: -0.112950 at y = 0.344286
phi_m, max: 103.430016 at y = 3.341429./ phi_m, min: -0.342296 at y = 0.344286
phi_m, max: 85.242653 at y = 3.341429./ phi_m, min: -0.444503 at y = 0.344286


phi_m, max: -0.000000 at y = 2.110000./ phi_m, min: -0.001153 at y = 2.115168
phi_m, max: -0.000000 at y = 2.110000./ phi_m, min: -0.001162 at y = 2.115168
phi_m, max: -0.000000 at y = 2.110000./ phi_m, min: -0.001146 at y = 2.116367
phi_m, max: 0.057853 at y = 1.938571./ phi_m, min: 0.000000 at y = 2.110000
phi_m, max: 49.175436 at y = 1.938571./ phi_m, min: 0.000000 at y = 2.110000
phi_m, max: 115.860600 at y = 2.117458./ phi_m, min: 0.000000 at y = 2.110000
phi_m, max: 106.118442 at y = 2.119413./ phi_m, min: 0.000000 at y = 2.110000
phi_m, max: 88.582685 at y = 2.177143./ phi_m, min: 0.000000 at y = 2.110000
phi_m, max: 68.627146 at y = 2.177143./ phi_m, min: 0.000000 at y = 2.110000
phi_m, max: 49.523746 at y = 2.177143./ phi_m, min: 0.000000 at y = 2.110000
phi_m, max: 32.304950 at y = 2.177143./ phi_m, min: 0.000000 at y = 2.110000


phi_m, max: -0.000000 at y = 2.950000./ phi_m, min: -0.001153 at y = 2.954832
phi_m, max: -0.000000 at y = 2.950000./ phi_m, min: -0.001162 at y = 2.955168
phi_m, max: -0.000000 at y = 2.950000./ phi_m, min: -0.001153 at y = 2.955168
phi_m, max: -0.000000 at y = 2.950000./ phi_m, min: -0.001143 at y = 2.955168
phi_m, max: -0.000000 at y = 2.950000./ phi_m, min: -0.001131 at y = 2.955449
phi_m, max: 0.011849 at y = 2.807143./ phi_m, min: -0.000792 at y = 3.045714
phi_m, max: 9.518874 at y = 2.807143./ phi_m, min: 0.000000 at y = 2.950000
phi_m, max: 115.909075 at y = 2.953633./ phi_m, min: 0.000000 at y = 2.950000
phi_m, max: 109.405803 at y = 2.959413./ phi_m, min: 0.000000 at y = 2.950000
phi_m, max: 93.087542 at y = 3.045714./ phi_m, min: 0.000000 at y = 2.950000
phi_m, max: 73.417630 at y = 3.045714./ phi_m, min: 0.000000 at y = 2.950000


phi_m, max: -0.000000 at y = 2.358571./ phi_m, min: -0.001153 at y = 2.535168
phi_m, max: -0.000000 at y = 2.358571./ phi_m, min: -0.001162 at y = 2.535168
phi_m, max: -0.000000 at y = 2.358571./ phi_m, min: -0.001153 at y = 2.535168
phi_m, max: -0.000000 at y = 2.358571./ phi_m, min: -0.001139 at y = 2.535587
phi_m, max: 0.027657 at y = 2.387143./ phi_m, min: -0.000395 at y = 2.597143
phi_m, max: 21.375315 at y = 2.387143./ phi_m, min: 0.000000 at y = 2.358571
phi_m, max: 115.959152 at y = 2.536426./ phi_m, min: 0.000000 at y = 2.358571
phi_m, max: 107.815821 at y = 2.539413./ phi_m, min: 0.000000 at y = 2.358571
phi_m, max: 90.799157 at y = 2.597143./ phi_m, min: 0.000000 at y = 2.358571
phi_m, max: 70.952776 at y = 2.597143./ phi_m, min: 0.000000 at y = 2.358571
phi_m, max: 51.589745 at y = 2.597143./ phi_m, min: 0.000000 at y = 2.358571


phi_m, max: -0.000000 at y = 5.928571./ phi_m, min: -0.001153 at y = 6.105168
phi_m, max: -0.000000 at y = 5.928571./ phi_m, min: -0.001162 at y = 6.105168
phi_m, max: -0.000000 at y = 5.928571./ phi_m, min: -0.001154 at y = 6.105168
phi_m, max: -0.000000 at y = 5.928571./ phi_m, min: -0.001143 at y = 6.105168
phi_m, max: -0.000000 at y = 5.928571./ phi_m, min: -0.001133 at y = 6.105168
phi_m, max: -0.000000 at y = 5.928571./ phi_m, min: -0.001125 at y = 6.105168
phi_m, max: -0.000000 at y = 5.928571./ phi_m, min: -0.001118 at y = 6.105168
phi_m, max: -0.000000 at y = 5.928571./ phi_m, min: -0.001111 at y = 6.105168
phi_m, max: -0.000000 at y = 5.928571./ phi_m, min: -0.001106 at y = 6.105168
phi_m, max: -0.000000 at y = 5.928571./ phi_m, min: -0.001101 at y = 6.105168
phi_m, max: -0.000000 at y = 5.928571./ phi_m, min: -0.001097 at y = 6.105168


phi_m, max: -0.000000 at y = 6.310000./ phi_m, min: -0.001162 at y = 6.318213
phi_m, max: -0.000000 at y = 6.310000./ phi_m, min: -0.001171 at y = 6.318213
phi_m, max: -0.000000 at y = 6.310000./ phi_m, min: -0.001162 at y = 6.318213
phi_m, max: -0.000000 at y = 6.310000./ phi_m, min: -0.001152 at y = 6.318213
phi_m, max: -0.000000 at y = 6.310000./ phi_m, min: -0.001142 at y = 6.318213
phi_m, max: -0.000000 at y = 6.310000./ phi_m, min: -0.001133 at y = 6.318213
phi_m, max: -0.000000 at y = 6.310000./ phi_m, min: -0.001126 at y = 6.318213
phi_m, max: -0.000000 at y = 6.310000./ phi_m, min: -0.001120 at y = 6.318213
phi_m, max: -0.000000 at y = 6.310000./ phi_m, min: -0.001114 at y = 6.318213
phi_m, max: -0.000000 at y = 6.310000./ phi_m, min: -0.001109 at y = 6.318213
phi_m, max: -0.000000 at y = 6.310000./ phi_m, min: -0.001105 at y = 6.318213


phi_m, max: -0.000000 at y = 3.971429./ phi_m, min: -0.001126 at y = 4.000000
phi_m, max: -0.000000 at y = 3.971429./ phi_m, min: -0.001135 at y = 4.210000
phi_m, max: -0.000000 at y = 3.971429./ phi_m, min: -0.001127 at y = 4.210000
phi_m, max: -0.000000 at y = 3.971429./ phi_m, min: -0.001116 at y = 4.210000
phi_m, max: -0.000000 at y = 3.971429./ phi_m, min: -0.001107 at y = 4.210000
phi_m, max: -0.000000 at y = 3.971429./ phi_m, min: -0.001099 at y = 4.210000
phi_m, max: -0.000000 at y = 3.971429./ phi_m, min: -0.001091 at y = 4.210000
phi_m, max: -0.000000 at y = 3.971429./ phi_m, min: -0.001084 at y = 4.210000
phi_m, max: 0.046448 at y = 3.885714./ phi_m, min: -0.000136 at y = 4.210000
phi_m, max: 39.483976 at y = 3.885714./ phi_m, min: 0.000000 at y = 3.971429
phi_m, max: 114.258289 at y = 4.010000./ phi_m, min: 0.000000 at y = 3.971429


phi_m, max: 112.624926 at y = 0.018213./ phi_m, min: 0.000000 at y = -0.010000
phi_m, max: 97.591567 at y = 0.018213./ phi_m, min: 0.000000 at y = -0.010000
phi_m, max: 78.306002 at y = 0.134286./ phi_m, min: 0.000000 at y = -0.010000
phi_m, max: 58.476535 at y = 0.134286./ phi_m, min: 0.000000 at y = -0.010000
phi_m, max: 40.847335 at y = 0.134286./ phi_m, min: 0.000000 at y = -0.010000
phi_m, max: 22.173906 at y = 0.134286./ phi_m, min: 0.000000 at y = -0.010000
phi_m, max: 4.093920 at y = 0.134286./ phi_m, min: 0.000000 at y = -0.010000
phi_m, max: 0.290113 at y = 0.006787./ phi_m, min: 0.000000 at y = -0.010000
phi_m, max: -0.000000 at y = -0.010000./ phi_m, min: -0.210813 at y = 0.134286
phi_m, max: -0.000000 at y = -0.010000./ phi_m, min: -0.366509 at y = 0.134286
phi_m, max: -0.000000 at y = -0.010000./ phi_m, min: -0.450270 at y = 0.134286


phi_m, max: 27.072587 at y = 0.440000./ phi_m, min: 0.000000 at y = 0.430000
phi_m, max: 115.962318 at y = 0.646426./ phi_m, min: 0.000000 at y = 0.430000
phi_m, max: 107.497158 at y = 0.649413./ phi_m, min: 0.000000 at y = 0.430000
phi_m, max: 90.342674 at y = 0.650000./ phi_m, min: 0.000000 at y = 0.430000
phi_m, max: 70.397993 at y = 0.650000./ phi_m, min: 0.000000 at y = 0.430000
phi_m, max: 51.059040 at y = 0.650000./ phi_m, min: 0.000000 at y = 0.430000
phi_m, max: 33.834448 at y = 0.650000./ phi_m, min: 0.000000 at y = 0.430000
phi_m, max: 12.186847 at y = 0.650000./ phi_m, min: 0.000000 at y = 0.430000
phi_m, max: 1.438481 at y = 0.650000./ phi_m, min: -0.000000 at y = 0.430000
phi_m, max: -0.000000 at y = 0.430000./ phi_m, min: -0.254718 at y = 0.440000
phi_m, max: -0.000000 at y = 0.430000./ phi_m, min: -0.401004 at y = 0.440000


phi_m, max: -0.000000 at y = 4.640000./ phi_m, min: -0.001153 at y = 4.634832
phi_m, max: -0.000000 at y = 4.640000./ phi_m, min: -0.001162 at y = 4.635168
phi_m, max: -0.000000 at y = 4.640000./ phi_m, min: -0.001153 at y = 4.635168
phi_m, max: -0.000000 at y = 4.640000./ phi_m, min: -0.001143 at y = 4.635168
phi_m, max: -0.000000 at y = 4.640000./ phi_m, min: -0.001133 at y = 4.635168
phi_m, max: -0.000000 at y = 4.640000./ phi_m, min: -0.001125 at y = 4.635168
phi_m, max: -0.000000 at y = 4.640000./ phi_m, min: -0.001117 at y = 4.635168
phi_m, max: -0.000000 at y = 4.640000./ phi_m, min: -0.001111 at y = 4.635168
phi_m, max: -0.000000 at y = 4.640000./ phi_m, min: -0.001105 at y = 4.635168
phi_m, max: -0.000000 at y = 4.640000./ phi_m, min: -0.001064 at y = 4.638825
phi_m, max: 0.348577 at y = 4.630000./ phi_m, min: 0.000000 at y = 4.640000


phi_m, max: -0.000000 at y = 1.270000./ phi_m, min: -0.001127 at y = 1.278213
phi_m, max: 0.294549 at y = 1.070000./ phi_m, min: 0.000000 at y = 1.270000
phi_m, max: 104.482222 at y = 1.070000./ phi_m, min: 0.000000 at y = 1.270000
phi_m, max: 114.883380 at y = 1.278376./ phi_m, min: 0.000000 at y = 1.270000
phi_m, max: 102.444573 at y = 1.279413./ phi_m, min: 0.000000 at y = 1.270000
phi_m, max: 83.985286 at y = 1.308571./ phi_m, min: 0.000000 at y = 1.270000
phi_m, max: 63.914494 at y = 1.308571./ phi_m, min: 0.000000 at y = 1.270000
phi_m, max: 45.412957 at y = 1.308571./ phi_m, min: 0.000000 at y = 1.270000
phi_m, max: 27.604317 at y = 1.308571./ phi_m, min: 0.000000 at y = 1.270000
phi_m, max: 6.773419 at y = 1.308571./ phi_m, min: 0.000000 at y = 1.270000
phi_m, max: 0.588895 at y = 1.308571./ phi_m, min: -0.019858 at y = 1.070000


phi_m, max: -0.000000 at y = 2.740000./ phi_m, min: -0.001153 at y = 2.744832
phi_m, max: -0.000000 at y = 2.740000./ phi_m, min: -0.001162 at y = 2.745168
phi_m, max: -0.000000 at y = 2.740000./ phi_m, min: -0.001153 at y = 2.745168
phi_m, max: -0.000000 at y = 2.740000./ phi_m, min: -0.001143 at y = 2.745168
phi_m, max: -0.000000 at y = 2.740000./ phi_m, min: -0.001093 at y = 2.748825
phi_m, max: 0.524967 at y = 2.597143./ phi_m, min: 0.000000 at y = 2.740000
phi_m, max: 110.624607 at y = 2.597143./ phi_m, min: 0.000000 at y = 2.740000
phi_m, max: 114.210398 at y = 2.749413./ phi_m, min: 0.000000 at y = 2.740000
phi_m, max: 100.939700 at y = 2.835714./ phi_m, min: 0.000000 at y = 2.740000
phi_m, max: 82.293646 at y = 2.835714./ phi_m, min: 0.000000 at y = 2.740000
phi_m, max: 62.267718 at y = 2.835714./ phi_m, min: 0.000000 at y = 2.740000


phi_m, max: -0.000000 at y = 1.900000./ phi_m, min: -0.001153 at y = 1.905168
phi_m, max: -0.000000 at y = 1.900000./ phi_m, min: -0.001162 at y = 1.905168
phi_m, max: 0.001996 at y = 1.728571./ phi_m, min: -0.001050 at y = 1.963787
phi_m, max: 2.391697 at y = 1.728571./ phi_m, min: 0.000000 at y = 1.900000
phi_m, max: 115.332297 at y = 1.900587./ phi_m, min: 0.000000 at y = 1.900000
phi_m, max: 111.987642 at y = 1.909413./ phi_m, min: 0.000000 at y = 1.900000
phi_m, max: 96.831898 at y = 1.963787./ phi_m, min: 0.000000 at y = 1.900000
phi_m, max: 77.525785 at y = 1.963787./ phi_m, min: 0.000000 at y = 1.900000
phi_m, max: 57.643122 at y = 1.963787./ phi_m, min: 0.000000 at y = 1.900000
phi_m, max: 39.994060 at y = 1.963787./ phi_m, min: 0.000000 at y = 1.900000
phi_m, max: 20.373222 at y = 1.963787./ phi_m, min: 0.000000 at y = 1.900000


phi_m, max: 115.829979 at y = 0.228213./ phi_m, min: 0.000000 at y = 0.220000
phi_m, max: 105.912401 at y = 0.344286./ phi_m, min: 0.000000 at y = 0.220000
phi_m, max: 88.488870 at y = 0.344286./ phi_m, min: 0.000000 at y = 0.220000
phi_m, max: 68.543274 at y = 0.344286./ phi_m, min: 0.000000 at y = 0.220000
phi_m, max: 49.456652 at y = 0.344286./ phi_m, min: 0.000000 at y = 0.220000
phi_m, max: 32.251607 at y = 0.344286./ phi_m, min: 0.000000 at y = 0.220000
phi_m, max: 10.619790 at y = 0.344286./ phi_m, min: 0.000000 at y = 0.220000
phi_m, max: 1.168794 at y = 0.344286./ phi_m, min: 0.000000 at y = 0.220000
phi_m, max: -0.000000 at y = 0.220000./ phi_m, min: -0.218211 at y = 0.221175
phi_m, max: -0.000000 at y = 0.220000./ phi_m, min: -0.379595 at y = 0.221787
phi_m, max: -0.000000 at y = 0.220000./ phi_m, min: -0.466319 at y = 0.223213


phi_m, max: -0.000000 at y = 3.790000./ phi_m, min: -0.001153 at y = 4.004832
phi_m, max: -0.000000 at y = 3.790000./ phi_m, min: -0.001162 at y = 3.794832
phi_m, max: -0.000000 at y = 3.790000./ phi_m, min: -0.001153 at y = 3.794832
phi_m, max: -0.000000 at y = 3.790000./ phi_m, min: -0.001143 at y = 3.794832
phi_m, max: -0.000000 at y = 3.790000./ phi_m, min: -0.001133 at y = 4.005168
phi_m, max: -0.000000 at y = 3.790000./ phi_m, min: -0.001125 at y = 4.005168
phi_m, max: -0.000000 at y = 3.790000./ phi_m, min: -0.001117 at y = 4.005168
phi_m, max: 0.001019 at y = 3.761429./ phi_m, min: -0.001104 at y = 4.006367
phi_m, max: 1.643203 at y = 3.761429./ phi_m, min: 0.000000 at y = 3.790000
phi_m, max: 115.222757 at y = 3.790587./ phi_m, min: 0.000000 at y = 3.790000
phi_m, max: 115.888275 at y = 4.007458./ phi_m, min: 0.000000 at y = 3.790000


phi_m, max: -0.000000 at y = 5.690000./ phi_m, min: -0.001153 at y = 5.895168
phi_m, max: -0.000000 at y = 5.690000./ phi_m, min: -0.001162 at y = 5.895168
phi_m, max: -0.000000 at y = 5.690000./ phi_m, min: -0.001153 at y = 5.895168
phi_m, max: -0.000000 at y = 5.690000./ phi_m, min: -0.001143 at y = 5.895168
phi_m, max: -0.000000 at y = 5.690000./ phi_m, min: -0.001133 at y = 5.895168
phi_m, max: -0.000000 at y = 5.690000./ phi_m, min: -0.001125 at y = 5.895168
phi_m, max: -0.000000 at y = 5.690000./ phi_m, min: -0.001117 at y = 5.895168
phi_m, max: -0.000000 at y = 5.690000./ phi_m, min: -0.001111 at y = 5.895168
phi_m, max: -0.000000 at y = 5.690000./ phi_m, min: -0.001106 at y = 5.895168
phi_m, max: -0.000000 at y = 5.690000./ phi_m, min: -0.001101 at y = 5.895168
phi_m, max: -0.000000 at y = 5.690000./ phi_m, min: -0.001097 at y = 5.895168


phi_m, max: -0.000000 at y = 3.580000./ phi_m, min: -0.001153 at y = 3.584832
phi_m, max: -0.000000 at y = 3.580000./ phi_m, min: -0.001162 at y = 3.585168
phi_m, max: -0.000000 at y = 3.580000./ phi_m, min: -0.001153 at y = 3.585168
phi_m, max: -0.000000 at y = 3.580000./ phi_m, min: -0.001143 at y = 3.585168
phi_m, max: -0.000000 at y = 3.580000./ phi_m, min: -0.001133 at y = 3.585168
phi_m, max: -0.000000 at y = 3.580000./ phi_m, min: -0.001125 at y = 3.585168
phi_m, max: -0.000000 at y = 3.580000./ phi_m, min: -0.001104 at y = 3.586787
phi_m, max: 0.084311 at y = 3.551429./ phi_m, min: 0.000000 at y = 3.580000
phi_m, max: 61.606778 at y = 3.551429./ phi_m, min: 0.000000 at y = 3.580000
phi_m, max: 115.633616 at y = 3.588376./ phi_m, min: 0.000000 at y = 3.580000
phi_m, max: 105.225071 at y = 3.761429./ phi_m, min: 0.000000 at y = 3.580000


phi_m, max: -0.000000 at y = 4.850000./ phi_m, min: -0.001153 at y = 5.055168
phi_m, max: -0.000000 at y = 4.850000./ phi_m, min: -0.001162 at y = 4.844832
phi_m, max: -0.000000 at y = 4.850000./ phi_m, min: -0.001153 at y = 4.844832
phi_m, max: -0.000000 at y = 4.850000./ phi_m, min: -0.001143 at y = 4.844832
phi_m, max: -0.000000 at y = 4.850000./ phi_m, min: -0.001133 at y = 4.844832
phi_m, max: -0.000000 at y = 4.850000./ phi_m, min: -0.001125 at y = 4.844832
phi_m, max: -0.000000 at y = 4.850000./ phi_m, min: -0.001117 at y = 4.844832
phi_m, max: -0.000000 at y = 4.850000./ phi_m, min: -0.001111 at y = 5.054832
phi_m, max: -0.000000 at y = 4.850000./ phi_m, min: -0.001106 at y = 5.055168
phi_m, max: -0.000000 at y = 4.850000./ phi_m, min: -0.001101 at y = 5.055168
phi_m, max: 0.007533 at y = 4.840000./ phi_m, min: -0.001075 at y = 5.057458


phi_m, max: -0.000000 at y = 4.420000./ phi_m, min: -0.001153 at y = 4.424832
phi_m, max: -0.000000 at y = 4.420000./ phi_m, min: -0.001162 at y = 4.425168
phi_m, max: -0.000000 at y = 4.420000./ phi_m, min: -0.001153 at y = 4.425168
phi_m, max: -0.000000 at y = 4.420000./ phi_m, min: -0.001143 at y = 4.425168
phi_m, max: -0.000000 at y = 4.420000./ phi_m, min: -0.001133 at y = 4.425168
phi_m, max: -0.000000 at y = 4.420000./ phi_m, min: -0.001125 at y = 4.425168
phi_m, max: -0.000000 at y = 4.420000./ phi_m, min: -0.001117 at y = 4.425168
phi_m, max: -0.000000 at y = 4.420000./ phi_m, min: -0.001111 at y = 4.425168
phi_m, max: -0.000000 at y = 4.420000./ phi_m, min: -0.001102 at y = 4.425587
phi_m, max: 0.019432 at y = 4.391429./ phi_m, min: -0.000599 at y = 4.630000
phi_m, max: 15.051283 at y = 4.391429./ phi_m, min: 0.000000 at y = 4.420000


phi_m, max: -0.000000 at y = 5.260000./ phi_m, min: -0.001153 at y = 5.264832
phi_m, max: -0.000000 at y = 5.260000./ phi_m, min: -0.001162 at y = 5.265168
phi_m, max: -0.000000 at y = 5.260000./ phi_m, min: -0.001153 at y = 5.265168
phi_m, max: -0.000000 at y = 5.260000./ phi_m, min: -0.001143 at y = 5.265168
phi_m, max: -0.000000 at y = 5.260000./ phi_m, min: -0.001133 at y = 5.265168
phi_m, max: -0.000000 at y = 5.260000./ phi_m, min: -0.001125 at y = 5.265168
phi_m, max: -0.000000 at y = 5.260000./ phi_m, min: -0.001117 at y = 5.265168
phi_m, max: -0.000000 at y = 5.260000./ phi_m, min: -0.001111 at y = 5.265168
phi_m, max: -0.000000 at y = 5.260000./ phi_m, min: -0.001106 at y = 5.265168
phi_m, max: -0.000000 at y = 5.260000./ phi_m, min: -0.001101 at y = 5.265168
phi_m, max: -0.000000 at y = 5.260000./ phi_m, min: -0.001096 at y = 5.265168


phi_m, max: -0.000000 at y = 5.050000./ phi_m, min: -0.001153 at y = 5.055168
phi_m, max: -0.000000 at y = 5.050000./ phi_m, min: -0.001162 at y = 5.475168
phi_m, max: -0.000000 at y = 5.050000./ phi_m, min: -0.001153 at y = 5.475168
phi_m, max: -0.000000 at y = 5.050000./ phi_m, min: -0.001143 at y = 5.475168
phi_m, max: -0.000000 at y = 5.050000./ phi_m, min: -0.001133 at y = 5.475168
phi_m, max: -0.000000 at y = 5.050000./ phi_m, min: -0.001125 at y = 5.475168
phi_m, max: -0.000000 at y = 5.050000./ phi_m, min: -0.001117 at y = 5.475168
phi_m, max: -0.000000 at y = 5.050000./ phi_m, min: -0.001111 at y = 5.475168
phi_m, max: -0.000000 at y = 5.050000./ phi_m, min: -0.001106 at y = 5.475168
phi_m, max: -0.000000 at y = 5.050000./ phi_m, min: -0.001101 at y = 5.475168
phi_m, max: -0.000000 at y = 5.050000./ phi_m, min: -0.001097 at y = 5.475168


Writing: "Fiber2DEphapticPlaneL6Isolated_11.chk"
 (0.00203239s, XML)
phi_m, max: -0.000000 at y = 5.690000./ phi_m, min: -0.001153 at y = 5.895168
phi_m, max: -0.000000 at y = 5.690000./ phi_m, min: -0.001162 at y = 5.895168
phi_m, max: -0.000000 at y = 5.690000./ phi_m, min: -0.001153 at y = 5.895168
phi_m, max: -0.000000 at y = 5.690000./ phi_m, min: -0.001143 at y = 5.895168
phi_m, max: -0.000000 at y = 5.690000./ phi_m, min: -0.001133 at y = 5.895168
phi_m, max: -0.000000 at y = 5.690000./ phi_m, min: -0.001125 at y = 5.895168
phi_m, max: -0.000000 at y = 5.690000./ phi_m, min: -0.001117 at y = 5.895168
phi_m, max: -0.000000 at y = 5.690000./ phi_m, min: -0.001111 at y = 5.895168
phi_m, max: -0.000000 at y = 5.690000./ phi_m, min: -0.001106 at y = 5.895168
phi_m, max: -0.000000 at y = 5.690000./ phi_m, min: -0.001101 at y = 5.895168
phi_m, max: -0.000000 at y = 5.690000./ phi_m, min: -0.001097 at y = 5.895168
phi_m, max: -0.000000 at y = 5.690000./ phi_m, min: -0.001093 at y = 5.895168


phi_m, max: -0.000000 at y = 1.518571./ phi_m, min: -0.001153 at y = 1.695168
phi_m, max: -0.000000 at y = 1.518571./ phi_m, min: -0.001147 at y = 1.696787
phi_m, max: 0.131643 at y = 1.490000./ phi_m, min: 0.000000 at y = 1.518571
phi_m, max: 83.454072 at y = 1.490000./ phi_m, min: 0.000000 at y = 1.518571
phi_m, max: 115.553562 at y = 1.698376./ phi_m, min: 0.000000 at y = 1.518571
phi_m, max: 104.324704 at y = 1.699413./ phi_m, min: 0.000000 at y = 1.518571
phi_m, max: 86.263429 at y = 1.728571./ phi_m, min: 0.000000 at y = 1.518571
phi_m, max: 66.214197 at y = 1.728571./ phi_m, min: 0.000000 at y = 1.518571
phi_m, max: 47.401587 at y = 1.728571./ phi_m, min: 0.000000 at y = 1.518571
phi_m, max: 29.961206 at y = 1.728571./ phi_m, min: 0.000000 at y = 1.518571
phi_m, max: 8.483434 at y = 1.728571./ phi_m, min: 0.000000 at y = 1.518571
phi_m, max: 0.832583 at y = 1.728571./ phi_m, min: 0.000000 at y = 1.518571


phi_m, max: -0.000000 at y = 2.740000./ phi_m, min: -0.001153 at y = 2.744832
phi_m, max: -0.000000 at y = 2.740000./ phi_m, min: -0.001162 at y = 2.745168
phi_m, max: -0.000000 at y = 2.740000./ phi_m, min: -0.001153 at y = 2.745168
phi_m, max: -0.000000 at y = 2.740000./ phi_m, min: -0.001143 at y = 2.745168
phi_m, max: -0.000000 at y = 2.740000./ phi_m, min: -0.001093 at y = 2.748825
phi_m, max: 0.524967 at y = 2.597143./ phi_m, min: 0.000000 at y = 2.740000
phi_m, max: 110.624607 at y = 2.597143./ phi_m, min: 0.000000 at y = 2.740000
phi_m, max: 114.210398 at y = 2.749413./ phi_m, min: 0.000000 at y = 2.740000
phi_m, max: 100.939700 at y = 2.835714./ phi_m, min: 0.000000 at y = 2.740000
phi_m, max: 82.293646 at y = 2.835714./ phi_m, min: 0.000000 at y = 2.740000
phi_m, max: 62.267718 at y = 2.835714./ phi_m, min: 0.000000 at y = 2.740000
phi_m, max: 44.011144 at y = 2.835714./ phi_m, min: 0.000000 at y = 2.740000


phi_m, max: -0.000000 at y = 1.900000./ phi_m, min: -0.001153 at y = 1.905168
phi_m, max: -0.000000 at y = 1.900000./ phi_m, min: -0.001162 at y = 1.905168
phi_m, max: 0.001996 at y = 1.728571./ phi_m, min: -0.001050 at y = 1.963787
phi_m, max: 2.391697 at y = 1.728571./ phi_m, min: 0.000000 at y = 1.900000
phi_m, max: 115.332297 at y = 1.900587./ phi_m, min: 0.000000 at y = 1.900000
phi_m, max: 111.987642 at y = 1.909413./ phi_m, min: 0.000000 at y = 1.900000
phi_m, max: 96.831898 at y = 1.963787./ phi_m, min: 0.000000 at y = 1.900000
phi_m, max: 77.525785 at y = 1.963787./ phi_m, min: 0.000000 at y = 1.900000
phi_m, max: 57.643122 at y = 1.963787./ phi_m, min: 0.000000 at y = 1.900000
phi_m, max: 39.994060 at y = 1.963787./ phi_m, min: 0.000000 at y = 1.900000
phi_m, max: 20.373222 at y = 1.963787./ phi_m, min: 0.000000 at y = 1.900000
phi_m, max: 3.434113 at y = 1.963787./ phi_m, min: 0.000000 at y = 1.900000


phi_m, max: 115.829979 at y = 0.228213./ phi_m, min: 0.000000 at y = 0.220000
phi_m, max: 105.912401 at y = 0.344286./ phi_m, min: 0.000000 at y = 0.220000
phi_m, max: 88.488870 at y = 0.344286./ phi_m, min: 0.000000 at y = 0.220000
phi_m, max: 68.543274 at y = 0.344286./ phi_m, min: 0.000000 at y = 0.220000
phi_m, max: 49.456652 at y = 0.344286./ phi_m, min: 0.000000 at y = 0.220000
phi_m, max: 32.251607 at y = 0.344286./ phi_m, min: 0.000000 at y = 0.220000
phi_m, max: 10.619790 at y = 0.344286./ phi_m, min: 0.000000 at y = 0.220000
phi_m, max: 1.168794 at y = 0.344286./ phi_m, min: 0.000000 at y = 0.220000
phi_m, max: -0.000000 at y = 0.220000./ phi_m, min: -0.218211 at y = 0.221175
phi_m, max: -0.000000 at y = 0.220000./ phi_m, min: -0.379595 at y = 0.221787
phi_m, max: -0.000000 at y = 0.220000./ phi_m, min: -0.466319 at y = 0.223213
phi_m, max: -0.000000 at y = 0.220000./ phi_m, min: -0.508923 at y = 0.224490


phi_m, max: -0.000000 at y = 3.370000./ phi_m, min: -0.001153 at y = 3.375168
phi_m, max: -0.000000 at y = 3.370000./ phi_m, min: -0.001162 at y = 3.374832
phi_m, max: -0.000000 at y = 3.370000./ phi_m, min: -0.001153 at y = 3.374832
phi_m, max: -0.000000 at y = 3.370000./ phi_m, min: -0.001143 at y = 3.375168
phi_m, max: -0.000000 at y = 3.370000./ phi_m, min: -0.001133 at y = 3.375168
phi_m, max: -0.000000 at y = 3.370000./ phi_m, min: -0.001124 at y = 3.375168
phi_m, max: 0.003593 at y = 3.341429./ phi_m, min: -0.000974 at y = 3.551429
phi_m, max: 3.468323 at y = 3.341429./ phi_m, min: 0.000000 at y = 3.370000
phi_m, max: 115.812488 at y = 3.371624./ phi_m, min: 0.000000 at y = 3.370000
phi_m, max: 111.118954 at y = 3.551429./ phi_m, min: 0.000000 at y = 3.370000
phi_m, max: 95.858603 at y = 3.551429./ phi_m, min: 0.000000 at y = 3.370000
phi_m, max: 76.404143 at y = 3.551429./ phi_m, min: 0.000000 at y = 3.370000


phi_m, max: -0.000000 at y = 3.580000./ phi_m, min: -0.001153 at y = 3.584832
phi_m, max: -0.000000 at y = 3.580000./ phi_m, min: -0.001162 at y = 3.585168
phi_m, max: -0.000000 at y = 3.580000./ phi_m, min: -0.001153 at y = 3.585168
phi_m, max: -0.000000 at y = 3.580000./ phi_m, min: -0.001143 at y = 3.585168
phi_m, max: -0.000000 at y = 3.580000./ phi_m, min: -0.001133 at y = 3.585168
phi_m, max: -0.000000 at y = 3.580000./ phi_m, min: -0.001125 at y = 3.585168
phi_m, max: -0.000000 at y = 3.580000./ phi_m, min: -0.001104 at y = 3.586787
phi_m, max: 0.084311 at y = 3.551429./ phi_m, min: 0.000000 at y = 3.580000
phi_m, max: 61.606778 at y = 3.551429./ phi_m, min: 0.000000 at y = 3.580000
phi_m, max: 115.633616 at y = 3.588376./ phi_m, min: 0.000000 at y = 3.580000
phi_m, max: 105.225071 at y = 3.761429./ phi_m, min: 0.000000 at y = 3.580000
phi_m, max: 87.507542 at y = 3.761429./ phi_m, min: 0.000000 at y = 3.580000


phi_m, max: -0.000000 at y = 4.850000./ phi_m, min: -0.001153 at y = 5.055168
phi_m, max: -0.000000 at y = 4.850000./ phi_m, min: -0.001162 at y = 4.844832
phi_m, max: -0.000000 at y = 4.850000./ phi_m, min: -0.001153 at y = 4.844832
phi_m, max: -0.000000 at y = 4.850000./ phi_m, min: -0.001143 at y = 4.844832
phi_m, max: -0.000000 at y = 4.850000./ phi_m, min: -0.001133 at y = 4.844832
phi_m, max: -0.000000 at y = 4.850000./ phi_m, min: -0.001125 at y = 4.844832
phi_m, max: -0.000000 at y = 4.850000./ phi_m, min: -0.001117 at y = 4.844832
phi_m, max: -0.000000 at y = 4.850000./ phi_m, min: -0.001111 at y = 5.054832
phi_m, max: -0.000000 at y = 4.850000./ phi_m, min: -0.001106 at y = 5.055168
phi_m, max: -0.000000 at y = 4.850000./ phi_m, min: -0.001101 at y = 5.055168
phi_m, max: 0.007533 at y = 4.840000./ phi_m, min: -0.001075 at y = 5.057458
phi_m, max: 6.350398 at y = 4.840000./ phi_m, min: 0.000000 at y = 4.850000


phi_m, max: -0.000000 at y = 4.420000./ phi_m, min: -0.001153 at y = 4.424832
phi_m, max: -0.000000 at y = 4.420000./ phi_m, min: -0.001162 at y = 4.425168
phi_m, max: -0.000000 at y = 4.420000./ phi_m, min: -0.001153 at y = 4.425168
phi_m, max: -0.000000 at y = 4.420000./ phi_m, min: -0.001143 at y = 4.425168
phi_m, max: -0.000000 at y = 4.420000./ phi_m, min: -0.001133 at y = 4.425168
phi_m, max: -0.000000 at y = 4.420000./ phi_m, min: -0.001125 at y = 4.425168
phi_m, max: -0.000000 at y = 4.420000./ phi_m, min: -0.001117 at y = 4.425168
phi_m, max: -0.000000 at y = 4.420000./ phi_m, min: -0.001111 at y = 4.425168
phi_m, max: -0.000000 at y = 4.420000./ phi_m, min: -0.001102 at y = 4.425587
phi_m, max: 0.019432 at y = 4.391429./ phi_m, min: -0.000599 at y = 4.630000
phi_m, max: 15.051283 at y = 4.391429./ phi_m, min: 0.000000 at y = 4.420000
phi_m, max: 115.933807 at y = 4.426426./ phi_m, min: 0.000000 at y = 4.420000


phi_m, max: 0.015271 at y = 0.860000./ phi_m, min: -0.000723 at y = 1.070000
phi_m, max: 12.013272 at y = 0.860000./ phi_m, min: 0.000000 at y = 0.888571
phi_m, max: 115.904112 at y = 1.063633./ phi_m, min: 0.000000 at y = 0.888571
phi_m, max: 109.137075 at y = 1.069413./ phi_m, min: 0.000000 at y = 0.888571
phi_m, max: 92.540970 at y = 1.070000./ phi_m, min: 0.000000 at y = 0.888571
phi_m, max: 72.734563 at y = 1.070000./ phi_m, min: 0.000000 at y = 0.888571
phi_m, max: 53.159701 at y = 1.070000./ phi_m, min: 0.000000 at y = 0.888571
phi_m, max: 35.884004 at y = 1.070000./ phi_m, min: 0.000000 at y = 0.888571
phi_m, max: 14.654216 at y = 1.070000./ phi_m, min: 0.000000 at y = 0.888571
phi_m, max: 1.922336 at y = 1.070000./ phi_m, min: 0.000000 at y = 0.888571
phi_m, max: -0.000000 at y = 0.888571./ phi_m, min: -0.228129 at y = 0.860000
phi_m, max: -0.000000 at y = 0.888571./ phi_m, min: -0.388670 at y = 0.860000


phi_m, max: -0.000000 at y = 5.260000./ phi_m, min: -0.001153 at y = 5.264832
phi_m, max: -0.000000 at y = 5.260000./ phi_m, min: -0.001162 at y = 5.265168
phi_m, max: -0.000000 at y = 5.260000./ phi_m, min: -0.001153 at y = 5.265168
phi_m, max: -0.000000 at y = 5.260000./ phi_m, min: -0.001143 at y = 5.265168
phi_m, max: -0.000000 at y = 5.260000./ phi_m, min: -0.001133 at y = 5.265168
phi_m, max: -0.000000 at y = 5.260000./ phi_m, min: -0.001125 at y = 5.265168
phi_m, max: -0.000000 at y = 5.260000./ phi_m, min: -0.001117 at y = 5.265168
phi_m, max: -0.000000 at y = 5.260000./ phi_m, min: -0.001111 at y = 5.265168
phi_m, max: -0.000000 at y = 5.260000./ phi_m, min: -0.001106 at y = 5.265168
phi_m, max: -0.000000 at y = 5.260000./ phi_m, min: -0.001101 at y = 5.265168
phi_m, max: -0.000000 at y = 5.260000./ phi_m, min: -0.001096 at y = 5.265168
phi_m, max: 0.004417 at y = 5.063356./ phi_m, min: -0.000936 at y = 5.298571


phi_m, max: -0.000000 at y = 4.210000./ phi_m, min: -0.001153 at y = 4.215168
phi_m, max: -0.000000 at y = 4.210000./ phi_m, min: -0.001162 at y = 4.214832
phi_m, max: -0.000000 at y = 4.210000./ phi_m, min: -0.001153 at y = 4.214832
phi_m, max: -0.000000 at y = 4.210000./ phi_m, min: -0.001143 at y = 4.214832
phi_m, max: -0.000000 at y = 4.210000./ phi_m, min: -0.001133 at y = 4.214832
phi_m, max: -0.000000 at y = 4.210000./ phi_m, min: -0.001125 at y = 4.215168
phi_m, max: -0.000000 at y = 4.210000./ phi_m, min: -0.001117 at y = 4.215168
phi_m, max: -0.000000 at y = 4.210000./ phi_m, min: -0.001111 at y = 4.215168
phi_m, max: -0.000000 at y = 4.210000./ phi_m, min: -0.001057 at y = 4.420000
phi_m, max: 0.785040 at y = 4.210000./ phi_m, min: 0.000000 at y = 4.210000
phi_m, max: 113.282362 at y = 4.210000./ phi_m, min: 0.000000 at y = 4.210000
phi_m, max: 113.637488 at y = 4.420000./ phi_m, min: 0.000000 at y = 4.210000


phi_m, max: 114.270515 at y = 0.430587./ phi_m, min: -0.001124 at y = 3.198571
phi_m, max: 112.995228 at y = 0.439413./ phi_m, min: -0.001133 at y = 3.341429
phi_m, max: 98.507055 at y = 0.440000./ phi_m, min: -0.001125 at y = 3.341429
phi_m, max: 79.334432 at y = 0.440000./ phi_m, min: -0.001114 at y = 3.341429
phi_m, max: 59.322314 at y = 0.440000./ phi_m, min: -0.001105 at y = 3.341429
phi_m, max: 41.434949 at y = 0.440000./ phi_m, min: -0.001090 at y = 3.341429
phi_m, max: 22.296643 at y = 0.440000./ phi_m, min: 0.000000 at y = 0.430000
phi_m, max: 4.480422 at y = 3.198571./ phi_m, min: 0.000000 at y = 0.430000
phi_m, max: 114.584028 at y = 3.341429./ phi_m, min: -0.112950 at y = 0.344286
phi_m, max: 103.430016 at y = 3.341429./ phi_m, min: -0.342296 at y = 0.344286
phi_m, max: 85.242653 at y = 3.341429./ phi_m, min: -0.444503 at y = 0.344286
phi_m, max: 65.177600 at y = 3.341429./ phi_m, min: -0.498707 at y = 0.431624


phi_m, max: -0.000000 at y = 1.480000./ phi_m, min: -0.001152 at y = 1.485168
phi_m, max: 0.005816 at y = 1.308571./ phi_m, min: -0.000962 at y = 1.518571
phi_m, max: 5.150036 at y = 1.308571./ phi_m, min: 0.000000 at y = 1.480000
phi_m, max: 115.881761 at y = 1.481624./ phi_m, min: 0.000000 at y = 1.480000
phi_m, max: 110.628864 at y = 1.489413./ phi_m, min: 0.000000 at y = 1.480000
phi_m, max: 94.697881 at y = 1.490000./ phi_m, min: 0.000000 at y = 1.480000
phi_m, max: 75.119998 at y = 1.518571./ phi_m, min: 0.000000 at y = 1.480000
phi_m, max: 55.371945 at y = 1.518571./ phi_m, min: 0.000000 at y = 1.480000
phi_m, max: 37.955804 at y = 1.518571./ phi_m, min: 0.000000 at y = 1.480000
phi_m, max: 17.479702 at y = 1.518571./ phi_m, min: 0.000000 at y = 1.480000
phi_m, max: 2.588111 at y = 1.518571./ phi_m, min: 0.000000 at y = 1.480000
phi_m, max: 0.060715 at y = 1.518571./ phi_m, min: -0.194830 at y = 1.308571


phi_m, max: -0.000000 at y = 2.110000./ phi_m, min: -0.001153 at y = 2.115168
phi_m, max: -0.000000 at y = 2.110000./ phi_m, min: -0.001162 at y = 2.115168
phi_m, max: -0.000000 at y = 2.110000./ phi_m, min: -0.001146 at y = 2.116367
phi_m, max: 0.057853 at y = 1.938571./ phi_m, min: 0.000000 at y = 2.110000
phi_m, max: 49.175436 at y = 1.938571./ phi_m, min: 0.000000 at y = 2.110000
phi_m, max: 115.860600 at y = 2.117458./ phi_m, min: 0.000000 at y = 2.110000
phi_m, max: 106.118442 at y = 2.119413./ phi_m, min: 0.000000 at y = 2.110000
phi_m, max: 88.582685 at y = 2.177143./ phi_m, min: 0.000000 at y = 2.110000
phi_m, max: 68.627146 at y = 2.177143./ phi_m, min: 0.000000 at y = 2.110000
phi_m, max: 49.523746 at y = 2.177143./ phi_m, min: 0.000000 at y = 2.110000
phi_m, max: 32.304950 at y = 2.177143./ phi_m, min: 0.000000 at y = 2.110000
phi_m, max: 10.640397 at y = 2.177143./ phi_m, min: 0.000000 at y = 2.110000


phi_m, max: -0.000000 at y = 5.050000./ phi_m, min: -0.001153 at y = 5.055168
phi_m, max: -0.000000 at y = 5.050000./ phi_m, min: -0.001162 at y = 5.475168
phi_m, max: -0.000000 at y = 5.050000./ phi_m, min: -0.001153 at y = 5.475168
phi_m, max: -0.000000 at y = 5.050000./ phi_m, min: -0.001143 at y = 5.475168
phi_m, max: -0.000000 at y = 5.050000./ phi_m, min: -0.001133 at y = 5.475168
phi_m, max: -0.000000 at y = 5.050000./ phi_m, min: -0.001125 at y = 5.475168
phi_m, max: -0.000000 at y = 5.050000./ phi_m, min: -0.001117 at y = 5.475168
phi_m, max: -0.000000 at y = 5.050000./ phi_m, min: -0.001111 at y = 5.475168
phi_m, max: -0.000000 at y = 5.050000./ phi_m, min: -0.001106 at y = 5.475168
phi_m, max: -0.000000 at y = 5.050000./ phi_m, min: -0.001101 at y = 5.475168
phi_m, max: -0.000000 at y = 5.050000./ phi_m, min: -0.001097 at y = 5.475168
phi_m, max: 0.155257 at y = 5.050000./ phi_m, min: -0.001081 at y = 5.476787


phi_m, max: -0.000000 at y = 2.950000./ phi_m, min: -0.001153 at y = 2.954832
phi_m, max: -0.000000 at y = 2.950000./ phi_m, min: -0.001162 at y = 2.955168
phi_m, max: -0.000000 at y = 2.950000./ phi_m, min: -0.001153 at y = 2.955168
phi_m, max: -0.000000 at y = 2.950000./ phi_m, min: -0.001143 at y = 2.955168
phi_m, max: -0.000000 at y = 2.950000./ phi_m, min: -0.001131 at y = 2.955449
phi_m, max: 0.011849 at y = 2.807143./ phi_m, min: -0.000792 at y = 3.045714
phi_m, max: 9.518874 at y = 2.807143./ phi_m, min: 0.000000 at y = 2.950000
phi_m, max: 115.909075 at y = 2.953633./ phi_m, min: 0.000000 at y = 2.950000
phi_m, max: 109.405803 at y = 2.959413./ phi_m, min: 0.000000 at y = 2.950000
phi_m, max: 93.087542 at y = 3.045714./ phi_m, min: 0.000000 at y = 2.950000
phi_m, max: 73.417630 at y = 3.045714./ phi_m, min: 0.000000 at y = 2.950000
phi_m, max: 53.828578 at y = 3.045714./ phi_m, min: 0.000000 at y = 2.950000


phi_m, max: -0.000000 at y = 2.358571./ phi_m, min: -0.001153 at y = 2.535168
phi_m, max: -0.000000 at y = 2.358571./ phi_m, min: -0.001162 at y = 2.535168
phi_m, max: -0.000000 at y = 2.358571./ phi_m, min: -0.001153 at y = 2.535168
phi_m, max: -0.000000 at y = 2.358571./ phi_m, min: -0.001139 at y = 2.535587
phi_m, max: 0.027657 at y = 2.387143./ phi_m, min: -0.000395 at y = 2.597143
phi_m, max: 21.375315 at y = 2.387143./ phi_m, min: 0.000000 at y = 2.358571
phi_m, max: 115.959152 at y = 2.536426./ phi_m, min: 0.000000 at y = 2.358571
phi_m, max: 107.815821 at y = 2.539413./ phi_m, min: 0.000000 at y = 2.358571
phi_m, max: 90.799157 at y = 2.597143./ phi_m, min: 0.000000 at y = 2.358571
phi_m, max: 70.952776 at y = 2.597143./ phi_m, min: 0.000000 at y = 2.358571
phi_m, max: 51.589745 at y = 2.597143./ phi_m, min: 0.000000 at y = 2.358571
phi_m, max: 34.406092 at y = 2.597143./ phi_m, min: 0.000000 at y = 2.358571


phi_m, max: -0.000000 at y = 5.928571./ phi_m, min: -0.001153 at y = 6.105168
phi_m, max: -0.000000 at y = 5.928571./ phi_m, min: -0.001162 at y = 6.105168
phi_m, max: -0.000000 at y = 5.928571./ phi_m, min: -0.001154 at y = 6.105168
phi_m, max: -0.000000 at y = 5.928571./ phi_m, min: -0.001143 at y = 6.105168
phi_m, max: -0.000000 at y = 5.928571./ phi_m, min: -0.001133 at y = 6.105168
phi_m, max: -0.000000 at y = 5.928571./ phi_m, min: -0.001125 at y = 6.105168
phi_m, max: -0.000000 at y = 5.928571./ phi_m, min: -0.001118 at y = 6.105168
phi_m, max: -0.000000 at y = 5.928571./ phi_m, min: -0.001111 at y = 6.105168
phi_m, max: -0.000000 at y = 5.928571./ phi_m, min: -0.001106 at y = 6.105168
phi_m, max: -0.000000 at y = 5.928571./ phi_m, min: -0.001101 at y = 6.105168
phi_m, max: -0.000000 at y = 5.928571./ phi_m, min: -0.001097 at y = 6.105168
phi_m, max: -0.000000 at y = 5.928571./ phi_m, min: -0.001093 at y = 6.105168


phi_m, max: 18.893457 at y = 0.640000./ phi_m, min: 0.000000 at y = 0.650000
phi_m, max: 115.962318 at y = 0.646426./ phi_m, min: 0.000000 at y = 0.650000
phi_m, max: 114.048495 at y = 0.859413./ phi_m, min: 0.000000 at y = 0.650000
phi_m, max: 100.508078 at y = 0.860000./ phi_m, min: 0.000000 at y = 0.650000
phi_m, max: 81.653519 at y = 0.860000./ phi_m, min: 0.000000 at y = 0.650000
phi_m, max: 61.572365 at y = 0.860000./ phi_m, min: 0.000000 at y = 0.650000
phi_m, max: 43.380144 at y = 0.860000./ phi_m, min: 0.000000 at y = 0.650000
phi_m, max: 24.950151 at y = 0.860000./ phi_m, min: 0.000000 at y = 0.650000
phi_m, max: 5.252657 at y = 0.860000./ phi_m, min: 0.000000 at y = 0.650000
phi_m, max: 0.387205 at y = 0.860000./ phi_m, min: -0.241736 at y = 0.640000
phi_m, max: -0.000000 at y = 0.650000./ phi_m, min: -0.395019 at y = 0.640000
phi_m, max: -0.000000 at y = 0.650000./ phi_m, min: -0.473778 at y = 0.640587


phi_m, max: -0.000000 at y = 2.320000./ phi_m, min: -0.001153 at y = 2.324832
phi_m, max: -0.000000 at y = 2.320000./ phi_m, min: -0.001162 at y = 2.325168
phi_m, max: -0.000000 at y = 2.320000./ phi_m, min: -0.001153 at y = 2.325168
phi_m, max: 0.000273 at y = 2.177143./ phi_m, min: -0.001080 at y = 2.415714
phi_m, max: 1.166355 at y = 2.177143./ phi_m, min: 0.000000 at y = 2.320000
phi_m, max: 113.944591 at y = 2.177143./ phi_m, min: 0.000000 at y = 2.320000
phi_m, max: 113.192391 at y = 2.329413./ phi_m, min: 0.000000 at y = 2.320000
phi_m, max: 98.972318 at y = 2.415714./ phi_m, min: 0.000000 at y = 2.320000
phi_m, max: 79.987674 at y = 2.415714./ phi_m, min: 0.000000 at y = 2.320000
phi_m, max: 60.012911 at y = 2.415714./ phi_m, min: 0.000000 at y = 2.320000
phi_m, max: 42.066435 at y = 2.415714./ phi_m, min: 0.000000 at y = 2.320000
phi_m, max: 23.287092 at y = 2.415714./ phi_m, min: 0.000000 at y = 2.320000


phi_m, max: -0.000000 at y = 5.480000./ phi_m, min: -0.001153 at y = 5.685168
phi_m, max: -0.000000 at y = 5.480000./ phi_m, min: -0.001162 at y = 5.685168
phi_m, max: -0.000000 at y = 5.480000./ phi_m, min: -0.001153 at y = 5.685168
phi_m, max: -0.000000 at y = 5.480000./ phi_m, min: -0.001143 at y = 5.685168
phi_m, max: -0.000000 at y = 5.480000./ phi_m, min: -0.001133 at y = 5.685168
phi_m, max: -0.000000 at y = 5.480000./ phi_m, min: -0.001125 at y = 5.685168
phi_m, max: -0.000000 at y = 5.480000./ phi_m, min: -0.001117 at y = 5.685168
phi_m, max: -0.000000 at y = 5.480000./ phi_m, min: -0.001111 at y = 5.685168
phi_m, max: -0.000000 at y = 5.480000./ phi_m, min: -0.001106 at y = 5.685168
phi_m, max: -0.000000 at y = 5.480000./ phi_m, min: -0.001101 at y = 5.685168
phi_m, max: -0.000000 at y = 5.480000./ phi_m, min: -0.001097 at y = 5.685168
phi_m, max: -0.000000 at y = 5.480000./ phi_m, min: -0.001093 at y = 5.685168


phi_m, max: -0.000000 at y = 6.310000./ phi_m, min: -0.001162 at y = 6.318213
phi_m, max: -0.000000 at y = 6.310000./ phi_m, min: -0.001171 at y = 6.318213
phi_m, max: -0.000000 at y = 6.310000./ phi_m, min: -0.001162 at y = 6.318213
phi_m, max: -0.000000 at y = 6.310000./ phi_m, min: -0.001152 at y = 6.318213
phi_m, max: -0.000000 at y = 6.310000./ phi_m, min: -0.001142 at y = 6.318213
phi_m, max: -0.000000 at y = 6.310000./ phi_m, min: -0.001133 at y = 6.318213
phi_m, max: -0.000000 at y = 6.310000./ phi_m, min: -0.001126 at y = 6.318213
phi_m, max: -0.000000 at y = 6.310000./ phi_m, min: -0.001120 at y = 6.318213
phi_m, max: -0.000000 at y = 6.310000./ phi_m, min: -0.001114 at y = 6.318213
phi_m, max: -0.000000 at y = 6.310000./ phi_m, min: -0.001109 at y = 6.318213
phi_m, max: -0.000000 at y = 6.310000./ phi_m, min: -0.001105 at y = 6.318213
phi_m, max: -0.000000 at y = 6.310000./ phi_m, min: -0.001102 at y = 6.318213


phi_m, max: -0.000000 at y = 3.971429./ phi_m, min: -0.001126 at y = 4.000000
phi_m, max: -0.000000 at y = 3.971429./ phi_m, min: -0.001135 at y = 4.210000
phi_m, max: -0.000000 at y = 3.971429./ phi_m, min: -0.001127 at y = 4.210000
phi_m, max: -0.000000 at y = 3.971429./ phi_m, min: -0.001116 at y = 4.210000
phi_m, max: -0.000000 at y = 3.971429./ phi_m, min: -0.001107 at y = 4.210000
phi_m, max: -0.000000 at y = 3.971429./ phi_m, min: -0.001099 at y = 4.210000
phi_m, max: -0.000000 at y = 3.971429./ phi_m, min: -0.001091 at y = 4.210000
phi_m, max: -0.000000 at y = 3.971429./ phi_m, min: -0.001084 at y = 4.210000
phi_m, max: 0.046448 at y = 3.885714./ phi_m, min: -0.000136 at y = 4.210000
phi_m, max: 39.483976 at y = 3.885714./ phi_m, min: 0.000000 at y = 3.971429
phi_m, max: 114.258289 at y = 4.010000./ phi_m, min: 0.000000 at y = 3.971429
phi_m, max: 107.235335 at y = 4.210000./ phi_m, min: 0.000000 at y = 3.971429


phi_m, max: 112.624926 at y = 0.018213./ phi_m, min: 0.000000 at y = -0.010000
phi_m, max: 97.591567 at y = 0.018213./ phi_m, min: 0.000000 at y = -0.010000
phi_m, max: 78.306002 at y = 0.134286./ phi_m, min: 0.000000 at y = -0.010000
phi_m, max: 58.476535 at y = 0.134286./ phi_m, min: 0.000000 at y = -0.010000
phi_m, max: 40.847335 at y = 0.134286./ phi_m, min: 0.000000 at y = -0.010000
phi_m, max: 22.173906 at y = 0.134286./ phi_m, min: 0.000000 at y = -0.010000
phi_m, max: 4.093920 at y = 0.134286./ phi_m, min: 0.000000 at y = -0.010000
phi_m, max: 0.290113 at y = 0.006787./ phi_m, min: 0.000000 at y = -0.010000
phi_m, max: -0.000000 at y = -0.010000./ phi_m, min: -0.210813 at y = 0.134286
phi_m, max: -0.000000 at y = -0.010000./ phi_m, min: -0.366509 at y = 0.134286
phi_m, max: -0.000000 at y = -0.010000./ phi_m, min: -0.450270 at y = 0.134286
phi_m, max: -0.000000 at y = -0.010000./ phi_m, min: -0.489887 at y = 0.134286


phi_m, max: 27.072587 at y = 0.440000./ phi_m, min: 0.000000 at y = 0.430000
phi_m, max: 115.962318 at y = 0.646426./ phi_m, min: 0.000000 at y = 0.430000
phi_m, max: 107.497158 at y = 0.649413./ phi_m, min: 0.000000 at y = 0.430000
phi_m, max: 90.342674 at y = 0.650000./ phi_m, min: 0.000000 at y = 0.430000
phi_m, max: 70.397993 at y = 0.650000./ phi_m, min: 0.000000 at y = 0.430000
phi_m, max: 51.059040 at y = 0.650000./ phi_m, min: 0.000000 at y = 0.430000
phi_m, max: 33.834448 at y = 0.650000./ phi_m, min: 0.000000 at y = 0.430000
phi_m, max: 12.186847 at y = 0.650000./ phi_m, min: 0.000000 at y = 0.430000
phi_m, max: 1.438481 at y = 0.650000./ phi_m, min: -0.000000 at y = 0.430000
phi_m, max: -0.000000 at y = 0.430000./ phi_m, min: -0.254718 at y = 0.440000
phi_m, max: -0.000000 at y = 0.430000./ phi_m, min: -0.401004 at y = 0.440000
phi_m, max: -0.000000 at y = 0.430000./ phi_m, min: -0.476110 at y = 0.440000


phi_m, max: -0.000000 at y = 4.640000./ phi_m, min: -0.001153 at y = 4.634832
phi_m, max: -0.000000 at y = 4.640000./ phi_m, min: -0.001162 at y = 4.635168
phi_m, max: -0.000000 at y = 4.640000./ phi_m, min: -0.001153 at y = 4.635168
phi_m, max: -0.000000 at y = 4.640000./ phi_m, min: -0.001143 at y = 4.635168
phi_m, max: -0.000000 at y = 4.640000./ phi_m, min: -0.001133 at y = 4.635168
phi_m, max: -0.000000 at y = 4.640000./ phi_m, min: -0.001125 at y = 4.635168
phi_m, max: -0.000000 at y = 4.640000./ phi_m, min: -0.001117 at y = 4.635168
phi_m, max: -0.000000 at y = 4.640000./ phi_m, min: -0.001111 at y = 4.635168
phi_m, max: -0.000000 at y = 4.640000./ phi_m, min: -0.001105 at y = 4.635168
phi_m, max: -0.000000 at y = 4.640000./ phi_m, min: -0.001064 at y = 4.638825
phi_m, max: 0.348577 at y = 4.630000./ phi_m, min: 0.000000 at y = 4.640000
phi_m, max: 106.754372 at y = 4.630000./ phi_m, min: 0.000000 at y = 4.640000


phi_m, max: -0.000000 at y = 1.270000./ phi_m, min: -0.001127 at y = 1.278213
phi_m, max: 0.294549 at y = 1.070000./ phi_m, min: 0.000000 at y = 1.270000
phi_m, max: 104.482222 at y = 1.070000./ phi_m, min: 0.000000 at y = 1.270000
phi_m, max: 114.883380 at y = 1.278376./ phi_m, min: 0.000000 at y = 1.270000
phi_m, max: 102.444573 at y = 1.279413./ phi_m, min: 0.000000 at y = 1.270000
phi_m, max: 83.985286 at y = 1.308571./ phi_m, min: 0.000000 at y = 1.270000
phi_m, max: 63.914494 at y = 1.308571./ phi_m, min: 0.000000 at y = 1.270000
phi_m, max: 45.412957 at y = 1.308571./ phi_m, min: 0.000000 at y = 1.270000
phi_m, max: 27.604317 at y = 1.308571./ phi_m, min: 0.000000 at y = 1.270000
phi_m, max: 6.773419 at y = 1.308571./ phi_m, min: 0.000000 at y = 1.270000
phi_m, max: 0.588895 at y = 1.308571./ phi_m, min: -0.019858 at y = 1.070000
phi_m, max: -0.000000 at y = 1.270000./ phi_m, min: -0.314857 at y = 1.070000


phi_m, max: -0.000000 at y = 3.790000./ phi_m, min: -0.001153 at y = 4.004832
phi_m, max: -0.000000 at y = 3.790000./ phi_m, min: -0.001162 at y = 3.794832
phi_m, max: -0.000000 at y = 3.790000./ phi_m, min: -0.001153 at y = 3.794832
phi_m, max: -0.000000 at y = 3.790000./ phi_m, min: -0.001143 at y = 3.794832
phi_m, max: -0.000000 at y = 3.790000./ phi_m, min: -0.001133 at y = 4.005168
phi_m, max: -0.000000 at y = 3.790000./ phi_m, min: -0.001125 at y = 4.005168
phi_m, max: -0.000000 at y = 3.790000./ phi_m, min: -0.001117 at y = 4.005168
phi_m, max: 0.001019 at y = 3.761429./ phi_m, min: -0.001104 at y = 4.006367
phi_m, max: 1.643203 at y = 3.761429./ phi_m, min: 0.000000 at y = 3.790000
phi_m, max: 115.222757 at y = 3.790587./ phi_m, min: 0.000000 at y = 3.790000
phi_m, max: 115.888275 at y = 4.007458./ phi_m, min: 0.000000 at y = 3.790000
phi_m, max: 106.421434 at y = 4.009413./ phi_m, min: 0.000000 at y = 3.790000


Steps: 12000000 Time: 1.2         

Time: 0.100000
CPU Time: 75.967054 min.
phi_m, max: -0.000000 at y = 3.131429./ phi_m, min: -0.001161 at y = 6.320000

Time: 0.200000
CPU Time: 76.078753 min.
phi_m, max: -0.000000 at y = 3.131429./ phi_m, min: -0.001170 at y = 6.320000

Time: 0.300000
CPU Time: 76.078915 min.
phi_m, max: -0.000000 at y = 3.131429./ phi_m, min: -0.001161 at y = 6.320000

Time: 0.400000
CPU Time: 75.006097 min.
phi_m, max: -0.000000 at y = 3.131429./ phi_m, min: -0.001150 at y = 6.320000

Time: 0.500000
CPU Time: 74.527973 min.
phi_m, max: -0.000000 at y = 3.131429./ phi_m, min: -0.001141 at y = 6.320000

Time: 0.600000
CPU Time: 74.751958 min.
phi_m, max: -0.000000 at y = 3.131429./ phi_m, min: -0.001132 at y = 6.320000

Time: 0.700000
CPU Time: 74.543354 min.
phi_m, max: 0.221976 at y = 3.045714./ phi_m, min: -0.001125 at y = 6.320000

Time: 0.800000
CPU Time: 74.910916 min.
phi_m, max: 96.525729 at y = 3.045714./ phi_m, min: -0.001118 at y = 6.320000

Time: 0.900000
CPU Time: 74.334826 min.
phi_m, max: 115.022059 at y = 3.168376./ phi_m, min: -0.001113 at y = 6.320000

Time: 1.000000
CPU Time: 74.162983 min.
phi_m, max: 102.777951 at y = 3.169413./ phi_m, min: -0.001108 at y = 6.320000

Time: 1.100000
CPU Time: 74.031634 min.
phi_m, max: 84.458962 at y = 3.227143./ phi_m, min: -0.001104 at y = 6.320000

Time: 1.200000
CPU Time: 74.065036 min.
phi_m, max: 64.413000 at y = 3.227143./ phi_m, min: -0.001100 at y = 6.320000


Writing: "Fiber2DEphapticPlaneL6Isolated_12.chk"
 (0.00855372s, XML)
phi_m, max: -0.000000 at y = 1.518571./ phi_m, min: -0.001153 at y = 1.695168
phi_m, max: -0.000000 at y = 1.518571./ phi_m, min: -0.001147 at y = 1.696787
phi_m, max: 0.131643 at y = 1.490000./ phi_m, min: 0.000000 at y = 1.518571
phi_m, max: 83.454072 at y = 1.490000./ phi_m, min: 0.000000 at y = 1.518571
phi_m, max: 115.553562 at y = 1.698376./ phi_m, min: 0.000000 at y = 1.518571
phi_m, max: 104.324704 at y = 1.699413./ phi_m, min: 0.000000 at y = 1.518571
phi_m, max: 86.263429 at y = 1.728571./ phi_m, min: 0.000000 at y = 1.518571
phi_m, max: 66.214197 at y = 1.728571./ phi_m, min: 0.000000 at y = 1.518571
phi_m, max: 47.401587 at y = 1.728571./ phi_m, min: 0.000000 at y = 1.518571
phi_m, max: 29.961206 at y = 1.728571./ phi_m, min: 0.000000 at y = 1.518571
phi_m, max: 8.483434 at y = 1.728571./ phi_m, min: 0.000000 at y = 1.518571
phi_m, max: 0.832583 at y = 1.728571./ phi_m, min: 0.000000 at y = 1.518571
phi_m, max: -0.000000 at y = 1.518571./ phi_m, min: -0.295360 at y = 1.490000


phi_m, max: -0.000000 at y = 3.370000./ phi_m, min: -0.001153 at y = 3.375168
phi_m, max: -0.000000 at y = 3.370000./ phi_m, min: -0.001162 at y = 3.374832
phi_m, max: -0.000000 at y = 3.370000./ phi_m, min: -0.001153 at y = 3.374832
phi_m, max: -0.000000 at y = 3.370000./ phi_m, min: -0.001143 at y = 3.375168
phi_m, max: -0.000000 at y = 3.370000./ phi_m, min: -0.001133 at y = 3.375168
phi_m, max: -0.000000 at y = 3.370000./ phi_m, min: -0.001124 at y = 3.375168
phi_m, max: 0.003593 at y = 3.341429./ phi_m, min: -0.000974 at y = 3.551429
phi_m, max: 3.468323 at y = 3.341429./ phi_m, min: 0.000000 at y = 3.370000
phi_m, max: 115.812488 at y = 3.371624./ phi_m, min: 0.000000 at y = 3.370000
phi_m, max: 111.118954 at y = 3.551429./ phi_m, min: 0.000000 at y = 3.370000
phi_m, max: 95.858603 at y = 3.551429./ phi_m, min: 0.000000 at y = 3.370000
phi_m, max: 76.404143 at y = 3.551429./ phi_m, min: 0.000000 at y = 3.370000
phi_m, max: 56.568970 at y = 3.551429./ phi_m, min: 0.000000 at y = 3.370000


phi_m, max: -0.000000 at y = 5.260000./ phi_m, min: -0.001153 at y = 5.264832
phi_m, max: -0.000000 at y = 5.260000./ phi_m, min: -0.001162 at y = 5.265168
phi_m, max: -0.000000 at y = 5.260000./ phi_m, min: -0.001153 at y = 5.265168
phi_m, max: -0.000000 at y = 5.260000./ phi_m, min: -0.001143 at y = 5.265168
phi_m, max: -0.000000 at y = 5.260000./ phi_m, min: -0.001133 at y = 5.265168
phi_m, max: -0.000000 at y = 5.260000./ phi_m, min: -0.001125 at y = 5.265168
phi_m, max: -0.000000 at y = 5.260000./ phi_m, min: -0.001117 at y = 5.265168
phi_m, max: -0.000000 at y = 5.260000./ phi_m, min: -0.001111 at y = 5.265168
phi_m, max: -0.000000 at y = 5.260000./ phi_m, min: -0.001106 at y = 5.265168
phi_m, max: -0.000000 at y = 5.260000./ phi_m, min: -0.001101 at y = 5.265168
phi_m, max: -0.000000 at y = 5.260000./ phi_m, min: -0.001096 at y = 5.265168
phi_m, max: 0.004417 at y = 5.063356./ phi_m, min: -0.000936 at y = 5.298571
phi_m, max: 4.065308 at y = 5.063356./ phi_m, min: 0.000000 at y = 5.260000


phi_m, max: -0.000000 at y = 3.971429./ phi_m, min: -0.001126 at y = 4.000000
phi_m, max: -0.000000 at y = 3.971429./ phi_m, min: -0.001135 at y = 4.210000
phi_m, max: -0.000000 at y = 3.971429./ phi_m, min: -0.001127 at y = 4.210000
phi_m, max: -0.000000 at y = 3.971429./ phi_m, min: -0.001116 at y = 4.210000
phi_m, max: -0.000000 at y = 3.971429./ phi_m, min: -0.001107 at y = 4.210000
phi_m, max: -0.000000 at y = 3.971429./ phi_m, min: -0.001099 at y = 4.210000
phi_m, max: -0.000000 at y = 3.971429./ phi_m, min: -0.001091 at y = 4.210000
phi_m, max: -0.000000 at y = 3.971429./ phi_m, min: -0.001084 at y = 4.210000
phi_m, max: 0.046448 at y = 3.885714./ phi_m, min: -0.000136 at y = 4.210000
phi_m, max: 39.483976 at y = 3.885714./ phi_m, min: 0.000000 at y = 3.971429
phi_m, max: 114.258289 at y = 4.010000./ phi_m, min: 0.000000 at y = 3.971429
phi_m, max: 107.235335 at y = 4.210000./ phi_m, min: 0.000000 at y = 3.971429
phi_m, max: 90.065210 at y = 4.210000./ phi_m, min: 0.000000 at y = 3.971429


phi_m, max: -0.000000 at y = 2.950000./ phi_m, min: -0.001153 at y = 2.954832
phi_m, max: -0.000000 at y = 2.950000./ phi_m, min: -0.001162 at y = 2.955168
phi_m, max: -0.000000 at y = 2.950000./ phi_m, min: -0.001153 at y = 2.955168
phi_m, max: -0.000000 at y = 2.950000./ phi_m, min: -0.001143 at y = 2.955168
phi_m, max: -0.000000 at y = 2.950000./ phi_m, min: -0.001131 at y = 2.955449
phi_m, max: 0.011849 at y = 2.807143./ phi_m, min: -0.000792 at y = 3.045714
phi_m, max: 9.518874 at y = 2.807143./ phi_m, min: 0.000000 at y = 2.950000
phi_m, max: 115.909075 at y = 2.953633./ phi_m, min: 0.000000 at y = 2.950000
phi_m, max: 109.405803 at y = 2.959413./ phi_m, min: 0.000000 at y = 2.950000
phi_m, max: 93.087542 at y = 3.045714./ phi_m, min: 0.000000 at y = 2.950000
phi_m, max: 73.417630 at y = 3.045714./ phi_m, min: 0.000000 at y = 2.950000
phi_m, max: 53.828578 at y = 3.045714./ phi_m, min: 0.000000 at y = 2.950000
phi_m, max: 36.556644 at y = 3.045714./ phi_m, min: 0.000000 at y = 2.950000


phi_m, max: -0.000000 at y = 2.358571./ phi_m, min: -0.001153 at y = 2.535168
phi_m, max: -0.000000 at y = 2.358571./ phi_m, min: -0.001162 at y = 2.535168
phi_m, max: -0.000000 at y = 2.358571./ phi_m, min: -0.001153 at y = 2.535168
phi_m, max: -0.000000 at y = 2.358571./ phi_m, min: -0.001139 at y = 2.535587
phi_m, max: 0.027657 at y = 2.387143./ phi_m, min: -0.000395 at y = 2.597143
phi_m, max: 21.375315 at y = 2.387143./ phi_m, min: 0.000000 at y = 2.358571
phi_m, max: 115.959152 at y = 2.536426./ phi_m, min: 0.000000 at y = 2.358571
phi_m, max: 107.815821 at y = 2.539413./ phi_m, min: 0.000000 at y = 2.358571
phi_m, max: 90.799157 at y = 2.597143./ phi_m, min: 0.000000 at y = 2.358571
phi_m, max: 70.952776 at y = 2.597143./ phi_m, min: 0.000000 at y = 2.358571
phi_m, max: 51.589745 at y = 2.597143./ phi_m, min: 0.000000 at y = 2.358571
phi_m, max: 34.406092 at y = 2.597143./ phi_m, min: 0.000000 at y = 2.358571
phi_m, max: 12.937600 at y = 2.597143./ phi_m, min: 0.000000 at y = 2.358571


phi_m, max: -0.000000 at y = 5.928571./ phi_m, min: -0.001153 at y = 6.105168
phi_m, max: -0.000000 at y = 5.928571./ phi_m, min: -0.001162 at y = 6.105168
phi_m, max: -0.000000 at y = 5.928571./ phi_m, min: -0.001154 at y = 6.105168
phi_m, max: -0.000000 at y = 5.928571./ phi_m, min: -0.001143 at y = 6.105168
phi_m, max: -0.000000 at y = 5.928571./ phi_m, min: -0.001133 at y = 6.105168
phi_m, max: -0.000000 at y = 5.928571./ phi_m, min: -0.001125 at y = 6.105168
phi_m, max: -0.000000 at y = 5.928571./ phi_m, min: -0.001118 at y = 6.105168
phi_m, max: -0.000000 at y = 5.928571./ phi_m, min: -0.001111 at y = 6.105168
phi_m, max: -0.000000 at y = 5.928571./ phi_m, min: -0.001106 at y = 6.105168
phi_m, max: -0.000000 at y = 5.928571./ phi_m, min: -0.001101 at y = 6.105168
phi_m, max: -0.000000 at y = 5.928571./ phi_m, min: -0.001097 at y = 6.105168
phi_m, max: -0.000000 at y = 5.928571./ phi_m, min: -0.001093 at y = 6.105168
phi_m, max: -0.000000 at y = 5.928571./ phi_m, min: -0.001090 at y = 6.105168


phi_m, max: 18.893457 at y = 0.640000./ phi_m, min: 0.000000 at y = 0.650000
phi_m, max: 115.962318 at y = 0.646426./ phi_m, min: 0.000000 at y = 0.650000
phi_m, max: 114.048495 at y = 0.859413./ phi_m, min: 0.000000 at y = 0.650000
phi_m, max: 100.508078 at y = 0.860000./ phi_m, min: 0.000000 at y = 0.650000
phi_m, max: 81.653519 at y = 0.860000./ phi_m, min: 0.000000 at y = 0.650000
phi_m, max: 61.572365 at y = 0.860000./ phi_m, min: 0.000000 at y = 0.650000
phi_m, max: 43.380144 at y = 0.860000./ phi_m, min: 0.000000 at y = 0.650000
phi_m, max: 24.950151 at y = 0.860000./ phi_m, min: 0.000000 at y = 0.650000
phi_m, max: 5.252657 at y = 0.860000./ phi_m, min: 0.000000 at y = 0.650000
phi_m, max: 0.387205 at y = 0.860000./ phi_m, min: -0.241736 at y = 0.640000
phi_m, max: -0.000000 at y = 0.650000./ phi_m, min: -0.395019 at y = 0.640000
phi_m, max: -0.000000 at y = 0.650000./ phi_m, min: -0.473778 at y = 0.640587
phi_m, max: -0.000000 at y = 0.650000./ phi_m, min: -0.511388 at y = 0.641624


phi_m, max: -0.000000 at y = 2.320000./ phi_m, min: -0.001153 at y = 2.324832
phi_m, max: -0.000000 at y = 2.320000./ phi_m, min: -0.001162 at y = 2.325168
phi_m, max: -0.000000 at y = 2.320000./ phi_m, min: -0.001153 at y = 2.325168
phi_m, max: 0.000273 at y = 2.177143./ phi_m, min: -0.001080 at y = 2.415714
phi_m, max: 1.166355 at y = 2.177143./ phi_m, min: 0.000000 at y = 2.320000
phi_m, max: 113.944591 at y = 2.177143./ phi_m, min: 0.000000 at y = 2.320000
phi_m, max: 113.192391 at y = 2.329413./ phi_m, min: 0.000000 at y = 2.320000
phi_m, max: 98.972318 at y = 2.415714./ phi_m, min: 0.000000 at y = 2.320000
phi_m, max: 79.987674 at y = 2.415714./ phi_m, min: 0.000000 at y = 2.320000
phi_m, max: 60.012911 at y = 2.415714./ phi_m, min: 0.000000 at y = 2.320000
phi_m, max: 42.066435 at y = 2.415714./ phi_m, min: 0.000000 at y = 2.320000
phi_m, max: 23.287092 at y = 2.415714./ phi_m, min: 0.000000 at y = 2.320000
phi_m, max: 4.524890 at y = 2.415714./ phi_m, min: 0.000000 at y = 2.320000


phi_m, max: -0.000000 at y = 5.480000./ phi_m, min: -0.001153 at y = 5.685168
phi_m, max: -0.000000 at y = 5.480000./ phi_m, min: -0.001162 at y = 5.685168
phi_m, max: -0.000000 at y = 5.480000./ phi_m, min: -0.001153 at y = 5.685168
phi_m, max: -0.000000 at y = 5.480000./ phi_m, min: -0.001143 at y = 5.685168
phi_m, max: -0.000000 at y = 5.480000./ phi_m, min: -0.001133 at y = 5.685168
phi_m, max: -0.000000 at y = 5.480000./ phi_m, min: -0.001125 at y = 5.685168
phi_m, max: -0.000000 at y = 5.480000./ phi_m, min: -0.001117 at y = 5.685168
phi_m, max: -0.000000 at y = 5.480000./ phi_m, min: -0.001111 at y = 5.685168
phi_m, max: -0.000000 at y = 5.480000./ phi_m, min: -0.001106 at y = 5.685168
phi_m, max: -0.000000 at y = 5.480000./ phi_m, min: -0.001101 at y = 5.685168
phi_m, max: -0.000000 at y = 5.480000./ phi_m, min: -0.001097 at y = 5.685168
phi_m, max: -0.000000 at y = 5.480000./ phi_m, min: -0.001093 at y = 5.685168
phi_m, max: 0.001413 at y = 5.480000./ phi_m, min: -0.001004 at y = 5.690000


phi_m, max: -0.000000 at y = 6.310000./ phi_m, min: -0.001162 at y = 6.318213
phi_m, max: -0.000000 at y = 6.310000./ phi_m, min: -0.001171 at y = 6.318213
phi_m, max: -0.000000 at y = 6.310000./ phi_m, min: -0.001162 at y = 6.318213
phi_m, max: -0.000000 at y = 6.310000./ phi_m, min: -0.001152 at y = 6.318213
phi_m, max: -0.000000 at y = 6.310000./ phi_m, min: -0.001142 at y = 6.318213
phi_m, max: -0.000000 at y = 6.310000./ phi_m, min: -0.001133 at y = 6.318213
phi_m, max: -0.000000 at y = 6.310000./ phi_m, min: -0.001126 at y = 6.318213
phi_m, max: -0.000000 at y = 6.310000./ phi_m, min: -0.001120 at y = 6.318213
phi_m, max: -0.000000 at y = 6.310000./ phi_m, min: -0.001114 at y = 6.318213
phi_m, max: -0.000000 at y = 6.310000./ phi_m, min: -0.001109 at y = 6.318213
phi_m, max: -0.000000 at y = 6.310000./ phi_m, min: -0.001105 at y = 6.318213
phi_m, max: -0.000000 at y = 6.310000./ phi_m, min: -0.001102 at y = 6.318213
phi_m, max: -0.000000 at y = 6.310000./ phi_m, min: -0.001098 at y = 6.318213


phi_m, max: 112.624926 at y = 0.018213./ phi_m, min: 0.000000 at y = -0.010000
phi_m, max: 97.591567 at y = 0.018213./ phi_m, min: 0.000000 at y = -0.010000
phi_m, max: 78.306002 at y = 0.134286./ phi_m, min: 0.000000 at y = -0.010000
phi_m, max: 58.476535 at y = 0.134286./ phi_m, min: 0.000000 at y = -0.010000
phi_m, max: 40.847335 at y = 0.134286./ phi_m, min: 0.000000 at y = -0.010000
phi_m, max: 22.173906 at y = 0.134286./ phi_m, min: 0.000000 at y = -0.010000
phi_m, max: 4.093920 at y = 0.134286./ phi_m, min: 0.000000 at y = -0.010000
phi_m, max: 0.290113 at y = 0.006787./ phi_m, min: 0.000000 at y = -0.010000
phi_m, max: -0.000000 at y = -0.010000./ phi_m, min: -0.210813 at y = 0.134286
phi_m, max: -0.000000 at y = -0.010000./ phi_m, min: -0.366509 at y = 0.134286
phi_m, max: -0.000000 at y = -0.010000./ phi_m, min: -0.450270 at y = 0.134286
phi_m, max: -0.000000 at y = -0.010000./ phi_m, min: -0.489887 at y = 0.134286
phi_m, max: -0.000000 at y = -0.010000./ phi_m, min: -0.497524 at y = 0.134286


phi_m, max: 27.072587 at y = 0.440000./ phi_m, min: 0.000000 at y = 0.430000
phi_m, max: 115.962318 at y = 0.646426./ phi_m, min: 0.000000 at y = 0.430000
phi_m, max: 107.497158 at y = 0.649413./ phi_m, min: 0.000000 at y = 0.430000
phi_m, max: 90.342674 at y = 0.650000./ phi_m, min: 0.000000 at y = 0.430000
phi_m, max: 70.397993 at y = 0.650000./ phi_m, min: 0.000000 at y = 0.430000
phi_m, max: 51.059040 at y = 0.650000./ phi_m, min: 0.000000 at y = 0.430000
phi_m, max: 33.834448 at y = 0.650000./ phi_m, min: 0.000000 at y = 0.430000
phi_m, max: 12.186847 at y = 0.650000./ phi_m, min: 0.000000 at y = 0.430000
phi_m, max: 1.438481 at y = 0.650000./ phi_m, min: -0.000000 at y = 0.430000
phi_m, max: -0.000000 at y = 0.430000./ phi_m, min: -0.254718 at y = 0.440000
phi_m, max: -0.000000 at y = 0.430000./ phi_m, min: -0.401004 at y = 0.440000
phi_m, max: -0.000000 at y = 0.430000./ phi_m, min: -0.476110 at y = 0.440000
phi_m, max: -0.000000 at y = 0.430000./ phi_m, min: -0.511391 at y = 0.641787


phi_m, max: -0.000000 at y = 5.690000./ phi_m, min: -0.001153 at y = 5.895168
phi_m, max: -0.000000 at y = 5.690000./ phi_m, min: -0.001162 at y = 5.895168
phi_m, max: -0.000000 at y = 5.690000./ phi_m, min: -0.001153 at y = 5.895168
phi_m, max: -0.000000 at y = 5.690000./ phi_m, min: -0.001143 at y = 5.895168
phi_m, max: -0.000000 at y = 5.690000./ phi_m, min: -0.001133 at y = 5.895168
phi_m, max: -0.000000 at y = 5.690000./ phi_m, min: -0.001125 at y = 5.895168
phi_m, max: -0.000000 at y = 5.690000./ phi_m, min: -0.001117 at y = 5.895168
phi_m, max: -0.000000 at y = 5.690000./ phi_m, min: -0.001111 at y = 5.895168
phi_m, max: -0.000000 at y = 5.690000./ phi_m, min: -0.001106 at y = 5.895168
phi_m, max: -0.000000 at y = 5.690000./ phi_m, min: -0.001101 at y = 5.895168
phi_m, max: -0.000000 at y = 5.690000./ phi_m, min: -0.001097 at y = 5.895168
phi_m, max: -0.000000 at y = 5.690000./ phi_m, min: -0.001093 at y = 5.895168
phi_m, max: -0.000000 at y = 5.690000./ phi_m, min: -0.001084 at y = 5.895916


phi_m, max: -0.000000 at y = 4.640000./ phi_m, min: -0.001153 at y = 4.634832
phi_m, max: -0.000000 at y = 4.640000./ phi_m, min: -0.001162 at y = 4.635168
phi_m, max: -0.000000 at y = 4.640000./ phi_m, min: -0.001153 at y = 4.635168
phi_m, max: -0.000000 at y = 4.640000./ phi_m, min: -0.001143 at y = 4.635168
phi_m, max: -0.000000 at y = 4.640000./ phi_m, min: -0.001133 at y = 4.635168
phi_m, max: -0.000000 at y = 4.640000./ phi_m, min: -0.001125 at y = 4.635168
phi_m, max: -0.000000 at y = 4.640000./ phi_m, min: -0.001117 at y = 4.635168
phi_m, max: -0.000000 at y = 4.640000./ phi_m, min: -0.001111 at y = 4.635168
phi_m, max: -0.000000 at y = 4.640000./ phi_m, min: -0.001105 at y = 4.635168
phi_m, max: -0.000000 at y = 4.640000./ phi_m, min: -0.001064 at y = 4.638825
phi_m, max: 0.348577 at y = 4.630000./ phi_m, min: 0.000000 at y = 4.640000
phi_m, max: 106.754372 at y = 4.630000./ phi_m, min: 0.000000 at y = 4.640000
phi_m, max: 114.409539 at y = 4.840000./ phi_m, min: 0.000000 at y = 4.640000


Steps: 13000000 Time: 1.3         

Time: 0.100000
CPU Time: 75.967054 min.
phi_m, max: -0.000000 at y = 3.131429./ phi_m, min: -0.001161 at y = 6.320000

Time: 0.200000
CPU Time: 76.078753 min.
phi_m, max: -0.000000 at y = 3.131429./ phi_m, min: -0.001170 at y = 6.320000

Time: 0.300000
CPU Time: 76.078915 min.
phi_m, max: -0.000000 at y = 3.131429./ phi_m, min: -0.001161 at y = 6.320000

Time: 0.400000
CPU Time: 75.006097 min.
phi_m, max: -0.000000 at y = 3.131429./ phi_m, min: -0.001150 at y = 6.320000

Time: 0.500000
CPU Time: 74.527973 min.
phi_m, max: -0.000000 at y = 3.131429./ phi_m, min: -0.001141 at y = 6.320000

Time: 0.600000
CPU Time: 74.751958 min.
phi_m, max: -0.000000 at y = 3.131429./ phi_m, min: -0.001132 at y = 6.320000

Time: 0.700000
CPU Time: 74.543354 min.
phi_m, max: 0.221976 at y = 3.045714./ phi_m, min: -0.001125 at y = 6.320000

Time: 0.800000
CPU Time: 74.910916 min.
phi_m, max: 96.525729 at y = 3.045714./ phi_m, min: -0.001118 at y = 6.320000

Time: 0.900000
CPU Time: 74.334826 min.
phi_m, max: 115.022059 at y = 3.168376./ phi_m, min: -0.001113 at y = 6.320000

Time: 1.000000
CPU Time: 74.162983 min.
phi_m, max: 102.777951 at y = 3.169413./ phi_m, min: -0.001108 at y = 6.320000

Time: 1.100000
CPU Time: 74.031634 min.
phi_m, max: 84.458962 at y = 3.227143./ phi_m, min: -0.001104 at y = 6.320000

Time: 1.200000
CPU Time: 74.065036 min.
phi_m, max: 64.413000 at y = 3.227143./ phi_m, min: -0.001100 at y = 6.320000

Time: 1.300000
CPU Time: 73.920307 min.
phi_m, max: 45.854036 at y = 3.227143./ phi_m, min: -0.001097 at y = 6.320000


phi_m, max: -0.000000 at y = 2.740000./ phi_m, min: -0.001153 at y = 2.744832
phi_m, max: -0.000000 at y = 2.740000./ phi_m, min: -0.001162 at y = 2.745168
phi_m, max: -0.000000 at y = 2.740000./ phi_m, min: -0.001153 at y = 2.745168
phi_m, max: -0.000000 at y = 2.740000./ phi_m, min: -0.001143 at y = 2.745168
phi_m, max: -0.000000 at y = 2.740000./ phi_m, min: -0.001093 at y = 2.748825
phi_m, max: 0.524967 at y = 2.597143./ phi_m, min: 0.000000 at y = 2.740000
phi_m, max: 110.624607 at y = 2.597143./ phi_m, min: 0.000000 at y = 2.740000
phi_m, max: 114.210398 at y = 2.749413./ phi_m, min: 0.000000 at y = 2.740000
phi_m, max: 100.939700 at y = 2.835714./ phi_m, min: 0.000000 at y = 2.740000
phi_m, max: 82.293646 at y = 2.835714./ phi_m, min: 0.000000 at y = 2.740000
phi_m, max: 62.267718 at y = 2.835714./ phi_m, min: 0.000000 at y = 2.740000
phi_m, max: 44.011144 at y = 2.835714./ phi_m, min: 0.000000 at y = 2.740000
phi_m, max: 25.880762 at y = 2.835714./ phi_m, min: 0.000000 at y = 2.740000


phi_m, max: -0.000000 at y = 1.900000./ phi_m, min: -0.001153 at y = 1.905168
phi_m, max: -0.000000 at y = 1.900000./ phi_m, min: -0.001162 at y = 1.905168
phi_m, max: 0.001996 at y = 1.728571./ phi_m, min: -0.001050 at y = 1.963787
phi_m, max: 2.391697 at y = 1.728571./ phi_m, min: 0.000000 at y = 1.900000
phi_m, max: 115.332297 at y = 1.900587./ phi_m, min: 0.000000 at y = 1.900000
phi_m, max: 111.987642 at y = 1.909413./ phi_m, min: 0.000000 at y = 1.900000
phi_m, max: 96.831898 at y = 1.963787./ phi_m, min: 0.000000 at y = 1.900000
phi_m, max: 77.525785 at y = 1.963787./ phi_m, min: 0.000000 at y = 1.900000
phi_m, max: 57.643122 at y = 1.963787./ phi_m, min: 0.000000 at y = 1.900000
phi_m, max: 39.994060 at y = 1.963787./ phi_m, min: 0.000000 at y = 1.900000
phi_m, max: 20.373222 at y = 1.963787./ phi_m, min: 0.000000 at y = 1.900000
phi_m, max: 3.434113 at y = 1.963787./ phi_m, min: 0.000000 at y = 1.900000
phi_m, max: 0.162576 at y = 1.963787./ phi_m, min: -0.158968 at y = 1.728571


phi_m, max: 115.829979 at y = 0.228213./ phi_m, min: 0.000000 at y = 0.220000
phi_m, max: 105.912401 at y = 0.344286./ phi_m, min: 0.000000 at y = 0.220000
phi_m, max: 88.488870 at y = 0.344286./ phi_m, min: 0.000000 at y = 0.220000
phi_m, max: 68.543274 at y = 0.344286./ phi_m, min: 0.000000 at y = 0.220000
phi_m, max: 49.456652 at y = 0.344286./ phi_m, min: 0.000000 at y = 0.220000
phi_m, max: 32.251607 at y = 0.344286./ phi_m, min: 0.000000 at y = 0.220000
phi_m, max: 10.619790 at y = 0.344286./ phi_m, min: 0.000000 at y = 0.220000
phi_m, max: 1.168794 at y = 0.344286./ phi_m, min: 0.000000 at y = 0.220000
phi_m, max: -0.000000 at y = 0.220000./ phi_m, min: -0.218211 at y = 0.221175
phi_m, max: -0.000000 at y = 0.220000./ phi_m, min: -0.379595 at y = 0.221787
phi_m, max: -0.000000 at y = 0.220000./ phi_m, min: -0.466319 at y = 0.223213
phi_m, max: -0.000000 at y = 0.220000./ phi_m, min: -0.508923 at y = 0.224490
phi_m, max: -0.000000 at y = 0.220000./ phi_m, min: -0.519414 at y = 0.226426


phi_m, max: -0.000000 at y = 3.790000./ phi_m, min: -0.001153 at y = 4.004832
phi_m, max: -0.000000 at y = 3.790000./ phi_m, min: -0.001162 at y = 3.794832
phi_m, max: -0.000000 at y = 3.790000./ phi_m, min: -0.001153 at y = 3.794832
phi_m, max: -0.000000 at y = 3.790000./ phi_m, min: -0.001143 at y = 3.794832
phi_m, max: -0.000000 at y = 3.790000./ phi_m, min: -0.001133 at y = 4.005168
phi_m, max: -0.000000 at y = 3.790000./ phi_m, min: -0.001125 at y = 4.005168
phi_m, max: -0.000000 at y = 3.790000./ phi_m, min: -0.001117 at y = 4.005168
phi_m, max: 0.001019 at y = 3.761429./ phi_m, min: -0.001104 at y = 4.006367
phi_m, max: 1.643203 at y = 3.761429./ phi_m, min: 0.000000 at y = 3.790000
phi_m, max: 115.222757 at y = 3.790587./ phi_m, min: 0.000000 at y = 3.790000
phi_m, max: 115.888275 at y = 4.007458./ phi_m, min: 0.000000 at y = 3.790000
phi_m, max: 106.421434 at y = 4.009413./ phi_m, min: 0.000000 at y = 3.790000
phi_m, max: 88.890741 at y = 4.010000./ phi_m, min: 0.000000 at y = 3.790000


phi_m, max: -0.000000 at y = 3.580000./ phi_m, min: -0.001153 at y = 3.584832
phi_m, max: -0.000000 at y = 3.580000./ phi_m, min: -0.001162 at y = 3.585168
phi_m, max: -0.000000 at y = 3.580000./ phi_m, min: -0.001153 at y = 3.585168
phi_m, max: -0.000000 at y = 3.580000./ phi_m, min: -0.001143 at y = 3.585168
phi_m, max: -0.000000 at y = 3.580000./ phi_m, min: -0.001133 at y = 3.585168
phi_m, max: -0.000000 at y = 3.580000./ phi_m, min: -0.001125 at y = 3.585168
phi_m, max: -0.000000 at y = 3.580000./ phi_m, min: -0.001104 at y = 3.586787
phi_m, max: 0.084311 at y = 3.551429./ phi_m, min: 0.000000 at y = 3.580000
phi_m, max: 61.606778 at y = 3.551429./ phi_m, min: 0.000000 at y = 3.580000
phi_m, max: 115.633616 at y = 3.588376./ phi_m, min: 0.000000 at y = 3.580000
phi_m, max: 105.225071 at y = 3.761429./ phi_m, min: 0.000000 at y = 3.580000
phi_m, max: 87.507542 at y = 3.761429./ phi_m, min: 0.000000 at y = 3.580000
phi_m, max: 67.487283 at y = 3.761429./ phi_m, min: 0.000000 at y = 3.580000


phi_m, max: -0.000000 at y = 4.850000./ phi_m, min: -0.001153 at y = 5.055168
phi_m, max: -0.000000 at y = 4.850000./ phi_m, min: -0.001162 at y = 4.844832
phi_m, max: -0.000000 at y = 4.850000./ phi_m, min: -0.001153 at y = 4.844832
phi_m, max: -0.000000 at y = 4.850000./ phi_m, min: -0.001143 at y = 4.844832
phi_m, max: -0.000000 at y = 4.850000./ phi_m, min: -0.001133 at y = 4.844832
phi_m, max: -0.000000 at y = 4.850000./ phi_m, min: -0.001125 at y = 4.844832
phi_m, max: -0.000000 at y = 4.850000./ phi_m, min: -0.001117 at y = 4.844832
phi_m, max: -0.000000 at y = 4.850000./ phi_m, min: -0.001111 at y = 5.054832
phi_m, max: -0.000000 at y = 4.850000./ phi_m, min: -0.001106 at y = 5.055168
phi_m, max: -0.000000 at y = 4.850000./ phi_m, min: -0.001101 at y = 5.055168
phi_m, max: 0.007533 at y = 4.840000./ phi_m, min: -0.001075 at y = 5.057458
phi_m, max: 6.350398 at y = 4.840000./ phi_m, min: 0.000000 at y = 4.850000
phi_m, max: 115.906805 at y = 4.842542./ phi_m, min: 0.000000 at y = 4.850000


phi_m, max: -0.000000 at y = 4.420000./ phi_m, min: -0.001153 at y = 4.424832
phi_m, max: -0.000000 at y = 4.420000./ phi_m, min: -0.001162 at y = 4.425168
phi_m, max: -0.000000 at y = 4.420000./ phi_m, min: -0.001153 at y = 4.425168
phi_m, max: -0.000000 at y = 4.420000./ phi_m, min: -0.001143 at y = 4.425168
phi_m, max: -0.000000 at y = 4.420000./ phi_m, min: -0.001133 at y = 4.425168
phi_m, max: -0.000000 at y = 4.420000./ phi_m, min: -0.001125 at y = 4.425168
phi_m, max: -0.000000 at y = 4.420000./ phi_m, min: -0.001117 at y = 4.425168
phi_m, max: -0.000000 at y = 4.420000./ phi_m, min: -0.001111 at y = 4.425168
phi_m, max: -0.000000 at y = 4.420000./ phi_m, min: -0.001102 at y = 4.425587
phi_m, max: 0.019432 at y = 4.391429./ phi_m, min: -0.000599 at y = 4.630000
phi_m, max: 15.051283 at y = 4.391429./ phi_m, min: 0.000000 at y = 4.420000
phi_m, max: 115.933807 at y = 4.426426./ phi_m, min: 0.000000 at y = 4.420000
phi_m, max: 108.825327 at y = 4.630000./ phi_m, min: 0.000000 at y = 4.420000


phi_m, max: 0.015271 at y = 0.860000./ phi_m, min: -0.000723 at y = 1.070000
phi_m, max: 12.013272 at y = 0.860000./ phi_m, min: 0.000000 at y = 0.888571
phi_m, max: 115.904112 at y = 1.063633./ phi_m, min: 0.000000 at y = 0.888571
phi_m, max: 109.137075 at y = 1.069413./ phi_m, min: 0.000000 at y = 0.888571
phi_m, max: 92.540970 at y = 1.070000./ phi_m, min: 0.000000 at y = 0.888571
phi_m, max: 72.734563 at y = 1.070000./ phi_m, min: 0.000000 at y = 0.888571
phi_m, max: 53.159701 at y = 1.070000./ phi_m, min: 0.000000 at y = 0.888571
phi_m, max: 35.884004 at y = 1.070000./ phi_m, min: 0.000000 at y = 0.888571
phi_m, max: 14.654216 at y = 1.070000./ phi_m, min: 0.000000 at y = 0.888571
phi_m, max: 1.922336 at y = 1.070000./ phi_m, min: 0.000000 at y = 0.888571
phi_m, max: -0.000000 at y = 0.888571./ phi_m, min: -0.228129 at y = 0.860000
phi_m, max: -0.000000 at y = 0.888571./ phi_m, min: -0.388670 at y = 0.860000
phi_m, max: -0.000000 at y = 0.888571./ phi_m, min: -0.469793 at y = 0.860000


phi_m, max: -0.000000 at y = 4.210000./ phi_m, min: -0.001153 at y = 4.215168
phi_m, max: -0.000000 at y = 4.210000./ phi_m, min: -0.001162 at y = 4.214832
phi_m, max: -0.000000 at y = 4.210000./ phi_m, min: -0.001153 at y = 4.214832
phi_m, max: -0.000000 at y = 4.210000./ phi_m, min: -0.001143 at y = 4.214832
phi_m, max: -0.000000 at y = 4.210000./ phi_m, min: -0.001133 at y = 4.214832
phi_m, max: -0.000000 at y = 4.210000./ phi_m, min: -0.001125 at y = 4.215168
phi_m, max: -0.000000 at y = 4.210000./ phi_m, min: -0.001117 at y = 4.215168
phi_m, max: -0.000000 at y = 4.210000./ phi_m, min: -0.001111 at y = 4.215168
phi_m, max: -0.000000 at y = 4.210000./ phi_m, min: -0.001057 at y = 4.420000
phi_m, max: 0.785040 at y = 4.210000./ phi_m, min: 0.000000 at y = 4.210000
phi_m, max: 113.282362 at y = 4.210000./ phi_m, min: 0.000000 at y = 4.210000
phi_m, max: 113.637488 at y = 4.420000./ phi_m, min: 0.000000 at y = 4.210000
phi_m, max: 100.262397 at y = 4.420000./ phi_m, min: 0.000000 at y = 4.210000


phi_m, max: 114.270515 at y = 0.430587./ phi_m, min: -0.001124 at y = 3.198571
phi_m, max: 112.995228 at y = 0.439413./ phi_m, min: -0.001133 at y = 3.341429
phi_m, max: 98.507055 at y = 0.440000./ phi_m, min: -0.001125 at y = 3.341429
phi_m, max: 79.334432 at y = 0.440000./ phi_m, min: -0.001114 at y = 3.341429
phi_m, max: 59.322314 at y = 0.440000./ phi_m, min: -0.001105 at y = 3.341429
phi_m, max: 41.434949 at y = 0.440000./ phi_m, min: -0.001090 at y = 3.341429
phi_m, max: 22.296643 at y = 0.440000./ phi_m, min: 0.000000 at y = 0.430000
phi_m, max: 4.480422 at y = 3.198571./ phi_m, min: 0.000000 at y = 0.430000
phi_m, max: 114.584028 at y = 3.341429./ phi_m, min: -0.112950 at y = 0.344286
phi_m, max: 103.430016 at y = 3.341429./ phi_m, min: -0.342296 at y = 0.344286
phi_m, max: 85.242653 at y = 3.341429./ phi_m, min: -0.444503 at y = 0.344286
phi_m, max: 65.177600 at y = 3.341429./ phi_m, min: -0.498707 at y = 0.431624
phi_m, max: 46.502200 at y = 3.341429./ phi_m, min: -0.519414 at y = 0.433574


phi_m, max: -0.000000 at y = 1.480000./ phi_m, min: -0.001152 at y = 1.485168
phi_m, max: 0.005816 at y = 1.308571./ phi_m, min: -0.000962 at y = 1.518571
phi_m, max: 5.150036 at y = 1.308571./ phi_m, min: 0.000000 at y = 1.480000
phi_m, max: 115.881761 at y = 1.481624./ phi_m, min: 0.000000 at y = 1.480000
phi_m, max: 110.628864 at y = 1.489413./ phi_m, min: 0.000000 at y = 1.480000
phi_m, max: 94.697881 at y = 1.490000./ phi_m, min: 0.000000 at y = 1.480000
phi_m, max: 75.119998 at y = 1.518571./ phi_m, min: 0.000000 at y = 1.480000
phi_m, max: 55.371945 at y = 1.518571./ phi_m, min: 0.000000 at y = 1.480000
phi_m, max: 37.955804 at y = 1.518571./ phi_m, min: 0.000000 at y = 1.480000
phi_m, max: 17.479702 at y = 1.518571./ phi_m, min: 0.000000 at y = 1.480000
phi_m, max: 2.588111 at y = 1.518571./ phi_m, min: 0.000000 at y = 1.480000
phi_m, max: 0.060715 at y = 1.518571./ phi_m, min: -0.194830 at y = 1.308571
phi_m, max: -0.000000 at y = 1.480000./ phi_m, min: -0.373771 at y = 1.308571


phi_m, max: -0.000000 at y = 2.110000./ phi_m, min: -0.001153 at y = 2.115168
phi_m, max: -0.000000 at y = 2.110000./ phi_m, min: -0.001162 at y = 2.115168
phi_m, max: -0.000000 at y = 2.110000./ phi_m, min: -0.001146 at y = 2.116367
phi_m, max: 0.057853 at y = 1.938571./ phi_m, min: 0.000000 at y = 2.110000
phi_m, max: 49.175436 at y = 1.938571./ phi_m, min: 0.000000 at y = 2.110000
phi_m, max: 115.860600 at y = 2.117458./ phi_m, min: 0.000000 at y = 2.110000
phi_m, max: 106.118442 at y = 2.119413./ phi_m, min: 0.000000 at y = 2.110000
phi_m, max: 88.582685 at y = 2.177143./ phi_m, min: 0.000000 at y = 2.110000
phi_m, max: 68.627146 at y = 2.177143./ phi_m, min: 0.000000 at y = 2.110000
phi_m, max: 49.523746 at y = 2.177143./ phi_m, min: 0.000000 at y = 2.110000
phi_m, max: 32.304950 at y = 2.177143./ phi_m, min: 0.000000 at y = 2.110000
phi_m, max: 10.640397 at y = 2.177143./ phi_m, min: 0.000000 at y = 2.110000
phi_m, max: 1.172477 at y = 2.177143./ phi_m, min: 0.000000 at y = 2.110000


phi_m, max: -0.000000 at y = 5.050000./ phi_m, min: -0.001153 at y = 5.055168
phi_m, max: -0.000000 at y = 5.050000./ phi_m, min: -0.001162 at y = 5.475168
phi_m, max: -0.000000 at y = 5.050000./ phi_m, min: -0.001153 at y = 5.475168
phi_m, max: -0.000000 at y = 5.050000./ phi_m, min: -0.001143 at y = 5.475168
phi_m, max: -0.000000 at y = 5.050000./ phi_m, min: -0.001133 at y = 5.475168
phi_m, max: -0.000000 at y = 5.050000./ phi_m, min: -0.001125 at y = 5.475168
phi_m, max: -0.000000 at y = 5.050000./ phi_m, min: -0.001117 at y = 5.475168
phi_m, max: -0.000000 at y = 5.050000./ phi_m, min: -0.001111 at y = 5.475168
phi_m, max: -0.000000 at y = 5.050000./ phi_m, min: -0.001106 at y = 5.475168
phi_m, max: -0.000000 at y = 5.050000./ phi_m, min: -0.001101 at y = 5.475168
phi_m, max: -0.000000 at y = 5.050000./ phi_m, min: -0.001097 at y = 5.475168
phi_m, max: 0.155257 at y = 5.050000./ phi_m, min: -0.001081 at y = 5.476787
phi_m, max: 85.181852 at y = 5.050000./ phi_m, min: 0.000000 at y = 5.050000


Writing: "Fiber2DEphapticPlaneL6Isolated_13.chk"
phi_m, max: -0.000000 at y = 1.270000./ phi_m, min: -0.001127 at y = 1.278213
phi_m, max: 0.294549 at y = 1.070000./ phi_m, min: 0.000000 at y = 1.270000
phi_m, max: 104.482222 at y = 1.070000./ phi_m, min: 0.000000 at y = 1.270000
phi_m, max: 114.883380 at y = 1.278376./ phi_m, min: 0.000000 at y = 1.270000
phi_m, max: 102.444573 at y = 1.279413./ phi_m, min: 0.000000 at y = 1.270000
phi_m, max: 83.985286 at y = 1.308571./ phi_m, min: 0.000000 at y = 1.270000
phi_m, max: 63.914494 at y = 1.308571./ phi_m, min: 0.000000 at y = 1.270000
phi_m, max: 45.412957 at y = 1.308571./ phi_m, min: 0.000000 at y = 1.270000
phi_m, max: 27.604317 at y = 1.308571./ phi_m, min: 0.000000 at y = 1.270000
phi_m, max: 6.773419 at y = 1.308571./ phi_m, min: 0.000000 at y = 1.270000
phi_m, max: 0.588895 at y = 1.308571./ phi_m, min: -0.019858 at y = 1.070000
phi_m, max: -0.000000 at y = 1.270000./ phi_m, min: -0.314857 at y = 1.070000
phi_m, max: -0.000000 at y = 1.270000./ phi_m, min: -0.431035 at y = 1.070000


 (0.00195805s, XML)
phi_m, max: -0.000000 at y = 3.370000./ phi_m, min: -0.001153 at y = 3.375168
phi_m, max: -0.000000 at y = 3.370000./ phi_m, min: -0.001162 at y = 3.374832
phi_m, max: -0.000000 at y = 3.370000./ phi_m, min: -0.001153 at y = 3.374832
phi_m, max: -0.000000 at y = 3.370000./ phi_m, min: -0.001143 at y = 3.375168
phi_m, max: -0.000000 at y = 3.370000./ phi_m, min: -0.001133 at y = 3.375168
phi_m, max: -0.000000 at y = 3.370000./ phi_m, min: -0.001124 at y = 3.375168
phi_m, max: 0.003593 at y = 3.341429./ phi_m, min: -0.000974 at y = 3.551429
phi_m, max: 3.468323 at y = 3.341429./ phi_m, min: 0.000000 at y = 3.370000
phi_m, max: 115.812488 at y = 3.371624./ phi_m, min: 0.000000 at y = 3.370000
phi_m, max: 111.118954 at y = 3.551429./ phi_m, min: 0.000000 at y = 3.370000
phi_m, max: 95.858603 at y = 3.551429./ phi_m, min: 0.000000 at y = 3.370000
phi_m, max: 76.404143 at y = 3.551429./ phi_m, min: 0.000000 at y = 3.370000
phi_m, max: 56.568970 at y = 3.551429./ phi_m, min: 0.000000 at y = 3.370000
phi_m, max: 39.029027 at y = 3.551429./ phi_m, min: 0.000000 at y = 3.370000


phi_m, max: -0.000000 at y = 3.971429./ phi_m, min: -0.001126 at y = 4.000000
phi_m, max: -0.000000 at y = 3.971429./ phi_m, min: -0.001135 at y = 4.210000
phi_m, max: -0.000000 at y = 3.971429./ phi_m, min: -0.001127 at y = 4.210000
phi_m, max: -0.000000 at y = 3.971429./ phi_m, min: -0.001116 at y = 4.210000
phi_m, max: -0.000000 at y = 3.971429./ phi_m, min: -0.001107 at y = 4.210000
phi_m, max: -0.000000 at y = 3.971429./ phi_m, min: -0.001099 at y = 4.210000
phi_m, max: -0.000000 at y = 3.971429./ phi_m, min: -0.001091 at y = 4.210000
phi_m, max: -0.000000 at y = 3.971429./ phi_m, min: -0.001084 at y = 4.210000
phi_m, max: 0.046448 at y = 3.885714./ phi_m, min: -0.000136 at y = 4.210000
phi_m, max: 39.483976 at y = 3.885714./ phi_m, min: 0.000000 at y = 3.971429
phi_m, max: 114.258289 at y = 4.010000./ phi_m, min: 0.000000 at y = 3.971429
phi_m, max: 107.235335 at y = 4.210000./ phi_m, min: 0.000000 at y = 3.971429
phi_m, max: 90.065210 at y = 4.210000./ phi_m, min: 0.000000 at y = 3.971429
phi_m, max: 70.104670 at y = 4.210000./ phi_m, min: 0.000000 at y = 3.971429


phi_m, max: -0.000000 at y = 5.260000./ phi_m, min: -0.001153 at y = 5.264832
phi_m, max: -0.000000 at y = 5.260000./ phi_m, min: -0.001162 at y = 5.265168
phi_m, max: -0.000000 at y = 5.260000./ phi_m, min: -0.001153 at y = 5.265168
phi_m, max: -0.000000 at y = 5.260000./ phi_m, min: -0.001143 at y = 5.265168
phi_m, max: -0.000000 at y = 5.260000./ phi_m, min: -0.001133 at y = 5.265168
phi_m, max: -0.000000 at y = 5.260000./ phi_m, min: -0.001125 at y = 5.265168
phi_m, max: -0.000000 at y = 5.260000./ phi_m, min: -0.001117 at y = 5.265168
phi_m, max: -0.000000 at y = 5.260000./ phi_m, min: -0.001111 at y = 5.265168
phi_m, max: -0.000000 at y = 5.260000./ phi_m, min: -0.001106 at y = 5.265168
phi_m, max: -0.000000 at y = 5.260000./ phi_m, min: -0.001101 at y = 5.265168
phi_m, max: -0.000000 at y = 5.260000./ phi_m, min: -0.001096 at y = 5.265168
phi_m, max: 0.004417 at y = 5.063356./ phi_m, min: -0.000936 at y = 5.298571
phi_m, max: 4.065308 at y = 5.063356./ phi_m, min: 0.000000 at y = 5.260000
phi_m, max: 115.755553 at y = 5.261787./ phi_m, min: 0.000000 at y = 5.260000


phi_m, max: 27.072587 at y = 0.440000./ phi_m, min: 0.000000 at y = 0.430000
phi_m, max: 115.962318 at y = 0.646426./ phi_m, min: 0.000000 at y = 0.430000
phi_m, max: 107.497158 at y = 0.649413./ phi_m, min: 0.000000 at y = 0.430000
phi_m, max: 90.342674 at y = 0.650000./ phi_m, min: 0.000000 at y = 0.430000
phi_m, max: 70.397993 at y = 0.650000./ phi_m, min: 0.000000 at y = 0.430000
phi_m, max: 51.059040 at y = 0.650000./ phi_m, min: 0.000000 at y = 0.430000
phi_m, max: 33.834448 at y = 0.650000./ phi_m, min: 0.000000 at y = 0.430000
phi_m, max: 12.186847 at y = 0.650000./ phi_m, min: 0.000000 at y = 0.430000
phi_m, max: 1.438481 at y = 0.650000./ phi_m, min: -0.000000 at y = 0.430000
phi_m, max: -0.000000 at y = 0.430000./ phi_m, min: -0.254718 at y = 0.440000
phi_m, max: -0.000000 at y = 0.430000./ phi_m, min: -0.401004 at y = 0.440000
phi_m, max: -0.000000 at y = 0.430000./ phi_m, min: -0.476110 at y = 0.440000
phi_m, max: -0.000000 at y = 0.430000./ phi_m, min: -0.511391 at y = 0.641787
phi_m, max: -0.000000 at y = 0.430000./ phi_m, min: -0.520635 at y = 0.644832


phi_m, max: -0.000000 at y = 5.690000./ phi_m, min: -0.001153 at y = 5.895168
phi_m, max: -0.000000 at y = 5.690000./ phi_m, min: -0.001162 at y = 5.895168
phi_m, max: -0.000000 at y = 5.690000./ phi_m, min: -0.001153 at y = 5.895168
phi_m, max: -0.000000 at y = 5.690000./ phi_m, min: -0.001143 at y = 5.895168
phi_m, max: -0.000000 at y = 5.690000./ phi_m, min: -0.001133 at y = 5.895168
phi_m, max: -0.000000 at y = 5.690000./ phi_m, min: -0.001125 at y = 5.895168
phi_m, max: -0.000000 at y = 5.690000./ phi_m, min: -0.001117 at y = 5.895168
phi_m, max: -0.000000 at y = 5.690000./ phi_m, min: -0.001111 at y = 5.895168
phi_m, max: -0.000000 at y = 5.690000./ phi_m, min: -0.001106 at y = 5.895168
phi_m, max: -0.000000 at y = 5.690000./ phi_m, min: -0.001101 at y = 5.895168
phi_m, max: -0.000000 at y = 5.690000./ phi_m, min: -0.001097 at y = 5.895168
phi_m, max: -0.000000 at y = 5.690000./ phi_m, min: -0.001093 at y = 5.895168
phi_m, max: -0.000000 at y = 5.690000./ phi_m, min: -0.001084 at y = 5.895916
phi_m, max: 0.047804 at y = 5.690000./ phi_m, min: 0.000000 at y = 5.690000


phi_m, max: -0.000000 at y = 4.640000./ phi_m, min: -0.001153 at y = 4.634832
phi_m, max: -0.000000 at y = 4.640000./ phi_m, min: -0.001162 at y = 4.635168
phi_m, max: -0.000000 at y = 4.640000./ phi_m, min: -0.001153 at y = 4.635168
phi_m, max: -0.000000 at y = 4.640000./ phi_m, min: -0.001143 at y = 4.635168
phi_m, max: -0.000000 at y = 4.640000./ phi_m, min: -0.001133 at y = 4.635168
phi_m, max: -0.000000 at y = 4.640000./ phi_m, min: -0.001125 at y = 4.635168
phi_m, max: -0.000000 at y = 4.640000./ phi_m, min: -0.001117 at y = 4.635168
phi_m, max: -0.000000 at y = 4.640000./ phi_m, min: -0.001111 at y = 4.635168
phi_m, max: -0.000000 at y = 4.640000./ phi_m, min: -0.001105 at y = 4.635168
phi_m, max: -0.000000 at y = 4.640000./ phi_m, min: -0.001064 at y = 4.638825
phi_m, max: 0.348577 at y = 4.630000./ phi_m, min: 0.000000 at y = 4.640000
phi_m, max: 106.754372 at y = 4.630000./ phi_m, min: 0.000000 at y = 4.640000
phi_m, max: 114.409539 at y = 4.840000./ phi_m, min: 0.000000 at y = 4.640000
phi_m, max: 102.203202 at y = 4.840000./ phi_m, min: 0.000000 at y = 4.640000


phi_m, max: -0.000000 at y = 5.050000./ phi_m, min: -0.001153 at y = 5.055168
phi_m, max: -0.000000 at y = 5.050000./ phi_m, min: -0.001162 at y = 5.475168
phi_m, max: -0.000000 at y = 5.050000./ phi_m, min: -0.001153 at y = 5.475168
phi_m, max: -0.000000 at y = 5.050000./ phi_m, min: -0.001143 at y = 5.475168
phi_m, max: -0.000000 at y = 5.050000./ phi_m, min: -0.001133 at y = 5.475168
phi_m, max: -0.000000 at y = 5.050000./ phi_m, min: -0.001125 at y = 5.475168
phi_m, max: -0.000000 at y = 5.050000./ phi_m, min: -0.001117 at y = 5.475168
phi_m, max: -0.000000 at y = 5.050000./ phi_m, min: -0.001111 at y = 5.475168
phi_m, max: -0.000000 at y = 5.050000./ phi_m, min: -0.001106 at y = 5.475168
phi_m, max: -0.000000 at y = 5.050000./ phi_m, min: -0.001101 at y = 5.475168
phi_m, max: -0.000000 at y = 5.050000./ phi_m, min: -0.001097 at y = 5.475168
phi_m, max: 0.155257 at y = 5.050000./ phi_m, min: -0.001081 at y = 5.476787
phi_m, max: 85.181852 at y = 5.050000./ phi_m, min: 0.000000 at y = 5.050000
phi_m, max: 115.152388 at y = 5.058376./ phi_m, min: 0.000000 at y = 5.050000


phi_m, max: -0.000000 at y = 2.740000./ phi_m, min: -0.001153 at y = 2.744832
phi_m, max: -0.000000 at y = 2.740000./ phi_m, min: -0.001162 at y = 2.745168
phi_m, max: -0.000000 at y = 2.740000./ phi_m, min: -0.001153 at y = 2.745168
phi_m, max: -0.000000 at y = 2.740000./ phi_m, min: -0.001143 at y = 2.745168
phi_m, max: -0.000000 at y = 2.740000./ phi_m, min: -0.001093 at y = 2.748825
phi_m, max: 0.524967 at y = 2.597143./ phi_m, min: 0.000000 at y = 2.740000
phi_m, max: 110.624607 at y = 2.597143./ phi_m, min: 0.000000 at y = 2.740000
phi_m, max: 114.210398 at y = 2.749413./ phi_m, min: 0.000000 at y = 2.740000
phi_m, max: 100.939700 at y = 2.835714./ phi_m, min: 0.000000 at y = 2.740000
phi_m, max: 82.293646 at y = 2.835714./ phi_m, min: 0.000000 at y = 2.740000
phi_m, max: 62.267718 at y = 2.835714./ phi_m, min: 0.000000 at y = 2.740000
phi_m, max: 44.011144 at y = 2.835714./ phi_m, min: 0.000000 at y = 2.740000
phi_m, max: 25.880762 at y = 2.835714./ phi_m, min: 0.000000 at y = 2.740000
phi_m, max: 5.775561 at y = 2.835714./ phi_m, min: 0.000000 at y = 2.740000


phi_m, max: -0.000000 at y = 1.900000./ phi_m, min: -0.001153 at y = 1.905168
phi_m, max: -0.000000 at y = 1.900000./ phi_m, min: -0.001162 at y = 1.905168
phi_m, max: 0.001996 at y = 1.728571./ phi_m, min: -0.001050 at y = 1.963787
phi_m, max: 2.391697 at y = 1.728571./ phi_m, min: 0.000000 at y = 1.900000
phi_m, max: 115.332297 at y = 1.900587./ phi_m, min: 0.000000 at y = 1.900000
phi_m, max: 111.987642 at y = 1.909413./ phi_m, min: 0.000000 at y = 1.900000
phi_m, max: 96.831898 at y = 1.963787./ phi_m, min: 0.000000 at y = 1.900000
phi_m, max: 77.525785 at y = 1.963787./ phi_m, min: 0.000000 at y = 1.900000
phi_m, max: 57.643122 at y = 1.963787./ phi_m, min: 0.000000 at y = 1.900000
phi_m, max: 39.994060 at y = 1.963787./ phi_m, min: 0.000000 at y = 1.900000
phi_m, max: 20.373222 at y = 1.963787./ phi_m, min: 0.000000 at y = 1.900000
phi_m, max: 3.434113 at y = 1.963787./ phi_m, min: 0.000000 at y = 1.900000
phi_m, max: 0.162576 at y = 1.963787./ phi_m, min: -0.158968 at y = 1.728571
phi_m, max: -0.000000 at y = 1.900000./ phi_m, min: -0.359476 at y = 1.728571


phi_m, max: -0.000000 at y = 1.270000./ phi_m, min: -0.001127 at y = 1.278213
phi_m, max: 0.294549 at y = 1.070000./ phi_m, min: 0.000000 at y = 1.270000
phi_m, max: 104.482222 at y = 1.070000./ phi_m, min: 0.000000 at y = 1.270000
phi_m, max: 114.883380 at y = 1.278376./ phi_m, min: 0.000000 at y = 1.270000
phi_m, max: 102.444573 at y = 1.279413./ phi_m, min: 0.000000 at y = 1.270000
phi_m, max: 83.985286 at y = 1.308571./ phi_m, min: 0.000000 at y = 1.270000
phi_m, max: 63.914494 at y = 1.308571./ phi_m, min: 0.000000 at y = 1.270000
phi_m, max: 45.412957 at y = 1.308571./ phi_m, min: 0.000000 at y = 1.270000
phi_m, max: 27.604317 at y = 1.308571./ phi_m, min: 0.000000 at y = 1.270000
phi_m, max: 6.773419 at y = 1.308571./ phi_m, min: 0.000000 at y = 1.270000
phi_m, max: 0.588895 at y = 1.308571./ phi_m, min: -0.019858 at y = 1.070000
phi_m, max: -0.000000 at y = 1.270000./ phi_m, min: -0.314857 at y = 1.070000
phi_m, max: -0.000000 at y = 1.270000./ phi_m, min: -0.431035 at y = 1.070000
phi_m, max: -0.000000 at y = 1.270000./ phi_m, min: -0.490614 at y = 1.070000


phi_m, max: 115.829979 at y = 0.228213./ phi_m, min: 0.000000 at y = 0.220000
phi_m, max: 105.912401 at y = 0.344286./ phi_m, min: 0.000000 at y = 0.220000
phi_m, max: 88.488870 at y = 0.344286./ phi_m, min: 0.000000 at y = 0.220000
phi_m, max: 68.543274 at y = 0.344286./ phi_m, min: 0.000000 at y = 0.220000
phi_m, max: 49.456652 at y = 0.344286./ phi_m, min: 0.000000 at y = 0.220000
phi_m, max: 32.251607 at y = 0.344286./ phi_m, min: 0.000000 at y = 0.220000
phi_m, max: 10.619790 at y = 0.344286./ phi_m, min: 0.000000 at y = 0.220000
phi_m, max: 1.168794 at y = 0.344286./ phi_m, min: 0.000000 at y = 0.220000
phi_m, max: -0.000000 at y = 0.220000./ phi_m, min: -0.218211 at y = 0.221175
phi_m, max: -0.000000 at y = 0.220000./ phi_m, min: -0.379595 at y = 0.221787
phi_m, max: -0.000000 at y = 0.220000./ phi_m, min: -0.466319 at y = 0.223213
phi_m, max: -0.000000 at y = 0.220000./ phi_m, min: -0.508923 at y = 0.224490
phi_m, max: -0.000000 at y = 0.220000./ phi_m, min: -0.519414 at y = 0.226426
phi_m, max: -0.000000 at y = 0.220000./ phi_m, min: -0.506772 at y = 0.227458


phi_m, max: -0.000000 at y = 1.518571./ phi_m, min: -0.001153 at y = 1.695168
phi_m, max: -0.000000 at y = 1.518571./ phi_m, min: -0.001147 at y = 1.696787
phi_m, max: 0.131643 at y = 1.490000./ phi_m, min: 0.000000 at y = 1.518571
phi_m, max: 83.454072 at y = 1.490000./ phi_m, min: 0.000000 at y = 1.518571
phi_m, max: 115.553562 at y = 1.698376./ phi_m, min: 0.000000 at y = 1.518571
phi_m, max: 104.324704 at y = 1.699413./ phi_m, min: 0.000000 at y = 1.518571
phi_m, max: 86.263429 at y = 1.728571./ phi_m, min: 0.000000 at y = 1.518571
phi_m, max: 66.214197 at y = 1.728571./ phi_m, min: 0.000000 at y = 1.518571
phi_m, max: 47.401587 at y = 1.728571./ phi_m, min: 0.000000 at y = 1.518571
phi_m, max: 29.961206 at y = 1.728571./ phi_m, min: 0.000000 at y = 1.518571
phi_m, max: 8.483434 at y = 1.728571./ phi_m, min: 0.000000 at y = 1.518571
phi_m, max: 0.832583 at y = 1.728571./ phi_m, min: 0.000000 at y = 1.518571
phi_m, max: -0.000000 at y = 1.518571./ phi_m, min: -0.295360 at y = 1.490000
phi_m, max: -0.000000 at y = 1.518571./ phi_m, min: -0.420952 at y = 1.490000


phi_m, max: -0.000000 at y = 3.790000./ phi_m, min: -0.001153 at y = 4.004832
phi_m, max: -0.000000 at y = 3.790000./ phi_m, min: -0.001162 at y = 3.794832
phi_m, max: -0.000000 at y = 3.790000./ phi_m, min: -0.001153 at y = 3.794832
phi_m, max: -0.000000 at y = 3.790000./ phi_m, min: -0.001143 at y = 3.794832
phi_m, max: -0.000000 at y = 3.790000./ phi_m, min: -0.001133 at y = 4.005168
phi_m, max: -0.000000 at y = 3.790000./ phi_m, min: -0.001125 at y = 4.005168
phi_m, max: -0.000000 at y = 3.790000./ phi_m, min: -0.001117 at y = 4.005168
phi_m, max: 0.001019 at y = 3.761429./ phi_m, min: -0.001104 at y = 4.006367
phi_m, max: 1.643203 at y = 3.761429./ phi_m, min: 0.000000 at y = 3.790000
phi_m, max: 115.222757 at y = 3.790587./ phi_m, min: 0.000000 at y = 3.790000
phi_m, max: 115.888275 at y = 4.007458./ phi_m, min: 0.000000 at y = 3.790000
phi_m, max: 106.421434 at y = 4.009413./ phi_m, min: 0.000000 at y = 3.790000
phi_m, max: 88.890741 at y = 4.010000./ phi_m, min: 0.000000 at y = 3.790000
phi_m, max: 68.878995 at y = 4.010000./ phi_m, min: 0.000000 at y = 3.790000


phi_m, max: -0.000000 at y = 3.580000./ phi_m, min: -0.001153 at y = 3.584832
phi_m, max: -0.000000 at y = 3.580000./ phi_m, min: -0.001162 at y = 3.585168
phi_m, max: -0.000000 at y = 3.580000./ phi_m, min: -0.001153 at y = 3.585168
phi_m, max: -0.000000 at y = 3.580000./ phi_m, min: -0.001143 at y = 3.585168
phi_m, max: -0.000000 at y = 3.580000./ phi_m, min: -0.001133 at y = 3.585168
phi_m, max: -0.000000 at y = 3.580000./ phi_m, min: -0.001125 at y = 3.585168
phi_m, max: -0.000000 at y = 3.580000./ phi_m, min: -0.001104 at y = 3.586787
phi_m, max: 0.084311 at y = 3.551429./ phi_m, min: 0.000000 at y = 3.580000
phi_m, max: 61.606778 at y = 3.551429./ phi_m, min: 0.000000 at y = 3.580000
phi_m, max: 115.633616 at y = 3.588376./ phi_m, min: 0.000000 at y = 3.580000
phi_m, max: 105.225071 at y = 3.761429./ phi_m, min: 0.000000 at y = 3.580000
phi_m, max: 87.507542 at y = 3.761429./ phi_m, min: 0.000000 at y = 3.580000
phi_m, max: 67.487283 at y = 3.761429./ phi_m, min: 0.000000 at y = 3.580000
phi_m, max: 48.510098 at y = 3.761429./ phi_m, min: 0.000000 at y = 3.580000


phi_m, max: -0.000000 at y = 4.850000./ phi_m, min: -0.001153 at y = 5.055168
phi_m, max: -0.000000 at y = 4.850000./ phi_m, min: -0.001162 at y = 4.844832
phi_m, max: -0.000000 at y = 4.850000./ phi_m, min: -0.001153 at y = 4.844832
phi_m, max: -0.000000 at y = 4.850000./ phi_m, min: -0.001143 at y = 4.844832
phi_m, max: -0.000000 at y = 4.850000./ phi_m, min: -0.001133 at y = 4.844832
phi_m, max: -0.000000 at y = 4.850000./ phi_m, min: -0.001125 at y = 4.844832
phi_m, max: -0.000000 at y = 4.850000./ phi_m, min: -0.001117 at y = 4.844832
phi_m, max: -0.000000 at y = 4.850000./ phi_m, min: -0.001111 at y = 5.054832
phi_m, max: -0.000000 at y = 4.850000./ phi_m, min: -0.001106 at y = 5.055168
phi_m, max: -0.000000 at y = 4.850000./ phi_m, min: -0.001101 at y = 5.055168
phi_m, max: 0.007533 at y = 4.840000./ phi_m, min: -0.001075 at y = 5.057458
phi_m, max: 6.350398 at y = 4.840000./ phi_m, min: 0.000000 at y = 4.850000
phi_m, max: 115.906805 at y = 4.842542./ phi_m, min: 0.000000 at y = 4.850000
phi_m, max: 115.152388 at y = 5.058376./ phi_m, min: 0.000000 at y = 4.850000


phi_m, max: -0.000000 at y = 4.420000./ phi_m, min: -0.001153 at y = 4.424832
phi_m, max: -0.000000 at y = 4.420000./ phi_m, min: -0.001162 at y = 4.425168
phi_m, max: -0.000000 at y = 4.420000./ phi_m, min: -0.001153 at y = 4.425168
phi_m, max: -0.000000 at y = 4.420000./ phi_m, min: -0.001143 at y = 4.425168
phi_m, max: -0.000000 at y = 4.420000./ phi_m, min: -0.001133 at y = 4.425168
phi_m, max: -0.000000 at y = 4.420000./ phi_m, min: -0.001125 at y = 4.425168
phi_m, max: -0.000000 at y = 4.420000./ phi_m, min: -0.001117 at y = 4.425168
phi_m, max: -0.000000 at y = 4.420000./ phi_m, min: -0.001111 at y = 4.425168
phi_m, max: -0.000000 at y = 4.420000./ phi_m, min: -0.001102 at y = 4.425587
phi_m, max: 0.019432 at y = 4.391429./ phi_m, min: -0.000599 at y = 4.630000
phi_m, max: 15.051283 at y = 4.391429./ phi_m, min: 0.000000 at y = 4.420000
phi_m, max: 115.933807 at y = 4.426426./ phi_m, min: 0.000000 at y = 4.420000
phi_m, max: 108.825327 at y = 4.630000./ phi_m, min: 0.000000 at y = 4.420000
phi_m, max: 92.268689 at y = 4.630000./ phi_m, min: 0.000000 at y = 4.420000


Steps: 14000000 Time: 1.4         

Time: 0.100000
CPU Time: 75.967054 min.
phi_m, max: -0.000000 at y = 3.131429./ phi_m, min: -0.001161 at y = 6.320000

Time: 0.200000
CPU Time: 76.078753 min.
phi_m, max: -0.000000 at y = 3.131429./ phi_m, min: -0.001170 at y = 6.320000

Time: 0.300000
CPU Time: 76.078915 min.
phi_m, max: -0.000000 at y = 3.131429./ phi_m, min: -0.001161 at y = 6.320000

Time: 0.400000
CPU Time: 75.006097 min.
phi_m, max: -0.000000 at y = 3.131429./ phi_m, min: -0.001150 at y = 6.320000

Time: 0.500000
CPU Time: 74.527973 min.
phi_m, max: -0.000000 at y = 3.131429./ phi_m, min: -0.001141 at y = 6.320000

Time: 0.600000
CPU Time: 74.751958 min.
phi_m, max: -0.000000 at y = 3.131429./ phi_m, min: -0.001132 at y = 6.320000

Time: 0.700000
CPU Time: 74.543354 min.
phi_m, max: 0.221976 at y = 3.045714./ phi_m, min: -0.001125 at y = 6.320000

Time: 0.800000
CPU Time: 74.910916 min.
phi_m, max: 96.525729 at y = 3.045714./ phi_m, min: -0.001118 at y = 6.320000

Time: 0.900000
CPU Time: 74.334826 min.
phi_m, max: 115.022059 at y = 3.168376./ phi_m, min: -0.001113 at y = 6.320000

Time: 1.000000
CPU Time: 74.162983 min.
phi_m, max: 102.777951 at y = 3.169413./ phi_m, min: -0.001108 at y = 6.320000

Time: 1.100000
CPU Time: 74.031634 min.
phi_m, max: 84.458962 at y = 3.227143./ phi_m, min: -0.001104 at y = 6.320000

Time: 1.200000
CPU Time: 74.065036 min.
phi_m, max: 64.413000 at y = 3.227143./ phi_m, min: -0.001100 at y = 6.320000

Time: 1.300000
CPU Time: 73.920307 min.
phi_m, max: 45.854036 at y = 3.227143./ phi_m, min: -0.001097 at y = 6.320000

Time: 1.400000
CPU Time: 74.164243 min.
phi_m, max: 28.171697 at y = 3.227143./ phi_m, min: -0.001093 at y = 6.320000


phi_m, max: 0.015271 at y = 0.860000./ phi_m, min: -0.000723 at y = 1.070000
phi_m, max: 12.013272 at y = 0.860000./ phi_m, min: 0.000000 at y = 0.888571
phi_m, max: 115.904112 at y = 1.063633./ phi_m, min: 0.000000 at y = 0.888571
phi_m, max: 109.137075 at y = 1.069413./ phi_m, min: 0.000000 at y = 0.888571
phi_m, max: 92.540970 at y = 1.070000./ phi_m, min: 0.000000 at y = 0.888571
phi_m, max: 72.734563 at y = 1.070000./ phi_m, min: 0.000000 at y = 0.888571
phi_m, max: 53.159701 at y = 1.070000./ phi_m, min: 0.000000 at y = 0.888571
phi_m, max: 35.884004 at y = 1.070000./ phi_m, min: 0.000000 at y = 0.888571
phi_m, max: 14.654216 at y = 1.070000./ phi_m, min: 0.000000 at y = 0.888571
phi_m, max: 1.922336 at y = 1.070000./ phi_m, min: 0.000000 at y = 0.888571
phi_m, max: -0.000000 at y = 0.888571./ phi_m, min: -0.228129 at y = 0.860000
phi_m, max: -0.000000 at y = 0.888571./ phi_m, min: -0.388670 at y = 0.860000
phi_m, max: -0.000000 at y = 0.888571./ phi_m, min: -0.469793 at y = 0.860000
phi_m, max: -0.000000 at y = 0.888571./ phi_m, min: -0.508687 at y = 1.061624


phi_m, max: -0.000000 at y = 4.210000./ phi_m, min: -0.001153 at y = 4.215168
phi_m, max: -0.000000 at y = 4.210000./ phi_m, min: -0.001162 at y = 4.214832
phi_m, max: -0.000000 at y = 4.210000./ phi_m, min: -0.001153 at y = 4.214832
phi_m, max: -0.000000 at y = 4.210000./ phi_m, min: -0.001143 at y = 4.214832
phi_m, max: -0.000000 at y = 4.210000./ phi_m, min: -0.001133 at y = 4.214832
phi_m, max: -0.000000 at y = 4.210000./ phi_m, min: -0.001125 at y = 4.215168
phi_m, max: -0.000000 at y = 4.210000./ phi_m, min: -0.001117 at y = 4.215168
phi_m, max: -0.000000 at y = 4.210000./ phi_m, min: -0.001111 at y = 4.215168
phi_m, max: -0.000000 at y = 4.210000./ phi_m, min: -0.001057 at y = 4.420000
phi_m, max: 0.785040 at y = 4.210000./ phi_m, min: 0.000000 at y = 4.210000
phi_m, max: 113.282362 at y = 4.210000./ phi_m, min: 0.000000 at y = 4.210000
phi_m, max: 113.637488 at y = 4.420000./ phi_m, min: 0.000000 at y = 4.210000
phi_m, max: 100.262397 at y = 4.420000./ phi_m, min: 0.000000 at y = 4.210000
phi_m, max: 81.363524 at y = 4.420000./ phi_m, min: 0.000000 at y = 4.210000


phi_m, max: 114.270515 at y = 0.430587./ phi_m, min: -0.001124 at y = 3.198571
phi_m, max: 112.995228 at y = 0.439413./ phi_m, min: -0.001133 at y = 3.341429
phi_m, max: 98.507055 at y = 0.440000./ phi_m, min: -0.001125 at y = 3.341429
phi_m, max: 79.334432 at y = 0.440000./ phi_m, min: -0.001114 at y = 3.341429
phi_m, max: 59.322314 at y = 0.440000./ phi_m, min: -0.001105 at y = 3.341429
phi_m, max: 41.434949 at y = 0.440000./ phi_m, min: -0.001090 at y = 3.341429
phi_m, max: 22.296643 at y = 0.440000./ phi_m, min: 0.000000 at y = 0.430000
phi_m, max: 4.480422 at y = 3.198571./ phi_m, min: 0.000000 at y = 0.430000
phi_m, max: 114.584028 at y = 3.341429./ phi_m, min: -0.112950 at y = 0.344286
phi_m, max: 103.430016 at y = 3.341429./ phi_m, min: -0.342296 at y = 0.344286
phi_m, max: 85.242653 at y = 3.341429./ phi_m, min: -0.444503 at y = 0.344286
phi_m, max: 65.177600 at y = 3.341429./ phi_m, min: -0.498707 at y = 0.431624
phi_m, max: 46.502200 at y = 3.341429./ phi_m, min: -0.519414 at y = 0.433574
phi_m, max: 28.913298 at y = 3.341429./ phi_m, min: -0.516659 at y = 0.436426


phi_m, max: -0.000000 at y = 1.480000./ phi_m, min: -0.001152 at y = 1.485168
phi_m, max: 0.005816 at y = 1.308571./ phi_m, min: -0.000962 at y = 1.518571
phi_m, max: 5.150036 at y = 1.308571./ phi_m, min: 0.000000 at y = 1.480000
phi_m, max: 115.881761 at y = 1.481624./ phi_m, min: 0.000000 at y = 1.480000
phi_m, max: 110.628864 at y = 1.489413./ phi_m, min: 0.000000 at y = 1.480000
phi_m, max: 94.697881 at y = 1.490000./ phi_m, min: 0.000000 at y = 1.480000
phi_m, max: 75.119998 at y = 1.518571./ phi_m, min: 0.000000 at y = 1.480000
phi_m, max: 55.371945 at y = 1.518571./ phi_m, min: 0.000000 at y = 1.480000
phi_m, max: 37.955804 at y = 1.518571./ phi_m, min: 0.000000 at y = 1.480000
phi_m, max: 17.479702 at y = 1.518571./ phi_m, min: 0.000000 at y = 1.480000
phi_m, max: 2.588111 at y = 1.518571./ phi_m, min: 0.000000 at y = 1.480000
phi_m, max: 0.060715 at y = 1.518571./ phi_m, min: -0.194830 at y = 1.308571
phi_m, max: -0.000000 at y = 1.480000./ phi_m, min: -0.373771 at y = 1.308571
phi_m, max: -0.000000 at y = 1.480000./ phi_m, min: -0.461577 at y = 1.308571


phi_m, max: -0.000000 at y = 2.110000./ phi_m, min: -0.001153 at y = 2.115168
phi_m, max: -0.000000 at y = 2.110000./ phi_m, min: -0.001162 at y = 2.115168
phi_m, max: -0.000000 at y = 2.110000./ phi_m, min: -0.001146 at y = 2.116367
phi_m, max: 0.057853 at y = 1.938571./ phi_m, min: 0.000000 at y = 2.110000
phi_m, max: 49.175436 at y = 1.938571./ phi_m, min: 0.000000 at y = 2.110000
phi_m, max: 115.860600 at y = 2.117458./ phi_m, min: 0.000000 at y = 2.110000
phi_m, max: 106.118442 at y = 2.119413./ phi_m, min: 0.000000 at y = 2.110000
phi_m, max: 88.582685 at y = 2.177143./ phi_m, min: 0.000000 at y = 2.110000
phi_m, max: 68.627146 at y = 2.177143./ phi_m, min: 0.000000 at y = 2.110000
phi_m, max: 49.523746 at y = 2.177143./ phi_m, min: 0.000000 at y = 2.110000
phi_m, max: 32.304950 at y = 2.177143./ phi_m, min: 0.000000 at y = 2.110000
phi_m, max: 10.640397 at y = 2.177143./ phi_m, min: 0.000000 at y = 2.110000
phi_m, max: 1.172477 at y = 2.177143./ phi_m, min: 0.000000 at y = 2.110000
phi_m, max: -0.000000 at y = 2.110000./ phi_m, min: -0.271684 at y = 1.938571


phi_m, max: -0.000000 at y = 2.950000./ phi_m, min: -0.001153 at y = 2.954832
phi_m, max: -0.000000 at y = 2.950000./ phi_m, min: -0.001162 at y = 2.955168
phi_m, max: -0.000000 at y = 2.950000./ phi_m, min: -0.001153 at y = 2.955168
phi_m, max: -0.000000 at y = 2.950000./ phi_m, min: -0.001143 at y = 2.955168
phi_m, max: -0.000000 at y = 2.950000./ phi_m, min: -0.001131 at y = 2.955449
phi_m, max: 0.011849 at y = 2.807143./ phi_m, min: -0.000792 at y = 3.045714
phi_m, max: 9.518874 at y = 2.807143./ phi_m, min: 0.000000 at y = 2.950000
phi_m, max: 115.909075 at y = 2.953633./ phi_m, min: 0.000000 at y = 2.950000
phi_m, max: 109.405803 at y = 2.959413./ phi_m, min: 0.000000 at y = 2.950000
phi_m, max: 93.087542 at y = 3.045714./ phi_m, min: 0.000000 at y = 2.950000
phi_m, max: 73.417630 at y = 3.045714./ phi_m, min: 0.000000 at y = 2.950000
phi_m, max: 53.828578 at y = 3.045714./ phi_m, min: 0.000000 at y = 2.950000
phi_m, max: 36.556644 at y = 3.045714./ phi_m, min: 0.000000 at y = 2.950000
phi_m, max: 15.654508 at y = 3.045714./ phi_m, min: 0.000000 at y = 2.950000


phi_m, max: -0.000000 at y = 2.358571./ phi_m, min: -0.001153 at y = 2.535168
phi_m, max: -0.000000 at y = 2.358571./ phi_m, min: -0.001162 at y = 2.535168
phi_m, max: -0.000000 at y = 2.358571./ phi_m, min: -0.001153 at y = 2.535168
phi_m, max: -0.000000 at y = 2.358571./ phi_m, min: -0.001139 at y = 2.535587
phi_m, max: 0.027657 at y = 2.387143./ phi_m, min: -0.000395 at y = 2.597143
phi_m, max: 21.375315 at y = 2.387143./ phi_m, min: 0.000000 at y = 2.358571
phi_m, max: 115.959152 at y = 2.536426./ phi_m, min: 0.000000 at y = 2.358571
phi_m, max: 107.815821 at y = 2.539413./ phi_m, min: 0.000000 at y = 2.358571
phi_m, max: 90.799157 at y = 2.597143./ phi_m, min: 0.000000 at y = 2.358571
phi_m, max: 70.952776 at y = 2.597143./ phi_m, min: 0.000000 at y = 2.358571
phi_m, max: 51.589745 at y = 2.597143./ phi_m, min: 0.000000 at y = 2.358571
phi_m, max: 34.406092 at y = 2.597143./ phi_m, min: 0.000000 at y = 2.358571
phi_m, max: 12.937600 at y = 2.597143./ phi_m, min: 0.000000 at y = 2.358571
phi_m, max: 1.581991 at y = 2.597143./ phi_m, min: 0.000000 at y = 2.358571


phi_m, max: -0.000000 at y = 5.928571./ phi_m, min: -0.001153 at y = 6.105168
phi_m, max: -0.000000 at y = 5.928571./ phi_m, min: -0.001162 at y = 6.105168
phi_m, max: -0.000000 at y = 5.928571./ phi_m, min: -0.001154 at y = 6.105168
phi_m, max: -0.000000 at y = 5.928571./ phi_m, min: -0.001143 at y = 6.105168
phi_m, max: -0.000000 at y = 5.928571./ phi_m, min: -0.001133 at y = 6.105168
phi_m, max: -0.000000 at y = 5.928571./ phi_m, min: -0.001125 at y = 6.105168
phi_m, max: -0.000000 at y = 5.928571./ phi_m, min: -0.001118 at y = 6.105168
phi_m, max: -0.000000 at y = 5.928571./ phi_m, min: -0.001111 at y = 6.105168
phi_m, max: -0.000000 at y = 5.928571./ phi_m, min: -0.001106 at y = 6.105168
phi_m, max: -0.000000 at y = 5.928571./ phi_m, min: -0.001101 at y = 6.105168
phi_m, max: -0.000000 at y = 5.928571./ phi_m, min: -0.001097 at y = 6.105168
phi_m, max: -0.000000 at y = 5.928571./ phi_m, min: -0.001093 at y = 6.105168
phi_m, max: -0.000000 at y = 5.928571./ phi_m, min: -0.001090 at y = 6.105168
phi_m, max: 0.000143 at y = 5.900000./ phi_m, min: -0.001035 at y = 6.109413


phi_m, max: 18.893457 at y = 0.640000./ phi_m, min: 0.000000 at y = 0.650000
phi_m, max: 115.962318 at y = 0.646426./ phi_m, min: 0.000000 at y = 0.650000
phi_m, max: 114.048495 at y = 0.859413./ phi_m, min: 0.000000 at y = 0.650000
phi_m, max: 100.508078 at y = 0.860000./ phi_m, min: 0.000000 at y = 0.650000
phi_m, max: 81.653519 at y = 0.860000./ phi_m, min: 0.000000 at y = 0.650000
phi_m, max: 61.572365 at y = 0.860000./ phi_m, min: 0.000000 at y = 0.650000
phi_m, max: 43.380144 at y = 0.860000./ phi_m, min: 0.000000 at y = 0.650000
phi_m, max: 24.950151 at y = 0.860000./ phi_m, min: 0.000000 at y = 0.650000
phi_m, max: 5.252657 at y = 0.860000./ phi_m, min: 0.000000 at y = 0.650000
phi_m, max: 0.387205 at y = 0.860000./ phi_m, min: -0.241736 at y = 0.640000
phi_m, max: -0.000000 at y = 0.650000./ phi_m, min: -0.395019 at y = 0.640000
phi_m, max: -0.000000 at y = 0.650000./ phi_m, min: -0.473778 at y = 0.640587
phi_m, max: -0.000000 at y = 0.650000./ phi_m, min: -0.511388 at y = 0.641624
phi_m, max: -0.000000 at y = 0.650000./ phi_m, min: -0.520635 at y = 0.644832


phi_m, max: -0.000000 at y = 2.320000./ phi_m, min: -0.001153 at y = 2.324832
phi_m, max: -0.000000 at y = 2.320000./ phi_m, min: -0.001162 at y = 2.325168
phi_m, max: -0.000000 at y = 2.320000./ phi_m, min: -0.001153 at y = 2.325168
phi_m, max: 0.000273 at y = 2.177143./ phi_m, min: -0.001080 at y = 2.415714
phi_m, max: 1.166355 at y = 2.177143./ phi_m, min: 0.000000 at y = 2.320000
phi_m, max: 113.944591 at y = 2.177143./ phi_m, min: 0.000000 at y = 2.320000
phi_m, max: 113.192391 at y = 2.329413./ phi_m, min: 0.000000 at y = 2.320000
phi_m, max: 98.972318 at y = 2.415714./ phi_m, min: 0.000000 at y = 2.320000
phi_m, max: 79.987674 at y = 2.415714./ phi_m, min: 0.000000 at y = 2.320000
phi_m, max: 60.012911 at y = 2.415714./ phi_m, min: 0.000000 at y = 2.320000
phi_m, max: 42.066435 at y = 2.415714./ phi_m, min: 0.000000 at y = 2.320000
phi_m, max: 23.287092 at y = 2.415714./ phi_m, min: 0.000000 at y = 2.320000
phi_m, max: 4.524890 at y = 2.415714./ phi_m, min: 0.000000 at y = 2.320000
phi_m, max: 0.296396 at y = 2.415714./ phi_m, min: -0.112782 at y = 2.177143


phi_m, max: -0.000000 at y = 5.480000./ phi_m, min: -0.001153 at y = 5.685168
phi_m, max: -0.000000 at y = 5.480000./ phi_m, min: -0.001162 at y = 5.685168
phi_m, max: -0.000000 at y = 5.480000./ phi_m, min: -0.001153 at y = 5.685168
phi_m, max: -0.000000 at y = 5.480000./ phi_m, min: -0.001143 at y = 5.685168
phi_m, max: -0.000000 at y = 5.480000./ phi_m, min: -0.001133 at y = 5.685168
phi_m, max: -0.000000 at y = 5.480000./ phi_m, min: -0.001125 at y = 5.685168
phi_m, max: -0.000000 at y = 5.480000./ phi_m, min: -0.001117 at y = 5.685168
phi_m, max: -0.000000 at y = 5.480000./ phi_m, min: -0.001111 at y = 5.685168
phi_m, max: -0.000000 at y = 5.480000./ phi_m, min: -0.001106 at y = 5.685168
phi_m, max: -0.000000 at y = 5.480000./ phi_m, min: -0.001101 at y = 5.685168
phi_m, max: -0.000000 at y = 5.480000./ phi_m, min: -0.001097 at y = 5.685168
phi_m, max: -0.000000 at y = 5.480000./ phi_m, min: -0.001093 at y = 5.685168
phi_m, max: 0.001413 at y = 5.480000./ phi_m, min: -0.001004 at y = 5.690000
phi_m, max: 1.980539 at y = 5.480000./ phi_m, min: 0.000000 at y = 5.480000


phi_m, max: -0.000000 at y = 6.310000./ phi_m, min: -0.001162 at y = 6.318213
phi_m, max: -0.000000 at y = 6.310000./ phi_m, min: -0.001171 at y = 6.318213
phi_m, max: -0.000000 at y = 6.310000./ phi_m, min: -0.001162 at y = 6.318213
phi_m, max: -0.000000 at y = 6.310000./ phi_m, min: -0.001152 at y = 6.318213
phi_m, max: -0.000000 at y = 6.310000./ phi_m, min: -0.001142 at y = 6.318213
phi_m, max: -0.000000 at y = 6.310000./ phi_m, min: -0.001133 at y = 6.318213
phi_m, max: -0.000000 at y = 6.310000./ phi_m, min: -0.001126 at y = 6.318213
phi_m, max: -0.000000 at y = 6.310000./ phi_m, min: -0.001120 at y = 6.318213
phi_m, max: -0.000000 at y = 6.310000./ phi_m, min: -0.001114 at y = 6.318213
phi_m, max: -0.000000 at y = 6.310000./ phi_m, min: -0.001109 at y = 6.318213
phi_m, max: -0.000000 at y = 6.310000./ phi_m, min: -0.001105 at y = 6.318213
phi_m, max: -0.000000 at y = 6.310000./ phi_m, min: -0.001102 at y = 6.318213
phi_m, max: -0.000000 at y = 6.310000./ phi_m, min: -0.001098 at y = 6.318213
phi_m, max: -0.000000 at y = 6.310000./ phi_m, min: -0.001094 at y = 6.318376


phi_m, max: 112.624926 at y = 0.018213./ phi_m, min: 0.000000 at y = -0.010000
phi_m, max: 97.591567 at y = 0.018213./ phi_m, min: 0.000000 at y = -0.010000
phi_m, max: 78.306002 at y = 0.134286./ phi_m, min: 0.000000 at y = -0.010000
phi_m, max: 58.476535 at y = 0.134286./ phi_m, min: 0.000000 at y = -0.010000
phi_m, max: 40.847335 at y = 0.134286./ phi_m, min: 0.000000 at y = -0.010000
phi_m, max: 22.173906 at y = 0.134286./ phi_m, min: 0.000000 at y = -0.010000
phi_m, max: 4.093920 at y = 0.134286./ phi_m, min: 0.000000 at y = -0.010000
phi_m, max: 0.290113 at y = 0.006787./ phi_m, min: 0.000000 at y = -0.010000
phi_m, max: -0.000000 at y = -0.010000./ phi_m, min: -0.210813 at y = 0.134286
phi_m, max: -0.000000 at y = -0.010000./ phi_m, min: -0.366509 at y = 0.134286
phi_m, max: -0.000000 at y = -0.010000./ phi_m, min: -0.450270 at y = 0.134286
phi_m, max: -0.000000 at y = -0.010000./ phi_m, min: -0.489887 at y = 0.134286
phi_m, max: -0.000000 at y = -0.010000./ phi_m, min: -0.497524 at y = 0.134286
phi_m, max: -0.000000 at y = -0.010000./ phi_m, min: -0.483859 at y = 0.018376


Writing: "Fiber2DEphapticPlaneL6Isolated_14.chk"
 (0.00201196s, XML)
phi_m, max: -0.000000 at y = 3.971429./ phi_m, min: -0.001126 at y = 4.000000
phi_m, max: -0.000000 at y = 3.971429./ phi_m, min: -0.001135 at y = 4.210000
phi_m, max: -0.000000 at y = 3.971429./ phi_m, min: -0.001127 at y = 4.210000
phi_m, max: -0.000000 at y = 3.971429./ phi_m, min: -0.001116 at y = 4.210000
phi_m, max: -0.000000 at y = 3.971429./ phi_m, min: -0.001107 at y = 4.210000
phi_m, max: -0.000000 at y = 3.971429./ phi_m, min: -0.001099 at y = 4.210000
phi_m, max: -0.000000 at y = 3.971429./ phi_m, min: -0.001091 at y = 4.210000
phi_m, max: -0.000000 at y = 3.971429./ phi_m, min: -0.001084 at y = 4.210000
phi_m, max: 0.046448 at y = 3.885714./ phi_m, min: -0.000136 at y = 4.210000
phi_m, max: 39.483976 at y = 3.885714./ phi_m, min: 0.000000 at y = 3.971429
phi_m, max: 114.258289 at y = 4.010000./ phi_m, min: 0.000000 at y = 3.971429
phi_m, max: 107.235335 at y = 4.210000./ phi_m, min: 0.000000 at y = 3.971429
phi_m, max: 90.065210 at y = 4.210000./ phi_m, min: 0.000000 at y = 3.971429
phi_m, max: 70.104670 at y = 4.210000./ phi_m, min: 0.000000 at y = 3.971429
phi_m, max: 50.797397 at y = 4.210000./ phi_m, min: 0.000000 at y = 3.971429


phi_m, max: -0.000000 at y = 4.210000./ phi_m, min: -0.001153 at y = 4.215168
phi_m, max: -0.000000 at y = 4.210000./ phi_m, min: -0.001162 at y = 4.214832
phi_m, max: -0.000000 at y = 4.210000./ phi_m, min: -0.001153 at y = 4.214832
phi_m, max: -0.000000 at y = 4.210000./ phi_m, min: -0.001143 at y = 4.214832
phi_m, max: -0.000000 at y = 4.210000./ phi_m, min: -0.001133 at y = 4.214832
phi_m, max: -0.000000 at y = 4.210000./ phi_m, min: -0.001125 at y = 4.215168
phi_m, max: -0.000000 at y = 4.210000./ phi_m, min: -0.001117 at y = 4.215168
phi_m, max: -0.000000 at y = 4.210000./ phi_m, min: -0.001111 at y = 4.215168
phi_m, max: -0.000000 at y = 4.210000./ phi_m, min: -0.001057 at y = 4.420000
phi_m, max: 0.785040 at y = 4.210000./ phi_m, min: 0.000000 at y = 4.210000
phi_m, max: 113.282362 at y = 4.210000./ phi_m, min: 0.000000 at y = 4.210000
phi_m, max: 113.637488 at y = 4.420000./ phi_m, min: 0.000000 at y = 4.210000
phi_m, max: 100.262397 at y = 4.420000./ phi_m, min: 0.000000 at y = 4.210000
phi_m, max: 81.363524 at y = 4.420000./ phi_m, min: 0.000000 at y = 4.210000
phi_m, max: 61.287792 at y = 4.420000./ phi_m, min: 0.000000 at y = 4.210000


phi_m, max: -0.000000 at y = 2.358571./ phi_m, min: -0.001153 at y = 2.535168
phi_m, max: -0.000000 at y = 2.358571./ phi_m, min: -0.001162 at y = 2.535168
phi_m, max: -0.000000 at y = 2.358571./ phi_m, min: -0.001153 at y = 2.535168
phi_m, max: -0.000000 at y = 2.358571./ phi_m, min: -0.001139 at y = 2.535587
phi_m, max: 0.027657 at y = 2.387143./ phi_m, min: -0.000395 at y = 2.597143
phi_m, max: 21.375315 at y = 2.387143./ phi_m, min: 0.000000 at y = 2.358571
phi_m, max: 115.959152 at y = 2.536426./ phi_m, min: 0.000000 at y = 2.358571
phi_m, max: 107.815821 at y = 2.539413./ phi_m, min: 0.000000 at y = 2.358571
phi_m, max: 90.799157 at y = 2.597143./ phi_m, min: 0.000000 at y = 2.358571
phi_m, max: 70.952776 at y = 2.597143./ phi_m, min: 0.000000 at y = 2.358571
phi_m, max: 51.589745 at y = 2.597143./ phi_m, min: 0.000000 at y = 2.358571
phi_m, max: 34.406092 at y = 2.597143./ phi_m, min: 0.000000 at y = 2.358571
phi_m, max: 12.937600 at y = 2.597143./ phi_m, min: 0.000000 at y = 2.358571
phi_m, max: 1.581991 at y = 2.597143./ phi_m, min: 0.000000 at y = 2.358571
phi_m, max: -0.000000 at y = 2.358571./ phi_m, min: -0.245301 at y = 2.387143


phi_m, max: 114.270515 at y = 0.430587./ phi_m, min: -0.001124 at y = 3.198571
phi_m, max: 112.995228 at y = 0.439413./ phi_m, min: -0.001133 at y = 3.341429
phi_m, max: 98.507055 at y = 0.440000./ phi_m, min: -0.001125 at y = 3.341429
phi_m, max: 79.334432 at y = 0.440000./ phi_m, min: -0.001114 at y = 3.341429
phi_m, max: 59.322314 at y = 0.440000./ phi_m, min: -0.001105 at y = 3.341429
phi_m, max: 41.434949 at y = 0.440000./ phi_m, min: -0.001090 at y = 3.341429
phi_m, max: 22.296643 at y = 0.440000./ phi_m, min: 0.000000 at y = 0.430000
phi_m, max: 4.480422 at y = 3.198571./ phi_m, min: 0.000000 at y = 0.430000
phi_m, max: 114.584028 at y = 3.341429./ phi_m, min: -0.112950 at y = 0.344286
phi_m, max: 103.430016 at y = 3.341429./ phi_m, min: -0.342296 at y = 0.344286
phi_m, max: 85.242653 at y = 3.341429./ phi_m, min: -0.444503 at y = 0.344286
phi_m, max: 65.177600 at y = 3.341429./ phi_m, min: -0.498707 at y = 0.431624
phi_m, max: 46.502200 at y = 3.341429./ phi_m, min: -0.519414 at y = 0.433574
phi_m, max: 28.913298 at y = 3.341429./ phi_m, min: -0.516659 at y = 0.436426
phi_m, max: 7.681535 at y = 3.341429./ phi_m, min: -0.495828 at y = 0.437458


phi_m, max: -0.000000 at y = 2.950000./ phi_m, min: -0.001153 at y = 2.954832
phi_m, max: -0.000000 at y = 2.950000./ phi_m, min: -0.001162 at y = 2.955168
phi_m, max: -0.000000 at y = 2.950000./ phi_m, min: -0.001153 at y = 2.955168
phi_m, max: -0.000000 at y = 2.950000./ phi_m, min: -0.001143 at y = 2.955168
phi_m, max: -0.000000 at y = 2.950000./ phi_m, min: -0.001131 at y = 2.955449
phi_m, max: 0.011849 at y = 2.807143./ phi_m, min: -0.000792 at y = 3.045714
phi_m, max: 9.518874 at y = 2.807143./ phi_m, min: 0.000000 at y = 2.950000
phi_m, max: 115.909075 at y = 2.953633./ phi_m, min: 0.000000 at y = 2.950000
phi_m, max: 109.405803 at y = 2.959413./ phi_m, min: 0.000000 at y = 2.950000
phi_m, max: 93.087542 at y = 3.045714./ phi_m, min: 0.000000 at y = 2.950000
phi_m, max: 73.417630 at y = 3.045714./ phi_m, min: 0.000000 at y = 2.950000
phi_m, max: 53.828578 at y = 3.045714./ phi_m, min: 0.000000 at y = 2.950000
phi_m, max: 36.556644 at y = 3.045714./ phi_m, min: 0.000000 at y = 2.950000
phi_m, max: 15.654508 at y = 3.045714./ phi_m, min: 0.000000 at y = 2.950000
phi_m, max: 2.148791 at y = 3.045714./ phi_m, min: 0.000000 at y = 2.950000


phi_m, max: -0.000000 at y = 5.928571./ phi_m, min: -0.001153 at y = 6.105168
phi_m, max: -0.000000 at y = 5.928571./ phi_m, min: -0.001162 at y = 6.105168
phi_m, max: -0.000000 at y = 5.928571./ phi_m, min: -0.001154 at y = 6.105168
phi_m, max: -0.000000 at y = 5.928571./ phi_m, min: -0.001143 at y = 6.105168
phi_m, max: -0.000000 at y = 5.928571./ phi_m, min: -0.001133 at y = 6.105168
phi_m, max: -0.000000 at y = 5.928571./ phi_m, min: -0.001125 at y = 6.105168
phi_m, max: -0.000000 at y = 5.928571./ phi_m, min: -0.001118 at y = 6.105168
phi_m, max: -0.000000 at y = 5.928571./ phi_m, min: -0.001111 at y = 6.105168
phi_m, max: -0.000000 at y = 5.928571./ phi_m, min: -0.001106 at y = 6.105168
phi_m, max: -0.000000 at y = 5.928571./ phi_m, min: -0.001101 at y = 6.105168
phi_m, max: -0.000000 at y = 5.928571./ phi_m, min: -0.001097 at y = 6.105168
phi_m, max: -0.000000 at y = 5.928571./ phi_m, min: -0.001093 at y = 6.105168
phi_m, max: -0.000000 at y = 5.928571./ phi_m, min: -0.001090 at y = 6.105168
phi_m, max: 0.000143 at y = 5.900000./ phi_m, min: -0.001035 at y = 6.109413
phi_m, max: 0.982104 at y = 5.900000./ phi_m, min: 0.000000 at y = 5.928571


phi_m, max: 18.893457 at y = 0.640000./ phi_m, min: 0.000000 at y = 0.650000
phi_m, max: 115.962318 at y = 0.646426./ phi_m, min: 0.000000 at y = 0.650000
phi_m, max: 114.048495 at y = 0.859413./ phi_m, min: 0.000000 at y = 0.650000
phi_m, max: 100.508078 at y = 0.860000./ phi_m, min: 0.000000 at y = 0.650000
phi_m, max: 81.653519 at y = 0.860000./ phi_m, min: 0.000000 at y = 0.650000
phi_m, max: 61.572365 at y = 0.860000./ phi_m, min: 0.000000 at y = 0.650000
phi_m, max: 43.380144 at y = 0.860000./ phi_m, min: 0.000000 at y = 0.650000
phi_m, max: 24.950151 at y = 0.860000./ phi_m, min: 0.000000 at y = 0.650000
phi_m, max: 5.252657 at y = 0.860000./ phi_m, min: 0.000000 at y = 0.650000
phi_m, max: 0.387205 at y = 0.860000./ phi_m, min: -0.241736 at y = 0.640000
phi_m, max: -0.000000 at y = 0.650000./ phi_m, min: -0.395019 at y = 0.640000
phi_m, max: -0.000000 at y = 0.650000./ phi_m, min: -0.473778 at y = 0.640587
phi_m, max: -0.000000 at y = 0.650000./ phi_m, min: -0.511388 at y = 0.641624
phi_m, max: -0.000000 at y = 0.650000./ phi_m, min: -0.520635 at y = 0.644832
phi_m, max: -0.000000 at y = 0.650000./ phi_m, min: -0.517918 at y = 0.856426


phi_m, max: -0.000000 at y = 2.320000./ phi_m, min: -0.001153 at y = 2.324832
phi_m, max: -0.000000 at y = 2.320000./ phi_m, min: -0.001162 at y = 2.325168
phi_m, max: -0.000000 at y = 2.320000./ phi_m, min: -0.001153 at y = 2.325168
phi_m, max: 0.000273 at y = 2.177143./ phi_m, min: -0.001080 at y = 2.415714
phi_m, max: 1.166355 at y = 2.177143./ phi_m, min: 0.000000 at y = 2.320000
phi_m, max: 113.944591 at y = 2.177143./ phi_m, min: 0.000000 at y = 2.320000
phi_m, max: 113.192391 at y = 2.329413./ phi_m, min: 0.000000 at y = 2.320000
phi_m, max: 98.972318 at y = 2.415714./ phi_m, min: 0.000000 at y = 2.320000
phi_m, max: 79.987674 at y = 2.415714./ phi_m, min: 0.000000 at y = 2.320000
phi_m, max: 60.012911 at y = 2.415714./ phi_m, min: 0.000000 at y = 2.320000
phi_m, max: 42.066435 at y = 2.415714./ phi_m, min: 0.000000 at y = 2.320000
phi_m, max: 23.287092 at y = 2.415714./ phi_m, min: 0.000000 at y = 2.320000
phi_m, max: 4.524890 at y = 2.415714./ phi_m, min: 0.000000 at y = 2.320000
phi_m, max: 0.296396 at y = 2.415714./ phi_m, min: -0.112782 at y = 2.177143
phi_m, max: -0.000000 at y = 2.320000./ phi_m, min: -0.342515 at y = 2.177143


Steps: 15000000 Time: 1.5         

Time: 0.100000
CPU Time: 75.967054 min.
phi_m, max: -0.000000 at y = 3.131429./ phi_m, min: -0.001161 at y = 6.320000

Time: 0.200000
CPU Time: 76.078753 min.
phi_m, max: -0.000000 at y = 3.131429./ phi_m, min: -0.001170 at y = 6.320000

Time: 0.300000
CPU Time: 76.078915 min.
phi_m, max: -0.000000 at y = 3.131429./ phi_m, min: -0.001161 at y = 6.320000

Time: 0.400000
CPU Time: 75.006097 min.
phi_m, max: -0.000000 at y = 3.131429./ phi_m, min: -0.001150 at y = 6.320000

Time: 0.500000
CPU Time: 74.527973 min.
phi_m, max: -0.000000 at y = 3.131429./ phi_m, min: -0.001141 at y = 6.320000

Time: 0.600000
CPU Time: 74.751958 min.
phi_m, max: -0.000000 at y = 3.131429./ phi_m, min: -0.001132 at y = 6.320000

Time: 0.700000
CPU Time: 74.543354 min.
phi_m, max: 0.221976 at y = 3.045714./ phi_m, min: -0.001125 at y = 6.320000

Time: 0.800000
CPU Time: 74.910916 min.
phi_m, max: 96.525729 at y = 3.045714./ phi_m, min: -0.001118 at y = 6.320000

Time: 0.900000
CPU Time: 74.334826 min.
phi_m, max: 115.022059 at y = 3.168376./ phi_m, min: -0.001113 at y = 6.320000

Time: 1.000000
CPU Time: 74.162983 min.
phi_m, max: 102.777951 at y = 3.169413./ phi_m, min: -0.001108 at y = 6.320000

Time: 1.100000
CPU Time: 74.031634 min.
phi_m, max: 84.458962 at y = 3.227143./ phi_m, min: -0.001104 at y = 6.320000

Time: 1.200000
CPU Time: 74.065036 min.
phi_m, max: 64.413000 at y = 3.227143./ phi_m, min: -0.001100 at y = 6.320000

Time: 1.300000
CPU Time: 73.920307 min.
phi_m, max: 45.854036 at y = 3.227143./ phi_m, min: -0.001097 at y = 6.320000

Time: 1.400000
CPU Time: 74.164243 min.
phi_m, max: 28.171697 at y = 3.227143./ phi_m, min: -0.001093 at y = 6.320000

Time: 1.500000
CPU Time: 74.089062 min.
phi_m, max: 7.169562 at y = 3.227143./ phi_m, min: -0.000043 at y = 6.320000


phi_m, max: -0.000000 at y = 5.480000./ phi_m, min: -0.001153 at y = 5.685168
phi_m, max: -0.000000 at y = 5.480000./ phi_m, min: -0.001162 at y = 5.685168
phi_m, max: -0.000000 at y = 5.480000./ phi_m, min: -0.001153 at y = 5.685168
phi_m, max: -0.000000 at y = 5.480000./ phi_m, min: -0.001143 at y = 5.685168
phi_m, max: -0.000000 at y = 5.480000./ phi_m, min: -0.001133 at y = 5.685168
phi_m, max: -0.000000 at y = 5.480000./ phi_m, min: -0.001125 at y = 5.685168
phi_m, max: -0.000000 at y = 5.480000./ phi_m, min: -0.001117 at y = 5.685168
phi_m, max: -0.000000 at y = 5.480000./ phi_m, min: -0.001111 at y = 5.685168
phi_m, max: -0.000000 at y = 5.480000./ phi_m, min: -0.001106 at y = 5.685168
phi_m, max: -0.000000 at y = 5.480000./ phi_m, min: -0.001101 at y = 5.685168
phi_m, max: -0.000000 at y = 5.480000./ phi_m, min: -0.001097 at y = 5.685168
phi_m, max: -0.000000 at y = 5.480000./ phi_m, min: -0.001093 at y = 5.685168
phi_m, max: 0.001413 at y = 5.480000./ phi_m, min: -0.001004 at y = 5.690000
phi_m, max: 1.980539 at y = 5.480000./ phi_m, min: 0.000000 at y = 5.480000
phi_m, max: 115.063924 at y = 5.680587./ phi_m, min: 0.000000 at y = 5.480000


phi_m, max: -0.000000 at y = 6.310000./ phi_m, min: -0.001162 at y = 6.318213
phi_m, max: -0.000000 at y = 6.310000./ phi_m, min: -0.001171 at y = 6.318213
phi_m, max: -0.000000 at y = 6.310000./ phi_m, min: -0.001162 at y = 6.318213
phi_m, max: -0.000000 at y = 6.310000./ phi_m, min: -0.001152 at y = 6.318213
phi_m, max: -0.000000 at y = 6.310000./ phi_m, min: -0.001142 at y = 6.318213
phi_m, max: -0.000000 at y = 6.310000./ phi_m, min: -0.001133 at y = 6.318213
phi_m, max: -0.000000 at y = 6.310000./ phi_m, min: -0.001126 at y = 6.318213
phi_m, max: -0.000000 at y = 6.310000./ phi_m, min: -0.001120 at y = 6.318213
phi_m, max: -0.000000 at y = 6.310000./ phi_m, min: -0.001114 at y = 6.318213
phi_m, max: -0.000000 at y = 6.310000./ phi_m, min: -0.001109 at y = 6.318213
phi_m, max: -0.000000 at y = 6.310000./ phi_m, min: -0.001105 at y = 6.318213
phi_m, max: -0.000000 at y = 6.310000./ phi_m, min: -0.001102 at y = 6.318213
phi_m, max: -0.000000 at y = 6.310000./ phi_m, min: -0.001098 at y = 6.318213
phi_m, max: -0.000000 at y = 6.310000./ phi_m, min: -0.001094 at y = 6.318376
phi_m, max: 0.023149 at y = 6.110000./ phi_m, min: -0.000043 at y = 6.320000


phi_m, max: -0.000000 at y = 5.260000./ phi_m, min: -0.001153 at y = 5.264832
phi_m, max: -0.000000 at y = 5.260000./ phi_m, min: -0.001162 at y = 5.265168
phi_m, max: -0.000000 at y = 5.260000./ phi_m, min: -0.001153 at y = 5.265168
phi_m, max: -0.000000 at y = 5.260000./ phi_m, min: -0.001143 at y = 5.265168
phi_m, max: -0.000000 at y = 5.260000./ phi_m, min: -0.001133 at y = 5.265168
phi_m, max: -0.000000 at y = 5.260000./ phi_m, min: -0.001125 at y = 5.265168
phi_m, max: -0.000000 at y = 5.260000./ phi_m, min: -0.001117 at y = 5.265168
phi_m, max: -0.000000 at y = 5.260000./ phi_m, min: -0.001111 at y = 5.265168
phi_m, max: -0.000000 at y = 5.260000./ phi_m, min: -0.001106 at y = 5.265168
phi_m, max: -0.000000 at y = 5.260000./ phi_m, min: -0.001101 at y = 5.265168
phi_m, max: -0.000000 at y = 5.260000./ phi_m, min: -0.001096 at y = 5.265168
phi_m, max: 0.004417 at y = 5.063356./ phi_m, min: -0.000936 at y = 5.298571
phi_m, max: 4.065308 at y = 5.063356./ phi_m, min: 0.000000 at y = 5.260000
phi_m, max: 115.755553 at y = 5.261787./ phi_m, min: 0.000000 at y = 5.260000
phi_m, max: 111.118466 at y = 5.269413./ phi_m, min: 0.000000 at y = 5.260000


phi_m, max: 27.072587 at y = 0.440000./ phi_m, min: 0.000000 at y = 0.430000
phi_m, max: 115.962318 at y = 0.646426./ phi_m, min: 0.000000 at y = 0.430000
phi_m, max: 107.497158 at y = 0.649413./ phi_m, min: 0.000000 at y = 0.430000
phi_m, max: 90.342674 at y = 0.650000./ phi_m, min: 0.000000 at y = 0.430000
phi_m, max: 70.397993 at y = 0.650000./ phi_m, min: 0.000000 at y = 0.430000
phi_m, max: 51.059040 at y = 0.650000./ phi_m, min: 0.000000 at y = 0.430000
phi_m, max: 33.834448 at y = 0.650000./ phi_m, min: 0.000000 at y = 0.430000
phi_m, max: 12.186847 at y = 0.650000./ phi_m, min: 0.000000 at y = 0.430000
phi_m, max: 1.438481 at y = 0.650000./ phi_m, min: -0.000000 at y = 0.430000
phi_m, max: -0.000000 at y = 0.430000./ phi_m, min: -0.254718 at y = 0.440000
phi_m, max: -0.000000 at y = 0.430000./ phi_m, min: -0.401004 at y = 0.440000
phi_m, max: -0.000000 at y = 0.430000./ phi_m, min: -0.476110 at y = 0.440000
phi_m, max: -0.000000 at y = 0.430000./ phi_m, min: -0.511391 at y = 0.641787
phi_m, max: -0.000000 at y = 0.430000./ phi_m, min: -0.520635 at y = 0.644832
phi_m, max: -0.000000 at y = 0.430000./ phi_m, min: -0.509245 at y = 0.646426


phi_m, max: -0.000000 at y = 5.690000./ phi_m, min: -0.001153 at y = 5.895168
phi_m, max: -0.000000 at y = 5.690000./ phi_m, min: -0.001162 at y = 5.895168
phi_m, max: -0.000000 at y = 5.690000./ phi_m, min: -0.001153 at y = 5.895168
phi_m, max: -0.000000 at y = 5.690000./ phi_m, min: -0.001143 at y = 5.895168
phi_m, max: -0.000000 at y = 5.690000./ phi_m, min: -0.001133 at y = 5.895168
phi_m, max: -0.000000 at y = 5.690000./ phi_m, min: -0.001125 at y = 5.895168
phi_m, max: -0.000000 at y = 5.690000./ phi_m, min: -0.001117 at y = 5.895168
phi_m, max: -0.000000 at y = 5.690000./ phi_m, min: -0.001111 at y = 5.895168
phi_m, max: -0.000000 at y = 5.690000./ phi_m, min: -0.001106 at y = 5.895168
phi_m, max: -0.000000 at y = 5.690000./ phi_m, min: -0.001101 at y = 5.895168
phi_m, max: -0.000000 at y = 5.690000./ phi_m, min: -0.001097 at y = 5.895168
phi_m, max: -0.000000 at y = 5.690000./ phi_m, min: -0.001093 at y = 5.895168
phi_m, max: -0.000000 at y = 5.690000./ phi_m, min: -0.001084 at y = 5.895916
phi_m, max: 0.047804 at y = 5.690000./ phi_m, min: 0.000000 at y = 5.690000
phi_m, max: 39.839520 at y = 5.690000./ phi_m, min: 0.000000 at y = 5.690000


phi_m, max: -0.000000 at y = 4.640000./ phi_m, min: -0.001153 at y = 4.634832
phi_m, max: -0.000000 at y = 4.640000./ phi_m, min: -0.001162 at y = 4.635168
phi_m, max: -0.000000 at y = 4.640000./ phi_m, min: -0.001153 at y = 4.635168
phi_m, max: -0.000000 at y = 4.640000./ phi_m, min: -0.001143 at y = 4.635168
phi_m, max: -0.000000 at y = 4.640000./ phi_m, min: -0.001133 at y = 4.635168
phi_m, max: -0.000000 at y = 4.640000./ phi_m, min: -0.001125 at y = 4.635168
phi_m, max: -0.000000 at y = 4.640000./ phi_m, min: -0.001117 at y = 4.635168
phi_m, max: -0.000000 at y = 4.640000./ phi_m, min: -0.001111 at y = 4.635168
phi_m, max: -0.000000 at y = 4.640000./ phi_m, min: -0.001105 at y = 4.635168
phi_m, max: -0.000000 at y = 4.640000./ phi_m, min: -0.001064 at y = 4.638825
phi_m, max: 0.348577 at y = 4.630000./ phi_m, min: 0.000000 at y = 4.640000
phi_m, max: 106.754372 at y = 4.630000./ phi_m, min: 0.000000 at y = 4.640000
phi_m, max: 114.409539 at y = 4.840000./ phi_m, min: 0.000000 at y = 4.640000
phi_m, max: 102.203202 at y = 4.840000./ phi_m, min: 0.000000 at y = 4.640000
phi_m, max: 83.670203 at y = 4.840000./ phi_m, min: 0.000000 at y = 4.640000


phi_m, max: -0.000000 at y = 5.050000./ phi_m, min: -0.001153 at y = 5.055168
phi_m, max: -0.000000 at y = 5.050000./ phi_m, min: -0.001162 at y = 5.475168
phi_m, max: -0.000000 at y = 5.050000./ phi_m, min: -0.001153 at y = 5.475168
phi_m, max: -0.000000 at y = 5.050000./ phi_m, min: -0.001143 at y = 5.475168
phi_m, max: -0.000000 at y = 5.050000./ phi_m, min: -0.001133 at y = 5.475168
phi_m, max: -0.000000 at y = 5.050000./ phi_m, min: -0.001125 at y = 5.475168
phi_m, max: -0.000000 at y = 5.050000./ phi_m, min: -0.001117 at y = 5.475168
phi_m, max: -0.000000 at y = 5.050000./ phi_m, min: -0.001111 at y = 5.475168
phi_m, max: -0.000000 at y = 5.050000./ phi_m, min: -0.001106 at y = 5.475168
phi_m, max: -0.000000 at y = 5.050000./ phi_m, min: -0.001101 at y = 5.475168
phi_m, max: -0.000000 at y = 5.050000./ phi_m, min: -0.001097 at y = 5.475168
phi_m, max: 0.155257 at y = 5.050000./ phi_m, min: -0.001081 at y = 5.476787
phi_m, max: 85.181852 at y = 5.050000./ phi_m, min: 0.000000 at y = 5.050000
phi_m, max: 115.152388 at y = 5.058376./ phi_m, min: 0.000000 at y = 5.050000
phi_m, max: 115.703960 at y = 5.478213./ phi_m, min: 0.000000 at y = 5.050000


phi_m, max: -0.000000 at y = 2.740000./ phi_m, min: -0.001153 at y = 2.744832
phi_m, max: -0.000000 at y = 2.740000./ phi_m, min: -0.001162 at y = 2.745168
phi_m, max: -0.000000 at y = 2.740000./ phi_m, min: -0.001153 at y = 2.745168
phi_m, max: -0.000000 at y = 2.740000./ phi_m, min: -0.001143 at y = 2.745168
phi_m, max: -0.000000 at y = 2.740000./ phi_m, min: -0.001093 at y = 2.748825
phi_m, max: 0.524967 at y = 2.597143./ phi_m, min: 0.000000 at y = 2.740000
phi_m, max: 110.624607 at y = 2.597143./ phi_m, min: 0.000000 at y = 2.740000
phi_m, max: 114.210398 at y = 2.749413./ phi_m, min: 0.000000 at y = 2.740000
phi_m, max: 100.939700 at y = 2.835714./ phi_m, min: 0.000000 at y = 2.740000
phi_m, max: 82.293646 at y = 2.835714./ phi_m, min: 0.000000 at y = 2.740000
phi_m, max: 62.267718 at y = 2.835714./ phi_m, min: 0.000000 at y = 2.740000
phi_m, max: 44.011144 at y = 2.835714./ phi_m, min: 0.000000 at y = 2.740000
phi_m, max: 25.880762 at y = 2.835714./ phi_m, min: 0.000000 at y = 2.740000
phi_m, max: 5.775561 at y = 2.835714./ phi_m, min: 0.000000 at y = 2.740000
phi_m, max: 0.456113 at y = 2.835714./ phi_m, min: -0.060743 at y = 2.597143


phi_m, max: -0.000000 at y = 1.900000./ phi_m, min: -0.001153 at y = 1.905168
phi_m, max: -0.000000 at y = 1.900000./ phi_m, min: -0.001162 at y = 1.905168
phi_m, max: 0.001996 at y = 1.728571./ phi_m, min: -0.001050 at y = 1.963787
phi_m, max: 2.391697 at y = 1.728571./ phi_m, min: 0.000000 at y = 1.900000
phi_m, max: 115.332297 at y = 1.900587./ phi_m, min: 0.000000 at y = 1.900000
phi_m, max: 111.987642 at y = 1.909413./ phi_m, min: 0.000000 at y = 1.900000
phi_m, max: 96.831898 at y = 1.963787./ phi_m, min: 0.000000 at y = 1.900000
phi_m, max: 77.525785 at y = 1.963787./ phi_m, min: 0.000000 at y = 1.900000
phi_m, max: 57.643122 at y = 1.963787./ phi_m, min: 0.000000 at y = 1.900000
phi_m, max: 39.994060 at y = 1.963787./ phi_m, min: 0.000000 at y = 1.900000
phi_m, max: 20.373222 at y = 1.963787./ phi_m, min: 0.000000 at y = 1.900000
phi_m, max: 3.434113 at y = 1.963787./ phi_m, min: 0.000000 at y = 1.900000
phi_m, max: 0.162576 at y = 1.963787./ phi_m, min: -0.158968 at y = 1.728571
phi_m, max: -0.000000 at y = 1.900000./ phi_m, min: -0.359476 at y = 1.728571
phi_m, max: -0.000000 at y = 1.900000./ phi_m, min: -0.454039 at y = 1.728571


phi_m, max: -0.000000 at y = 1.270000./ phi_m, min: -0.001127 at y = 1.278213
phi_m, max: 0.294549 at y = 1.070000./ phi_m, min: 0.000000 at y = 1.270000
phi_m, max: 104.482222 at y = 1.070000./ phi_m, min: 0.000000 at y = 1.270000
phi_m, max: 114.883380 at y = 1.278376./ phi_m, min: 0.000000 at y = 1.270000
phi_m, max: 102.444573 at y = 1.279413./ phi_m, min: 0.000000 at y = 1.270000
phi_m, max: 83.985286 at y = 1.308571./ phi_m, min: 0.000000 at y = 1.270000
phi_m, max: 63.914494 at y = 1.308571./ phi_m, min: 0.000000 at y = 1.270000
phi_m, max: 45.412957 at y = 1.308571./ phi_m, min: 0.000000 at y = 1.270000
phi_m, max: 27.604317 at y = 1.308571./ phi_m, min: 0.000000 at y = 1.270000
phi_m, max: 6.773419 at y = 1.308571./ phi_m, min: 0.000000 at y = 1.270000
phi_m, max: 0.588895 at y = 1.308571./ phi_m, min: -0.019858 at y = 1.070000
phi_m, max: -0.000000 at y = 1.270000./ phi_m, min: -0.314857 at y = 1.070000
phi_m, max: -0.000000 at y = 1.270000./ phi_m, min: -0.431035 at y = 1.070000
phi_m, max: -0.000000 at y = 1.270000./ phi_m, min: -0.490614 at y = 1.070000
phi_m, max: -0.000000 at y = 1.270000./ phi_m, min: -0.516923 at y = 1.272542


phi_m, max: 115.829979 at y = 0.228213./ phi_m, min: 0.000000 at y = 0.220000
phi_m, max: 105.912401 at y = 0.344286./ phi_m, min: 0.000000 at y = 0.220000
phi_m, max: 88.488870 at y = 0.344286./ phi_m, min: 0.000000 at y = 0.220000
phi_m, max: 68.543274 at y = 0.344286./ phi_m, min: 0.000000 at y = 0.220000
phi_m, max: 49.456652 at y = 0.344286./ phi_m, min: 0.000000 at y = 0.220000
phi_m, max: 32.251607 at y = 0.344286./ phi_m, min: 0.000000 at y = 0.220000
phi_m, max: 10.619790 at y = 0.344286./ phi_m, min: 0.000000 at y = 0.220000
phi_m, max: 1.168794 at y = 0.344286./ phi_m, min: 0.000000 at y = 0.220000
phi_m, max: -0.000000 at y = 0.220000./ phi_m, min: -0.218211 at y = 0.221175
phi_m, max: -0.000000 at y = 0.220000./ phi_m, min: -0.379595 at y = 0.221787
phi_m, max: -0.000000 at y = 0.220000./ phi_m, min: -0.466319 at y = 0.223213
phi_m, max: -0.000000 at y = 0.220000./ phi_m, min: -0.508923 at y = 0.224490
phi_m, max: -0.000000 at y = 0.220000./ phi_m, min: -0.519414 at y = 0.226426
phi_m, max: -0.000000 at y = 0.220000./ phi_m, min: -0.506772 at y = 0.227458
phi_m, max: -0.000000 at y = 0.220000./ phi_m, min: -0.478776 at y = 0.227458


phi_m, max: -0.000000 at y = 1.518571./ phi_m, min: -0.001153 at y = 1.695168
phi_m, max: -0.000000 at y = 1.518571./ phi_m, min: -0.001147 at y = 1.696787
phi_m, max: 0.131643 at y = 1.490000./ phi_m, min: 0.000000 at y = 1.518571
phi_m, max: 83.454072 at y = 1.490000./ phi_m, min: 0.000000 at y = 1.518571
phi_m, max: 115.553562 at y = 1.698376./ phi_m, min: 0.000000 at y = 1.518571
phi_m, max: 104.324704 at y = 1.699413./ phi_m, min: 0.000000 at y = 1.518571
phi_m, max: 86.263429 at y = 1.728571./ phi_m, min: 0.000000 at y = 1.518571
phi_m, max: 66.214197 at y = 1.728571./ phi_m, min: 0.000000 at y = 1.518571
phi_m, max: 47.401587 at y = 1.728571./ phi_m, min: 0.000000 at y = 1.518571
phi_m, max: 29.961206 at y = 1.728571./ phi_m, min: 0.000000 at y = 1.518571
phi_m, max: 8.483434 at y = 1.728571./ phi_m, min: 0.000000 at y = 1.518571
phi_m, max: 0.832583 at y = 1.728571./ phi_m, min: 0.000000 at y = 1.518571
phi_m, max: -0.000000 at y = 1.518571./ phi_m, min: -0.295360 at y = 1.490000
phi_m, max: -0.000000 at y = 1.518571./ phi_m, min: -0.420952 at y = 1.490000
phi_m, max: -0.000000 at y = 1.518571./ phi_m, min: -0.485845 at y = 1.490000


phi_m, max: -0.000000 at y = 3.790000./ phi_m, min: -0.001153 at y = 4.004832
phi_m, max: -0.000000 at y = 3.790000./ phi_m, min: -0.001162 at y = 3.794832
phi_m, max: -0.000000 at y = 3.790000./ phi_m, min: -0.001153 at y = 3.794832
phi_m, max: -0.000000 at y = 3.790000./ phi_m, min: -0.001143 at y = 3.794832
phi_m, max: -0.000000 at y = 3.790000./ phi_m, min: -0.001133 at y = 4.005168
phi_m, max: -0.000000 at y = 3.790000./ phi_m, min: -0.001125 at y = 4.005168
phi_m, max: -0.000000 at y = 3.790000./ phi_m, min: -0.001117 at y = 4.005168
phi_m, max: 0.001019 at y = 3.761429./ phi_m, min: -0.001104 at y = 4.006367
phi_m, max: 1.643203 at y = 3.761429./ phi_m, min: 0.000000 at y = 3.790000
phi_m, max: 115.222757 at y = 3.790587./ phi_m, min: 0.000000 at y = 3.790000
phi_m, max: 115.888275 at y = 4.007458./ phi_m, min: 0.000000 at y = 3.790000
phi_m, max: 106.421434 at y = 4.009413./ phi_m, min: 0.000000 at y = 3.790000
phi_m, max: 88.890741 at y = 4.010000./ phi_m, min: 0.000000 at y = 3.790000
phi_m, max: 68.878995 at y = 4.010000./ phi_m, min: 0.000000 at y = 3.790000
phi_m, max: 49.713469 at y = 4.010000./ phi_m, min: 0.000000 at y = 3.790000


phi_m, max: -0.000000 at y = 3.580000./ phi_m, min: -0.001153 at y = 3.584832
phi_m, max: -0.000000 at y = 3.580000./ phi_m, min: -0.001162 at y = 3.585168
phi_m, max: -0.000000 at y = 3.580000./ phi_m, min: -0.001153 at y = 3.585168
phi_m, max: -0.000000 at y = 3.580000./ phi_m, min: -0.001143 at y = 3.585168
phi_m, max: -0.000000 at y = 3.580000./ phi_m, min: -0.001133 at y = 3.585168
phi_m, max: -0.000000 at y = 3.580000./ phi_m, min: -0.001125 at y = 3.585168
phi_m, max: -0.000000 at y = 3.580000./ phi_m, min: -0.001104 at y = 3.586787
phi_m, max: 0.084311 at y = 3.551429./ phi_m, min: 0.000000 at y = 3.580000
phi_m, max: 61.606778 at y = 3.551429./ phi_m, min: 0.000000 at y = 3.580000
phi_m, max: 115.633616 at y = 3.588376./ phi_m, min: 0.000000 at y = 3.580000
phi_m, max: 105.225071 at y = 3.761429./ phi_m, min: 0.000000 at y = 3.580000
phi_m, max: 87.507542 at y = 3.761429./ phi_m, min: 0.000000 at y = 3.580000
phi_m, max: 67.487283 at y = 3.761429./ phi_m, min: 0.000000 at y = 3.580000
phi_m, max: 48.510098 at y = 3.761429./ phi_m, min: 0.000000 at y = 3.580000
phi_m, max: 31.192398 at y = 3.761429./ phi_m, min: 0.000000 at y = 3.580000


phi_m, max: -0.000000 at y = 4.850000./ phi_m, min: -0.001153 at y = 5.055168
phi_m, max: -0.000000 at y = 4.850000./ phi_m, min: -0.001162 at y = 4.844832
phi_m, max: -0.000000 at y = 4.850000./ phi_m, min: -0.001153 at y = 4.844832
phi_m, max: -0.000000 at y = 4.850000./ phi_m, min: -0.001143 at y = 4.844832
phi_m, max: -0.000000 at y = 4.850000./ phi_m, min: -0.001133 at y = 4.844832
phi_m, max: -0.000000 at y = 4.850000./ phi_m, min: -0.001125 at y = 4.844832
phi_m, max: -0.000000 at y = 4.850000./ phi_m, min: -0.001117 at y = 4.844832
phi_m, max: -0.000000 at y = 4.850000./ phi_m, min: -0.001111 at y = 5.054832
phi_m, max: -0.000000 at y = 4.850000./ phi_m, min: -0.001106 at y = 5.055168
phi_m, max: -0.000000 at y = 4.850000./ phi_m, min: -0.001101 at y = 5.055168
phi_m, max: 0.007533 at y = 4.840000./ phi_m, min: -0.001075 at y = 5.057458
phi_m, max: 6.350398 at y = 4.840000./ phi_m, min: 0.000000 at y = 4.850000
phi_m, max: 115.906805 at y = 4.842542./ phi_m, min: 0.000000 at y = 4.850000
phi_m, max: 115.152388 at y = 5.058376./ phi_m, min: 0.000000 at y = 4.850000
phi_m, max: 103.094506 at y = 5.060000./ phi_m, min: 0.000000 at y = 4.850000


phi_m, max: -0.000000 at y = 4.420000./ phi_m, min: -0.001153 at y = 4.424832
phi_m, max: -0.000000 at y = 4.420000./ phi_m, min: -0.001162 at y = 4.425168
phi_m, max: -0.000000 at y = 4.420000./ phi_m, min: -0.001153 at y = 4.425168
phi_m, max: -0.000000 at y = 4.420000./ phi_m, min: -0.001143 at y = 4.425168
phi_m, max: -0.000000 at y = 4.420000./ phi_m, min: -0.001133 at y = 4.425168
phi_m, max: -0.000000 at y = 4.420000./ phi_m, min: -0.001125 at y = 4.425168
phi_m, max: -0.000000 at y = 4.420000./ phi_m, min: -0.001117 at y = 4.425168
phi_m, max: -0.000000 at y = 4.420000./ phi_m, min: -0.001111 at y = 4.425168
phi_m, max: -0.000000 at y = 4.420000./ phi_m, min: -0.001102 at y = 4.425587
phi_m, max: 0.019432 at y = 4.391429./ phi_m, min: -0.000599 at y = 4.630000
phi_m, max: 15.051283 at y = 4.391429./ phi_m, min: 0.000000 at y = 4.420000
phi_m, max: 115.933807 at y = 4.426426./ phi_m, min: 0.000000 at y = 4.420000
phi_m, max: 108.825327 at y = 4.630000./ phi_m, min: 0.000000 at y = 4.420000
phi_m, max: 92.268689 at y = 4.630000./ phi_m, min: 0.000000 at y = 4.420000
phi_m, max: 72.440935 at y = 4.630000./ phi_m, min: 0.000000 at y = 4.420000


phi_m, max: 112.624926 at y = 0.018213./ phi_m, min: 0.000000 at y = -0.010000
phi_m, max: 97.591567 at y = 0.018213./ phi_m, min: 0.000000 at y = -0.010000
phi_m, max: 78.306002 at y = 0.134286./ phi_m, min: 0.000000 at y = -0.010000
phi_m, max: 58.476535 at y = 0.134286./ phi_m, min: 0.000000 at y = -0.010000
phi_m, max: 40.847335 at y = 0.134286./ phi_m, min: 0.000000 at y = -0.010000
phi_m, max: 22.173906 at y = 0.134286./ phi_m, min: 0.000000 at y = -0.010000
phi_m, max: 4.093920 at y = 0.134286./ phi_m, min: 0.000000 at y = -0.010000
phi_m, max: 0.290113 at y = 0.006787./ phi_m, min: 0.000000 at y = -0.010000
phi_m, max: -0.000000 at y = -0.010000./ phi_m, min: -0.210813 at y = 0.134286
phi_m, max: -0.000000 at y = -0.010000./ phi_m, min: -0.366509 at y = 0.134286
phi_m, max: -0.000000 at y = -0.010000./ phi_m, min: -0.450270 at y = 0.134286
phi_m, max: -0.000000 at y = -0.010000./ phi_m, min: -0.489887 at y = 0.134286
phi_m, max: -0.000000 at y = -0.010000./ phi_m, min: -0.497524 at y = 0.134286
phi_m, max: -0.000000 at y = -0.010000./ phi_m, min: -0.483859 at y = 0.018376
phi_m, max: -0.000000 at y = -0.010000./ phi_m, min: -0.456568 at y = 0.017458


phi_m, max: 0.015271 at y = 0.860000./ phi_m, min: -0.000723 at y = 1.070000
phi_m, max: 12.013272 at y = 0.860000./ phi_m, min: 0.000000 at y = 0.888571
phi_m, max: 115.904112 at y = 1.063633./ phi_m, min: 0.000000 at y = 0.888571
phi_m, max: 109.137075 at y = 1.069413./ phi_m, min: 0.000000 at y = 0.888571
phi_m, max: 92.540970 at y = 1.070000./ phi_m, min: 0.000000 at y = 0.888571
phi_m, max: 72.734563 at y = 1.070000./ phi_m, min: 0.000000 at y = 0.888571
phi_m, max: 53.159701 at y = 1.070000./ phi_m, min: 0.000000 at y = 0.888571
phi_m, max: 35.884004 at y = 1.070000./ phi_m, min: 0.000000 at y = 0.888571
phi_m, max: 14.654216 at y = 1.070000./ phi_m, min: 0.000000 at y = 0.888571
phi_m, max: 1.922336 at y = 1.070000./ phi_m, min: 0.000000 at y = 0.888571
phi_m, max: -0.000000 at y = 0.888571./ phi_m, min: -0.228129 at y = 0.860000
phi_m, max: -0.000000 at y = 0.888571./ phi_m, min: -0.388670 at y = 0.860000
phi_m, max: -0.000000 at y = 0.888571./ phi_m, min: -0.469793 at y = 0.860000
phi_m, max: -0.000000 at y = 0.888571./ phi_m, min: -0.508687 at y = 1.061624
phi_m, max: -0.000000 at y = 0.888571./ phi_m, min: -0.520634 at y = 1.064490


phi_m, max: -0.000000 at y = 1.480000./ phi_m, min: -0.001152 at y = 1.485168
phi_m, max: 0.005816 at y = 1.308571./ phi_m, min: -0.000962 at y = 1.518571
phi_m, max: 5.150036 at y = 1.308571./ phi_m, min: 0.000000 at y = 1.480000
phi_m, max: 115.881761 at y = 1.481624./ phi_m, min: 0.000000 at y = 1.480000
phi_m, max: 110.628864 at y = 1.489413./ phi_m, min: 0.000000 at y = 1.480000
phi_m, max: 94.697881 at y = 1.490000./ phi_m, min: 0.000000 at y = 1.480000
phi_m, max: 75.119998 at y = 1.518571./ phi_m, min: 0.000000 at y = 1.480000
phi_m, max: 55.371945 at y = 1.518571./ phi_m, min: 0.000000 at y = 1.480000
phi_m, max: 37.955804 at y = 1.518571./ phi_m, min: 0.000000 at y = 1.480000
phi_m, max: 17.479702 at y = 1.518571./ phi_m, min: 0.000000 at y = 1.480000
phi_m, max: 2.588111 at y = 1.518571./ phi_m, min: 0.000000 at y = 1.480000
phi_m, max: 0.060715 at y = 1.518571./ phi_m, min: -0.194830 at y = 1.308571
phi_m, max: -0.000000 at y = 1.480000./ phi_m, min: -0.373771 at y = 1.308571
phi_m, max: -0.000000 at y = 1.480000./ phi_m, min: -0.461577 at y = 1.308571
phi_m, max: -0.000000 at y = 1.480000./ phi_m, min: -0.505537 at y = 1.481624


phi_m, max: -0.000000 at y = 3.370000./ phi_m, min: -0.001153 at y = 3.375168
phi_m, max: -0.000000 at y = 3.370000./ phi_m, min: -0.001162 at y = 3.374832
phi_m, max: -0.000000 at y = 3.370000./ phi_m, min: -0.001153 at y = 3.374832
phi_m, max: -0.000000 at y = 3.370000./ phi_m, min: -0.001143 at y = 3.375168
phi_m, max: -0.000000 at y = 3.370000./ phi_m, min: -0.001133 at y = 3.375168
phi_m, max: -0.000000 at y = 3.370000./ phi_m, min: -0.001124 at y = 3.375168
phi_m, max: 0.003593 at y = 3.341429./ phi_m, min: -0.000974 at y = 3.551429
phi_m, max: 3.468323 at y = 3.341429./ phi_m, min: 0.000000 at y = 3.370000
phi_m, max: 115.812488 at y = 3.371624./ phi_m, min: 0.000000 at y = 3.370000
phi_m, max: 111.118954 at y = 3.551429./ phi_m, min: 0.000000 at y = 3.370000
phi_m, max: 95.858603 at y = 3.551429./ phi_m, min: 0.000000 at y = 3.370000
phi_m, max: 76.404143 at y = 3.551429./ phi_m, min: 0.000000 at y = 3.370000
phi_m, max: 56.568970 at y = 3.551429./ phi_m, min: 0.000000 at y = 3.370000
phi_m, max: 39.029027 at y = 3.551429./ phi_m, min: 0.000000 at y = 3.370000
phi_m, max: 18.986181 at y = 3.551429./ phi_m, min: 0.000000 at y = 3.370000


phi_m, max: -0.000000 at y = 2.110000./ phi_m, min: -0.001153 at y = 2.115168
phi_m, max: -0.000000 at y = 2.110000./ phi_m, min: -0.001162 at y = 2.115168
phi_m, max: -0.000000 at y = 2.110000./ phi_m, min: -0.001146 at y = 2.116367
phi_m, max: 0.057853 at y = 1.938571./ phi_m, min: 0.000000 at y = 2.110000
phi_m, max: 49.175436 at y = 1.938571./ phi_m, min: 0.000000 at y = 2.110000
phi_m, max: 115.860600 at y = 2.117458./ phi_m, min: 0.000000 at y = 2.110000
phi_m, max: 106.118442 at y = 2.119413./ phi_m, min: 0.000000 at y = 2.110000
phi_m, max: 88.582685 at y = 2.177143./ phi_m, min: 0.000000 at y = 2.110000
phi_m, max: 68.627146 at y = 2.177143./ phi_m, min: 0.000000 at y = 2.110000
phi_m, max: 49.523746 at y = 2.177143./ phi_m, min: 0.000000 at y = 2.110000
phi_m, max: 32.304950 at y = 2.177143./ phi_m, min: 0.000000 at y = 2.110000
phi_m, max: 10.640397 at y = 2.177143./ phi_m, min: 0.000000 at y = 2.110000
phi_m, max: 1.172477 at y = 2.177143./ phi_m, min: 0.000000 at y = 2.110000
phi_m, max: -0.000000 at y = 2.110000./ phi_m, min: -0.271684 at y = 1.938571
phi_m, max: -0.000000 at y = 2.110000./ phi_m, min: -0.408610 at y = 1.938571


Writing: "Fiber2DEphapticPlaneL6Isolated_15.chk"
 (0.00842798s, XML)
phi_m, max: -0.000000 at y = 5.050000./ phi_m, min: -0.001153 at y = 5.055168
phi_m, max: -0.000000 at y = 5.050000./ phi_m, min: -0.001162 at y = 5.475168
phi_m, max: -0.000000 at y = 5.050000./ phi_m, min: -0.001153 at y = 5.475168
phi_m, max: -0.000000 at y = 5.050000./ phi_m, min: -0.001143 at y = 5.475168
phi_m, max: -0.000000 at y = 5.050000./ phi_m, min: -0.001133 at y = 5.475168
phi_m, max: -0.000000 at y = 5.050000./ phi_m, min: -0.001125 at y = 5.475168
phi_m, max: -0.000000 at y = 5.050000./ phi_m, min: -0.001117 at y = 5.475168
phi_m, max: -0.000000 at y = 5.050000./ phi_m, min: -0.001111 at y = 5.475168
phi_m, max: -0.000000 at y = 5.050000./ phi_m, min: -0.001106 at y = 5.475168
phi_m, max: -0.000000 at y = 5.050000./ phi_m, min: -0.001101 at y = 5.475168
phi_m, max: -0.000000 at y = 5.050000./ phi_m, min: -0.001097 at y = 5.475168
phi_m, max: 0.155257 at y = 5.050000./ phi_m, min: -0.001081 at y = 5.476787
phi_m, max: 85.181852 at y = 5.050000./ phi_m, min: 0.000000 at y = 5.050000
phi_m, max: 115.152388 at y = 5.058376./ phi_m, min: 0.000000 at y = 5.050000
phi_m, max: 115.703960 at y = 5.478213./ phi_m, min: 0.000000 at y = 5.050000
phi_m, max: 104.960248 at y = 5.479413./ phi_m, min: 0.000000 at y = 5.050000


phi_m, max: -0.000000 at y = 1.270000./ phi_m, min: -0.001127 at y = 1.278213
phi_m, max: 0.294549 at y = 1.070000./ phi_m, min: 0.000000 at y = 1.270000
phi_m, max: 104.482222 at y = 1.070000./ phi_m, min: 0.000000 at y = 1.270000
phi_m, max: 114.883380 at y = 1.278376./ phi_m, min: 0.000000 at y = 1.270000
phi_m, max: 102.444573 at y = 1.279413./ phi_m, min: 0.000000 at y = 1.270000
phi_m, max: 83.985286 at y = 1.308571./ phi_m, min: 0.000000 at y = 1.270000
phi_m, max: 63.914494 at y = 1.308571./ phi_m, min: 0.000000 at y = 1.270000
phi_m, max: 45.412957 at y = 1.308571./ phi_m, min: 0.000000 at y = 1.270000
phi_m, max: 27.604317 at y = 1.308571./ phi_m, min: 0.000000 at y = 1.270000
phi_m, max: 6.773419 at y = 1.308571./ phi_m, min: 0.000000 at y = 1.270000
phi_m, max: 0.588895 at y = 1.308571./ phi_m, min: -0.019858 at y = 1.070000
phi_m, max: -0.000000 at y = 1.270000./ phi_m, min: -0.314857 at y = 1.070000
phi_m, max: -0.000000 at y = 1.270000./ phi_m, min: -0.431035 at y = 1.070000
phi_m, max: -0.000000 at y = 1.270000./ phi_m, min: -0.490614 at y = 1.070000
phi_m, max: -0.000000 at y = 1.270000./ phi_m, min: -0.516923 at y = 1.272542
phi_m, max: -0.000000 at y = 1.270000./ phi_m, min: -0.518905 at y = 1.276259


phi_m, max: -0.000000 at y = 1.518571./ phi_m, min: -0.001153 at y = 1.695168
phi_m, max: -0.000000 at y = 1.518571./ phi_m, min: -0.001147 at y = 1.696787
phi_m, max: 0.131643 at y = 1.490000./ phi_m, min: 0.000000 at y = 1.518571
phi_m, max: 83.454072 at y = 1.490000./ phi_m, min: 0.000000 at y = 1.518571
phi_m, max: 115.553562 at y = 1.698376./ phi_m, min: 0.000000 at y = 1.518571
phi_m, max: 104.324704 at y = 1.699413./ phi_m, min: 0.000000 at y = 1.518571
phi_m, max: 86.263429 at y = 1.728571./ phi_m, min: 0.000000 at y = 1.518571
phi_m, max: 66.214197 at y = 1.728571./ phi_m, min: 0.000000 at y = 1.518571
phi_m, max: 47.401587 at y = 1.728571./ phi_m, min: 0.000000 at y = 1.518571
phi_m, max: 29.961206 at y = 1.728571./ phi_m, min: 0.000000 at y = 1.518571
phi_m, max: 8.483434 at y = 1.728571./ phi_m, min: 0.000000 at y = 1.518571
phi_m, max: 0.832583 at y = 1.728571./ phi_m, min: 0.000000 at y = 1.518571
phi_m, max: -0.000000 at y = 1.518571./ phi_m, min: -0.295360 at y = 1.490000
phi_m, max: -0.000000 at y = 1.518571./ phi_m, min: -0.420952 at y = 1.490000
phi_m, max: -0.000000 at y = 1.518571./ phi_m, min: -0.485845 at y = 1.490000
phi_m, max: -0.000000 at y = 1.518571./ phi_m, min: -0.515201 at y = 1.692542


phi_m, max: 115.829979 at y = 0.228213./ phi_m, min: 0.000000 at y = 0.220000
phi_m, max: 105.912401 at y = 0.344286./ phi_m, min: 0.000000 at y = 0.220000
phi_m, max: 88.488870 at y = 0.344286./ phi_m, min: 0.000000 at y = 0.220000
phi_m, max: 68.543274 at y = 0.344286./ phi_m, min: 0.000000 at y = 0.220000
phi_m, max: 49.456652 at y = 0.344286./ phi_m, min: 0.000000 at y = 0.220000
phi_m, max: 32.251607 at y = 0.344286./ phi_m, min: 0.000000 at y = 0.220000
phi_m, max: 10.619790 at y = 0.344286./ phi_m, min: 0.000000 at y = 0.220000
phi_m, max: 1.168794 at y = 0.344286./ phi_m, min: 0.000000 at y = 0.220000
phi_m, max: -0.000000 at y = 0.220000./ phi_m, min: -0.218211 at y = 0.221175
phi_m, max: -0.000000 at y = 0.220000./ phi_m, min: -0.379595 at y = 0.221787
phi_m, max: -0.000000 at y = 0.220000./ phi_m, min: -0.466319 at y = 0.223213
phi_m, max: -0.000000 at y = 0.220000./ phi_m, min: -0.508923 at y = 0.224490
phi_m, max: -0.000000 at y = 0.220000./ phi_m, min: -0.519414 at y = 0.226426
phi_m, max: -0.000000 at y = 0.220000./ phi_m, min: -0.506772 at y = 0.227458
phi_m, max: -0.000000 at y = 0.220000./ phi_m, min: -0.478776 at y = 0.227458
phi_m, max: -0.000000 at y = 0.220000./ phi_m, min: -0.441687 at y = 0.228213


phi_m, max: -0.000000 at y = 3.790000./ phi_m, min: -0.001153 at y = 4.004832
phi_m, max: -0.000000 at y = 3.790000./ phi_m, min: -0.001162 at y = 3.794832
phi_m, max: -0.000000 at y = 3.790000./ phi_m, min: -0.001153 at y = 3.794832
phi_m, max: -0.000000 at y = 3.790000./ phi_m, min: -0.001143 at y = 3.794832
phi_m, max: -0.000000 at y = 3.790000./ phi_m, min: -0.001133 at y = 4.005168
phi_m, max: -0.000000 at y = 3.790000./ phi_m, min: -0.001125 at y = 4.005168
phi_m, max: -0.000000 at y = 3.790000./ phi_m, min: -0.001117 at y = 4.005168
phi_m, max: 0.001019 at y = 3.761429./ phi_m, min: -0.001104 at y = 4.006367
phi_m, max: 1.643203 at y = 3.761429./ phi_m, min: 0.000000 at y = 3.790000
phi_m, max: 115.222757 at y = 3.790587./ phi_m, min: 0.000000 at y = 3.790000
phi_m, max: 115.888275 at y = 4.007458./ phi_m, min: 0.000000 at y = 3.790000
phi_m, max: 106.421434 at y = 4.009413./ phi_m, min: 0.000000 at y = 3.790000
phi_m, max: 88.890741 at y = 4.010000./ phi_m, min: 0.000000 at y = 3.790000
phi_m, max: 68.878995 at y = 4.010000./ phi_m, min: 0.000000 at y = 3.790000
phi_m, max: 49.713469 at y = 4.010000./ phi_m, min: 0.000000 at y = 3.790000
phi_m, max: 32.453839 at y = 4.010000./ phi_m, min: 0.000000 at y = 3.790000


phi_m, max: -0.000000 at y = 3.580000./ phi_m, min: -0.001153 at y = 3.584832
phi_m, max: -0.000000 at y = 3.580000./ phi_m, min: -0.001162 at y = 3.585168
phi_m, max: -0.000000 at y = 3.580000./ phi_m, min: -0.001153 at y = 3.585168
phi_m, max: -0.000000 at y = 3.580000./ phi_m, min: -0.001143 at y = 3.585168
phi_m, max: -0.000000 at y = 3.580000./ phi_m, min: -0.001133 at y = 3.585168
phi_m, max: -0.000000 at y = 3.580000./ phi_m, min: -0.001125 at y = 3.585168
phi_m, max: -0.000000 at y = 3.580000./ phi_m, min: -0.001104 at y = 3.586787
phi_m, max: 0.084311 at y = 3.551429./ phi_m, min: 0.000000 at y = 3.580000
phi_m, max: 61.606778 at y = 3.551429./ phi_m, min: 0.000000 at y = 3.580000
phi_m, max: 115.633616 at y = 3.588376./ phi_m, min: 0.000000 at y = 3.580000
phi_m, max: 105.225071 at y = 3.761429./ phi_m, min: 0.000000 at y = 3.580000
phi_m, max: 87.507542 at y = 3.761429./ phi_m, min: 0.000000 at y = 3.580000
phi_m, max: 67.487283 at y = 3.761429./ phi_m, min: 0.000000 at y = 3.580000
phi_m, max: 48.510098 at y = 3.761429./ phi_m, min: 0.000000 at y = 3.580000
phi_m, max: 31.192398 at y = 3.761429./ phi_m, min: 0.000000 at y = 3.580000
phi_m, max: 9.554428 at y = 3.761429./ phi_m, min: 0.000000 at y = 3.580000


phi_m, max: -0.000000 at y = 4.850000./ phi_m, min: -0.001153 at y = 5.055168
phi_m, max: -0.000000 at y = 4.850000./ phi_m, min: -0.001162 at y = 4.844832
phi_m, max: -0.000000 at y = 4.850000./ phi_m, min: -0.001153 at y = 4.844832
phi_m, max: -0.000000 at y = 4.850000./ phi_m, min: -0.001143 at y = 4.844832
phi_m, max: -0.000000 at y = 4.850000./ phi_m, min: -0.001133 at y = 4.844832
phi_m, max: -0.000000 at y = 4.850000./ phi_m, min: -0.001125 at y = 4.844832
phi_m, max: -0.000000 at y = 4.850000./ phi_m, min: -0.001117 at y = 4.844832
phi_m, max: -0.000000 at y = 4.850000./ phi_m, min: -0.001111 at y = 5.054832
phi_m, max: -0.000000 at y = 4.850000./ phi_m, min: -0.001106 at y = 5.055168
phi_m, max: -0.000000 at y = 4.850000./ phi_m, min: -0.001101 at y = 5.055168
phi_m, max: 0.007533 at y = 4.840000./ phi_m, min: -0.001075 at y = 5.057458
phi_m, max: 6.350398 at y = 4.840000./ phi_m, min: 0.000000 at y = 4.850000
phi_m, max: 115.906805 at y = 4.842542./ phi_m, min: 0.000000 at y = 4.850000
phi_m, max: 115.152388 at y = 5.058376./ phi_m, min: 0.000000 at y = 4.850000
phi_m, max: 103.094506 at y = 5.060000./ phi_m, min: 0.000000 at y = 4.850000
phi_m, max: 84.756195 at y = 5.060000./ phi_m, min: 0.000000 at y = 4.850000


phi_m, max: -0.000000 at y = 4.420000./ phi_m, min: -0.001153 at y = 4.424832
phi_m, max: -0.000000 at y = 4.420000./ phi_m, min: -0.001162 at y = 4.425168
phi_m, max: -0.000000 at y = 4.420000./ phi_m, min: -0.001153 at y = 4.425168
phi_m, max: -0.000000 at y = 4.420000./ phi_m, min: -0.001143 at y = 4.425168
phi_m, max: -0.000000 at y = 4.420000./ phi_m, min: -0.001133 at y = 4.425168
phi_m, max: -0.000000 at y = 4.420000./ phi_m, min: -0.001125 at y = 4.425168
phi_m, max: -0.000000 at y = 4.420000./ phi_m, min: -0.001117 at y = 4.425168
phi_m, max: -0.000000 at y = 4.420000./ phi_m, min: -0.001111 at y = 4.425168
phi_m, max: -0.000000 at y = 4.420000./ phi_m, min: -0.001102 at y = 4.425587
phi_m, max: 0.019432 at y = 4.391429./ phi_m, min: -0.000599 at y = 4.630000
phi_m, max: 15.051283 at y = 4.391429./ phi_m, min: 0.000000 at y = 4.420000
phi_m, max: 115.933807 at y = 4.426426./ phi_m, min: 0.000000 at y = 4.420000
phi_m, max: 108.825327 at y = 4.630000./ phi_m, min: 0.000000 at y = 4.420000
phi_m, max: 92.268689 at y = 4.630000./ phi_m, min: 0.000000 at y = 4.420000
phi_m, max: 72.440935 at y = 4.630000./ phi_m, min: 0.000000 at y = 4.420000
phi_m, max: 52.893055 at y = 4.630000./ phi_m, min: 0.000000 at y = 4.420000


phi_m, max: -0.000000 at y = 3.971429./ phi_m, min: -0.001126 at y = 4.000000
phi_m, max: -0.000000 at y = 3.971429./ phi_m, min: -0.001135 at y = 4.210000
phi_m, max: -0.000000 at y = 3.971429./ phi_m, min: -0.001127 at y = 4.210000
phi_m, max: -0.000000 at y = 3.971429./ phi_m, min: -0.001116 at y = 4.210000
phi_m, max: -0.000000 at y = 3.971429./ phi_m, min: -0.001107 at y = 4.210000
phi_m, max: -0.000000 at y = 3.971429./ phi_m, min: -0.001099 at y = 4.210000
phi_m, max: -0.000000 at y = 3.971429./ phi_m, min: -0.001091 at y = 4.210000
phi_m, max: -0.000000 at y = 3.971429./ phi_m, min: -0.001084 at y = 4.210000
phi_m, max: 0.046448 at y = 3.885714./ phi_m, min: -0.000136 at y = 4.210000
phi_m, max: 39.483976 at y = 3.885714./ phi_m, min: 0.000000 at y = 3.971429
phi_m, max: 114.258289 at y = 4.010000./ phi_m, min: 0.000000 at y = 3.971429
phi_m, max: 107.235335 at y = 4.210000./ phi_m, min: 0.000000 at y = 3.971429
phi_m, max: 90.065210 at y = 4.210000./ phi_m, min: 0.000000 at y = 3.971429
phi_m, max: 70.104670 at y = 4.210000./ phi_m, min: 0.000000 at y = 3.971429
phi_m, max: 50.797397 at y = 4.210000./ phi_m, min: 0.000000 at y = 3.971429
phi_m, max: 33.563787 at y = 4.210000./ phi_m, min: 0.000000 at y = 3.971429


phi_m, max: -0.000000 at y = 2.358571./ phi_m, min: -0.001153 at y = 2.535168
phi_m, max: -0.000000 at y = 2.358571./ phi_m, min: -0.001162 at y = 2.535168
phi_m, max: -0.000000 at y = 2.358571./ phi_m, min: -0.001153 at y = 2.535168
phi_m, max: -0.000000 at y = 2.358571./ phi_m, min: -0.001139 at y = 2.535587
phi_m, max: 0.027657 at y = 2.387143./ phi_m, min: -0.000395 at y = 2.597143
phi_m, max: 21.375315 at y = 2.387143./ phi_m, min: 0.000000 at y = 2.358571
phi_m, max: 115.959152 at y = 2.536426./ phi_m, min: 0.000000 at y = 2.358571
phi_m, max: 107.815821 at y = 2.539413./ phi_m, min: 0.000000 at y = 2.358571
phi_m, max: 90.799157 at y = 2.597143./ phi_m, min: 0.000000 at y = 2.358571
phi_m, max: 70.952776 at y = 2.597143./ phi_m, min: 0.000000 at y = 2.358571
phi_m, max: 51.589745 at y = 2.597143./ phi_m, min: 0.000000 at y = 2.358571
phi_m, max: 34.406092 at y = 2.597143./ phi_m, min: 0.000000 at y = 2.358571
phi_m, max: 12.937600 at y = 2.597143./ phi_m, min: 0.000000 at y = 2.358571
phi_m, max: 1.581991 at y = 2.597143./ phi_m, min: 0.000000 at y = 2.358571
phi_m, max: -0.000000 at y = 2.358571./ phi_m, min: -0.245301 at y = 2.387143
phi_m, max: -0.000000 at y = 2.358571./ phi_m, min: -0.395630 at y = 2.387143


phi_m, max: 0.015271 at y = 0.860000./ phi_m, min: -0.000723 at y = 1.070000
phi_m, max: 12.013272 at y = 0.860000./ phi_m, min: 0.000000 at y = 0.888571
phi_m, max: 115.904112 at y = 1.063633./ phi_m, min: 0.000000 at y = 0.888571
phi_m, max: 109.137075 at y = 1.069413./ phi_m, min: 0.000000 at y = 0.888571
phi_m, max: 92.540970 at y = 1.070000./ phi_m, min: 0.000000 at y = 0.888571
phi_m, max: 72.734563 at y = 1.070000./ phi_m, min: 0.000000 at y = 0.888571
phi_m, max: 53.159701 at y = 1.070000./ phi_m, min: 0.000000 at y = 0.888571
phi_m, max: 35.884004 at y = 1.070000./ phi_m, min: 0.000000 at y = 0.888571
phi_m, max: 14.654216 at y = 1.070000./ phi_m, min: 0.000000 at y = 0.888571
phi_m, max: 1.922336 at y = 1.070000./ phi_m, min: 0.000000 at y = 0.888571
phi_m, max: -0.000000 at y = 0.888571./ phi_m, min: -0.228129 at y = 0.860000
phi_m, max: -0.000000 at y = 0.888571./ phi_m, min: -0.388670 at y = 0.860000
phi_m, max: -0.000000 at y = 0.888571./ phi_m, min: -0.469793 at y = 0.860000
phi_m, max: -0.000000 at y = 0.888571./ phi_m, min: -0.508687 at y = 1.061624
phi_m, max: -0.000000 at y = 0.888571./ phi_m, min: -0.520634 at y = 1.064490
phi_m, max: -0.000000 at y = 0.888571./ phi_m, min: -0.511457 at y = 1.066426


phi_m, max: -0.000000 at y = 1.480000./ phi_m, min: -0.001152 at y = 1.485168
phi_m, max: 0.005816 at y = 1.308571./ phi_m, min: -0.000962 at y = 1.518571
phi_m, max: 5.150036 at y = 1.308571./ phi_m, min: 0.000000 at y = 1.480000
phi_m, max: 115.881761 at y = 1.481624./ phi_m, min: 0.000000 at y = 1.480000
phi_m, max: 110.628864 at y = 1.489413./ phi_m, min: 0.000000 at y = 1.480000
phi_m, max: 94.697881 at y = 1.490000./ phi_m, min: 0.000000 at y = 1.480000
phi_m, max: 75.119998 at y = 1.518571./ phi_m, min: 0.000000 at y = 1.480000
phi_m, max: 55.371945 at y = 1.518571./ phi_m, min: 0.000000 at y = 1.480000
phi_m, max: 37.955804 at y = 1.518571./ phi_m, min: 0.000000 at y = 1.480000
phi_m, max: 17.479702 at y = 1.518571./ phi_m, min: 0.000000 at y = 1.480000
phi_m, max: 2.588111 at y = 1.518571./ phi_m, min: 0.000000 at y = 1.480000
phi_m, max: 0.060715 at y = 1.518571./ phi_m, min: -0.194830 at y = 1.308571
phi_m, max: -0.000000 at y = 1.480000./ phi_m, min: -0.373771 at y = 1.308571
phi_m, max: -0.000000 at y = 1.480000./ phi_m, min: -0.461577 at y = 1.308571
phi_m, max: -0.000000 at y = 1.480000./ phi_m, min: -0.505537 at y = 1.481624
phi_m, max: -0.000000 at y = 1.480000./ phi_m, min: -0.520344 at y = 1.484490


phi_m, max: -0.000000 at y = 3.370000./ phi_m, min: -0.001153 at y = 3.375168
phi_m, max: -0.000000 at y = 3.370000./ phi_m, min: -0.001162 at y = 3.374832
phi_m, max: -0.000000 at y = 3.370000./ phi_m, min: -0.001153 at y = 3.374832
phi_m, max: -0.000000 at y = 3.370000./ phi_m, min: -0.001143 at y = 3.375168
phi_m, max: -0.000000 at y = 3.370000./ phi_m, min: -0.001133 at y = 3.375168
phi_m, max: -0.000000 at y = 3.370000./ phi_m, min: -0.001124 at y = 3.375168
phi_m, max: 0.003593 at y = 3.341429./ phi_m, min: -0.000974 at y = 3.551429
phi_m, max: 3.468323 at y = 3.341429./ phi_m, min: 0.000000 at y = 3.370000
phi_m, max: 115.812488 at y = 3.371624./ phi_m, min: 0.000000 at y = 3.370000
phi_m, max: 111.118954 at y = 3.551429./ phi_m, min: 0.000000 at y = 3.370000
phi_m, max: 95.858603 at y = 3.551429./ phi_m, min: 0.000000 at y = 3.370000
phi_m, max: 76.404143 at y = 3.551429./ phi_m, min: 0.000000 at y = 3.370000
phi_m, max: 56.568970 at y = 3.551429./ phi_m, min: 0.000000 at y = 3.370000
phi_m, max: 39.029027 at y = 3.551429./ phi_m, min: 0.000000 at y = 3.370000
phi_m, max: 18.986181 at y = 3.551429./ phi_m, min: 0.000000 at y = 3.370000
phi_m, max: 2.999264 at y = 3.551429./ phi_m, min: 0.000000 at y = 3.370000


phi_m, max: 114.270515 at y = 0.430587./ phi_m, min: -0.001124 at y = 3.198571
phi_m, max: 112.995228 at y = 0.439413./ phi_m, min: -0.001133 at y = 3.341429
phi_m, max: 98.507055 at y = 0.440000./ phi_m, min: -0.001125 at y = 3.341429
phi_m, max: 79.334432 at y = 0.440000./ phi_m, min: -0.001114 at y = 3.341429
phi_m, max: 59.322314 at y = 0.440000./ phi_m, min: -0.001105 at y = 3.341429
phi_m, max: 41.434949 at y = 0.440000./ phi_m, min: -0.001090 at y = 3.341429
phi_m, max: 22.296643 at y = 0.440000./ phi_m, min: 0.000000 at y = 0.430000
phi_m, max: 4.480422 at y = 3.198571./ phi_m, min: 0.000000 at y = 0.430000
phi_m, max: 114.584028 at y = 3.341429./ phi_m, min: -0.112950 at y = 0.344286
phi_m, max: 103.430016 at y = 3.341429./ phi_m, min: -0.342296 at y = 0.344286
phi_m, max: 85.242653 at y = 3.341429./ phi_m, min: -0.444503 at y = 0.344286
phi_m, max: 65.177600 at y = 3.341429./ phi_m, min: -0.498707 at y = 0.431624
phi_m, max: 46.502200 at y = 3.341429./ phi_m, min: -0.519414 at y = 0.433574
phi_m, max: 28.913298 at y = 3.341429./ phi_m, min: -0.516659 at y = 0.436426
phi_m, max: 7.681535 at y = 3.341429./ phi_m, min: -0.495828 at y = 0.437458
phi_m, max: 0.714760 at y = 3.341429./ phi_m, min: -0.462841 at y = 0.438213


phi_m, max: -0.000000 at y = 4.210000./ phi_m, min: -0.001153 at y = 4.215168
phi_m, max: -0.000000 at y = 4.210000./ phi_m, min: -0.001162 at y = 4.214832
phi_m, max: -0.000000 at y = 4.210000./ phi_m, min: -0.001153 at y = 4.214832
phi_m, max: -0.000000 at y = 4.210000./ phi_m, min: -0.001143 at y = 4.214832
phi_m, max: -0.000000 at y = 4.210000./ phi_m, min: -0.001133 at y = 4.214832
phi_m, max: -0.000000 at y = 4.210000./ phi_m, min: -0.001125 at y = 4.215168
phi_m, max: -0.000000 at y = 4.210000./ phi_m, min: -0.001117 at y = 4.215168
phi_m, max: -0.000000 at y = 4.210000./ phi_m, min: -0.001111 at y = 4.215168
phi_m, max: -0.000000 at y = 4.210000./ phi_m, min: -0.001057 at y = 4.420000
phi_m, max: 0.785040 at y = 4.210000./ phi_m, min: 0.000000 at y = 4.210000
phi_m, max: 113.282362 at y = 4.210000./ phi_m, min: 0.000000 at y = 4.210000
phi_m, max: 113.637488 at y = 4.420000./ phi_m, min: 0.000000 at y = 4.210000
phi_m, max: 100.262397 at y = 4.420000./ phi_m, min: 0.000000 at y = 4.210000
phi_m, max: 81.363524 at y = 4.420000./ phi_m, min: 0.000000 at y = 4.210000
phi_m, max: 61.287792 at y = 4.420000./ phi_m, min: 0.000000 at y = 4.210000
phi_m, max: 43.132551 at y = 4.420000./ phi_m, min: 0.000000 at y = 4.210000


phi_m, max: -0.000000 at y = 2.950000./ phi_m, min: -0.001153 at y = 2.954832
phi_m, max: -0.000000 at y = 2.950000./ phi_m, min: -0.001162 at y = 2.955168
phi_m, max: -0.000000 at y = 2.950000./ phi_m, min: -0.001153 at y = 2.955168
phi_m, max: -0.000000 at y = 2.950000./ phi_m, min: -0.001143 at y = 2.955168
phi_m, max: -0.000000 at y = 2.950000./ phi_m, min: -0.001131 at y = 2.955449
phi_m, max: 0.011849 at y = 2.807143./ phi_m, min: -0.000792 at y = 3.045714
phi_m, max: 9.518874 at y = 2.807143./ phi_m, min: 0.000000 at y = 2.950000
phi_m, max: 115.909075 at y = 2.953633./ phi_m, min: 0.000000 at y = 2.950000
phi_m, max: 109.405803 at y = 2.959413./ phi_m, min: 0.000000 at y = 2.950000
phi_m, max: 93.087542 at y = 3.045714./ phi_m, min: 0.000000 at y = 2.950000
phi_m, max: 73.417630 at y = 3.045714./ phi_m, min: 0.000000 at y = 2.950000
phi_m, max: 53.828578 at y = 3.045714./ phi_m, min: 0.000000 at y = 2.950000
phi_m, max: 36.556644 at y = 3.045714./ phi_m, min: 0.000000 at y = 2.950000
phi_m, max: 15.654508 at y = 3.045714./ phi_m, min: 0.000000 at y = 2.950000
phi_m, max: 2.148791 at y = 3.045714./ phi_m, min: 0.000000 at y = 2.950000
phi_m, max: 0.008514 at y = 3.045714./ phi_m, min: -0.217653 at y = 2.807143


phi_m, max: -0.000000 at y = 5.928571./ phi_m, min: -0.001153 at y = 6.105168
phi_m, max: -0.000000 at y = 5.928571./ phi_m, min: -0.001162 at y = 6.105168
phi_m, max: -0.000000 at y = 5.928571./ phi_m, min: -0.001154 at y = 6.105168
phi_m, max: -0.000000 at y = 5.928571./ phi_m, min: -0.001143 at y = 6.105168
phi_m, max: -0.000000 at y = 5.928571./ phi_m, min: -0.001133 at y = 6.105168
phi_m, max: -0.000000 at y = 5.928571./ phi_m, min: -0.001125 at y = 6.105168
phi_m, max: -0.000000 at y = 5.928571./ phi_m, min: -0.001118 at y = 6.105168
phi_m, max: -0.000000 at y = 5.928571./ phi_m, min: -0.001111 at y = 6.105168
phi_m, max: -0.000000 at y = 5.928571./ phi_m, min: -0.001106 at y = 6.105168
phi_m, max: -0.000000 at y = 5.928571./ phi_m, min: -0.001101 at y = 6.105168
phi_m, max: -0.000000 at y = 5.928571./ phi_m, min: -0.001097 at y = 6.105168
phi_m, max: -0.000000 at y = 5.928571./ phi_m, min: -0.001093 at y = 6.105168
phi_m, max: -0.000000 at y = 5.928571./ phi_m, min: -0.001090 at y = 6.105168
phi_m, max: 0.000143 at y = 5.900000./ phi_m, min: -0.001035 at y = 6.109413
phi_m, max: 0.982104 at y = 5.900000./ phi_m, min: 0.000000 at y = 5.928571
phi_m, max: 113.963774 at y = 5.900000./ phi_m, min: 0.000000 at y = 5.928571


phi_m, max: 18.893457 at y = 0.640000./ phi_m, min: 0.000000 at y = 0.650000
phi_m, max: 115.962318 at y = 0.646426./ phi_m, min: 0.000000 at y = 0.650000
phi_m, max: 114.048495 at y = 0.859413./ phi_m, min: 0.000000 at y = 0.650000
phi_m, max: 100.508078 at y = 0.860000./ phi_m, min: 0.000000 at y = 0.650000
phi_m, max: 81.653519 at y = 0.860000./ phi_m, min: 0.000000 at y = 0.650000
phi_m, max: 61.572365 at y = 0.860000./ phi_m, min: 0.000000 at y = 0.650000
phi_m, max: 43.380144 at y = 0.860000./ phi_m, min: 0.000000 at y = 0.650000
phi_m, max: 24.950151 at y = 0.860000./ phi_m, min: 0.000000 at y = 0.650000
phi_m, max: 5.252657 at y = 0.860000./ phi_m, min: 0.000000 at y = 0.650000
phi_m, max: 0.387205 at y = 0.860000./ phi_m, min: -0.241736 at y = 0.640000
phi_m, max: -0.000000 at y = 0.650000./ phi_m, min: -0.395019 at y = 0.640000
phi_m, max: -0.000000 at y = 0.650000./ phi_m, min: -0.473778 at y = 0.640587
phi_m, max: -0.000000 at y = 0.650000./ phi_m, min: -0.511388 at y = 0.641624
phi_m, max: -0.000000 at y = 0.650000./ phi_m, min: -0.520635 at y = 0.644832
phi_m, max: -0.000000 at y = 0.650000./ phi_m, min: -0.517918 at y = 0.856426
phi_m, max: -0.000000 at y = 0.650000./ phi_m, min: -0.498908 at y = 0.857458


phi_m, max: -0.000000 at y = 2.320000./ phi_m, min: -0.001153 at y = 2.324832
phi_m, max: -0.000000 at y = 2.320000./ phi_m, min: -0.001162 at y = 2.325168
phi_m, max: -0.000000 at y = 2.320000./ phi_m, min: -0.001153 at y = 2.325168
phi_m, max: 0.000273 at y = 2.177143./ phi_m, min: -0.001080 at y = 2.415714
phi_m, max: 1.166355 at y = 2.177143./ phi_m, min: 0.000000 at y = 2.320000
phi_m, max: 113.944591 at y = 2.177143./ phi_m, min: 0.000000 at y = 2.320000
phi_m, max: 113.192391 at y = 2.329413./ phi_m, min: 0.000000 at y = 2.320000
phi_m, max: 98.972318 at y = 2.415714./ phi_m, min: 0.000000 at y = 2.320000
phi_m, max: 79.987674 at y = 2.415714./ phi_m, min: 0.000000 at y = 2.320000
phi_m, max: 60.012911 at y = 2.415714./ phi_m, min: 0.000000 at y = 2.320000
phi_m, max: 42.066435 at y = 2.415714./ phi_m, min: 0.000000 at y = 2.320000
phi_m, max: 23.287092 at y = 2.415714./ phi_m, min: 0.000000 at y = 2.320000
phi_m, max: 4.524890 at y = 2.415714./ phi_m, min: 0.000000 at y = 2.320000
phi_m, max: 0.296396 at y = 2.415714./ phi_m, min: -0.112782 at y = 2.177143
phi_m, max: -0.000000 at y = 2.320000./ phi_m, min: -0.342515 at y = 2.177143
phi_m, max: -0.000000 at y = 2.320000./ phi_m, min: -0.444761 at y = 2.177143


phi_m, max: -0.000000 at y = 2.110000./ phi_m, min: -0.001153 at y = 2.115168
phi_m, max: -0.000000 at y = 2.110000./ phi_m, min: -0.001162 at y = 2.115168
phi_m, max: -0.000000 at y = 2.110000./ phi_m, min: -0.001146 at y = 2.116367
phi_m, max: 0.057853 at y = 1.938571./ phi_m, min: 0.000000 at y = 2.110000
phi_m, max: 49.175436 at y = 1.938571./ phi_m, min: 0.000000 at y = 2.110000
phi_m, max: 115.860600 at y = 2.117458./ phi_m, min: 0.000000 at y = 2.110000
phi_m, max: 106.118442 at y = 2.119413./ phi_m, min: 0.000000 at y = 2.110000
phi_m, max: 88.582685 at y = 2.177143./ phi_m, min: 0.000000 at y = 2.110000
phi_m, max: 68.627146 at y = 2.177143./ phi_m, min: 0.000000 at y = 2.110000
phi_m, max: 49.523746 at y = 2.177143./ phi_m, min: 0.000000 at y = 2.110000
phi_m, max: 32.304950 at y = 2.177143./ phi_m, min: 0.000000 at y = 2.110000
phi_m, max: 10.640397 at y = 2.177143./ phi_m, min: 0.000000 at y = 2.110000
phi_m, max: 1.172477 at y = 2.177143./ phi_m, min: 0.000000 at y = 2.110000
phi_m, max: -0.000000 at y = 2.110000./ phi_m, min: -0.271684 at y = 1.938571
phi_m, max: -0.000000 at y = 2.110000./ phi_m, min: -0.408610 at y = 1.938571
phi_m, max: -0.000000 at y = 2.110000./ phi_m, min: -0.479336 at y = 1.938571


phi_m, max: -0.000000 at y = 5.480000./ phi_m, min: -0.001153 at y = 5.685168
phi_m, max: -0.000000 at y = 5.480000./ phi_m, min: -0.001162 at y = 5.685168
phi_m, max: -0.000000 at y = 5.480000./ phi_m, min: -0.001153 at y = 5.685168
phi_m, max: -0.000000 at y = 5.480000./ phi_m, min: -0.001143 at y = 5.685168
phi_m, max: -0.000000 at y = 5.480000./ phi_m, min: -0.001133 at y = 5.685168
phi_m, max: -0.000000 at y = 5.480000./ phi_m, min: -0.001125 at y = 5.685168
phi_m, max: -0.000000 at y = 5.480000./ phi_m, min: -0.001117 at y = 5.685168
phi_m, max: -0.000000 at y = 5.480000./ phi_m, min: -0.001111 at y = 5.685168
phi_m, max: -0.000000 at y = 5.480000./ phi_m, min: -0.001106 at y = 5.685168
phi_m, max: -0.000000 at y = 5.480000./ phi_m, min: -0.001101 at y = 5.685168
phi_m, max: -0.000000 at y = 5.480000./ phi_m, min: -0.001097 at y = 5.685168
phi_m, max: -0.000000 at y = 5.480000./ phi_m, min: -0.001093 at y = 5.685168
phi_m, max: 0.001413 at y = 5.480000./ phi_m, min: -0.001004 at y = 5.690000
phi_m, max: 1.980539 at y = 5.480000./ phi_m, min: 0.000000 at y = 5.480000
phi_m, max: 115.063924 at y = 5.680587./ phi_m, min: 0.000000 at y = 5.480000
phi_m, max: 112.426423 at y = 5.689413./ phi_m, min: 0.000000 at y = 5.480000


phi_m, max: -0.000000 at y = 6.310000./ phi_m, min: -0.001162 at y = 6.318213
phi_m, max: -0.000000 at y = 6.310000./ phi_m, min: -0.001171 at y = 6.318213
phi_m, max: -0.000000 at y = 6.310000./ phi_m, min: -0.001162 at y = 6.318213
phi_m, max: -0.000000 at y = 6.310000./ phi_m, min: -0.001152 at y = 6.318213
phi_m, max: -0.000000 at y = 6.310000./ phi_m, min: -0.001142 at y = 6.318213
phi_m, max: -0.000000 at y = 6.310000./ phi_m, min: -0.001133 at y = 6.318213
phi_m, max: -0.000000 at y = 6.310000./ phi_m, min: -0.001126 at y = 6.318213
phi_m, max: -0.000000 at y = 6.310000./ phi_m, min: -0.001120 at y = 6.318213
phi_m, max: -0.000000 at y = 6.310000./ phi_m, min: -0.001114 at y = 6.318213
phi_m, max: -0.000000 at y = 6.310000./ phi_m, min: -0.001109 at y = 6.318213
phi_m, max: -0.000000 at y = 6.310000./ phi_m, min: -0.001105 at y = 6.318213
phi_m, max: -0.000000 at y = 6.310000./ phi_m, min: -0.001102 at y = 6.318213
phi_m, max: -0.000000 at y = 6.310000./ phi_m, min: -0.001098 at y = 6.318213
phi_m, max: -0.000000 at y = 6.310000./ phi_m, min: -0.001094 at y = 6.318376
phi_m, max: 0.023149 at y = 6.110000./ phi_m, min: -0.000043 at y = 6.320000
phi_m, max: 17.674677 at y = 6.110000./ phi_m, min: 0.000000 at y = 6.310000


phi_m, max: -0.000000 at y = 5.260000./ phi_m, min: -0.001153 at y = 5.264832
phi_m, max: -0.000000 at y = 5.260000./ phi_m, min: -0.001162 at y = 5.265168
phi_m, max: -0.000000 at y = 5.260000./ phi_m, min: -0.001153 at y = 5.265168
phi_m, max: -0.000000 at y = 5.260000./ phi_m, min: -0.001143 at y = 5.265168
phi_m, max: -0.000000 at y = 5.260000./ phi_m, min: -0.001133 at y = 5.265168
phi_m, max: -0.000000 at y = 5.260000./ phi_m, min: -0.001125 at y = 5.265168
phi_m, max: -0.000000 at y = 5.260000./ phi_m, min: -0.001117 at y = 5.265168
phi_m, max: -0.000000 at y = 5.260000./ phi_m, min: -0.001111 at y = 5.265168
phi_m, max: -0.000000 at y = 5.260000./ phi_m, min: -0.001106 at y = 5.265168
phi_m, max: -0.000000 at y = 5.260000./ phi_m, min: -0.001101 at y = 5.265168
phi_m, max: -0.000000 at y = 5.260000./ phi_m, min: -0.001096 at y = 5.265168
phi_m, max: 0.004417 at y = 5.063356./ phi_m, min: -0.000936 at y = 5.298571
phi_m, max: 4.065308 at y = 5.063356./ phi_m, min: 0.000000 at y = 5.260000
phi_m, max: 115.755553 at y = 5.261787./ phi_m, min: 0.000000 at y = 5.260000
phi_m, max: 111.118466 at y = 5.269413./ phi_m, min: 0.000000 at y = 5.260000
phi_m, max: 95.438719 at y = 5.270000./ phi_m, min: 0.000000 at y = 5.260000


phi_m, max: 27.072587 at y = 0.440000./ phi_m, min: 0.000000 at y = 0.430000
phi_m, max: 115.962318 at y = 0.646426./ phi_m, min: 0.000000 at y = 0.430000
phi_m, max: 107.497158 at y = 0.649413./ phi_m, min: 0.000000 at y = 0.430000
phi_m, max: 90.342674 at y = 0.650000./ phi_m, min: 0.000000 at y = 0.430000
phi_m, max: 70.397993 at y = 0.650000./ phi_m, min: 0.000000 at y = 0.430000
phi_m, max: 51.059040 at y = 0.650000./ phi_m, min: 0.000000 at y = 0.430000
phi_m, max: 33.834448 at y = 0.650000./ phi_m, min: 0.000000 at y = 0.430000
phi_m, max: 12.186847 at y = 0.650000./ phi_m, min: 0.000000 at y = 0.430000
phi_m, max: 1.438481 at y = 0.650000./ phi_m, min: -0.000000 at y = 0.430000
phi_m, max: -0.000000 at y = 0.430000./ phi_m, min: -0.254718 at y = 0.440000
phi_m, max: -0.000000 at y = 0.430000./ phi_m, min: -0.401004 at y = 0.440000
phi_m, max: -0.000000 at y = 0.430000./ phi_m, min: -0.476110 at y = 0.440000
phi_m, max: -0.000000 at y = 0.430000./ phi_m, min: -0.511391 at y = 0.641787
phi_m, max: -0.000000 at y = 0.430000./ phi_m, min: -0.520635 at y = 0.644832
phi_m, max: -0.000000 at y = 0.430000./ phi_m, min: -0.509245 at y = 0.646426
phi_m, max: -0.000000 at y = 0.430000./ phi_m, min: -0.482355 at y = 0.647458


phi_m, max: -0.000000 at y = 5.690000./ phi_m, min: -0.001153 at y = 5.895168
phi_m, max: -0.000000 at y = 5.690000./ phi_m, min: -0.001162 at y = 5.895168
phi_m, max: -0.000000 at y = 5.690000./ phi_m, min: -0.001153 at y = 5.895168
phi_m, max: -0.000000 at y = 5.690000./ phi_m, min: -0.001143 at y = 5.895168
phi_m, max: -0.000000 at y = 5.690000./ phi_m, min: -0.001133 at y = 5.895168
phi_m, max: -0.000000 at y = 5.690000./ phi_m, min: -0.001125 at y = 5.895168
phi_m, max: -0.000000 at y = 5.690000./ phi_m, min: -0.001117 at y = 5.895168
phi_m, max: -0.000000 at y = 5.690000./ phi_m, min: -0.001111 at y = 5.895168
phi_m, max: -0.000000 at y = 5.690000./ phi_m, min: -0.001106 at y = 5.895168
phi_m, max: -0.000000 at y = 5.690000./ phi_m, min: -0.001101 at y = 5.895168
phi_m, max: -0.000000 at y = 5.690000./ phi_m, min: -0.001097 at y = 5.895168
phi_m, max: -0.000000 at y = 5.690000./ phi_m, min: -0.001093 at y = 5.895168
phi_m, max: -0.000000 at y = 5.690000./ phi_m, min: -0.001084 at y = 5.895916
phi_m, max: 0.047804 at y = 5.690000./ phi_m, min: 0.000000 at y = 5.690000
phi_m, max: 39.839520 at y = 5.690000./ phi_m, min: 0.000000 at y = 5.690000
phi_m, max: 115.896417 at y = 5.897458./ phi_m, min: 0.000000 at y = 5.690000


phi_m, max: -0.000000 at y = 4.640000./ phi_m, min: -0.001153 at y = 4.634832
phi_m, max: -0.000000 at y = 4.640000./ phi_m, min: -0.001162 at y = 4.635168
phi_m, max: -0.000000 at y = 4.640000./ phi_m, min: -0.001153 at y = 4.635168
phi_m, max: -0.000000 at y = 4.640000./ phi_m, min: -0.001143 at y = 4.635168
phi_m, max: -0.000000 at y = 4.640000./ phi_m, min: -0.001133 at y = 4.635168
phi_m, max: -0.000000 at y = 4.640000./ phi_m, min: -0.001125 at y = 4.635168
phi_m, max: -0.000000 at y = 4.640000./ phi_m, min: -0.001117 at y = 4.635168
phi_m, max: -0.000000 at y = 4.640000./ phi_m, min: -0.001111 at y = 4.635168
phi_m, max: -0.000000 at y = 4.640000./ phi_m, min: -0.001105 at y = 4.635168
phi_m, max: -0.000000 at y = 4.640000./ phi_m, min: -0.001064 at y = 4.638825
phi_m, max: 0.348577 at y = 4.630000./ phi_m, min: 0.000000 at y = 4.640000
phi_m, max: 106.754372 at y = 4.630000./ phi_m, min: 0.000000 at y = 4.640000
phi_m, max: 114.409539 at y = 4.840000./ phi_m, min: 0.000000 at y = 4.640000
phi_m, max: 102.203202 at y = 4.840000./ phi_m, min: 0.000000 at y = 4.640000
phi_m, max: 83.670203 at y = 4.840000./ phi_m, min: 0.000000 at y = 4.640000
phi_m, max: 63.563926 at y = 4.840000./ phi_m, min: 0.000000 at y = 4.640000


Steps: 16000000 Time: 1.6         

Time: 0.100000
CPU Time: 75.967054 min.
phi_m, max: -0.000000 at y = 3.131429./ phi_m, min: -0.001161 at y = 6.320000

Time: 0.200000
CPU Time: 76.078753 min.
phi_m, max: -0.000000 at y = 3.131429./ phi_m, min: -0.001170 at y = 6.320000

Time: 0.300000
CPU Time: 76.078915 min.
phi_m, max: -0.000000 at y = 3.131429./ phi_m, min: -0.001161 at y = 6.320000

Time: 0.400000
CPU Time: 75.006097 min.
phi_m, max: -0.000000 at y = 3.131429./ phi_m, min: -0.001150 at y = 6.320000

Time: 0.500000
CPU Time: 74.527973 min.
phi_m, max: -0.000000 at y = 3.131429./ phi_m, min: -0.001141 at y = 6.320000

Time: 0.600000
CPU Time: 74.751958 min.
phi_m, max: -0.000000 at y = 3.131429./ phi_m, min: -0.001132 at y = 6.320000

Time: 0.700000
CPU Time: 74.543354 min.
phi_m, max: 0.221976 at y = 3.045714./ phi_m, min: -0.001125 at y = 6.320000

Time: 0.800000
CPU Time: 74.910916 min.
phi_m, max: 96.525729 at y = 3.045714./ phi_m, min: -0.001118 at y = 6.320000

Time: 0.900000
CPU Time: 74.334826 min.
phi_m, max: 115.022059 at y = 3.168376./ phi_m, min: -0.001113 at y = 6.320000

Time: 1.000000
CPU Time: 74.162983 min.
phi_m, max: 102.777951 at y = 3.169413./ phi_m, min: -0.001108 at y = 6.320000

Time: 1.100000
CPU Time: 74.031634 min.
phi_m, max: 84.458962 at y = 3.227143./ phi_m, min: -0.001104 at y = 6.320000

Time: 1.200000
CPU Time: 74.065036 min.
phi_m, max: 64.413000 at y = 3.227143./ phi_m, min: -0.001100 at y = 6.320000

Time: 1.300000
CPU Time: 73.920307 min.
phi_m, max: 45.854036 at y = 3.227143./ phi_m, min: -0.001097 at y = 6.320000

Time: 1.400000
CPU Time: 74.164243 min.
phi_m, max: 28.171697 at y = 3.227143./ phi_m, min: -0.001093 at y = 6.320000

Time: 1.500000
CPU Time: 74.089062 min.
phi_m, max: 7.169562 at y = 3.227143./ phi_m, min: -0.000043 at y = 6.320000

Time: 1.600000
CPU Time: 74.021554 min.
phi_m, max: 0.765241 at y = 6.320000./ phi_m, min: 0.000000 at y = 3.131429


phi_m, max: -0.000000 at y = 2.740000./ phi_m, min: -0.001153 at y = 2.744832
phi_m, max: -0.000000 at y = 2.740000./ phi_m, min: -0.001162 at y = 2.745168
phi_m, max: -0.000000 at y = 2.740000./ phi_m, min: -0.001153 at y = 2.745168
phi_m, max: -0.000000 at y = 2.740000./ phi_m, min: -0.001143 at y = 2.745168
phi_m, max: -0.000000 at y = 2.740000./ phi_m, min: -0.001093 at y = 2.748825
phi_m, max: 0.524967 at y = 2.597143./ phi_m, min: 0.000000 at y = 2.740000
phi_m, max: 110.624607 at y = 2.597143./ phi_m, min: 0.000000 at y = 2.740000
phi_m, max: 114.210398 at y = 2.749413./ phi_m, min: 0.000000 at y = 2.740000
phi_m, max: 100.939700 at y = 2.835714./ phi_m, min: 0.000000 at y = 2.740000
phi_m, max: 82.293646 at y = 2.835714./ phi_m, min: 0.000000 at y = 2.740000
phi_m, max: 62.267718 at y = 2.835714./ phi_m, min: 0.000000 at y = 2.740000
phi_m, max: 44.011144 at y = 2.835714./ phi_m, min: 0.000000 at y = 2.740000
phi_m, max: 25.880762 at y = 2.835714./ phi_m, min: 0.000000 at y = 2.740000
phi_m, max: 5.775561 at y = 2.835714./ phi_m, min: 0.000000 at y = 2.740000
phi_m, max: 0.456113 at y = 2.835714./ phi_m, min: -0.060743 at y = 2.597143
phi_m, max: -0.000000 at y = 2.740000./ phi_m, min: -0.325766 at y = 2.597143


phi_m, max: -0.000000 at y = 1.900000./ phi_m, min: -0.001153 at y = 1.905168
phi_m, max: -0.000000 at y = 1.900000./ phi_m, min: -0.001162 at y = 1.905168
phi_m, max: 0.001996 at y = 1.728571./ phi_m, min: -0.001050 at y = 1.963787
phi_m, max: 2.391697 at y = 1.728571./ phi_m, min: 0.000000 at y = 1.900000
phi_m, max: 115.332297 at y = 1.900587./ phi_m, min: 0.000000 at y = 1.900000
phi_m, max: 111.987642 at y = 1.909413./ phi_m, min: 0.000000 at y = 1.900000
phi_m, max: 96.831898 at y = 1.963787./ phi_m, min: 0.000000 at y = 1.900000
phi_m, max: 77.525785 at y = 1.963787./ phi_m, min: 0.000000 at y = 1.900000
phi_m, max: 57.643122 at y = 1.963787./ phi_m, min: 0.000000 at y = 1.900000
phi_m, max: 39.994060 at y = 1.963787./ phi_m, min: 0.000000 at y = 1.900000
phi_m, max: 20.373222 at y = 1.963787./ phi_m, min: 0.000000 at y = 1.900000
phi_m, max: 3.434113 at y = 1.963787./ phi_m, min: 0.000000 at y = 1.900000
phi_m, max: 0.162576 at y = 1.963787./ phi_m, min: -0.158968 at y = 1.728571
phi_m, max: -0.000000 at y = 1.900000./ phi_m, min: -0.359476 at y = 1.728571
phi_m, max: -0.000000 at y = 1.900000./ phi_m, min: -0.454039 at y = 1.728571
phi_m, max: -0.000000 at y = 1.900000./ phi_m, min: -0.501925 at y = 1.901624


phi_m, max: 112.624926 at y = 0.018213./ phi_m, min: 0.000000 at y = -0.010000
phi_m, max: 97.591567 at y = 0.018213./ phi_m, min: 0.000000 at y = -0.010000
phi_m, max: 78.306002 at y = 0.134286./ phi_m, min: 0.000000 at y = -0.010000
phi_m, max: 58.476535 at y = 0.134286./ phi_m, min: 0.000000 at y = -0.010000
phi_m, max: 40.847335 at y = 0.134286./ phi_m, min: 0.000000 at y = -0.010000
phi_m, max: 22.173906 at y = 0.134286./ phi_m, min: 0.000000 at y = -0.010000
phi_m, max: 4.093920 at y = 0.134286./ phi_m, min: 0.000000 at y = -0.010000
phi_m, max: 0.290113 at y = 0.006787./ phi_m, min: 0.000000 at y = -0.010000
phi_m, max: -0.000000 at y = -0.010000./ phi_m, min: -0.210813 at y = 0.134286
phi_m, max: -0.000000 at y = -0.010000./ phi_m, min: -0.366509 at y = 0.134286
phi_m, max: -0.000000 at y = -0.010000./ phi_m, min: -0.450270 at y = 0.134286
phi_m, max: -0.000000 at y = -0.010000./ phi_m, min: -0.489887 at y = 0.134286
phi_m, max: -0.000000 at y = -0.010000./ phi_m, min: -0.497524 at y = 0.134286
phi_m, max: -0.000000 at y = -0.010000./ phi_m, min: -0.483859 at y = 0.018376
phi_m, max: -0.000000 at y = -0.010000./ phi_m, min: -0.456568 at y = 0.017458
phi_m, max: -0.000000 at y = -0.010000./ phi_m, min: -0.421275 at y = 0.016426


Writing: "Fiber2DEphapticPlaneL6Isolated_16.chk"
 (0.00197107s, XML)
phi_m, max: -0.000000 at y = 5.480000./ phi_m, min: -0.001153 at y = 5.685168
phi_m, max: -0.000000 at y = 5.480000./ phi_m, min: -0.001162 at y = 5.685168
phi_m, max: -0.000000 at y = 5.480000./ phi_m, min: -0.001153 at y = 5.685168
phi_m, max: -0.000000 at y = 5.480000./ phi_m, min: -0.001143 at y = 5.685168
phi_m, max: -0.000000 at y = 5.480000./ phi_m, min: -0.001133 at y = 5.685168
phi_m, max: -0.000000 at y = 5.480000./ phi_m, min: -0.001125 at y = 5.685168
phi_m, max: -0.000000 at y = 5.480000./ phi_m, min: -0.001117 at y = 5.685168
phi_m, max: -0.000000 at y = 5.480000./ phi_m, min: -0.001111 at y = 5.685168
phi_m, max: -0.000000 at y = 5.480000./ phi_m, min: -0.001106 at y = 5.685168
phi_m, max: -0.000000 at y = 5.480000./ phi_m, min: -0.001101 at y = 5.685168
phi_m, max: -0.000000 at y = 5.480000./ phi_m, min: -0.001097 at y = 5.685168
phi_m, max: -0.000000 at y = 5.480000./ phi_m, min: -0.001093 at y = 5.685168
phi_m, max: 0.001413 at y = 5.480000./ phi_m, min: -0.001004 at y = 5.690000
phi_m, max: 1.980539 at y = 5.480000./ phi_m, min: 0.000000 at y = 5.480000
phi_m, max: 115.063924 at y = 5.680587./ phi_m, min: 0.000000 at y = 5.480000
phi_m, max: 112.426423 at y = 5.689413./ phi_m, min: 0.000000 at y = 5.480000
phi_m, max: 97.529011 at y = 5.690000./ phi_m, min: 0.000000 at y = 5.480000


phi_m, max: -0.000000 at y = 1.270000./ phi_m, min: -0.001127 at y = 1.278213
phi_m, max: 0.294549 at y = 1.070000./ phi_m, min: 0.000000 at y = 1.270000
phi_m, max: 104.482222 at y = 1.070000./ phi_m, min: 0.000000 at y = 1.270000
phi_m, max: 114.883380 at y = 1.278376./ phi_m, min: 0.000000 at y = 1.270000
phi_m, max: 102.444573 at y = 1.279413./ phi_m, min: 0.000000 at y = 1.270000
phi_m, max: 83.985286 at y = 1.308571./ phi_m, min: 0.000000 at y = 1.270000
phi_m, max: 63.914494 at y = 1.308571./ phi_m, min: 0.000000 at y = 1.270000
phi_m, max: 45.412957 at y = 1.308571./ phi_m, min: 0.000000 at y = 1.270000
phi_m, max: 27.604317 at y = 1.308571./ phi_m, min: 0.000000 at y = 1.270000
phi_m, max: 6.773419 at y = 1.308571./ phi_m, min: 0.000000 at y = 1.270000
phi_m, max: 0.588895 at y = 1.308571./ phi_m, min: -0.019858 at y = 1.070000
phi_m, max: -0.000000 at y = 1.270000./ phi_m, min: -0.314857 at y = 1.070000
phi_m, max: -0.000000 at y = 1.270000./ phi_m, min: -0.431035 at y = 1.070000
phi_m, max: -0.000000 at y = 1.270000./ phi_m, min: -0.490614 at y = 1.070000
phi_m, max: -0.000000 at y = 1.270000./ phi_m, min: -0.516923 at y = 1.272542
phi_m, max: -0.000000 at y = 1.270000./ phi_m, min: -0.518905 at y = 1.276259
phi_m, max: -0.000000 at y = 1.270000./ phi_m, min: -0.501826 at y = 1.277458


phi_m, max: 112.624926 at y = 0.018213./ phi_m, min: 0.000000 at y = -0.010000
phi_m, max: 97.591567 at y = 0.018213./ phi_m, min: 0.000000 at y = -0.010000
phi_m, max: 78.306002 at y = 0.134286./ phi_m, min: 0.000000 at y = -0.010000
phi_m, max: 58.476535 at y = 0.134286./ phi_m, min: 0.000000 at y = -0.010000
phi_m, max: 40.847335 at y = 0.134286./ phi_m, min: 0.000000 at y = -0.010000
phi_m, max: 22.173906 at y = 0.134286./ phi_m, min: 0.000000 at y = -0.010000
phi_m, max: 4.093920 at y = 0.134286./ phi_m, min: 0.000000 at y = -0.010000
phi_m, max: 0.290113 at y = 0.006787./ phi_m, min: 0.000000 at y = -0.010000
phi_m, max: -0.000000 at y = -0.010000./ phi_m, min: -0.210813 at y = 0.134286
phi_m, max: -0.000000 at y = -0.010000./ phi_m, min: -0.366509 at y = 0.134286
phi_m, max: -0.000000 at y = -0.010000./ phi_m, min: -0.450270 at y = 0.134286
phi_m, max: -0.000000 at y = -0.010000./ phi_m, min: -0.489887 at y = 0.134286
phi_m, max: -0.000000 at y = -0.010000./ phi_m, min: -0.497524 at y = 0.134286
phi_m, max: -0.000000 at y = -0.010000./ phi_m, min: -0.483859 at y = 0.018376
phi_m, max: -0.000000 at y = -0.010000./ phi_m, min: -0.456568 at y = 0.017458
phi_m, max: -0.000000 at y = -0.010000./ phi_m, min: -0.421275 at y = 0.016426
phi_m, max: -0.000000 at y = -0.010000./ phi_m, min: -0.382165 at y = 0.011175


phi_m, max: -0.000000 at y = 2.740000./ phi_m, min: -0.001153 at y = 2.744832
phi_m, max: -0.000000 at y = 2.740000./ phi_m, min: -0.001162 at y = 2.745168
phi_m, max: -0.000000 at y = 2.740000./ phi_m, min: -0.001153 at y = 2.745168
phi_m, max: -0.000000 at y = 2.740000./ phi_m, min: -0.001143 at y = 2.745168
phi_m, max: -0.000000 at y = 2.740000./ phi_m, min: -0.001093 at y = 2.748825
phi_m, max: 0.524967 at y = 2.597143./ phi_m, min: 0.000000 at y = 2.740000
phi_m, max: 110.624607 at y = 2.597143./ phi_m, min: 0.000000 at y = 2.740000
phi_m, max: 114.210398 at y = 2.749413./ phi_m, min: 0.000000 at y = 2.740000
phi_m, max: 100.939700 at y = 2.835714./ phi_m, min: 0.000000 at y = 2.740000
phi_m, max: 82.293646 at y = 2.835714./ phi_m, min: 0.000000 at y = 2.740000
phi_m, max: 62.267718 at y = 2.835714./ phi_m, min: 0.000000 at y = 2.740000
phi_m, max: 44.011144 at y = 2.835714./ phi_m, min: 0.000000 at y = 2.740000
phi_m, max: 25.880762 at y = 2.835714./ phi_m, min: 0.000000 at y = 2.740000
phi_m, max: 5.775561 at y = 2.835714./ phi_m, min: 0.000000 at y = 2.740000
phi_m, max: 0.456113 at y = 2.835714./ phi_m, min: -0.060743 at y = 2.597143
phi_m, max: -0.000000 at y = 2.740000./ phi_m, min: -0.325766 at y = 2.597143
phi_m, max: -0.000000 at y = 2.740000./ phi_m, min: -0.435910 at y = 2.597143


phi_m, max: -0.000000 at y = 5.050000./ phi_m, min: -0.001153 at y = 5.055168
phi_m, max: -0.000000 at y = 5.050000./ phi_m, min: -0.001162 at y = 5.475168
phi_m, max: -0.000000 at y = 5.050000./ phi_m, min: -0.001153 at y = 5.475168
phi_m, max: -0.000000 at y = 5.050000./ phi_m, min: -0.001143 at y = 5.475168
phi_m, max: -0.000000 at y = 5.050000./ phi_m, min: -0.001133 at y = 5.475168
phi_m, max: -0.000000 at y = 5.050000./ phi_m, min: -0.001125 at y = 5.475168
phi_m, max: -0.000000 at y = 5.050000./ phi_m, min: -0.001117 at y = 5.475168
phi_m, max: -0.000000 at y = 5.050000./ phi_m, min: -0.001111 at y = 5.475168
phi_m, max: -0.000000 at y = 5.050000./ phi_m, min: -0.001106 at y = 5.475168
phi_m, max: -0.000000 at y = 5.050000./ phi_m, min: -0.001101 at y = 5.475168
phi_m, max: -0.000000 at y = 5.050000./ phi_m, min: -0.001097 at y = 5.475168
phi_m, max: 0.155257 at y = 5.050000./ phi_m, min: -0.001081 at y = 5.476787
phi_m, max: 85.181852 at y = 5.050000./ phi_m, min: 0.000000 at y = 5.050000
phi_m, max: 115.152388 at y = 5.058376./ phi_m, min: 0.000000 at y = 5.050000
phi_m, max: 115.703960 at y = 5.478213./ phi_m, min: 0.000000 at y = 5.050000
phi_m, max: 104.960248 at y = 5.479413./ phi_m, min: 0.000000 at y = 5.050000
phi_m, max: 87.031941 at y = 5.480000./ phi_m, min: 0.000000 at y = 5.050000


phi_m, max: -0.000000 at y = 1.518571./ phi_m, min: -0.001153 at y = 1.695168
phi_m, max: -0.000000 at y = 1.518571./ phi_m, min: -0.001147 at y = 1.696787
phi_m, max: 0.131643 at y = 1.490000./ phi_m, min: 0.000000 at y = 1.518571
phi_m, max: 83.454072 at y = 1.490000./ phi_m, min: 0.000000 at y = 1.518571
phi_m, max: 115.553562 at y = 1.698376./ phi_m, min: 0.000000 at y = 1.518571
phi_m, max: 104.324704 at y = 1.699413./ phi_m, min: 0.000000 at y = 1.518571
phi_m, max: 86.263429 at y = 1.728571./ phi_m, min: 0.000000 at y = 1.518571
phi_m, max: 66.214197 at y = 1.728571./ phi_m, min: 0.000000 at y = 1.518571
phi_m, max: 47.401587 at y = 1.728571./ phi_m, min: 0.000000 at y = 1.518571
phi_m, max: 29.961206 at y = 1.728571./ phi_m, min: 0.000000 at y = 1.518571
phi_m, max: 8.483434 at y = 1.728571./ phi_m, min: 0.000000 at y = 1.518571
phi_m, max: 0.832583 at y = 1.728571./ phi_m, min: 0.000000 at y = 1.518571
phi_m, max: -0.000000 at y = 1.518571./ phi_m, min: -0.295360 at y = 1.490000
phi_m, max: -0.000000 at y = 1.518571./ phi_m, min: -0.420952 at y = 1.490000
phi_m, max: -0.000000 at y = 1.518571./ phi_m, min: -0.485845 at y = 1.490000
phi_m, max: -0.000000 at y = 1.518571./ phi_m, min: -0.515201 at y = 1.692542
phi_m, max: -0.000000 at y = 1.518571./ phi_m, min: -0.519677 at y = 1.695449


phi_m, max: 115.829979 at y = 0.228213./ phi_m, min: 0.000000 at y = 0.220000
phi_m, max: 105.912401 at y = 0.344286./ phi_m, min: 0.000000 at y = 0.220000
phi_m, max: 88.488870 at y = 0.344286./ phi_m, min: 0.000000 at y = 0.220000
phi_m, max: 68.543274 at y = 0.344286./ phi_m, min: 0.000000 at y = 0.220000
phi_m, max: 49.456652 at y = 0.344286./ phi_m, min: 0.000000 at y = 0.220000
phi_m, max: 32.251607 at y = 0.344286./ phi_m, min: 0.000000 at y = 0.220000
phi_m, max: 10.619790 at y = 0.344286./ phi_m, min: 0.000000 at y = 0.220000
phi_m, max: 1.168794 at y = 0.344286./ phi_m, min: 0.000000 at y = 0.220000
phi_m, max: -0.000000 at y = 0.220000./ phi_m, min: -0.218211 at y = 0.221175
phi_m, max: -0.000000 at y = 0.220000./ phi_m, min: -0.379595 at y = 0.221787
phi_m, max: -0.000000 at y = 0.220000./ phi_m, min: -0.466319 at y = 0.223213
phi_m, max: -0.000000 at y = 0.220000./ phi_m, min: -0.508923 at y = 0.224490
phi_m, max: -0.000000 at y = 0.220000./ phi_m, min: -0.519414 at y = 0.226426
phi_m, max: -0.000000 at y = 0.220000./ phi_m, min: -0.506772 at y = 0.227458
phi_m, max: -0.000000 at y = 0.220000./ phi_m, min: -0.478776 at y = 0.227458
phi_m, max: -0.000000 at y = 0.220000./ phi_m, min: -0.441687 at y = 0.228213
phi_m, max: -0.000000 at y = 0.220000./ phi_m, min: -0.400370 at y = 0.228213


phi_m, max: -0.000000 at y = 3.790000./ phi_m, min: -0.001153 at y = 4.004832
phi_m, max: -0.000000 at y = 3.790000./ phi_m, min: -0.001162 at y = 3.794832
phi_m, max: -0.000000 at y = 3.790000./ phi_m, min: -0.001153 at y = 3.794832
phi_m, max: -0.000000 at y = 3.790000./ phi_m, min: -0.001143 at y = 3.794832
phi_m, max: -0.000000 at y = 3.790000./ phi_m, min: -0.001133 at y = 4.005168
phi_m, max: -0.000000 at y = 3.790000./ phi_m, min: -0.001125 at y = 4.005168
phi_m, max: -0.000000 at y = 3.790000./ phi_m, min: -0.001117 at y = 4.005168
phi_m, max: 0.001019 at y = 3.761429./ phi_m, min: -0.001104 at y = 4.006367
phi_m, max: 1.643203 at y = 3.761429./ phi_m, min: 0.000000 at y = 3.790000
phi_m, max: 115.222757 at y = 3.790587./ phi_m, min: 0.000000 at y = 3.790000
phi_m, max: 115.888275 at y = 4.007458./ phi_m, min: 0.000000 at y = 3.790000
phi_m, max: 106.421434 at y = 4.009413./ phi_m, min: 0.000000 at y = 3.790000
phi_m, max: 88.890741 at y = 4.010000./ phi_m, min: 0.000000 at y = 3.790000
phi_m, max: 68.878995 at y = 4.010000./ phi_m, min: 0.000000 at y = 3.790000
phi_m, max: 49.713469 at y = 4.010000./ phi_m, min: 0.000000 at y = 3.790000
phi_m, max: 32.453839 at y = 4.010000./ phi_m, min: 0.000000 at y = 3.790000
phi_m, max: 10.711920 at y = 4.010000./ phi_m, min: 0.000000 at y = 3.790000


phi_m, max: -0.000000 at y = 3.580000./ phi_m, min: -0.001153 at y = 3.584832
phi_m, max: -0.000000 at y = 3.580000./ phi_m, min: -0.001162 at y = 3.585168
phi_m, max: -0.000000 at y = 3.580000./ phi_m, min: -0.001153 at y = 3.585168
phi_m, max: -0.000000 at y = 3.580000./ phi_m, min: -0.001143 at y = 3.585168
phi_m, max: -0.000000 at y = 3.580000./ phi_m, min: -0.001133 at y = 3.585168
phi_m, max: -0.000000 at y = 3.580000./ phi_m, min: -0.001125 at y = 3.585168
phi_m, max: -0.000000 at y = 3.580000./ phi_m, min: -0.001104 at y = 3.586787
phi_m, max: 0.084311 at y = 3.551429./ phi_m, min: 0.000000 at y = 3.580000
phi_m, max: 61.606778 at y = 3.551429./ phi_m, min: 0.000000 at y = 3.580000
phi_m, max: 115.633616 at y = 3.588376./ phi_m, min: 0.000000 at y = 3.580000
phi_m, max: 105.225071 at y = 3.761429./ phi_m, min: 0.000000 at y = 3.580000
phi_m, max: 87.507542 at y = 3.761429./ phi_m, min: 0.000000 at y = 3.580000
phi_m, max: 67.487283 at y = 3.761429./ phi_m, min: 0.000000 at y = 3.580000
phi_m, max: 48.510098 at y = 3.761429./ phi_m, min: 0.000000 at y = 3.580000
phi_m, max: 31.192398 at y = 3.761429./ phi_m, min: 0.000000 at y = 3.580000
phi_m, max: 9.554428 at y = 3.761429./ phi_m, min: 0.000000 at y = 3.580000
phi_m, max: 0.994572 at y = 3.761429./ phi_m, min: 0.000000 at y = 3.580000


phi_m, max: -0.000000 at y = 4.850000./ phi_m, min: -0.001153 at y = 5.055168
phi_m, max: -0.000000 at y = 4.850000./ phi_m, min: -0.001162 at y = 4.844832
phi_m, max: -0.000000 at y = 4.850000./ phi_m, min: -0.001153 at y = 4.844832
phi_m, max: -0.000000 at y = 4.850000./ phi_m, min: -0.001143 at y = 4.844832
phi_m, max: -0.000000 at y = 4.850000./ phi_m, min: -0.001133 at y = 4.844832
phi_m, max: -0.000000 at y = 4.850000./ phi_m, min: -0.001125 at y = 4.844832
phi_m, max: -0.000000 at y = 4.850000./ phi_m, min: -0.001117 at y = 4.844832
phi_m, max: -0.000000 at y = 4.850000./ phi_m, min: -0.001111 at y = 5.054832
phi_m, max: -0.000000 at y = 4.850000./ phi_m, min: -0.001106 at y = 5.055168
phi_m, max: -0.000000 at y = 4.850000./ phi_m, min: -0.001101 at y = 5.055168
phi_m, max: 0.007533 at y = 4.840000./ phi_m, min: -0.001075 at y = 5.057458
phi_m, max: 6.350398 at y = 4.840000./ phi_m, min: 0.000000 at y = 4.850000
phi_m, max: 115.906805 at y = 4.842542./ phi_m, min: 0.000000 at y = 4.850000
phi_m, max: 115.152388 at y = 5.058376./ phi_m, min: 0.000000 at y = 4.850000
phi_m, max: 103.094506 at y = 5.060000./ phi_m, min: 0.000000 at y = 4.850000
phi_m, max: 84.756195 at y = 5.060000./ phi_m, min: 0.000000 at y = 4.850000
phi_m, max: 64.651855 at y = 5.060000./ phi_m, min: 0.000000 at y = 4.850000


phi_m, max: -0.000000 at y = 1.900000./ phi_m, min: -0.001153 at y = 1.905168
phi_m, max: -0.000000 at y = 1.900000./ phi_m, min: -0.001162 at y = 1.905168
phi_m, max: 0.001996 at y = 1.728571./ phi_m, min: -0.001050 at y = 1.963787
phi_m, max: 2.391697 at y = 1.728571./ phi_m, min: 0.000000 at y = 1.900000
phi_m, max: 115.332297 at y = 1.900587./ phi_m, min: 0.000000 at y = 1.900000
phi_m, max: 111.987642 at y = 1.909413./ phi_m, min: 0.000000 at y = 1.900000
phi_m, max: 96.831898 at y = 1.963787./ phi_m, min: 0.000000 at y = 1.900000
phi_m, max: 77.525785 at y = 1.963787./ phi_m, min: 0.000000 at y = 1.900000
phi_m, max: 57.643122 at y = 1.963787./ phi_m, min: 0.000000 at y = 1.900000
phi_m, max: 39.994060 at y = 1.963787./ phi_m, min: 0.000000 at y = 1.900000
phi_m, max: 20.373222 at y = 1.963787./ phi_m, min: 0.000000 at y = 1.900000
phi_m, max: 3.434113 at y = 1.963787./ phi_m, min: 0.000000 at y = 1.900000
phi_m, max: 0.162576 at y = 1.963787./ phi_m, min: -0.158968 at y = 1.728571
phi_m, max: -0.000000 at y = 1.900000./ phi_m, min: -0.359476 at y = 1.728571
phi_m, max: -0.000000 at y = 1.900000./ phi_m, min: -0.454039 at y = 1.728571
phi_m, max: -0.000000 at y = 1.900000./ phi_m, min: -0.501925 at y = 1.901624
phi_m, max: -0.000000 at y = 1.900000./ phi_m, min: -0.519858 at y = 1.903574


phi_m, max: -0.000000 at y = 4.420000./ phi_m, min: -0.001153 at y = 4.424832
phi_m, max: -0.000000 at y = 4.420000./ phi_m, min: -0.001162 at y = 4.425168
phi_m, max: -0.000000 at y = 4.420000./ phi_m, min: -0.001153 at y = 4.425168
phi_m, max: -0.000000 at y = 4.420000./ phi_m, min: -0.001143 at y = 4.425168
phi_m, max: -0.000000 at y = 4.420000./ phi_m, min: -0.001133 at y = 4.425168
phi_m, max: -0.000000 at y = 4.420000./ phi_m, min: -0.001125 at y = 4.425168
phi_m, max: -0.000000 at y = 4.420000./ phi_m, min: -0.001117 at y = 4.425168
phi_m, max: -0.000000 at y = 4.420000./ phi_m, min: -0.001111 at y = 4.425168
phi_m, max: -0.000000 at y = 4.420000./ phi_m, min: -0.001102 at y = 4.425587
phi_m, max: 0.019432 at y = 4.391429./ phi_m, min: -0.000599 at y = 4.630000
phi_m, max: 15.051283 at y = 4.391429./ phi_m, min: 0.000000 at y = 4.420000
phi_m, max: 115.933807 at y = 4.426426./ phi_m, min: 0.000000 at y = 4.420000
phi_m, max: 108.825327 at y = 4.630000./ phi_m, min: 0.000000 at y = 4.420000
phi_m, max: 92.268689 at y = 4.630000./ phi_m, min: 0.000000 at y = 4.420000
phi_m, max: 72.440935 at y = 4.630000./ phi_m, min: 0.000000 at y = 4.420000
phi_m, max: 52.893055 at y = 4.630000./ phi_m, min: 0.000000 at y = 4.420000
phi_m, max: 35.624148 at y = 4.630000./ phi_m, min: 0.000000 at y = 4.420000


phi_m, max: -0.000000 at y = 3.971429./ phi_m, min: -0.001126 at y = 4.000000
phi_m, max: -0.000000 at y = 3.971429./ phi_m, min: -0.001135 at y = 4.210000
phi_m, max: -0.000000 at y = 3.971429./ phi_m, min: -0.001127 at y = 4.210000
phi_m, max: -0.000000 at y = 3.971429./ phi_m, min: -0.001116 at y = 4.210000
phi_m, max: -0.000000 at y = 3.971429./ phi_m, min: -0.001107 at y = 4.210000
phi_m, max: -0.000000 at y = 3.971429./ phi_m, min: -0.001099 at y = 4.210000
phi_m, max: -0.000000 at y = 3.971429./ phi_m, min: -0.001091 at y = 4.210000
phi_m, max: -0.000000 at y = 3.971429./ phi_m, min: -0.001084 at y = 4.210000
phi_m, max: 0.046448 at y = 3.885714./ phi_m, min: -0.000136 at y = 4.210000
phi_m, max: 39.483976 at y = 3.885714./ phi_m, min: 0.000000 at y = 3.971429
phi_m, max: 114.258289 at y = 4.010000./ phi_m, min: 0.000000 at y = 3.971429
phi_m, max: 107.235335 at y = 4.210000./ phi_m, min: 0.000000 at y = 3.971429
phi_m, max: 90.065210 at y = 4.210000./ phi_m, min: 0.000000 at y = 3.971429
phi_m, max: 70.104670 at y = 4.210000./ phi_m, min: 0.000000 at y = 3.971429
phi_m, max: 50.797397 at y = 4.210000./ phi_m, min: 0.000000 at y = 3.971429
phi_m, max: 33.563787 at y = 4.210000./ phi_m, min: 0.000000 at y = 3.971429
phi_m, max: 11.904297 at y = 4.210000./ phi_m, min: 0.000000 at y = 3.971429


phi_m, max: -0.000000 at y = 2.358571./ phi_m, min: -0.001153 at y = 2.535168
phi_m, max: -0.000000 at y = 2.358571./ phi_m, min: -0.001162 at y = 2.535168
phi_m, max: -0.000000 at y = 2.358571./ phi_m, min: -0.001153 at y = 2.535168
phi_m, max: -0.000000 at y = 2.358571./ phi_m, min: -0.001139 at y = 2.535587
phi_m, max: 0.027657 at y = 2.387143./ phi_m, min: -0.000395 at y = 2.597143
phi_m, max: 21.375315 at y = 2.387143./ phi_m, min: 0.000000 at y = 2.358571
phi_m, max: 115.959152 at y = 2.536426./ phi_m, min: 0.000000 at y = 2.358571
phi_m, max: 107.815821 at y = 2.539413./ phi_m, min: 0.000000 at y = 2.358571
phi_m, max: 90.799157 at y = 2.597143./ phi_m, min: 0.000000 at y = 2.358571
phi_m, max: 70.952776 at y = 2.597143./ phi_m, min: 0.000000 at y = 2.358571
phi_m, max: 51.589745 at y = 2.597143./ phi_m, min: 0.000000 at y = 2.358571
phi_m, max: 34.406092 at y = 2.597143./ phi_m, min: 0.000000 at y = 2.358571
phi_m, max: 12.937600 at y = 2.597143./ phi_m, min: 0.000000 at y = 2.358571
phi_m, max: 1.581991 at y = 2.597143./ phi_m, min: 0.000000 at y = 2.358571
phi_m, max: -0.000000 at y = 2.358571./ phi_m, min: -0.245301 at y = 2.387143
phi_m, max: -0.000000 at y = 2.358571./ phi_m, min: -0.395630 at y = 2.387143
phi_m, max: -0.000000 at y = 2.358571./ phi_m, min: -0.472500 at y = 2.387143


phi_m, max: 0.015271 at y = 0.860000./ phi_m, min: -0.000723 at y = 1.070000
phi_m, max: 12.013272 at y = 0.860000./ phi_m, min: 0.000000 at y = 0.888571
phi_m, max: 115.904112 at y = 1.063633./ phi_m, min: 0.000000 at y = 0.888571
phi_m, max: 109.137075 at y = 1.069413./ phi_m, min: 0.000000 at y = 0.888571
phi_m, max: 92.540970 at y = 1.070000./ phi_m, min: 0.000000 at y = 0.888571
phi_m, max: 72.734563 at y = 1.070000./ phi_m, min: 0.000000 at y = 0.888571
phi_m, max: 53.159701 at y = 1.070000./ phi_m, min: 0.000000 at y = 0.888571
phi_m, max: 35.884004 at y = 1.070000./ phi_m, min: 0.000000 at y = 0.888571
phi_m, max: 14.654216 at y = 1.070000./ phi_m, min: 0.000000 at y = 0.888571
phi_m, max: 1.922336 at y = 1.070000./ phi_m, min: 0.000000 at y = 0.888571
phi_m, max: -0.000000 at y = 0.888571./ phi_m, min: -0.228129 at y = 0.860000
phi_m, max: -0.000000 at y = 0.888571./ phi_m, min: -0.388670 at y = 0.860000
phi_m, max: -0.000000 at y = 0.888571./ phi_m, min: -0.469793 at y = 0.860000
phi_m, max: -0.000000 at y = 0.888571./ phi_m, min: -0.508687 at y = 1.061624
phi_m, max: -0.000000 at y = 0.888571./ phi_m, min: -0.520634 at y = 1.064490
phi_m, max: -0.000000 at y = 0.888571./ phi_m, min: -0.511457 at y = 1.066426
phi_m, max: -0.000000 at y = 0.888571./ phi_m, min: -0.486031 at y = 1.067458


phi_m, max: -0.000000 at y = 1.480000./ phi_m, min: -0.001152 at y = 1.485168
phi_m, max: 0.005816 at y = 1.308571./ phi_m, min: -0.000962 at y = 1.518571
phi_m, max: 5.150036 at y = 1.308571./ phi_m, min: 0.000000 at y = 1.480000
phi_m, max: 115.881761 at y = 1.481624./ phi_m, min: 0.000000 at y = 1.480000
phi_m, max: 110.628864 at y = 1.489413./ phi_m, min: 0.000000 at y = 1.480000
phi_m, max: 94.697881 at y = 1.490000./ phi_m, min: 0.000000 at y = 1.480000
phi_m, max: 75.119998 at y = 1.518571./ phi_m, min: 0.000000 at y = 1.480000
phi_m, max: 55.371945 at y = 1.518571./ phi_m, min: 0.000000 at y = 1.480000
phi_m, max: 37.955804 at y = 1.518571./ phi_m, min: 0.000000 at y = 1.480000
phi_m, max: 17.479702 at y = 1.518571./ phi_m, min: 0.000000 at y = 1.480000
phi_m, max: 2.588111 at y = 1.518571./ phi_m, min: 0.000000 at y = 1.480000
phi_m, max: 0.060715 at y = 1.518571./ phi_m, min: -0.194830 at y = 1.308571
phi_m, max: -0.000000 at y = 1.480000./ phi_m, min: -0.373771 at y = 1.308571
phi_m, max: -0.000000 at y = 1.480000./ phi_m, min: -0.461577 at y = 1.308571
phi_m, max: -0.000000 at y = 1.480000./ phi_m, min: -0.505537 at y = 1.481624
phi_m, max: -0.000000 at y = 1.480000./ phi_m, min: -0.520344 at y = 1.484490
phi_m, max: -0.000000 at y = 1.480000./ phi_m, min: -0.513445 at y = 1.486426


phi_m, max: -0.000000 at y = 3.370000./ phi_m, min: -0.001153 at y = 3.375168
phi_m, max: -0.000000 at y = 3.370000./ phi_m, min: -0.001162 at y = 3.374832
phi_m, max: -0.000000 at y = 3.370000./ phi_m, min: -0.001153 at y = 3.374832
phi_m, max: -0.000000 at y = 3.370000./ phi_m, min: -0.001143 at y = 3.375168
phi_m, max: -0.000000 at y = 3.370000./ phi_m, min: -0.001133 at y = 3.375168
phi_m, max: -0.000000 at y = 3.370000./ phi_m, min: -0.001124 at y = 3.375168
phi_m, max: 0.003593 at y = 3.341429./ phi_m, min: -0.000974 at y = 3.551429
phi_m, max: 3.468323 at y = 3.341429./ phi_m, min: 0.000000 at y = 3.370000
phi_m, max: 115.812488 at y = 3.371624./ phi_m, min: 0.000000 at y = 3.370000
phi_m, max: 111.118954 at y = 3.551429./ phi_m, min: 0.000000 at y = 3.370000
phi_m, max: 95.858603 at y = 3.551429./ phi_m, min: 0.000000 at y = 3.370000
phi_m, max: 76.404143 at y = 3.551429./ phi_m, min: 0.000000 at y = 3.370000
phi_m, max: 56.568970 at y = 3.551429./ phi_m, min: 0.000000 at y = 3.370000
phi_m, max: 39.029027 at y = 3.551429./ phi_m, min: 0.000000 at y = 3.370000
phi_m, max: 18.986181 at y = 3.551429./ phi_m, min: 0.000000 at y = 3.370000
phi_m, max: 2.999264 at y = 3.551429./ phi_m, min: 0.000000 at y = 3.370000
phi_m, max: 0.109784 at y = 3.551429./ phi_m, min: -0.175879 at y = 3.341429


phi_m, max: 114.270515 at y = 0.430587./ phi_m, min: -0.001124 at y = 3.198571
phi_m, max: 112.995228 at y = 0.439413./ phi_m, min: -0.001133 at y = 3.341429
phi_m, max: 98.507055 at y = 0.440000./ phi_m, min: -0.001125 at y = 3.341429
phi_m, max: 79.334432 at y = 0.440000./ phi_m, min: -0.001114 at y = 3.341429
phi_m, max: 59.322314 at y = 0.440000./ phi_m, min: -0.001105 at y = 3.341429
phi_m, max: 41.434949 at y = 0.440000./ phi_m, min: -0.001090 at y = 3.341429
phi_m, max: 22.296643 at y = 0.440000./ phi_m, min: 0.000000 at y = 0.430000
phi_m, max: 4.480422 at y = 3.198571./ phi_m, min: 0.000000 at y = 0.430000
phi_m, max: 114.584028 at y = 3.341429./ phi_m, min: -0.112950 at y = 0.344286
phi_m, max: 103.430016 at y = 3.341429./ phi_m, min: -0.342296 at y = 0.344286
phi_m, max: 85.242653 at y = 3.341429./ phi_m, min: -0.444503 at y = 0.344286
phi_m, max: 65.177600 at y = 3.341429./ phi_m, min: -0.498707 at y = 0.431624
phi_m, max: 46.502200 at y = 3.341429./ phi_m, min: -0.519414 at y = 0.433574
phi_m, max: 28.913298 at y = 3.341429./ phi_m, min: -0.516659 at y = 0.436426
phi_m, max: 7.681535 at y = 3.341429./ phi_m, min: -0.495828 at y = 0.437458
phi_m, max: 0.714760 at y = 3.341429./ phi_m, min: -0.462841 at y = 0.438213
phi_m, max: -0.000000 at y = 0.430000./ phi_m, min: -0.423322 at y = 0.438213


phi_m, max: -0.000000 at y = 4.210000./ phi_m, min: -0.001153 at y = 4.215168
phi_m, max: -0.000000 at y = 4.210000./ phi_m, min: -0.001162 at y = 4.214832
phi_m, max: -0.000000 at y = 4.210000./ phi_m, min: -0.001153 at y = 4.214832
phi_m, max: -0.000000 at y = 4.210000./ phi_m, min: -0.001143 at y = 4.214832
phi_m, max: -0.000000 at y = 4.210000./ phi_m, min: -0.001133 at y = 4.214832
phi_m, max: -0.000000 at y = 4.210000./ phi_m, min: -0.001125 at y = 4.215168
phi_m, max: -0.000000 at y = 4.210000./ phi_m, min: -0.001117 at y = 4.215168
phi_m, max: -0.000000 at y = 4.210000./ phi_m, min: -0.001111 at y = 4.215168
phi_m, max: -0.000000 at y = 4.210000./ phi_m, min: -0.001057 at y = 4.420000
phi_m, max: 0.785040 at y = 4.210000./ phi_m, min: 0.000000 at y = 4.210000
phi_m, max: 113.282362 at y = 4.210000./ phi_m, min: 0.000000 at y = 4.210000
phi_m, max: 113.637488 at y = 4.420000./ phi_m, min: 0.000000 at y = 4.210000
phi_m, max: 100.262397 at y = 4.420000./ phi_m, min: 0.000000 at y = 4.210000
phi_m, max: 81.363524 at y = 4.420000./ phi_m, min: 0.000000 at y = 4.210000
phi_m, max: 61.287792 at y = 4.420000./ phi_m, min: 0.000000 at y = 4.210000
phi_m, max: 43.132551 at y = 4.420000./ phi_m, min: 0.000000 at y = 4.210000
phi_m, max: 24.619739 at y = 4.420000./ phi_m, min: 0.000000 at y = 4.210000


phi_m, max: -0.000000 at y = 2.950000./ phi_m, min: -0.001153 at y = 2.954832
phi_m, max: -0.000000 at y = 2.950000./ phi_m, min: -0.001162 at y = 2.955168
phi_m, max: -0.000000 at y = 2.950000./ phi_m, min: -0.001153 at y = 2.955168
phi_m, max: -0.000000 at y = 2.950000./ phi_m, min: -0.001143 at y = 2.955168
phi_m, max: -0.000000 at y = 2.950000./ phi_m, min: -0.001131 at y = 2.955449
phi_m, max: 0.011849 at y = 2.807143./ phi_m, min: -0.000792 at y = 3.045714
phi_m, max: 9.518874 at y = 2.807143./ phi_m, min: 0.000000 at y = 2.950000
phi_m, max: 115.909075 at y = 2.953633./ phi_m, min: 0.000000 at y = 2.950000
phi_m, max: 109.405803 at y = 2.959413./ phi_m, min: 0.000000 at y = 2.950000
phi_m, max: 93.087542 at y = 3.045714./ phi_m, min: 0.000000 at y = 2.950000
phi_m, max: 73.417630 at y = 3.045714./ phi_m, min: 0.000000 at y = 2.950000
phi_m, max: 53.828578 at y = 3.045714./ phi_m, min: 0.000000 at y = 2.950000
phi_m, max: 36.556644 at y = 3.045714./ phi_m, min: 0.000000 at y = 2.950000
phi_m, max: 15.654508 at y = 3.045714./ phi_m, min: 0.000000 at y = 2.950000
phi_m, max: 2.148791 at y = 3.045714./ phi_m, min: 0.000000 at y = 2.950000
phi_m, max: 0.008514 at y = 3.045714./ phi_m, min: -0.217653 at y = 2.807143
phi_m, max: -0.000000 at y = 2.950000./ phi_m, min: -0.383076 at y = 2.807143


phi_m, max: -0.000000 at y = 5.928571./ phi_m, min: -0.001153 at y = 6.105168
phi_m, max: -0.000000 at y = 5.928571./ phi_m, min: -0.001162 at y = 6.105168
phi_m, max: -0.000000 at y = 5.928571./ phi_m, min: -0.001154 at y = 6.105168
phi_m, max: -0.000000 at y = 5.928571./ phi_m, min: -0.001143 at y = 6.105168
phi_m, max: -0.000000 at y = 5.928571./ phi_m, min: -0.001133 at y = 6.105168
phi_m, max: -0.000000 at y = 5.928571./ phi_m, min: -0.001125 at y = 6.105168
phi_m, max: -0.000000 at y = 5.928571./ phi_m, min: -0.001118 at y = 6.105168
phi_m, max: -0.000000 at y = 5.928571./ phi_m, min: -0.001111 at y = 6.105168
phi_m, max: -0.000000 at y = 5.928571./ phi_m, min: -0.001106 at y = 6.105168
phi_m, max: -0.000000 at y = 5.928571./ phi_m, min: -0.001101 at y = 6.105168
phi_m, max: -0.000000 at y = 5.928571./ phi_m, min: -0.001097 at y = 6.105168
phi_m, max: -0.000000 at y = 5.928571./ phi_m, min: -0.001093 at y = 6.105168
phi_m, max: -0.000000 at y = 5.928571./ phi_m, min: -0.001090 at y = 6.105168
phi_m, max: 0.000143 at y = 5.900000./ phi_m, min: -0.001035 at y = 6.109413
phi_m, max: 0.982104 at y = 5.900000./ phi_m, min: 0.000000 at y = 5.928571
phi_m, max: 113.963774 at y = 5.900000./ phi_m, min: 0.000000 at y = 5.928571
phi_m, max: 113.571066 at y = 6.109413./ phi_m, min: 0.000000 at y = 5.928571


phi_m, max: 18.893457 at y = 0.640000./ phi_m, min: 0.000000 at y = 0.650000
phi_m, max: 115.962318 at y = 0.646426./ phi_m, min: 0.000000 at y = 0.650000
phi_m, max: 114.048495 at y = 0.859413./ phi_m, min: 0.000000 at y = 0.650000
phi_m, max: 100.508078 at y = 0.860000./ phi_m, min: 0.000000 at y = 0.650000
phi_m, max: 81.653519 at y = 0.860000./ phi_m, min: 0.000000 at y = 0.650000
phi_m, max: 61.572365 at y = 0.860000./ phi_m, min: 0.000000 at y = 0.650000
phi_m, max: 43.380144 at y = 0.860000./ phi_m, min: 0.000000 at y = 0.650000
phi_m, max: 24.950151 at y = 0.860000./ phi_m, min: 0.000000 at y = 0.650000
phi_m, max: 5.252657 at y = 0.860000./ phi_m, min: 0.000000 at y = 0.650000
phi_m, max: 0.387205 at y = 0.860000./ phi_m, min: -0.241736 at y = 0.640000
phi_m, max: -0.000000 at y = 0.650000./ phi_m, min: -0.395019 at y = 0.640000
phi_m, max: -0.000000 at y = 0.650000./ phi_m, min: -0.473778 at y = 0.640587
phi_m, max: -0.000000 at y = 0.650000./ phi_m, min: -0.511388 at y = 0.641624
phi_m, max: -0.000000 at y = 0.650000./ phi_m, min: -0.520635 at y = 0.644832
phi_m, max: -0.000000 at y = 0.650000./ phi_m, min: -0.517918 at y = 0.856426
phi_m, max: -0.000000 at y = 0.650000./ phi_m, min: -0.498908 at y = 0.857458
phi_m, max: -0.000000 at y = 0.650000./ phi_m, min: -0.467019 at y = 0.857458


phi_m, max: -0.000000 at y = 2.320000./ phi_m, min: -0.001153 at y = 2.324832
phi_m, max: -0.000000 at y = 2.320000./ phi_m, min: -0.001162 at y = 2.325168
phi_m, max: -0.000000 at y = 2.320000./ phi_m, min: -0.001153 at y = 2.325168
phi_m, max: 0.000273 at y = 2.177143./ phi_m, min: -0.001080 at y = 2.415714
phi_m, max: 1.166355 at y = 2.177143./ phi_m, min: 0.000000 at y = 2.320000
phi_m, max: 113.944591 at y = 2.177143./ phi_m, min: 0.000000 at y = 2.320000
phi_m, max: 113.192391 at y = 2.329413./ phi_m, min: 0.000000 at y = 2.320000
phi_m, max: 98.972318 at y = 2.415714./ phi_m, min: 0.000000 at y = 2.320000
phi_m, max: 79.987674 at y = 2.415714./ phi_m, min: 0.000000 at y = 2.320000
phi_m, max: 60.012911 at y = 2.415714./ phi_m, min: 0.000000 at y = 2.320000
phi_m, max: 42.066435 at y = 2.415714./ phi_m, min: 0.000000 at y = 2.320000
phi_m, max: 23.287092 at y = 2.415714./ phi_m, min: 0.000000 at y = 2.320000
phi_m, max: 4.524890 at y = 2.415714./ phi_m, min: 0.000000 at y = 2.320000
phi_m, max: 0.296396 at y = 2.415714./ phi_m, min: -0.112782 at y = 2.177143
phi_m, max: -0.000000 at y = 2.320000./ phi_m, min: -0.342515 at y = 2.177143
phi_m, max: -0.000000 at y = 2.320000./ phi_m, min: -0.444761 at y = 2.177143
phi_m, max: -0.000000 at y = 2.320000./ phi_m, min: -0.497831 at y = 2.321175


phi_m, max: -0.000000 at y = 2.110000./ phi_m, min: -0.001153 at y = 2.115168
phi_m, max: -0.000000 at y = 2.110000./ phi_m, min: -0.001162 at y = 2.115168
phi_m, max: -0.000000 at y = 2.110000./ phi_m, min: -0.001146 at y = 2.116367
phi_m, max: 0.057853 at y = 1.938571./ phi_m, min: 0.000000 at y = 2.110000
phi_m, max: 49.175436 at y = 1.938571./ phi_m, min: 0.000000 at y = 2.110000
phi_m, max: 115.860600 at y = 2.117458./ phi_m, min: 0.000000 at y = 2.110000
phi_m, max: 106.118442 at y = 2.119413./ phi_m, min: 0.000000 at y = 2.110000
phi_m, max: 88.582685 at y = 2.177143./ phi_m, min: 0.000000 at y = 2.110000
phi_m, max: 68.627146 at y = 2.177143./ phi_m, min: 0.000000 at y = 2.110000
phi_m, max: 49.523746 at y = 2.177143./ phi_m, min: 0.000000 at y = 2.110000
phi_m, max: 32.304950 at y = 2.177143./ phi_m, min: 0.000000 at y = 2.110000
phi_m, max: 10.640397 at y = 2.177143./ phi_m, min: 0.000000 at y = 2.110000
phi_m, max: 1.172477 at y = 2.177143./ phi_m, min: 0.000000 at y = 2.110000
phi_m, max: -0.000000 at y = 2.110000./ phi_m, min: -0.271684 at y = 1.938571
phi_m, max: -0.000000 at y = 2.110000./ phi_m, min: -0.408610 at y = 1.938571
phi_m, max: -0.000000 at y = 2.110000./ phi_m, min: -0.479336 at y = 1.938571
phi_m, max: -0.000000 at y = 2.110000./ phi_m, min: -0.513071 at y = 2.112542


Steps: 17000000 Time: 1.7         

Time: 0.100000
CPU Time: 75.967054 min.
phi_m, max: -0.000000 at y = 3.131429./ phi_m, min: -0.001161 at y = 6.320000

Time: 0.200000
CPU Time: 76.078753 min.
phi_m, max: -0.000000 at y = 3.131429./ phi_m, min: -0.001170 at y = 6.320000

Time: 0.300000
CPU Time: 76.078915 min.
phi_m, max: -0.000000 at y = 3.131429./ phi_m, min: -0.001161 at y = 6.320000

Time: 0.400000
CPU Time: 75.006097 min.
phi_m, max: -0.000000 at y = 3.131429./ phi_m, min: -0.001150 at y = 6.320000

Time: 0.500000
CPU Time: 74.527973 min.
phi_m, max: -0.000000 at y = 3.131429./ phi_m, min: -0.001141 at y = 6.320000

Time: 0.600000
CPU Time: 74.751958 min.
phi_m, max: -0.000000 at y = 3.131429./ phi_m, min: -0.001132 at y = 6.320000

Time: 0.700000
CPU Time: 74.543354 min.
phi_m, max: 0.221976 at y = 3.045714./ phi_m, min: -0.001125 at y = 6.320000

Time: 0.800000
CPU Time: 74.910916 min.
phi_m, max: 96.525729 at y = 3.045714./ phi_m, min: -0.001118 at y = 6.320000

Time: 0.900000
CPU Time: 74.334826 min.
phi_m, max: 115.022059 at y = 3.168376./ phi_m, min: -0.001113 at y = 6.320000

Time: 1.000000
CPU Time: 74.162983 min.
phi_m, max: 102.777951 at y = 3.169413./ phi_m, min: -0.001108 at y = 6.320000

Time: 1.100000
CPU Time: 74.031634 min.
phi_m, max: 84.458962 at y = 3.227143./ phi_m, min: -0.001104 at y = 6.320000

Time: 1.200000
CPU Time: 74.065036 min.
phi_m, max: 64.413000 at y = 3.227143./ phi_m, min: -0.001100 at y = 6.320000

Time: 1.300000
CPU Time: 73.920307 min.
phi_m, max: 45.854036 at y = 3.227143./ phi_m, min: -0.001097 at y = 6.320000

Time: 1.400000
CPU Time: 74.164243 min.
phi_m, max: 28.171697 at y = 3.227143./ phi_m, min: -0.001093 at y = 6.320000

Time: 1.500000
CPU Time: 74.089062 min.
phi_m, max: 7.169562 at y = 3.227143./ phi_m, min: -0.000043 at y = 6.320000

Time: 1.600000
CPU Time: 74.021554 min.
phi_m, max: 0.765241 at y = 6.320000./ phi_m, min: 0.000000 at y = 3.131429

Time: 1.700000
CPU Time: 74.153442 min.
phi_m, max: 115.772268 at y = 6.320000./ phi_m, min: -0.305965 at y = 3.045714


Writing: "Fiber2DEphapticPlaneL6Isolated_17.chk"
 (0.00201586s, XML)
phi_m, max: -0.000000 at y = 6.310000./ phi_m, min: -0.001162 at y = 6.318213
phi_m, max: -0.000000 at y = 6.310000./ phi_m, min: -0.001171 at y = 6.318213
phi_m, max: -0.000000 at y = 6.310000./ phi_m, min: -0.001162 at y = 6.318213
phi_m, max: -0.000000 at y = 6.310000./ phi_m, min: -0.001152 at y = 6.318213
phi_m, max: -0.000000 at y = 6.310000./ phi_m, min: -0.001142 at y = 6.318213
phi_m, max: -0.000000 at y = 6.310000./ phi_m, min: -0.001133 at y = 6.318213
phi_m, max: -0.000000 at y = 6.310000./ phi_m, min: -0.001126 at y = 6.318213
phi_m, max: -0.000000 at y = 6.310000./ phi_m, min: -0.001120 at y = 6.318213
phi_m, max: -0.000000 at y = 6.310000./ phi_m, min: -0.001114 at y = 6.318213
phi_m, max: -0.000000 at y = 6.310000./ phi_m, min: -0.001109 at y = 6.318213
phi_m, max: -0.000000 at y = 6.310000./ phi_m, min: -0.001105 at y = 6.318213
phi_m, max: -0.000000 at y = 6.310000./ phi_m, min: -0.001102 at y = 6.318213
phi_m, max: -0.000000 at y = 6.310000./ phi_m, min: -0.001098 at y = 6.318213
phi_m, max: -0.000000 at y = 6.310000./ phi_m, min: -0.001094 at y = 6.318376
phi_m, max: 0.023149 at y = 6.110000./ phi_m, min: -0.000043 at y = 6.320000
phi_m, max: 17.674677 at y = 6.110000./ phi_m, min: 0.000000 at y = 6.310000
phi_m, max: 115.994553 at y = 6.316367./ phi_m, min: 0.000000 at y = 6.310000


phi_m, max: -0.000000 at y = 5.260000./ phi_m, min: -0.001153 at y = 5.264832
phi_m, max: -0.000000 at y = 5.260000./ phi_m, min: -0.001162 at y = 5.265168
phi_m, max: -0.000000 at y = 5.260000./ phi_m, min: -0.001153 at y = 5.265168
phi_m, max: -0.000000 at y = 5.260000./ phi_m, min: -0.001143 at y = 5.265168
phi_m, max: -0.000000 at y = 5.260000./ phi_m, min: -0.001133 at y = 5.265168
phi_m, max: -0.000000 at y = 5.260000./ phi_m, min: -0.001125 at y = 5.265168
phi_m, max: -0.000000 at y = 5.260000./ phi_m, min: -0.001117 at y = 5.265168
phi_m, max: -0.000000 at y = 5.260000./ phi_m, min: -0.001111 at y = 5.265168
phi_m, max: -0.000000 at y = 5.260000./ phi_m, min: -0.001106 at y = 5.265168
phi_m, max: -0.000000 at y = 5.260000./ phi_m, min: -0.001101 at y = 5.265168
phi_m, max: -0.000000 at y = 5.260000./ phi_m, min: -0.001096 at y = 5.265168
phi_m, max: 0.004417 at y = 5.063356./ phi_m, min: -0.000936 at y = 5.298571
phi_m, max: 4.065308 at y = 5.063356./ phi_m, min: 0.000000 at y = 5.260000
phi_m, max: 115.755553 at y = 5.261787./ phi_m, min: 0.000000 at y = 5.260000
phi_m, max: 111.118466 at y = 5.269413./ phi_m, min: 0.000000 at y = 5.260000
phi_m, max: 95.438719 at y = 5.270000./ phi_m, min: 0.000000 at y = 5.260000
phi_m, max: 75.933398 at y = 5.298571./ phi_m, min: 0.000000 at y = 5.260000


phi_m, max: 27.072587 at y = 0.440000./ phi_m, min: 0.000000 at y = 0.430000
phi_m, max: 115.962318 at y = 0.646426./ phi_m, min: 0.000000 at y = 0.430000
phi_m, max: 107.497158 at y = 0.649413./ phi_m, min: 0.000000 at y = 0.430000
phi_m, max: 90.342674 at y = 0.650000./ phi_m, min: 0.000000 at y = 0.430000
phi_m, max: 70.397993 at y = 0.650000./ phi_m, min: 0.000000 at y = 0.430000
phi_m, max: 51.059040 at y = 0.650000./ phi_m, min: 0.000000 at y = 0.430000
phi_m, max: 33.834448 at y = 0.650000./ phi_m, min: 0.000000 at y = 0.430000
phi_m, max: 12.186847 at y = 0.650000./ phi_m, min: 0.000000 at y = 0.430000
phi_m, max: 1.438481 at y = 0.650000./ phi_m, min: -0.000000 at y = 0.430000
phi_m, max: -0.000000 at y = 0.430000./ phi_m, min: -0.254718 at y = 0.440000
phi_m, max: -0.000000 at y = 0.430000./ phi_m, min: -0.401004 at y = 0.440000
phi_m, max: -0.000000 at y = 0.430000./ phi_m, min: -0.476110 at y = 0.440000
phi_m, max: -0.000000 at y = 0.430000./ phi_m, min: -0.511391 at y = 0.641787
phi_m, max: -0.000000 at y = 0.430000./ phi_m, min: -0.520635 at y = 0.644832
phi_m, max: -0.000000 at y = 0.430000./ phi_m, min: -0.509245 at y = 0.646426
phi_m, max: -0.000000 at y = 0.430000./ phi_m, min: -0.482355 at y = 0.647458
phi_m, max: -0.000000 at y = 0.430000./ phi_m, min: -0.445877 at y = 0.648213


phi_m, max: -0.000000 at y = 5.690000./ phi_m, min: -0.001153 at y = 5.895168
phi_m, max: -0.000000 at y = 5.690000./ phi_m, min: -0.001162 at y = 5.895168
phi_m, max: -0.000000 at y = 5.690000./ phi_m, min: -0.001153 at y = 5.895168
phi_m, max: -0.000000 at y = 5.690000./ phi_m, min: -0.001143 at y = 5.895168
phi_m, max: -0.000000 at y = 5.690000./ phi_m, min: -0.001133 at y = 5.895168
phi_m, max: -0.000000 at y = 5.690000./ phi_m, min: -0.001125 at y = 5.895168
phi_m, max: -0.000000 at y = 5.690000./ phi_m, min: -0.001117 at y = 5.895168
phi_m, max: -0.000000 at y = 5.690000./ phi_m, min: -0.001111 at y = 5.895168
phi_m, max: -0.000000 at y = 5.690000./ phi_m, min: -0.001106 at y = 5.895168
phi_m, max: -0.000000 at y = 5.690000./ phi_m, min: -0.001101 at y = 5.895168
phi_m, max: -0.000000 at y = 5.690000./ phi_m, min: -0.001097 at y = 5.895168
phi_m, max: -0.000000 at y = 5.690000./ phi_m, min: -0.001093 at y = 5.895168
phi_m, max: -0.000000 at y = 5.690000./ phi_m, min: -0.001084 at y = 5.895916
phi_m, max: 0.047804 at y = 5.690000./ phi_m, min: 0.000000 at y = 5.690000
phi_m, max: 39.839520 at y = 5.690000./ phi_m, min: 0.000000 at y = 5.690000
phi_m, max: 115.896417 at y = 5.897458./ phi_m, min: 0.000000 at y = 5.690000
phi_m, max: 106.721642 at y = 5.899413./ phi_m, min: 0.000000 at y = 5.690000


phi_m, max: -0.000000 at y = 4.640000./ phi_m, min: -0.001153 at y = 4.634832
phi_m, max: -0.000000 at y = 4.640000./ phi_m, min: -0.001162 at y = 4.635168
phi_m, max: -0.000000 at y = 4.640000./ phi_m, min: -0.001153 at y = 4.635168
phi_m, max: -0.000000 at y = 4.640000./ phi_m, min: -0.001143 at y = 4.635168
phi_m, max: -0.000000 at y = 4.640000./ phi_m, min: -0.001133 at y = 4.635168
phi_m, max: -0.000000 at y = 4.640000./ phi_m, min: -0.001125 at y = 4.635168
phi_m, max: -0.000000 at y = 4.640000./ phi_m, min: -0.001117 at y = 4.635168
phi_m, max: -0.000000 at y = 4.640000./ phi_m, min: -0.001111 at y = 4.635168
phi_m, max: -0.000000 at y = 4.640000./ phi_m, min: -0.001105 at y = 4.635168
phi_m, max: -0.000000 at y = 4.640000./ phi_m, min: -0.001064 at y = 4.638825
phi_m, max: 0.348577 at y = 4.630000./ phi_m, min: 0.000000 at y = 4.640000
phi_m, max: 106.754372 at y = 4.630000./ phi_m, min: 0.000000 at y = 4.640000
phi_m, max: 114.409539 at y = 4.840000./ phi_m, min: 0.000000 at y = 4.640000
phi_m, max: 102.203202 at y = 4.840000./ phi_m, min: 0.000000 at y = 4.640000
phi_m, max: 83.670203 at y = 4.840000./ phi_m, min: 0.000000 at y = 4.640000
phi_m, max: 63.563926 at y = 4.840000./ phi_m, min: 0.000000 at y = 4.640000
phi_m, max: 45.092578 at y = 4.840000./ phi_m, min: 0.000000 at y = 4.640000


phi_m, max: -0.000000 at y = 5.480000./ phi_m, min: -0.001153 at y = 5.685168
phi_m, max: -0.000000 at y = 5.480000./ phi_m, min: -0.001162 at y = 5.685168
phi_m, max: -0.000000 at y = 5.480000./ phi_m, min: -0.001153 at y = 5.685168
phi_m, max: -0.000000 at y = 5.480000./ phi_m, min: -0.001143 at y = 5.685168
phi_m, max: -0.000000 at y = 5.480000./ phi_m, min: -0.001133 at y = 5.685168
phi_m, max: -0.000000 at y = 5.480000./ phi_m, min: -0.001125 at y = 5.685168
phi_m, max: -0.000000 at y = 5.480000./ phi_m, min: -0.001117 at y = 5.685168
phi_m, max: -0.000000 at y = 5.480000./ phi_m, min: -0.001111 at y = 5.685168
phi_m, max: -0.000000 at y = 5.480000./ phi_m, min: -0.001106 at y = 5.685168
phi_m, max: -0.000000 at y = 5.480000./ phi_m, min: -0.001101 at y = 5.685168
phi_m, max: -0.000000 at y = 5.480000./ phi_m, min: -0.001097 at y = 5.685168
phi_m, max: -0.000000 at y = 5.480000./ phi_m, min: -0.001093 at y = 5.685168
phi_m, max: 0.001413 at y = 5.480000./ phi_m, min: -0.001004 at y = 5.690000
phi_m, max: 1.980539 at y = 5.480000./ phi_m, min: 0.000000 at y = 5.480000
phi_m, max: 115.063924 at y = 5.680587./ phi_m, min: 0.000000 at y = 5.480000
phi_m, max: 112.426423 at y = 5.689413./ phi_m, min: 0.000000 at y = 5.480000
phi_m, max: 97.529011 at y = 5.690000./ phi_m, min: 0.000000 at y = 5.480000
phi_m, max: 78.222728 at y = 5.690000./ phi_m, min: 0.000000 at y = 5.480000


phi_m, max: 115.829979 at y = 0.228213./ phi_m, min: 0.000000 at y = 0.220000
phi_m, max: 105.912401 at y = 0.344286./ phi_m, min: 0.000000 at y = 0.220000
phi_m, max: 88.488870 at y = 0.344286./ phi_m, min: 0.000000 at y = 0.220000
phi_m, max: 68.543274 at y = 0.344286./ phi_m, min: 0.000000 at y = 0.220000
phi_m, max: 49.456652 at y = 0.344286./ phi_m, min: 0.000000 at y = 0.220000
phi_m, max: 32.251607 at y = 0.344286./ phi_m, min: 0.000000 at y = 0.220000
phi_m, max: 10.619790 at y = 0.344286./ phi_m, min: 0.000000 at y = 0.220000
phi_m, max: 1.168794 at y = 0.344286./ phi_m, min: 0.000000 at y = 0.220000
phi_m, max: -0.000000 at y = 0.220000./ phi_m, min: -0.218211 at y = 0.221175
phi_m, max: -0.000000 at y = 0.220000./ phi_m, min: -0.379595 at y = 0.221787
phi_m, max: -0.000000 at y = 0.220000./ phi_m, min: -0.466319 at y = 0.223213
phi_m, max: -0.000000 at y = 0.220000./ phi_m, min: -0.508923 at y = 0.224490
phi_m, max: -0.000000 at y = 0.220000./ phi_m, min: -0.519414 at y = 0.226426
phi_m, max: -0.000000 at y = 0.220000./ phi_m, min: -0.506772 at y = 0.227458
phi_m, max: -0.000000 at y = 0.220000./ phi_m, min: -0.478776 at y = 0.227458
phi_m, max: -0.000000 at y = 0.220000./ phi_m, min: -0.441687 at y = 0.228213
phi_m, max: -0.000000 at y = 0.220000./ phi_m, min: -0.400370 at y = 0.228213
phi_m, max: -0.000000 at y = 0.220000./ phi_m, min: -0.358110 at y = 0.228213


Steps: 18000000 Time: 1.8         

Time: 0.100000
CPU Time: 75.967054 min.
phi_m, max: -0.000000 at y = 3.131429./ phi_m, min: -0.001161 at y = 6.320000

Time: 0.200000
CPU Time: 76.078753 min.
phi_m, max: -0.000000 at y = 3.131429./ phi_m, min: -0.001170 at y = 6.320000

Time: 0.300000
CPU Time: 76.078915 min.
phi_m, max: -0.000000 at y = 3.131429./ phi_m, min: -0.001161 at y = 6.320000

Time: 0.400000
CPU Time: 75.006097 min.
phi_m, max: -0.000000 at y = 3.131429./ phi_m, min: -0.001150 at y = 6.320000

Time: 0.500000
CPU Time: 74.527973 min.
phi_m, max: -0.000000 at y = 3.131429./ phi_m, min: -0.001141 at y = 6.320000

Time: 0.600000
CPU Time: 74.751958 min.
phi_m, max: -0.000000 at y = 3.131429./ phi_m, min: -0.001132 at y = 6.320000

Time: 0.700000
CPU Time: 74.543354 min.
phi_m, max: 0.221976 at y = 3.045714./ phi_m, min: -0.001125 at y = 6.320000

Time: 0.800000
CPU Time: 74.910916 min.
phi_m, max: 96.525729 at y = 3.045714./ phi_m, min: -0.001118 at y = 6.320000

Time: 0.900000
CPU Time: 74.334826 min.
phi_m, max: 115.022059 at y = 3.168376./ phi_m, min: -0.001113 at y = 6.320000

Time: 1.000000
CPU Time: 74.162983 min.
phi_m, max: 102.777951 at y = 3.169413./ phi_m, min: -0.001108 at y = 6.320000

Time: 1.100000
CPU Time: 74.031634 min.
phi_m, max: 84.458962 at y = 3.227143./ phi_m, min: -0.001104 at y = 6.320000

Time: 1.200000
CPU Time: 74.065036 min.
phi_m, max: 64.413000 at y = 3.227143./ phi_m, min: -0.001100 at y = 6.320000

Time: 1.300000
CPU Time: 73.920307 min.
phi_m, max: 45.854036 at y = 3.227143./ phi_m, min: -0.001097 at y = 6.320000

Time: 1.400000
CPU Time: 74.164243 min.
phi_m, max: 28.171697 at y = 3.227143./ phi_m, min: -0.001093 at y = 6.320000

Time: 1.500000
CPU Time: 74.089062 min.
phi_m, max: 7.169562 at y = 3.227143./ phi_m, min: -0.000043 at y = 6.320000

Time: 1.600000
CPU Time: 74.021554 min.
phi_m, max: 0.765241 at y = 6.320000./ phi_m, min: 0.000000 at y = 3.131429

Time: 1.700000
CPU Time: 74.153442 min.
phi_m, max: 115.772268 at y = 6.320000./ phi_m, min: -0.305965 at y = 3.045714

Time: 1.800000
CPU Time: 74.028452 min.
phi_m, max: 107.165657 at y = 6.320000./ phi_m, min: -0.425425 at y = 3.045714


phi_m, max: -0.000000 at y = 5.690000./ phi_m, min: -0.001153 at y = 5.895168
phi_m, max: -0.000000 at y = 5.690000./ phi_m, min: -0.001162 at y = 5.895168
phi_m, max: -0.000000 at y = 5.690000./ phi_m, min: -0.001153 at y = 5.895168
phi_m, max: -0.000000 at y = 5.690000./ phi_m, min: -0.001143 at y = 5.895168
phi_m, max: -0.000000 at y = 5.690000./ phi_m, min: -0.001133 at y = 5.895168
phi_m, max: -0.000000 at y = 5.690000./ phi_m, min: -0.001125 at y = 5.895168
phi_m, max: -0.000000 at y = 5.690000./ phi_m, min: -0.001117 at y = 5.895168
phi_m, max: -0.000000 at y = 5.690000./ phi_m, min: -0.001111 at y = 5.895168
phi_m, max: -0.000000 at y = 5.690000./ phi_m, min: -0.001106 at y = 5.895168
phi_m, max: -0.000000 at y = 5.690000./ phi_m, min: -0.001101 at y = 5.895168
phi_m, max: -0.000000 at y = 5.690000./ phi_m, min: -0.001097 at y = 5.895168
phi_m, max: -0.000000 at y = 5.690000./ phi_m, min: -0.001093 at y = 5.895168
phi_m, max: -0.000000 at y = 5.690000./ phi_m, min: -0.001084 at y = 5.895916
phi_m, max: 0.047804 at y = 5.690000./ phi_m, min: 0.000000 at y = 5.690000
phi_m, max: 39.839520 at y = 5.690000./ phi_m, min: 0.000000 at y = 5.690000
phi_m, max: 115.896417 at y = 5.897458./ phi_m, min: 0.000000 at y = 5.690000
phi_m, max: 106.721642 at y = 5.899413./ phi_m, min: 0.000000 at y = 5.690000
phi_m, max: 89.280646 at y = 5.900000./ phi_m, min: 0.000000 at y = 5.690000


phi_m, max: -0.000000 at y = 1.270000./ phi_m, min: -0.001127 at y = 1.278213
phi_m, max: 0.294549 at y = 1.070000./ phi_m, min: 0.000000 at y = 1.270000
phi_m, max: 104.482222 at y = 1.070000./ phi_m, min: 0.000000 at y = 1.270000
phi_m, max: 114.883380 at y = 1.278376./ phi_m, min: 0.000000 at y = 1.270000
phi_m, max: 102.444573 at y = 1.279413./ phi_m, min: 0.000000 at y = 1.270000
phi_m, max: 83.985286 at y = 1.308571./ phi_m, min: 0.000000 at y = 1.270000
phi_m, max: 63.914494 at y = 1.308571./ phi_m, min: 0.000000 at y = 1.270000
phi_m, max: 45.412957 at y = 1.308571./ phi_m, min: 0.000000 at y = 1.270000
phi_m, max: 27.604317 at y = 1.308571./ phi_m, min: 0.000000 at y = 1.270000
phi_m, max: 6.773419 at y = 1.308571./ phi_m, min: 0.000000 at y = 1.270000
phi_m, max: 0.588895 at y = 1.308571./ phi_m, min: -0.019858 at y = 1.070000
phi_m, max: -0.000000 at y = 1.270000./ phi_m, min: -0.314857 at y = 1.070000
phi_m, max: -0.000000 at y = 1.270000./ phi_m, min: -0.431035 at y = 1.070000
phi_m, max: -0.000000 at y = 1.270000./ phi_m, min: -0.490614 at y = 1.070000
phi_m, max: -0.000000 at y = 1.270000./ phi_m, min: -0.516923 at y = 1.272542
phi_m, max: -0.000000 at y = 1.270000./ phi_m, min: -0.518905 at y = 1.276259
phi_m, max: -0.000000 at y = 1.270000./ phi_m, min: -0.501826 at y = 1.277458
phi_m, max: -0.000000 at y = 1.270000./ phi_m, min: -0.471144 at y = 1.277458


phi_m, max: 112.624926 at y = 0.018213./ phi_m, min: 0.000000 at y = -0.010000
phi_m, max: 97.591567 at y = 0.018213./ phi_m, min: 0.000000 at y = -0.010000
phi_m, max: 78.306002 at y = 0.134286./ phi_m, min: 0.000000 at y = -0.010000
phi_m, max: 58.476535 at y = 0.134286./ phi_m, min: 0.000000 at y = -0.010000
phi_m, max: 40.847335 at y = 0.134286./ phi_m, min: 0.000000 at y = -0.010000
phi_m, max: 22.173906 at y = 0.134286./ phi_m, min: 0.000000 at y = -0.010000
phi_m, max: 4.093920 at y = 0.134286./ phi_m, min: 0.000000 at y = -0.010000
phi_m, max: 0.290113 at y = 0.006787./ phi_m, min: 0.000000 at y = -0.010000
phi_m, max: -0.000000 at y = -0.010000./ phi_m, min: -0.210813 at y = 0.134286
phi_m, max: -0.000000 at y = -0.010000./ phi_m, min: -0.366509 at y = 0.134286
phi_m, max: -0.000000 at y = -0.010000./ phi_m, min: -0.450270 at y = 0.134286
phi_m, max: -0.000000 at y = -0.010000./ phi_m, min: -0.489887 at y = 0.134286
phi_m, max: -0.000000 at y = -0.010000./ phi_m, min: -0.497524 at y = 0.134286
phi_m, max: -0.000000 at y = -0.010000./ phi_m, min: -0.483859 at y = 0.018376
phi_m, max: -0.000000 at y = -0.010000./ phi_m, min: -0.456568 at y = 0.017458
phi_m, max: -0.000000 at y = -0.010000./ phi_m, min: -0.421275 at y = 0.016426
phi_m, max: -0.000000 at y = -0.010000./ phi_m, min: -0.382165 at y = 0.011175
phi_m, max: -0.000000 at y = -0.010000./ phi_m, min: -0.342342 at y = 0.011175


phi_m, max: -0.000000 at y = 2.740000./ phi_m, min: -0.001153 at y = 2.744832
phi_m, max: -0.000000 at y = 2.740000./ phi_m, min: -0.001162 at y = 2.745168
phi_m, max: -0.000000 at y = 2.740000./ phi_m, min: -0.001153 at y = 2.745168
phi_m, max: -0.000000 at y = 2.740000./ phi_m, min: -0.001143 at y = 2.745168
phi_m, max: -0.000000 at y = 2.740000./ phi_m, min: -0.001093 at y = 2.748825
phi_m, max: 0.524967 at y = 2.597143./ phi_m, min: 0.000000 at y = 2.740000
phi_m, max: 110.624607 at y = 2.597143./ phi_m, min: 0.000000 at y = 2.740000
phi_m, max: 114.210398 at y = 2.749413./ phi_m, min: 0.000000 at y = 2.740000
phi_m, max: 100.939700 at y = 2.835714./ phi_m, min: 0.000000 at y = 2.740000
phi_m, max: 82.293646 at y = 2.835714./ phi_m, min: 0.000000 at y = 2.740000
phi_m, max: 62.267718 at y = 2.835714./ phi_m, min: 0.000000 at y = 2.740000
phi_m, max: 44.011144 at y = 2.835714./ phi_m, min: 0.000000 at y = 2.740000
phi_m, max: 25.880762 at y = 2.835714./ phi_m, min: 0.000000 at y = 2.740000
phi_m, max: 5.775561 at y = 2.835714./ phi_m, min: 0.000000 at y = 2.740000
phi_m, max: 0.456113 at y = 2.835714./ phi_m, min: -0.060743 at y = 2.597143
phi_m, max: -0.000000 at y = 2.740000./ phi_m, min: -0.325766 at y = 2.597143
phi_m, max: -0.000000 at y = 2.740000./ phi_m, min: -0.435910 at y = 2.597143
phi_m, max: -0.000000 at y = 2.740000./ phi_m, min: -0.493377 at y = 2.740587


phi_m, max: -0.000000 at y = 5.050000./ phi_m, min: -0.001153 at y = 5.055168
phi_m, max: -0.000000 at y = 5.050000./ phi_m, min: -0.001162 at y = 5.475168
phi_m, max: -0.000000 at y = 5.050000./ phi_m, min: -0.001153 at y = 5.475168
phi_m, max: -0.000000 at y = 5.050000./ phi_m, min: -0.001143 at y = 5.475168
phi_m, max: -0.000000 at y = 5.050000./ phi_m, min: -0.001133 at y = 5.475168
phi_m, max: -0.000000 at y = 5.050000./ phi_m, min: -0.001125 at y = 5.475168
phi_m, max: -0.000000 at y = 5.050000./ phi_m, min: -0.001117 at y = 5.475168
phi_m, max: -0.000000 at y = 5.050000./ phi_m, min: -0.001111 at y = 5.475168
phi_m, max: -0.000000 at y = 5.050000./ phi_m, min: -0.001106 at y = 5.475168
phi_m, max: -0.000000 at y = 5.050000./ phi_m, min: -0.001101 at y = 5.475168
phi_m, max: -0.000000 at y = 5.050000./ phi_m, min: -0.001097 at y = 5.475168
phi_m, max: 0.155257 at y = 5.050000./ phi_m, min: -0.001081 at y = 5.476787
phi_m, max: 85.181852 at y = 5.050000./ phi_m, min: 0.000000 at y = 5.050000
phi_m, max: 115.152388 at y = 5.058376./ phi_m, min: 0.000000 at y = 5.050000
phi_m, max: 115.703960 at y = 5.478213./ phi_m, min: 0.000000 at y = 5.050000
phi_m, max: 104.960248 at y = 5.479413./ phi_m, min: 0.000000 at y = 5.050000
phi_m, max: 87.031941 at y = 5.480000./ phi_m, min: 0.000000 at y = 5.050000
phi_m, max: 66.960859 at y = 5.480000./ phi_m, min: 0.000000 at y = 5.050000


phi_m, max: -0.000000 at y = 4.640000./ phi_m, min: -0.001153 at y = 4.634832
phi_m, max: -0.000000 at y = 4.640000./ phi_m, min: -0.001162 at y = 4.635168
phi_m, max: -0.000000 at y = 4.640000./ phi_m, min: -0.001153 at y = 4.635168
phi_m, max: -0.000000 at y = 4.640000./ phi_m, min: -0.001143 at y = 4.635168
phi_m, max: -0.000000 at y = 4.640000./ phi_m, min: -0.001133 at y = 4.635168
phi_m, max: -0.000000 at y = 4.640000./ phi_m, min: -0.001125 at y = 4.635168
phi_m, max: -0.000000 at y = 4.640000./ phi_m, min: -0.001117 at y = 4.635168
phi_m, max: -0.000000 at y = 4.640000./ phi_m, min: -0.001111 at y = 4.635168
phi_m, max: -0.000000 at y = 4.640000./ phi_m, min: -0.001105 at y = 4.635168
phi_m, max: -0.000000 at y = 4.640000./ phi_m, min: -0.001064 at y = 4.638825
phi_m, max: 0.348577 at y = 4.630000./ phi_m, min: 0.000000 at y = 4.640000
phi_m, max: 106.754372 at y = 4.630000./ phi_m, min: 0.000000 at y = 4.640000
phi_m, max: 114.409539 at y = 4.840000./ phi_m, min: 0.000000 at y = 4.640000
phi_m, max: 102.203202 at y = 4.840000./ phi_m, min: 0.000000 at y = 4.640000
phi_m, max: 83.670203 at y = 4.840000./ phi_m, min: 0.000000 at y = 4.640000
phi_m, max: 63.563926 at y = 4.840000./ phi_m, min: 0.000000 at y = 4.640000
phi_m, max: 45.092578 at y = 4.840000./ phi_m, min: 0.000000 at y = 4.640000
phi_m, max: 27.156022 at y = 4.840000./ phi_m, min: 0.000000 at y = 4.640000


phi_m, max: -0.000000 at y = 1.518571./ phi_m, min: -0.001153 at y = 1.695168
phi_m, max: -0.000000 at y = 1.518571./ phi_m, min: -0.001147 at y = 1.696787
phi_m, max: 0.131643 at y = 1.490000./ phi_m, min: 0.000000 at y = 1.518571
phi_m, max: 83.454072 at y = 1.490000./ phi_m, min: 0.000000 at y = 1.518571
phi_m, max: 115.553562 at y = 1.698376./ phi_m, min: 0.000000 at y = 1.518571
phi_m, max: 104.324704 at y = 1.699413./ phi_m, min: 0.000000 at y = 1.518571
phi_m, max: 86.263429 at y = 1.728571./ phi_m, min: 0.000000 at y = 1.518571
phi_m, max: 66.214197 at y = 1.728571./ phi_m, min: 0.000000 at y = 1.518571
phi_m, max: 47.401587 at y = 1.728571./ phi_m, min: 0.000000 at y = 1.518571
phi_m, max: 29.961206 at y = 1.728571./ phi_m, min: 0.000000 at y = 1.518571
phi_m, max: 8.483434 at y = 1.728571./ phi_m, min: 0.000000 at y = 1.518571
phi_m, max: 0.832583 at y = 1.728571./ phi_m, min: 0.000000 at y = 1.518571
phi_m, max: -0.000000 at y = 1.518571./ phi_m, min: -0.295360 at y = 1.490000
phi_m, max: -0.000000 at y = 1.518571./ phi_m, min: -0.420952 at y = 1.490000
phi_m, max: -0.000000 at y = 1.518571./ phi_m, min: -0.485845 at y = 1.490000
phi_m, max: -0.000000 at y = 1.518571./ phi_m, min: -0.515201 at y = 1.692542
phi_m, max: -0.000000 at y = 1.518571./ phi_m, min: -0.519677 at y = 1.695449
phi_m, max: -0.000000 at y = 1.518571./ phi_m, min: -0.504561 at y = 1.697458


phi_m, max: -0.000000 at y = 3.790000./ phi_m, min: -0.001153 at y = 4.004832
phi_m, max: -0.000000 at y = 3.790000./ phi_m, min: -0.001162 at y = 3.794832
phi_m, max: -0.000000 at y = 3.790000./ phi_m, min: -0.001153 at y = 3.794832
phi_m, max: -0.000000 at y = 3.790000./ phi_m, min: -0.001143 at y = 3.794832
phi_m, max: -0.000000 at y = 3.790000./ phi_m, min: -0.001133 at y = 4.005168
phi_m, max: -0.000000 at y = 3.790000./ phi_m, min: -0.001125 at y = 4.005168
phi_m, max: -0.000000 at y = 3.790000./ phi_m, min: -0.001117 at y = 4.005168
phi_m, max: 0.001019 at y = 3.761429./ phi_m, min: -0.001104 at y = 4.006367
phi_m, max: 1.643203 at y = 3.761429./ phi_m, min: 0.000000 at y = 3.790000
phi_m, max: 115.222757 at y = 3.790587./ phi_m, min: 0.000000 at y = 3.790000
phi_m, max: 115.888275 at y = 4.007458./ phi_m, min: 0.000000 at y = 3.790000
phi_m, max: 106.421434 at y = 4.009413./ phi_m, min: 0.000000 at y = 3.790000
phi_m, max: 88.890741 at y = 4.010000./ phi_m, min: 0.000000 at y = 3.790000
phi_m, max: 68.878995 at y = 4.010000./ phi_m, min: 0.000000 at y = 3.790000
phi_m, max: 49.713469 at y = 4.010000./ phi_m, min: 0.000000 at y = 3.790000
phi_m, max: 32.453839 at y = 4.010000./ phi_m, min: 0.000000 at y = 3.790000
phi_m, max: 10.711920 at y = 4.010000./ phi_m, min: 0.000000 at y = 3.790000
phi_m, max: 1.182603 at y = 4.010000./ phi_m, min: -0.136661 at y = 3.761429


phi_m, max: -0.000000 at y = 3.580000./ phi_m, min: -0.001153 at y = 3.584832
phi_m, max: -0.000000 at y = 3.580000./ phi_m, min: -0.001162 at y = 3.585168
phi_m, max: -0.000000 at y = 3.580000./ phi_m, min: -0.001153 at y = 3.585168
phi_m, max: -0.000000 at y = 3.580000./ phi_m, min: -0.001143 at y = 3.585168
phi_m, max: -0.000000 at y = 3.580000./ phi_m, min: -0.001133 at y = 3.585168
phi_m, max: -0.000000 at y = 3.580000./ phi_m, min: -0.001125 at y = 3.585168
phi_m, max: -0.000000 at y = 3.580000./ phi_m, min: -0.001104 at y = 3.586787
phi_m, max: 0.084311 at y = 3.551429./ phi_m, min: 0.000000 at y = 3.580000
phi_m, max: 61.606778 at y = 3.551429./ phi_m, min: 0.000000 at y = 3.580000
phi_m, max: 115.633616 at y = 3.588376./ phi_m, min: 0.000000 at y = 3.580000
phi_m, max: 105.225071 at y = 3.761429./ phi_m, min: 0.000000 at y = 3.580000
phi_m, max: 87.507542 at y = 3.761429./ phi_m, min: 0.000000 at y = 3.580000
phi_m, max: 67.487283 at y = 3.761429./ phi_m, min: 0.000000 at y = 3.580000
phi_m, max: 48.510098 at y = 3.761429./ phi_m, min: 0.000000 at y = 3.580000
phi_m, max: 31.192398 at y = 3.761429./ phi_m, min: 0.000000 at y = 3.580000
phi_m, max: 9.554428 at y = 3.761429./ phi_m, min: 0.000000 at y = 3.580000
phi_m, max: 0.994572 at y = 3.761429./ phi_m, min: 0.000000 at y = 3.580000
phi_m, max: -0.000000 at y = 3.580000./ phi_m, min: -0.281729 at y = 3.551429


phi_m, max: -0.000000 at y = 4.850000./ phi_m, min: -0.001153 at y = 5.055168
phi_m, max: -0.000000 at y = 4.850000./ phi_m, min: -0.001162 at y = 4.844832
phi_m, max: -0.000000 at y = 4.850000./ phi_m, min: -0.001153 at y = 4.844832
phi_m, max: -0.000000 at y = 4.850000./ phi_m, min: -0.001143 at y = 4.844832
phi_m, max: -0.000000 at y = 4.850000./ phi_m, min: -0.001133 at y = 4.844832
phi_m, max: -0.000000 at y = 4.850000./ phi_m, min: -0.001125 at y = 4.844832
phi_m, max: -0.000000 at y = 4.850000./ phi_m, min: -0.001117 at y = 4.844832
phi_m, max: -0.000000 at y = 4.850000./ phi_m, min: -0.001111 at y = 5.054832
phi_m, max: -0.000000 at y = 4.850000./ phi_m, min: -0.001106 at y = 5.055168
phi_m, max: -0.000000 at y = 4.850000./ phi_m, min: -0.001101 at y = 5.055168
phi_m, max: 0.007533 at y = 4.840000./ phi_m, min: -0.001075 at y = 5.057458
phi_m, max: 6.350398 at y = 4.840000./ phi_m, min: 0.000000 at y = 4.850000
phi_m, max: 115.906805 at y = 4.842542./ phi_m, min: 0.000000 at y = 4.850000
phi_m, max: 115.152388 at y = 5.058376./ phi_m, min: 0.000000 at y = 4.850000
phi_m, max: 103.094506 at y = 5.060000./ phi_m, min: 0.000000 at y = 4.850000
phi_m, max: 84.756195 at y = 5.060000./ phi_m, min: 0.000000 at y = 4.850000
phi_m, max: 64.651855 at y = 5.060000./ phi_m, min: 0.000000 at y = 4.850000
phi_m, max: 46.032186 at y = 5.060000./ phi_m, min: 0.000000 at y = 4.850000


phi_m, max: -0.000000 at y = 1.900000./ phi_m, min: -0.001153 at y = 1.905168
phi_m, max: -0.000000 at y = 1.900000./ phi_m, min: -0.001162 at y = 1.905168
phi_m, max: 0.001996 at y = 1.728571./ phi_m, min: -0.001050 at y = 1.963787
phi_m, max: 2.391697 at y = 1.728571./ phi_m, min: 0.000000 at y = 1.900000
phi_m, max: 115.332297 at y = 1.900587./ phi_m, min: 0.000000 at y = 1.900000
phi_m, max: 111.987642 at y = 1.909413./ phi_m, min: 0.000000 at y = 1.900000
phi_m, max: 96.831898 at y = 1.963787./ phi_m, min: 0.000000 at y = 1.900000
phi_m, max: 77.525785 at y = 1.963787./ phi_m, min: 0.000000 at y = 1.900000
phi_m, max: 57.643122 at y = 1.963787./ phi_m, min: 0.000000 at y = 1.900000
phi_m, max: 39.994060 at y = 1.963787./ phi_m, min: 0.000000 at y = 1.900000
phi_m, max: 20.373222 at y = 1.963787./ phi_m, min: 0.000000 at y = 1.900000
phi_m, max: 3.434113 at y = 1.963787./ phi_m, min: 0.000000 at y = 1.900000
phi_m, max: 0.162576 at y = 1.963787./ phi_m, min: -0.158968 at y = 1.728571
phi_m, max: -0.000000 at y = 1.900000./ phi_m, min: -0.359476 at y = 1.728571
phi_m, max: -0.000000 at y = 1.900000./ phi_m, min: -0.454039 at y = 1.728571
phi_m, max: -0.000000 at y = 1.900000./ phi_m, min: -0.501925 at y = 1.901624
phi_m, max: -0.000000 at y = 1.900000./ phi_m, min: -0.519858 at y = 1.903574
phi_m, max: -0.000000 at y = 1.900000./ phi_m, min: -0.515196 at y = 1.906426


phi_m, max: -0.000000 at y = 4.420000./ phi_m, min: -0.001153 at y = 4.424832
phi_m, max: -0.000000 at y = 4.420000./ phi_m, min: -0.001162 at y = 4.425168
phi_m, max: -0.000000 at y = 4.420000./ phi_m, min: -0.001153 at y = 4.425168
phi_m, max: -0.000000 at y = 4.420000./ phi_m, min: -0.001143 at y = 4.425168
phi_m, max: -0.000000 at y = 4.420000./ phi_m, min: -0.001133 at y = 4.425168
phi_m, max: -0.000000 at y = 4.420000./ phi_m, min: -0.001125 at y = 4.425168
phi_m, max: -0.000000 at y = 4.420000./ phi_m, min: -0.001117 at y = 4.425168
phi_m, max: -0.000000 at y = 4.420000./ phi_m, min: -0.001111 at y = 4.425168
phi_m, max: -0.000000 at y = 4.420000./ phi_m, min: -0.001102 at y = 4.425587
phi_m, max: 0.019432 at y = 4.391429./ phi_m, min: -0.000599 at y = 4.630000
phi_m, max: 15.051283 at y = 4.391429./ phi_m, min: 0.000000 at y = 4.420000
phi_m, max: 115.933807 at y = 4.426426./ phi_m, min: 0.000000 at y = 4.420000
phi_m, max: 108.825327 at y = 4.630000./ phi_m, min: 0.000000 at y = 4.420000
phi_m, max: 92.268689 at y = 4.630000./ phi_m, min: 0.000000 at y = 4.420000
phi_m, max: 72.440935 at y = 4.630000./ phi_m, min: 0.000000 at y = 4.420000
phi_m, max: 52.893055 at y = 4.630000./ phi_m, min: 0.000000 at y = 4.420000
phi_m, max: 35.624148 at y = 4.630000./ phi_m, min: 0.000000 at y = 4.420000
phi_m, max: 14.345179 at y = 4.630000./ phi_m, min: 0.000000 at y = 4.420000


phi_m, max: -0.000000 at y = 3.971429./ phi_m, min: -0.001126 at y = 4.000000
phi_m, max: -0.000000 at y = 3.971429./ phi_m, min: -0.001135 at y = 4.210000
phi_m, max: -0.000000 at y = 3.971429./ phi_m, min: -0.001127 at y = 4.210000
phi_m, max: -0.000000 at y = 3.971429./ phi_m, min: -0.001116 at y = 4.210000
phi_m, max: -0.000000 at y = 3.971429./ phi_m, min: -0.001107 at y = 4.210000
phi_m, max: -0.000000 at y = 3.971429./ phi_m, min: -0.001099 at y = 4.210000
phi_m, max: -0.000000 at y = 3.971429./ phi_m, min: -0.001091 at y = 4.210000
phi_m, max: -0.000000 at y = 3.971429./ phi_m, min: -0.001084 at y = 4.210000
phi_m, max: 0.046448 at y = 3.885714./ phi_m, min: -0.000136 at y = 4.210000
phi_m, max: 39.483976 at y = 3.885714./ phi_m, min: 0.000000 at y = 3.971429
phi_m, max: 114.258289 at y = 4.010000./ phi_m, min: 0.000000 at y = 3.971429
phi_m, max: 107.235335 at y = 4.210000./ phi_m, min: 0.000000 at y = 3.971429
phi_m, max: 90.065210 at y = 4.210000./ phi_m, min: 0.000000 at y = 3.971429
phi_m, max: 70.104670 at y = 4.210000./ phi_m, min: 0.000000 at y = 3.971429
phi_m, max: 50.797397 at y = 4.210000./ phi_m, min: 0.000000 at y = 3.971429
phi_m, max: 33.563787 at y = 4.210000./ phi_m, min: 0.000000 at y = 3.971429
phi_m, max: 11.904297 at y = 4.210000./ phi_m, min: 0.000000 at y = 3.971429
phi_m, max: 1.385121 at y = 4.210000./ phi_m, min: 0.000000 at y = 3.971429


phi_m, max: -0.000000 at y = 2.358571./ phi_m, min: -0.001153 at y = 2.535168
phi_m, max: -0.000000 at y = 2.358571./ phi_m, min: -0.001162 at y = 2.535168
phi_m, max: -0.000000 at y = 2.358571./ phi_m, min: -0.001153 at y = 2.535168
phi_m, max: -0.000000 at y = 2.358571./ phi_m, min: -0.001139 at y = 2.535587
phi_m, max: 0.027657 at y = 2.387143./ phi_m, min: -0.000395 at y = 2.597143
phi_m, max: 21.375315 at y = 2.387143./ phi_m, min: 0.000000 at y = 2.358571
phi_m, max: 115.959152 at y = 2.536426./ phi_m, min: 0.000000 at y = 2.358571
phi_m, max: 107.815821 at y = 2.539413./ phi_m, min: 0.000000 at y = 2.358571
phi_m, max: 90.799157 at y = 2.597143./ phi_m, min: 0.000000 at y = 2.358571
phi_m, max: 70.952776 at y = 2.597143./ phi_m, min: 0.000000 at y = 2.358571
phi_m, max: 51.589745 at y = 2.597143./ phi_m, min: 0.000000 at y = 2.358571
phi_m, max: 34.406092 at y = 2.597143./ phi_m, min: 0.000000 at y = 2.358571
phi_m, max: 12.937600 at y = 2.597143./ phi_m, min: 0.000000 at y = 2.358571
phi_m, max: 1.581991 at y = 2.597143./ phi_m, min: 0.000000 at y = 2.358571
phi_m, max: -0.000000 at y = 2.358571./ phi_m, min: -0.245301 at y = 2.387143
phi_m, max: -0.000000 at y = 2.358571./ phi_m, min: -0.395630 at y = 2.387143
phi_m, max: -0.000000 at y = 2.358571./ phi_m, min: -0.472500 at y = 2.387143
phi_m, max: -0.000000 at y = 2.358571./ phi_m, min: -0.510683 at y = 2.531624


phi_m, max: 0.015271 at y = 0.860000./ phi_m, min: -0.000723 at y = 1.070000
phi_m, max: 12.013272 at y = 0.860000./ phi_m, min: 0.000000 at y = 0.888571
phi_m, max: 115.904112 at y = 1.063633./ phi_m, min: 0.000000 at y = 0.888571
phi_m, max: 109.137075 at y = 1.069413./ phi_m, min: 0.000000 at y = 0.888571
phi_m, max: 92.540970 at y = 1.070000./ phi_m, min: 0.000000 at y = 0.888571
phi_m, max: 72.734563 at y = 1.070000./ phi_m, min: 0.000000 at y = 0.888571
phi_m, max: 53.159701 at y = 1.070000./ phi_m, min: 0.000000 at y = 0.888571
phi_m, max: 35.884004 at y = 1.070000./ phi_m, min: 0.000000 at y = 0.888571
phi_m, max: 14.654216 at y = 1.070000./ phi_m, min: 0.000000 at y = 0.888571
phi_m, max: 1.922336 at y = 1.070000./ phi_m, min: 0.000000 at y = 0.888571
phi_m, max: -0.000000 at y = 0.888571./ phi_m, min: -0.228129 at y = 0.860000
phi_m, max: -0.000000 at y = 0.888571./ phi_m, min: -0.388670 at y = 0.860000
phi_m, max: -0.000000 at y = 0.888571./ phi_m, min: -0.469793 at y = 0.860000
phi_m, max: -0.000000 at y = 0.888571./ phi_m, min: -0.508687 at y = 1.061624
phi_m, max: -0.000000 at y = 0.888571./ phi_m, min: -0.520634 at y = 1.064490
phi_m, max: -0.000000 at y = 0.888571./ phi_m, min: -0.511457 at y = 1.066426
phi_m, max: -0.000000 at y = 0.888571./ phi_m, min: -0.486031 at y = 1.067458
phi_m, max: -0.000000 at y = 0.888571./ phi_m, min: -0.450386 at y = 1.068213


phi_m, max: -0.000000 at y = 1.480000./ phi_m, min: -0.001152 at y = 1.485168
phi_m, max: 0.005816 at y = 1.308571./ phi_m, min: -0.000962 at y = 1.518571
phi_m, max: 5.150036 at y = 1.308571./ phi_m, min: 0.000000 at y = 1.480000
phi_m, max: 115.881761 at y = 1.481624./ phi_m, min: 0.000000 at y = 1.480000
phi_m, max: 110.628864 at y = 1.489413./ phi_m, min: 0.000000 at y = 1.480000
phi_m, max: 94.697881 at y = 1.490000./ phi_m, min: 0.000000 at y = 1.480000
phi_m, max: 75.119998 at y = 1.518571./ phi_m, min: 0.000000 at y = 1.480000
phi_m, max: 55.371945 at y = 1.518571./ phi_m, min: 0.000000 at y = 1.480000
phi_m, max: 37.955804 at y = 1.518571./ phi_m, min: 0.000000 at y = 1.480000
phi_m, max: 17.479702 at y = 1.518571./ phi_m, min: 0.000000 at y = 1.480000
phi_m, max: 2.588111 at y = 1.518571./ phi_m, min: 0.000000 at y = 1.480000
phi_m, max: 0.060715 at y = 1.518571./ phi_m, min: -0.194830 at y = 1.308571
phi_m, max: -0.000000 at y = 1.480000./ phi_m, min: -0.373771 at y = 1.308571
phi_m, max: -0.000000 at y = 1.480000./ phi_m, min: -0.461577 at y = 1.308571
phi_m, max: -0.000000 at y = 1.480000./ phi_m, min: -0.505537 at y = 1.481624
phi_m, max: -0.000000 at y = 1.480000./ phi_m, min: -0.520344 at y = 1.484490
phi_m, max: -0.000000 at y = 1.480000./ phi_m, min: -0.513445 at y = 1.486426
phi_m, max: -0.000000 at y = 1.480000./ phi_m, min: -0.489573 at y = 1.487458


phi_m, max: -0.000000 at y = 3.370000./ phi_m, min: -0.001153 at y = 3.375168
phi_m, max: -0.000000 at y = 3.370000./ phi_m, min: -0.001162 at y = 3.374832
phi_m, max: -0.000000 at y = 3.370000./ phi_m, min: -0.001153 at y = 3.374832
phi_m, max: -0.000000 at y = 3.370000./ phi_m, min: -0.001143 at y = 3.375168
phi_m, max: -0.000000 at y = 3.370000./ phi_m, min: -0.001133 at y = 3.375168
phi_m, max: -0.000000 at y = 3.370000./ phi_m, min: -0.001124 at y = 3.375168
phi_m, max: 0.003593 at y = 3.341429./ phi_m, min: -0.000974 at y = 3.551429
phi_m, max: 3.468323 at y = 3.341429./ phi_m, min: 0.000000 at y = 3.370000
phi_m, max: 115.812488 at y = 3.371624./ phi_m, min: 0.000000 at y = 3.370000
phi_m, max: 111.118954 at y = 3.551429./ phi_m, min: 0.000000 at y = 3.370000
phi_m, max: 95.858603 at y = 3.551429./ phi_m, min: 0.000000 at y = 3.370000
phi_m, max: 76.404143 at y = 3.551429./ phi_m, min: 0.000000 at y = 3.370000
phi_m, max: 56.568970 at y = 3.551429./ phi_m, min: 0.000000 at y = 3.370000
phi_m, max: 39.029027 at y = 3.551429./ phi_m, min: 0.000000 at y = 3.370000
phi_m, max: 18.986181 at y = 3.551429./ phi_m, min: 0.000000 at y = 3.370000
phi_m, max: 2.999264 at y = 3.551429./ phi_m, min: 0.000000 at y = 3.370000
phi_m, max: 0.109784 at y = 3.551429./ phi_m, min: -0.175879 at y = 3.341429
phi_m, max: -0.000000 at y = 3.370000./ phi_m, min: -0.366004 at y = 3.341429


phi_m, max: 114.270515 at y = 0.430587./ phi_m, min: -0.001124 at y = 3.198571
phi_m, max: 112.995228 at y = 0.439413./ phi_m, min: -0.001133 at y = 3.341429
phi_m, max: 98.507055 at y = 0.440000./ phi_m, min: -0.001125 at y = 3.341429
phi_m, max: 79.334432 at y = 0.440000./ phi_m, min: -0.001114 at y = 3.341429
phi_m, max: 59.322314 at y = 0.440000./ phi_m, min: -0.001105 at y = 3.341429
phi_m, max: 41.434949 at y = 0.440000./ phi_m, min: -0.001090 at y = 3.341429
phi_m, max: 22.296643 at y = 0.440000./ phi_m, min: 0.000000 at y = 0.430000
phi_m, max: 4.480422 at y = 3.198571./ phi_m, min: 0.000000 at y = 0.430000
phi_m, max: 114.584028 at y = 3.341429./ phi_m, min: -0.112950 at y = 0.344286
phi_m, max: 103.430016 at y = 3.341429./ phi_m, min: -0.342296 at y = 0.344286
phi_m, max: 85.242653 at y = 3.341429./ phi_m, min: -0.444503 at y = 0.344286
phi_m, max: 65.177600 at y = 3.341429./ phi_m, min: -0.498707 at y = 0.431624
phi_m, max: 46.502200 at y = 3.341429./ phi_m, min: -0.519414 at y = 0.433574
phi_m, max: 28.913298 at y = 3.341429./ phi_m, min: -0.516659 at y = 0.436426
phi_m, max: 7.681535 at y = 3.341429./ phi_m, min: -0.495828 at y = 0.437458
phi_m, max: 0.714760 at y = 3.341429./ phi_m, min: -0.462841 at y = 0.438213
phi_m, max: -0.000000 at y = 0.430000./ phi_m, min: -0.423322 at y = 0.438213
phi_m, max: -0.000000 at y = 0.430000./ phi_m, min: -0.381190 at y = 0.438376


phi_m, max: -0.000000 at y = 4.210000./ phi_m, min: -0.001153 at y = 4.215168
phi_m, max: -0.000000 at y = 4.210000./ phi_m, min: -0.001162 at y = 4.214832
phi_m, max: -0.000000 at y = 4.210000./ phi_m, min: -0.001153 at y = 4.214832
phi_m, max: -0.000000 at y = 4.210000./ phi_m, min: -0.001143 at y = 4.214832
phi_m, max: -0.000000 at y = 4.210000./ phi_m, min: -0.001133 at y = 4.214832
phi_m, max: -0.000000 at y = 4.210000./ phi_m, min: -0.001125 at y = 4.215168
phi_m, max: -0.000000 at y = 4.210000./ phi_m, min: -0.001117 at y = 4.215168
phi_m, max: -0.000000 at y = 4.210000./ phi_m, min: -0.001111 at y = 4.215168
phi_m, max: -0.000000 at y = 4.210000./ phi_m, min: -0.001057 at y = 4.420000
phi_m, max: 0.785040 at y = 4.210000./ phi_m, min: 0.000000 at y = 4.210000
phi_m, max: 113.282362 at y = 4.210000./ phi_m, min: 0.000000 at y = 4.210000
phi_m, max: 113.637488 at y = 4.420000./ phi_m, min: 0.000000 at y = 4.210000
phi_m, max: 100.262397 at y = 4.420000./ phi_m, min: 0.000000 at y = 4.210000
phi_m, max: 81.363524 at y = 4.420000./ phi_m, min: 0.000000 at y = 4.210000
phi_m, max: 61.287792 at y = 4.420000./ phi_m, min: 0.000000 at y = 4.210000
phi_m, max: 43.132551 at y = 4.420000./ phi_m, min: 0.000000 at y = 4.210000
phi_m, max: 24.619739 at y = 4.420000./ phi_m, min: 0.000000 at y = 4.210000
phi_m, max: 5.095524 at y = 4.420000./ phi_m, min: 0.000000 at y = 4.210000


phi_m, max: -0.000000 at y = 2.950000./ phi_m, min: -0.001153 at y = 2.954832
phi_m, max: -0.000000 at y = 2.950000./ phi_m, min: -0.001162 at y = 2.955168
phi_m, max: -0.000000 at y = 2.950000./ phi_m, min: -0.001153 at y = 2.955168
phi_m, max: -0.000000 at y = 2.950000./ phi_m, min: -0.001143 at y = 2.955168
phi_m, max: -0.000000 at y = 2.950000./ phi_m, min: -0.001131 at y = 2.955449
phi_m, max: 0.011849 at y = 2.807143./ phi_m, min: -0.000792 at y = 3.045714
phi_m, max: 9.518874 at y = 2.807143./ phi_m, min: 0.000000 at y = 2.950000
phi_m, max: 115.909075 at y = 2.953633./ phi_m, min: 0.000000 at y = 2.950000
phi_m, max: 109.405803 at y = 2.959413./ phi_m, min: 0.000000 at y = 2.950000
phi_m, max: 93.087542 at y = 3.045714./ phi_m, min: 0.000000 at y = 2.950000
phi_m, max: 73.417630 at y = 3.045714./ phi_m, min: 0.000000 at y = 2.950000
phi_m, max: 53.828578 at y = 3.045714./ phi_m, min: 0.000000 at y = 2.950000
phi_m, max: 36.556644 at y = 3.045714./ phi_m, min: 0.000000 at y = 2.950000
phi_m, max: 15.654508 at y = 3.045714./ phi_m, min: 0.000000 at y = 2.950000
phi_m, max: 2.148791 at y = 3.045714./ phi_m, min: 0.000000 at y = 2.950000
phi_m, max: 0.008514 at y = 3.045714./ phi_m, min: -0.217653 at y = 2.807143
phi_m, max: -0.000000 at y = 2.950000./ phi_m, min: -0.383076 at y = 2.807143
phi_m, max: -0.000000 at y = 2.950000./ phi_m, min: -0.466043 at y = 2.807143


phi_m, max: -0.000000 at y = 5.928571./ phi_m, min: -0.001153 at y = 6.105168
phi_m, max: -0.000000 at y = 5.928571./ phi_m, min: -0.001162 at y = 6.105168
phi_m, max: -0.000000 at y = 5.928571./ phi_m, min: -0.001154 at y = 6.105168
phi_m, max: -0.000000 at y = 5.928571./ phi_m, min: -0.001143 at y = 6.105168
phi_m, max: -0.000000 at y = 5.928571./ phi_m, min: -0.001133 at y = 6.105168
phi_m, max: -0.000000 at y = 5.928571./ phi_m, min: -0.001125 at y = 6.105168
phi_m, max: -0.000000 at y = 5.928571./ phi_m, min: -0.001118 at y = 6.105168
phi_m, max: -0.000000 at y = 5.928571./ phi_m, min: -0.001111 at y = 6.105168
phi_m, max: -0.000000 at y = 5.928571./ phi_m, min: -0.001106 at y = 6.105168
phi_m, max: -0.000000 at y = 5.928571./ phi_m, min: -0.001101 at y = 6.105168
phi_m, max: -0.000000 at y = 5.928571./ phi_m, min: -0.001097 at y = 6.105168
phi_m, max: -0.000000 at y = 5.928571./ phi_m, min: -0.001093 at y = 6.105168
phi_m, max: -0.000000 at y = 5.928571./ phi_m, min: -0.001090 at y = 6.105168
phi_m, max: 0.000143 at y = 5.900000./ phi_m, min: -0.001035 at y = 6.109413
phi_m, max: 0.982104 at y = 5.900000./ phi_m, min: 0.000000 at y = 5.928571
phi_m, max: 113.963774 at y = 5.900000./ phi_m, min: 0.000000 at y = 5.928571
phi_m, max: 113.571066 at y = 6.109413./ phi_m, min: 0.000000 at y = 5.928571
phi_m, max: 99.556357 at y = 6.110000./ phi_m, min: 0.000000 at y = 5.928571


phi_m, max: 18.893457 at y = 0.640000./ phi_m, min: 0.000000 at y = 0.650000
phi_m, max: 115.962318 at y = 0.646426./ phi_m, min: 0.000000 at y = 0.650000
phi_m, max: 114.048495 at y = 0.859413./ phi_m, min: 0.000000 at y = 0.650000
phi_m, max: 100.508078 at y = 0.860000./ phi_m, min: 0.000000 at y = 0.650000
phi_m, max: 81.653519 at y = 0.860000./ phi_m, min: 0.000000 at y = 0.650000
phi_m, max: 61.572365 at y = 0.860000./ phi_m, min: 0.000000 at y = 0.650000
phi_m, max: 43.380144 at y = 0.860000./ phi_m, min: 0.000000 at y = 0.650000
phi_m, max: 24.950151 at y = 0.860000./ phi_m, min: 0.000000 at y = 0.650000
phi_m, max: 5.252657 at y = 0.860000./ phi_m, min: 0.000000 at y = 0.650000
phi_m, max: 0.387205 at y = 0.860000./ phi_m, min: -0.241736 at y = 0.640000
phi_m, max: -0.000000 at y = 0.650000./ phi_m, min: -0.395019 at y = 0.640000
phi_m, max: -0.000000 at y = 0.650000./ phi_m, min: -0.473778 at y = 0.640587
phi_m, max: -0.000000 at y = 0.650000./ phi_m, min: -0.511388 at y = 0.641624
phi_m, max: -0.000000 at y = 0.650000./ phi_m, min: -0.520635 at y = 0.644832
phi_m, max: -0.000000 at y = 0.650000./ phi_m, min: -0.517918 at y = 0.856426
phi_m, max: -0.000000 at y = 0.650000./ phi_m, min: -0.498908 at y = 0.857458
phi_m, max: -0.000000 at y = 0.650000./ phi_m, min: -0.467019 at y = 0.857458
phi_m, max: -0.000000 at y = 0.650000./ phi_m, min: -0.428046 at y = 0.858213


phi_m, max: -0.000000 at y = 2.320000./ phi_m, min: -0.001153 at y = 2.324832
phi_m, max: -0.000000 at y = 2.320000./ phi_m, min: -0.001162 at y = 2.325168
phi_m, max: -0.000000 at y = 2.320000./ phi_m, min: -0.001153 at y = 2.325168
phi_m, max: 0.000273 at y = 2.177143./ phi_m, min: -0.001080 at y = 2.415714
phi_m, max: 1.166355 at y = 2.177143./ phi_m, min: 0.000000 at y = 2.320000
phi_m, max: 113.944591 at y = 2.177143./ phi_m, min: 0.000000 at y = 2.320000
phi_m, max: 113.192391 at y = 2.329413./ phi_m, min: 0.000000 at y = 2.320000
phi_m, max: 98.972318 at y = 2.415714./ phi_m, min: 0.000000 at y = 2.320000
phi_m, max: 79.987674 at y = 2.415714./ phi_m, min: 0.000000 at y = 2.320000
phi_m, max: 60.012911 at y = 2.415714./ phi_m, min: 0.000000 at y = 2.320000
phi_m, max: 42.066435 at y = 2.415714./ phi_m, min: 0.000000 at y = 2.320000
phi_m, max: 23.287092 at y = 2.415714./ phi_m, min: 0.000000 at y = 2.320000
phi_m, max: 4.524890 at y = 2.415714./ phi_m, min: 0.000000 at y = 2.320000
phi_m, max: 0.296396 at y = 2.415714./ phi_m, min: -0.112782 at y = 2.177143
phi_m, max: -0.000000 at y = 2.320000./ phi_m, min: -0.342515 at y = 2.177143
phi_m, max: -0.000000 at y = 2.320000./ phi_m, min: -0.444761 at y = 2.177143
phi_m, max: -0.000000 at y = 2.320000./ phi_m, min: -0.497831 at y = 2.321175
phi_m, max: -0.000000 at y = 2.320000./ phi_m, min: -0.519027 at y = 2.323574


phi_m, max: -0.000000 at y = 2.110000./ phi_m, min: -0.001153 at y = 2.115168
phi_m, max: -0.000000 at y = 2.110000./ phi_m, min: -0.001162 at y = 2.115168
phi_m, max: -0.000000 at y = 2.110000./ phi_m, min: -0.001146 at y = 2.116367
phi_m, max: 0.057853 at y = 1.938571./ phi_m, min: 0.000000 at y = 2.110000
phi_m, max: 49.175436 at y = 1.938571./ phi_m, min: 0.000000 at y = 2.110000
phi_m, max: 115.860600 at y = 2.117458./ phi_m, min: 0.000000 at y = 2.110000
phi_m, max: 106.118442 at y = 2.119413./ phi_m, min: 0.000000 at y = 2.110000
phi_m, max: 88.582685 at y = 2.177143./ phi_m, min: 0.000000 at y = 2.110000
phi_m, max: 68.627146 at y = 2.177143./ phi_m, min: 0.000000 at y = 2.110000
phi_m, max: 49.523746 at y = 2.177143./ phi_m, min: 0.000000 at y = 2.110000
phi_m, max: 32.304950 at y = 2.177143./ phi_m, min: 0.000000 at y = 2.110000
phi_m, max: 10.640397 at y = 2.177143./ phi_m, min: 0.000000 at y = 2.110000
phi_m, max: 1.172477 at y = 2.177143./ phi_m, min: 0.000000 at y = 2.110000
phi_m, max: -0.000000 at y = 2.110000./ phi_m, min: -0.271684 at y = 1.938571
phi_m, max: -0.000000 at y = 2.110000./ phi_m, min: -0.408610 at y = 1.938571
phi_m, max: -0.000000 at y = 2.110000./ phi_m, min: -0.479336 at y = 1.938571
phi_m, max: -0.000000 at y = 2.110000./ phi_m, min: -0.513071 at y = 2.112542
phi_m, max: -0.000000 at y = 2.110000./ phi_m, min: -0.520199 at y = 2.115168


phi_m, max: -0.000000 at y = 6.310000./ phi_m, min: -0.001162 at y = 6.318213
phi_m, max: -0.000000 at y = 6.310000./ phi_m, min: -0.001171 at y = 6.318213
phi_m, max: -0.000000 at y = 6.310000./ phi_m, min: -0.001162 at y = 6.318213
phi_m, max: -0.000000 at y = 6.310000./ phi_m, min: -0.001152 at y = 6.318213
phi_m, max: -0.000000 at y = 6.310000./ phi_m, min: -0.001142 at y = 6.318213
phi_m, max: -0.000000 at y = 6.310000./ phi_m, min: -0.001133 at y = 6.318213
phi_m, max: -0.000000 at y = 6.310000./ phi_m, min: -0.001126 at y = 6.318213
phi_m, max: -0.000000 at y = 6.310000./ phi_m, min: -0.001120 at y = 6.318213
phi_m, max: -0.000000 at y = 6.310000./ phi_m, min: -0.001114 at y = 6.318213
phi_m, max: -0.000000 at y = 6.310000./ phi_m, min: -0.001109 at y = 6.318213
phi_m, max: -0.000000 at y = 6.310000./ phi_m, min: -0.001105 at y = 6.318213
phi_m, max: -0.000000 at y = 6.310000./ phi_m, min: -0.001102 at y = 6.318213
phi_m, max: -0.000000 at y = 6.310000./ phi_m, min: -0.001098 at y = 6.318213
phi_m, max: -0.000000 at y = 6.310000./ phi_m, min: -0.001094 at y = 6.318376
phi_m, max: 0.023149 at y = 6.110000./ phi_m, min: -0.000043 at y = 6.320000
phi_m, max: 17.674677 at y = 6.110000./ phi_m, min: 0.000000 at y = 6.310000
phi_m, max: 115.994553 at y = 6.316367./ phi_m, min: 0.000000 at y = 6.310000
phi_m, max: 107.192373 at y = 6.319413./ phi_m, min: 0.000000 at y = 6.310000


phi_m, max: -0.000000 at y = 5.260000./ phi_m, min: -0.001153 at y = 5.264832
phi_m, max: -0.000000 at y = 5.260000./ phi_m, min: -0.001162 at y = 5.265168
phi_m, max: -0.000000 at y = 5.260000./ phi_m, min: -0.001153 at y = 5.265168
phi_m, max: -0.000000 at y = 5.260000./ phi_m, min: -0.001143 at y = 5.265168
phi_m, max: -0.000000 at y = 5.260000./ phi_m, min: -0.001133 at y = 5.265168
phi_m, max: -0.000000 at y = 5.260000./ phi_m, min: -0.001125 at y = 5.265168
phi_m, max: -0.000000 at y = 5.260000./ phi_m, min: -0.001117 at y = 5.265168
phi_m, max: -0.000000 at y = 5.260000./ phi_m, min: -0.001111 at y = 5.265168
phi_m, max: -0.000000 at y = 5.260000./ phi_m, min: -0.001106 at y = 5.265168
phi_m, max: -0.000000 at y = 5.260000./ phi_m, min: -0.001101 at y = 5.265168
phi_m, max: -0.000000 at y = 5.260000./ phi_m, min: -0.001096 at y = 5.265168
phi_m, max: 0.004417 at y = 5.063356./ phi_m, min: -0.000936 at y = 5.298571
phi_m, max: 4.065308 at y = 5.063356./ phi_m, min: 0.000000 at y = 5.260000
phi_m, max: 115.755553 at y = 5.261787./ phi_m, min: 0.000000 at y = 5.260000
phi_m, max: 111.118466 at y = 5.269413./ phi_m, min: 0.000000 at y = 5.260000
phi_m, max: 95.438719 at y = 5.270000./ phi_m, min: 0.000000 at y = 5.260000
phi_m, max: 75.933398 at y = 5.298571./ phi_m, min: 0.000000 at y = 5.260000
phi_m, max: 56.128937 at y = 5.298571./ phi_m, min: 0.000000 at y = 5.260000


phi_m, max: 27.072587 at y = 0.440000./ phi_m, min: 0.000000 at y = 0.430000
phi_m, max: 115.962318 at y = 0.646426./ phi_m, min: 0.000000 at y = 0.430000
phi_m, max: 107.497158 at y = 0.649413./ phi_m, min: 0.000000 at y = 0.430000
phi_m, max: 90.342674 at y = 0.650000./ phi_m, min: 0.000000 at y = 0.430000
phi_m, max: 70.397993 at y = 0.650000./ phi_m, min: 0.000000 at y = 0.430000
phi_m, max: 51.059040 at y = 0.650000./ phi_m, min: 0.000000 at y = 0.430000
phi_m, max: 33.834448 at y = 0.650000./ phi_m, min: 0.000000 at y = 0.430000
phi_m, max: 12.186847 at y = 0.650000./ phi_m, min: 0.000000 at y = 0.430000
phi_m, max: 1.438481 at y = 0.650000./ phi_m, min: -0.000000 at y = 0.430000
phi_m, max: -0.000000 at y = 0.430000./ phi_m, min: -0.254718 at y = 0.440000
phi_m, max: -0.000000 at y = 0.430000./ phi_m, min: -0.401004 at y = 0.440000
phi_m, max: -0.000000 at y = 0.430000./ phi_m, min: -0.476110 at y = 0.440000
phi_m, max: -0.000000 at y = 0.430000./ phi_m, min: -0.511391 at y = 0.641787
phi_m, max: -0.000000 at y = 0.430000./ phi_m, min: -0.520635 at y = 0.644832
phi_m, max: -0.000000 at y = 0.430000./ phi_m, min: -0.509245 at y = 0.646426
phi_m, max: -0.000000 at y = 0.430000./ phi_m, min: -0.482355 at y = 0.647458
phi_m, max: -0.000000 at y = 0.430000./ phi_m, min: -0.445877 at y = 0.648213
phi_m, max: -0.000000 at y = 0.430000./ phi_m, min: -0.404779 at y = 0.648376


Writing: "Fiber2DEphapticPlaneL6Isolated_18.chk"
 (0.00198166s, XML)
phi_m, max: -0.000000 at y = 5.928571./ phi_m, min: -0.001153 at y = 6.105168
phi_m, max: -0.000000 at y = 5.928571./ phi_m, min: -0.001162 at y = 6.105168
phi_m, max: -0.000000 at y = 5.928571./ phi_m, min: -0.001154 at y = 6.105168
phi_m, max: -0.000000 at y = 5.928571./ phi_m, min: -0.001143 at y = 6.105168
phi_m, max: -0.000000 at y = 5.928571./ phi_m, min: -0.001133 at y = 6.105168
phi_m, max: -0.000000 at y = 5.928571./ phi_m, min: -0.001125 at y = 6.105168
phi_m, max: -0.000000 at y = 5.928571./ phi_m, min: -0.001118 at y = 6.105168
phi_m, max: -0.000000 at y = 5.928571./ phi_m, min: -0.001111 at y = 6.105168
phi_m, max: -0.000000 at y = 5.928571./ phi_m, min: -0.001106 at y = 6.105168
phi_m, max: -0.000000 at y = 5.928571./ phi_m, min: -0.001101 at y = 6.105168
phi_m, max: -0.000000 at y = 5.928571./ phi_m, min: -0.001097 at y = 6.105168
phi_m, max: -0.000000 at y = 5.928571./ phi_m, min: -0.001093 at y = 6.105168
phi_m, max: -0.000000 at y = 5.928571./ phi_m, min: -0.001090 at y = 6.105168
phi_m, max: 0.000143 at y = 5.900000./ phi_m, min: -0.001035 at y = 6.109413
phi_m, max: 0.982104 at y = 5.900000./ phi_m, min: 0.000000 at y = 5.928571
phi_m, max: 113.963774 at y = 5.900000./ phi_m, min: 0.000000 at y = 5.928571
phi_m, max: 113.571066 at y = 6.109413./ phi_m, min: 0.000000 at y = 5.928571
phi_m, max: 99.556357 at y = 6.110000./ phi_m, min: 0.000000 at y = 5.928571
phi_m, max: 80.576412 at y = 6.138571./ phi_m, min: 0.000000 at y = 5.928571


phi_m, max: 27.072587 at y = 0.440000./ phi_m, min: 0.000000 at y = 0.430000
phi_m, max: 115.962318 at y = 0.646426./ phi_m, min: 0.000000 at y = 0.430000
phi_m, max: 107.497158 at y = 0.649413./ phi_m, min: 0.000000 at y = 0.430000
phi_m, max: 90.342674 at y = 0.650000./ phi_m, min: 0.000000 at y = 0.430000
phi_m, max: 70.397993 at y = 0.650000./ phi_m, min: 0.000000 at y = 0.430000
phi_m, max: 51.059040 at y = 0.650000./ phi_m, min: 0.000000 at y = 0.430000
phi_m, max: 33.834448 at y = 0.650000./ phi_m, min: 0.000000 at y = 0.430000
phi_m, max: 12.186847 at y = 0.650000./ phi_m, min: 0.000000 at y = 0.430000
phi_m, max: 1.438481 at y = 0.650000./ phi_m, min: -0.000000 at y = 0.430000
phi_m, max: -0.000000 at y = 0.430000./ phi_m, min: -0.254718 at y = 0.440000
phi_m, max: -0.000000 at y = 0.430000./ phi_m, min: -0.401004 at y = 0.440000
phi_m, max: -0.000000 at y = 0.430000./ phi_m, min: -0.476110 at y = 0.440000
phi_m, max: -0.000000 at y = 0.430000./ phi_m, min: -0.511391 at y = 0.641787
phi_m, max: -0.000000 at y = 0.430000./ phi_m, min: -0.520635 at y = 0.644832
phi_m, max: -0.000000 at y = 0.430000./ phi_m, min: -0.509245 at y = 0.646426
phi_m, max: -0.000000 at y = 0.430000./ phi_m, min: -0.482355 at y = 0.647458
phi_m, max: -0.000000 at y = 0.430000./ phi_m, min: -0.445877 at y = 0.648213
phi_m, max: -0.000000 at y = 0.430000./ phi_m, min: -0.404779 at y = 0.648376
phi_m, max: -0.000000 at y = 0.430000./ phi_m, min: -0.362480 at y = 0.648376


phi_m, max: -0.000000 at y = 5.480000./ phi_m, min: -0.001153 at y = 5.685168
phi_m, max: -0.000000 at y = 5.480000./ phi_m, min: -0.001162 at y = 5.685168
phi_m, max: -0.000000 at y = 5.480000./ phi_m, min: -0.001153 at y = 5.685168
phi_m, max: -0.000000 at y = 5.480000./ phi_m, min: -0.001143 at y = 5.685168
phi_m, max: -0.000000 at y = 5.480000./ phi_m, min: -0.001133 at y = 5.685168
phi_m, max: -0.000000 at y = 5.480000./ phi_m, min: -0.001125 at y = 5.685168
phi_m, max: -0.000000 at y = 5.480000./ phi_m, min: -0.001117 at y = 5.685168
phi_m, max: -0.000000 at y = 5.480000./ phi_m, min: -0.001111 at y = 5.685168
phi_m, max: -0.000000 at y = 5.480000./ phi_m, min: -0.001106 at y = 5.685168
phi_m, max: -0.000000 at y = 5.480000./ phi_m, min: -0.001101 at y = 5.685168
phi_m, max: -0.000000 at y = 5.480000./ phi_m, min: -0.001097 at y = 5.685168
phi_m, max: -0.000000 at y = 5.480000./ phi_m, min: -0.001093 at y = 5.685168
phi_m, max: 0.001413 at y = 5.480000./ phi_m, min: -0.001004 at y = 5.690000
phi_m, max: 1.980539 at y = 5.480000./ phi_m, min: 0.000000 at y = 5.480000
phi_m, max: 115.063924 at y = 5.680587./ phi_m, min: 0.000000 at y = 5.480000
phi_m, max: 112.426423 at y = 5.689413./ phi_m, min: 0.000000 at y = 5.480000
phi_m, max: 97.529011 at y = 5.690000./ phi_m, min: 0.000000 at y = 5.480000
phi_m, max: 78.222728 at y = 5.690000./ phi_m, min: 0.000000 at y = 5.480000
phi_m, max: 58.259563 at y = 5.690000./ phi_m, min: 0.000000 at y = 5.480000


phi_m, max: -0.000000 at y = 3.790000./ phi_m, min: -0.001153 at y = 4.004832
phi_m, max: -0.000000 at y = 3.790000./ phi_m, min: -0.001162 at y = 3.794832
phi_m, max: -0.000000 at y = 3.790000./ phi_m, min: -0.001153 at y = 3.794832
phi_m, max: -0.000000 at y = 3.790000./ phi_m, min: -0.001143 at y = 3.794832
phi_m, max: -0.000000 at y = 3.790000./ phi_m, min: -0.001133 at y = 4.005168
phi_m, max: -0.000000 at y = 3.790000./ phi_m, min: -0.001125 at y = 4.005168
phi_m, max: -0.000000 at y = 3.790000./ phi_m, min: -0.001117 at y = 4.005168
phi_m, max: 0.001019 at y = 3.761429./ phi_m, min: -0.001104 at y = 4.006367
phi_m, max: 1.643203 at y = 3.761429./ phi_m, min: 0.000000 at y = 3.790000
phi_m, max: 115.222757 at y = 3.790587./ phi_m, min: 0.000000 at y = 3.790000
phi_m, max: 115.888275 at y = 4.007458./ phi_m, min: 0.000000 at y = 3.790000
phi_m, max: 106.421434 at y = 4.009413./ phi_m, min: 0.000000 at y = 3.790000
phi_m, max: 88.890741 at y = 4.010000./ phi_m, min: 0.000000 at y = 3.790000
phi_m, max: 68.878995 at y = 4.010000./ phi_m, min: 0.000000 at y = 3.790000
phi_m, max: 49.713469 at y = 4.010000./ phi_m, min: 0.000000 at y = 3.790000
phi_m, max: 32.453839 at y = 4.010000./ phi_m, min: 0.000000 at y = 3.790000
phi_m, max: 10.711920 at y = 4.010000./ phi_m, min: 0.000000 at y = 3.790000
phi_m, max: 1.182603 at y = 4.010000./ phi_m, min: -0.136661 at y = 3.761429
phi_m, max: -0.000000 at y = 3.790000./ phi_m, min: -0.351164 at y = 3.761429


phi_m, max: 115.829979 at y = 0.228213./ phi_m, min: 0.000000 at y = 0.220000
phi_m, max: 105.912401 at y = 0.344286./ phi_m, min: 0.000000 at y = 0.220000
phi_m, max: 88.488870 at y = 0.344286./ phi_m, min: 0.000000 at y = 0.220000
phi_m, max: 68.543274 at y = 0.344286./ phi_m, min: 0.000000 at y = 0.220000
phi_m, max: 49.456652 at y = 0.344286./ phi_m, min: 0.000000 at y = 0.220000
phi_m, max: 32.251607 at y = 0.344286./ phi_m, min: 0.000000 at y = 0.220000
phi_m, max: 10.619790 at y = 0.344286./ phi_m, min: 0.000000 at y = 0.220000
phi_m, max: 1.168794 at y = 0.344286./ phi_m, min: 0.000000 at y = 0.220000
phi_m, max: -0.000000 at y = 0.220000./ phi_m, min: -0.218211 at y = 0.221175
phi_m, max: -0.000000 at y = 0.220000./ phi_m, min: -0.379595 at y = 0.221787
phi_m, max: -0.000000 at y = 0.220000./ phi_m, min: -0.466319 at y = 0.223213
phi_m, max: -0.000000 at y = 0.220000./ phi_m, min: -0.508923 at y = 0.224490
phi_m, max: -0.000000 at y = 0.220000./ phi_m, min: -0.519414 at y = 0.226426
phi_m, max: -0.000000 at y = 0.220000./ phi_m, min: -0.506772 at y = 0.227458
phi_m, max: -0.000000 at y = 0.220000./ phi_m, min: -0.478776 at y = 0.227458
phi_m, max: -0.000000 at y = 0.220000./ phi_m, min: -0.441687 at y = 0.228213
phi_m, max: -0.000000 at y = 0.220000./ phi_m, min: -0.400370 at y = 0.228213
phi_m, max: -0.000000 at y = 0.220000./ phi_m, min: -0.358110 at y = 0.228213
phi_m, max: -0.000000 at y = 0.220000./ phi_m, min: -0.317130 at y = 0.228376


phi_m, max: -0.000000 at y = 2.110000./ phi_m, min: -0.001153 at y = 2.115168
phi_m, max: -0.000000 at y = 2.110000./ phi_m, min: -0.001162 at y = 2.115168
phi_m, max: -0.000000 at y = 2.110000./ phi_m, min: -0.001146 at y = 2.116367
phi_m, max: 0.057853 at y = 1.938571./ phi_m, min: 0.000000 at y = 2.110000
phi_m, max: 49.175436 at y = 1.938571./ phi_m, min: 0.000000 at y = 2.110000
phi_m, max: 115.860600 at y = 2.117458./ phi_m, min: 0.000000 at y = 2.110000
phi_m, max: 106.118442 at y = 2.119413./ phi_m, min: 0.000000 at y = 2.110000
phi_m, max: 88.582685 at y = 2.177143./ phi_m, min: 0.000000 at y = 2.110000
phi_m, max: 68.627146 at y = 2.177143./ phi_m, min: 0.000000 at y = 2.110000
phi_m, max: 49.523746 at y = 2.177143./ phi_m, min: 0.000000 at y = 2.110000
phi_m, max: 32.304950 at y = 2.177143./ phi_m, min: 0.000000 at y = 2.110000
phi_m, max: 10.640397 at y = 2.177143./ phi_m, min: 0.000000 at y = 2.110000
phi_m, max: 1.172477 at y = 2.177143./ phi_m, min: 0.000000 at y = 2.110000
phi_m, max: -0.000000 at y = 2.110000./ phi_m, min: -0.271684 at y = 1.938571
phi_m, max: -0.000000 at y = 2.110000./ phi_m, min: -0.408610 at y = 1.938571
phi_m, max: -0.000000 at y = 2.110000./ phi_m, min: -0.479336 at y = 1.938571
phi_m, max: -0.000000 at y = 2.110000./ phi_m, min: -0.513071 at y = 2.112542
phi_m, max: -0.000000 at y = 2.110000./ phi_m, min: -0.520199 at y = 2.115168
phi_m, max: -0.000000 at y = 2.110000./ phi_m, min: -0.507100 at y = 2.117458


phi_m, max: -0.000000 at y = 6.310000./ phi_m, min: -0.001162 at y = 6.318213
phi_m, max: -0.000000 at y = 6.310000./ phi_m, min: -0.001171 at y = 6.318213
phi_m, max: -0.000000 at y = 6.310000./ phi_m, min: -0.001162 at y = 6.318213
phi_m, max: -0.000000 at y = 6.310000./ phi_m, min: -0.001152 at y = 6.318213
phi_m, max: -0.000000 at y = 6.310000./ phi_m, min: -0.001142 at y = 6.318213
phi_m, max: -0.000000 at y = 6.310000./ phi_m, min: -0.001133 at y = 6.318213
phi_m, max: -0.000000 at y = 6.310000./ phi_m, min: -0.001126 at y = 6.318213
phi_m, max: -0.000000 at y = 6.310000./ phi_m, min: -0.001120 at y = 6.318213
phi_m, max: -0.000000 at y = 6.310000./ phi_m, min: -0.001114 at y = 6.318213
phi_m, max: -0.000000 at y = 6.310000./ phi_m, min: -0.001109 at y = 6.318213
phi_m, max: -0.000000 at y = 6.310000./ phi_m, min: -0.001105 at y = 6.318213
phi_m, max: -0.000000 at y = 6.310000./ phi_m, min: -0.001102 at y = 6.318213
phi_m, max: -0.000000 at y = 6.310000./ phi_m, min: -0.001098 at y = 6.318213
phi_m, max: -0.000000 at y = 6.310000./ phi_m, min: -0.001094 at y = 6.318376
phi_m, max: 0.023149 at y = 6.110000./ phi_m, min: -0.000043 at y = 6.320000
phi_m, max: 17.674677 at y = 6.110000./ phi_m, min: 0.000000 at y = 6.310000
phi_m, max: 115.994553 at y = 6.316367./ phi_m, min: 0.000000 at y = 6.310000
phi_m, max: 107.192373 at y = 6.319413./ phi_m, min: 0.000000 at y = 6.310000
phi_m, max: 89.647244 at y = 6.319413./ phi_m, min: 0.000000 at y = 6.310000


phi_m, max: -0.000000 at y = 5.260000./ phi_m, min: -0.001153 at y = 5.264832
phi_m, max: -0.000000 at y = 5.260000./ phi_m, min: -0.001162 at y = 5.265168
phi_m, max: -0.000000 at y = 5.260000./ phi_m, min: -0.001153 at y = 5.265168
phi_m, max: -0.000000 at y = 5.260000./ phi_m, min: -0.001143 at y = 5.265168
phi_m, max: -0.000000 at y = 5.260000./ phi_m, min: -0.001133 at y = 5.265168
phi_m, max: -0.000000 at y = 5.260000./ phi_m, min: -0.001125 at y = 5.265168
phi_m, max: -0.000000 at y = 5.260000./ phi_m, min: -0.001117 at y = 5.265168
phi_m, max: -0.000000 at y = 5.260000./ phi_m, min: -0.001111 at y = 5.265168
phi_m, max: -0.000000 at y = 5.260000./ phi_m, min: -0.001106 at y = 5.265168
phi_m, max: -0.000000 at y = 5.260000./ phi_m, min: -0.001101 at y = 5.265168
phi_m, max: -0.000000 at y = 5.260000./ phi_m, min: -0.001096 at y = 5.265168
phi_m, max: 0.004417 at y = 5.063356./ phi_m, min: -0.000936 at y = 5.298571
phi_m, max: 4.065308 at y = 5.063356./ phi_m, min: 0.000000 at y = 5.260000
phi_m, max: 115.755553 at y = 5.261787./ phi_m, min: 0.000000 at y = 5.260000
phi_m, max: 111.118466 at y = 5.269413./ phi_m, min: 0.000000 at y = 5.260000
phi_m, max: 95.438719 at y = 5.270000./ phi_m, min: 0.000000 at y = 5.260000
phi_m, max: 75.933398 at y = 5.298571./ phi_m, min: 0.000000 at y = 5.260000
phi_m, max: 56.128937 at y = 5.298571./ phi_m, min: 0.000000 at y = 5.260000
phi_m, max: 38.638796 at y = 5.298571./ phi_m, min: 0.000000 at y = 5.260000


phi_m, max: -0.000000 at y = 5.690000./ phi_m, min: -0.001153 at y = 5.895168
phi_m, max: -0.000000 at y = 5.690000./ phi_m, min: -0.001162 at y = 5.895168
phi_m, max: -0.000000 at y = 5.690000./ phi_m, min: -0.001153 at y = 5.895168
phi_m, max: -0.000000 at y = 5.690000./ phi_m, min: -0.001143 at y = 5.895168
phi_m, max: -0.000000 at y = 5.690000./ phi_m, min: -0.001133 at y = 5.895168
phi_m, max: -0.000000 at y = 5.690000./ phi_m, min: -0.001125 at y = 5.895168
phi_m, max: -0.000000 at y = 5.690000./ phi_m, min: -0.001117 at y = 5.895168
phi_m, max: -0.000000 at y = 5.690000./ phi_m, min: -0.001111 at y = 5.895168
phi_m, max: -0.000000 at y = 5.690000./ phi_m, min: -0.001106 at y = 5.895168
phi_m, max: -0.000000 at y = 5.690000./ phi_m, min: -0.001101 at y = 5.895168
phi_m, max: -0.000000 at y = 5.690000./ phi_m, min: -0.001097 at y = 5.895168
phi_m, max: -0.000000 at y = 5.690000./ phi_m, min: -0.001093 at y = 5.895168
phi_m, max: -0.000000 at y = 5.690000./ phi_m, min: -0.001084 at y = 5.895916
phi_m, max: 0.047804 at y = 5.690000./ phi_m, min: 0.000000 at y = 5.690000
phi_m, max: 39.839520 at y = 5.690000./ phi_m, min: 0.000000 at y = 5.690000
phi_m, max: 115.896417 at y = 5.897458./ phi_m, min: 0.000000 at y = 5.690000
phi_m, max: 106.721642 at y = 5.899413./ phi_m, min: 0.000000 at y = 5.690000
phi_m, max: 89.280646 at y = 5.900000./ phi_m, min: 0.000000 at y = 5.690000
phi_m, max: 69.285129 at y = 5.900000./ phi_m, min: 0.000000 at y = 5.690000


phi_m, max: -0.000000 at y = 1.270000./ phi_m, min: -0.001127 at y = 1.278213
phi_m, max: 0.294549 at y = 1.070000./ phi_m, min: 0.000000 at y = 1.270000
phi_m, max: 104.482222 at y = 1.070000./ phi_m, min: 0.000000 at y = 1.270000
phi_m, max: 114.883380 at y = 1.278376./ phi_m, min: 0.000000 at y = 1.270000
phi_m, max: 102.444573 at y = 1.279413./ phi_m, min: 0.000000 at y = 1.270000
phi_m, max: 83.985286 at y = 1.308571./ phi_m, min: 0.000000 at y = 1.270000
phi_m, max: 63.914494 at y = 1.308571./ phi_m, min: 0.000000 at y = 1.270000
phi_m, max: 45.412957 at y = 1.308571./ phi_m, min: 0.000000 at y = 1.270000
phi_m, max: 27.604317 at y = 1.308571./ phi_m, min: 0.000000 at y = 1.270000
phi_m, max: 6.773419 at y = 1.308571./ phi_m, min: 0.000000 at y = 1.270000
phi_m, max: 0.588895 at y = 1.308571./ phi_m, min: -0.019858 at y = 1.070000
phi_m, max: -0.000000 at y = 1.270000./ phi_m, min: -0.314857 at y = 1.070000
phi_m, max: -0.000000 at y = 1.270000./ phi_m, min: -0.431035 at y = 1.070000
phi_m, max: -0.000000 at y = 1.270000./ phi_m, min: -0.490614 at y = 1.070000
phi_m, max: -0.000000 at y = 1.270000./ phi_m, min: -0.516923 at y = 1.272542
phi_m, max: -0.000000 at y = 1.270000./ phi_m, min: -0.518905 at y = 1.276259
phi_m, max: -0.000000 at y = 1.270000./ phi_m, min: -0.501826 at y = 1.277458
phi_m, max: -0.000000 at y = 1.270000./ phi_m, min: -0.471144 at y = 1.277458
phi_m, max: -0.000000 at y = 1.270000./ phi_m, min: -0.432751 at y = 1.278213


phi_m, max: 112.624926 at y = 0.018213./ phi_m, min: 0.000000 at y = -0.010000
phi_m, max: 97.591567 at y = 0.018213./ phi_m, min: 0.000000 at y = -0.010000
phi_m, max: 78.306002 at y = 0.134286./ phi_m, min: 0.000000 at y = -0.010000
phi_m, max: 58.476535 at y = 0.134286./ phi_m, min: 0.000000 at y = -0.010000
phi_m, max: 40.847335 at y = 0.134286./ phi_m, min: 0.000000 at y = -0.010000
phi_m, max: 22.173906 at y = 0.134286./ phi_m, min: 0.000000 at y = -0.010000
phi_m, max: 4.093920 at y = 0.134286./ phi_m, min: 0.000000 at y = -0.010000
phi_m, max: 0.290113 at y = 0.006787./ phi_m, min: 0.000000 at y = -0.010000
phi_m, max: -0.000000 at y = -0.010000./ phi_m, min: -0.210813 at y = 0.134286
phi_m, max: -0.000000 at y = -0.010000./ phi_m, min: -0.366509 at y = 0.134286
phi_m, max: -0.000000 at y = -0.010000./ phi_m, min: -0.450270 at y = 0.134286
phi_m, max: -0.000000 at y = -0.010000./ phi_m, min: -0.489887 at y = 0.134286
phi_m, max: -0.000000 at y = -0.010000./ phi_m, min: -0.497524 at y = 0.134286
phi_m, max: -0.000000 at y = -0.010000./ phi_m, min: -0.483859 at y = 0.018376
phi_m, max: -0.000000 at y = -0.010000./ phi_m, min: -0.456568 at y = 0.017458
phi_m, max: -0.000000 at y = -0.010000./ phi_m, min: -0.421275 at y = 0.016426
phi_m, max: -0.000000 at y = -0.010000./ phi_m, min: -0.382165 at y = 0.011175
phi_m, max: -0.000000 at y = -0.010000./ phi_m, min: -0.342342 at y = 0.011175
phi_m, max: -0.000000 at y = -0.010000./ phi_m, min: -0.303588 at y = 0.009413


phi_m, max: -0.000000 at y = 2.740000./ phi_m, min: -0.001153 at y = 2.744832
phi_m, max: -0.000000 at y = 2.740000./ phi_m, min: -0.001162 at y = 2.745168
phi_m, max: -0.000000 at y = 2.740000./ phi_m, min: -0.001153 at y = 2.745168
phi_m, max: -0.000000 at y = 2.740000./ phi_m, min: -0.001143 at y = 2.745168
phi_m, max: -0.000000 at y = 2.740000./ phi_m, min: -0.001093 at y = 2.748825
phi_m, max: 0.524967 at y = 2.597143./ phi_m, min: 0.000000 at y = 2.740000
phi_m, max: 110.624607 at y = 2.597143./ phi_m, min: 0.000000 at y = 2.740000
phi_m, max: 114.210398 at y = 2.749413./ phi_m, min: 0.000000 at y = 2.740000
phi_m, max: 100.939700 at y = 2.835714./ phi_m, min: 0.000000 at y = 2.740000
phi_m, max: 82.293646 at y = 2.835714./ phi_m, min: 0.000000 at y = 2.740000
phi_m, max: 62.267718 at y = 2.835714./ phi_m, min: 0.000000 at y = 2.740000
phi_m, max: 44.011144 at y = 2.835714./ phi_m, min: 0.000000 at y = 2.740000
phi_m, max: 25.880762 at y = 2.835714./ phi_m, min: 0.000000 at y = 2.740000
phi_m, max: 5.775561 at y = 2.835714./ phi_m, min: 0.000000 at y = 2.740000
phi_m, max: 0.456113 at y = 2.835714./ phi_m, min: -0.060743 at y = 2.597143
phi_m, max: -0.000000 at y = 2.740000./ phi_m, min: -0.325766 at y = 2.597143
phi_m, max: -0.000000 at y = 2.740000./ phi_m, min: -0.435910 at y = 2.597143
phi_m, max: -0.000000 at y = 2.740000./ phi_m, min: -0.493377 at y = 2.740587
phi_m, max: -0.000000 at y = 2.740000./ phi_m, min: -0.517826 at y = 2.742542


phi_m, max: -0.000000 at y = 5.050000./ phi_m, min: -0.001153 at y = 5.055168
phi_m, max: -0.000000 at y = 5.050000./ phi_m, min: -0.001162 at y = 5.475168
phi_m, max: -0.000000 at y = 5.050000./ phi_m, min: -0.001153 at y = 5.475168
phi_m, max: -0.000000 at y = 5.050000./ phi_m, min: -0.001143 at y = 5.475168
phi_m, max: -0.000000 at y = 5.050000./ phi_m, min: -0.001133 at y = 5.475168
phi_m, max: -0.000000 at y = 5.050000./ phi_m, min: -0.001125 at y = 5.475168
phi_m, max: -0.000000 at y = 5.050000./ phi_m, min: -0.001117 at y = 5.475168
phi_m, max: -0.000000 at y = 5.050000./ phi_m, min: -0.001111 at y = 5.475168
phi_m, max: -0.000000 at y = 5.050000./ phi_m, min: -0.001106 at y = 5.475168
phi_m, max: -0.000000 at y = 5.050000./ phi_m, min: -0.001101 at y = 5.475168
phi_m, max: -0.000000 at y = 5.050000./ phi_m, min: -0.001097 at y = 5.475168
phi_m, max: 0.155257 at y = 5.050000./ phi_m, min: -0.001081 at y = 5.476787
phi_m, max: 85.181852 at y = 5.050000./ phi_m, min: 0.000000 at y = 5.050000
phi_m, max: 115.152388 at y = 5.058376./ phi_m, min: 0.000000 at y = 5.050000
phi_m, max: 115.703960 at y = 5.478213./ phi_m, min: 0.000000 at y = 5.050000
phi_m, max: 104.960248 at y = 5.479413./ phi_m, min: 0.000000 at y = 5.050000
phi_m, max: 87.031941 at y = 5.480000./ phi_m, min: 0.000000 at y = 5.050000
phi_m, max: 66.960859 at y = 5.480000./ phi_m, min: 0.000000 at y = 5.050000
phi_m, max: 48.033262 at y = 5.480000./ phi_m, min: 0.000000 at y = 5.050000


phi_m, max: -0.000000 at y = 4.640000./ phi_m, min: -0.001153 at y = 4.634832
phi_m, max: -0.000000 at y = 4.640000./ phi_m, min: -0.001162 at y = 4.635168
phi_m, max: -0.000000 at y = 4.640000./ phi_m, min: -0.001153 at y = 4.635168
phi_m, max: -0.000000 at y = 4.640000./ phi_m, min: -0.001143 at y = 4.635168
phi_m, max: -0.000000 at y = 4.640000./ phi_m, min: -0.001133 at y = 4.635168
phi_m, max: -0.000000 at y = 4.640000./ phi_m, min: -0.001125 at y = 4.635168
phi_m, max: -0.000000 at y = 4.640000./ phi_m, min: -0.001117 at y = 4.635168
phi_m, max: -0.000000 at y = 4.640000./ phi_m, min: -0.001111 at y = 4.635168
phi_m, max: -0.000000 at y = 4.640000./ phi_m, min: -0.001105 at y = 4.635168
phi_m, max: -0.000000 at y = 4.640000./ phi_m, min: -0.001064 at y = 4.638825
phi_m, max: 0.348577 at y = 4.630000./ phi_m, min: 0.000000 at y = 4.640000
phi_m, max: 106.754372 at y = 4.630000./ phi_m, min: 0.000000 at y = 4.640000
phi_m, max: 114.409539 at y = 4.840000./ phi_m, min: 0.000000 at y = 4.640000
phi_m, max: 102.203202 at y = 4.840000./ phi_m, min: 0.000000 at y = 4.640000
phi_m, max: 83.670203 at y = 4.840000./ phi_m, min: 0.000000 at y = 4.640000
phi_m, max: 63.563926 at y = 4.840000./ phi_m, min: 0.000000 at y = 4.640000
phi_m, max: 45.092578 at y = 4.840000./ phi_m, min: 0.000000 at y = 4.640000
phi_m, max: 27.156022 at y = 4.840000./ phi_m, min: 0.000000 at y = 4.640000
phi_m, max: 6.473152 at y = 4.840000./ phi_m, min: 0.000000 at y = 4.640000


phi_m, max: -0.000000 at y = 1.518571./ phi_m, min: -0.001153 at y = 1.695168
phi_m, max: -0.000000 at y = 1.518571./ phi_m, min: -0.001147 at y = 1.696787
phi_m, max: 0.131643 at y = 1.490000./ phi_m, min: 0.000000 at y = 1.518571
phi_m, max: 83.454072 at y = 1.490000./ phi_m, min: 0.000000 at y = 1.518571
phi_m, max: 115.553562 at y = 1.698376./ phi_m, min: 0.000000 at y = 1.518571
phi_m, max: 104.324704 at y = 1.699413./ phi_m, min: 0.000000 at y = 1.518571
phi_m, max: 86.263429 at y = 1.728571./ phi_m, min: 0.000000 at y = 1.518571
phi_m, max: 66.214197 at y = 1.728571./ phi_m, min: 0.000000 at y = 1.518571
phi_m, max: 47.401587 at y = 1.728571./ phi_m, min: 0.000000 at y = 1.518571
phi_m, max: 29.961206 at y = 1.728571./ phi_m, min: 0.000000 at y = 1.518571
phi_m, max: 8.483434 at y = 1.728571./ phi_m, min: 0.000000 at y = 1.518571
phi_m, max: 0.832583 at y = 1.728571./ phi_m, min: 0.000000 at y = 1.518571
phi_m, max: -0.000000 at y = 1.518571./ phi_m, min: -0.295360 at y = 1.490000
phi_m, max: -0.000000 at y = 1.518571./ phi_m, min: -0.420952 at y = 1.490000
phi_m, max: -0.000000 at y = 1.518571./ phi_m, min: -0.485845 at y = 1.490000
phi_m, max: -0.000000 at y = 1.518571./ phi_m, min: -0.515201 at y = 1.692542
phi_m, max: -0.000000 at y = 1.518571./ phi_m, min: -0.519677 at y = 1.695449
phi_m, max: -0.000000 at y = 1.518571./ phi_m, min: -0.504561 at y = 1.697458
phi_m, max: -0.000000 at y = 1.518571./ phi_m, min: -0.475168 at y = 1.697458


phi_m, max: -0.000000 at y = 3.580000./ phi_m, min: -0.001153 at y = 3.584832
phi_m, max: -0.000000 at y = 3.580000./ phi_m, min: -0.001162 at y = 3.585168
phi_m, max: -0.000000 at y = 3.580000./ phi_m, min: -0.001153 at y = 3.585168
phi_m, max: -0.000000 at y = 3.580000./ phi_m, min: -0.001143 at y = 3.585168
phi_m, max: -0.000000 at y = 3.580000./ phi_m, min: -0.001133 at y = 3.585168
phi_m, max: -0.000000 at y = 3.580000./ phi_m, min: -0.001125 at y = 3.585168
phi_m, max: -0.000000 at y = 3.580000./ phi_m, min: -0.001104 at y = 3.586787
phi_m, max: 0.084311 at y = 3.551429./ phi_m, min: 0.000000 at y = 3.580000
phi_m, max: 61.606778 at y = 3.551429./ phi_m, min: 0.000000 at y = 3.580000
phi_m, max: 115.633616 at y = 3.588376./ phi_m, min: 0.000000 at y = 3.580000
phi_m, max: 105.225071 at y = 3.761429./ phi_m, min: 0.000000 at y = 3.580000
phi_m, max: 87.507542 at y = 3.761429./ phi_m, min: 0.000000 at y = 3.580000
phi_m, max: 67.487283 at y = 3.761429./ phi_m, min: 0.000000 at y = 3.580000
phi_m, max: 48.510098 at y = 3.761429./ phi_m, min: 0.000000 at y = 3.580000
phi_m, max: 31.192398 at y = 3.761429./ phi_m, min: 0.000000 at y = 3.580000
phi_m, max: 9.554428 at y = 3.761429./ phi_m, min: 0.000000 at y = 3.580000
phi_m, max: 0.994572 at y = 3.761429./ phi_m, min: 0.000000 at y = 3.580000
phi_m, max: -0.000000 at y = 3.580000./ phi_m, min: -0.281729 at y = 3.551429
phi_m, max: -0.000000 at y = 3.580000./ phi_m, min: -0.413573 at y = 3.551429


phi_m, max: -0.000000 at y = 4.850000./ phi_m, min: -0.001153 at y = 5.055168
phi_m, max: -0.000000 at y = 4.850000./ phi_m, min: -0.001162 at y = 4.844832
phi_m, max: -0.000000 at y = 4.850000./ phi_m, min: -0.001153 at y = 4.844832
phi_m, max: -0.000000 at y = 4.850000./ phi_m, min: -0.001143 at y = 4.844832
phi_m, max: -0.000000 at y = 4.850000./ phi_m, min: -0.001133 at y = 4.844832
phi_m, max: -0.000000 at y = 4.850000./ phi_m, min: -0.001125 at y = 4.844832
phi_m, max: -0.000000 at y = 4.850000./ phi_m, min: -0.001117 at y = 4.844832
phi_m, max: -0.000000 at y = 4.850000./ phi_m, min: -0.001111 at y = 5.054832
phi_m, max: -0.000000 at y = 4.850000./ phi_m, min: -0.001106 at y = 5.055168
phi_m, max: -0.000000 at y = 4.850000./ phi_m, min: -0.001101 at y = 5.055168
phi_m, max: 0.007533 at y = 4.840000./ phi_m, min: -0.001075 at y = 5.057458
phi_m, max: 6.350398 at y = 4.840000./ phi_m, min: 0.000000 at y = 4.850000
phi_m, max: 115.906805 at y = 4.842542./ phi_m, min: 0.000000 at y = 4.850000
phi_m, max: 115.152388 at y = 5.058376./ phi_m, min: 0.000000 at y = 4.850000
phi_m, max: 103.094506 at y = 5.060000./ phi_m, min: 0.000000 at y = 4.850000
phi_m, max: 84.756195 at y = 5.060000./ phi_m, min: 0.000000 at y = 4.850000
phi_m, max: 64.651855 at y = 5.060000./ phi_m, min: 0.000000 at y = 4.850000
phi_m, max: 46.032186 at y = 5.060000./ phi_m, min: 0.000000 at y = 4.850000
phi_m, max: 28.315867 at y = 5.060000./ phi_m, min: 0.000000 at y = 4.850000


phi_m, max: -0.000000 at y = 1.900000./ phi_m, min: -0.001153 at y = 1.905168
phi_m, max: -0.000000 at y = 1.900000./ phi_m, min: -0.001162 at y = 1.905168
phi_m, max: 0.001996 at y = 1.728571./ phi_m, min: -0.001050 at y = 1.963787
phi_m, max: 2.391697 at y = 1.728571./ phi_m, min: 0.000000 at y = 1.900000
phi_m, max: 115.332297 at y = 1.900587./ phi_m, min: 0.000000 at y = 1.900000
phi_m, max: 111.987642 at y = 1.909413./ phi_m, min: 0.000000 at y = 1.900000
phi_m, max: 96.831898 at y = 1.963787./ phi_m, min: 0.000000 at y = 1.900000
phi_m, max: 77.525785 at y = 1.963787./ phi_m, min: 0.000000 at y = 1.900000
phi_m, max: 57.643122 at y = 1.963787./ phi_m, min: 0.000000 at y = 1.900000
phi_m, max: 39.994060 at y = 1.963787./ phi_m, min: 0.000000 at y = 1.900000
phi_m, max: 20.373222 at y = 1.963787./ phi_m, min: 0.000000 at y = 1.900000
phi_m, max: 3.434113 at y = 1.963787./ phi_m, min: 0.000000 at y = 1.900000
phi_m, max: 0.162576 at y = 1.963787./ phi_m, min: -0.158968 at y = 1.728571
phi_m, max: -0.000000 at y = 1.900000./ phi_m, min: -0.359476 at y = 1.728571
phi_m, max: -0.000000 at y = 1.900000./ phi_m, min: -0.454039 at y = 1.728571
phi_m, max: -0.000000 at y = 1.900000./ phi_m, min: -0.501925 at y = 1.901624
phi_m, max: -0.000000 at y = 1.900000./ phi_m, min: -0.519858 at y = 1.903574
phi_m, max: -0.000000 at y = 1.900000./ phi_m, min: -0.515196 at y = 1.906426
phi_m, max: -0.000000 at y = 1.900000./ phi_m, min: -0.492972 at y = 1.907458


phi_m, max: -0.000000 at y = 4.420000./ phi_m, min: -0.001153 at y = 4.424832
phi_m, max: -0.000000 at y = 4.420000./ phi_m, min: -0.001162 at y = 4.425168
phi_m, max: -0.000000 at y = 4.420000./ phi_m, min: -0.001153 at y = 4.425168
phi_m, max: -0.000000 at y = 4.420000./ phi_m, min: -0.001143 at y = 4.425168
phi_m, max: -0.000000 at y = 4.420000./ phi_m, min: -0.001133 at y = 4.425168
phi_m, max: -0.000000 at y = 4.420000./ phi_m, min: -0.001125 at y = 4.425168
phi_m, max: -0.000000 at y = 4.420000./ phi_m, min: -0.001117 at y = 4.425168
phi_m, max: -0.000000 at y = 4.420000./ phi_m, min: -0.001111 at y = 4.425168
phi_m, max: -0.000000 at y = 4.420000./ phi_m, min: -0.001102 at y = 4.425587
phi_m, max: 0.019432 at y = 4.391429./ phi_m, min: -0.000599 at y = 4.630000
phi_m, max: 15.051283 at y = 4.391429./ phi_m, min: 0.000000 at y = 4.420000
phi_m, max: 115.933807 at y = 4.426426./ phi_m, min: 0.000000 at y = 4.420000
phi_m, max: 108.825327 at y = 4.630000./ phi_m, min: 0.000000 at y = 4.420000
phi_m, max: 92.268689 at y = 4.630000./ phi_m, min: 0.000000 at y = 4.420000
phi_m, max: 72.440935 at y = 4.630000./ phi_m, min: 0.000000 at y = 4.420000
phi_m, max: 52.893055 at y = 4.630000./ phi_m, min: 0.000000 at y = 4.420000
phi_m, max: 35.624148 at y = 4.630000./ phi_m, min: 0.000000 at y = 4.420000
phi_m, max: 14.345179 at y = 4.630000./ phi_m, min: 0.000000 at y = 4.420000
phi_m, max: 1.854301 at y = 4.630000./ phi_m, min: 0.000000 at y = 4.420000


phi_m, max: -0.000000 at y = 3.971429./ phi_m, min: -0.001126 at y = 4.000000
phi_m, max: -0.000000 at y = 3.971429./ phi_m, min: -0.001135 at y = 4.210000
phi_m, max: -0.000000 at y = 3.971429./ phi_m, min: -0.001127 at y = 4.210000
phi_m, max: -0.000000 at y = 3.971429./ phi_m, min: -0.001116 at y = 4.210000
phi_m, max: -0.000000 at y = 3.971429./ phi_m, min: -0.001107 at y = 4.210000
phi_m, max: -0.000000 at y = 3.971429./ phi_m, min: -0.001099 at y = 4.210000
phi_m, max: -0.000000 at y = 3.971429./ phi_m, min: -0.001091 at y = 4.210000
phi_m, max: -0.000000 at y = 3.971429./ phi_m, min: -0.001084 at y = 4.210000
phi_m, max: 0.046448 at y = 3.885714./ phi_m, min: -0.000136 at y = 4.210000
phi_m, max: 39.483976 at y = 3.885714./ phi_m, min: 0.000000 at y = 3.971429
phi_m, max: 114.258289 at y = 4.010000./ phi_m, min: 0.000000 at y = 3.971429
phi_m, max: 107.235335 at y = 4.210000./ phi_m, min: 0.000000 at y = 3.971429
phi_m, max: 90.065210 at y = 4.210000./ phi_m, min: 0.000000 at y = 3.971429
phi_m, max: 70.104670 at y = 4.210000./ phi_m, min: 0.000000 at y = 3.971429
phi_m, max: 50.797397 at y = 4.210000./ phi_m, min: 0.000000 at y = 3.971429
phi_m, max: 33.563787 at y = 4.210000./ phi_m, min: 0.000000 at y = 3.971429
phi_m, max: 11.904297 at y = 4.210000./ phi_m, min: 0.000000 at y = 3.971429
phi_m, max: 1.385121 at y = 4.210000./ phi_m, min: 0.000000 at y = 3.971429
phi_m, max: -0.000000 at y = 3.971429./ phi_m, min: -0.263476 at y = 3.885714


phi_m, max: -0.000000 at y = 2.358571./ phi_m, min: -0.001153 at y = 2.535168
phi_m, max: -0.000000 at y = 2.358571./ phi_m, min: -0.001162 at y = 2.535168
phi_m, max: -0.000000 at y = 2.358571./ phi_m, min: -0.001153 at y = 2.535168
phi_m, max: -0.000000 at y = 2.358571./ phi_m, min: -0.001139 at y = 2.535587
phi_m, max: 0.027657 at y = 2.387143./ phi_m, min: -0.000395 at y = 2.597143
phi_m, max: 21.375315 at y = 2.387143./ phi_m, min: 0.000000 at y = 2.358571
phi_m, max: 115.959152 at y = 2.536426./ phi_m, min: 0.000000 at y = 2.358571
phi_m, max: 107.815821 at y = 2.539413./ phi_m, min: 0.000000 at y = 2.358571
phi_m, max: 90.799157 at y = 2.597143./ phi_m, min: 0.000000 at y = 2.358571
phi_m, max: 70.952776 at y = 2.597143./ phi_m, min: 0.000000 at y = 2.358571
phi_m, max: 51.589745 at y = 2.597143./ phi_m, min: 0.000000 at y = 2.358571
phi_m, max: 34.406092 at y = 2.597143./ phi_m, min: 0.000000 at y = 2.358571
phi_m, max: 12.937600 at y = 2.597143./ phi_m, min: 0.000000 at y = 2.358571
phi_m, max: 1.581991 at y = 2.597143./ phi_m, min: 0.000000 at y = 2.358571
phi_m, max: -0.000000 at y = 2.358571./ phi_m, min: -0.245301 at y = 2.387143
phi_m, max: -0.000000 at y = 2.358571./ phi_m, min: -0.395630 at y = 2.387143
phi_m, max: -0.000000 at y = 2.358571./ phi_m, min: -0.472500 at y = 2.387143
phi_m, max: -0.000000 at y = 2.358571./ phi_m, min: -0.510683 at y = 2.531624
phi_m, max: -0.000000 at y = 2.358571./ phi_m, min: -0.520444 at y = 2.534832


phi_m, max: 0.015271 at y = 0.860000./ phi_m, min: -0.000723 at y = 1.070000
phi_m, max: 12.013272 at y = 0.860000./ phi_m, min: 0.000000 at y = 0.888571
phi_m, max: 115.904112 at y = 1.063633./ phi_m, min: 0.000000 at y = 0.888571
phi_m, max: 109.137075 at y = 1.069413./ phi_m, min: 0.000000 at y = 0.888571
phi_m, max: 92.540970 at y = 1.070000./ phi_m, min: 0.000000 at y = 0.888571
phi_m, max: 72.734563 at y = 1.070000./ phi_m, min: 0.000000 at y = 0.888571
phi_m, max: 53.159701 at y = 1.070000./ phi_m, min: 0.000000 at y = 0.888571
phi_m, max: 35.884004 at y = 1.070000./ phi_m, min: 0.000000 at y = 0.888571
phi_m, max: 14.654216 at y = 1.070000./ phi_m, min: 0.000000 at y = 0.888571
phi_m, max: 1.922336 at y = 1.070000./ phi_m, min: 0.000000 at y = 0.888571
phi_m, max: -0.000000 at y = 0.888571./ phi_m, min: -0.228129 at y = 0.860000
phi_m, max: -0.000000 at y = 0.888571./ phi_m, min: -0.388670 at y = 0.860000
phi_m, max: -0.000000 at y = 0.888571./ phi_m, min: -0.469793 at y = 0.860000
phi_m, max: -0.000000 at y = 0.888571./ phi_m, min: -0.508687 at y = 1.061624
phi_m, max: -0.000000 at y = 0.888571./ phi_m, min: -0.520634 at y = 1.064490
phi_m, max: -0.000000 at y = 0.888571./ phi_m, min: -0.511457 at y = 1.066426
phi_m, max: -0.000000 at y = 0.888571./ phi_m, min: -0.486031 at y = 1.067458
phi_m, max: -0.000000 at y = 0.888571./ phi_m, min: -0.450386 at y = 1.068213
phi_m, max: -0.000000 at y = 0.888571./ phi_m, min: -0.409633 at y = 1.068213


phi_m, max: -0.000000 at y = 1.480000./ phi_m, min: -0.001152 at y = 1.485168
phi_m, max: 0.005816 at y = 1.308571./ phi_m, min: -0.000962 at y = 1.518571
phi_m, max: 5.150036 at y = 1.308571./ phi_m, min: 0.000000 at y = 1.480000
phi_m, max: 115.881761 at y = 1.481624./ phi_m, min: 0.000000 at y = 1.480000
phi_m, max: 110.628864 at y = 1.489413./ phi_m, min: 0.000000 at y = 1.480000
phi_m, max: 94.697881 at y = 1.490000./ phi_m, min: 0.000000 at y = 1.480000
phi_m, max: 75.119998 at y = 1.518571./ phi_m, min: 0.000000 at y = 1.480000
phi_m, max: 55.371945 at y = 1.518571./ phi_m, min: 0.000000 at y = 1.480000
phi_m, max: 37.955804 at y = 1.518571./ phi_m, min: 0.000000 at y = 1.480000
phi_m, max: 17.479702 at y = 1.518571./ phi_m, min: 0.000000 at y = 1.480000
phi_m, max: 2.588111 at y = 1.518571./ phi_m, min: 0.000000 at y = 1.480000
phi_m, max: 0.060715 at y = 1.518571./ phi_m, min: -0.194830 at y = 1.308571
phi_m, max: -0.000000 at y = 1.480000./ phi_m, min: -0.373771 at y = 1.308571
phi_m, max: -0.000000 at y = 1.480000./ phi_m, min: -0.461577 at y = 1.308571
phi_m, max: -0.000000 at y = 1.480000./ phi_m, min: -0.505537 at y = 1.481624
phi_m, max: -0.000000 at y = 1.480000./ phi_m, min: -0.520344 at y = 1.484490
phi_m, max: -0.000000 at y = 1.480000./ phi_m, min: -0.513445 at y = 1.486426
phi_m, max: -0.000000 at y = 1.480000./ phi_m, min: -0.489573 at y = 1.487458
phi_m, max: -0.000000 at y = 1.480000./ phi_m, min: -0.454816 at y = 1.488213


phi_m, max: -0.000000 at y = 3.370000./ phi_m, min: -0.001153 at y = 3.375168
phi_m, max: -0.000000 at y = 3.370000./ phi_m, min: -0.001162 at y = 3.374832
phi_m, max: -0.000000 at y = 3.370000./ phi_m, min: -0.001153 at y = 3.374832
phi_m, max: -0.000000 at y = 3.370000./ phi_m, min: -0.001143 at y = 3.375168
phi_m, max: -0.000000 at y = 3.370000./ phi_m, min: -0.001133 at y = 3.375168
phi_m, max: -0.000000 at y = 3.370000./ phi_m, min: -0.001124 at y = 3.375168
phi_m, max: 0.003593 at y = 3.341429./ phi_m, min: -0.000974 at y = 3.551429
phi_m, max: 3.468323 at y = 3.341429./ phi_m, min: 0.000000 at y = 3.370000
phi_m, max: 115.812488 at y = 3.371624./ phi_m, min: 0.000000 at y = 3.370000
phi_m, max: 111.118954 at y = 3.551429./ phi_m, min: 0.000000 at y = 3.370000
phi_m, max: 95.858603 at y = 3.551429./ phi_m, min: 0.000000 at y = 3.370000
phi_m, max: 76.404143 at y = 3.551429./ phi_m, min: 0.000000 at y = 3.370000
phi_m, max: 56.568970 at y = 3.551429./ phi_m, min: 0.000000 at y = 3.370000
phi_m, max: 39.029027 at y = 3.551429./ phi_m, min: 0.000000 at y = 3.370000
phi_m, max: 18.986181 at y = 3.551429./ phi_m, min: 0.000000 at y = 3.370000
phi_m, max: 2.999264 at y = 3.551429./ phi_m, min: 0.000000 at y = 3.370000
phi_m, max: 0.109784 at y = 3.551429./ phi_m, min: -0.175879 at y = 3.341429
phi_m, max: -0.000000 at y = 3.370000./ phi_m, min: -0.366004 at y = 3.341429
phi_m, max: -0.000000 at y = 3.370000./ phi_m, min: -0.458011 at y = 3.370587


phi_m, max: 114.270515 at y = 0.430587./ phi_m, min: -0.001124 at y = 3.198571
phi_m, max: 112.995228 at y = 0.439413./ phi_m, min: -0.001133 at y = 3.341429
phi_m, max: 98.507055 at y = 0.440000./ phi_m, min: -0.001125 at y = 3.341429
phi_m, max: 79.334432 at y = 0.440000./ phi_m, min: -0.001114 at y = 3.341429
phi_m, max: 59.322314 at y = 0.440000./ phi_m, min: -0.001105 at y = 3.341429
phi_m, max: 41.434949 at y = 0.440000./ phi_m, min: -0.001090 at y = 3.341429
phi_m, max: 22.296643 at y = 0.440000./ phi_m, min: 0.000000 at y = 0.430000
phi_m, max: 4.480422 at y = 3.198571./ phi_m, min: 0.000000 at y = 0.430000
phi_m, max: 114.584028 at y = 3.341429./ phi_m, min: -0.112950 at y = 0.344286
phi_m, max: 103.430016 at y = 3.341429./ phi_m, min: -0.342296 at y = 0.344286
phi_m, max: 85.242653 at y = 3.341429./ phi_m, min: -0.444503 at y = 0.344286
phi_m, max: 65.177600 at y = 3.341429./ phi_m, min: -0.498707 at y = 0.431624
phi_m, max: 46.502200 at y = 3.341429./ phi_m, min: -0.519414 at y = 0.433574
phi_m, max: 28.913298 at y = 3.341429./ phi_m, min: -0.516659 at y = 0.436426
phi_m, max: 7.681535 at y = 3.341429./ phi_m, min: -0.495828 at y = 0.437458
phi_m, max: 0.714760 at y = 3.341429./ phi_m, min: -0.462841 at y = 0.438213
phi_m, max: -0.000000 at y = 0.430000./ phi_m, min: -0.423322 at y = 0.438213
phi_m, max: -0.000000 at y = 0.430000./ phi_m, min: -0.381190 at y = 0.438376
phi_m, max: -0.000000 at y = 0.430000./ phi_m, min: -0.460050 at y = 3.198571


phi_m, max: -0.000000 at y = 4.210000./ phi_m, min: -0.001153 at y = 4.215168
phi_m, max: -0.000000 at y = 4.210000./ phi_m, min: -0.001162 at y = 4.214832
phi_m, max: -0.000000 at y = 4.210000./ phi_m, min: -0.001153 at y = 4.214832
phi_m, max: -0.000000 at y = 4.210000./ phi_m, min: -0.001143 at y = 4.214832
phi_m, max: -0.000000 at y = 4.210000./ phi_m, min: -0.001133 at y = 4.214832
phi_m, max: -0.000000 at y = 4.210000./ phi_m, min: -0.001125 at y = 4.215168
phi_m, max: -0.000000 at y = 4.210000./ phi_m, min: -0.001117 at y = 4.215168
phi_m, max: -0.000000 at y = 4.210000./ phi_m, min: -0.001111 at y = 4.215168
phi_m, max: -0.000000 at y = 4.210000./ phi_m, min: -0.001057 at y = 4.420000
phi_m, max: 0.785040 at y = 4.210000./ phi_m, min: 0.000000 at y = 4.210000
phi_m, max: 113.282362 at y = 4.210000./ phi_m, min: 0.000000 at y = 4.210000
phi_m, max: 113.637488 at y = 4.420000./ phi_m, min: 0.000000 at y = 4.210000
phi_m, max: 100.262397 at y = 4.420000./ phi_m, min: 0.000000 at y = 4.210000
phi_m, max: 81.363524 at y = 4.420000./ phi_m, min: 0.000000 at y = 4.210000
phi_m, max: 61.287792 at y = 4.420000./ phi_m, min: 0.000000 at y = 4.210000
phi_m, max: 43.132551 at y = 4.420000./ phi_m, min: 0.000000 at y = 4.210000
phi_m, max: 24.619739 at y = 4.420000./ phi_m, min: 0.000000 at y = 4.210000
phi_m, max: 5.095524 at y = 4.420000./ phi_m, min: 0.000000 at y = 4.210000
phi_m, max: 0.366673 at y = 4.420000./ phi_m, min: -0.086247 at y = 4.210000


phi_m, max: -0.000000 at y = 2.950000./ phi_m, min: -0.001153 at y = 2.954832
phi_m, max: -0.000000 at y = 2.950000./ phi_m, min: -0.001162 at y = 2.955168
phi_m, max: -0.000000 at y = 2.950000./ phi_m, min: -0.001153 at y = 2.955168
phi_m, max: -0.000000 at y = 2.950000./ phi_m, min: -0.001143 at y = 2.955168
phi_m, max: -0.000000 at y = 2.950000./ phi_m, min: -0.001131 at y = 2.955449
phi_m, max: 0.011849 at y = 2.807143./ phi_m, min: -0.000792 at y = 3.045714
phi_m, max: 9.518874 at y = 2.807143./ phi_m, min: 0.000000 at y = 2.950000
phi_m, max: 115.909075 at y = 2.953633./ phi_m, min: 0.000000 at y = 2.950000
phi_m, max: 109.405803 at y = 2.959413./ phi_m, min: 0.000000 at y = 2.950000
phi_m, max: 93.087542 at y = 3.045714./ phi_m, min: 0.000000 at y = 2.950000
phi_m, max: 73.417630 at y = 3.045714./ phi_m, min: 0.000000 at y = 2.950000
phi_m, max: 53.828578 at y = 3.045714./ phi_m, min: 0.000000 at y = 2.950000
phi_m, max: 36.556644 at y = 3.045714./ phi_m, min: 0.000000 at y = 2.950000
phi_m, max: 15.654508 at y = 3.045714./ phi_m, min: 0.000000 at y = 2.950000
phi_m, max: 2.148791 at y = 3.045714./ phi_m, min: 0.000000 at y = 2.950000
phi_m, max: 0.008514 at y = 3.045714./ phi_m, min: -0.217653 at y = 2.807143
phi_m, max: -0.000000 at y = 2.950000./ phi_m, min: -0.383076 at y = 2.807143
phi_m, max: -0.000000 at y = 2.950000./ phi_m, min: -0.466043 at y = 2.807143
phi_m, max: -0.000000 at y = 2.950000./ phi_m, min: -0.507935 at y = 2.951624


Steps: 19000000 Time: 1.9         

Time: 0.100000
CPU Time: 75.967054 min.
phi_m, max: -0.000000 at y = 3.131429./ phi_m, min: -0.001161 at y = 6.320000

Time: 0.200000
CPU Time: 76.078753 min.
phi_m, max: -0.000000 at y = 3.131429./ phi_m, min: -0.001170 at y = 6.320000

Time: 0.300000
CPU Time: 76.078915 min.
phi_m, max: -0.000000 at y = 3.131429./ phi_m, min: -0.001161 at y = 6.320000

Time: 0.400000
CPU Time: 75.006097 min.
phi_m, max: -0.000000 at y = 3.131429./ phi_m, min: -0.001150 at y = 6.320000

Time: 0.500000
CPU Time: 74.527973 min.
phi_m, max: -0.000000 at y = 3.131429./ phi_m, min: -0.001141 at y = 6.320000

Time: 0.600000
CPU Time: 74.751958 min.
phi_m, max: -0.000000 at y = 3.131429./ phi_m, min: -0.001132 at y = 6.320000

Time: 0.700000
CPU Time: 74.543354 min.
phi_m, max: 0.221976 at y = 3.045714./ phi_m, min: -0.001125 at y = 6.320000

Time: 0.800000
CPU Time: 74.910916 min.
phi_m, max: 96.525729 at y = 3.045714./ phi_m, min: -0.001118 at y = 6.320000

Time: 0.900000
CPU Time: 74.334826 min.
phi_m, max: 115.022059 at y = 3.168376./ phi_m, min: -0.001113 at y = 6.320000

Time: 1.000000
CPU Time: 74.162983 min.
phi_m, max: 102.777951 at y = 3.169413./ phi_m, min: -0.001108 at y = 6.320000

Time: 1.100000
CPU Time: 74.031634 min.
phi_m, max: 84.458962 at y = 3.227143./ phi_m, min: -0.001104 at y = 6.320000

Time: 1.200000
CPU Time: 74.065036 min.
phi_m, max: 64.413000 at y = 3.227143./ phi_m, min: -0.001100 at y = 6.320000

Time: 1.300000
CPU Time: 73.920307 min.
phi_m, max: 45.854036 at y = 3.227143./ phi_m, min: -0.001097 at y = 6.320000

Time: 1.400000
CPU Time: 74.164243 min.
phi_m, max: 28.171697 at y = 3.227143./ phi_m, min: -0.001093 at y = 6.320000

Time: 1.500000
CPU Time: 74.089062 min.
phi_m, max: 7.169562 at y = 3.227143./ phi_m, min: -0.000043 at y = 6.320000

Time: 1.600000
CPU Time: 74.021554 min.
phi_m, max: 0.765241 at y = 6.320000./ phi_m, min: 0.000000 at y = 3.131429

Time: 1.700000
CPU Time: 74.153442 min.
phi_m, max: 115.772268 at y = 6.320000./ phi_m, min: -0.305965 at y = 3.045714

Time: 1.800000
CPU Time: 74.028452 min.
phi_m, max: 107.165657 at y = 6.320000./ phi_m, min: -0.425425 at y = 3.045714

Time: 1.900000
CPU Time: 74.382348 min.
phi_m, max: 89.632998 at y = 6.320000./ phi_m, min: -0.488616 at y = 3.160587


phi_m, max: 18.893457 at y = 0.640000./ phi_m, min: 0.000000 at y = 0.650000
phi_m, max: 115.962318 at y = 0.646426./ phi_m, min: 0.000000 at y = 0.650000
phi_m, max: 114.048495 at y = 0.859413./ phi_m, min: 0.000000 at y = 0.650000
phi_m, max: 100.508078 at y = 0.860000./ phi_m, min: 0.000000 at y = 0.650000
phi_m, max: 81.653519 at y = 0.860000./ phi_m, min: 0.000000 at y = 0.650000
phi_m, max: 61.572365 at y = 0.860000./ phi_m, min: 0.000000 at y = 0.650000
phi_m, max: 43.380144 at y = 0.860000./ phi_m, min: 0.000000 at y = 0.650000
phi_m, max: 24.950151 at y = 0.860000./ phi_m, min: 0.000000 at y = 0.650000
phi_m, max: 5.252657 at y = 0.860000./ phi_m, min: 0.000000 at y = 0.650000
phi_m, max: 0.387205 at y = 0.860000./ phi_m, min: -0.241736 at y = 0.640000
phi_m, max: -0.000000 at y = 0.650000./ phi_m, min: -0.395019 at y = 0.640000
phi_m, max: -0.000000 at y = 0.650000./ phi_m, min: -0.473778 at y = 0.640587
phi_m, max: -0.000000 at y = 0.650000./ phi_m, min: -0.511388 at y = 0.641624
phi_m, max: -0.000000 at y = 0.650000./ phi_m, min: -0.520635 at y = 0.644832
phi_m, max: -0.000000 at y = 0.650000./ phi_m, min: -0.517918 at y = 0.856426
phi_m, max: -0.000000 at y = 0.650000./ phi_m, min: -0.498908 at y = 0.857458
phi_m, max: -0.000000 at y = 0.650000./ phi_m, min: -0.467019 at y = 0.857458
phi_m, max: -0.000000 at y = 0.650000./ phi_m, min: -0.428046 at y = 0.858213
phi_m, max: -0.000000 at y = 0.650000./ phi_m, min: -0.386053 at y = 0.858376


phi_m, max: -0.000000 at y = 2.320000./ phi_m, min: -0.001153 at y = 2.324832
phi_m, max: -0.000000 at y = 2.320000./ phi_m, min: -0.001162 at y = 2.325168
phi_m, max: -0.000000 at y = 2.320000./ phi_m, min: -0.001153 at y = 2.325168
phi_m, max: 0.000273 at y = 2.177143./ phi_m, min: -0.001080 at y = 2.415714
phi_m, max: 1.166355 at y = 2.177143./ phi_m, min: 0.000000 at y = 2.320000
phi_m, max: 113.944591 at y = 2.177143./ phi_m, min: 0.000000 at y = 2.320000
phi_m, max: 113.192391 at y = 2.329413./ phi_m, min: 0.000000 at y = 2.320000
phi_m, max: 98.972318 at y = 2.415714./ phi_m, min: 0.000000 at y = 2.320000
phi_m, max: 79.987674 at y = 2.415714./ phi_m, min: 0.000000 at y = 2.320000
phi_m, max: 60.012911 at y = 2.415714./ phi_m, min: 0.000000 at y = 2.320000
phi_m, max: 42.066435 at y = 2.415714./ phi_m, min: 0.000000 at y = 2.320000
phi_m, max: 23.287092 at y = 2.415714./ phi_m, min: 0.000000 at y = 2.320000
phi_m, max: 4.524890 at y = 2.415714./ phi_m, min: 0.000000 at y = 2.320000
phi_m, max: 0.296396 at y = 2.415714./ phi_m, min: -0.112782 at y = 2.177143
phi_m, max: -0.000000 at y = 2.320000./ phi_m, min: -0.342515 at y = 2.177143
phi_m, max: -0.000000 at y = 2.320000./ phi_m, min: -0.444761 at y = 2.177143
phi_m, max: -0.000000 at y = 2.320000./ phi_m, min: -0.497831 at y = 2.321175
phi_m, max: -0.000000 at y = 2.320000./ phi_m, min: -0.519027 at y = 2.323574
phi_m, max: -0.000000 at y = 2.320000./ phi_m, min: -0.516697 at y = 2.326426


Writing: "Fiber2DEphapticPlaneL6Isolated_19.chk"
 (0.0018649s, XML)
phi_m, max: -0.000000 at y = 1.518571./ phi_m, min: -0.001153 at y = 1.695168
phi_m, max: -0.000000 at y = 1.518571./ phi_m, min: -0.001147 at y = 1.696787
phi_m, max: 0.131643 at y = 1.490000./ phi_m, min: 0.000000 at y = 1.518571
phi_m, max: 83.454072 at y = 1.490000./ phi_m, min: 0.000000 at y = 1.518571
phi_m, max: 115.553562 at y = 1.698376./ phi_m, min: 0.000000 at y = 1.518571
phi_m, max: 104.324704 at y = 1.699413./ phi_m, min: 0.000000 at y = 1.518571
phi_m, max: 86.263429 at y = 1.728571./ phi_m, min: 0.000000 at y = 1.518571
phi_m, max: 66.214197 at y = 1.728571./ phi_m, min: 0.000000 at y = 1.518571
phi_m, max: 47.401587 at y = 1.728571./ phi_m, min: 0.000000 at y = 1.518571
phi_m, max: 29.961206 at y = 1.728571./ phi_m, min: 0.000000 at y = 1.518571
phi_m, max: 8.483434 at y = 1.728571./ phi_m, min: 0.000000 at y = 1.518571
phi_m, max: 0.832583 at y = 1.728571./ phi_m, min: 0.000000 at y = 1.518571
phi_m, max: -0.000000 at y = 1.518571./ phi_m, min: -0.295360 at y = 1.490000
phi_m, max: -0.000000 at y = 1.518571./ phi_m, min: -0.420952 at y = 1.490000
phi_m, max: -0.000000 at y = 1.518571./ phi_m, min: -0.485845 at y = 1.490000
phi_m, max: -0.000000 at y = 1.518571./ phi_m, min: -0.515201 at y = 1.692542
phi_m, max: -0.000000 at y = 1.518571./ phi_m, min: -0.519677 at y = 1.695449
phi_m, max: -0.000000 at y = 1.518571./ phi_m, min: -0.504561 at y = 1.697458
phi_m, max: -0.000000 at y = 1.518571./ phi_m, min: -0.475168 at y = 1.697458
phi_m, max: -0.000000 at y = 1.518571./ phi_m, min: -0.437413 at y = 1.698213


phi_m, max: -0.000000 at y = 2.950000./ phi_m, min: -0.001153 at y = 2.954832
phi_m, max: -0.000000 at y = 2.950000./ phi_m, min: -0.001162 at y = 2.955168
phi_m, max: -0.000000 at y = 2.950000./ phi_m, min: -0.001153 at y = 2.955168
phi_m, max: -0.000000 at y = 2.950000./ phi_m, min: -0.001143 at y = 2.955168
phi_m, max: -0.000000 at y = 2.950000./ phi_m, min: -0.001131 at y = 2.955449
phi_m, max: 0.011849 at y = 2.807143./ phi_m, min: -0.000792 at y = 3.045714
phi_m, max: 9.518874 at y = 2.807143./ phi_m, min: 0.000000 at y = 2.950000
phi_m, max: 115.909075 at y = 2.953633./ phi_m, min: 0.000000 at y = 2.950000
phi_m, max: 109.405803 at y = 2.959413./ phi_m, min: 0.000000 at y = 2.950000
phi_m, max: 93.087542 at y = 3.045714./ phi_m, min: 0.000000 at y = 2.950000
phi_m, max: 73.417630 at y = 3.045714./ phi_m, min: 0.000000 at y = 2.950000
phi_m, max: 53.828578 at y = 3.045714./ phi_m, min: 0.000000 at y = 2.950000
phi_m, max: 36.556644 at y = 3.045714./ phi_m, min: 0.000000 at y = 2.950000
phi_m, max: 15.654508 at y = 3.045714./ phi_m, min: 0.000000 at y = 2.950000
phi_m, max: 2.148791 at y = 3.045714./ phi_m, min: 0.000000 at y = 2.950000
phi_m, max: 0.008514 at y = 3.045714./ phi_m, min: -0.217653 at y = 2.807143
phi_m, max: -0.000000 at y = 2.950000./ phi_m, min: -0.383076 at y = 2.807143
phi_m, max: -0.000000 at y = 2.950000./ phi_m, min: -0.466043 at y = 2.807143
phi_m, max: -0.000000 at y = 2.950000./ phi_m, min: -0.507935 at y = 2.951624
phi_m, max: -0.000000 at y = 2.950000./ phi_m, min: -0.520421 at y = 2.954490


phi_m, max: -0.000000 at y = 2.320000./ phi_m, min: -0.001153 at y = 2.324832
phi_m, max: -0.000000 at y = 2.320000./ phi_m, min: -0.001162 at y = 2.325168
phi_m, max: -0.000000 at y = 2.320000./ phi_m, min: -0.001153 at y = 2.325168
phi_m, max: 0.000273 at y = 2.177143./ phi_m, min: -0.001080 at y = 2.415714
phi_m, max: 1.166355 at y = 2.177143./ phi_m, min: 0.000000 at y = 2.320000
phi_m, max: 113.944591 at y = 2.177143./ phi_m, min: 0.000000 at y = 2.320000
phi_m, max: 113.192391 at y = 2.329413./ phi_m, min: 0.000000 at y = 2.320000
phi_m, max: 98.972318 at y = 2.415714./ phi_m, min: 0.000000 at y = 2.320000
phi_m, max: 79.987674 at y = 2.415714./ phi_m, min: 0.000000 at y = 2.320000
phi_m, max: 60.012911 at y = 2.415714./ phi_m, min: 0.000000 at y = 2.320000
phi_m, max: 42.066435 at y = 2.415714./ phi_m, min: 0.000000 at y = 2.320000
phi_m, max: 23.287092 at y = 2.415714./ phi_m, min: 0.000000 at y = 2.320000
phi_m, max: 4.524890 at y = 2.415714./ phi_m, min: 0.000000 at y = 2.320000
phi_m, max: 0.296396 at y = 2.415714./ phi_m, min: -0.112782 at y = 2.177143
phi_m, max: -0.000000 at y = 2.320000./ phi_m, min: -0.342515 at y = 2.177143
phi_m, max: -0.000000 at y = 2.320000./ phi_m, min: -0.444761 at y = 2.177143
phi_m, max: -0.000000 at y = 2.320000./ phi_m, min: -0.497831 at y = 2.321175
phi_m, max: -0.000000 at y = 2.320000./ phi_m, min: -0.519027 at y = 2.323574
phi_m, max: -0.000000 at y = 2.320000./ phi_m, min: -0.516697 at y = 2.326426
phi_m, max: -0.000000 at y = 2.320000./ phi_m, min: -0.496216 at y = 2.327458


phi_m, max: 18.893457 at y = 0.640000./ phi_m, min: 0.000000 at y = 0.650000
phi_m, max: 115.962318 at y = 0.646426./ phi_m, min: 0.000000 at y = 0.650000
phi_m, max: 114.048495 at y = 0.859413./ phi_m, min: 0.000000 at y = 0.650000
phi_m, max: 100.508078 at y = 0.860000./ phi_m, min: 0.000000 at y = 0.650000
phi_m, max: 81.653519 at y = 0.860000./ phi_m, min: 0.000000 at y = 0.650000
phi_m, max: 61.572365 at y = 0.860000./ phi_m, min: 0.000000 at y = 0.650000
phi_m, max: 43.380144 at y = 0.860000./ phi_m, min: 0.000000 at y = 0.650000
phi_m, max: 24.950151 at y = 0.860000./ phi_m, min: 0.000000 at y = 0.650000
phi_m, max: 5.252657 at y = 0.860000./ phi_m, min: 0.000000 at y = 0.650000
phi_m, max: 0.387205 at y = 0.860000./ phi_m, min: -0.241736 at y = 0.640000
phi_m, max: -0.000000 at y = 0.650000./ phi_m, min: -0.395019 at y = 0.640000
phi_m, max: -0.000000 at y = 0.650000./ phi_m, min: -0.473778 at y = 0.640587
phi_m, max: -0.000000 at y = 0.650000./ phi_m, min: -0.511388 at y = 0.641624
phi_m, max: -0.000000 at y = 0.650000./ phi_m, min: -0.520635 at y = 0.644832
phi_m, max: -0.000000 at y = 0.650000./ phi_m, min: -0.517918 at y = 0.856426
phi_m, max: -0.000000 at y = 0.650000./ phi_m, min: -0.498908 at y = 0.857458
phi_m, max: -0.000000 at y = 0.650000./ phi_m, min: -0.467019 at y = 0.857458
phi_m, max: -0.000000 at y = 0.650000./ phi_m, min: -0.428046 at y = 0.858213
phi_m, max: -0.000000 at y = 0.650000./ phi_m, min: -0.386053 at y = 0.858376
phi_m, max: -0.000000 at y = 0.650000./ phi_m, min: -0.344013 at y = 0.858376


phi_m, max: -0.000000 at y = 3.790000./ phi_m, min: -0.001153 at y = 4.004832
phi_m, max: -0.000000 at y = 3.790000./ phi_m, min: -0.001162 at y = 3.794832
phi_m, max: -0.000000 at y = 3.790000./ phi_m, min: -0.001153 at y = 3.794832
phi_m, max: -0.000000 at y = 3.790000./ phi_m, min: -0.001143 at y = 3.794832
phi_m, max: -0.000000 at y = 3.790000./ phi_m, min: -0.001133 at y = 4.005168
phi_m, max: -0.000000 at y = 3.790000./ phi_m, min: -0.001125 at y = 4.005168
phi_m, max: -0.000000 at y = 3.790000./ phi_m, min: -0.001117 at y = 4.005168
phi_m, max: 0.001019 at y = 3.761429./ phi_m, min: -0.001104 at y = 4.006367
phi_m, max: 1.643203 at y = 3.761429./ phi_m, min: 0.000000 at y = 3.790000
phi_m, max: 115.222757 at y = 3.790587./ phi_m, min: 0.000000 at y = 3.790000
phi_m, max: 115.888275 at y = 4.007458./ phi_m, min: 0.000000 at y = 3.790000
phi_m, max: 106.421434 at y = 4.009413./ phi_m, min: 0.000000 at y = 3.790000
phi_m, max: 88.890741 at y = 4.010000./ phi_m, min: 0.000000 at y = 3.790000
phi_m, max: 68.878995 at y = 4.010000./ phi_m, min: 0.000000 at y = 3.790000
phi_m, max: 49.713469 at y = 4.010000./ phi_m, min: 0.000000 at y = 3.790000
phi_m, max: 32.453839 at y = 4.010000./ phi_m, min: 0.000000 at y = 3.790000
phi_m, max: 10.711920 at y = 4.010000./ phi_m, min: 0.000000 at y = 3.790000
phi_m, max: 1.182603 at y = 4.010000./ phi_m, min: -0.136661 at y = 3.761429
phi_m, max: -0.000000 at y = 3.790000./ phi_m, min: -0.351164 at y = 3.761429
phi_m, max: -0.000000 at y = 3.790000./ phi_m, min: -0.449873 at y = 3.790587


phi_m, max: 115.829979 at y = 0.228213./ phi_m, min: 0.000000 at y = 0.220000
phi_m, max: 105.912401 at y = 0.344286./ phi_m, min: 0.000000 at y = 0.220000
phi_m, max: 88.488870 at y = 0.344286./ phi_m, min: 0.000000 at y = 0.220000
phi_m, max: 68.543274 at y = 0.344286./ phi_m, min: 0.000000 at y = 0.220000
phi_m, max: 49.456652 at y = 0.344286./ phi_m, min: 0.000000 at y = 0.220000
phi_m, max: 32.251607 at y = 0.344286./ phi_m, min: 0.000000 at y = 0.220000
phi_m, max: 10.619790 at y = 0.344286./ phi_m, min: 0.000000 at y = 0.220000
phi_m, max: 1.168794 at y = 0.344286./ phi_m, min: 0.000000 at y = 0.220000
phi_m, max: -0.000000 at y = 0.220000./ phi_m, min: -0.218211 at y = 0.221175
phi_m, max: -0.000000 at y = 0.220000./ phi_m, min: -0.379595 at y = 0.221787
phi_m, max: -0.000000 at y = 0.220000./ phi_m, min: -0.466319 at y = 0.223213
phi_m, max: -0.000000 at y = 0.220000./ phi_m, min: -0.508923 at y = 0.224490
phi_m, max: -0.000000 at y = 0.220000./ phi_m, min: -0.519414 at y = 0.226426
phi_m, max: -0.000000 at y = 0.220000./ phi_m, min: -0.506772 at y = 0.227458
phi_m, max: -0.000000 at y = 0.220000./ phi_m, min: -0.478776 at y = 0.227458
phi_m, max: -0.000000 at y = 0.220000./ phi_m, min: -0.441687 at y = 0.228213
phi_m, max: -0.000000 at y = 0.220000./ phi_m, min: -0.400370 at y = 0.228213
phi_m, max: -0.000000 at y = 0.220000./ phi_m, min: -0.358110 at y = 0.228213
phi_m, max: -0.000000 at y = 0.220000./ phi_m, min: -0.317130 at y = 0.228376
phi_m, max: -0.000000 at y = 0.220000./ phi_m, min: -0.278749 at y = 0.228376


phi_m, max: -0.000000 at y = 2.110000./ phi_m, min: -0.001153 at y = 2.115168
phi_m, max: -0.000000 at y = 2.110000./ phi_m, min: -0.001162 at y = 2.115168
phi_m, max: -0.000000 at y = 2.110000./ phi_m, min: -0.001146 at y = 2.116367
phi_m, max: 0.057853 at y = 1.938571./ phi_m, min: 0.000000 at y = 2.110000
phi_m, max: 49.175436 at y = 1.938571./ phi_m, min: 0.000000 at y = 2.110000
phi_m, max: 115.860600 at y = 2.117458./ phi_m, min: 0.000000 at y = 2.110000
phi_m, max: 106.118442 at y = 2.119413./ phi_m, min: 0.000000 at y = 2.110000
phi_m, max: 88.582685 at y = 2.177143./ phi_m, min: 0.000000 at y = 2.110000
phi_m, max: 68.627146 at y = 2.177143./ phi_m, min: 0.000000 at y = 2.110000
phi_m, max: 49.523746 at y = 2.177143./ phi_m, min: 0.000000 at y = 2.110000
phi_m, max: 32.304950 at y = 2.177143./ phi_m, min: 0.000000 at y = 2.110000
phi_m, max: 10.640397 at y = 2.177143./ phi_m, min: 0.000000 at y = 2.110000
phi_m, max: 1.172477 at y = 2.177143./ phi_m, min: 0.000000 at y = 2.110000
phi_m, max: -0.000000 at y = 2.110000./ phi_m, min: -0.271684 at y = 1.938571
phi_m, max: -0.000000 at y = 2.110000./ phi_m, min: -0.408610 at y = 1.938571
phi_m, max: -0.000000 at y = 2.110000./ phi_m, min: -0.479336 at y = 1.938571
phi_m, max: -0.000000 at y = 2.110000./ phi_m, min: -0.513071 at y = 2.112542
phi_m, max: -0.000000 at y = 2.110000./ phi_m, min: -0.520199 at y = 2.115168
phi_m, max: -0.000000 at y = 2.110000./ phi_m, min: -0.507100 at y = 2.117458
phi_m, max: -0.000000 at y = 2.110000./ phi_m, min: -0.479083 at y = 2.117458


phi_m, max: -0.000000 at y = 6.310000./ phi_m, min: -0.001162 at y = 6.318213
phi_m, max: -0.000000 at y = 6.310000./ phi_m, min: -0.001171 at y = 6.318213
phi_m, max: -0.000000 at y = 6.310000./ phi_m, min: -0.001162 at y = 6.318213
phi_m, max: -0.000000 at y = 6.310000./ phi_m, min: -0.001152 at y = 6.318213
phi_m, max: -0.000000 at y = 6.310000./ phi_m, min: -0.001142 at y = 6.318213
phi_m, max: -0.000000 at y = 6.310000./ phi_m, min: -0.001133 at y = 6.318213
phi_m, max: -0.000000 at y = 6.310000./ phi_m, min: -0.001126 at y = 6.318213
phi_m, max: -0.000000 at y = 6.310000./ phi_m, min: -0.001120 at y = 6.318213
phi_m, max: -0.000000 at y = 6.310000./ phi_m, min: -0.001114 at y = 6.318213
phi_m, max: -0.000000 at y = 6.310000./ phi_m, min: -0.001109 at y = 6.318213
phi_m, max: -0.000000 at y = 6.310000./ phi_m, min: -0.001105 at y = 6.318213
phi_m, max: -0.000000 at y = 6.310000./ phi_m, min: -0.001102 at y = 6.318213
phi_m, max: -0.000000 at y = 6.310000./ phi_m, min: -0.001098 at y = 6.318213
phi_m, max: -0.000000 at y = 6.310000./ phi_m, min: -0.001094 at y = 6.318376
phi_m, max: 0.023149 at y = 6.110000./ phi_m, min: -0.000043 at y = 6.320000
phi_m, max: 17.674677 at y = 6.110000./ phi_m, min: 0.000000 at y = 6.310000
phi_m, max: 115.994553 at y = 6.316367./ phi_m, min: 0.000000 at y = 6.310000
phi_m, max: 107.192373 at y = 6.319413./ phi_m, min: 0.000000 at y = 6.310000
phi_m, max: 89.647244 at y = 6.319413./ phi_m, min: 0.000000 at y = 6.310000
phi_m, max: 69.506878 at y = 6.319413./ phi_m, min: 0.000000 at y = 6.310000


phi_m, max: -0.000000 at y = 5.928571./ phi_m, min: -0.001153 at y = 6.105168
phi_m, max: -0.000000 at y = 5.928571./ phi_m, min: -0.001162 at y = 6.105168
phi_m, max: -0.000000 at y = 5.928571./ phi_m, min: -0.001154 at y = 6.105168
phi_m, max: -0.000000 at y = 5.928571./ phi_m, min: -0.001143 at y = 6.105168
phi_m, max: -0.000000 at y = 5.928571./ phi_m, min: -0.001133 at y = 6.105168
phi_m, max: -0.000000 at y = 5.928571./ phi_m, min: -0.001125 at y = 6.105168
phi_m, max: -0.000000 at y = 5.928571./ phi_m, min: -0.001118 at y = 6.105168
phi_m, max: -0.000000 at y = 5.928571./ phi_m, min: -0.001111 at y = 6.105168
phi_m, max: -0.000000 at y = 5.928571./ phi_m, min: -0.001106 at y = 6.105168
phi_m, max: -0.000000 at y = 5.928571./ phi_m, min: -0.001101 at y = 6.105168
phi_m, max: -0.000000 at y = 5.928571./ phi_m, min: -0.001097 at y = 6.105168
phi_m, max: -0.000000 at y = 5.928571./ phi_m, min: -0.001093 at y = 6.105168
phi_m, max: -0.000000 at y = 5.928571./ phi_m, min: -0.001090 at y = 6.105168
phi_m, max: 0.000143 at y = 5.900000./ phi_m, min: -0.001035 at y = 6.109413
phi_m, max: 0.982104 at y = 5.900000./ phi_m, min: 0.000000 at y = 5.928571
phi_m, max: 113.963774 at y = 5.900000./ phi_m, min: 0.000000 at y = 5.928571
phi_m, max: 113.571066 at y = 6.109413./ phi_m, min: 0.000000 at y = 5.928571
phi_m, max: 99.556357 at y = 6.110000./ phi_m, min: 0.000000 at y = 5.928571
phi_m, max: 80.576412 at y = 6.138571./ phi_m, min: 0.000000 at y = 5.928571
phi_m, max: 60.551378 at y = 6.138571./ phi_m, min: 0.000000 at y = 5.928571


phi_m, max: -0.000000 at y = 5.690000./ phi_m, min: -0.001153 at y = 5.895168
phi_m, max: -0.000000 at y = 5.690000./ phi_m, min: -0.001162 at y = 5.895168
phi_m, max: -0.000000 at y = 5.690000./ phi_m, min: -0.001153 at y = 5.895168
phi_m, max: -0.000000 at y = 5.690000./ phi_m, min: -0.001143 at y = 5.895168
phi_m, max: -0.000000 at y = 5.690000./ phi_m, min: -0.001133 at y = 5.895168
phi_m, max: -0.000000 at y = 5.690000./ phi_m, min: -0.001125 at y = 5.895168
phi_m, max: -0.000000 at y = 5.690000./ phi_m, min: -0.001117 at y = 5.895168
phi_m, max: -0.000000 at y = 5.690000./ phi_m, min: -0.001111 at y = 5.895168
phi_m, max: -0.000000 at y = 5.690000./ phi_m, min: -0.001106 at y = 5.895168
phi_m, max: -0.000000 at y = 5.690000./ phi_m, min: -0.001101 at y = 5.895168
phi_m, max: -0.000000 at y = 5.690000./ phi_m, min: -0.001097 at y = 5.895168
phi_m, max: -0.000000 at y = 5.690000./ phi_m, min: -0.001093 at y = 5.895168
phi_m, max: -0.000000 at y = 5.690000./ phi_m, min: -0.001084 at y = 5.895916
phi_m, max: 0.047804 at y = 5.690000./ phi_m, min: 0.000000 at y = 5.690000
phi_m, max: 39.839520 at y = 5.690000./ phi_m, min: 0.000000 at y = 5.690000
phi_m, max: 115.896417 at y = 5.897458./ phi_m, min: 0.000000 at y = 5.690000
phi_m, max: 106.721642 at y = 5.899413./ phi_m, min: 0.000000 at y = 5.690000
phi_m, max: 89.280646 at y = 5.900000./ phi_m, min: 0.000000 at y = 5.690000
phi_m, max: 69.285129 at y = 5.900000./ phi_m, min: 0.000000 at y = 5.690000
phi_m, max: 50.071891 at y = 5.900000./ phi_m, min: 0.000000 at y = 5.690000


phi_m, max: -0.000000 at y = 1.270000./ phi_m, min: -0.001127 at y = 1.278213
phi_m, max: 0.294549 at y = 1.070000./ phi_m, min: 0.000000 at y = 1.270000
phi_m, max: 104.482222 at y = 1.070000./ phi_m, min: 0.000000 at y = 1.270000
phi_m, max: 114.883380 at y = 1.278376./ phi_m, min: 0.000000 at y = 1.270000
phi_m, max: 102.444573 at y = 1.279413./ phi_m, min: 0.000000 at y = 1.270000
phi_m, max: 83.985286 at y = 1.308571./ phi_m, min: 0.000000 at y = 1.270000
phi_m, max: 63.914494 at y = 1.308571./ phi_m, min: 0.000000 at y = 1.270000
phi_m, max: 45.412957 at y = 1.308571./ phi_m, min: 0.000000 at y = 1.270000
phi_m, max: 27.604317 at y = 1.308571./ phi_m, min: 0.000000 at y = 1.270000
phi_m, max: 6.773419 at y = 1.308571./ phi_m, min: 0.000000 at y = 1.270000
phi_m, max: 0.588895 at y = 1.308571./ phi_m, min: -0.019858 at y = 1.070000
phi_m, max: -0.000000 at y = 1.270000./ phi_m, min: -0.314857 at y = 1.070000
phi_m, max: -0.000000 at y = 1.270000./ phi_m, min: -0.431035 at y = 1.070000
phi_m, max: -0.000000 at y = 1.270000./ phi_m, min: -0.490614 at y = 1.070000
phi_m, max: -0.000000 at y = 1.270000./ phi_m, min: -0.516923 at y = 1.272542
phi_m, max: -0.000000 at y = 1.270000./ phi_m, min: -0.518905 at y = 1.276259
phi_m, max: -0.000000 at y = 1.270000./ phi_m, min: -0.501826 at y = 1.277458
phi_m, max: -0.000000 at y = 1.270000./ phi_m, min: -0.471144 at y = 1.277458
phi_m, max: -0.000000 at y = 1.270000./ phi_m, min: -0.432751 at y = 1.278213
phi_m, max: -0.000000 at y = 1.270000./ phi_m, min: -0.390936 at y = 1.278376


phi_m, max: -0.000000 at y = 2.740000./ phi_m, min: -0.001153 at y = 2.744832
phi_m, max: -0.000000 at y = 2.740000./ phi_m, min: -0.001162 at y = 2.745168
phi_m, max: -0.000000 at y = 2.740000./ phi_m, min: -0.001153 at y = 2.745168
phi_m, max: -0.000000 at y = 2.740000./ phi_m, min: -0.001143 at y = 2.745168
phi_m, max: -0.000000 at y = 2.740000./ phi_m, min: -0.001093 at y = 2.748825
phi_m, max: 0.524967 at y = 2.597143./ phi_m, min: 0.000000 at y = 2.740000
phi_m, max: 110.624607 at y = 2.597143./ phi_m, min: 0.000000 at y = 2.740000
phi_m, max: 114.210398 at y = 2.749413./ phi_m, min: 0.000000 at y = 2.740000
phi_m, max: 100.939700 at y = 2.835714./ phi_m, min: 0.000000 at y = 2.740000
phi_m, max: 82.293646 at y = 2.835714./ phi_m, min: 0.000000 at y = 2.740000
phi_m, max: 62.267718 at y = 2.835714./ phi_m, min: 0.000000 at y = 2.740000
phi_m, max: 44.011144 at y = 2.835714./ phi_m, min: 0.000000 at y = 2.740000
phi_m, max: 25.880762 at y = 2.835714./ phi_m, min: 0.000000 at y = 2.740000
phi_m, max: 5.775561 at y = 2.835714./ phi_m, min: 0.000000 at y = 2.740000
phi_m, max: 0.456113 at y = 2.835714./ phi_m, min: -0.060743 at y = 2.597143
phi_m, max: -0.000000 at y = 2.740000./ phi_m, min: -0.325766 at y = 2.597143
phi_m, max: -0.000000 at y = 2.740000./ phi_m, min: -0.435910 at y = 2.597143
phi_m, max: -0.000000 at y = 2.740000./ phi_m, min: -0.493377 at y = 2.740587
phi_m, max: -0.000000 at y = 2.740000./ phi_m, min: -0.517826 at y = 2.742542
phi_m, max: -0.000000 at y = 2.740000./ phi_m, min: -0.517933 at y = 2.746426


phi_m, max: -0.000000 at y = 5.050000./ phi_m, min: -0.001153 at y = 5.055168
phi_m, max: -0.000000 at y = 5.050000./ phi_m, min: -0.001162 at y = 5.475168
phi_m, max: -0.000000 at y = 5.050000./ phi_m, min: -0.001153 at y = 5.475168
phi_m, max: -0.000000 at y = 5.050000./ phi_m, min: -0.001143 at y = 5.475168
phi_m, max: -0.000000 at y = 5.050000./ phi_m, min: -0.001133 at y = 5.475168
phi_m, max: -0.000000 at y = 5.050000./ phi_m, min: -0.001125 at y = 5.475168
phi_m, max: -0.000000 at y = 5.050000./ phi_m, min: -0.001117 at y = 5.475168
phi_m, max: -0.000000 at y = 5.050000./ phi_m, min: -0.001111 at y = 5.475168
phi_m, max: -0.000000 at y = 5.050000./ phi_m, min: -0.001106 at y = 5.475168
phi_m, max: -0.000000 at y = 5.050000./ phi_m, min: -0.001101 at y = 5.475168
phi_m, max: -0.000000 at y = 5.050000./ phi_m, min: -0.001097 at y = 5.475168
phi_m, max: 0.155257 at y = 5.050000./ phi_m, min: -0.001081 at y = 5.476787
phi_m, max: 85.181852 at y = 5.050000./ phi_m, min: 0.000000 at y = 5.050000
phi_m, max: 115.152388 at y = 5.058376./ phi_m, min: 0.000000 at y = 5.050000
phi_m, max: 115.703960 at y = 5.478213./ phi_m, min: 0.000000 at y = 5.050000
phi_m, max: 104.960248 at y = 5.479413./ phi_m, min: 0.000000 at y = 5.050000
phi_m, max: 87.031941 at y = 5.480000./ phi_m, min: 0.000000 at y = 5.050000
phi_m, max: 66.960859 at y = 5.480000./ phi_m, min: 0.000000 at y = 5.050000
phi_m, max: 48.033262 at y = 5.480000./ phi_m, min: 0.000000 at y = 5.050000
phi_m, max: 30.637043 at y = 5.480000./ phi_m, min: 0.000000 at y = 5.050000


phi_m, max: 27.072587 at y = 0.440000./ phi_m, min: 0.000000 at y = 0.430000
phi_m, max: 115.962318 at y = 0.646426./ phi_m, min: 0.000000 at y = 0.430000
phi_m, max: 107.497158 at y = 0.649413./ phi_m, min: 0.000000 at y = 0.430000
phi_m, max: 90.342674 at y = 0.650000./ phi_m, min: 0.000000 at y = 0.430000
phi_m, max: 70.397993 at y = 0.650000./ phi_m, min: 0.000000 at y = 0.430000
phi_m, max: 51.059040 at y = 0.650000./ phi_m, min: 0.000000 at y = 0.430000
phi_m, max: 33.834448 at y = 0.650000./ phi_m, min: 0.000000 at y = 0.430000
phi_m, max: 12.186847 at y = 0.650000./ phi_m, min: 0.000000 at y = 0.430000
phi_m, max: 1.438481 at y = 0.650000./ phi_m, min: -0.000000 at y = 0.430000
phi_m, max: -0.000000 at y = 0.430000./ phi_m, min: -0.254718 at y = 0.440000
phi_m, max: -0.000000 at y = 0.430000./ phi_m, min: -0.401004 at y = 0.440000
phi_m, max: -0.000000 at y = 0.430000./ phi_m, min: -0.476110 at y = 0.440000
phi_m, max: -0.000000 at y = 0.430000./ phi_m, min: -0.511391 at y = 0.641787
phi_m, max: -0.000000 at y = 0.430000./ phi_m, min: -0.520635 at y = 0.644832
phi_m, max: -0.000000 at y = 0.430000./ phi_m, min: -0.509245 at y = 0.646426
phi_m, max: -0.000000 at y = 0.430000./ phi_m, min: -0.482355 at y = 0.647458
phi_m, max: -0.000000 at y = 0.430000./ phi_m, min: -0.445877 at y = 0.648213
phi_m, max: -0.000000 at y = 0.430000./ phi_m, min: -0.404779 at y = 0.648376
phi_m, max: -0.000000 at y = 0.430000./ phi_m, min: -0.362480 at y = 0.648376
phi_m, max: -0.000000 at y = 0.430000./ phi_m, min: -0.321271 at y = 0.648376


phi_m, max: -0.000000 at y = 4.640000./ phi_m, min: -0.001153 at y = 4.634832
phi_m, max: -0.000000 at y = 4.640000./ phi_m, min: -0.001162 at y = 4.635168
phi_m, max: -0.000000 at y = 4.640000./ phi_m, min: -0.001153 at y = 4.635168
phi_m, max: -0.000000 at y = 4.640000./ phi_m, min: -0.001143 at y = 4.635168
phi_m, max: -0.000000 at y = 4.640000./ phi_m, min: -0.001133 at y = 4.635168
phi_m, max: -0.000000 at y = 4.640000./ phi_m, min: -0.001125 at y = 4.635168
phi_m, max: -0.000000 at y = 4.640000./ phi_m, min: -0.001117 at y = 4.635168
phi_m, max: -0.000000 at y = 4.640000./ phi_m, min: -0.001111 at y = 4.635168
phi_m, max: -0.000000 at y = 4.640000./ phi_m, min: -0.001105 at y = 4.635168
phi_m, max: -0.000000 at y = 4.640000./ phi_m, min: -0.001064 at y = 4.638825
phi_m, max: 0.348577 at y = 4.630000./ phi_m, min: 0.000000 at y = 4.640000
phi_m, max: 106.754372 at y = 4.630000./ phi_m, min: 0.000000 at y = 4.640000
phi_m, max: 114.409539 at y = 4.840000./ phi_m, min: 0.000000 at y = 4.640000
phi_m, max: 102.203202 at y = 4.840000./ phi_m, min: 0.000000 at y = 4.640000
phi_m, max: 83.670203 at y = 4.840000./ phi_m, min: 0.000000 at y = 4.640000
phi_m, max: 63.563926 at y = 4.840000./ phi_m, min: 0.000000 at y = 4.640000
phi_m, max: 45.092578 at y = 4.840000./ phi_m, min: 0.000000 at y = 4.640000
phi_m, max: 27.156022 at y = 4.840000./ phi_m, min: 0.000000 at y = 4.640000
phi_m, max: 6.473152 at y = 4.840000./ phi_m, min: 0.000000 at y = 4.640000
phi_m, max: 0.546633 at y = 4.840000./ phi_m, min: -0.028122 at y = 4.630000


phi_m, max: -0.000000 at y = 5.480000./ phi_m, min: -0.001153 at y = 5.685168
phi_m, max: -0.000000 at y = 5.480000./ phi_m, min: -0.001162 at y = 5.685168
phi_m, max: -0.000000 at y = 5.480000./ phi_m, min: -0.001153 at y = 5.685168
phi_m, max: -0.000000 at y = 5.480000./ phi_m, min: -0.001143 at y = 5.685168
phi_m, max: -0.000000 at y = 5.480000./ phi_m, min: -0.001133 at y = 5.685168
phi_m, max: -0.000000 at y = 5.480000./ phi_m, min: -0.001125 at y = 5.685168
phi_m, max: -0.000000 at y = 5.480000./ phi_m, min: -0.001117 at y = 5.685168
phi_m, max: -0.000000 at y = 5.480000./ phi_m, min: -0.001111 at y = 5.685168
phi_m, max: -0.000000 at y = 5.480000./ phi_m, min: -0.001106 at y = 5.685168
phi_m, max: -0.000000 at y = 5.480000./ phi_m, min: -0.001101 at y = 5.685168
phi_m, max: -0.000000 at y = 5.480000./ phi_m, min: -0.001097 at y = 5.685168
phi_m, max: -0.000000 at y = 5.480000./ phi_m, min: -0.001093 at y = 5.685168
phi_m, max: 0.001413 at y = 5.480000./ phi_m, min: -0.001004 at y = 5.690000
phi_m, max: 1.980539 at y = 5.480000./ phi_m, min: 0.000000 at y = 5.480000
phi_m, max: 115.063924 at y = 5.680587./ phi_m, min: 0.000000 at y = 5.480000
phi_m, max: 112.426423 at y = 5.689413./ phi_m, min: 0.000000 at y = 5.480000
phi_m, max: 97.529011 at y = 5.690000./ phi_m, min: 0.000000 at y = 5.480000
phi_m, max: 78.222728 at y = 5.690000./ phi_m, min: 0.000000 at y = 5.480000
phi_m, max: 58.259563 at y = 5.690000./ phi_m, min: 0.000000 at y = 5.480000
phi_m, max: 40.507999 at y = 5.690000./ phi_m, min: 0.000000 at y = 5.480000


Steps: 20000000 Time: 2           

Time: 0.100000
CPU Time: 75.967054 min.
phi_m, max: -0.000000 at y = 3.131429./ phi_m, min: -0.001161 at y = 6.320000

Time: 0.200000
CPU Time: 76.078753 min.
phi_m, max: -0.000000 at y = 3.131429./ phi_m, min: -0.001170 at y = 6.320000

Time: 0.300000
CPU Time: 76.078915 min.
phi_m, max: -0.000000 at y = 3.131429./ phi_m, min: -0.001161 at y = 6.320000

Time: 0.400000
CPU Time: 75.006097 min.
phi_m, max: -0.000000 at y = 3.131429./ phi_m, min: -0.001150 at y = 6.320000

Time: 0.500000
CPU Time: 74.527973 min.
phi_m, max: -0.000000 at y = 3.131429./ phi_m, min: -0.001141 at y = 6.320000

Time: 0.600000
CPU Time: 74.751958 min.
phi_m, max: -0.000000 at y = 3.131429./ phi_m, min: -0.001132 at y = 6.320000

Time: 0.700000
CPU Time: 74.543354 min.
phi_m, max: 0.221976 at y = 3.045714./ phi_m, min: -0.001125 at y = 6.320000

Time: 0.800000
CPU Time: 74.910916 min.
phi_m, max: 96.525729 at y = 3.045714./ phi_m, min: -0.001118 at y = 6.320000

Time: 0.900000
CPU Time: 74.334826 min.
phi_m, max: 115.022059 at y = 3.168376./ phi_m, min: -0.001113 at y = 6.320000

Time: 1.000000
CPU Time: 74.162983 min.
phi_m, max: 102.777951 at y = 3.169413./ phi_m, min: -0.001108 at y = 6.320000

Time: 1.100000
CPU Time: 74.031634 min.
phi_m, max: 84.458962 at y = 3.227143./ phi_m, min: -0.001104 at y = 6.320000

Time: 1.200000
CPU Time: 74.065036 min.
phi_m, max: 64.413000 at y = 3.227143./ phi_m, min: -0.001100 at y = 6.320000

Time: 1.300000
CPU Time: 73.920307 min.
phi_m, max: 45.854036 at y = 3.227143./ phi_m, min: -0.001097 at y = 6.320000

Time: 1.400000
CPU Time: 74.164243 min.
phi_m, max: 28.171697 at y = 3.227143./ phi_m, min: -0.001093 at y = 6.320000

Time: 1.500000
CPU Time: 74.089062 min.
phi_m, max: 7.169562 at y = 3.227143./ phi_m, min: -0.000043 at y = 6.320000

Time: 1.600000
CPU Time: 74.021554 min.
phi_m, max: 0.765241 at y = 6.320000./ phi_m, min: 0.000000 at y = 3.131429

Time: 1.700000
CPU Time: 74.153442 min.
phi_m, max: 115.772268 at y = 6.320000./ phi_m, min: -0.305965 at y = 3.045714

Time: 1.800000
CPU Time: 74.028452 min.
phi_m, max: 107.165657 at y = 6.320000./ phi_m, min: -0.425425 at y = 3.045714

Time: 1.900000
CPU Time: 74.382348 min.
phi_m, max: 89.632998 at y = 6.320000./ phi_m, min: -0.488616 at y = 3.160587

Time: 2.000000
CPU Time: 74.352039 min.
phi_m, max: 69.502003 at y = 6.320000./ phi_m, min: -0.516455 at y = 3.162542


phi_m, max: -0.000000 at y = 3.580000./ phi_m, min: -0.001153 at y = 3.584832
phi_m, max: -0.000000 at y = 3.580000./ phi_m, min: -0.001162 at y = 3.585168
phi_m, max: -0.000000 at y = 3.580000./ phi_m, min: -0.001153 at y = 3.585168
phi_m, max: -0.000000 at y = 3.580000./ phi_m, min: -0.001143 at y = 3.585168
phi_m, max: -0.000000 at y = 3.580000./ phi_m, min: -0.001133 at y = 3.585168
phi_m, max: -0.000000 at y = 3.580000./ phi_m, min: -0.001125 at y = 3.585168
phi_m, max: -0.000000 at y = 3.580000./ phi_m, min: -0.001104 at y = 3.586787
phi_m, max: 0.084311 at y = 3.551429./ phi_m, min: 0.000000 at y = 3.580000
phi_m, max: 61.606778 at y = 3.551429./ phi_m, min: 0.000000 at y = 3.580000
phi_m, max: 115.633616 at y = 3.588376./ phi_m, min: 0.000000 at y = 3.580000
phi_m, max: 105.225071 at y = 3.761429./ phi_m, min: 0.000000 at y = 3.580000
phi_m, max: 87.507542 at y = 3.761429./ phi_m, min: 0.000000 at y = 3.580000
phi_m, max: 67.487283 at y = 3.761429./ phi_m, min: 0.000000 at y = 3.580000
phi_m, max: 48.510098 at y = 3.761429./ phi_m, min: 0.000000 at y = 3.580000
phi_m, max: 31.192398 at y = 3.761429./ phi_m, min: 0.000000 at y = 3.580000
phi_m, max: 9.554428 at y = 3.761429./ phi_m, min: 0.000000 at y = 3.580000
phi_m, max: 0.994572 at y = 3.761429./ phi_m, min: 0.000000 at y = 3.580000
phi_m, max: -0.000000 at y = 3.580000./ phi_m, min: -0.281729 at y = 3.551429
phi_m, max: -0.000000 at y = 3.580000./ phi_m, min: -0.413573 at y = 3.551429
phi_m, max: -0.000000 at y = 3.580000./ phi_m, min: -0.483329 at y = 3.580587


phi_m, max: -0.000000 at y = 4.850000./ phi_m, min: -0.001153 at y = 5.055168
phi_m, max: -0.000000 at y = 4.850000./ phi_m, min: -0.001162 at y = 4.844832
phi_m, max: -0.000000 at y = 4.850000./ phi_m, min: -0.001153 at y = 4.844832
phi_m, max: -0.000000 at y = 4.850000./ phi_m, min: -0.001143 at y = 4.844832
phi_m, max: -0.000000 at y = 4.850000./ phi_m, min: -0.001133 at y = 4.844832
phi_m, max: -0.000000 at y = 4.850000./ phi_m, min: -0.001125 at y = 4.844832
phi_m, max: -0.000000 at y = 4.850000./ phi_m, min: -0.001117 at y = 4.844832
phi_m, max: -0.000000 at y = 4.850000./ phi_m, min: -0.001111 at y = 5.054832
phi_m, max: -0.000000 at y = 4.850000./ phi_m, min: -0.001106 at y = 5.055168
phi_m, max: -0.000000 at y = 4.850000./ phi_m, min: -0.001101 at y = 5.055168
phi_m, max: 0.007533 at y = 4.840000./ phi_m, min: -0.001075 at y = 5.057458
phi_m, max: 6.350398 at y = 4.840000./ phi_m, min: 0.000000 at y = 4.850000
phi_m, max: 115.906805 at y = 4.842542./ phi_m, min: 0.000000 at y = 4.850000
phi_m, max: 115.152388 at y = 5.058376./ phi_m, min: 0.000000 at y = 4.850000
phi_m, max: 103.094506 at y = 5.060000./ phi_m, min: 0.000000 at y = 4.850000
phi_m, max: 84.756195 at y = 5.060000./ phi_m, min: 0.000000 at y = 4.850000
phi_m, max: 64.651855 at y = 5.060000./ phi_m, min: 0.000000 at y = 4.850000
phi_m, max: 46.032186 at y = 5.060000./ phi_m, min: 0.000000 at y = 4.850000
phi_m, max: 28.315867 at y = 5.060000./ phi_m, min: 0.000000 at y = 4.850000
phi_m, max: 7.219770 at y = 5.060000./ phi_m, min: 0.000000 at y = 4.850000


phi_m, max: -0.000000 at y = 1.900000./ phi_m, min: -0.001153 at y = 1.905168
phi_m, max: -0.000000 at y = 1.900000./ phi_m, min: -0.001162 at y = 1.905168
phi_m, max: 0.001996 at y = 1.728571./ phi_m, min: -0.001050 at y = 1.963787
phi_m, max: 2.391697 at y = 1.728571./ phi_m, min: 0.000000 at y = 1.900000
phi_m, max: 115.332297 at y = 1.900587./ phi_m, min: 0.000000 at y = 1.900000
phi_m, max: 111.987642 at y = 1.909413./ phi_m, min: 0.000000 at y = 1.900000
phi_m, max: 96.831898 at y = 1.963787./ phi_m, min: 0.000000 at y = 1.900000
phi_m, max: 77.525785 at y = 1.963787./ phi_m, min: 0.000000 at y = 1.900000
phi_m, max: 57.643122 at y = 1.963787./ phi_m, min: 0.000000 at y = 1.900000
phi_m, max: 39.994060 at y = 1.963787./ phi_m, min: 0.000000 at y = 1.900000
phi_m, max: 20.373222 at y = 1.963787./ phi_m, min: 0.000000 at y = 1.900000
phi_m, max: 3.434113 at y = 1.963787./ phi_m, min: 0.000000 at y = 1.900000
phi_m, max: 0.162576 at y = 1.963787./ phi_m, min: -0.158968 at y = 1.728571
phi_m, max: -0.000000 at y = 1.900000./ phi_m, min: -0.359476 at y = 1.728571
phi_m, max: -0.000000 at y = 1.900000./ phi_m, min: -0.454039 at y = 1.728571
phi_m, max: -0.000000 at y = 1.900000./ phi_m, min: -0.501925 at y = 1.901624
phi_m, max: -0.000000 at y = 1.900000./ phi_m, min: -0.519858 at y = 1.903574
phi_m, max: -0.000000 at y = 1.900000./ phi_m, min: -0.515196 at y = 1.906426
phi_m, max: -0.000000 at y = 1.900000./ phi_m, min: -0.492972 at y = 1.907458
phi_m, max: -0.000000 at y = 1.900000./ phi_m, min: -0.459173 at y = 1.908213


phi_m, max: -0.000000 at y = 4.420000./ phi_m, min: -0.001153 at y = 4.424832
phi_m, max: -0.000000 at y = 4.420000./ phi_m, min: -0.001162 at y = 4.425168
phi_m, max: -0.000000 at y = 4.420000./ phi_m, min: -0.001153 at y = 4.425168
phi_m, max: -0.000000 at y = 4.420000./ phi_m, min: -0.001143 at y = 4.425168
phi_m, max: -0.000000 at y = 4.420000./ phi_m, min: -0.001133 at y = 4.425168
phi_m, max: -0.000000 at y = 4.420000./ phi_m, min: -0.001125 at y = 4.425168
phi_m, max: -0.000000 at y = 4.420000./ phi_m, min: -0.001117 at y = 4.425168
phi_m, max: -0.000000 at y = 4.420000./ phi_m, min: -0.001111 at y = 4.425168
phi_m, max: -0.000000 at y = 4.420000./ phi_m, min: -0.001102 at y = 4.425587
phi_m, max: 0.019432 at y = 4.391429./ phi_m, min: -0.000599 at y = 4.630000
phi_m, max: 15.051283 at y = 4.391429./ phi_m, min: 0.000000 at y = 4.420000
phi_m, max: 115.933807 at y = 4.426426./ phi_m, min: 0.000000 at y = 4.420000
phi_m, max: 108.825327 at y = 4.630000./ phi_m, min: 0.000000 at y = 4.420000
phi_m, max: 92.268689 at y = 4.630000./ phi_m, min: 0.000000 at y = 4.420000
phi_m, max: 72.440935 at y = 4.630000./ phi_m, min: 0.000000 at y = 4.420000
phi_m, max: 52.893055 at y = 4.630000./ phi_m, min: 0.000000 at y = 4.420000
phi_m, max: 35.624148 at y = 4.630000./ phi_m, min: 0.000000 at y = 4.420000
phi_m, max: 14.345179 at y = 4.630000./ phi_m, min: 0.000000 at y = 4.420000
phi_m, max: 1.854301 at y = 4.630000./ phi_m, min: 0.000000 at y = 4.420000
phi_m, max: -0.000000 at y = 4.420000./ phi_m, min: -0.232999 at y = 4.391429


phi_m, max: -0.000000 at y = 3.971429./ phi_m, min: -0.001126 at y = 4.000000
phi_m, max: -0.000000 at y = 3.971429./ phi_m, min: -0.001135 at y = 4.210000
phi_m, max: -0.000000 at y = 3.971429./ phi_m, min: -0.001127 at y = 4.210000
phi_m, max: -0.000000 at y = 3.971429./ phi_m, min: -0.001116 at y = 4.210000
phi_m, max: -0.000000 at y = 3.971429./ phi_m, min: -0.001107 at y = 4.210000
phi_m, max: -0.000000 at y = 3.971429./ phi_m, min: -0.001099 at y = 4.210000
phi_m, max: -0.000000 at y = 3.971429./ phi_m, min: -0.001091 at y = 4.210000
phi_m, max: -0.000000 at y = 3.971429./ phi_m, min: -0.001084 at y = 4.210000
phi_m, max: 0.046448 at y = 3.885714./ phi_m, min: -0.000136 at y = 4.210000
phi_m, max: 39.483976 at y = 3.885714./ phi_m, min: 0.000000 at y = 3.971429
phi_m, max: 114.258289 at y = 4.010000./ phi_m, min: 0.000000 at y = 3.971429
phi_m, max: 107.235335 at y = 4.210000./ phi_m, min: 0.000000 at y = 3.971429
phi_m, max: 90.065210 at y = 4.210000./ phi_m, min: 0.000000 at y = 3.971429
phi_m, max: 70.104670 at y = 4.210000./ phi_m, min: 0.000000 at y = 3.971429
phi_m, max: 50.797397 at y = 4.210000./ phi_m, min: 0.000000 at y = 3.971429
phi_m, max: 33.563787 at y = 4.210000./ phi_m, min: 0.000000 at y = 3.971429
phi_m, max: 11.904297 at y = 4.210000./ phi_m, min: 0.000000 at y = 3.971429
phi_m, max: 1.385121 at y = 4.210000./ phi_m, min: 0.000000 at y = 3.971429
phi_m, max: -0.000000 at y = 3.971429./ phi_m, min: -0.263476 at y = 3.885714
phi_m, max: -0.000000 at y = 3.971429./ phi_m, min: -0.404064 at y = 3.885714


phi_m, max: -0.000000 at y = 2.358571./ phi_m, min: -0.001153 at y = 2.535168
phi_m, max: -0.000000 at y = 2.358571./ phi_m, min: -0.001162 at y = 2.535168
phi_m, max: -0.000000 at y = 2.358571./ phi_m, min: -0.001153 at y = 2.535168
phi_m, max: -0.000000 at y = 2.358571./ phi_m, min: -0.001139 at y = 2.535587
phi_m, max: 0.027657 at y = 2.387143./ phi_m, min: -0.000395 at y = 2.597143
phi_m, max: 21.375315 at y = 2.387143./ phi_m, min: 0.000000 at y = 2.358571
phi_m, max: 115.959152 at y = 2.536426./ phi_m, min: 0.000000 at y = 2.358571
phi_m, max: 107.815821 at y = 2.539413./ phi_m, min: 0.000000 at y = 2.358571
phi_m, max: 90.799157 at y = 2.597143./ phi_m, min: 0.000000 at y = 2.358571
phi_m, max: 70.952776 at y = 2.597143./ phi_m, min: 0.000000 at y = 2.358571
phi_m, max: 51.589745 at y = 2.597143./ phi_m, min: 0.000000 at y = 2.358571
phi_m, max: 34.406092 at y = 2.597143./ phi_m, min: 0.000000 at y = 2.358571
phi_m, max: 12.937600 at y = 2.597143./ phi_m, min: 0.000000 at y = 2.358571
phi_m, max: 1.581991 at y = 2.597143./ phi_m, min: 0.000000 at y = 2.358571
phi_m, max: -0.000000 at y = 2.358571./ phi_m, min: -0.245301 at y = 2.387143
phi_m, max: -0.000000 at y = 2.358571./ phi_m, min: -0.395630 at y = 2.387143
phi_m, max: -0.000000 at y = 2.358571./ phi_m, min: -0.472500 at y = 2.387143
phi_m, max: -0.000000 at y = 2.358571./ phi_m, min: -0.510683 at y = 2.531624
phi_m, max: -0.000000 at y = 2.358571./ phi_m, min: -0.520444 at y = 2.534832
phi_m, max: -0.000000 at y = 2.358571./ phi_m, min: -0.509481 at y = 2.536426


phi_m, max: 0.015271 at y = 0.860000./ phi_m, min: -0.000723 at y = 1.070000
phi_m, max: 12.013272 at y = 0.860000./ phi_m, min: 0.000000 at y = 0.888571
phi_m, max: 115.904112 at y = 1.063633./ phi_m, min: 0.000000 at y = 0.888571
phi_m, max: 109.137075 at y = 1.069413./ phi_m, min: 0.000000 at y = 0.888571
phi_m, max: 92.540970 at y = 1.070000./ phi_m, min: 0.000000 at y = 0.888571
phi_m, max: 72.734563 at y = 1.070000./ phi_m, min: 0.000000 at y = 0.888571
phi_m, max: 53.159701 at y = 1.070000./ phi_m, min: 0.000000 at y = 0.888571
phi_m, max: 35.884004 at y = 1.070000./ phi_m, min: 0.000000 at y = 0.888571
phi_m, max: 14.654216 at y = 1.070000./ phi_m, min: 0.000000 at y = 0.888571
phi_m, max: 1.922336 at y = 1.070000./ phi_m, min: 0.000000 at y = 0.888571
phi_m, max: -0.000000 at y = 0.888571./ phi_m, min: -0.228129 at y = 0.860000
phi_m, max: -0.000000 at y = 0.888571./ phi_m, min: -0.388670 at y = 0.860000
phi_m, max: -0.000000 at y = 0.888571./ phi_m, min: -0.469793 at y = 0.860000
phi_m, max: -0.000000 at y = 0.888571./ phi_m, min: -0.508687 at y = 1.061624
phi_m, max: -0.000000 at y = 0.888571./ phi_m, min: -0.520634 at y = 1.064490
phi_m, max: -0.000000 at y = 0.888571./ phi_m, min: -0.511457 at y = 1.066426
phi_m, max: -0.000000 at y = 0.888571./ phi_m, min: -0.486031 at y = 1.067458
phi_m, max: -0.000000 at y = 0.888571./ phi_m, min: -0.450386 at y = 1.068213
phi_m, max: -0.000000 at y = 0.888571./ phi_m, min: -0.409633 at y = 1.068213
phi_m, max: -0.000000 at y = 0.888571./ phi_m, min: -0.367331 at y = 1.068376


phi_m, max: -0.000000 at y = 1.480000./ phi_m, min: -0.001152 at y = 1.485168
phi_m, max: 0.005816 at y = 1.308571./ phi_m, min: -0.000962 at y = 1.518571
phi_m, max: 5.150036 at y = 1.308571./ phi_m, min: 0.000000 at y = 1.480000
phi_m, max: 115.881761 at y = 1.481624./ phi_m, min: 0.000000 at y = 1.480000
phi_m, max: 110.628864 at y = 1.489413./ phi_m, min: 0.000000 at y = 1.480000
phi_m, max: 94.697881 at y = 1.490000./ phi_m, min: 0.000000 at y = 1.480000
phi_m, max: 75.119998 at y = 1.518571./ phi_m, min: 0.000000 at y = 1.480000
phi_m, max: 55.371945 at y = 1.518571./ phi_m, min: 0.000000 at y = 1.480000
phi_m, max: 37.955804 at y = 1.518571./ phi_m, min: 0.000000 at y = 1.480000
phi_m, max: 17.479702 at y = 1.518571./ phi_m, min: 0.000000 at y = 1.480000
phi_m, max: 2.588111 at y = 1.518571./ phi_m, min: 0.000000 at y = 1.480000
phi_m, max: 0.060715 at y = 1.518571./ phi_m, min: -0.194830 at y = 1.308571
phi_m, max: -0.000000 at y = 1.480000./ phi_m, min: -0.373771 at y = 1.308571
phi_m, max: -0.000000 at y = 1.480000./ phi_m, min: -0.461577 at y = 1.308571
phi_m, max: -0.000000 at y = 1.480000./ phi_m, min: -0.505537 at y = 1.481624
phi_m, max: -0.000000 at y = 1.480000./ phi_m, min: -0.520344 at y = 1.484490
phi_m, max: -0.000000 at y = 1.480000./ phi_m, min: -0.513445 at y = 1.486426
phi_m, max: -0.000000 at y = 1.480000./ phi_m, min: -0.489573 at y = 1.487458
phi_m, max: -0.000000 at y = 1.480000./ phi_m, min: -0.454816 at y = 1.488213
phi_m, max: -0.000000 at y = 1.480000./ phi_m, min: -0.414462 at y = 1.488213


phi_m, max: -0.000000 at y = 3.370000./ phi_m, min: -0.001153 at y = 3.375168
phi_m, max: -0.000000 at y = 3.370000./ phi_m, min: -0.001162 at y = 3.374832
phi_m, max: -0.000000 at y = 3.370000./ phi_m, min: -0.001153 at y = 3.374832
phi_m, max: -0.000000 at y = 3.370000./ phi_m, min: -0.001143 at y = 3.375168
phi_m, max: -0.000000 at y = 3.370000./ phi_m, min: -0.001133 at y = 3.375168
phi_m, max: -0.000000 at y = 3.370000./ phi_m, min: -0.001124 at y = 3.375168
phi_m, max: 0.003593 at y = 3.341429./ phi_m, min: -0.000974 at y = 3.551429
phi_m, max: 3.468323 at y = 3.341429./ phi_m, min: 0.000000 at y = 3.370000
phi_m, max: 115.812488 at y = 3.371624./ phi_m, min: 0.000000 at y = 3.370000
phi_m, max: 111.118954 at y = 3.551429./ phi_m, min: 0.000000 at y = 3.370000
phi_m, max: 95.858603 at y = 3.551429./ phi_m, min: 0.000000 at y = 3.370000
phi_m, max: 76.404143 at y = 3.551429./ phi_m, min: 0.000000 at y = 3.370000
phi_m, max: 56.568970 at y = 3.551429./ phi_m, min: 0.000000 at y = 3.370000
phi_m, max: 39.029027 at y = 3.551429./ phi_m, min: 0.000000 at y = 3.370000
phi_m, max: 18.986181 at y = 3.551429./ phi_m, min: 0.000000 at y = 3.370000
phi_m, max: 2.999264 at y = 3.551429./ phi_m, min: 0.000000 at y = 3.370000
phi_m, max: 0.109784 at y = 3.551429./ phi_m, min: -0.175879 at y = 3.341429
phi_m, max: -0.000000 at y = 3.370000./ phi_m, min: -0.366004 at y = 3.341429
phi_m, max: -0.000000 at y = 3.370000./ phi_m, min: -0.458011 at y = 3.370587
phi_m, max: -0.000000 at y = 3.370000./ phi_m, min: -0.504734 at y = 3.371624


phi_m, max: 114.270515 at y = 0.430587./ phi_m, min: -0.001124 at y = 3.198571
phi_m, max: 112.995228 at y = 0.439413./ phi_m, min: -0.001133 at y = 3.341429
phi_m, max: 98.507055 at y = 0.440000./ phi_m, min: -0.001125 at y = 3.341429
phi_m, max: 79.334432 at y = 0.440000./ phi_m, min: -0.001114 at y = 3.341429
phi_m, max: 59.322314 at y = 0.440000./ phi_m, min: -0.001105 at y = 3.341429
phi_m, max: 41.434949 at y = 0.440000./ phi_m, min: -0.001090 at y = 3.341429
phi_m, max: 22.296643 at y = 0.440000./ phi_m, min: 0.000000 at y = 0.430000
phi_m, max: 4.480422 at y = 3.198571./ phi_m, min: 0.000000 at y = 0.430000
phi_m, max: 114.584028 at y = 3.341429./ phi_m, min: -0.112950 at y = 0.344286
phi_m, max: 103.430016 at y = 3.341429./ phi_m, min: -0.342296 at y = 0.344286
phi_m, max: 85.242653 at y = 3.341429./ phi_m, min: -0.444503 at y = 0.344286
phi_m, max: 65.177600 at y = 3.341429./ phi_m, min: -0.498707 at y = 0.431624
phi_m, max: 46.502200 at y = 3.341429./ phi_m, min: -0.519414 at y = 0.433574
phi_m, max: 28.913298 at y = 3.341429./ phi_m, min: -0.516659 at y = 0.436426
phi_m, max: 7.681535 at y = 3.341429./ phi_m, min: -0.495828 at y = 0.437458
phi_m, max: 0.714760 at y = 3.341429./ phi_m, min: -0.462841 at y = 0.438213
phi_m, max: -0.000000 at y = 0.430000./ phi_m, min: -0.423322 at y = 0.438213
phi_m, max: -0.000000 at y = 0.430000./ phi_m, min: -0.381190 at y = 0.438376
phi_m, max: -0.000000 at y = 0.430000./ phi_m, min: -0.460050 at y = 3.198571
phi_m, max: -0.000000 at y = 0.430000./ phi_m, min: -0.502279 at y = 3.198571


phi_m, max: -0.000000 at y = 4.210000./ phi_m, min: -0.001153 at y = 4.215168
phi_m, max: -0.000000 at y = 4.210000./ phi_m, min: -0.001162 at y = 4.214832
phi_m, max: -0.000000 at y = 4.210000./ phi_m, min: -0.001153 at y = 4.214832
phi_m, max: -0.000000 at y = 4.210000./ phi_m, min: -0.001143 at y = 4.214832
phi_m, max: -0.000000 at y = 4.210000./ phi_m, min: -0.001133 at y = 4.214832
phi_m, max: -0.000000 at y = 4.210000./ phi_m, min: -0.001125 at y = 4.215168
phi_m, max: -0.000000 at y = 4.210000./ phi_m, min: -0.001117 at y = 4.215168
phi_m, max: -0.000000 at y = 4.210000./ phi_m, min: -0.001111 at y = 4.215168
phi_m, max: -0.000000 at y = 4.210000./ phi_m, min: -0.001057 at y = 4.420000
phi_m, max: 0.785040 at y = 4.210000./ phi_m, min: 0.000000 at y = 4.210000
phi_m, max: 113.282362 at y = 4.210000./ phi_m, min: 0.000000 at y = 4.210000
phi_m, max: 113.637488 at y = 4.420000./ phi_m, min: 0.000000 at y = 4.210000
phi_m, max: 100.262397 at y = 4.420000./ phi_m, min: 0.000000 at y = 4.210000
phi_m, max: 81.363524 at y = 4.420000./ phi_m, min: 0.000000 at y = 4.210000
phi_m, max: 61.287792 at y = 4.420000./ phi_m, min: 0.000000 at y = 4.210000
phi_m, max: 43.132551 at y = 4.420000./ phi_m, min: 0.000000 at y = 4.210000
phi_m, max: 24.619739 at y = 4.420000./ phi_m, min: 0.000000 at y = 4.210000
phi_m, max: 5.095524 at y = 4.420000./ phi_m, min: 0.000000 at y = 4.210000
phi_m, max: 0.366673 at y = 4.420000./ phi_m, min: -0.086247 at y = 4.210000
phi_m, max: -0.000000 at y = 4.210000./ phi_m, min: -0.334549 at y = 4.210000


phi_m, max: -0.000000 at y = 5.260000./ phi_m, min: -0.001153 at y = 5.264832
phi_m, max: -0.000000 at y = 5.260000./ phi_m, min: -0.001162 at y = 5.265168
phi_m, max: -0.000000 at y = 5.260000./ phi_m, min: -0.001153 at y = 5.265168
phi_m, max: -0.000000 at y = 5.260000./ phi_m, min: -0.001143 at y = 5.265168
phi_m, max: -0.000000 at y = 5.260000./ phi_m, min: -0.001133 at y = 5.265168
phi_m, max: -0.000000 at y = 5.260000./ phi_m, min: -0.001125 at y = 5.265168
phi_m, max: -0.000000 at y = 5.260000./ phi_m, min: -0.001117 at y = 5.265168
phi_m, max: -0.000000 at y = 5.260000./ phi_m, min: -0.001111 at y = 5.265168
phi_m, max: -0.000000 at y = 5.260000./ phi_m, min: -0.001106 at y = 5.265168
phi_m, max: -0.000000 at y = 5.260000./ phi_m, min: -0.001101 at y = 5.265168
phi_m, max: -0.000000 at y = 5.260000./ phi_m, min: -0.001096 at y = 5.265168
phi_m, max: 0.004417 at y = 5.063356./ phi_m, min: -0.000936 at y = 5.298571
phi_m, max: 4.065308 at y = 5.063356./ phi_m, min: 0.000000 at y = 5.260000
phi_m, max: 115.755553 at y = 5.261787./ phi_m, min: 0.000000 at y = 5.260000
phi_m, max: 111.118466 at y = 5.269413./ phi_m, min: 0.000000 at y = 5.260000
phi_m, max: 95.438719 at y = 5.270000./ phi_m, min: 0.000000 at y = 5.260000
phi_m, max: 75.933398 at y = 5.298571./ phi_m, min: 0.000000 at y = 5.260000
phi_m, max: 56.128937 at y = 5.298571./ phi_m, min: 0.000000 at y = 5.260000
phi_m, max: 38.638796 at y = 5.298571./ phi_m, min: 0.000000 at y = 5.260000
phi_m, max: 18.429105 at y = 5.298571./ phi_m, min: 0.000000 at y = 5.260000


phi_m, max: 112.624926 at y = 0.018213./ phi_m, min: 0.000000 at y = -0.010000
phi_m, max: 97.591567 at y = 0.018213./ phi_m, min: 0.000000 at y = -0.010000
phi_m, max: 78.306002 at y = 0.134286./ phi_m, min: 0.000000 at y = -0.010000
phi_m, max: 58.476535 at y = 0.134286./ phi_m, min: 0.000000 at y = -0.010000
phi_m, max: 40.847335 at y = 0.134286./ phi_m, min: 0.000000 at y = -0.010000
phi_m, max: 22.173906 at y = 0.134286./ phi_m, min: 0.000000 at y = -0.010000
phi_m, max: 4.093920 at y = 0.134286./ phi_m, min: 0.000000 at y = -0.010000
phi_m, max: 0.290113 at y = 0.006787./ phi_m, min: 0.000000 at y = -0.010000
phi_m, max: -0.000000 at y = -0.010000./ phi_m, min: -0.210813 at y = 0.134286
phi_m, max: -0.000000 at y = -0.010000./ phi_m, min: -0.366509 at y = 0.134286
phi_m, max: -0.000000 at y = -0.010000./ phi_m, min: -0.450270 at y = 0.134286
phi_m, max: -0.000000 at y = -0.010000./ phi_m, min: -0.489887 at y = 0.134286
phi_m, max: -0.000000 at y = -0.010000./ phi_m, min: -0.497524 at y = 0.134286
phi_m, max: -0.000000 at y = -0.010000./ phi_m, min: -0.483859 at y = 0.018376
phi_m, max: -0.000000 at y = -0.010000./ phi_m, min: -0.456568 at y = 0.017458
phi_m, max: -0.000000 at y = -0.010000./ phi_m, min: -0.421275 at y = 0.016426
phi_m, max: -0.000000 at y = -0.010000./ phi_m, min: -0.382165 at y = 0.011175
phi_m, max: -0.000000 at y = -0.010000./ phi_m, min: -0.342342 at y = 0.011175
phi_m, max: -0.000000 at y = -0.010000./ phi_m, min: -0.303588 at y = 0.009413
phi_m, max: -0.000000 at y = -0.010000./ phi_m, min: -0.267228 at y = 0.008376


Writing: "Fiber2DEphapticPlaneL6Isolated_20.chk"
 (0.00196904s, XML)
Time-integration  : 89494.3s
Writing: "Fiber2DEphapticPlaneL6Isolated.fld"
 (0.00833096s, XML)
-------------------------------------------
Total Computation Time = 89513.5s
-------------------------------------------
L 2 error (variable um) : 4.67256
L inf error (variable um) : 69.5069
L 2 error (variable ue) : 0
L inf error (variable ue) : 0
