Cm = 1.87e-11, Cn = 3.14e-09, Rf = 1.26e+08, Cm * Rf = 0.39564
v_InitObject: Node = 12400, Myelin = 960, extracell = 0
Max Anistrength_1  = 12.9582, Anistrength_2 = 12.9582, Min Anistrength 1 = 1, Anistrength 2 = 1
*** 1st Moving frames are NOT in unit length, Avg mag. = 12.4868 *** 
*** 2nd Moving frames are NOT in unit length, Avg mag. = 12.4868 *** 
*** Moving frames are Orthogonal
*** MF 0 = ( 0 , 12.4868 , 0 ) 
*** MF 1 = ( 12.4868 , 0 , 0 ) 
*** MF 2 = ( 0 , 0 , 1 ) 
============ End of MMFInitObect ============
Compute Varcoeff for phim ====================== 
k = 0, m_varcoeff = ( 0 , 12.4868 , 0 , 7.59388e-12 , 161.769 ) 
k = 1, m_varcoeff = ( 12.4868 , 0 , 0 , 1.51575e-11 , 161.769 ) 
k = 2, m_varcoeff = ( 0 , 0 , 1 , 0 , 1 ) 
 ::::: 2D Varcoeff is Successfully Created ::::: 

=======================================================================
	        EquationType: MMFNeuralEP
	        Session Name: NeuralEP2DL2mono_w0025_reri1
	        Spatial Dim.: 3
	  Max SEM Exp. Order: 4
	      Expansion Dim.: 2
	     Projection Type: Continuous Galerkin
	 Advect. advancement: explicit
	Diffuse. advancement: implicit
	           Time Step: 1e-07
	        No. of Steps: 20000000
	 Checkpoints (steps): 100000
	    Integration Type: IMEX
	             Surface: Plane
	           DerivType: Euclidean
	          MediumType: Anisotropy
	              MMFdir: TangentY
	        NeuralEPType: NeuralEP2D
	    SolverSchemeType: Default
	             TimeMap: DeActivated
	        TimeMapStart: 0
	          TimeMapEnd: 10000
	         ElemNodeEnd: 47
	       ElemMyelenEnd: 667
	         Temperature: 24
	            diameter: 0.0025
	             Helmtau: 1
	         ratio_re_ri: 1
=======================================================================
Initial Conditions:
  - Field um: 0
Elemid = 0, Nodeid = 0, x = 0.00125, y = 0.00046875, dist = 0.00179393, e1mag = 1, e2mag = 1, inarray = 0
Elemid = 1, Nodeid = 0, x = 0.00046875, y = 0.00125, dist = 0.00179393, e1mag = 1, e2mag = 1, inarray = 0
Elemid = 2, Nodeid = 0, x = 0.00203125, y = 0.00125, dist = 0.00179393, e1mag = 1, e2mag = 1, inarray = 0
Elemid = 3, Nodeid = 0, x = 0.00125, y = 0.00203125, dist = 0.00179393, e1mag = 1, e2mag = 1, inarray = 0
Elemid = 4, Nodeid = 1, x = 0.00046875, y = 0.00375, dist = 0.00179393, e1mag = 1, e2mag = 1, inarray = 0
Elemid = 5, Nodeid = 1, x = 0.00125, y = 0.00296875, dist = 0.00179393, e1mag = 1, e2mag = 1, inarray = 0
Elemid = 6, Nodeid = 1, x = 0.00125, y = 0.00453125, dist = 0.00179393, e1mag = 1, e2mag = 1, inarray = 0
Elemid = 7, Nodeid = 1, x = 0.00203125, y = 0.00375, dist = 0.00179393, e1mag = 1, e2mag = 1, inarray = 0
Elemid = 8, Nodeid = 2, x = 0.00046875, y = 0.20625, dist = 0.00179393, e1mag = 1, e2mag = 1, inarray = 0
Elemid = 9, Nodeid = 2, x = 0.00203125, y = 0.20625, dist = 0.00179393, e1mag = 1, e2mag = 1, inarray = 0
Elemid = 10, Nodeid = 2, x = 0.00125, y = 0.207031, dist = 0.00179393, e1mag = 1, e2mag = 1, inarray = 0
Elemid = 11, Nodeid = 2, x = 0.00125, y = 0.205469, dist = 0.00179393, e1mag = 1, e2mag = 1, inarray = 0
Elemid = 12, Nodeid = 3, x = 0.00203125, y = 0.40875, dist = 0.00179393, e1mag = 1, e2mag = 1, inarray = 0
Elemid = 13, Nodeid = 3, x = 0.00125, y = 0.407969, dist = 0.00179393, e1mag = 1, e2mag = 1, inarray = 0
Elemid = 14, Nodeid = 3, x = 0.00125, y = 0.409531, dist = 0.00179393, e1mag = 1, e2mag = 1, inarray = 0
Elemid = 15, Nodeid = 3, x = 0.00046875, y = 0.40875, dist = 0.00179393, e1mag = 1, e2mag = 1, inarray = 0
Elemid = 16, Nodeid = 4, x = 0.00125, y = 0.612031, dist = 0.00179393, e1mag = 1, e2mag = 1, inarray = 0
Elemid = 17, Nodeid = 4, x = 0.00125, y = 0.610469, dist = 0.00179393, e1mag = 1, e2mag = 1, inarray = 0
Elemid = 18, Nodeid = 4, x = 0.00046875, y = 0.61125, dist = 0.00179393, e1mag = 1, e2mag = 1, inarray = 0
Elemid = 19, Nodeid = 4, x = 0.00203125, y = 0.61125, dist = 0.00179393, e1mag = 1, e2mag = 1, inarray = 0
Elemid = 20, Nodeid = 5, x = 0.00125, y = 0.812969, dist = 0.00179393, e1mag = 1, e2mag = 1, inarray = 0
Elemid = 21, Nodeid = 5, x = 0.00125, y = 0.814531, dist = 0.00179393, e1mag = 1, e2mag = 1, inarray = 0
Elemid = 22, Nodeid = 5, x = 0.00046875, y = 0.81375, dist = 0.00179393, e1mag = 1, e2mag = 1, inarray = 0
Elemid = 23, Nodeid = 5, x = 0.00203125, y = 0.81375, dist = 0.00179393, e1mag = 1, e2mag = 1, inarray = 0
Elemid = 24, Nodeid = 6, x = 0.00125, y = 1.01703, dist = 0.00179393, e1mag = 1, e2mag = 1, inarray = 0
Elemid = 25, Nodeid = 6, x = 0.00125, y = 1.01547, dist = 0.00179393, e1mag = 1, e2mag = 1, inarray = 0
Elemid = 26, Nodeid = 6, x = 0.00046875, y = 1.01625, dist = 0.00179393, e1mag = 1, e2mag = 1, inarray = 0
Elemid = 27, Nodeid = 6, x = 0.00203125, y = 1.01625, dist = 0.00179393, e1mag = 1, e2mag = 1, inarray = 0
Elemid = 28, Nodeid = 7, x = 0.00125, y = 1.21797, dist = 0.00179393, e1mag = 1, e2mag = 1, inarray = 0
Elemid = 29, Nodeid = 7, x = 0.00125, y = 1.21953, dist = 0.00179393, e1mag = 1, e2mag = 1, inarray = 0
Elemid = 30, Nodeid = 7, x = 0.00046875, y = 1.21875, dist = 0.00179393, e1mag = 1, e2mag = 1, inarray = 0
Elemid = 31, Nodeid = 7, x = 0.00203125, y = 1.21875, dist = 0.00179393, e1mag = 1, e2mag = 1, inarray = 0
Elemid = 32, Nodeid = 8, x = 0.00125, y = 1.42047, dist = 0.00179393, e1mag = 1, e2mag = 1, inarray = 0
Elemid = 33, Nodeid = 8, x = 0.00125, y = 1.42203, dist = 0.00179393, e1mag = 1, e2mag = 1, inarray = 0
Elemid = 34, Nodeid = 8, x = 0.00046875, y = 1.42125, dist = 0.00179393, e1mag = 1, e2mag = 1, inarray = 0
Elemid = 35, Nodeid = 8, x = 0.00203125, y = 1.42125, dist = 0.00179393, e1mag = 1, e2mag = 1, inarray = 0
Elemid = 36, Nodeid = 9, x = 0.00125, y = 1.62297, dist = 0.00179393, e1mag = 1, e2mag = 1, inarray = 0
Elemid = 37, Nodeid = 9, x = 0.00125, y = 1.62453, dist = 0.00179393, e1mag = 1, e2mag = 1, inarray = 0
Elemid = 38, Nodeid = 9, x = 0.00046875, y = 1.62375, dist = 0.00179393, e1mag = 1, e2mag = 1, inarray = 0
Elemid = 39, Nodeid = 9, x = 0.00203125, y = 1.62375, dist = 0.00179393, e1mag = 1, e2mag = 1, inarray = 0
Elemid = 40, Nodeid = 10, x = 0.00125, y = 1.82547, dist = 0.00179393, e1mag = 1, e2mag = 1, inarray = 0
Elemid = 41, Nodeid = 10, x = 0.00125, y = 1.82703, dist = 0.00179393, e1mag = 1, e2mag = 1, inarray = 0
Elemid = 42, Nodeid = 10, x = 0.00046875, y = 1.82625, dist = 0.00179393, e1mag = 1, e2mag = 1, inarray = 0
Elemid = 43, Nodeid = 10, x = 0.00203125, y = 1.82625, dist = 0.00179393, e1mag = 1, e2mag = 1, inarray = 0
Elemid = 44, Nodeid = 11, x = 0.00203125, y = 2.02875, dist = 0.00179393, e1mag = 1, e2mag = 1, inarray = 0
Elemid = 45, Nodeid = 11, x = 0.00125, y = 2.02797, dist = 0.00179393, e1mag = 1, e2mag = 1, inarray = 0
Elemid = 46, Nodeid = 11, x = 0.00125, y = 2.02953, dist = 0.00179393, e1mag = 1, e2mag = 1, inarray = 0
Elemid = 47, Nodeid = 11, x = 0.00046875, y = 2.02875, dist = 0.00179393, e1mag = 1, e2mag = 1, inarray = 0
Elemid = 48, Nodeid = -1, x = 0.0015625, y = 0.00701613, dist = 0.00234925, e1mag = 12.9582, e2mag = 12.9582, inarray = 0
Elemid = 49, Nodeid = -1, x = 0.00078125, y = 0.00943548, dist = 0.00646604, e1mag = 12.9582, e2mag = 12.9582, inarray = 0
Elemid = 50, Nodeid = -1, x = 0.00078125, y = 0.202984, dist = 0.00646604, e1mag = 12.9582, e2mag = 12.9582, inarray = 0
Elemid = 51, Nodeid = -1, x = 0.00171875, y = 0.200968, dist = 0.00589406, e1mag = 12.9582, e2mag = 12.9582, inarray = 0
Elemid = 52, Nodeid = -1, x = 0.00078125, y = 0.0134677, dist = 0.00273698, e1mag = 12.9582, e2mag = 12.9582, inarray = 0
Elemid = 53, Nodeid = -1, x = 0.00078125, y = 0.0199194, dist = 0.00273698, e1mag = 12.9582, e2mag = 12.9582, inarray = 0
Elemid = 54, Nodeid = -1, x = 0.0015625, y = 0.0158871, dist = 0.00677505, e1mag = 12.9582, e2mag = 12.9582, inarray = 0
Elemid = 55, Nodeid = -1, x = 0.00078125, y = 0.026371, dist = 0.00273698, e1mag = 12.9582, e2mag = 12.9582, inarray = 0
Elemid = 56, Nodeid = -1, x = 0.0015625, y = 0.0223387, dist = 0.00677505, e1mag = 12.9582, e2mag = 12.9582, inarray = 0
Elemid = 57, Nodeid = -1, x = 0.00078125, y = 0.0352419, dist = 0.00646604, e1mag = 12.9582, e2mag = 12.9582, inarray = 0
Elemid = 58, Nodeid = -1, x = 0.0015625, y = 0.0287903, dist = 0.00677505, e1mag = 12.9582, e2mag = 12.9582, inarray = 0
Elemid = 59, Nodeid = -1, x = 0.0015625, y = 0.0328226, dist = 0.00234925, e1mag = 12.9582, e2mag = 12.9582, inarray = 0
Elemid = 60, Nodeid = -1, x = 0.00078125, y = 0.0392742, dist = 0.00273698, e1mag = 12.9582, e2mag = 12.9582, inarray = 0
Elemid = 61, Nodeid = -1, x = 0.00078125, y = 0.0457258, dist = 0.00273698, e1mag = 12.9582, e2mag = 12.9582, inarray = 0
Elemid = 62, Nodeid = -1, x = 0.0015625, y = 0.0416935, dist = 0.00677505, e1mag = 12.9582, e2mag = 12.9582, inarray = 0
Elemid = 63, Nodeid = -1, x = 0.00078125, y = 0.0521774, dist = 0.00273698, e1mag = 12.9582, e2mag = 12.9582, inarray = 0
Elemid = 64, Nodeid = -1, x = 0.0015625, y = 0.0481452, dist = 0.00677505, e1mag = 12.9582, e2mag = 12.9582, inarray = 0
Elemid = 65, Nodeid = -1, x = 0.00078125, y = 0.058629, dist = 0.00273698, e1mag = 12.9582, e2mag = 12.9582, inarray = 0
Elemid = 66, Nodeid = -1, x = 0.0015625, y = 0.0545968, dist = 0.00677505, e1mag = 12.9582, e2mag = 12.9582, inarray = 0
Elemid = 67, Nodeid = -1, x = 0.00078125, y = 0.0650806, dist = 0.00273698, e1mag = 12.9582, e2mag = 12.9582, inarray = 0
Elemid = 68, Nodeid = -1, x = 0.0015625, y = 0.0610484, dist = 0.00677505, e1mag = 12.9582, e2mag = 12.9582, inarray = 0
Elemid = 69, Nodeid = -1, x = 0.00078125, y = 0.0715323, dist = 0.00273698, e1mag = 12.9582, e2mag = 12.9582, inarray = 0
Elemid = 70, Nodeid = -1, x = 0.0015625, y = 0.0675, dist = 0.00677505, e1mag = 12.9582, e2mag = 12.9582, inarray = 0
Elemid = 71, Nodeid = -1, x = 0.00078125, y = 0.0779839, dist = 0.00273698, e1mag = 12.9582, e2mag = 12.9582, inarray = 0
Elemid = 72, Nodeid = -1, x = 0.0015625, y = 0.0739516, dist = 0.00677505, e1mag = 12.9582, e2mag = 12.9582, inarray = 0
Elemid = 73, Nodeid = -1, x = 0.00078125, y = 0.0844355, dist = 0.00273698, e1mag = 12.9582, e2mag = 12.9582, inarray = 0
Elemid = 74, Nodeid = -1, x = 0.0015625, y = 0.0804032, dist = 0.00677505, e1mag = 12.9582, e2mag = 12.9582, inarray = 0
Elemid = 75, Nodeid = -1, x = 0.00078125, y = 0.0908871, dist = 0.00273698, e1mag = 12.9582, e2mag = 12.9582, inarray = 0
Elemid = 76, Nodeid = -1, x = 0.0015625, y = 0.0868548, dist = 0.00677505, e1mag = 12.9582, e2mag = 12.9582, inarray = 0
Elemid = 77, Nodeid = -1, x = 0.00078125, y = 0.0973387, dist = 0.00273698, e1mag = 12.9582, e2mag = 12.9582, inarray = 0
Elemid = 78, Nodeid = -1, x = 0.0015625, y = 0.0933065, dist = 0.00677505, e1mag = 12.9582, e2mag = 12.9582, inarray = 0
Elemid = 79, Nodeid = -1, x = 0.00078125, y = 0.10379, dist = 0.00273698, e1mag = 12.9582, e2mag = 12.9582, inarray = 0
Elemid = 80, Nodeid = -1, x = 0.0015625, y = 0.0997581, dist = 0.00677505, e1mag = 12.9582, e2mag = 12.9582, inarray = 0
Elemid = 81, Nodeid = -1, x = 0.00078125, y = 0.110242, dist = 0.00273698, e1mag = 12.9582, e2mag = 12.9582, inarray = 0
Elemid = 82, Nodeid = -1, x = 0.0015625, y = 0.10621, dist = 0.00677504, e1mag = 12.9582, e2mag = 12.9582, inarray = 0
Elemid = 83, Nodeid = -1, x = 0.00078125, y = 0.116694, dist = 0.00273698, e1mag = 12.9582, e2mag = 12.9582, inarray = 0
Elemid = 84, Nodeid = -1, x = 0.0015625, y = 0.112661, dist = 0.00677505, e1mag = 12.9582, e2mag = 12.9582, inarray = 0
Elemid = 85, Nodeid = -1, x = 0.00078125, y = 0.123145, dist = 0.00273698, e1mag = 12.9582, e2mag = 12.9582, inarray = 0
Elemid = 86, Nodeid = -1, x = 0.0015625, y = 0.119113, dist = 0.00677505, e1mag = 12.9582, e2mag = 12.9582, inarray = 0
Elemid = 87, Nodeid = -1, x = 0.00078125, y = 0.129597, dist = 0.00273698, e1mag = 12.9582, e2mag = 12.9582, inarray = 0
Elemid = 88, Nodeid = -1, x = 0.0015625, y = 0.125565, dist = 0.00677505, e1mag = 12.9582, e2mag = 12.9582, inarray = 0
Elemid = 89, Nodeid = -1, x = 0.00078125, y = 0.136048, dist = 0.00273698, e1mag = 12.9582, e2mag = 12.9582, inarray = 0
Elemid = 90, Nodeid = -1, x = 0.0015625, y = 0.132016, dist = 0.00677505, e1mag = 12.9582, e2mag = 12.9582, inarray = 0
Elemid = 91, Nodeid = -1, x = 0.00078125, y = 0.1425, dist = 0.00273698, e1mag = 12.9582, e2mag = 12.9582, inarray = 0
Elemid = 92, Nodeid = -1, x = 0.0015625, y = 0.138468, dist = 0.00677505, e1mag = 12.9582, e2mag = 12.9582, inarray = 0
Elemid = 93, Nodeid = -1, x = 0.00078125, y = 0.148952, dist = 0.00273698, e1mag = 12.9582, e2mag = 12.9582, inarray = 0
Elemid = 94, Nodeid = -1, x = 0.0015625, y = 0.144919, dist = 0.00677505, e1mag = 12.9582, e2mag = 12.9582, inarray = 0
Elemid = 95, Nodeid = -1, x = 0.00078125, y = 0.155403, dist = 0.00273698, e1mag = 12.9582, e2mag = 12.9582, inarray = 0
Elemid = 96, Nodeid = -1, x = 0.0015625, y = 0.151371, dist = 0.00677505, e1mag = 12.9582, e2mag = 12.9582, inarray = 0
Elemid = 97, Nodeid = -1, x = 0.00078125, y = 0.161855, dist = 0.00273698, e1mag = 12.9582, e2mag = 12.9582, inarray = 0
Elemid = 98, Nodeid = -1, x = 0.0015625, y = 0.157823, dist = 0.00677505, e1mag = 12.9582, e2mag = 12.9582, inarray = 0
Elemid = 99, Nodeid = -1, x = 0.00078125, y = 0.168306, dist = 0.00273698, e1mag = 12.9582, e2mag = 12.9582, inarray = 0
Elemid = 100, Nodeid = -1, x = 0.0015625, y = 0.164274, dist = 0.00677505, e1mag = 12.9582, e2mag = 12.9582, inarray = 0
Elemid = 101, Nodeid = -1, x = 0.0009375, y = 0.177177, dist = 0.00234925, e1mag = 12.9582, e2mag = 12.9582, inarray = 0
Elemid = 102, Nodeid = -1, x = 0.00171875, y = 0.170726, dist = 0.00273698, e1mag = 12.9582, e2mag = 12.9582, inarray = 0
Elemid = 103, Nodeid = -1, x = 0.00171875, y = 0.174758, dist = 0.00646604, e1mag = 12.9582, e2mag = 12.9582, inarray = 0
Elemid = 104, Nodeid = -1, x = 0.0009375, y = 0.183629, dist = 0.00234925, e1mag = 12.9582, e2mag = 12.9582, inarray = 0
Elemid = 105, Nodeid = -1, x = 0.00171875, y = 0.18121, dist = 0.00646604, e1mag = 12.9582, e2mag = 12.9582, inarray = 0
Elemid = 106, Nodeid = -1, x = 0.0009375, y = 0.190081, dist = 0.00234925, e1mag = 12.9582, e2mag = 12.9582, inarray = 0
Elemid = 107, Nodeid = -1, x = 0.00171875, y = 0.187661, dist = 0.00646604, e1mag = 12.9582, e2mag = 12.9582, inarray = 0
Elemid = 108, Nodeid = -1, x = 0.00078125, y = 0.196129, dist = 0.00589406, e1mag = 12.9582, e2mag = 12.9582, inarray = 0
Elemid = 109, Nodeid = -1, x = 0.00171875, y = 0.194113, dist = 0.00646604, e1mag = 12.9582, e2mag = 12.9582, inarray = 0
Elemid = 110, Nodeid = -1, x = 0.00078125, y = 0.209516, dist = 0.00273698, e1mag = 12.9582, e2mag = 12.9582, inarray = 0
Elemid = 111, Nodeid = -1, x = 0.00171875, y = 0.211532, dist = 0.00535502, e1mag = 12.9582, e2mag = 12.9582, inarray = 0
Elemid = 112, Nodeid = -1, x = 0.00078125, y = 0.405484, dist = 0.00646604, e1mag = 12.9582, e2mag = 12.9582, inarray = 0
Elemid = 113, Nodeid = -1, x = 0.0015625, y = 0.403065, dist = 0.00234925, e1mag = 12.9582, e2mag = 12.9582, inarray = 0
Elemid = 114, Nodeid = -1, x = 0.00078125, y = 0.218387, dist = 0.00646604, e1mag = 12.9582, e2mag = 12.9582, inarray = 0
Elemid = 115, Nodeid = -1, x = 0.0015625, y = 0.215968, dist = 0.00234925, e1mag = 12.9582, e2mag = 12.9582, inarray = 0
Elemid = 116, Nodeid = -1, x = 0.00078125, y = 0.222419, dist = 0.00273698, e1mag = 12.9582, e2mag = 12.9582, inarray = 0
Elemid = 117, Nodeid = -1, x = 0.00078125, y = 0.23129, dist = 0.00646604, e1mag = 12.9582, e2mag = 12.9582, inarray = 0
Elemid = 118, Nodeid = -1, x = 0.0015625, y = 0.224839, dist = 0.00677505, e1mag = 12.9582, e2mag = 12.9582, inarray = 0
Elemid = 119, Nodeid = -1, x = 0.0015625, y = 0.228871, dist = 0.00234925, e1mag = 12.9582, e2mag = 12.9582, inarray = 0
Elemid = 120, Nodeid = -1, x = 0.00078125, y = 0.235323, dist = 0.00273698, e1mag = 12.9582, e2mag = 12.9582, inarray = 0
Elemid = 121, Nodeid = -1, x = 0.00078125, y = 0.241774, dist = 0.00273698, e1mag = 12.9582, e2mag = 12.9582, inarray = 0
Elemid = 122, Nodeid = -1, x = 0.0015625, y = 0.237742, dist = 0.00677505, e1mag = 12.9582, e2mag = 12.9582, inarray = 0
Elemid = 123, Nodeid = -1, x = 0.00078125, y = 0.248226, dist = 0.00273698, e1mag = 12.9582, e2mag = 12.9582, inarray = 0
Elemid = 124, Nodeid = -1, x = 0.0015625, y = 0.244194, dist = 0.00677504, e1mag = 12.9582, e2mag = 12.9582, inarray = 0
Elemid = 125, Nodeid = -1, x = 0.00078125, y = 0.254677, dist = 0.00273698, e1mag = 12.9582, e2mag = 12.9582, inarray = 0
Elemid = 126, Nodeid = -1, x = 0.0015625, y = 0.250645, dist = 0.00677505, e1mag = 12.9582, e2mag = 12.9582, inarray = 0
Elemid = 127, Nodeid = -1, x = 0.00078125, y = 0.261129, dist = 0.00273698, e1mag = 12.9582, e2mag = 12.9582, inarray = 0
Elemid = 128, Nodeid = -1, x = 0.0015625, y = 0.257097, dist = 0.00677505, e1mag = 12.9582, e2mag = 12.9582, inarray = 0
Elemid = 129, Nodeid = -1, x = 0.00078125, y = 0.267581, dist = 0.00273698, e1mag = 12.9582, e2mag = 12.9582, inarray = 0
Elemid = 130, Nodeid = -1, x = 0.0015625, y = 0.263548, dist = 0.00677505, e1mag = 12.9582, e2mag = 12.9582, inarray = 0
Elemid = 131, Nodeid = -1, x = 0.00078125, y = 0.274032, dist = 0.00273698, e1mag = 12.9582, e2mag = 12.9582, inarray = 0
Elemid = 132, Nodeid = -1, x = 0.0015625, y = 0.27, dist = 0.00677505, e1mag = 12.9582, e2mag = 12.9582, inarray = 0
Elemid = 133, Nodeid = -1, x = 0.00078125, y = 0.280484, dist = 0.00273698, e1mag = 12.9582, e2mag = 12.9582, inarray = 0
Elemid = 134, Nodeid = -1, x = 0.0015625, y = 0.276452, dist = 0.00677505, e1mag = 12.9582, e2mag = 12.9582, inarray = 0
Elemid = 135, Nodeid = -1, x = 0.00078125, y = 0.286935, dist = 0.00273698, e1mag = 12.9582, e2mag = 12.9582, inarray = 0
Elemid = 136, Nodeid = -1, x = 0.0015625, y = 0.282903, dist = 0.00677505, e1mag = 12.9582, e2mag = 12.9582, inarray = 0
Elemid = 137, Nodeid = -1, x = 0.00078125, y = 0.293387, dist = 0.00273698, e1mag = 12.9582, e2mag = 12.9582, inarray = 0
Elemid = 138, Nodeid = -1, x = 0.0015625, y = 0.289355, dist = 0.00677505, e1mag = 12.9582, e2mag = 12.9582, inarray = 0
Elemid = 139, Nodeid = -1, x = 0.00078125, y = 0.299839, dist = 0.00273698, e1mag = 12.9582, e2mag = 12.9582, inarray = 0
Elemid = 140, Nodeid = -1, x = 0.0015625, y = 0.295806, dist = 0.00677505, e1mag = 12.9582, e2mag = 12.9582, inarray = 0
Elemid = 141, Nodeid = -1, x = 0.00078125, y = 0.30629, dist = 0.00273698, e1mag = 12.9582, e2mag = 12.9582, inarray = 0
Elemid = 142, Nodeid = -1, x = 0.0015625, y = 0.302258, dist = 0.00677505, e1mag = 12.9582, e2mag = 12.9582, inarray = 0
Elemid = 143, Nodeid = -1, x = 0.00078125, y = 0.312742, dist = 0.00273698, e1mag = 12.9582, e2mag = 12.9582, inarray = 0
Elemid = 144, Nodeid = -1, x = 0.0015625, y = 0.30871, dist = 0.00677504, e1mag = 12.9582, e2mag = 12.9582, inarray = 0
Elemid = 145, Nodeid = -1, x = 0.00078125, y = 0.321613, dist = 0.00646604, e1mag = 12.9582, e2mag = 12.9582, inarray = 0
Elemid = 146, Nodeid = -1, x = 0.0015625, y = 0.315161, dist = 0.00677505, e1mag = 12.9582, e2mag = 12.9582, inarray = 0
Elemid = 147, Nodeid = -1, x = 0.0015625, y = 0.319194, dist = 0.00234925, e1mag = 12.9582, e2mag = 12.9582, inarray = 0
Elemid = 148, Nodeid = -1, x = 0.00078125, y = 0.325645, dist = 0.00273698, e1mag = 12.9582, e2mag = 12.9582, inarray = 0
Elemid = 149, Nodeid = -1, x = 0.00078125, y = 0.334516, dist = 0.00646604, e1mag = 12.9582, e2mag = 12.9582, inarray = 0
Elemid = 150, Nodeid = -1, x = 0.0015625, y = 0.328065, dist = 0.00677505, e1mag = 12.9582, e2mag = 12.9582, inarray = 0
Elemid = 151, Nodeid = -1, x = 0.0015625, y = 0.332097, dist = 0.00234925, e1mag = 12.9582, e2mag = 12.9582, inarray = 0
Elemid = 152, Nodeid = -1, x = 0.00078125, y = 0.338548, dist = 0.00273698, e1mag = 12.9582, e2mag = 12.9582, inarray = 0
Elemid = 153, Nodeid = -1, x = 0.00078125, y = 0.345, dist = 0.00273698, e1mag = 12.9582, e2mag = 12.9582, inarray = 0
Elemid = 154, Nodeid = -1, x = 0.0015625, y = 0.340968, dist = 0.00677505, e1mag = 12.9582, e2mag = 12.9582, inarray = 0
Elemid = 155, Nodeid = -1, x = 0.00078125, y = 0.351452, dist = 0.00273698, e1mag = 12.9582, e2mag = 12.9582, inarray = 0
Elemid = 156, Nodeid = -1, x = 0.0015625, y = 0.347419, dist = 0.00677505, e1mag = 12.9582, e2mag = 12.9582, inarray = 0
Elemid = 157, Nodeid = -1, x = 0.00078125, y = 0.357903, dist = 0.00273698, e1mag = 12.9582, e2mag = 12.9582, inarray = 0
Elemid = 158, Nodeid = -1, x = 0.0015625, y = 0.353871, dist = 0.00677505, e1mag = 12.9582, e2mag = 12.9582, inarray = 0
Elemid = 159, Nodeid = -1, x = 0.00078125, y = 0.364355, dist = 0.00273698, e1mag = 12.9582, e2mag = 12.9582, inarray = 0
Elemid = 160, Nodeid = -1, x = 0.0015625, y = 0.360323, dist = 0.00677505, e1mag = 12.9582, e2mag = 12.9582, inarray = 0
Elemid = 161, Nodeid = -1, x = 0.00078125, y = 0.370806, dist = 0.00273698, e1mag = 12.9582, e2mag = 12.9582, inarray = 0
Elemid = 162, Nodeid = -1, x = 0.0015625, y = 0.366774, dist = 0.00677505, e1mag = 12.9582, e2mag = 12.9582, inarray = 0
Elemid = 163, Nodeid = -1, x = 0.00078125, y = 0.377258, dist = 0.00273698, e1mag = 12.9582, e2mag = 12.9582, inarray = 0
Elemid = 164, Nodeid = -1, x = 0.0015625, y = 0.373226, dist = 0.00677504, e1mag = 12.9582, e2mag = 12.9582, inarray = 0
Elemid = 165, Nodeid = -1, x = 0.00078125, y = 0.38371, dist = 0.00273698, e1mag = 12.9582, e2mag = 12.9582, inarray = 0
Elemid = 166, Nodeid = -1, x = 0.0015625, y = 0.379677, dist = 0.00677505, e1mag = 12.9582, e2mag = 12.9582, inarray = 0
Elemid = 167, Nodeid = -1, x = 0.00078125, y = 0.390161, dist = 0.00273698, e1mag = 12.9582, e2mag = 12.9582, inarray = 0
Elemid = 168, Nodeid = -1, x = 0.0015625, y = 0.386129, dist = 0.00677505, e1mag = 12.9582, e2mag = 12.9582, inarray = 0
Elemid = 169, Nodeid = -1, x = 0.00078125, y = 0.396613, dist = 0.00273698, e1mag = 12.9582, e2mag = 12.9582, inarray = 0
Elemid = 170, Nodeid = -1, x = 0.0015625, y = 0.392581, dist = 0.00677505, e1mag = 12.9582, e2mag = 12.9582, inarray = 0
Elemid = 171, Nodeid = -1, x = 0.0015625, y = 0.399032, dist = 0.00677505, e1mag = 12.9582, e2mag = 12.9582, inarray = 0
Elemid = 172, Nodeid = -1, x = 0.00171875, y = 0.412419, dist = 0.00589406, e1mag = 12.9582, e2mag = 12.9582, inarray = 0
Elemid = 173, Nodeid = -1, x = 0.00078125, y = 0.414435, dist = 0.00646604, e1mag = 12.9582, e2mag = 12.9582, inarray = 0
Elemid = 174, Nodeid = -1, x = 0.00171875, y = 0.607984, dist = 0.00273698, e1mag = 12.9582, e2mag = 12.9582, inarray = 0
Elemid = 175, Nodeid = -1, x = 0.00078125, y = 0.605565, dist = 0.00273698, e1mag = 12.9582, e2mag = 12.9582, inarray = 0
Elemid = 176, Nodeid = -1, x = 0.00078125, y = 0.420887, dist = 0.00646604, e1mag = 12.9582, e2mag = 12.9582, inarray = 0
Elemid = 177, Nodeid = -1, x = 0.0015625, y = 0.418468, dist = 0.00234925, e1mag = 12.9582, e2mag = 12.9582, inarray = 0
Elemid = 178, Nodeid = -1, x = 0.00078125, y = 0.424919, dist = 0.00273698, e1mag = 12.9582, e2mag = 12.9582, inarray = 0
Elemid = 179, Nodeid = -1, x = 0.00078125, y = 0.431371, dist = 0.00273698, e1mag = 12.9582, e2mag = 12.9582, inarray = 0
Elemid = 180, Nodeid = -1, x = 0.0015625, y = 0.427339, dist = 0.00677505, e1mag = 12.9582, e2mag = 12.9582, inarray = 0
Elemid = 181, Nodeid = -1, x = 0.00078125, y = 0.437823, dist = 0.00273698, e1mag = 12.9582, e2mag = 12.9582, inarray = 0
Elemid = 182, Nodeid = -1, x = 0.0015625, y = 0.43379, dist = 0.00677505, e1mag = 12.9582, e2mag = 12.9582, inarray = 0
Elemid = 183, Nodeid = -1, x = 0.00078125, y = 0.444274, dist = 0.00273698, e1mag = 12.9582, e2mag = 12.9582, inarray = 0
Elemid = 184, Nodeid = -1, x = 0.0015625, y = 0.440242, dist = 0.00677505, e1mag = 12.9582, e2mag = 12.9582, inarray = 0
Elemid = 185, Nodeid = -1, x = 0.00078125, y = 0.450726, dist = 0.00273698, e1mag = 12.9582, e2mag = 12.9582, inarray = 0
Elemid = 186, Nodeid = -1, x = 0.0015625, y = 0.446694, dist = 0.00677504, e1mag = 12.9582, e2mag = 12.9582, inarray = 0
Elemid = 187, Nodeid = -1, x = 0.00078125, y = 0.459194, dist = 0.00589406, e1mag = 12.9582, e2mag = 12.9582, inarray = 0
Elemid = 188, Nodeid = -1, x = 0.00171875, y = 0.453145, dist = 0.00273698, e1mag = 12.9582, e2mag = 12.9582, inarray = 0
Elemid = 189, Nodeid = -1, x = 0.00171875, y = 0.457177, dist = 0.00646604, e1mag = 12.9582, e2mag = 12.9582, inarray = 0
Elemid = 190, Nodeid = -1, x = 0.00078125, y = 0.463629, dist = 0.00273698, e1mag = 12.9582, e2mag = 12.9582, inarray = 0
Elemid = 191, Nodeid = -1, x = 0.00078125, y = 0.4725, dist = 0.00646604, e1mag = 12.9582, e2mag = 12.9582, inarray = 0
Elemid = 192, Nodeid = -1, x = 0.0015625, y = 0.466048, dist = 0.00677505, e1mag = 12.9582, e2mag = 12.9582, inarray = 0
Elemid = 193, Nodeid = -1, x = 0.0015625, y = 0.470081, dist = 0.00234925, e1mag = 12.9582, e2mag = 12.9582, inarray = 0
Elemid = 194, Nodeid = -1, x = 0.00078125, y = 0.476532, dist = 0.00273698, e1mag = 12.9582, e2mag = 12.9582, inarray = 0
Elemid = 195, Nodeid = -1, x = 0.00078125, y = 0.482984, dist = 0.00273698, e1mag = 12.9582, e2mag = 12.9582, inarray = 0
Elemid = 196, Nodeid = -1, x = 0.0015625, y = 0.478952, dist = 0.00677505, e1mag = 12.9582, e2mag = 12.9582, inarray = 0
Elemid = 197, Nodeid = -1, x = 0.00078125, y = 0.489435, dist = 0.00273698, e1mag = 12.9582, e2mag = 12.9582, inarray = 0
Elemid = 198, Nodeid = -1, x = 0.0015625, y = 0.485403, dist = 0.00677505, e1mag = 12.9582, e2mag = 12.9582, inarray = 0
Elemid = 199, Nodeid = -1, x = 0.00078125, y = 0.495887, dist = 0.00273698, e1mag = 12.9582, e2mag = 12.9582, inarray = 0
Elemid = 200, Nodeid = -1, x = 0.0015625, y = 0.491855, dist = 0.00677505, e1mag = 12.9582, e2mag = 12.9582, inarray = 0
Elemid = 201, Nodeid = -1, x = 0.00078125, y = 0.502339, dist = 0.00273698, e1mag = 12.9582, e2mag = 12.9582, inarray = 0
Elemid = 202, Nodeid = -1, x = 0.0015625, y = 0.498306, dist = 0.00677505, e1mag = 12.9582, e2mag = 12.9582, inarray = 0
Elemid = 203, Nodeid = -1, x = 0.00078125, y = 0.50879, dist = 0.00273698, e1mag = 12.9582, e2mag = 12.9582, inarray = 0
Elemid = 204, Nodeid = -1, x = 0.0015625, y = 0.504758, dist = 0.00677505, e1mag = 12.9582, e2mag = 12.9582, inarray = 0
Elemid = 205, Nodeid = -1, x = 0.00078125, y = 0.515242, dist = 0.00273698, e1mag = 12.9582, e2mag = 12.9582, inarray = 0
Elemid = 206, Nodeid = -1, x = 0.0015625, y = 0.51121, dist = 0.00677504, e1mag = 12.9582, e2mag = 12.9582, inarray = 0
Elemid = 207, Nodeid = -1, x = 0.00078125, y = 0.521694, dist = 0.00273698, e1mag = 12.9582, e2mag = 12.9582, inarray = 0
Elemid = 208, Nodeid = -1, x = 0.0015625, y = 0.517661, dist = 0.00677505, e1mag = 12.9582, e2mag = 12.9582, inarray = 0
Elemid = 209, Nodeid = -1, x = 0.00078125, y = 0.528145, dist = 0.00273698, e1mag = 12.9582, e2mag = 12.9582, inarray = 0
Elemid = 210, Nodeid = -1, x = 0.0015625, y = 0.524113, dist = 0.00677505, e1mag = 12.9582, e2mag = 12.9582, inarray = 0
Elemid = 211, Nodeid = -1, x = 0.00078125, y = 0.534597, dist = 0.00273698, e1mag = 12.9582, e2mag = 12.9582, inarray = 0
Elemid = 212, Nodeid = -1, x = 0.0015625, y = 0.530565, dist = 0.00677505, e1mag = 12.9582, e2mag = 12.9582, inarray = 0
Elemid = 213, Nodeid = -1, x = 0.00078125, y = 0.541048, dist = 0.00273698, e1mag = 12.9582, e2mag = 12.9582, inarray = 0
Elemid = 214, Nodeid = -1, x = 0.0015625, y = 0.537016, dist = 0.00677505, e1mag = 12.9582, e2mag = 12.9582, inarray = 0
Elemid = 215, Nodeid = -1, x = 0.00078125, y = 0.5475, dist = 0.00273698, e1mag = 12.9582, e2mag = 12.9582, inarray = 0
Elemid = 216, Nodeid = -1, x = 0.0015625, y = 0.543468, dist = 0.00677505, e1mag = 12.9582, e2mag = 12.9582, inarray = 0
Elemid = 217, Nodeid = -1, x = 0.00078125, y = 0.553952, dist = 0.00273698, e1mag = 12.9582, e2mag = 12.9582, inarray = 0
Elemid = 218, Nodeid = -1, x = 0.0015625, y = 0.549919, dist = 0.00677505, e1mag = 12.9582, e2mag = 12.9582, inarray = 0
Elemid = 219, Nodeid = -1, x = 0.00078125, y = 0.560403, dist = 0.00273698, e1mag = 12.9582, e2mag = 12.9582, inarray = 0
Elemid = 220, Nodeid = -1, x = 0.0015625, y = 0.556371, dist = 0.00677505, e1mag = 12.9582, e2mag = 12.9582, inarray = 0
Elemid = 221, Nodeid = -1, x = 0.00078125, y = 0.566855, dist = 0.00273698, e1mag = 12.9582, e2mag = 12.9582, inarray = 0
Elemid = 222, Nodeid = -1, x = 0.0015625, y = 0.562823, dist = 0.00677505, e1mag = 12.9582, e2mag = 12.9582, inarray = 0
Elemid = 223, Nodeid = -1, x = 0.00078125, y = 0.573306, dist = 0.00273698, e1mag = 12.9582, e2mag = 12.9582, inarray = 0
Elemid = 224, Nodeid = -1, x = 0.0015625, y = 0.569274, dist = 0.00677505, e1mag = 12.9582, e2mag = 12.9582, inarray = 0
Elemid = 225, Nodeid = -1, x = 0.00078125, y = 0.579758, dist = 0.00273698, e1mag = 12.9582, e2mag = 12.9582, inarray = 0
Elemid = 226, Nodeid = -1, x = 0.0015625, y = 0.575726, dist = 0.00677504, e1mag = 12.9582, e2mag = 12.9582, inarray = 0
Elemid = 227, Nodeid = -1, x = 0.00078125, y = 0.58621, dist = 0.00273698, e1mag = 12.9582, e2mag = 12.9582, inarray = 0
Elemid = 228, Nodeid = -1, x = 0.0015625, y = 0.582177, dist = 0.00677505, e1mag = 12.9582, e2mag = 12.9582, inarray = 0
Elemid = 229, Nodeid = -1, x = 0.00078125, y = 0.592661, dist = 0.00273698, e1mag = 12.9582, e2mag = 12.9582, inarray = 0
Elemid = 230, Nodeid = -1, x = 0.0015625, y = 0.588629, dist = 0.00677505, e1mag = 12.9582, e2mag = 12.9582, inarray = 0
Elemid = 231, Nodeid = -1, x = 0.00078125, y = 0.599113, dist = 0.00273698, e1mag = 12.9582, e2mag = 12.9582, inarray = 0
Elemid = 232, Nodeid = -1, x = 0.0015625, y = 0.595081, dist = 0.00677505, e1mag = 12.9582, e2mag = 12.9582, inarray = 0
Elemid = 233, Nodeid = -1, x = 0.0015625, y = 0.601532, dist = 0.00677505, e1mag = 12.9582, e2mag = 12.9582, inarray = 0
Elemid = 234, Nodeid = -1, x = 0.00078125, y = 0.614516, dist = 0.00273698, e1mag = 12.9582, e2mag = 12.9582, inarray = 0
Elemid = 235, Nodeid = -1, x = 0.0015625, y = 0.616935, dist = 0.00677505, e1mag = 12.9582, e2mag = 12.9582, inarray = 0
Elemid = 236, Nodeid = -1, x = 0.00078125, y = 0.810484, dist = 0.00646604, e1mag = 12.9582, e2mag = 12.9582, inarray = 0
Elemid = 237, Nodeid = -1, x = 0.00171875, y = 0.808468, dist = 0.00589406, e1mag = 12.9582, e2mag = 12.9582, inarray = 0
Elemid = 238, Nodeid = -1, x = 0.00078125, y = 0.620968, dist = 0.00273698, e1mag = 12.9582, e2mag = 12.9582, inarray = 0
Elemid = 239, Nodeid = -1, x = 0.00078125, y = 0.629839, dist = 0.00646604, e1mag = 12.9582, e2mag = 12.9582, inarray = 0
Elemid = 240, Nodeid = -1, x = 0.0015625, y = 0.623387, dist = 0.00677505, e1mag = 12.9582, e2mag = 12.9582, inarray = 0
Elemid = 241, Nodeid = -1, x = 0.0015625, y = 0.627419, dist = 0.00234925, e1mag = 12.9582, e2mag = 12.9582, inarray = 0
Elemid = 242, Nodeid = -1, x = 0.00078125, y = 0.633871, dist = 0.00273698, e1mag = 12.9582, e2mag = 12.9582, inarray = 0
Elemid = 243, Nodeid = -1, x = 0.00078125, y = 0.640323, dist = 0.00273698, e1mag = 12.9582, e2mag = 12.9582, inarray = 0
Elemid = 244, Nodeid = -1, x = 0.0015625, y = 0.63629, dist = 0.00677505, e1mag = 12.9582, e2mag = 12.9582, inarray = 0
Elemid = 245, Nodeid = -1, x = 0.00078125, y = 0.646774, dist = 0.00273698, e1mag = 12.9582, e2mag = 12.9582, inarray = 0
Elemid = 246, Nodeid = -1, x = 0.0015625, y = 0.642742, dist = 0.00677505, e1mag = 12.9582, e2mag = 12.9582, inarray = 0
Elemid = 247, Nodeid = -1, x = 0.00078125, y = 0.653226, dist = 0.00273698, e1mag = 12.9582, e2mag = 12.9582, inarray = 0
Elemid = 248, Nodeid = -1, x = 0.0015625, y = 0.649194, dist = 0.00677504, e1mag = 12.9582, e2mag = 12.9582, inarray = 0
Elemid = 249, Nodeid = -1, x = 0.00078125, y = 0.659677, dist = 0.00273698, e1mag = 12.9582, e2mag = 12.9582, inarray = 0
Elemid = 250, Nodeid = -1, x = 0.0015625, y = 0.655645, dist = 0.00677505, e1mag = 12.9582, e2mag = 12.9582, inarray = 0
Elemid = 251, Nodeid = -1, x = 0.00078125, y = 0.666129, dist = 0.00273698, e1mag = 12.9582, e2mag = 12.9582, inarray = 0
Elemid = 252, Nodeid = -1, x = 0.0015625, y = 0.662097, dist = 0.00677505, e1mag = 12.9582, e2mag = 12.9582, inarray = 0
Elemid = 253, Nodeid = -1, x = 0.00078125, y = 0.672581, dist = 0.00273698, e1mag = 12.9582, e2mag = 12.9582, inarray = 0
Elemid = 254, Nodeid = -1, x = 0.0015625, y = 0.668548, dist = 0.00677505, e1mag = 12.9582, e2mag = 12.9582, inarray = 0
Elemid = 255, Nodeid = -1, x = 0.00078125, y = 0.679032, dist = 0.00273698, e1mag = 12.9582, e2mag = 12.9582, inarray = 0
Elemid = 256, Nodeid = -1, x = 0.0015625, y = 0.675, dist = 0.00677505, e1mag = 12.9582, e2mag = 12.9582, inarray = 0
Elemid = 257, Nodeid = -1, x = 0.00078125, y = 0.685484, dist = 0.00273698, e1mag = 12.9582, e2mag = 12.9582, inarray = 0
Elemid = 258, Nodeid = -1, x = 0.0015625, y = 0.681452, dist = 0.00677505, e1mag = 12.9582, e2mag = 12.9582, inarray = 0
Elemid = 259, Nodeid = -1, x = 0.00078125, y = 0.691935, dist = 0.00273698, e1mag = 12.9582, e2mag = 12.9582, inarray = 0
Elemid = 260, Nodeid = -1, x = 0.0015625, y = 0.687903, dist = 0.00677505, e1mag = 12.9582, e2mag = 12.9582, inarray = 0
Elemid = 261, Nodeid = -1, x = 0.00078125, y = 0.698387, dist = 0.00273698, e1mag = 12.9582, e2mag = 12.9582, inarray = 0
Elemid = 262, Nodeid = -1, x = 0.0015625, y = 0.694355, dist = 0.00677505, e1mag = 12.9582, e2mag = 12.9582, inarray = 0
Elemid = 263, Nodeid = -1, x = 0.00078125, y = 0.704839, dist = 0.00273698, e1mag = 12.9582, e2mag = 12.9582, inarray = 0
Elemid = 264, Nodeid = -1, x = 0.0015625, y = 0.700806, dist = 0.00677505, e1mag = 12.9582, e2mag = 12.9582, inarray = 0
Elemid = 265, Nodeid = -1, x = 0.00078125, y = 0.71129, dist = 0.00273698, e1mag = 12.9582, e2mag = 12.9582, inarray = 0
Elemid = 266, Nodeid = -1, x = 0.0015625, y = 0.707258, dist = 0.00677505, e1mag = 12.9582, e2mag = 12.9582, inarray = 0
Elemid = 267, Nodeid = -1, x = 0.00078125, y = 0.717742, dist = 0.00273698, e1mag = 12.9582, e2mag = 12.9582, inarray = 0
Elemid = 268, Nodeid = -1, x = 0.0015625, y = 0.71371, dist = 0.00677504, e1mag = 12.9582, e2mag = 12.9582, inarray = 0
Elemid = 269, Nodeid = -1, x = 0.00078125, y = 0.724194, dist = 0.00273698, e1mag = 12.9582, e2mag = 12.9582, inarray = 0
Elemid = 270, Nodeid = -1, x = 0.0015625, y = 0.720161, dist = 0.00677505, e1mag = 12.9582, e2mag = 12.9582, inarray = 0
Elemid = 271, Nodeid = -1, x = 0.00078125, y = 0.730645, dist = 0.00273698, e1mag = 12.9582, e2mag = 12.9582, inarray = 0
Elemid = 272, Nodeid = -1, x = 0.0015625, y = 0.726613, dist = 0.00677505, e1mag = 12.9582, e2mag = 12.9582, inarray = 0
Elemid = 273, Nodeid = -1, x = 0.00078125, y = 0.737097, dist = 0.00273698, e1mag = 12.9582, e2mag = 12.9582, inarray = 0
Elemid = 274, Nodeid = -1, x = 0.0015625, y = 0.733065, dist = 0.00677505, e1mag = 12.9582, e2mag = 12.9582, inarray = 0
Elemid = 275, Nodeid = -1, x = 0.00078125, y = 0.745968, dist = 0.00646604, e1mag = 12.9582, e2mag = 12.9582, inarray = 0
Elemid = 276, Nodeid = -1, x = 0.0015625, y = 0.739516, dist = 0.00677505, e1mag = 12.9582, e2mag = 12.9582, inarray = 0
Elemid = 277, Nodeid = -1, x = 0.0015625, y = 0.743548, dist = 0.00234925, e1mag = 12.9582, e2mag = 12.9582, inarray = 0
Elemid = 278, Nodeid = -1, x = 0.00078125, y = 0.75, dist = 0.00273698, e1mag = 12.9582, e2mag = 12.9582, inarray = 0
Elemid = 279, Nodeid = -1, x = 0.00078125, y = 0.756452, dist = 0.00273698, e1mag = 12.9582, e2mag = 12.9582, inarray = 0
Elemid = 280, Nodeid = -1, x = 0.0015625, y = 0.752419, dist = 0.00677505, e1mag = 12.9582, e2mag = 12.9582, inarray = 0
Elemid = 281, Nodeid = -1, x = 0.00078125, y = 0.762903, dist = 0.00273698, e1mag = 12.9582, e2mag = 12.9582, inarray = 0
Elemid = 282, Nodeid = -1, x = 0.0015625, y = 0.758871, dist = 0.00677505, e1mag = 12.9582, e2mag = 12.9582, inarray = 0
Elemid = 283, Nodeid = -1, x = 0.00078125, y = 0.769355, dist = 0.00273698, e1mag = 12.9582, e2mag = 12.9582, inarray = 0
Elemid = 284, Nodeid = -1, x = 0.0015625, y = 0.765323, dist = 0.00677505, e1mag = 12.9582, e2mag = 12.9582, inarray = 0
Elemid = 285, Nodeid = -1, x = 0.00078125, y = 0.778226, dist = 0.00646604, e1mag = 12.9582, e2mag = 12.9582, inarray = 0
Elemid = 286, Nodeid = -1, x = 0.0015625, y = 0.771774, dist = 0.00677505, e1mag = 12.9582, e2mag = 12.9582, inarray = 0
Elemid = 287, Nodeid = -1, x = 0.0015625, y = 0.775806, dist = 0.00234925, e1mag = 12.9582, e2mag = 12.9582, inarray = 0
Elemid = 288, Nodeid = -1, x = 0.00078125, y = 0.782258, dist = 0.00273698, e1mag = 12.9582, e2mag = 12.9582, inarray = 0
Elemid = 289, Nodeid = -1, x = 0.00078125, y = 0.791129, dist = 0.00646604, e1mag = 12.9582, e2mag = 12.9582, inarray = 0
Elemid = 290, Nodeid = -1, x = 0.0015625, y = 0.784677, dist = 0.00677505, e1mag = 12.9582, e2mag = 12.9582, inarray = 0
Elemid = 291, Nodeid = -1, x = 0.0015625, y = 0.78871, dist = 0.00234925, e1mag = 12.9582, e2mag = 12.9582, inarray = 0
Elemid = 292, Nodeid = -1, x = 0.00078125, y = 0.795161, dist = 0.00273698, e1mag = 12.9582, e2mag = 12.9582, inarray = 0
Elemid = 293, Nodeid = -1, x = 0.00078125, y = 0.801613, dist = 0.00273698, e1mag = 12.9582, e2mag = 12.9582, inarray = 0
Elemid = 294, Nodeid = -1, x = 0.0015625, y = 0.797581, dist = 0.00677505, e1mag = 12.9582, e2mag = 12.9582, inarray = 0
Elemid = 295, Nodeid = -1, x = 0.0015625, y = 0.804032, dist = 0.00677505, e1mag = 12.9582, e2mag = 12.9582, inarray = 0
Elemid = 296, Nodeid = -1, x = 0.0015625, y = 0.817016, dist = 0.00234925, e1mag = 12.9582, e2mag = 12.9582, inarray = 0
Elemid = 297, Nodeid = -1, x = 0.00078125, y = 0.819435, dist = 0.00646604, e1mag = 12.9582, e2mag = 12.9582, inarray = 0
Elemid = 298, Nodeid = -1, x = 0.00078125, y = 1.01298, dist = 0.00646604, e1mag = 12.9582, e2mag = 12.9582, inarray = 0
Elemid = 299, Nodeid = -1, x = 0.00171875, y = 1.01097, dist = 0.00589405, e1mag = 12.9582, e2mag = 12.9582, inarray = 0
Elemid = 300, Nodeid = -1, x = 0.00078125, y = 0.825887, dist = 0.00646604, e1mag = 12.9582, e2mag = 12.9582, inarray = 0
Elemid = 301, Nodeid = -1, x = 0.0015625, y = 0.823468, dist = 0.00234925, e1mag = 12.9582, e2mag = 12.9582, inarray = 0
Elemid = 302, Nodeid = -1, x = 0.00078125, y = 0.829919, dist = 0.00273698, e1mag = 12.9582, e2mag = 12.9582, inarray = 0
Elemid = 303, Nodeid = -1, x = 0.00078125, y = 0.836371, dist = 0.00273698, e1mag = 12.9582, e2mag = 12.9582, inarray = 0
Elemid = 304, Nodeid = -1, x = 0.0015625, y = 0.832339, dist = 0.00677505, e1mag = 12.9582, e2mag = 12.9582, inarray = 0
Elemid = 305, Nodeid = -1, x = 0.00078125, y = 0.842823, dist = 0.00273698, e1mag = 12.9582, e2mag = 12.9582, inarray = 0
Elemid = 306, Nodeid = -1, x = 0.0015625, y = 0.83879, dist = 0.00677505, e1mag = 12.9582, e2mag = 12.9582, inarray = 0
Elemid = 307, Nodeid = -1, x = 0.00078125, y = 0.849274, dist = 0.00273698, e1mag = 12.9582, e2mag = 12.9582, inarray = 0
Elemid = 308, Nodeid = -1, x = 0.0015625, y = 0.845242, dist = 0.00677505, e1mag = 12.9582, e2mag = 12.9582, inarray = 0
Elemid = 309, Nodeid = -1, x = 0.00078125, y = 0.855726, dist = 0.00273698, e1mag = 12.9582, e2mag = 12.9582, inarray = 0
Elemid = 310, Nodeid = -1, x = 0.0015625, y = 0.851694, dist = 0.00677504, e1mag = 12.9582, e2mag = 12.9582, inarray = 0
Elemid = 311, Nodeid = -1, x = 0.00078125, y = 0.862177, dist = 0.00273698, e1mag = 12.9582, e2mag = 12.9582, inarray = 0
Elemid = 312, Nodeid = -1, x = 0.0015625, y = 0.858145, dist = 0.00677505, e1mag = 12.9582, e2mag = 12.9582, inarray = 0
Elemid = 313, Nodeid = -1, x = 0.00078125, y = 0.868629, dist = 0.00273698, e1mag = 12.9582, e2mag = 12.9582, inarray = 0
Elemid = 314, Nodeid = -1, x = 0.0015625, y = 0.864597, dist = 0.00677505, e1mag = 12.9582, e2mag = 12.9582, inarray = 0
Elemid = 315, Nodeid = -1, x = 0.00078125, y = 0.875081, dist = 0.00273698, e1mag = 12.9582, e2mag = 12.9582, inarray = 0
Elemid = 316, Nodeid = -1, x = 0.0015625, y = 0.871048, dist = 0.00677505, e1mag = 12.9582, e2mag = 12.9582, inarray = 0
Elemid = 317, Nodeid = -1, x = 0.00078125, y = 0.883952, dist = 0.00646604, e1mag = 12.9582, e2mag = 12.9582, inarray = 0
Elemid = 318, Nodeid = -1, x = 0.0015625, y = 0.8775, dist = 0.00677505, e1mag = 12.9582, e2mag = 12.9582, inarray = 0
Elemid = 319, Nodeid = -1, x = 0.0015625, y = 0.881532, dist = 0.00234925, e1mag = 12.9582, e2mag = 12.9582, inarray = 0
Elemid = 320, Nodeid = -1, x = 0.00078125, y = 0.887984, dist = 0.00273698, e1mag = 12.9582, e2mag = 12.9582, inarray = 0
Elemid = 321, Nodeid = -1, x = 0.00078125, y = 0.896855, dist = 0.00646604, e1mag = 12.9582, e2mag = 12.9582, inarray = 0
Elemid = 322, Nodeid = -1, x = 0.0015625, y = 0.890403, dist = 0.00677505, e1mag = 12.9582, e2mag = 12.9582, inarray = 0
Elemid = 323, Nodeid = -1, x = 0.0015625, y = 0.894435, dist = 0.00234925, e1mag = 12.9582, e2mag = 12.9582, inarray = 0
Elemid = 324, Nodeid = -1, x = 0.00078125, y = 0.900887, dist = 0.00273698, e1mag = 12.9582, e2mag = 12.9582, inarray = 0
Elemid = 325, Nodeid = -1, x = 0.00078125, y = 0.907339, dist = 0.00273698, e1mag = 12.9582, e2mag = 12.9582, inarray = 0
Elemid = 326, Nodeid = -1, x = 0.0015625, y = 0.903306, dist = 0.00677505, e1mag = 12.9582, e2mag = 12.9582, inarray = 0
Elemid = 327, Nodeid = -1, x = 0.00078125, y = 0.91379, dist = 0.00273698, e1mag = 12.9582, e2mag = 12.9582, inarray = 0
Elemid = 328, Nodeid = -1, x = 0.0015625, y = 0.909758, dist = 0.00677505, e1mag = 12.9582, e2mag = 12.9582, inarray = 0
Elemid = 329, Nodeid = -1, x = 0.00078125, y = 0.920242, dist = 0.00273698, e1mag = 12.9582, e2mag = 12.9582, inarray = 0
Elemid = 330, Nodeid = -1, x = 0.0015625, y = 0.91621, dist = 0.00677504, e1mag = 12.9582, e2mag = 12.9582, inarray = 0
Elemid = 331, Nodeid = -1, x = 0.00078125, y = 0.926694, dist = 0.00273698, e1mag = 12.9582, e2mag = 12.9582, inarray = 0
Elemid = 332, Nodeid = -1, x = 0.0015625, y = 0.922661, dist = 0.00677505, e1mag = 12.9582, e2mag = 12.9582, inarray = 0
Elemid = 333, Nodeid = -1, x = 0.00078125, y = 0.933145, dist = 0.00273698, e1mag = 12.9582, e2mag = 12.9582, inarray = 0
Elemid = 334, Nodeid = -1, x = 0.0015625, y = 0.929113, dist = 0.00677505, e1mag = 12.9582, e2mag = 12.9582, inarray = 0
Elemid = 335, Nodeid = -1, x = 0.00078125, y = 0.939597, dist = 0.00273698, e1mag = 12.9582, e2mag = 12.9582, inarray = 0
Elemid = 336, Nodeid = -1, x = 0.0015625, y = 0.935565, dist = 0.00677505, e1mag = 12.9582, e2mag = 12.9582, inarray = 0
Elemid = 337, Nodeid = -1, x = 0.00078125, y = 0.946048, dist = 0.00273698, e1mag = 12.9582, e2mag = 12.9582, inarray = 0
Elemid = 338, Nodeid = -1, x = 0.0015625, y = 0.942016, dist = 0.00677505, e1mag = 12.9582, e2mag = 12.9582, inarray = 0
Elemid = 339, Nodeid = -1, x = 0.00078125, y = 0.9525, dist = 0.00273698, e1mag = 12.9582, e2mag = 12.9582, inarray = 0
Elemid = 340, Nodeid = -1, x = 0.0015625, y = 0.948468, dist = 0.00677505, e1mag = 12.9582, e2mag = 12.9582, inarray = 0
Elemid = 341, Nodeid = -1, x = 0.00078125, y = 0.958952, dist = 0.00273698, e1mag = 12.9582, e2mag = 12.9582, inarray = 0
Elemid = 342, Nodeid = -1, x = 0.0015625, y = 0.954919, dist = 0.00677505, e1mag = 12.9582, e2mag = 12.9582, inarray = 0
Elemid = 343, Nodeid = -1, x = 0.00078125, y = 0.965403, dist = 0.00273698, e1mag = 12.9582, e2mag = 12.9582, inarray = 0
Elemid = 344, Nodeid = -1, x = 0.0015625, y = 0.961371, dist = 0.00677505, e1mag = 12.9582, e2mag = 12.9582, inarray = 0
Elemid = 345, Nodeid = -1, x = 0.00078125, y = 0.971855, dist = 0.00273698, e1mag = 12.9582, e2mag = 12.9582, inarray = 0
Elemid = 346, Nodeid = -1, x = 0.0015625, y = 0.967823, dist = 0.00677505, e1mag = 12.9582, e2mag = 12.9582, inarray = 0
Elemid = 347, Nodeid = -1, x = 0.00078125, y = 0.978306, dist = 0.00273698, e1mag = 12.9582, e2mag = 12.9582, inarray = 0
Elemid = 348, Nodeid = -1, x = 0.0015625, y = 0.974274, dist = 0.00677505, e1mag = 12.9582, e2mag = 12.9582, inarray = 0
Elemid = 349, Nodeid = -1, x = 0.00078125, y = 0.984758, dist = 0.00273698, e1mag = 12.9582, e2mag = 12.9582, inarray = 0
Elemid = 350, Nodeid = -1, x = 0.0015625, y = 0.980726, dist = 0.00677504, e1mag = 12.9582, e2mag = 12.9582, inarray = 0
Elemid = 351, Nodeid = -1, x = 0.00078125, y = 0.99121, dist = 0.00273698, e1mag = 12.9582, e2mag = 12.9582, inarray = 0
Elemid = 352, Nodeid = -1, x = 0.0015625, y = 0.987177, dist = 0.00677505, e1mag = 12.9582, e2mag = 12.9582, inarray = 0
Elemid = 353, Nodeid = -1, x = 0.00078125, y = 0.997661, dist = 0.00273698, e1mag = 12.9582, e2mag = 12.9582, inarray = 0
Elemid = 354, Nodeid = -1, x = 0.0015625, y = 0.993629, dist = 0.00677505, e1mag = 12.9582, e2mag = 12.9582, inarray = 0
Elemid = 355, Nodeid = -1, x = 0.00078125, y = 1.00411, dist = 0.00273698, e1mag = 12.9582, e2mag = 12.9582, inarray = 0
Elemid = 356, Nodeid = -1, x = 0.0015625, y = 1.00008, dist = 0.00677504, e1mag = 12.9582, e2mag = 12.9582, inarray = 0
Elemid = 357, Nodeid = -1, x = 0.0015625, y = 1.00653, dist = 0.00677505, e1mag = 12.9582, e2mag = 12.9582, inarray = 0
Elemid = 358, Nodeid = -1, x = 0.00171875, y = 1.01952, dist = 0.00646604, e1mag = 12.9582, e2mag = 12.9582, inarray = 0
Elemid = 359, Nodeid = -1, x = 0.00078125, y = 1.02194, dist = 0.00646604, e1mag = 12.9582, e2mag = 12.9582, inarray = 0
Elemid = 360, Nodeid = -1, x = 0.00078125, y = 1.21548, dist = 0.00646604, e1mag = 12.9582, e2mag = 12.9582, inarray = 0
Elemid = 361, Nodeid = -1, x = 0.00171875, y = 1.21347, dist = 0.00589405, e1mag = 12.9582, e2mag = 12.9582, inarray = 0
Elemid = 362, Nodeid = -1, x = 0.00078125, y = 1.02597, dist = 0.00273698, e1mag = 12.9582, e2mag = 12.9582, inarray = 0
Elemid = 363, Nodeid = -1, x = 0.00078125, y = 1.03242, dist = 0.00273698, e1mag = 12.9582, e2mag = 12.9582, inarray = 0
Elemid = 364, Nodeid = -1, x = 0.0015625, y = 1.02839, dist = 0.00677505, e1mag = 12.9582, e2mag = 12.9582, inarray = 0
Elemid = 365, Nodeid = -1, x = 0.00078125, y = 1.03887, dist = 0.00273698, e1mag = 12.9582, e2mag = 12.9582, inarray = 0
Elemid = 366, Nodeid = -1, x = 0.0015625, y = 1.03484, dist = 0.00677504, e1mag = 12.9582, e2mag = 12.9582, inarray = 0
Elemid = 367, Nodeid = -1, x = 0.00078125, y = 1.04532, dist = 0.00273698, e1mag = 12.9582, e2mag = 12.9582, inarray = 0
Elemid = 368, Nodeid = -1, x = 0.0015625, y = 1.04129, dist = 0.00677504, e1mag = 12.9582, e2mag = 12.9582, inarray = 0
Elemid = 369, Nodeid = -1, x = 0.00078125, y = 1.05177, dist = 0.00273698, e1mag = 12.9582, e2mag = 12.9582, inarray = 0
Elemid = 370, Nodeid = -1, x = 0.0015625, y = 1.04774, dist = 0.00677504, e1mag = 12.9582, e2mag = 12.9582, inarray = 0
Elemid = 371, Nodeid = -1, x = 0.00078125, y = 1.05823, dist = 0.00273698, e1mag = 12.9582, e2mag = 12.9582, inarray = 0
Elemid = 372, Nodeid = -1, x = 0.0015625, y = 1.05419, dist = 0.00677505, e1mag = 12.9582, e2mag = 12.9582, inarray = 0
Elemid = 373, Nodeid = -1, x = 0.00078125, y = 1.06468, dist = 0.00273698, e1mag = 12.9582, e2mag = 12.9582, inarray = 0
Elemid = 374, Nodeid = -1, x = 0.0015625, y = 1.06065, dist = 0.00677504, e1mag = 12.9582, e2mag = 12.9582, inarray = 0
Elemid = 375, Nodeid = -1, x = 0.00078125, y = 1.07355, dist = 0.00646605, e1mag = 12.9582, e2mag = 12.9582, inarray = 0
Elemid = 376, Nodeid = -1, x = 0.0015625, y = 1.0671, dist = 0.00677504, e1mag = 12.9582, e2mag = 12.9582, inarray = 0
Elemid = 377, Nodeid = -1, x = 0.0015625, y = 1.07113, dist = 0.00234925, e1mag = 12.9582, e2mag = 12.9582, inarray = 0
Elemid = 378, Nodeid = -1, x = 0.00078125, y = 1.07758, dist = 0.00273698, e1mag = 12.9582, e2mag = 12.9582, inarray = 0
Elemid = 379, Nodeid = -1, x = 0.00078125, y = 1.08403, dist = 0.00273698, e1mag = 12.9582, e2mag = 12.9582, inarray = 0
Elemid = 380, Nodeid = -1, x = 0.0015625, y = 1.08, dist = 0.00677504, e1mag = 12.9582, e2mag = 12.9582, inarray = 0
Elemid = 381, Nodeid = -1, x = 0.00078125, y = 1.09048, dist = 0.00273698, e1mag = 12.9582, e2mag = 12.9582, inarray = 0
Elemid = 382, Nodeid = -1, x = 0.0015625, y = 1.08645, dist = 0.00677504, e1mag = 12.9582, e2mag = 12.9582, inarray = 0
Elemid = 383, Nodeid = -1, x = 0.00078125, y = 1.09694, dist = 0.00273698, e1mag = 12.9582, e2mag = 12.9582, inarray = 0
Elemid = 384, Nodeid = -1, x = 0.0015625, y = 1.0929, dist = 0.00677504, e1mag = 12.9582, e2mag = 12.9582, inarray = 0
Elemid = 385, Nodeid = -1, x = 0.00078125, y = 1.10339, dist = 0.00273698, e1mag = 12.9582, e2mag = 12.9582, inarray = 0
Elemid = 386, Nodeid = -1, x = 0.0015625, y = 1.09935, dist = 0.00677505, e1mag = 12.9582, e2mag = 12.9582, inarray = 0
Elemid = 387, Nodeid = -1, x = 0.00078125, y = 1.10984, dist = 0.00273698, e1mag = 12.9582, e2mag = 12.9582, inarray = 0
Elemid = 388, Nodeid = -1, x = 0.0015625, y = 1.10581, dist = 0.00677504, e1mag = 12.9582, e2mag = 12.9582, inarray = 0
Elemid = 389, Nodeid = -1, x = 0.00078125, y = 1.11629, dist = 0.00273698, e1mag = 12.9582, e2mag = 12.9582, inarray = 0
Elemid = 390, Nodeid = -1, x = 0.0015625, y = 1.11226, dist = 0.00677504, e1mag = 12.9582, e2mag = 12.9582, inarray = 0
Elemid = 391, Nodeid = -1, x = 0.00078125, y = 1.12274, dist = 0.00273698, e1mag = 12.9582, e2mag = 12.9582, inarray = 0
Elemid = 392, Nodeid = -1, x = 0.0015625, y = 1.11871, dist = 0.00677505, e1mag = 12.9582, e2mag = 12.9582, inarray = 0
Elemid = 393, Nodeid = -1, x = 0.00078125, y = 1.12919, dist = 0.00273698, e1mag = 12.9582, e2mag = 12.9582, inarray = 0
Elemid = 394, Nodeid = -1, x = 0.0015625, y = 1.12516, dist = 0.00677504, e1mag = 12.9582, e2mag = 12.9582, inarray = 0
Elemid = 395, Nodeid = -1, x = 0.00078125, y = 1.13565, dist = 0.00273698, e1mag = 12.9582, e2mag = 12.9582, inarray = 0
Elemid = 396, Nodeid = -1, x = 0.0015625, y = 1.13161, dist = 0.00677504, e1mag = 12.9582, e2mag = 12.9582, inarray = 0
Elemid = 397, Nodeid = -1, x = 0.00078125, y = 1.1421, dist = 0.00273698, e1mag = 12.9582, e2mag = 12.9582, inarray = 0
Elemid = 398, Nodeid = -1, x = 0.0015625, y = 1.13806, dist = 0.00677505, e1mag = 12.9582, e2mag = 12.9582, inarray = 0
Elemid = 399, Nodeid = -1, x = 0.00078125, y = 1.14855, dist = 0.00273698, e1mag = 12.9582, e2mag = 12.9582, inarray = 0
Elemid = 400, Nodeid = -1, x = 0.0015625, y = 1.14452, dist = 0.00677504, e1mag = 12.9582, e2mag = 12.9582, inarray = 0
Elemid = 401, Nodeid = -1, x = 0.00078125, y = 1.155, dist = 0.00273698, e1mag = 12.9582, e2mag = 12.9582, inarray = 0
Elemid = 402, Nodeid = -1, x = 0.0015625, y = 1.15097, dist = 0.00677504, e1mag = 12.9582, e2mag = 12.9582, inarray = 0
Elemid = 403, Nodeid = -1, x = 0.00078125, y = 1.16145, dist = 0.00273698, e1mag = 12.9582, e2mag = 12.9582, inarray = 0
Elemid = 404, Nodeid = -1, x = 0.0015625, y = 1.15742, dist = 0.00677504, e1mag = 12.9582, e2mag = 12.9582, inarray = 0
Elemid = 405, Nodeid = -1, x = 0.00078125, y = 1.1679, dist = 0.00273698, e1mag = 12.9582, e2mag = 12.9582, inarray = 0
Elemid = 406, Nodeid = -1, x = 0.0015625, y = 1.16387, dist = 0.00677505, e1mag = 12.9582, e2mag = 12.9582, inarray = 0
Elemid = 407, Nodeid = -1, x = 0.00078125, y = 1.17435, dist = 0.00273698, e1mag = 12.9582, e2mag = 12.9582, inarray = 0
Elemid = 408, Nodeid = -1, x = 0.0015625, y = 1.17032, dist = 0.00677504, e1mag = 12.9582, e2mag = 12.9582, inarray = 0
Elemid = 409, Nodeid = -1, x = 0.00078125, y = 1.18081, dist = 0.00273698, e1mag = 12.9582, e2mag = 12.9582, inarray = 0
Elemid = 410, Nodeid = -1, x = 0.0015625, y = 1.17677, dist = 0.00677504, e1mag = 12.9582, e2mag = 12.9582, inarray = 0
Elemid = 411, Nodeid = -1, x = 0.00078125, y = 1.18726, dist = 0.00273698, e1mag = 12.9582, e2mag = 12.9582, inarray = 0
Elemid = 412, Nodeid = -1, x = 0.0015625, y = 1.18323, dist = 0.00677505, e1mag = 12.9582, e2mag = 12.9582, inarray = 0
Elemid = 413, Nodeid = -1, x = 0.00078125, y = 1.19371, dist = 0.00273698, e1mag = 12.9582, e2mag = 12.9582, inarray = 0
Elemid = 414, Nodeid = -1, x = 0.0015625, y = 1.18968, dist = 0.00677504, e1mag = 12.9582, e2mag = 12.9582, inarray = 0
Elemid = 415, Nodeid = -1, x = 0.00078125, y = 1.20016, dist = 0.00273698, e1mag = 12.9582, e2mag = 12.9582, inarray = 0
Elemid = 416, Nodeid = -1, x = 0.0015625, y = 1.19613, dist = 0.00677504, e1mag = 12.9582, e2mag = 12.9582, inarray = 0
Elemid = 417, Nodeid = -1, x = 0.00078125, y = 1.20661, dist = 0.00273698, e1mag = 12.9582, e2mag = 12.9582, inarray = 0
Elemid = 418, Nodeid = -1, x = 0.0015625, y = 1.20258, dist = 0.00677504, e1mag = 12.9582, e2mag = 12.9582, inarray = 0
Elemid = 419, Nodeid = -1, x = 0.0015625, y = 1.20903, dist = 0.00677505, e1mag = 12.9582, e2mag = 12.9582, inarray = 0
Elemid = 420, Nodeid = -1, x = 0.0015625, y = 1.22202, dist = 0.00234925, e1mag = 12.9582, e2mag = 12.9582, inarray = 0
Elemid = 421, Nodeid = -1, x = 0.00078125, y = 1.22444, dist = 0.00646604, e1mag = 12.9582, e2mag = 12.9582, inarray = 0
Elemid = 422, Nodeid = -1, x = 0.00171875, y = 1.41798, dist = 0.00273698, e1mag = 12.9582, e2mag = 12.9582, inarray = 0
Elemid = 423, Nodeid = -1, x = 0.00078125, y = 1.41597, dist = 0.00535502, e1mag = 12.9582, e2mag = 12.9582, inarray = 0
Elemid = 424, Nodeid = -1, x = 0.00078125, y = 1.22847, dist = 0.00273698, e1mag = 12.9582, e2mag = 12.9582, inarray = 0
Elemid = 425, Nodeid = -1, x = 0.00078125, y = 1.23734, dist = 0.00646604, e1mag = 12.9582, e2mag = 12.9582, inarray = 0
Elemid = 426, Nodeid = -1, x = 0.0015625, y = 1.23089, dist = 0.00677505, e1mag = 12.9582, e2mag = 12.9582, inarray = 0
Elemid = 427, Nodeid = -1, x = 0.0015625, y = 1.23492, dist = 0.00234925, e1mag = 12.9582, e2mag = 12.9582, inarray = 0
Elemid = 428, Nodeid = -1, x = 0.00078125, y = 1.24137, dist = 0.00273698, e1mag = 12.9582, e2mag = 12.9582, inarray = 0
Elemid = 429, Nodeid = -1, x = 0.00078125, y = 1.24782, dist = 0.00273698, e1mag = 12.9582, e2mag = 12.9582, inarray = 0
Elemid = 430, Nodeid = -1, x = 0.0015625, y = 1.24379, dist = 0.00677504, e1mag = 12.9582, e2mag = 12.9582, inarray = 0
Elemid = 431, Nodeid = -1, x = 0.00078125, y = 1.25427, dist = 0.00273698, e1mag = 12.9582, e2mag = 12.9582, inarray = 0
Elemid = 432, Nodeid = -1, x = 0.0015625, y = 1.25024, dist = 0.00677504, e1mag = 12.9582, e2mag = 12.9582, inarray = 0
Elemid = 433, Nodeid = -1, x = 0.00078125, y = 1.26073, dist = 0.00273698, e1mag = 12.9582, e2mag = 12.9582, inarray = 0
Elemid = 434, Nodeid = -1, x = 0.0015625, y = 1.25669, dist = 0.00677505, e1mag = 12.9582, e2mag = 12.9582, inarray = 0
Elemid = 435, Nodeid = -1, x = 0.00078125, y = 1.2696, dist = 0.00646604, e1mag = 12.9582, e2mag = 12.9582, inarray = 0
Elemid = 436, Nodeid = -1, x = 0.0015625, y = 1.26315, dist = 0.00677504, e1mag = 12.9582, e2mag = 12.9582, inarray = 0
Elemid = 437, Nodeid = -1, x = 0.0015625, y = 1.26718, dist = 0.00234925, e1mag = 12.9582, e2mag = 12.9582, inarray = 0
Elemid = 438, Nodeid = -1, x = 0.00078125, y = 1.27363, dist = 0.00273698, e1mag = 12.9582, e2mag = 12.9582, inarray = 0
Elemid = 439, Nodeid = -1, x = 0.00078125, y = 1.28008, dist = 0.00273698, e1mag = 12.9582, e2mag = 12.9582, inarray = 0
Elemid = 440, Nodeid = -1, x = 0.0015625, y = 1.27605, dist = 0.00677505, e1mag = 12.9582, e2mag = 12.9582, inarray = 0
Elemid = 441, Nodeid = -1, x = 0.00078125, y = 1.28653, dist = 0.00273698, e1mag = 12.9582, e2mag = 12.9582, inarray = 0
Elemid = 442, Nodeid = -1, x = 0.0015625, y = 1.2825, dist = 0.00677504, e1mag = 12.9582, e2mag = 12.9582, inarray = 0
Elemid = 443, Nodeid = -1, x = 0.00078125, y = 1.29298, dist = 0.00273698, e1mag = 12.9582, e2mag = 12.9582, inarray = 0
Elemid = 444, Nodeid = -1, x = 0.0015625, y = 1.28895, dist = 0.00677504, e1mag = 12.9582, e2mag = 12.9582, inarray = 0
Elemid = 445, Nodeid = -1, x = 0.00078125, y = 1.30185, dist = 0.00646605, e1mag = 12.9582, e2mag = 12.9582, inarray = 0
Elemid = 446, Nodeid = -1, x = 0.0015625, y = 1.2954, dist = 0.00677504, e1mag = 12.9582, e2mag = 12.9582, inarray = 0
Elemid = 447, Nodeid = -1, x = 0.0015625, y = 1.29944, dist = 0.00234925, e1mag = 12.9582, e2mag = 12.9582, inarray = 0
Elemid = 448, Nodeid = -1, x = 0.00078125, y = 1.30831, dist = 0.00646604, e1mag = 12.9582, e2mag = 12.9582, inarray = 0
Elemid = 449, Nodeid = -1, x = 0.0015625, y = 1.30589, dist = 0.00234925, e1mag = 12.9582, e2mag = 12.9582, inarray = 0
Elemid = 450, Nodeid = -1, x = 0.00078125, y = 1.31234, dist = 0.00273698, e1mag = 12.9582, e2mag = 12.9582, inarray = 0
Elemid = 451, Nodeid = -1, x = 0.00078125, y = 1.32121, dist = 0.00646605, e1mag = 12.9582, e2mag = 12.9582, inarray = 0
Elemid = 452, Nodeid = -1, x = 0.0015625, y = 1.31476, dist = 0.00677504, e1mag = 12.9582, e2mag = 12.9582, inarray = 0
Elemid = 453, Nodeid = -1, x = 0.0015625, y = 1.31879, dist = 0.00234925, e1mag = 12.9582, e2mag = 12.9582, inarray = 0
Elemid = 454, Nodeid = -1, x = 0.00078125, y = 1.32524, dist = 0.00273698, e1mag = 12.9582, e2mag = 12.9582, inarray = 0
Elemid = 455, Nodeid = -1, x = 0.00078125, y = 1.33169, dist = 0.00273698, e1mag = 12.9582, e2mag = 12.9582, inarray = 0
Elemid = 456, Nodeid = -1, x = 0.0015625, y = 1.32766, dist = 0.00677504, e1mag = 12.9582, e2mag = 12.9582, inarray = 0
Elemid = 457, Nodeid = -1, x = 0.00078125, y = 1.33815, dist = 0.00273698, e1mag = 12.9582, e2mag = 12.9582, inarray = 0
Elemid = 458, Nodeid = -1, x = 0.0015625, y = 1.33411, dist = 0.00677504, e1mag = 12.9582, e2mag = 12.9582, inarray = 0
Elemid = 459, Nodeid = -1, x = 0.00078125, y = 1.3446, dist = 0.00273698, e1mag = 12.9582, e2mag = 12.9582, inarray = 0
Elemid = 460, Nodeid = -1, x = 0.0015625, y = 1.34056, dist = 0.00677505, e1mag = 12.9582, e2mag = 12.9582, inarray = 0
Elemid = 461, Nodeid = -1, x = 0.00078125, y = 1.35105, dist = 0.00273698, e1mag = 12.9582, e2mag = 12.9582, inarray = 0
Elemid = 462, Nodeid = -1, x = 0.0015625, y = 1.34702, dist = 0.00677504, e1mag = 12.9582, e2mag = 12.9582, inarray = 0
Elemid = 463, Nodeid = -1, x = 0.00078125, y = 1.3575, dist = 0.00273698, e1mag = 12.9582, e2mag = 12.9582, inarray = 0
Elemid = 464, Nodeid = -1, x = 0.0015625, y = 1.35347, dist = 0.00677504, e1mag = 12.9582, e2mag = 12.9582, inarray = 0
Elemid = 465, Nodeid = -1, x = 0.00078125, y = 1.36395, dist = 0.00273698, e1mag = 12.9582, e2mag = 12.9582, inarray = 0
Elemid = 466, Nodeid = -1, x = 0.0015625, y = 1.35992, dist = 0.00677504, e1mag = 12.9582, e2mag = 12.9582, inarray = 0
Elemid = 467, Nodeid = -1, x = 0.00078125, y = 1.3704, dist = 0.00273698, e1mag = 12.9582, e2mag = 12.9582, inarray = 0
Elemid = 468, Nodeid = -1, x = 0.0015625, y = 1.36637, dist = 0.00677505, e1mag = 12.9582, e2mag = 12.9582, inarray = 0
Elemid = 469, Nodeid = -1, x = 0.00078125, y = 1.37685, dist = 0.00273698, e1mag = 12.9582, e2mag = 12.9582, inarray = 0
Elemid = 470, Nodeid = -1, x = 0.0015625, y = 1.37282, dist = 0.00677504, e1mag = 12.9582, e2mag = 12.9582, inarray = 0
Elemid = 471, Nodeid = -1, x = 0.00078125, y = 1.38331, dist = 0.00273698, e1mag = 12.9582, e2mag = 12.9582, inarray = 0
Elemid = 472, Nodeid = -1, x = 0.0015625, y = 1.37927, dist = 0.00677504, e1mag = 12.9582, e2mag = 12.9582, inarray = 0
Elemid = 473, Nodeid = -1, x = 0.00078125, y = 1.38976, dist = 0.00273698, e1mag = 12.9582, e2mag = 12.9582, inarray = 0
Elemid = 474, Nodeid = -1, x = 0.0015625, y = 1.38573, dist = 0.00677505, e1mag = 12.9582, e2mag = 12.9582, inarray = 0
Elemid = 475, Nodeid = -1, x = 0.00078125, y = 1.39621, dist = 0.00273698, e1mag = 12.9582, e2mag = 12.9582, inarray = 0
Elemid = 476, Nodeid = -1, x = 0.0015625, y = 1.39218, dist = 0.00677504, e1mag = 12.9582, e2mag = 12.9582, inarray = 0
Elemid = 477, Nodeid = -1, x = 0.00078125, y = 1.40266, dist = 0.00273698, e1mag = 12.9582, e2mag = 12.9582, inarray = 0
Elemid = 478, Nodeid = -1, x = 0.0015625, y = 1.39863, dist = 0.00677504, e1mag = 12.9582, e2mag = 12.9582, inarray = 0
Elemid = 479, Nodeid = -1, x = 0.00078125, y = 1.40911, dist = 0.00273698, e1mag = 12.9582, e2mag = 12.9582, inarray = 0
Elemid = 480, Nodeid = -1, x = 0.0015625, y = 1.40508, dist = 0.00677504, e1mag = 12.9582, e2mag = 12.9582, inarray = 0
Elemid = 481, Nodeid = -1, x = 0.0015625, y = 1.41153, dist = 0.00677505, e1mag = 12.9582, e2mag = 12.9582, inarray = 0
Elemid = 482, Nodeid = -1, x = 0.0015625, y = 1.42452, dist = 0.00234925, e1mag = 12.9582, e2mag = 12.9582, inarray = 0
Elemid = 483, Nodeid = -1, x = 0.00078125, y = 1.42694, dist = 0.00646604, e1mag = 12.9582, e2mag = 12.9582, inarray = 0
Elemid = 484, Nodeid = -1, x = 0.00078125, y = 1.62048, dist = 0.00646604, e1mag = 12.9582, e2mag = 12.9582, inarray = 0
Elemid = 485, Nodeid = -1, x = 0.0015625, y = 1.61806, dist = 0.00234925, e1mag = 12.9582, e2mag = 12.9582, inarray = 0
Elemid = 486, Nodeid = -1, x = 0.00078125, y = 1.43339, dist = 0.00646605, e1mag = 12.9582, e2mag = 12.9582, inarray = 0
Elemid = 487, Nodeid = -1, x = 0.0015625, y = 1.43097, dist = 0.00234925, e1mag = 12.9582, e2mag = 12.9582, inarray = 0
Elemid = 488, Nodeid = -1, x = 0.00078125, y = 1.43742, dist = 0.00273698, e1mag = 12.9582, e2mag = 12.9582, inarray = 0
Elemid = 489, Nodeid = -1, x = 0.00078125, y = 1.44387, dist = 0.00273698, e1mag = 12.9582, e2mag = 12.9582, inarray = 0
Elemid = 490, Nodeid = -1, x = 0.0015625, y = 1.43984, dist = 0.00677504, e1mag = 12.9582, e2mag = 12.9582, inarray = 0
Elemid = 491, Nodeid = -1, x = 0.00078125, y = 1.45032, dist = 0.00273698, e1mag = 12.9582, e2mag = 12.9582, inarray = 0
Elemid = 492, Nodeid = -1, x = 0.0015625, y = 1.44629, dist = 0.00677504, e1mag = 12.9582, e2mag = 12.9582, inarray = 0
Elemid = 493, Nodeid = -1, x = 0.00078125, y = 1.45677, dist = 0.00273698, e1mag = 12.9582, e2mag = 12.9582, inarray = 0
Elemid = 494, Nodeid = -1, x = 0.0015625, y = 1.45274, dist = 0.00677504, e1mag = 12.9582, e2mag = 12.9582, inarray = 0
Elemid = 495, Nodeid = -1, x = 0.00078125, y = 1.46565, dist = 0.00646604, e1mag = 12.9582, e2mag = 12.9582, inarray = 0
Elemid = 496, Nodeid = -1, x = 0.0015625, y = 1.45919, dist = 0.00677505, e1mag = 12.9582, e2mag = 12.9582, inarray = 0
Elemid = 497, Nodeid = -1, x = 0.00171875, y = 1.46363, dist = 0.00589405, e1mag = 12.9582, e2mag = 12.9582, inarray = 0
Elemid = 498, Nodeid = -1, x = 0.00078125, y = 1.46968, dist = 0.00273698, e1mag = 12.9582, e2mag = 12.9582, inarray = 0
Elemid = 499, Nodeid = -1, x = 0.00078125, y = 1.47855, dist = 0.00646605, e1mag = 12.9582, e2mag = 12.9582, inarray = 0
Elemid = 500, Nodeid = -1, x = 0.00171875, y = 1.47169, dist = 0.00535502, e1mag = 12.9582, e2mag = 12.9582, inarray = 0
Elemid = 501, Nodeid = -1, x = 0.00171875, y = 1.47653, dist = 0.00589406, e1mag = 12.9582, e2mag = 12.9582, inarray = 0
Elemid = 502, Nodeid = -1, x = 0.00078125, y = 1.48258, dist = 0.00273698, e1mag = 12.9582, e2mag = 12.9582, inarray = 0
Elemid = 503, Nodeid = -1, x = 0.00078125, y = 1.48903, dist = 0.00273698, e1mag = 12.9582, e2mag = 12.9582, inarray = 0
Elemid = 504, Nodeid = -1, x = 0.00171875, y = 1.4846, dist = 0.00535502, e1mag = 12.9582, e2mag = 12.9582, inarray = 0
Elemid = 505, Nodeid = -1, x = 0.00078125, y = 1.49548, dist = 0.00273698, e1mag = 12.9582, e2mag = 12.9582, inarray = 0
Elemid = 506, Nodeid = -1, x = 0.0015625, y = 1.49145, dist = 0.00677504, e1mag = 12.9582, e2mag = 12.9582, inarray = 0
Elemid = 507, Nodeid = -1, x = 0.00078125, y = 1.50194, dist = 0.00273698, e1mag = 12.9582, e2mag = 12.9582, inarray = 0
Elemid = 508, Nodeid = -1, x = 0.0015625, y = 1.4979, dist = 0.00677504, e1mag = 12.9582, e2mag = 12.9582, inarray = 0
Elemid = 509, Nodeid = -1, x = 0.00078125, y = 1.50839, dist = 0.00273698, e1mag = 12.9582, e2mag = 12.9582, inarray = 0
Elemid = 510, Nodeid = -1, x = 0.0015625, y = 1.50435, dist = 0.00677505, e1mag = 12.9582, e2mag = 12.9582, inarray = 0
Elemid = 511, Nodeid = -1, x = 0.00078125, y = 1.51484, dist = 0.00273698, e1mag = 12.9582, e2mag = 12.9582, inarray = 0
Elemid = 512, Nodeid = -1, x = 0.0015625, y = 1.51081, dist = 0.00677504, e1mag = 12.9582, e2mag = 12.9582, inarray = 0
Elemid = 513, Nodeid = -1, x = 0.00078125, y = 1.52129, dist = 0.00273698, e1mag = 12.9582, e2mag = 12.9582, inarray = 0
Elemid = 514, Nodeid = -1, x = 0.0015625, y = 1.51726, dist = 0.00677504, e1mag = 12.9582, e2mag = 12.9582, inarray = 0
Elemid = 515, Nodeid = -1, x = 0.00078125, y = 1.52774, dist = 0.00273698, e1mag = 12.9582, e2mag = 12.9582, inarray = 0
Elemid = 516, Nodeid = -1, x = 0.0015625, y = 1.52371, dist = 0.00677505, e1mag = 12.9582, e2mag = 12.9582, inarray = 0
Elemid = 517, Nodeid = -1, x = 0.00078125, y = 1.53419, dist = 0.00273698, e1mag = 12.9582, e2mag = 12.9582, inarray = 0
Elemid = 518, Nodeid = -1, x = 0.0015625, y = 1.53016, dist = 0.00677504, e1mag = 12.9582, e2mag = 12.9582, inarray = 0
Elemid = 519, Nodeid = -1, x = 0.00078125, y = 1.54065, dist = 0.00273698, e1mag = 12.9582, e2mag = 12.9582, inarray = 0
Elemid = 520, Nodeid = -1, x = 0.0015625, y = 1.53661, dist = 0.00677504, e1mag = 12.9582, e2mag = 12.9582, inarray = 0
Elemid = 521, Nodeid = -1, x = 0.00078125, y = 1.5471, dist = 0.00273698, e1mag = 12.9582, e2mag = 12.9582, inarray = 0
Elemid = 522, Nodeid = -1, x = 0.0015625, y = 1.54306, dist = 0.00677505, e1mag = 12.9582, e2mag = 12.9582, inarray = 0
Elemid = 523, Nodeid = -1, x = 0.00078125, y = 1.55355, dist = 0.00273698, e1mag = 12.9582, e2mag = 12.9582, inarray = 0
Elemid = 524, Nodeid = -1, x = 0.0015625, y = 1.54952, dist = 0.00677504, e1mag = 12.9582, e2mag = 12.9582, inarray = 0
Elemid = 525, Nodeid = -1, x = 0.00078125, y = 1.56, dist = 0.00273698, e1mag = 12.9582, e2mag = 12.9582, inarray = 0
Elemid = 526, Nodeid = -1, x = 0.0015625, y = 1.55597, dist = 0.00677504, e1mag = 12.9582, e2mag = 12.9582, inarray = 0
Elemid = 527, Nodeid = -1, x = 0.00078125, y = 1.56847, dist = 0.00589406, e1mag = 12.9582, e2mag = 12.9582, inarray = 0
Elemid = 528, Nodeid = -1, x = 0.00171875, y = 1.56242, dist = 0.00273698, e1mag = 12.9582, e2mag = 12.9582, inarray = 0
Elemid = 529, Nodeid = -1, x = 0.00171875, y = 1.56645, dist = 0.00646605, e1mag = 12.9582, e2mag = 12.9582, inarray = 0
Elemid = 530, Nodeid = -1, x = 0.00078125, y = 1.5729, dist = 0.00273698, e1mag = 12.9582, e2mag = 12.9582, inarray = 0
Elemid = 531, Nodeid = -1, x = 0.00078125, y = 1.58137, dist = 0.00589405, e1mag = 12.9582, e2mag = 12.9582, inarray = 0
Elemid = 532, Nodeid = -1, x = 0.00171875, y = 1.57532, dist = 0.00273698, e1mag = 12.9582, e2mag = 12.9582, inarray = 0
Elemid = 533, Nodeid = -1, x = 0.00171875, y = 1.57935, dist = 0.00646604, e1mag = 12.9582, e2mag = 12.9582, inarray = 0
Elemid = 534, Nodeid = -1, x = 0.00078125, y = 1.58581, dist = 0.00273698, e1mag = 12.9582, e2mag = 12.9582, inarray = 0
Elemid = 535, Nodeid = -1, x = 0.00078125, y = 1.59226, dist = 0.00273698, e1mag = 12.9582, e2mag = 12.9582, inarray = 0
Elemid = 536, Nodeid = -1, x = 0.0015625, y = 1.58823, dist = 0.00677505, e1mag = 12.9582, e2mag = 12.9582, inarray = 0
Elemid = 537, Nodeid = -1, x = 0.00078125, y = 1.59871, dist = 0.00273698, e1mag = 12.9582, e2mag = 12.9582, inarray = 0
Elemid = 538, Nodeid = -1, x = 0.0015625, y = 1.59468, dist = 0.00677504, e1mag = 12.9582, e2mag = 12.9582, inarray = 0
Elemid = 539, Nodeid = -1, x = 0.00078125, y = 1.60516, dist = 0.00273698, e1mag = 12.9582, e2mag = 12.9582, inarray = 0
Elemid = 540, Nodeid = -1, x = 0.0015625, y = 1.60113, dist = 0.00677504, e1mag = 12.9582, e2mag = 12.9582, inarray = 0
Elemid = 541, Nodeid = -1, x = 0.00078125, y = 1.61161, dist = 0.00273698, e1mag = 12.9582, e2mag = 12.9582, inarray = 0
Elemid = 542, Nodeid = -1, x = 0.0015625, y = 1.60758, dist = 0.00677504, e1mag = 12.9582, e2mag = 12.9582, inarray = 0
Elemid = 543, Nodeid = -1, x = 0.0015625, y = 1.61403, dist = 0.00677505, e1mag = 12.9582, e2mag = 12.9582, inarray = 0
Elemid = 544, Nodeid = -1, x = 0.00078125, y = 1.62702, dist = 0.00273698, e1mag = 12.9582, e2mag = 12.9582, inarray = 0
Elemid = 545, Nodeid = -1, x = 0.0015625, y = 1.62944, dist = 0.00677504, e1mag = 12.9582, e2mag = 12.9582, inarray = 0
Elemid = 546, Nodeid = -1, x = 0.00078125, y = 1.82298, dist = 0.00646604, e1mag = 12.9582, e2mag = 12.9582, inarray = 0
Elemid = 547, Nodeid = -1, x = 0.0015625, y = 1.82056, dist = 0.00234925, e1mag = 12.9582, e2mag = 12.9582, inarray = 0
Elemid = 548, Nodeid = -1, x = 0.00078125, y = 1.63347, dist = 0.00273698, e1mag = 12.9582, e2mag = 12.9582, inarray = 0
Elemid = 549, Nodeid = -1, x = 0.00078125, y = 1.64234, dist = 0.00646604, e1mag = 12.9582, e2mag = 12.9582, inarray = 0
Elemid = 550, Nodeid = -1, x = 0.0015625, y = 1.63589, dist = 0.00677505, e1mag = 12.9582, e2mag = 12.9582, inarray = 0
Elemid = 551, Nodeid = -1, x = 0.0015625, y = 1.63992, dist = 0.00234925, e1mag = 12.9582, e2mag = 12.9582, inarray = 0
Elemid = 552, Nodeid = -1, x = 0.00078125, y = 1.64637, dist = 0.00273698, e1mag = 12.9582, e2mag = 12.9582, inarray = 0
Elemid = 553, Nodeid = -1, x = 0.00078125, y = 1.65282, dist = 0.00273698, e1mag = 12.9582, e2mag = 12.9582, inarray = 0
Elemid = 554, Nodeid = -1, x = 0.0015625, y = 1.64879, dist = 0.00677504, e1mag = 12.9582, e2mag = 12.9582, inarray = 0
Elemid = 555, Nodeid = -1, x = 0.00078125, y = 1.66169, dist = 0.00646605, e1mag = 12.9582, e2mag = 12.9582, inarray = 0
Elemid = 556, Nodeid = -1, x = 0.0015625, y = 1.65524, dist = 0.00677504, e1mag = 12.9582, e2mag = 12.9582, inarray = 0
Elemid = 557, Nodeid = -1, x = 0.0015625, y = 1.65927, dist = 0.00234925, e1mag = 12.9582, e2mag = 12.9582, inarray = 0
Elemid = 558, Nodeid = -1, x = 0.00078125, y = 1.66573, dist = 0.00273698, e1mag = 12.9582, e2mag = 12.9582, inarray = 0
Elemid = 559, Nodeid = -1, x = 0.00078125, y = 1.6746, dist = 0.00646604, e1mag = 12.9582, e2mag = 12.9582, inarray = 0
Elemid = 560, Nodeid = -1, x = 0.0015625, y = 1.66815, dist = 0.00677504, e1mag = 12.9582, e2mag = 12.9582, inarray = 0
Elemid = 561, Nodeid = -1, x = 0.0015625, y = 1.67218, dist = 0.00234925, e1mag = 12.9582, e2mag = 12.9582, inarray = 0
Elemid = 562, Nodeid = -1, x = 0.00078125, y = 1.67863, dist = 0.00273698, e1mag = 12.9582, e2mag = 12.9582, inarray = 0
Elemid = 563, Nodeid = -1, x = 0.00078125, y = 1.68508, dist = 0.00273698, e1mag = 12.9582, e2mag = 12.9582, inarray = 0
Elemid = 564, Nodeid = -1, x = 0.0015625, y = 1.68105, dist = 0.00677505, e1mag = 12.9582, e2mag = 12.9582, inarray = 0
Elemid = 565, Nodeid = -1, x = 0.00078125, y = 1.69153, dist = 0.00273698, e1mag = 12.9582, e2mag = 12.9582, inarray = 0
Elemid = 566, Nodeid = -1, x = 0.0015625, y = 1.6875, dist = 0.00677504, e1mag = 12.9582, e2mag = 12.9582, inarray = 0
Elemid = 567, Nodeid = -1, x = 0.00078125, y = 1.69798, dist = 0.00273698, e1mag = 12.9582, e2mag = 12.9582, inarray = 0
Elemid = 568, Nodeid = -1, x = 0.0015625, y = 1.69395, dist = 0.00677504, e1mag = 12.9582, e2mag = 12.9582, inarray = 0
Elemid = 569, Nodeid = -1, x = 0.00078125, y = 1.70444, dist = 0.00273698, e1mag = 12.9582, e2mag = 12.9582, inarray = 0
Elemid = 570, Nodeid = -1, x = 0.0015625, y = 1.7004, dist = 0.00677504, e1mag = 12.9582, e2mag = 12.9582, inarray = 0
Elemid = 571, Nodeid = -1, x = 0.00078125, y = 1.71089, dist = 0.00273698, e1mag = 12.9582, e2mag = 12.9582, inarray = 0
Elemid = 572, Nodeid = -1, x = 0.0015625, y = 1.70685, dist = 0.00677505, e1mag = 12.9582, e2mag = 12.9582, inarray = 0
Elemid = 573, Nodeid = -1, x = 0.00078125, y = 1.71734, dist = 0.00273698, e1mag = 12.9582, e2mag = 12.9582, inarray = 0
Elemid = 574, Nodeid = -1, x = 0.0015625, y = 1.71331, dist = 0.00677504, e1mag = 12.9582, e2mag = 12.9582, inarray = 0
Elemid = 575, Nodeid = -1, x = 0.00078125, y = 1.72379, dist = 0.00273698, e1mag = 12.9582, e2mag = 12.9582, inarray = 0
Elemid = 576, Nodeid = -1, x = 0.0015625, y = 1.71976, dist = 0.00677504, e1mag = 12.9582, e2mag = 12.9582, inarray = 0
Elemid = 577, Nodeid = -1, x = 0.00078125, y = 1.73266, dist = 0.00646604, e1mag = 12.9582, e2mag = 12.9582, inarray = 0
Elemid = 578, Nodeid = -1, x = 0.0015625, y = 1.72621, dist = 0.00677505, e1mag = 12.9582, e2mag = 12.9582, inarray = 0
Elemid = 579, Nodeid = -1, x = 0.0015625, y = 1.73024, dist = 0.00234925, e1mag = 12.9582, e2mag = 12.9582, inarray = 0
Elemid = 580, Nodeid = -1, x = 0.00078125, y = 1.73669, dist = 0.00273698, e1mag = 12.9582, e2mag = 12.9582, inarray = 0
Elemid = 581, Nodeid = -1, x = 0.00078125, y = 1.74556, dist = 0.00646605, e1mag = 12.9582, e2mag = 12.9582, inarray = 0
Elemid = 582, Nodeid = -1, x = 0.0015625, y = 1.73911, dist = 0.00677504, e1mag = 12.9582, e2mag = 12.9582, inarray = 0
Elemid = 583, Nodeid = -1, x = 0.0015625, y = 1.74315, dist = 0.00234925, e1mag = 12.9582, e2mag = 12.9582, inarray = 0
Elemid = 584, Nodeid = -1, x = 0.00078125, y = 1.7496, dist = 0.00273698, e1mag = 12.9582, e2mag = 12.9582, inarray = 0
Elemid = 585, Nodeid = -1, x = 0.00078125, y = 1.75605, dist = 0.00273698, e1mag = 12.9582, e2mag = 12.9582, inarray = 0
Elemid = 586, Nodeid = -1, x = 0.0015625, y = 1.75202, dist = 0.00677504, e1mag = 12.9582, e2mag = 12.9582, inarray = 0
Elemid = 587, Nodeid = -1, x = 0.00078125, y = 1.7625, dist = 0.00273698, e1mag = 12.9582, e2mag = 12.9582, inarray = 0
Elemid = 588, Nodeid = -1, x = 0.0015625, y = 1.75847, dist = 0.00677504, e1mag = 12.9582, e2mag = 12.9582, inarray = 0
Elemid = 589, Nodeid = -1, x = 0.00078125, y = 1.76895, dist = 0.00273698, e1mag = 12.9582, e2mag = 12.9582, inarray = 0
Elemid = 590, Nodeid = -1, x = 0.0015625, y = 1.76492, dist = 0.00677504, e1mag = 12.9582, e2mag = 12.9582, inarray = 0
Elemid = 591, Nodeid = -1, x = 0.00078125, y = 1.7754, dist = 0.00273698, e1mag = 12.9582, e2mag = 12.9582, inarray = 0
Elemid = 592, Nodeid = -1, x = 0.0015625, y = 1.77137, dist = 0.00677505, e1mag = 12.9582, e2mag = 12.9582, inarray = 0
Elemid = 593, Nodeid = -1, x = 0.00078125, y = 1.78185, dist = 0.00273698, e1mag = 12.9582, e2mag = 12.9582, inarray = 0
Elemid = 594, Nodeid = -1, x = 0.0015625, y = 1.77782, dist = 0.00677504, e1mag = 12.9582, e2mag = 12.9582, inarray = 0
Elemid = 595, Nodeid = -1, x = 0.00078125, y = 1.78831, dist = 0.00273698, e1mag = 12.9582, e2mag = 12.9582, inarray = 0
Elemid = 596, Nodeid = -1, x = 0.0015625, y = 1.78427, dist = 0.00677504, e1mag = 12.9582, e2mag = 12.9582, inarray = 0
Elemid = 597, Nodeid = -1, x = 0.00078125, y = 1.79476, dist = 0.00273698, e1mag = 12.9582, e2mag = 12.9582, inarray = 0
Elemid = 598, Nodeid = -1, x = 0.0015625, y = 1.79073, dist = 0.00677505, e1mag = 12.9582, e2mag = 12.9582, inarray = 0
Elemid = 599, Nodeid = -1, x = 0.00078125, y = 1.80363, dist = 0.00646604, e1mag = 12.9582, e2mag = 12.9582, inarray = 0
Elemid = 600, Nodeid = -1, x = 0.0015625, y = 1.79718, dist = 0.00677504, e1mag = 12.9582, e2mag = 12.9582, inarray = 0
Elemid = 601, Nodeid = -1, x = 0.0015625, y = 1.80121, dist = 0.00234925, e1mag = 12.9582, e2mag = 12.9582, inarray = 0
Elemid = 602, Nodeid = -1, x = 0.00078125, y = 1.80766, dist = 0.00273698, e1mag = 12.9582, e2mag = 12.9582, inarray = 0
Elemid = 603, Nodeid = -1, x = 0.00078125, y = 1.81653, dist = 0.00646605, e1mag = 12.9582, e2mag = 12.9582, inarray = 0
Elemid = 604, Nodeid = -1, x = 0.0015625, y = 1.81008, dist = 0.00677504, e1mag = 12.9582, e2mag = 12.9582, inarray = 0
Elemid = 605, Nodeid = -1, x = 0.0015625, y = 1.81411, dist = 0.00234925, e1mag = 12.9582, e2mag = 12.9582, inarray = 0
Elemid = 606, Nodeid = -1, x = 0.00171875, y = 1.82992, dist = 0.00589406, e1mag = 12.9582, e2mag = 12.9582, inarray = 0
Elemid = 607, Nodeid = -1, x = 0.00078125, y = 1.83194, dist = 0.00646604, e1mag = 12.9582, e2mag = 12.9582, inarray = 0
Elemid = 608, Nodeid = -1, x = 0.0015625, y = 2.02548, dist = 0.00677504, e1mag = 12.9582, e2mag = 12.9582, inarray = 0
Elemid = 609, Nodeid = -1, x = 0.00078125, y = 2.02306, dist = 0.00273698, e1mag = 12.9582, e2mag = 12.9582, inarray = 0
Elemid = 610, Nodeid = -1, x = 0.00078125, y = 1.83839, dist = 0.00646605, e1mag = 12.9582, e2mag = 12.9582, inarray = 0
Elemid = 611, Nodeid = -1, x = 0.0015625, y = 1.83597, dist = 0.00234925, e1mag = 12.9582, e2mag = 12.9582, inarray = 0
Elemid = 612, Nodeid = -1, x = 0.00078125, y = 1.84242, dist = 0.00273698, e1mag = 12.9582, e2mag = 12.9582, inarray = 0
Elemid = 613, Nodeid = -1, x = 0.00078125, y = 1.84887, dist = 0.00273698, e1mag = 12.9582, e2mag = 12.9582, inarray = 0
Elemid = 614, Nodeid = -1, x = 0.0015625, y = 1.84484, dist = 0.00677504, e1mag = 12.9582, e2mag = 12.9582, inarray = 0
Elemid = 615, Nodeid = -1, x = 0.00078125, y = 1.85774, dist = 0.00646604, e1mag = 12.9582, e2mag = 12.9582, inarray = 0
Elemid = 616, Nodeid = -1, x = 0.0015625, y = 1.85129, dist = 0.00677504, e1mag = 12.9582, e2mag = 12.9582, inarray = 0
Elemid = 617, Nodeid = -1, x = 0.0015625, y = 1.85532, dist = 0.00234925, e1mag = 12.9582, e2mag = 12.9582, inarray = 0
Elemid = 618, Nodeid = -1, x = 0.00078125, y = 1.86177, dist = 0.00273698, e1mag = 12.9582, e2mag = 12.9582, inarray = 0
Elemid = 619, Nodeid = -1, x = 0.00078125, y = 1.87065, dist = 0.00646604, e1mag = 12.9582, e2mag = 12.9582, inarray = 0
Elemid = 620, Nodeid = -1, x = 0.0015625, y = 1.86419, dist = 0.00677505, e1mag = 12.9582, e2mag = 12.9582, inarray = 0
Elemid = 621, Nodeid = -1, x = 0.0015625, y = 1.86823, dist = 0.00234925, e1mag = 12.9582, e2mag = 12.9582, inarray = 0
Elemid = 622, Nodeid = -1, x = 0.00078125, y = 1.87468, dist = 0.00273698, e1mag = 12.9582, e2mag = 12.9582, inarray = 0
Elemid = 623, Nodeid = -1, x = 0.00078125, y = 1.88113, dist = 0.00273698, e1mag = 12.9582, e2mag = 12.9582, inarray = 0
Elemid = 624, Nodeid = -1, x = 0.0015625, y = 1.8771, dist = 0.00677504, e1mag = 12.9582, e2mag = 12.9582, inarray = 0
Elemid = 625, Nodeid = -1, x = 0.00078125, y = 1.88758, dist = 0.00273698, e1mag = 12.9582, e2mag = 12.9582, inarray = 0
Elemid = 626, Nodeid = -1, x = 0.0015625, y = 1.88355, dist = 0.00677505, e1mag = 12.9582, e2mag = 12.9582, inarray = 0
Elemid = 627, Nodeid = -1, x = 0.00078125, y = 1.89403, dist = 0.00273698, e1mag = 12.9582, e2mag = 12.9582, inarray = 0
Elemid = 628, Nodeid = -1, x = 0.0015625, y = 1.89, dist = 0.00677504, e1mag = 12.9582, e2mag = 12.9582, inarray = 0
Elemid = 629, Nodeid = -1, x = 0.00078125, y = 1.90048, dist = 0.00273698, e1mag = 12.9582, e2mag = 12.9582, inarray = 0
Elemid = 630, Nodeid = -1, x = 0.0015625, y = 1.89645, dist = 0.00677504, e1mag = 12.9582, e2mag = 12.9582, inarray = 0
Elemid = 631, Nodeid = -1, x = 0.00078125, y = 1.90694, dist = 0.00273698, e1mag = 12.9582, e2mag = 12.9582, inarray = 0
Elemid = 632, Nodeid = -1, x = 0.0015625, y = 1.9029, dist = 0.00677504, e1mag = 12.9582, e2mag = 12.9582, inarray = 0
Elemid = 633, Nodeid = -1, x = 0.00078125, y = 1.91339, dist = 0.00273698, e1mag = 12.9582, e2mag = 12.9582, inarray = 0
Elemid = 634, Nodeid = -1, x = 0.0015625, y = 1.90935, dist = 0.00677505, e1mag = 12.9582, e2mag = 12.9582, inarray = 0
Elemid = 635, Nodeid = -1, x = 0.00078125, y = 1.91984, dist = 0.00273698, e1mag = 12.9582, e2mag = 12.9582, inarray = 0
Elemid = 636, Nodeid = -1, x = 0.0015625, y = 1.91581, dist = 0.00677504, e1mag = 12.9582, e2mag = 12.9582, inarray = 0
Elemid = 637, Nodeid = -1, x = 0.00078125, y = 1.92629, dist = 0.00273698, e1mag = 12.9582, e2mag = 12.9582, inarray = 0
Elemid = 638, Nodeid = -1, x = 0.0015625, y = 1.92226, dist = 0.00677504, e1mag = 12.9582, e2mag = 12.9582, inarray = 0
Elemid = 639, Nodeid = -1, x = 0.00078125, y = 1.93274, dist = 0.00273698, e1mag = 12.9582, e2mag = 12.9582, inarray = 0
Elemid = 640, Nodeid = -1, x = 0.0015625, y = 1.92871, dist = 0.00677505, e1mag = 12.9582, e2mag = 12.9582, inarray = 0
Elemid = 641, Nodeid = -1, x = 0.00078125, y = 1.93919, dist = 0.00273698, e1mag = 12.9582, e2mag = 12.9582, inarray = 0
Elemid = 642, Nodeid = -1, x = 0.0015625, y = 1.93516, dist = 0.00677504, e1mag = 12.9582, e2mag = 12.9582, inarray = 0
Elemid = 643, Nodeid = -1, x = 0.00078125, y = 1.94565, dist = 0.00273698, e1mag = 12.9582, e2mag = 12.9582, inarray = 0
Elemid = 644, Nodeid = -1, x = 0.0015625, y = 1.94161, dist = 0.00677504, e1mag = 12.9582, e2mag = 12.9582, inarray = 0
Elemid = 645, Nodeid = -1, x = 0.00078125, y = 1.9521, dist = 0.00273698, e1mag = 12.9582, e2mag = 12.9582, inarray = 0
Elemid = 646, Nodeid = -1, x = 0.0015625, y = 1.94806, dist = 0.00677505, e1mag = 12.9582, e2mag = 12.9582, inarray = 0
Elemid = 647, Nodeid = -1, x = 0.00078125, y = 1.95855, dist = 0.00273698, e1mag = 12.9582, e2mag = 12.9582, inarray = 0
Elemid = 648, Nodeid = -1, x = 0.0015625, y = 1.95452, dist = 0.00677504, e1mag = 12.9582, e2mag = 12.9582, inarray = 0
Elemid = 649, Nodeid = -1, x = 0.00078125, y = 1.965, dist = 0.00273698, e1mag = 12.9582, e2mag = 12.9582, inarray = 0
Elemid = 650, Nodeid = -1, x = 0.0015625, y = 1.96097, dist = 0.00677504, e1mag = 12.9582, e2mag = 12.9582, inarray = 0
Elemid = 651, Nodeid = -1, x = 0.00078125, y = 1.97145, dist = 0.00273698, e1mag = 12.9582, e2mag = 12.9582, inarray = 0
Elemid = 652, Nodeid = -1, x = 0.0015625, y = 1.96742, dist = 0.00677504, e1mag = 12.9582, e2mag = 12.9582, inarray = 0
Elemid = 653, Nodeid = -1, x = 0.00078125, y = 1.9779, dist = 0.00273698, e1mag = 12.9582, e2mag = 12.9582, inarray = 0
Elemid = 654, Nodeid = -1, x = 0.0015625, y = 1.97387, dist = 0.00677505, e1mag = 12.9582, e2mag = 12.9582, inarray = 0
Elemid = 655, Nodeid = -1, x = 0.00078125, y = 1.98435, dist = 0.00273698, e1mag = 12.9582, e2mag = 12.9582, inarray = 0
Elemid = 656, Nodeid = -1, x = 0.0015625, y = 1.98032, dist = 0.00677504, e1mag = 12.9582, e2mag = 12.9582, inarray = 0
Elemid = 657, Nodeid = -1, x = 0.00078125, y = 1.99081, dist = 0.00273698, e1mag = 12.9582, e2mag = 12.9582, inarray = 0
Elemid = 658, Nodeid = -1, x = 0.0015625, y = 1.98677, dist = 0.00677504, e1mag = 12.9582, e2mag = 12.9582, inarray = 0
Elemid = 659, Nodeid = -1, x = 0.00078125, y = 1.99726, dist = 0.00273698, e1mag = 12.9582, e2mag = 12.9582, inarray = 0
Elemid = 660, Nodeid = -1, x = 0.0015625, y = 1.99323, dist = 0.00677505, e1mag = 12.9582, e2mag = 12.9582, inarray = 0
Elemid = 661, Nodeid = -1, x = 0.00078125, y = 2.00371, dist = 0.00273698, e1mag = 12.9582, e2mag = 12.9582, inarray = 0
Elemid = 662, Nodeid = -1, x = 0.0015625, y = 1.99968, dist = 0.00677504, e1mag = 12.9582, e2mag = 12.9582, inarray = 0
Elemid = 663, Nodeid = -1, x = 0.00078125, y = 2.01016, dist = 0.00273698, e1mag = 12.9582, e2mag = 12.9582, inarray = 0
Elemid = 664, Nodeid = -1, x = 0.0015625, y = 2.00613, dist = 0.00677504, e1mag = 12.9582, e2mag = 12.9582, inarray = 0
Elemid = 665, Nodeid = -1, x = 0.00078125, y = 2.01661, dist = 0.00273698, e1mag = 12.9582, e2mag = 12.9582, inarray = 0
Elemid = 666, Nodeid = -1, x = 0.0015625, y = 2.01258, dist = 0.00677504, e1mag = 12.9582, e2mag = 12.9582, inarray = 0
Elemid = 667, Nodeid = -1, x = 0.0015625, y = 2.01903, dist = 0.00677505, e1mag = 12.9582, e2mag = 12.9582, inarray = 0
Initial: max um = 0
Writing: "NeuralEP2DL2mono_w0025_reri1_initial.chk"
 (0s, XML)
Steps: 100000   Time: 0.01        
 CPU Time: 25.0773 min.

um_max = 256.105 at x = 0, y = 0, z = 0
 
(Nodeid,phim): (0,255.786), (1,234.74), (2,130.991), (3,84.8566), (4,42.5095), (5,27.959), (6,9.71144), (7,6.32086), (8,3.01658), (9,1.46162), (10,0.75099), (11,0.452608),  

Writing: "NeuralEP2DL2mono_w0025_reri1_1.chk"
 (0s, XML)
Steps: 200000   Time: 0.02        
 CPU Time: 25.2166 min.

um_max = 117.504 at x = 0, y = 0, z = 0
 
(Nodeid,phim): (0,117.486), (1,115.773), (2,110.309), (3,98.5017), (4,65.3745), (5,45.129), (6,15.9099), (7,10.3369), (8,4.91268), (9,2.36614), (10,1.20614), (11,0.722231),  

Writing: "NeuralEP2DL2mono_w0025_reri1_2.chk"
 (0s, XML)
Steps: 300000   Time: 0.03        
 CPU Time: 25.1644 min.

um_max = 117.207 at x = 0.0025, y = 0, z = 0
 
(Nodeid,phim): (0,117.194), (1,115.894), (2,112.997), (3,108.038), (4,88.2867), (5,69.1529), (6,26.6895), (7,17.3581), (8,8.25638), (9,3.97979), (10,2.03054), (11,1.21682),  

Writing: "NeuralEP2DL2mono_w0025_reri1_3.chk"
 (0s, XML)
Steps: 400000   Time: 0.04        
 CPU Time: 25.1885 min.

um_max = 116.678 at x = 0.0025, y = 0, z = 0
 
(Nodeid,phim): (0,116.668), (1,115.557), (2,113.758), (3,111.694), (4,102.533), (5,91.1565), (6,43.974), (7,28.8405), (8,13.7432), (9,6.62607), (10,3.38153), (11,2.02691),  

Writing: "NeuralEP2DL2mono_w0025_reri1_4.chk"
 (0s, XML)
Steps: 500000   Time: 0.05        
 CPU Time: 25.1647 min.

um_max = 115.984 at x = 0.0025, y = 0, z = 0
 
(Nodeid,phim): (0,115.976), (1,114.963), (2,113.714), (3,112.876), (4,109.099), (5,104.096), (6,67.846), (7,47.0106), (8,22.8724), (9,11.034), (10,5.63168), (11,3.376),  

Writing: "NeuralEP2DL2mono_w0025_reri1_5.chk"
 (0s, XML)
Steps: 600000   Time: 0.06        
 CPU Time: 25.181 min.

um_max = 115.16 at x = 0.0025, y = 0, z = 0
 
(Nodeid,phim): (0,115.153), (1,114.194), (2,113.258), (3,113.013), (4,111.573), (5,109.73), (6,89.7055), (7,70.9119), (8,37.8555), (9,18.397), (10,9.3904), (11,5.62898),  

Writing: "NeuralEP2DL2mono_w0025_reri1_6.chk"
 (0s, XML)
Steps: 700000   Time: 0.07        
 CPU Time: 25.1963 min.

um_max = 114.224 at x = 0.0025, y = 0, z = 0
 
(Nodeid,phim): (0,114.217), (1,113.29), (2,112.549), (3,112.638), (4,112.26), (5,111.76), (6,103.179), (7,92.3855), (8,59.8086), (9,30.6853), (10,15.7007), (11,9.41175),  

Writing: "NeuralEP2DL2mono_w0025_reri1_7.chk"
 (0s, XML)
Steps: 800000   Time: 0.08        
 CPU Time: 25.2288 min.

um_max = 113.189 at x = 0.0025, y = 0, z = 0
 
(Nodeid,phim): (0,113.182), (1,112.273), (2,111.661), (3,111.962), (4,112.146), (5,112.252), (6,109.318), (7,104.712), (8,84.0011), (9,50.3349), (10,26.5292), (11,15.9268),  

Writing: "NeuralEP2DL2mono_w0025_reri1_8.chk"
 (0s, XML)
Steps: 900000   Time: 0.09        
 CPU Time: 25.2053 min.

um_max = 112.901 at x = 0.0025, y = 0.81375, z = 0
 
(Nodeid,phim): (0,112.055), (1,111.157), (2,110.635), (3,111.083), (4,111.614), (5,112.043), (6,111.594), (7,109.973), (8,100.731), (9,75.9634), (10,45.6728), (11,28.2736),  

Writing: "NeuralEP2DL2mono_w0025_reri1_9.chk"
 (0s, XML)
Steps: 1000000  Time: 0.1         
 CPU Time: 25.2274 min.

um_max = 112.969 at x = 0.0025, y = 1.01625, z = 0
 
(Nodeid,phim): (0,110.843), (1,109.952), (2,109.494), (3,110.05), (4,110.824), (5,111.456), (6,112.186), (7,111.824), (8,108.633), (9,97.6951), (10,76.5057), (11,58.6686),  

Writing: "NeuralEP2DL2mono_w0025_reri1_10.chk"
 (0s, XML)
Steps: 1100000  Time: 0.11        
 CPU Time: 25.2495 min.

um_max = 112.968 at x = 0.0025, y = 1.21875, z = 0
 
(Nodeid,phim): (0,109.553), (1,108.665), (2,108.255), (3,108.893), (4,109.852), (5,110.627), (6,112.018), (7,112.22), (8,111.47), (9,107.987), (10,100.713), (11,95.3343),  

Writing: "NeuralEP2DL2mono_w0025_reri1_11.chk"
 (0s, XML)
Steps: 1200000  Time: 0.12        
 CPU Time: 25.3037 min.

um_max = 112.915 at x = 0.0025, y = 1.42125, z = 0
 
(Nodeid,phim): (0,108.188), (1,107.302), (2,106.928), (3,107.631), (4,108.739), (5,109.625), (6,111.45), (7,111.957), (8,112.223), (9,111.27), (10,108.953), (11,108.612),  

Writing: "NeuralEP2DL2mono_w0025_reri1_12.chk"
 (0s, XML)
Steps: 1300000  Time: 0.13        
 CPU Time: 25.2226 min.

um_max = 113.48 at x = 0.0025, y = 2.03, z = 0
 
(Nodeid,phim): (0,106.753), (1,105.869), (2,105.521), (3,106.278), (4,107.51), (5,108.488), (6,110.633), (7,111.337), (8,112.15), (9,112.254), (10,111.656), (11,112.716),  

Writing: "NeuralEP2DL2mono_w0025_reri1_13.chk"
 (0s, XML)
Steps: 1400000  Time: 0.14        
 CPU Time: 25.1971 min.

um_max = 114.831 at x = 0.0025, y = 2.03, z = 0
 
(Nodeid,phim): (0,105.254), (1,104.371), (2,104.043), (3,104.843), (4,106.183), (5,107.238), (6,109.638), (7,110.487), (8,111.65), (9,112.32), (10,112.495), (11,114.066),  

Writing: "NeuralEP2DL2mono_w0025_reri1_14.chk"
 (0s, XML)
Steps: 1500000  Time: 0.15        
 CPU Time: 25.2131 min.

um_max = 115.101 at x = 0.0025, y = 2.03, z = 0
 
(Nodeid,phim): (0,103.695), (1,102.812), (2,102.499), (3,103.334), (4,104.769), (5,105.891), (6,108.505), (7,109.467), (8,110.883), (9,111.909), (10,112.512), (11,114.339),  

Writing: "NeuralEP2DL2mono_w0025_reri1_15.chk"
 (0s, XML)
Steps: 1600000  Time: 0.16        
 CPU Time: 25.2472 min.

um_max = 114.84 at x = 0.0025, y = 2.03, z = 0
 
(Nodeid,phim): (0,102.081), (1,101.197), (2,100.894), (3,101.758), (4,103.277), (5,104.459), (6,107.258), (7,108.314), (8,109.928), (9,111.206), (10,112.085), (11,114.076),  

Writing: "NeuralEP2DL2mono_w0025_reri1_16.chk"
 (0s, XML)
Steps: 1700000  Time: 0.17        
 CPU Time: 25.2643 min.

um_max = 114.261 at x = 0, y = 2.03, z = 0
 
(Nodeid,phim): (0,100.416), (1,99.5318), (2,99.2346), (3,100.122), (4,101.715), (5,102.951), (6,105.913), (7,107.05), (8,108.826), (9,110.3), (10,111.377), (11,113.492),  

Writing: "NeuralEP2DL2mono_w0025_reri1_17.chk"
 (0s, XML)
Steps: 1800000  Time: 0.18        
 CPU Time: 25.2315 min.

um_max = 113.464 at x = 0, y = 2.03, z = 0
 
(Nodeid,phim): (0,98.7041), (1,97.8196), (2,97.5249), (3,98.4312), (4,100.09), (5,101.374), (6,104.482), (7,105.691), (8,107.606), (9,109.238), (10,110.471), (11,112.69),  

Writing: "NeuralEP2DL2mono_w0025_reri1_18.chk"
 (0s, XML)
Steps: 1900000  Time: 0.19        
 CPU Time: 25.2264 min.

um_max = 112.502 at x = 0, y = 2.03, z = 0
 
(Nodeid,phim): (0,96.9503), (1,96.0651), (2,95.7698), (3,96.6903), (4,98.4087), (5,99.735), (6,102.975), (7,104.247), (8,106.284), (9,108.052), (10,109.413), (11,111.722),  

Writing: "NeuralEP2DL2mono_w0025_reri1_19.chk"
 (0s, XML)
Steps: 2000000  Time: 0.2         
 CPU Time: 25.1892 min.

um_max = 111.407 at x = 0, y = 2.03, z = 0
 
(Nodeid,phim): (0,95.1583), (1,94.2723), (2,93.9736), (3,94.9044), (4,96.6754), (5,98.0402), (6,101.398), (7,102.727), (8,104.874), (9,106.76), (10,108.232), (11,110.621),  

Writing: "NeuralEP2DL2mono_w0025_reri1_20.chk"
 (0s, XML)
Steps: 2100000  Time: 0.21        
 CPU Time: 25.214 min.

um_max = 110.197 at x = 0, y = 2.03, z = 0
 
(Nodeid,phim): (0,93.3321), (1,92.445), (2,92.1405), (3,93.0781), (4,94.8956), (5,96.2947), (6,99.7589), (7,101.14), (8,103.385), (9,105.377), (10,106.946), (11,109.407),  

Writing: "NeuralEP2DL2mono_w0025_reri1_21.chk"
 (0s, XML)
Steps: 2200000  Time: 0.22        
 CPU Time: 25.2178 min.

um_max = 108.888 at x = 0, y = 2.03, z = 0
 
(Nodeid,phim): (0,91.4753), (1,90.587), (2,90.2746), (3,91.2158), (4,93.0742), (5,94.5036), (6,98.0634), (7,99.4914), (8,101.825), (9,103.912), (10,105.568), (11,108.094),  

Writing: "NeuralEP2DL2mono_w0025_reri1_22.chk"
 (0s, XML)
Steps: 2300000  Time: 0.23        
 CPU Time: 25.258 min.

um_max = 107.489 at x = 0, y = 2.03, z = 0
 
(Nodeid,phim): (0,89.5914), (1,88.7018), (2,88.3794), (3,89.3216), (4,91.2157), (5,92.6718), (6,96.3171), (7,97.7872), (8,100.201), (9,102.373), (10,104.11), (11,106.693),  

Writing: "NeuralEP2DL2mono_w0025_reri1_23.chk"
 (0s, XML)
Steps: 2400000  Time: 0.24        
 CPU Time: 25.2532 min.

um_max = 106.009 at x = 0, y = 2.03, z = 0
 
(Nodeid,phim): (0,87.6837), (1,86.7926), (2,86.4586), (3,87.3991), (4,89.3241), (5,90.8034), (6,94.5249), (7,96.0329), (8,98.5189), (9,100.769), (10,102.578), (11,105.212),  

Writing: "NeuralEP2DL2mono_w0025_reri1_24.chk"
 (0s, XML)
Steps: 2500000  Time: 0.25        
 CPU Time: 25.266 min.

um_max = 104.456 at x = 0, y = 2.03, z = 0
 
(Nodeid,phim): (0,85.7552), (1,84.8625), (2,84.5156), (3,85.4521), (4,87.4035), (5,88.9029), (6,92.6916), (7,94.2335), (8,96.7845), (9,99.1046), (10,100.979), (11,103.659),  

Writing: "NeuralEP2DL2mono_w0025_reri1_25.chk"
 (0s, XML)
Steps: 2600000  Time: 0.26        
 CPU Time: 25.1869 min.

um_max = 102.836 at x = 0, y = 2.03, z = 0
 
(Nodeid,phim): (0,83.8088), (1,82.9146), (2,82.5534), (3,83.484), (4,85.4575), (5,86.9739), (6,90.8217), (7,92.3938), (8,95.0029), (9,97.3863), (10,99.3208), (11,102.04),  

Writing: "NeuralEP2DL2mono_w0025_reri1_26.chk"
 (0s, XML)
Steps: 2700000  Time: 0.27        
 CPU Time: 25.1339 min.

um_max = 101.155 at x = 0, y = 2.03, z = 0
 
(Nodeid,phim): (0,81.8474), (1,80.9517), (2,80.5751), (3,81.4979), (4,83.4896), (5,85.0201), (6,88.9193), (7,90.518), (8,93.179), (9,95.6191), (10,97.6079), (11,100.361),  

Writing: "NeuralEP2DL2mono_w0025_reri1_27.chk"
 (0s, XML)
Steps: 2800000  Time: 0.28        
 CPU Time: 25.0951 min.

um_max = 99.4185 at x = 0, y = 2.03, z = 0
 
(Nodeid,phim): (0,79.8736), (1,78.9765), (2,78.5838), (3,79.497), (4,81.5032), (5,83.0451), (6,86.9882), (7,88.6103), (8,91.3172), (9,93.808), (10,95.8459), (11,98.628),  

Writing: "NeuralEP2DL2mono_w0025_reri1_28.chk"
 (0s, XML)
Steps: 2900000  Time: 0.29        
 CPU Time: 25.1384 min.

um_max = 97.6327 at x = 0, y = 2.03, z = 0
 
(Nodeid,phim): (0,77.8902), (1,76.9919), (2,76.5824), (3,77.4844), (4,79.5015), (5,81.0521), (6,85.0322), (7,86.6746), (8,89.4217), (9,91.9575), (10,94.0395), (11,96.8462),  

Writing: "NeuralEP2DL2mono_w0025_reri1_29.chk"
 (0s, XML)
Steps: 3000000  Time: 0.3         
 CPU Time: 25.103 min.

um_max = 95.8022 at x = 0, y = 2.03, z = 0
 
(Nodeid,phim): (0,75.8999), (1,75.0007), (2,74.574), (3,75.4631), (4,77.4875), (5,79.0443), (6,83.0546), (7,84.7144), (8,87.4966), (9,90.072), (10,92.1935), (11,95.0206),  

Writing: "NeuralEP2DL2mono_w0025_reri1_30.chk"
 (0s, XML)
Steps: 3100000  Time: 0.31        
 CPU Time: 25.082 min.

um_max = 93.9317 at x = 0, y = 2.03, z = 0
 
(Nodeid,phim): (0,73.9053), (1,73.0057), (2,72.5615), (3,73.4364), (4,75.4645), (5,77.0249), (6,81.0589), (7,82.7332), (8,85.5454), (9,88.1555), (10,90.3121), (11,93.1556),  

Writing: "NeuralEP2DL2mono_w0025_reri1_31.chk"
 (0s, XML)
Steps: 3200000  Time: 0.32        
 CPU Time: 25.0845 min.

um_max = 92.0256 at x = 0, y = 2.03, z = 0
 
(Nodeid,phim): (0,71.9095), (1,71.01), (2,70.5482), (3,71.4073), (4,73.4355), (5,74.997), (6,79.0481), (7,80.7344), (8,83.5718), (9,86.2117), (10,88.3994), (11,91.2557),  

Writing: "NeuralEP2DL2mono_w0025_reri1_32.chk"
 (0s, XML)
Steps: 3300000  Time: 0.33        
 CPU Time: 25.064 min.

um_max = 90.088 at x = 0, y = 2.03, z = 0
 
(Nodeid,phim): (0,69.9156), (1,69.0167), (2,68.5375), (3,69.3794), (4,71.4039), (5,72.9637), (6,77.0256), (7,78.7209), (8,81.579), (9,84.2442), (10,86.4591), (11,89.3248),  

Writing: "NeuralEP2DL2mono_w0025_reri1_33.chk"
 (0s, XML)
Steps: 3400000  Time: 0.34        
 CPU Time: 25.0218 min.

um_max = 88.1228 at x = 0, y = 2.03, z = 0
 
(Nodeid,phim): (0,67.9267), (1,67.0293), (2,66.5329), (3,67.3562), (4,69.373), (5,70.9286), (6,74.9943), (7,76.6962), (8,79.5702), (9,82.2563), (10,84.4948), (11,87.3669),  

Writing: "NeuralEP2DL2mono_w0025_reri1_34.chk"
 (0s, XML)
Steps: 3500000  Time: 0.35        
 CPU Time: 25.0669 min.

um_max = 86.1335 at x = 0, y = 2.03, z = 0
 
(Nodeid,phim): (0,65.9465), (1,65.0513), (2,64.5383), (3,65.3414), (4,67.3465), (5,68.895), (6,72.9576), (7,74.6632), (8,77.5487), (9,80.2514), (10,82.5098), (11,85.3853),  

Writing: "NeuralEP2DL2mono_w0025_reri1_35.chk"
 (0s, XML)
Steps: 3600000  Time: 0.36        
 CPU Time: 25.087 min.

um_max = 84.1235 at x = 0, y = 2.03, z = 0
 
(Nodeid,phim): (0,63.9784), (1,63.0865), (2,62.5574), (3,63.339), (4,65.3281), (5,66.8666), (6,70.9189), (7,72.6253), (8,75.5176), (9,78.2326), (10,80.5075), (11,83.3835),  

Writing: "NeuralEP2DL2mono_w0025_reri1_36.chk"
 (0s, XML)
Steps: 3700000  Time: 0.37        
 CPU Time: 25.0554 min.

um_max = 82.096 at x = 0, y = 2.03, z = 0
 
(Nodeid,phim): (0,62.0265), (1,61.1387), (2,60.5942), (3,61.3529), (4,63.3217), (5,64.8472), (6,68.8816), (7,70.5859), (8,73.4801), (9,76.203), (10,78.4909), (11,81.3647),  

Writing: "NeuralEP2DL2mono_w0025_reri1_37.chk"
 (0s, XML)
Steps: 3800000  Time: 0.38        
 CPU Time: 25.1167 min.

um_max = 80.0541 at x = 0, y = 2.03, z = 0
 
(Nodeid,phim): (0,60.0943), (1,59.2117), (2,58.6526), (3,59.3871), (4,61.3314), (5,62.8409), (6,66.8495), (7,68.5484), (8,71.4395), (9,74.1659), (10,76.4633), (11,79.3319),  

Writing: "NeuralEP2DL2mono_w0025_reri1_38.chk"
 (0s, XML)
Steps: 3900000  Time: 0.39        
 CPU Time: 25.112 min.

um_max = 78.0008 at x = 0, y = 2.03, z = 0
 
(Nodeid,phim): (0,58.1854), (1,57.3089), (2,56.7361), (3,57.4453), (4,59.3611), (5,60.8516), (6,64.8264), (7,66.5167), (8,69.3994), (9,72.1245), (10,74.4277), (11,77.2883),  

Writing: "NeuralEP2DL2mono_w0025_reri1_39.chk"
 (0s, XML)
Steps: 4000000  Time: 0.4         
 CPU Time: 25.0821 min.

um_max = 75.9393 at x = 0, y = 2.03, z = 0
 
(Nodeid,phim): (0,56.3032), (1,55.4333), (2,54.8477), (3,55.5308), (4,57.4145), (5,58.8832), (6,62.8163), (7,64.4947), (8,67.3634), (9,70.0823), (10,72.3874), (11,75.2368),  

Writing: "NeuralEP2DL2mono_w0025_reri1_40.chk"
 (0s, XML)
Steps: 4100000  Time: 0.41        
 CPU Time: 25.1321 min.

um_max = 73.8727 at x = 0, y = 2.03, z = 0
 
(Nodeid,phim): (0,54.4499), (1,53.5875), (2,52.9896), (3,53.646), (4,55.4948), (5,56.9394), (6,60.8233), (7,62.4864), (8,65.3353), (9,68.0428), (10,70.3457), (11,73.1806),  

Writing: "NeuralEP2DL2mono_w0025_reri1_41.chk"
 (0s, XML)
Steps: 4200000  Time: 0.42        
 CPU Time: 25.2793 min.

um_max = 71.8043 at x = 0, y = 2.03, z = 0
 
(Nodeid,phim): (0,52.6274), (1,51.7727), (2,51.1632), (3,51.7927), (4,53.6045), (5,55.0231), (6,58.8513), (7,60.4957), (8,63.3191), (9,66.0099), (10,68.3064), (11,71.1232),  

Writing: "NeuralEP2DL2mono_w0025_reri1_42.chk"
 (0s, XML)
Steps: 4300000  Time: 0.43        
 CPU Time: 25.2458 min.

um_max = 69.7376 at x = 0, y = 2.03, z = 0
 
(Nodeid,phim): (0,50.8362), (1,49.9892), (2,49.3685), (3,49.9713), (4,51.7451), (5,53.1366), (6,56.9037), (7,58.5265), (8,61.319), (9,63.9876), (10,66.2731), (11,69.068),  

Writing: "NeuralEP2DL2mono_w0025_reri1_43.chk"
 (0s, XML)
Steps: 4400000  Time: 0.44        
 CPU Time: 25.2099 min.

um_max = 67.6764 at x = 0, y = 2.03, z = 0
 
(Nodeid,phim): (0,49.0754), (1,48.236), (2,47.6042), (3,48.1808), (4,49.9171), (5,51.2811), (6,54.9835), (7,56.5823), (8,59.3388), (9,61.9799), (10,64.2498), (11,67.0187),  

Writing: "NeuralEP2DL2mono_w0025_reri1_44.chk"
 (0s, XML)
Steps: 4500000  Time: 0.45        
 CPU Time: 25.2115 min.

um_max = 65.6245 at x = 0, y = 2.03, z = 0
 
(Nodeid,phim): (0,47.3428), (1,46.5105), (2,45.8674), (3,46.4188), (4,48.1194), (5,49.4564), (6,53.0929), (7,54.6659), (8,57.3821), (9,59.9909), (10,62.2407), (11,64.9794),  

Writing: "NeuralEP2DL2mono_w0025_reri1_45.chk"
 (0s, XML)
Steps: 4600000  Time: 0.46        
 CPU Time: 25.135 min.

um_max = 63.5861 at x = 0, y = 2.03, z = 0
 
(Nodeid,phim): (0,45.6347), (1,44.8084), (2,44.1537), (3,44.6812), (4,46.3494), (5,47.661), (6,51.2328), (7,52.7791), (8,55.4522), (9,58.0244), (10,60.2496), (11,62.9541),  

Writing: "NeuralEP2DL2mono_w0025_reri1_46.chk"
 (0s, XML)
Steps: 4700000  Time: 0.47        
 CPU Time: 25.1606 min.

um_max = 61.5654 at x = 0, y = 2.03, z = 0
 
(Nodeid,phim): (0,43.9453), (1,43.1242), (2,42.4569), (3,42.9624), (4,44.6028), (5,45.8917), (6,49.4028), (7,50.9228), (8,53.5512), (9,56.0836), (10,58.2806), (11,60.9469),  

Writing: "NeuralEP2DL2mono_w0025_reri1_47.chk"
 (0s, XML)
Steps: 4800000  Time: 0.48        
 CPU Time: 25.183 min.

um_max = 59.5664 at x = 0, y = 2.03, z = 0
 
(Nodeid,phim): (0,42.2675), (1,41.4501), (2,40.7694), (3,41.2548), (4,42.8737), (5,44.1435), (6,47.6011), (7,49.0963), (8,51.6804), (9,54.1713), (10,56.3371), (11,58.9617),  

Writing: "NeuralEP2DL2mono_w0025_reri1_48.chk"
 (0s, XML)
Steps: 4900000  Time: 0.49        
 CPU Time: 25.2723 min.

um_max = 57.5926 at x = 0, y = 2.03, z = 0
 
(Nodeid,phim): (0,40.5921), (1,39.7769), (2,39.0815), (3,39.5492), (4,41.1542), (5,42.4098), (6,45.8241), (7,47.2973), (8,49.8398), (9,52.289), (10,54.4219), (11,57.0022),  

Writing: "NeuralEP2DL2mono_w0025_reri1_49.chk"
 (0s, XML)
Steps: 5000000  Time: 0.5         
 CPU Time: 25.2236 min.

um_max = 55.6472 at x = 0, y = 2.03, z = 0
 
(Nodeid,phim): (0,38.9078), (1,38.0933), (2,37.3818), (3,37.8345), (4,39.4347), (5,40.6818), (6,44.0664), (7,45.522), (8,48.0277), (9,50.4371), (10,52.5367), (11,55.0712),  

Writing: "NeuralEP2DL2mono_w0025_reri1_50.chk"
 (0s, XML)
Steps: 5100000  Time: 0.51        
 CPU Time: 25.2002 min.

um_max = 53.7321 at x = 0, y = 2.03, z = 0
 
(Nodeid,phim): (0,37.2012), (1,36.3858), (2,35.6568), (3,36.0977), (4,37.7034), (5,38.9489), (6,42.3206), (7,43.7643), (8,46.2407), (9,48.6145), (10,50.6821), (11,53.1704),  

Writing: "NeuralEP2DL2mono_w0025_reri1_51.chk"
 (0s, XML)
Steps: 5200000  Time: 0.52        
 CPU Time: 25.2237 min.

um_max = 51.848 at x = 0, y = 2.03, z = 0
 
(Nodeid,phim): (0,35.4564), (1,34.6388), (2,33.8913), (3,34.3235), (4,35.9466), (5,37.1984), (6,40.5773), (7,42.0165), (8,44.4736), (9,46.8182), (10,48.8572), (11,51.3006),  

Writing: "NeuralEP2DL2mono_w0025_reri1_52.chk"
 (0s, XML)
Steps: 5300000  Time: 0.53        
 CPU Time: 25.317 min.

um_max = 49.9941 at x = 0, y = 2.03, z = 0
 
(Nodeid,phim): (0,33.6551), (1,32.8344), (2,32.0679), (3,32.4952), (4,34.1484), (5,35.4152), (6,38.8247), (7,40.2685), (8,42.7191), (9,45.0437), (10,47.0593), (11,49.4607),  

Writing: "NeuralEP2DL2mono_w0025_reri1_53.chk"
 (0s, XML)
Steps: 5400000  Time: 0.54        
 CPU Time: 25.3288 min.

um_max = 48.168 at x = 0, y = 2.03, z = 0
 
(Nodeid,phim): (0,31.7766), (1,30.953), (2,30.1681), (3,30.5945), (4,32.2912), (5,33.5823), (6,37.0491), (7,38.508), (8,40.9679), (9,43.284), (10,45.284), (11,47.648),  

Writing: "NeuralEP2DL2mono_w0025_reri1_54.chk"
 (0s, XML)
Steps: 5500000  Time: 0.55        
 CPU Time: 25.2577 min.

um_max = 46.3649 at x = 0, y = 2.03, z = 0
 
(Nodeid,phim): (0,29.7994), (1,28.9746), (2,28.174), (3,28.6035), (4,30.3562), (5,31.6811), (6,35.2339), (7,36.7203), (8,39.2082), (9,41.5304), (10,43.5246), (11,45.8578),  

Writing: "NeuralEP2DL2mono_w0025_reri1_55.chk"
 (0s, XML)
Steps: 5600000  Time: 0.56        
 CPU Time: 25.208 min.

um_max = 44.5782 at x = 0, y = 2.03, z = 0
 
(Nodeid,phim): (0,27.704), (1,26.8821), (2,26.0712), (3,26.5075), (4,28.326), (5,29.6927), (6,33.3607), (7,34.8881), (8,37.4257), (9,39.7715), (10,41.7724), (11,44.083),  

Writing: "NeuralEP2DL2mono_w0025_reri1_56.chk"
 (0s, XML)
Steps: 5700000  Time: 0.57        
 CPU Time: 25.225 min.

um_max = 42.7988 at x = 0, y = 2.03, z = 0
 
(Nodeid,phim): (0,25.4786), (1,24.6667), (2,23.855), (3,24.3007), (4,26.1879), (5,27.6011), (6,31.4097), (7,32.9925), (8,35.6036), (9,37.9935), (10,40.0163), (11,42.3146),  

Writing: "NeuralEP2DL2mono_w0025_reri1_57.chk"
 (0s, XML)
Steps: 5800000  Time: 0.58        
 CPU Time: 25.2251 min.

um_max = 41.0148 at x = 0, y = 2.03, z = 0
 
(Nodeid,phim): (0,23.128), (1,22.3368), (2,21.5379), (3,21.9926), (4,23.9403), (5,25.398), (6,29.3624), (7,31.0133), (8,33.7231), (9,36.1801), (10,38.2424), (11,40.5407),  

Writing: "NeuralEP2DL2mono_w0025_reri1_58.chk"
 (0s, XML)
Steps: 5900000  Time: 0.59        
 CPU Time: 25.276 min.

um_max = 39.2116 at x = 0, y = 2.03, z = 0
 
(Nodeid,phim): (0,20.683), (1,19.9257), (2,19.1554), (3,19.615), (4,21.5996), (5,23.0898), (6,27.2052), (7,28.9329), (8,31.7636), (9,34.3121), (10,36.4342), (11,38.7464),  

Writing: "NeuralEP2DL2mono_w0025_reri1_59.chk"
 (0s, XML)
Steps: 6000000  Time: 0.6         
 CPU Time: 25.2684 min.

um_max = 37.3712 at x = 0, y = 2.03, z = 0
 
(Nodeid,phim): (0,18.203), (1,17.493), (2,16.7668), (3,17.2224), (4,19.2045), (5,20.7037), (6,24.9354), (7,26.7397), (8,29.7059), (9,32.3688), (10,34.5722), (11,36.9136),  

Writing: "NeuralEP2DL2mono_w0025_reri1_60.chk"
 (0s, XML)
Steps: 6100000  Time: 0.61        
 CPU Time: 25.2321 min.

um_max = 35.4718 at x = 0, y = 2.03, z = 0
 
(Nodeid,phim): (0,15.7675), (1,15.1154), (2,14.4446), (3,14.8838), (4,16.8135), (5,18.2884), (6,22.5678), (7,24.4351), (8,27.5356), (9,30.3292), (10,32.6345), (11,35.0209),  

Writing: "NeuralEP2DL2mono_w0025_reri1_61.chk"
 (0s, XML)
Steps: 6200000  Time: 0.62        
 CPU Time: 25.2443 min.

um_max = 33.4883 at x = 0, y = 2.03, z = 0
 
(Nodeid,phim): (0,13.4576), (1,12.8693), (2,12.2594), (3,12.6685), (4,14.4946), (5,15.9079), (6,20.1385), (7,22.0389), (8,25.2488), (9,28.1759), (10,30.5983), (11,33.0435),  

Writing: "NeuralEP2DL2mono_w0025_reri1_62.chk"
 (0s, XML)
Steps: 6300000  Time: 0.63        
 CPU Time: 25.2353 min.

um_max = 31.3935 at x = 0, y = 2.03, z = 0
 
(Nodeid,phim): (0,11.3384), (1,10.8151), (2,10.2658), (3,10.633), (4,12.312), (5,13.6294), (6,17.7025), (7,19.5922), (8,22.8588), (9,25.8998), (10,28.4426), (11,30.9545),  

Writing: "NeuralEP2DL2mono_w0025_reri1_63.chk"
 (0s, XML)
Steps: 6400000  Time: 0.64        
 CPU Time: 25.4588 min.

um_max = 29.161 at x = 0, y = 2.03, z = 0
 
(Nodeid,phim): (0,9.45019), (1,8.98894), (2,8.49607), (3,8.8128), (4,10.3151), (5,11.5108), (6,15.3248), (7,17.1531), (8,20.3996), (9,23.5077), (10,26.1545), (11,28.7291),  

Writing: "NeuralEP2DL2mono_w0025_reri1_64.chk"
 (0s, XML)
Steps: 6500000  Time: 0.65        
 CPU Time: 25.4293 min.

um_max = 26.7728 at x = 0, y = 2.03, z = 0
 
(Nodeid,phim): (0,7.80786), (1,7.40343), (2,6.96072), (3,7.22283), (4,8.53398), (5,9.59285), (6,13.0694), (7,14.7878), (8,17.9253), (9,21.0276), (10,23.7361), (11,26.3508),  

Writing: "NeuralEP2DL2mono_w0025_reri1_65.chk"
 (0s, XML)
Steps: 6600000  Time: 0.66        
 CPU Time: 25.3988 min.

um_max = 24.2304 at x = 0, y = 2.03, z = 0
 
(Nodeid,phim): (0,6.40672), (1,6.05273), (2,5.65339), (3,5.86055), (4,6.97957), (5,7.89713), (6,10.9885), (7,12.5586), (8,15.5023), (9,18.5107), (10,21.2137), (11,23.8233),  

Writing: "NeuralEP2DL2mono_w0025_reri1_66.chk"
 (0s, XML)
Steps: 6700000  Time: 0.67        
 CPU Time: 25.4226 min.

um_max = 21.5664 at x = 0, y = 2.03, z = 0
 
(Nodeid,phim): (0,5.22932), (1,4.91917), (2,4.55675), (3,4.71165), (4,5.6477), (5,6.42787), (6,9.11667), (7,10.5146), (8,13.1978), (9,16.0255), (10,18.6412), (11,21.1813),  

Writing: "NeuralEP2DL2mono_w0025_reri1_67.chk"
 (0s, XML)
Steps: 6800000  Time: 0.68        
 CPU Time: 25.3753 min.

um_max = 18.8505 at x = 0, y = 2.03, z = 0
 
(Nodeid,phim): (0,4.25162), (1,3.97904), (2,3.64785), (3,3.75513), (4,4.52387), (5,5.17639), (6,7.47067), (7,8.68712), (8,11.0686), (9,13.6464), (10,16.0951), (11,18.4946),  

Writing: "NeuralEP2DL2mono_w0025_reri1_68.chk"
 (0s, XML)
Steps: 6900000  Time: 0.69        
 CPU Time: 25.3489 min.

um_max = 16.1782 at x = 0, y = 2.03, z = 0
 
(Nodeid,phim): (0,3.44735), (1,3.20668), (2,2.90192), (3,2.96724), (4,3.58768), (5,4.12564), (6,6.05143), (7,7.08925), (8,9.15428), (9,11.4394), (10,13.6599), (11,15.8575),  

Writing: "NeuralEP2DL2mono_w0025_reri1_69.chk"
 (0s, XML)
Steps: 7000000  Time: 0.7         
 CPU Time: 25.3736 min.

um_max = 13.6474 at x = 0.00125, y = 2.03, z = 0
 
(Nodeid,phim): (0,2.79075), (1,2.57701), (2,2.29466), (3,2.32405), (4,2.81623), (5,3.25413), (6,4.84815), (7,5.71901), (8,7.4746), (9,9.45188), (10,11.4094), (11,13.3654),  

Writing: "NeuralEP2DL2mono_w0025_reri1_70.chk"
 (0s, XML)
Steps: 7100000  Time: 0.71        
 CPU Time: 25.3885 min.

um_max = 11.336 at x = 0.00125, y = 2.03, z = 0
 
(Nodeid,phim): (0,2.25795), (1,2.06685), (2,1.80363), (3,1.80296), (4,2.1864), (5,2.53874), (6,3.8425), (7,4.56325), (8,6.03158), (9,7.70865), (10,9.39403), (11,11.0931),  

Writing: "NeuralEP2DL2mono_w0025_reri1_71.chk"
 (0s, XML)
Steps: 7200000  Time: 0.72        
 CPU Time: 25.4402 min.

um_max = 9.2899 at x = 0.00125, y = 2.03, z = 0
 
(Nodeid,phim): (0,1.82763), (1,1.65554), (2,1.40875), (3,1.3835), (4,1.67629), (5,1.95674), (6,3.01215), (7,3.60186), (8,4.81368), (9,6.21337), (10,7.63714), (11,9.08427),  

Writing: "NeuralEP2DL2mono_w0025_reri1_72.chk"
 (0s, XML)
Steps: 7300000  Time: 0.73        
 CPU Time: 25.4336 min.

um_max = 7.52455 at x = 0.00125, y = 2.03, z = 0
 
(Nodeid,phim): (0,1.48123), (1,1.32509), (2,1.09256), (3,1.04764), (4,1.26594), (5,1.48686), (6,2.33357), (7,2.81145), (8,3.80073), (9,4.954), (10,6.13902), (11,7.35283),  

Writing: "NeuralEP2DL2mono_w0025_reri1_73.chk"
 (0s, XML)
Steps: 7400000  Time: 0.74        
 CPU Time: 25.3933 min.

um_max = 6.03193 at x = 0.00125, y = 2.03, z = 0
 
(Nodeid,phim): (0,1.20289), (1,1.06017), (2,0.840132), (3,0.779816), (4,0.937696), (5,1.10993), (6,1.78381), (7,2.16793), (8,2.96833), (9,3.90885), (10,4.88382), (11,5.89003),  

Writing: "NeuralEP2DL2mono_w0025_reri1_74.chk"
 (0s, XML)
Steps: 7500000  Time: 0.75        
 CPU Time: 25.3674 min.

um_max = 4.78966 at x = 0.00125, y = 2.03, z = 0
 
(Nodeid,phim): (0,0.979284), (1,0.847894), (2,0.638926), (3,0.566867), (4,0.676334), (5,0.809187), (6,1.34168), (7,1.64831), (8,2.29107), (9,3.05175), (10,3.84669), (11,4.67337),  

Writing: "NeuralEP2DL2mono_w0025_reri1_75.chk"
 (0s, XML)
Steps: 7600000  Time: 0.76        
 CPU Time: 25.3417 min.

um_max = 3.76853 at x = 0.00125, y = 2.03, z = 0
 
(Nodeid,phim): (0,0.79936), (1,0.677609), (2,0.478557), (3,0.39781), (4,0.468924), (5,0.570232), (6,0.988285), (7,1.23164), (8,1.74462), (9,2.35572), (10,2.99929), (11,3.67384),  

Writing: "NeuralEP2DL2mono_w0025_reri1_76.chk"
 (0s, XML)
Steps: 7700000  Time: 0.77        
 CPU Time: 25.3262 min.

um_max = 2.93756 at x = 0.00125, y = 2.03, z = 0
 
(Nodeid,phim): (0,0.654079), (1,0.540592), (2,0.350528), (3,0.263609), (4,0.304678), (5,0.380946), (6,0.707238), (7,0.899437), (8,1.30679), (9,1.79508), (10,2.31324), (11,2.86083),  

Writing: "NeuralEP2DL2mono_w0025_reri1_77.chk"
 (0s, XML)
Steps: 7800000  Time: 0.78        
 CPU Time: 25.2549 min.

um_max = 2.26695 at x = 0.00125, y = 2.03, z = 0
 
(Nodeid,phim): (0,0.536127), (1,0.429796), (2,0.247968), (3,0.156918), (4,0.174716), (5,0.231268), (6,0.484599), (7,0.635824), (8,0.958032), (9,1.34659), (10,1.76209), (11,2.20501),  

Writing: "NeuralEP2DL2mono_w0025_reri1_78.chk"
 (0s, XML)
Steps: 7900000  Time: 0.79        
 CPU Time: 25.3543 min.

um_max = 1.72955 at x = 0.00125, y = 2.03, z = 0
 
(Nodeid,phim): (0,0.439641), (1,0.339575), (2,0.165372), (3,0.0718249), (4,0.0718118), (5,0.112961), (6,0.30871), (7,0.427378), (8,0.681556), (9,0.989886), (10,1.32219), (11,1.67967),  

Writing: "NeuralEP2DL2mono_w0025_reri1_79.chk"
 (0s, XML)
Steps: 8000000  Time: 0.8         
 CPU Time: 25.3283 min.

um_max = 1.30142 at x = 0.00125, y = 2.03, z = 0
 
(Nodeid,phim): (0,0.359967), (1,0.265454), (2,0.0983753), (3,0.00362061), (4,-0.00984974), (5,0.0193511), (6,0.169958), (7,0.262938), (8,0.463175), (9,0.707497), (10,0.972975), (11,1.26131),  

Writing: "NeuralEP2DL2mono_w0025_reri1_80.chk"
 (0s, XML)
Steps: 8100000  Time: 0.81        
 CPU Time: 25.3534 min.

um_max = 0.961985 at x = 0.00125, y = 2.03, z = 0
 
(Nodeid,phim): (0,0.293439), (1,0.203906), (2,0.0435369), (3,-0.0514185), (4,-0.0749057), (5,-0.0549114), (6,0.060512), (7,0.13335), (8,0.291102), (9,0.48473), (10,0.696938), (11,0.929725),  

Writing: "NeuralEP2DL2mono_w0025_reri1_81.chk"
 (0s, XML)
Steps: 8200000  Time: 0.82        
 CPU Time: 25.3296 min.

um_max = 0.693819 at x = 0.00125, y = 2.03, z = 0
 
(Nodeid,phim): (0,0.237187), (1,0.152174), (2,-0.00183265), (3,-0.0962137), (4,-0.127023), (5,-0.114076), (6,-0.0259364), (7,0.0311892), (8,0.15567), (9,0.309398), (10,0.479419), (11,0.667847),  

Writing: "NeuralEP2DL2mono_w0025_reri1_82.chk"
 (0s, XML)
Steps: 8300000  Time: 0.83        
 CPU Time: 25.3793 min.

um_max = 0.482445 at x = 0.00125, y = 2.03, z = 0
 
(Nodeid,phim): (0,0.18898), (1,0.108115), (2,-0.0398248), (3,-0.133042), (4,-0.169078), (5,-0.161494), (6,-0.0944218), (7,-0.0495016), (8,0.0490447), (9,0.171532), (10,0.308322), (11,0.461488),  

Writing: "NeuralEP2DL2mono_w0025_reri1_83.chk"
 (0s, XML)
Steps: 8400000  Time: 0.84        
 CPU Time: 25.3935 min.

um_max = 0.315977 at x = 0.00125, y = 2.03, z = 0
 
(Nodeid,phim): (0,0.147088), (1,0.0700693), (2,-0.0720574), (3,-0.163671), (4,-0.203317), (5,-0.199785), (6,-0.148927), (7,-0.113457), (8,-0.0350534), (9,0.0630711), (10,0.173791), (11,0.299014),  

Writing: "NeuralEP2DL2mono_w0025_reri1_84.chk"
 (0s, XML)
Steps: 8500000  Time: 0.85        
 CPU Time: 25.2953 min.

um_max = 0.232265 at x = 0.00125, y = 0.611875, z = 0
 
(Nodeid,phim): (0,0.11018), (1,0.0367595), (2,-0.0997766), (3,-0.189461), (4,-0.23148), (5,-0.230989), (6,-0.192577), (7,-0.16441), (8,-0.101612), (9,-0.022434), (10,0.0678894), (11,0.171003),  

Writing: "NeuralEP2DL2mono_w0025_reri1_85.chk"
 (0s, XML)
Steps: 8600000  Time: 0.86        
 CPU Time: 25.2704 min.

um_max = 0.257721 at x = 0.000625, y = 0.813341, z = 0
 
(Nodeid,phim): (0,0.0772331), (1,0.00720442), (2,-0.123939), (3,-0.211461), (4,-0.254909), (5,-0.256685), (6,-0.22781), (7,-0.205281), (8,-0.154559), (9,-0.0900928), (10,-0.0157064), (11,0.0699071),  

Writing: "NeuralEP2DL2mono_w0025_reri1_86.chk"
 (0s, XML)
Steps: 8700000  Time: 0.87        
 CPU Time: 25.3154 min.

um_max = 0.279652 at x = 0.00125, y = 0.813534, z = 0
 
(Nodeid,phim): (0,0.047463), (1,-0.0193473), (2,-0.145276), (3,-0.230473), (4,-0.274638), (5,-0.278086), (6,-0.256515), (7,-0.23834), (8,-0.196965), (9,-0.143921), (10,-0.0819917), (11,-0.010261),  

Writing: "NeuralEP2DL2mono_w0025_reri1_87.chk"
 (0s, XML)
Steps: 8800000  Time: 0.88        
 CPU Time: 25.2657 min.

um_max = 0.298273 at x = 0, y = 0.81375, z = 0
 
(Nodeid,phim): (0,0.0202703), (1,-0.0434699), (2,-0.164348), (3,-0.24711), (4,-0.291456), (5,-0.296126), (6,-0.28015), (7,-0.265344), (8,-0.231214), (9,-0.187051), (10,-0.13488), (11,-0.0742098),  

Writing: "NeuralEP2DL2mono_w0025_reri1_88.chk"
 (0s, XML)
Steps: 8900000  Time: 0.89        
 CPU Time: 25.2191 min.

um_max = 0.314196 at x = 0, y = 0.81375, z = 0
 
(Nodeid,phim): (0,-0.00480296), (1,-0.0656018), (2,-0.18158), (3,-0.261841), (4,-0.305968), (5,-0.311519), (6,-0.299832), (7,-0.287642), (8,-0.259147), (9,-0.221913), (10,-0.177415), (11,-0.125615),  

Writing: "NeuralEP2DL2mono_w0025_reri1_89.chk"
 (0s, XML)
Steps: 9000000  Time: 0.9         
 CPU Time: 25.2257 min.

um_max = 0.327893 at x = 0, y = 0.81375, z = 0
 
(Nodeid,phim): (0,-0.0281063), (1,-0.0860776), (2,-0.197299), (3,-0.275022), (4,-0.318637), (5,-0.324808), (6,-0.31642), (7,-0.306271), (8,-0.28218), (9,-0.25038), (10,-0.211953), (11,-0.167326),  

Writing: "NeuralEP2DL2mono_w0025_reri1_90.chk"
 (0s, XML)
Steps: 9100000  Time: 0.91        
 CPU Time: 25.2209 min.

um_max = 0.339808 at x = 0, y = 0.81375, z = 0
 
(Nodeid,phim): (0,-0.0499072), (1,-0.105153), (2,-0.211752), (3,-0.286925), (4,-0.329811), (5,-0.336409), (6,-0.330568), (7,-0.322021), (8,-0.301398), (9,-0.273888), (10,-0.240305), (11,-0.201542),  

Writing: "NeuralEP2DL2mono_w0025_reri1_91.chk"
 (0s, XML)
Steps: 9200000  Time: 0.92        
 CPU Time: 25.245 min.

um_max = 0.35028 at x = 0, y = 0.81375, z = 0
 
(Nodeid,phim): (0,-0.0704102), (1,-0.123024), (2,-0.225128), (3,-0.297759), (4,-0.339761), (5,-0.346638), (6,-0.342773), (7,-0.335498), (8,-0.317629), (9,-0.293539), (10,-0.26386), (11,-0.22995),  

Writing: "NeuralEP2DL2mono_w0025_reri1_92.chk"
 (0s, XML)
Steps: 9300000  Time: 0.93        
 CPU Time: 25.2685 min.

um_max = 0.359573 at x = 0.00103416, y = 0.813891, z = 0
 
(Nodeid,phim): (0,-0.0897729), (1,-0.13984), (2,-0.237575), (3,-0.307681), (4,-0.34869), (5,-0.355736), (6,-0.353414), (7,-0.347159), (8,-0.331503), (9,-0.31017), (10,-0.283676), (11,-0.253842),  

Writing: "NeuralEP2DL2mono_w0025_reri1_93.chk"
 (0s, XML)
Steps: 9400000  Time: 0.94        
 CPU Time: 25.2461 min.

um_max = 0.367897 at x = 0.00125, y = 0.813966, z = 0
 
(Nodeid,phim): (0,-0.108117), (1,-0.155719), (2,-0.249202), (3,-0.316814), (4,-0.356754), (5,-0.363887), (6,-0.362782), (7,-0.357354), (8,-0.343499), (9,-0.324418), (10,-0.300563), (11,-0.274201),  

Writing: "NeuralEP2DL2mono_w0025_reri1_94.chk"
 (0s, XML)
Steps: 9500000  Time: 0.95        
 CPU Time: 25.2675 min.

um_max = 0.37538 at x = 0.00125, y = 0.813966, z = 0
 
(Nodeid,phim): (0,-0.125537), (1,-0.170749), (2,-0.260099), (3,-0.325253), (4,-0.364075), (5,-0.371233), (6,-0.371096), (7,-0.366349), (8,-0.353982), (9,-0.33677), (10,-0.315133), (11,-0.291775),  

Writing: "NeuralEP2DL2mono_w0025_reri1_95.chk"
 (0s, XML)
Steps: 9600000  Time: 0.96        
 CPU Time: 25.3171 min.

um_max = 0.382153 at x = 0.00103416, y = 1.01611, z = 0
 
(Nodeid,phim): (0,-0.142107), (1,-0.185003), (2,-0.270331), (3,-0.33307), (4,-0.370743), (5,-0.377882), (6,-0.378523), (7,-0.374347), (8,-0.363229), (9,-0.347593), (10,-0.327851), (11,-0.307133),  

Writing: "NeuralEP2DL2mono_w0025_reri1_96.chk"
 (0s, XML)
Steps: 9700000  Time: 0.97        
 CPU Time: 25.2673 min.

um_max = 0.388715 at x = 0, y = 1.01625, z = 0
 
(Nodeid,phim): (0,-0.157887), (1,-0.198536), (2,-0.279955), (3,-0.340324), (4,-0.376833), (5,-0.383917), (6,-0.385193), (7,-0.381503), (8,-0.371451), (9,-0.357165), (10,-0.339071), (11,-0.320707),  

Writing: "NeuralEP2DL2mono_w0025_reri1_97.chk"
 (0s, XML)
Steps: 9800000  Time: 0.98        
 CPU Time: 25.2784 min.

um_max = 0.394644 at x = 0, y = 1.01625, z = 0
 
(Nodeid,phim): (0,-0.172925), (1,-0.211395), (2,-0.289011), (3,-0.347059), (4,-0.3824), (5,-0.389405), (6,-0.391206), (7,-0.387935), (8,-0.378808), (9,-0.365701), (10,-0.349062), (11,-0.332822),  

Writing: "NeuralEP2DL2mono_w0025_reri1_98.chk"
 (0s, XML)
Steps: 9900000  Time: 0.99        
 CPU Time: 25.2172 min.

um_max = 0.400004 at x = 0, y = 1.01625, z = 0
 
(Nodeid,phim): (0,-0.187259), (1,-0.223615), (2,-0.297536), (3,-0.353315), (4,-0.387489), (5,-0.394398), (6,-0.396637), (7,-0.393735), (8,-0.385425), (9,-0.373362), (10,-0.358027), (11,-0.343729),  

Writing: "NeuralEP2DL2mono_w0025_reri1_99.chk"
 (0s, XML)
Steps: 10000000 Time: 1           
 CPU Time: 25.2521 min.

um_max = 0.404852 at x = 0, y = 1.01625, z = 0
 
(Nodeid,phim): (0,-0.200923), (1,-0.235229), (2,-0.30556), (3,-0.35912), (4,-0.392137), (5,-0.398936), (6,-0.401548), (7,-0.398974), (8,-0.391395), (9,-0.380271), (10,-0.366122), (11,-0.353616),  

Writing: "NeuralEP2DL2mono_w0025_reri1_100.chk"
 (0s, XML)
Steps: 10100000 Time: 1.01        
 CPU Time: 25.2685 min.

um_max = 0.409235 at x = 0, y = 1.01625, z = 0
 
(Nodeid,phim): (0,-0.213944), (1,-0.246263), (2,-0.313105), (3,-0.3645), (4,-0.396374), (5,-0.403053), (6,-0.405985), (7,-0.403709), (8,-0.396794), (9,-0.386526), (10,-0.373466), (11,-0.362629),  

Writing: "NeuralEP2DL2mono_w0025_reri1_101.chk"
 (0s, XML)
Steps: 10200000 Time: 1.02        
 CPU Time: 25.2003 min.

um_max = 0.413188 at x = 0, y = 1.01625, z = 0
 
(Nodeid,phim): (0,-0.226348), (1,-0.256739), (2,-0.320194), (3,-0.369476), (4,-0.400225), (5,-0.406777), (6,-0.409989), (7,-0.407984), (8,-0.401678), (9,-0.392199), (10,-0.380152), (11,-0.370878),  

Writing: "NeuralEP2DL2mono_w0025_reri1_102.chk"
 (0s, XML)
Steps: 10300000 Time: 1.03        
 CPU Time: 25.2129 min.

um_max = 0.416742 at x = 0, y = 1.01625, z = 0
 
(Nodeid,phim): (0,-0.238156), (1,-0.266679), (2,-0.326846), (3,-0.374069), (4,-0.40371), (5,-0.410131), (6,-0.413589), (7,-0.411835), (8,-0.406094), (9,-0.39735), (10,-0.386251), (11,-0.378451),  

Writing: "NeuralEP2DL2mono_w0025_reri1_103.chk"
 (0s, XML)
Steps: 10400000 Time: 1.04        
 CPU Time: 25.2648 min.

um_max = 0.419922 at x = 0, y = 1.01625, z = 0
 
(Nodeid,phim): (0,-0.249387), (1,-0.276101), (2,-0.333077), (3,-0.378294), (4,-0.406849), (5,-0.413135), (6,-0.416812), (7,-0.415292), (8,-0.41008), (9,-0.402024), (10,-0.391819), (11,-0.385414),  

Writing: "NeuralEP2DL2mono_w0025_reri1_104.chk"
 (0s, XML)
Steps: 10500000 Time: 1.05        
 CPU Time: 25.2488 min.

um_max = 0.422749 at x = 0, y = 1.01625, z = 0
 
(Nodeid,phim): (0,-0.26006), (1,-0.285022), (2,-0.338902), (3,-0.382166), (4,-0.409657), (5,-0.415807), (6,-0.41968), (7,-0.418379), (8,-0.413664), (9,-0.406259), (10,-0.396901), (11,-0.391821),  

Writing: "NeuralEP2DL2mono_w0025_reri1_105.chk"
 (0s, XML)
Steps: 10600000 Time: 1.06        
 CPU Time: 25.2752 min.

um_max = 0.425241 at x = 0, y = 1.01625, z = 0
 
(Nodeid,phim): (0,-0.270192), (1,-0.293457), (2,-0.344336), (3,-0.385699), (4,-0.412148), (5,-0.418162), (6,-0.422212), (7,-0.421117), (8,-0.416873), (9,-0.410085), (10,-0.401534), (11,-0.397715),  

Writing: "NeuralEP2DL2mono_w0025_reri1_106.chk"
 (0s, XML)
Steps: 10700000 Time: 1.07        
 CPU Time: 25.2669 min.

um_max = 0.427415 at x = 0, y = 1.01625, z = 0
 
(Nodeid,phim): (0,-0.2798), (1,-0.301422), (2,-0.349392), (3,-0.388906), (4,-0.414338), (5,-0.420214), (6,-0.424425), (7,-0.423525), (8,-0.419727), (9,-0.413528), (10,-0.405746), (11,-0.403132),  

Writing: "NeuralEP2DL2mono_w0025_reri1_107.chk"
 (0s, XML)
Steps: 10800000 Time: 1.08        
 CPU Time: 25.2108 min.

um_max = 0.429286 at x = 0, y = 1.01625, z = 0
 
(Nodeid,phim): (0,-0.288897), (1,-0.308932), (2,-0.354082), (3,-0.391799), (4,-0.416237), (5,-0.421976), (6,-0.426333), (7,-0.425618), (8,-0.422247), (9,-0.416609), (10,-0.409565), (11,-0.408099),  

Writing: "NeuralEP2DL2mono_w0025_reri1_108.chk"
 (0s, XML)
Steps: 10900000 Time: 1.09        
 CPU Time: 25.2226 min.

um_max = 0.430867 at x = 0, y = 1.01625, z = 0
 
(Nodeid,phim): (0,-0.297499), (1,-0.315999), (2,-0.358419), (3,-0.394389), (4,-0.417857), (5,-0.42346), (6,-0.427951), (7,-0.427412), (8,-0.424447), (9,-0.419348), (10,-0.413009), (11,-0.412643),  

Writing: "NeuralEP2DL2mono_w0025_reri1_109.chk"
 (0s, XML)
Steps: 11000000 Time: 1.1         
 CPU Time: 25.2894 min.

um_max = 0.43217 at x = 0, y = 1.01625, z = 0
 
(Nodeid,phim): (0,-0.305622), (1,-0.322637), (2,-0.362415), (3,-0.396688), (4,-0.419209), (5,-0.424677), (6,-0.429291), (7,-0.428919), (8,-0.426343), (9,-0.42176), (10,-0.4161), (11,-0.416784),  

Writing: "NeuralEP2DL2mono_w0025_reri1_110.chk"
 (0s, XML)
Steps: 11100000 Time: 1.11        
 CPU Time: 25.2903 min.

um_max = 0.433207 at x = 0, y = 1.01625, z = 0
 
(Nodeid,phim): (0,-0.313277), (1,-0.328859), (2,-0.366079), (3,-0.398704), (4,-0.420304), (5,-0.425638), (6,-0.430364), (7,-0.430151), (8,-0.427949), (9,-0.423861), (10,-0.418852), (11,-0.420541),  

Writing: "NeuralEP2DL2mono_w0025_reri1_111.chk"
 (0s, XML)
Steps: 11200000 Time: 1.12        
 CPU Time: 25.2759 min.

um_max = 0.433989 at x = 0, y = 1.01625, z = 0
 
(Nodeid,phim): (0,-0.32048), (1,-0.334677), (2,-0.369424), (3,-0.40045), (4,-0.421152), (5,-0.426353), (6,-0.431181), (7,-0.431121), (8,-0.429276), (9,-0.425664), (10,-0.421281), (11,-0.423932),  

Writing: "NeuralEP2DL2mono_w0025_reri1_112.chk"
 (0s, XML)
Steps: 11300000 Time: 1.13        
 CPU Time: 25.2925 min.

um_max = 0.434703 at x = 0, y = 1.21875, z = 0
 
(Nodeid,phim): (0,-0.327243), (1,-0.340105), (2,-0.37246), (3,-0.401935), (4,-0.421762), (5,-0.426833), (6,-0.431754), (7,-0.431839), (8,-0.430336), (9,-0.427182), (10,-0.423401), (11,-0.426971),  

Writing: "NeuralEP2DL2mono_w0025_reri1_113.chk"
 (0s, XML)
Steps: 11400000 Time: 1.14        
 CPU Time: 25.2248 min.

um_max = 0.435244 at x = 0, y = 1.21875, z = 0
 
(Nodeid,phim): (0,-0.33358), (1,-0.345153), (2,-0.375197), (3,-0.403167), (4,-0.422143), (5,-0.427085), (6,-0.432092), (7,-0.432316), (8,-0.431142), (9,-0.428427), (10,-0.425224), (11,-0.429673),  

Writing: "NeuralEP2DL2mono_w0025_reri1_114.chk"
 (0s, XML)
Steps: 11500000 Time: 1.15        
 CPU Time: 25.1895 min.

um_max = 0.43555 at x = 0, y = 1.21875, z = 0
 
(Nodeid,phim): (0,-0.339504), (1,-0.349834), (2,-0.377645), (3,-0.404157), (4,-0.422305), (5,-0.42712), (6,-0.432204), (7,-0.432561), (8,-0.431701), (9,-0.42941), (10,-0.426762), (11,-0.432052),  

Writing: "NeuralEP2DL2mono_w0025_reri1_115.chk"
 (0s, XML)
Steps: 11600000 Time: 1.16        
 CPU Time: 25.2014 min.

um_max = 0.437324 at x = 0.0025, y = 2.03, z = 0
 
(Nodeid,phim): (0,-0.345026), (1,-0.35416), (2,-0.379815), (3,-0.404913), (4,-0.422257), (5,-0.426947), (6,-0.4321), (7,-0.432584), (8,-0.432026), (9,-0.430141), (10,-0.428028), (11,-0.434119),  

Writing: "NeuralEP2DL2mono_w0025_reri1_116.chk"
 (0s, XML)
Steps: 11700000 Time: 1.17        
 CPU Time: 25.2142 min.

um_max = 0.439213 at x = 0.0025, y = 2.03, z = 0
 
(Nodeid,phim): (0,-0.35016), (1,-0.358141), (2,-0.381715), (3,-0.405444), (4,-0.422006), (5,-0.426573), (6,-0.43179), (7,-0.432394), (8,-0.432126), (9,-0.430631), (10,-0.429031), (11,-0.435887),  

Writing: "NeuralEP2DL2mono_w0025_reri1_117.chk"
 (0s, XML)
Steps: 11800000 Time: 1.18        
 CPU Time: 25.2135 min.

um_max = 0.440807 at x = 0.0025, y = 2.03, z = 0
 
(Nodeid,phim): (0,-0.354919), (1,-0.361789), (2,-0.383356), (3,-0.40576), (4,-0.421562), (5,-0.426008), (6,-0.431281), (7,-0.432), (8,-0.43201), (9,-0.430889), (10,-0.429782), (11,-0.437368),  

Writing: "NeuralEP2DL2mono_w0025_reri1_118.chk"
 (0s, XML)
Steps: 11900000 Time: 1.19        
 CPU Time: 25.2506 min.

um_max = 0.442119 at x = 0.0025, y = 2.03, z = 0
 
(Nodeid,phim): (0,-0.359313), (1,-0.365115), (2,-0.384747), (3,-0.405867), (4,-0.420932), (5,-0.425258), (6,-0.430582), (7,-0.431411), (8,-0.431686), (9,-0.430926), (10,-0.430291), (11,-0.438573),  

Writing: "NeuralEP2DL2mono_w0025_reri1_119.chk"
 (0s, XML)
Steps: 12000000 Time: 1.2         
 CPU Time: 25.2071 min.

um_max = 0.443159 at x = 0.0025, y = 2.03, z = 0
 
(Nodeid,phim): (0,-0.363354), (1,-0.36813), (2,-0.385896), (3,-0.405775), (4,-0.420124), (5,-0.424334), (6,-0.429702), (7,-0.430635), (8,-0.431164), (9,-0.430749), (10,-0.430568), (11,-0.439512),  

Writing: "NeuralEP2DL2mono_w0025_reri1_120.chk"
 (0s, XML)
Steps: 12100000 Time: 1.21        
 CPU Time: 25.2467 min.

um_max = 0.443937 at x = 0.0025, y = 2.03, z = 0
 
(Nodeid,phim): (0,-0.367055), (1,-0.370844), (2,-0.386813), (3,-0.405492), (4,-0.419146), (5,-0.423241), (6,-0.428647), (7,-0.42968), (8,-0.430452), (9,-0.430368), (10,-0.430622), (11,-0.440195),  

Writing: "NeuralEP2DL2mono_w0025_reri1_121.chk"
 (0s, XML)
Steps: 12200000 Time: 1.22        
 CPU Time: 25.2626 min.

um_max = 0.444465 at x = 0.0025, y = 2.03, z = 0
 
(Nodeid,phim): (0,-0.370426), (1,-0.373268), (2,-0.387506), (3,-0.405025), (4,-0.418005), (5,-0.421987), (6,-0.427427), (7,-0.428554), (8,-0.429559), (9,-0.429792), (10,-0.430463), (11,-0.440634),  

Writing: "NeuralEP2DL2mono_w0025_reri1_122.chk"
 (0s, XML)
Steps: 12300000 Time: 1.23        
 CPU Time: 25.195 min.

um_max = 0.444752 at x = 0.0025, y = 2.03, z = 0
 
(Nodeid,phim): (0,-0.37348), (1,-0.375411), (2,-0.387984), (3,-0.404382), (4,-0.416709), (5,-0.42058), (6,-0.426048), (7,-0.427265), (8,-0.428492), (9,-0.429029), (10,-0.430099), (11,-0.440838),  

Writing: "NeuralEP2DL2mono_w0025_reri1_123.chk"
 (0s, XML)
Steps: 12400000 Time: 1.24        
 CPU Time: 25.193 min.

um_max = 0.444807 at x = 0.0025, y = 2.03, z = 0
 
(Nodeid,phim): (0,-0.376226), (1,-0.377285), (2,-0.388255), (3,-0.40357), (4,-0.415264), (5,-0.419027), (6,-0.424518), (7,-0.42582), (8,-0.427258), (9,-0.428087), (10,-0.429538), (11,-0.440815),  

Writing: "NeuralEP2DL2mono_w0025_reri1_124.chk"
 (0s, XML)
Steps: 12500000 Time: 1.25        
 CPU Time: 25.2803 min.

um_max = 0.44464 at x = 0.0025, y = 2.03, z = 0
 
(Nodeid,phim): (0,-0.378676), (1,-0.378897), (2,-0.388328), (3,-0.402597), (4,-0.413677), (5,-0.417334), (6,-0.422844), (7,-0.424227), (8,-0.425867), (9,-0.426974), (10,-0.42879), (11,-0.440576),  

Writing: "NeuralEP2DL2mono_w0025_reri1_125.chk"
 (0s, XML)
Steps: 12600000 Time: 1.26        
 CPU Time: 25.259 min.

um_max = 0.444261 at x = 0.0025, y = 2.03, z = 0
 
(Nodeid,phim): (0,-0.380839), (1,-0.380259), (2,-0.38821), (3,-0.401469), (4,-0.411956), (5,-0.415509), (6,-0.421033), (7,-0.422492), (8,-0.424325), (9,-0.425697), (10,-0.427862), (11,-0.44013),  

Writing: "NeuralEP2DL2mono_w0025_reri1_126.chk"
 (0s, XML)
Steps: 12700000 Time: 1.27        
 CPU Time: 25.2045 min.

um_max = 0.443679 at x = 0.0025, y = 2.03, z = 0
 
(Nodeid,phim): (0,-0.382727), (1,-0.38138), (2,-0.387909), (3,-0.400194), (4,-0.410106), (5,-0.413557), (6,-0.419092), (7,-0.420623), (8,-0.422638), (9,-0.424265), (10,-0.426762), (11,-0.439486),  

Writing: "NeuralEP2DL2mono_w0025_reri1_127.chk"
 (0s, XML)
Steps: 12800000 Time: 1.28        
 CPU Time: 25.2257 min.

um_max = 0.442901 at x = 0.0025, y = 2.03, z = 0
 
(Nodeid,phim): (0,-0.38435), (1,-0.382268), (2,-0.387432), (3,-0.398779), (4,-0.408134), (5,-0.411486), (6,-0.417026), (7,-0.418625), (8,-0.420815), (9,-0.422684), (10,-0.425499), (11,-0.438651),  

Writing: "NeuralEP2DL2mono_w0025_reri1_128.chk"
 (0s, XML)
Steps: 12900000 Time: 1.29        
 CPU Time: 25.2093 min.

um_max = 0.441938 at x = 0.0025, y = 2.03, z = 0
 
(Nodeid,phim): (0,-0.385717), (1,-0.382933), (2,-0.386788), (3,-0.39723), (4,-0.406047), (5,-0.409301), (6,-0.414843), (7,-0.416506), (8,-0.418862), (9,-0.420962), (10,-0.424079), (11,-0.437634),  

Writing: "NeuralEP2DL2mono_w0025_reri1_129.chk"
 (0s, XML)
Steps: 13000000 Time: 1.3         
 CPU Time: 25.2163 min.

um_max = 0.440796 at x = 0.0025, y = 2.03, z = 0
 
(Nodeid,phim): (0,-0.386838), (1,-0.383383), (2,-0.385983), (3,-0.395553), (4,-0.403849), (5,-0.407008), (6,-0.412549), (7,-0.414272), (8,-0.416784), (9,-0.419105), (10,-0.422509), (11,-0.436444),  

Writing: "NeuralEP2DL2mono_w0025_reri1_130.chk"
 (0s, XML)
Steps: 13100000 Time: 1.31        
 CPU Time: 25.2662 min.

um_max = 0.439484 at x = 0.0025, y = 2.03, z = 0
 
(Nodeid,phim): (0,-0.387723), (1,-0.383627), (2,-0.385025), (3,-0.393754), (4,-0.401548), (5,-0.404613), (6,-0.410149), (7,-0.411929), (8,-0.41459), (9,-0.41712), (10,-0.420798), (11,-0.435089),  

Writing: "NeuralEP2DL2mono_w0025_reri1_131.chk"
 (0s, XML)
Steps: 13200000 Time: 1.32        
 CPU Time: 25.2771 min.

um_max = 0.43801 at x = 0.0025, y = 2.03, z = 0
 
(Nodeid,phim): (0,-0.388381), (1,-0.383674), (2,-0.383919), (3,-0.39184), (4,-0.399147), (5,-0.402122), (6,-0.407649), (7,-0.409482), (8,-0.412284), (9,-0.415013), (10,-0.418951), (11,-0.433575),  

Writing: "NeuralEP2DL2mono_w0025_reri1_132.chk"
 (0s, XML)
Steps: 13300000 Time: 1.33        
 CPU Time: 25.2412 min.

um_max = 0.436382 at x = 0.0025, y = 2.03, z = 0
 
(Nodeid,phim): (0,-0.38882), (1,-0.38353), (2,-0.382674), (3,-0.389816), (4,-0.396654), (5,-0.399539), (6,-0.405055), (7,-0.406938), (8,-0.409874), (9,-0.412791), (10,-0.416976), (11,-0.431911),  

Writing: "NeuralEP2DL2mono_w0025_reri1_133.chk"
 (0s, XML)
Steps: 13400000 Time: 1.34        
 CPU Time: 25.2088 min.

um_max = 0.434607 at x = 0.0025, y = 2.03, z = 0
 
(Nodeid,phim): (0,-0.38905), (1,-0.383206), (2,-0.381295), (3,-0.387689), (4,-0.394073), (5,-0.396871), (6,-0.402373), (7,-0.404302), (8,-0.407363), (9,-0.41046), (10,-0.414879), (11,-0.430104),  

Writing: "NeuralEP2DL2mono_w0025_reri1_134.chk"
 (0s, XML)
Steps: 13500000 Time: 1.35        
 CPU Time: 25.2531 min.

um_max = 0.432692 at x = 0.0025, y = 2.03, z = 0
 
(Nodeid,phim): (0,-0.389079), (1,-0.382707), (2,-0.379788), (3,-0.385463), (4,-0.39141), (5,-0.394123), (6,-0.399607), (7,-0.40158), (8,-0.40476), (9,-0.408026), (10,-0.412666), (11,-0.428161),  

Writing: "NeuralEP2DL2mono_w0025_reri1_135.chk"
 (0s, XML)
Steps: 13600000 Time: 1.36        
 CPU Time: 25.2552 min.

um_max = 0.430644 at x = 0.0025, y = 2.03, z = 0
 
(Nodeid,phim): (0,-0.388916), (1,-0.382042), (2,-0.378161), (3,-0.383143), (4,-0.388669), (5,-0.391299), (6,-0.396763), (7,-0.398776), (8,-0.402067), (9,-0.405495), (10,-0.410344), (11,-0.426088),  

Writing: "NeuralEP2DL2mono_w0025_reri1_136.chk"
 (0s, XML)
Steps: 13700000 Time: 1.37        
 CPU Time: 25.2351 min.

um_max = 0.428469 at x = 0.0025, y = 2.03, z = 0
 
(Nodeid,phim): (0,-0.388569), (1,-0.381218), (2,-0.376418), (3,-0.380737), (4,-0.385855), (5,-0.388404), (6,-0.393846), (7,-0.395896), (8,-0.399292), (9,-0.402871), (10,-0.407919), (11,-0.423893),  

Writing: "NeuralEP2DL2mono_w0025_reri1_137.chk"
 (0s, XML)
Steps: 13800000 Time: 1.38        
 CPU Time: 25.2109 min.

um_max = 0.426176 at x = 0.0025, y = 2.03, z = 0
 
(Nodeid,phim): (0,-0.388045), (1,-0.380242), (2,-0.374566), (3,-0.378247), (4,-0.382972), (5,-0.385442), (6,-0.39086), (7,-0.392945), (8,-0.396439), (9,-0.400161), (10,-0.405395), (11,-0.421582),  

Writing: "NeuralEP2DL2mono_w0025_reri1_138.chk"
 (0s, XML)
Steps: 13900000 Time: 1.39        
 CPU Time: 25.1842 min.

um_max = 0.423769 at x = 0.0025, y = 2.03, z = 0
 
(Nodeid,phim): (0,-0.387353), (1,-0.379121), (2,-0.37261), (3,-0.375679), (4,-0.380027), (5,-0.38242), (6,-0.38781), (7,-0.389927), (8,-0.393513), (9,-0.39737), (10,-0.402779), (11,-0.41916),  

Writing: "NeuralEP2DL2mono_w0025_reri1_139.chk"
 (0s, XML)
Steps: 14000000 Time: 1.4         
 CPU Time: 25.2182 min.

um_max = 0.421256 at x = 0.0025, y = 2.03, z = 0
 
(Nodeid,phim): (0,-0.3865), (1,-0.377862), (2,-0.370556), (3,-0.373038), (4,-0.377021), (5,-0.379339), (6,-0.384701), (7,-0.386846), (8,-0.390519), (9,-0.394503), (10,-0.400077), (11,-0.416635),  

Writing: "NeuralEP2DL2mono_w0025_reri1_140.chk"
 (0s, XML)
Steps: 14100000 Time: 1.41        
 CPU Time: 25.1935 min.

um_max = 0.418642 at x = 0.0025, y = 2.03, z = 0
 
(Nodeid,phim): (0,-0.385493), (1,-0.376472), (2,-0.368409), (3,-0.370329), (4,-0.373961), (5,-0.376206), (6,-0.381536), (7,-0.383708), (8,-0.387461), (9,-0.391564), (10,-0.397293), (11,-0.414012),  

Writing: "NeuralEP2DL2mono_w0025_reri1_141.chk"
 (0s, XML)
Steps: 14200000 Time: 1.42        
 CPU Time: 25.1885 min.

um_max = 0.415932 at x = 0.0025, y = 2.03, z = 0
 
(Nodeid,phim): (0,-0.384339), (1,-0.374956), (2,-0.366174), (3,-0.367555), (4,-0.37085), (5,-0.373023), (6,-0.37832), (7,-0.380517), (8,-0.384344), (9,-0.388559), (10,-0.394432), (11,-0.411296),  

Writing: "NeuralEP2DL2mono_w0025_reri1_142.chk"
 (0s, XML)
Steps: 14300000 Time: 1.43        
 CPU Time: 25.1981 min.

um_max = 0.413133 at x = 0.0025, y = 2.03, z = 0
 
(Nodeid,phim): (0,-0.383046), (1,-0.373321), (2,-0.363856), (3,-0.364721), (4,-0.367691), (5,-0.369795), (6,-0.375058), (7,-0.377276), (8,-0.381172), (9,-0.385491), (10,-0.3915), (11,-0.408494),  

Writing: "NeuralEP2DL2mono_w0025_reri1_143.chk"
 (0s, XML)
Steps: 14400000 Time: 1.44        
 CPU Time: 25.2236 min.

um_max = 0.410251 at x = 0.0025, y = 2.03, z = 0
 
(Nodeid,phim): (0,-0.38162), (1,-0.371574), (2,-0.36146), (3,-0.361832), (4,-0.36449), (5,-0.366525), (6,-0.371752), (7,-0.373989), (8,-0.377949), (9,-0.382366), (10,-0.388501), (11,-0.40561),  

Writing: "NeuralEP2DL2mono_w0025_reri1_144.chk"
 (0s, XML)
Steps: 14500000 Time: 1.45        
 CPU Time: 25.2389 min.

um_max = 0.407289 at x = 0.0025, y = 2.03, z = 0
 
(Nodeid,phim): (0,-0.380067), (1,-0.369719), (2,-0.358991), (3,-0.35889), (4,-0.361248), (5,-0.363218), (6,-0.368407), (7,-0.370661), (8,-0.37468), (9,-0.379188), (10,-0.38544), (11,-0.40265),  

Writing: "NeuralEP2DL2mono_w0025_reri1_145.chk"
 (0s, XML)
Steps: 14600000 Time: 1.46        
 CPU Time: 25.2175 min.

um_max = 0.404254 at x = 0.0025, y = 2.03, z = 0
 
(Nodeid,phim): (0,-0.378394), (1,-0.367763), (2,-0.356453), (3,-0.355901), (4,-0.35797), (5,-0.359876), (6,-0.365025), (7,-0.367295), (8,-0.371367), (9,-0.37596), (10,-0.382321), (11,-0.399619),  

Writing: "NeuralEP2DL2mono_w0025_reri1_146.chk"
 (0s, XML)
Steps: 14700000 Time: 1.47        
 CPU Time: 25.1893 min.

um_max = 0.40115 at x = 0.0025, y = 2.03, z = 0
 
(Nodeid,phim): (0,-0.376608), (1,-0.36571), (2,-0.353851), (3,-0.352868), (4,-0.35466), (5,-0.356502), (6,-0.361612), (7,-0.363895), (8,-0.368016), (9,-0.372687), (10,-0.379148), (11,-0.396521),  

Writing: "NeuralEP2DL2mono_w0025_reri1_147.chk"
 (0s, XML)
Steps: 14800000 Time: 1.48        
 CPU Time: 25.2027 min.

um_max = 0.397982 at x = 0.0025, y = 2.03, z = 0
 
(Nodeid,phim): (0,-0.374713), (1,-0.363567), (2,-0.351189), (3,-0.349793), (4,-0.35132), (5,-0.353101), (6,-0.358169), (7,-0.360463), (8,-0.364629), (9,-0.369372), (10,-0.375926), (11,-0.393362),  

Writing: "NeuralEP2DL2mono_w0025_reri1_148.chk"
 (0s, XML)
Steps: 14900000 Time: 1.49        
 CPU Time: 25.2807 min.

um_max = 0.394755 at x = 0.0025, y = 2.03, z = 0
 
(Nodeid,phim): (0,-0.372716), (1,-0.361339), (2,-0.34847), (3,-0.346682), (4,-0.347953), (5,-0.349675), (6,-0.3547), (7,-0.357004), (8,-0.361211), (9,-0.366019), (10,-0.372658), (11,-0.390145),  

Writing: "NeuralEP2DL2mono_w0025_reri1_149.chk"
 (0s, XML)
Steps: 15000000 Time: 1.5         
 CPU Time: 25.2844 min.

um_max = 0.391473 at x = 0.0025, y = 2.03, z = 0
 
(Nodeid,phim): (0,-0.370622), (1,-0.359029), (2,-0.345699), (3,-0.343537), (4,-0.344563), (5,-0.346228), (6,-0.351208), (7,-0.35352), (8,-0.357763), (9,-0.362632), (10,-0.369349), (11,-0.386875),  

Writing: "NeuralEP2DL2mono_w0025_reri1_150.chk"
 (0s, XML)
Steps: 15100000 Time: 1.51        
 CPU Time: 25.1854 min.

um_max = 0.38814 at x = 0.0025, y = 2.03, z = 0
 
(Nodeid,phim): (0,-0.368437), (1,-0.356644), (2,-0.34288), (3,-0.340361), (4,-0.341153), (5,-0.342761), (6,-0.347697), (7,-0.350015), (8,-0.35429), (9,-0.359214), (10,-0.366002), (11,-0.383556),  

Writing: "NeuralEP2DL2mono_w0025_reri1_151.chk"
 (0s, XML)
Steps: 15200000 Time: 1.52        
 CPU Time: 25.2411 min.

um_max = 0.38476 at x = 0.0025, y = 2.03, z = 0
 
(Nodeid,phim): (0,-0.366166), (1,-0.354188), (2,-0.340016), (3,-0.337157), (4,-0.337725), (5,-0.339278), (6,-0.344168), (7,-0.346491), (8,-0.350794), (9,-0.355768), (10,-0.36262), (11,-0.380192),  

Writing: "NeuralEP2DL2mono_w0025_reri1_152.chk"
 (0s, XML)
Steps: 15300000 Time: 1.53        
 CPU Time: 25.2349 min.

um_max = 0.381338 at x = 0.0025, y = 2.03, z = 0
 
(Nodeid,phim): (0,-0.363813), (1,-0.351665), (2,-0.33711), (3,-0.333929), (4,-0.334282), (5,-0.335782), (6,-0.340625), (7,-0.342951), (8,-0.347279), (9,-0.352298), (10,-0.359207), (11,-0.376787),  

Writing: "NeuralEP2DL2mono_w0025_reri1_153.chk"
 (0s, XML)
Steps: 15400000 Time: 1.54        
 CPU Time: 25.2099 min.

um_max = 0.377877 at x = 0.0025, y = 2.03, z = 0
 
(Nodeid,phim): (0,-0.361385), (1,-0.349079), (2,-0.334167), (3,-0.330679), (4,-0.330826), (5,-0.332275), (6,-0.337071), (7,-0.339398), (8,-0.343746), (9,-0.348807), (10,-0.355766), (11,-0.373345),  

Writing: "NeuralEP2DL2mono_w0025_reri1_154.chk"
 (0s, XML)
Steps: 15500000 Time: 1.55        
 CPU Time: 25.1969 min.

um_max = 0.374381 at x = 0.0025, y = 2.03, z = 0
 
(Nodeid,phim): (0,-0.358885), (1,-0.346435), (2,-0.33119), (3,-0.32741), (4,-0.32736), (5,-0.328759), (6,-0.333507), (7,-0.335834), (8,-0.3402), (9,-0.345296), (10,-0.352301), (11,-0.369869),  

Writing: "NeuralEP2DL2mono_w0025_reri1_155.chk"
 (0s, XML)
Steps: 15600000 Time: 1.56        
 CPU Time: 25.168 min.

um_max = 0.370853 at x = 0.0025, y = 2.03, z = 0
 
(Nodeid,phim): (0,-0.356318), (1,-0.343738), (2,-0.328181), (3,-0.324125), (4,-0.323887), (5,-0.325236), (6,-0.329936), (7,-0.332262), (8,-0.336643), (9,-0.34177), (10,-0.348814), (11,-0.366363),  

Writing: "NeuralEP2DL2mono_w0025_reri1_156.chk"
 (0s, XML)
Steps: 15700000 Time: 1.57        
 CPU Time: 25.1925 min.

um_max = 0.367297 at x = 0.0025, y = 2.03, z = 0
 
(Nodeid,phim): (0,-0.353688), (1,-0.340989), (2,-0.325143), (3,-0.320826), (4,-0.320408), (5,-0.32171), (6,-0.32636), (7,-0.328684), (8,-0.333076), (9,-0.338231), (10,-0.345308), (11,-0.36283),  

Writing: "NeuralEP2DL2mono_w0025_reri1_157.chk"
 (0s, XML)
Steps: 15800000 Time: 1.58        
 CPU Time: 25.1787 min.

um_max = 0.363716 at x = 0.0025, y = 2.03, z = 0
 
(Nodeid,phim): (0,-0.351), (1,-0.338195), (2,-0.322081), (3,-0.317515), (4,-0.316925), (5,-0.318181), (6,-0.322782), (7,-0.325102), (8,-0.329503), (9,-0.334681), (10,-0.341787), (11,-0.359273),  

Writing: "NeuralEP2DL2mono_w0025_reri1_158.chk"
 (0s, XML)
Steps: 15900000 Time: 1.59        
 CPU Time: 25.2337 min.

um_max = 0.360113 at x = 0.0025, y = 2.03, z = 0
 
(Nodeid,phim): (0,-0.348258), (1,-0.335357), (2,-0.318995), (3,-0.314196), (4,-0.313442), (5,-0.314653), (6,-0.319204), (7,-0.321519), (8,-0.325925), (9,-0.331122), (10,-0.338252), (11,-0.355696),  

Writing: "NeuralEP2DL2mono_w0025_reri1_159.chk"
 (0s, XML)
Steps: 16000000 Time: 1.6         
 CPU Time: 25.1932 min.

um_max = 0.356491 at x = 0.0025, y = 2.03, z = 0
 
(Nodeid,phim): (0,-0.345466), (1,-0.33248), (2,-0.31589), (3,-0.310869), (4,-0.309959), (5,-0.311127), (6,-0.315627), (7,-0.317936), (8,-0.322346), (9,-0.327558), (10,-0.334706), (11,-0.3521),  

Writing: "NeuralEP2DL2mono_w0025_reri1_160.chk"
 (0s, XML)
Steps: 16100000 Time: 1.61        
 CPU Time: 25.2053 min.

um_max = 0.352853 at x = 0.0025, y = 2.03, z = 0
 
(Nodeid,phim): (0,-0.342627), (1,-0.329567), (2,-0.312768), (3,-0.307538), (4,-0.306479), (5,-0.307604), (6,-0.312054), (7,-0.314356), (8,-0.318766), (9,-0.32399), (10,-0.331152), (11,-0.34849),  

Writing: "NeuralEP2DL2mono_w0025_reri1_161.chk"
 (0s, XML)
Steps: 16200000 Time: 1.62        
 CPU Time: 25.1716 min.

um_max = 0.349201 at x = 0.0025, y = 2.03, z = 0
 
(Nodeid,phim): (0,-0.339745), (1,-0.326621), (2,-0.30963), (3,-0.304204), (4,-0.303003), (5,-0.304087), (6,-0.308486), (7,-0.31078), (8,-0.315188), (9,-0.320421), (10,-0.327593), (11,-0.344867),  

Writing: "NeuralEP2DL2mono_w0025_reri1_162.chk"
 (0s, XML)
Steps: 16300000 Time: 1.63        
 CPU Time: 25.2091 min.

um_max = 0.345539 at x = 0.0025, y = 2.03, z = 0
 
(Nodeid,phim): (0,-0.336824), (1,-0.323645), (2,-0.306481), (3,-0.300869), (4,-0.299533), (5,-0.300578), (6,-0.304925), (7,-0.307211), (8,-0.311614), (9,-0.316853), (10,-0.324029), (11,-0.341235),  

Writing: "NeuralEP2DL2mono_w0025_reri1_163.chk"
 (0s, XML)
Steps: 16400000 Time: 1.64        
 CPU Time: 25.1403 min.

um_max = 0.341869 at x = 0.0025, y = 2.03, z = 0
 
(Nodeid,phim): (0,-0.333867), (1,-0.320643), (2,-0.303321), (3,-0.297535), (4,-0.296071), (5,-0.297077), (6,-0.301373), (7,-0.303649), (8,-0.308045), (9,-0.313287), (10,-0.320464), (11,-0.337595),  

Writing: "NeuralEP2DL2mono_w0025_reri1_164.chk"
 (0s, XML)
Steps: 16500000 Time: 1.65        
 CPU Time: 25.1985 min.

um_max = 0.338193 at x = 0.0025, y = 2.03, z = 0
 
(Nodeid,phim): (0,-0.330877), (1,-0.317616), (2,-0.300153), (3,-0.294204), (4,-0.292618), (5,-0.293587), (6,-0.297831), (7,-0.300096), (8,-0.304484), (9,-0.309725), (10,-0.3169), (11,-0.33395),  

Writing: "NeuralEP2DL2mono_w0025_reri1_165.chk"
 (0s, XML)
Steps: 16600000 Time: 1.66        
 CPU Time: 25.1895 min.

um_max = 0.334514 at x = 0.0025, y = 2.03, z = 0
 
(Nodeid,phim): (0,-0.327857), (1,-0.314568), (2,-0.296979), (3,-0.290877), (4,-0.289176), (5,-0.290108), (6,-0.294301), (7,-0.296555), (8,-0.300932), (9,-0.306169), (10,-0.313338), (11,-0.330302),  

Writing: "NeuralEP2DL2mono_w0025_reri1_166.chk"
 (0s, XML)
Steps: 16700000 Time: 1.67        
 CPU Time: 25.2235 min.

um_max = 0.330833 at x = 0.0025, y = 2.03, z = 0
 
(Nodeid,phim): (0,-0.324811), (1,-0.311502), (2,-0.293801), (3,-0.287557), (4,-0.285746), (5,-0.286643), (6,-0.290784), (7,-0.293026), (8,-0.29739), (9,-0.302621), (10,-0.30978), (11,-0.326654),  

Writing: "NeuralEP2DL2mono_w0025_reri1_167.chk"
 (0s, XML)
Steps: 16800000 Time: 1.68        
 CPU Time: 25.2227 min.

um_max = 0.327153 at x = 0.0025, y = 2.03, z = 0
 
(Nodeid,phim): (0,-0.321741), (1,-0.308419), (2,-0.290621), (3,-0.284244), (4,-0.282329), (5,-0.283192), (6,-0.287282), (7,-0.289511), (8,-0.29386), (9,-0.299083), (10,-0.306229), (11,-0.323008),  

Writing: "NeuralEP2DL2mono_w0025_reri1_168.chk"
 (0s, XML)
Steps: 16900000 Time: 1.69        
 CPU Time: 25.2588 min.

um_max = 0.323476 at x = 0.0025, y = 2.03, z = 0
 
(Nodeid,phim): (0,-0.318651), (1,-0.305323), (2,-0.287441), (3,-0.28094), (4,-0.278927), (5,-0.279757), (6,-0.283795), (7,-0.286011), (8,-0.290344), (9,-0.295556), (10,-0.302685), (11,-0.319365),  

Writing: "NeuralEP2DL2mono_w0025_reri1_169.chk"
 (0s, XML)
Steps: 17000000 Time: 1.7         
 CPU Time: 25.238 min.

um_max = 0.319804 at x = 0.0025, y = 2.03, z = 0
 
(Nodeid,phim): (0,-0.315542), (1,-0.302216), (2,-0.284263), (3,-0.277647), (4,-0.275541), (5,-0.276339), (6,-0.280325), (7,-0.282527), (8,-0.286842), (9,-0.292041), (10,-0.299151), (11,-0.315727),  

Writing: "NeuralEP2DL2mono_w0025_reri1_170.chk"
 (0s, XML)
Steps: 17100000 Time: 1.71        
 CPU Time: 25.0742 min.

um_max = 0.316138 at x = 0.0025, y = 2.03, z = 0
 
(Nodeid,phim): (0,-0.312417), (1,-0.299099), (2,-0.281087), (3,-0.274366), (4,-0.272172), (5,-0.272939), (6,-0.276873), (7,-0.279061), (8,-0.283357), (9,-0.288539), (10,-0.295627), (11,-0.312096),  

Writing: "NeuralEP2DL2mono_w0025_reri1_171.chk"
 (0s, XML)
Steps: 17200000 Time: 1.72        
 CPU Time: 25.0289 min.

um_max = 0.312481 at x = 0.0025, y = 2.03, z = 0
 
(Nodeid,phim): (0,-0.309279), (1,-0.295976), (2,-0.277917), (3,-0.271097), (4,-0.268821), (5,-0.269557), (6,-0.273441), (7,-0.275613), (8,-0.279888), (9,-0.285053), (10,-0.292116), (11,-0.308475),  

Writing: "NeuralEP2DL2mono_w0025_reri1_172.chk"
 (0s, XML)
Steps: 17300000 Time: 1.73        
 CPU Time: 25.0415 min.

um_max = 0.308833 at x = 0.0025, y = 2.03, z = 0
 
(Nodeid,phim): (0,-0.306129), (1,-0.292847), (2,-0.274753), (3,-0.267843), (4,-0.265489), (5,-0.266196), (6,-0.270028), (7,-0.272185), (8,-0.276438), (9,-0.281583), (10,-0.288618), (11,-0.304863),  

Writing: "NeuralEP2DL2mono_w0025_reri1_173.chk"
 (0s, XML)
Steps: 17400000 Time: 1.74        
 CPU Time: 25.0468 min.

um_max = 0.305197 at x = 0.0025, y = 2.03, z = 0
 
(Nodeid,phim): (0,-0.302972), (1,-0.289716), (2,-0.271597), (3,-0.264604), (4,-0.262177), (5,-0.262856), (6,-0.266637), (7,-0.268777), (8,-0.273007), (9,-0.278131), (10,-0.285136), (11,-0.301263),  

Writing: "NeuralEP2DL2mono_w0025_reri1_174.chk"
 (0s, XML)
Steps: 17500000 Time: 1.75        
 CPU Time: 25.0014 min.

um_max = 0.301575 at x = 0.0025, y = 2.03, z = 0
 
(Nodeid,phim): (0,-0.299807), (1,-0.286583), (2,-0.26845), (3,-0.261382), (4,-0.258886), (5,-0.259537), (6,-0.263268), (7,-0.265392), (8,-0.269596), (9,-0.274697), (10,-0.28167), (11,-0.297677),  

Writing: "NeuralEP2DL2mono_w0025_reri1_175.chk"
 (0s, XML)
Steps: 17600000 Time: 1.76        
 CPU Time: 25.0168 min.

um_max = 0.297966 at x = 0.0025, y = 2.03, z = 0
 
(Nodeid,phim): (0,-0.296638), (1,-0.283451), (2,-0.265313), (3,-0.258177), (4,-0.255617), (5,-0.256241), (6,-0.259921), (7,-0.262028), (8,-0.266207), (9,-0.271283), (10,-0.278221), (11,-0.294105),  

Writing: "NeuralEP2DL2mono_w0025_reri1_176.chk"
 (0s, XML)
Steps: 17700000 Time: 1.77        
 CPU Time: 25.0133 min.

um_max = 0.294373 at x = 0.0025, y = 2.03, z = 0
 
(Nodeid,phim): (0,-0.293466), (1,-0.280321), (2,-0.262188), (3,-0.254991), (4,-0.25237), (5,-0.252969), (6,-0.256599), (7,-0.258688), (8,-0.262839), (9,-0.267889), (10,-0.274791), (11,-0.29055),  

Writing: "NeuralEP2DL2mono_w0025_reri1_177.chk"
 (0s, XML)
Steps: 17800000 Time: 1.78        
 CPU Time: 25.0322 min.

um_max = 0.290798 at x = 0.0025, y = 2.03, z = 0
 
(Nodeid,phim): (0,-0.290293), (1,-0.277195), (2,-0.259076), (3,-0.251823), (4,-0.249147), (5,-0.24972), (6,-0.2533), (7,-0.255372), (8,-0.259495), (9,-0.264517), (10,-0.27138), (11,-0.287011),  

Writing: "NeuralEP2DL2mono_w0025_reri1_178.chk"
 (0s, XML)
Steps: 17900000 Time: 1.79        
 CPU Time: 25.031 min.

um_max = 0.287447 at x = 0.0025, y = 0, z = 0
 
(Nodeid,phim): (0,-0.287122), (1,-0.274075), (2,-0.255977), (3,-0.248676), (4,-0.245947), (5,-0.246497), (6,-0.250026), (7,-0.25208), (8,-0.256174), (9,-0.261167), (10,-0.26799), (11,-0.283491),  

Writing: "NeuralEP2DL2mono_w0025_reri1_179.chk"
 (0s, XML)
Steps: 18000000 Time: 1.8         
 CPU Time: 25.0668 min.

um_max = 0.284276 at x = 0.0025, y = 0, z = 0
 
(Nodeid,phim): (0,-0.283953), (1,-0.270961), (2,-0.252894), (3,-0.24555), (4,-0.242772), (5,-0.243298), (6,-0.246778), (7,-0.248814), (8,-0.252878), (9,-0.25784), (10,-0.264621), (11,-0.279991),  

Writing: "NeuralEP2DL2mono_w0025_reri1_180.chk"
 (0s, XML)
Steps: 18100000 Time: 1.81        
 CPU Time: 25.0543 min.

um_max = 0.281111 at x = 0.0025, y = 0, z = 0
 
(Nodeid,phim): (0,-0.280788), (1,-0.267856), (2,-0.249826), (3,-0.242445), (4,-0.239622), (5,-0.240126), (6,-0.243557), (7,-0.245573), (8,-0.249607), (9,-0.254537), (10,-0.261274), (11,-0.276511),  

Writing: "NeuralEP2DL2mono_w0025_reri1_181.chk"
 (0s, XML)
Steps: 18200000 Time: 1.82        
 CPU Time: 25.122 min.

um_max = 0.27795 at x = 0.0025, y = 0, z = 0
 
(Nodeid,phim): (0,-0.277629), (1,-0.26476), (2,-0.246776), (3,-0.239363), (4,-0.236498), (5,-0.236979), (6,-0.240362), (7,-0.24236), (8,-0.246362), (9,-0.251259), (10,-0.257951), (11,-0.273052),  

Writing: "NeuralEP2DL2mono_w0025_reri1_182.chk"
 (0s, XML)
Steps: 18300000 Time: 1.83        
 CPU Time: 25.0769 min.

um_max = 0.274797 at x = 0.0025, y = 0, z = 0
 
(Nodeid,phim): (0,-0.274477), (1,-0.261675), (2,-0.243743), (3,-0.236303), (4,-0.2334), (5,-0.23386), (6,-0.237194), (7,-0.239173), (8,-0.243143), (9,-0.248006), (10,-0.254651), (11,-0.269616),  

Writing: "NeuralEP2DL2mono_w0025_reri1_183.chk"
 (0s, XML)
Steps: 18400000 Time: 1.84        
 CPU Time: 25.0658 min.

um_max = 0.271653 at x = 0.0025, y = 0, z = 0
 
(Nodeid,phim): (0,-0.271334), (1,-0.258602), (2,-0.240729), (3,-0.233267), (4,-0.230329), (5,-0.230768), (6,-0.234054), (7,-0.236014), (8,-0.239951), (9,-0.244779), (10,-0.251376), (11,-0.266203),  

Writing: "NeuralEP2DL2mono_w0025_reri1_184.chk"
 (0s, XML)
Steps: 18500000 Time: 1.85        
 CPU Time: 25.0636 min.

um_max = 0.268518 at x = 0.0025, y = 0, z = 0
 
(Nodeid,phim): (0,-0.268201), (1,-0.255542), (2,-0.237734), (3,-0.230255), (4,-0.227285), (5,-0.227704), (6,-0.230943), (7,-0.232882), (8,-0.236786), (9,-0.241578), (10,-0.248126), (11,-0.262814),  

Writing: "NeuralEP2DL2mono_w0025_reri1_185.chk"
 (0s, XML)
Steps: 18600000 Time: 1.86        
 CPU Time: 25.0506 min.

um_max = 0.265394 at x = 0.0025, y = 0, z = 0
 
(Nodeid,phim): (0,-0.265079), (1,-0.252496), (2,-0.234759), (3,-0.227268), (4,-0.224268), (5,-0.224668), (6,-0.227859), (7,-0.22978), (8,-0.23365), (9,-0.238404), (10,-0.244902), (11,-0.259449),  

Writing: "NeuralEP2DL2mono_w0025_reri1_186.chk"
 (0s, XML)
Steps: 18700000 Time: 1.87        
 CPU Time: 25.1618 min.

um_max = 0.262283 at x = 0.0025, y = 0, z = 0
 
(Nodeid,phim): (0,-0.261969), (1,-0.249465), (2,-0.231805), (3,-0.224306), (4,-0.221279), (5,-0.221661), (6,-0.224805), (7,-0.226706), (8,-0.230541), (9,-0.235258), (10,-0.241705), (11,-0.256111),  

Writing: "NeuralEP2DL2mono_w0025_reri1_187.chk"
 (0s, XML)
Steps: 18800000 Time: 1.88        
 CPU Time: 25.1108 min.

um_max = 0.259185 at x = 0.0025, y = 0, z = 0
 
(Nodeid,phim): (0,-0.258873), (1,-0.246451), (2,-0.228872), (3,-0.221369), (4,-0.218318), (5,-0.218682), (6,-0.22178), (7,-0.223661), (8,-0.227461), (9,-0.232139), (10,-0.238534), (11,-0.252798),  

Writing: "NeuralEP2DL2mono_w0025_reri1_188.chk"
 (0s, XML)
Steps: 18900000 Time: 1.89        
 CPU Time: 25.1477 min.

um_max = 0.256102 at x = 0.0025, y = 0, z = 0
 
(Nodeid,phim): (0,-0.255792), (1,-0.243453), (2,-0.225962), (3,-0.218458), (4,-0.215386), (5,-0.215733), (6,-0.218784), (7,-0.220645), (8,-0.22441), (9,-0.229049), (10,-0.235391), (11,-0.249512),  

Writing: "NeuralEP2DL2mono_w0025_reri1_189.chk"
 (0s, XML)
Steps: 19000000 Time: 1.9         
 CPU Time: 25.197 min.

um_max = 0.253034 at x = 0.0025, y = 0, z = 0
 
(Nodeid,phim): (0,-0.252726), (1,-0.240473), (2,-0.223073), (3,-0.215574), (4,-0.212483), (5,-0.212812), (6,-0.215819), (7,-0.217659), (8,-0.221388), (9,-0.225988), (10,-0.232275), (11,-0.246253),  

Writing: "NeuralEP2DL2mono_w0025_reri1_190.chk"
 (0s, XML)
Steps: 19100000 Time: 1.91        
 CPU Time: 25.1097 min.

um_max = 0.249982 at x = 0.0025, y = 0, z = 0
 
(Nodeid,phim): (0,-0.249676), (1,-0.237512), (2,-0.220208), (3,-0.212716), (4,-0.209608), (5,-0.209922), (6,-0.212883), (7,-0.214703), (8,-0.218396), (9,-0.222955), (10,-0.229188), (11,-0.243022),  

Writing: "NeuralEP2DL2mono_w0025_reri1_191.chk"
 (0s, XML)
Steps: 19200000 Time: 1.92        
 CPU Time: 25.0317 min.

um_max = 0.246948 at x = 0.0025, y = 0, z = 0
 
(Nodeid,phim): (0,-0.246644), (1,-0.23457), (2,-0.217367), (3,-0.209885), (4,-0.206763), (5,-0.207061), (6,-0.209977), (7,-0.211777), (8,-0.215434), (9,-0.219952), (10,-0.226129), (11,-0.239819),  

Writing: "NeuralEP2DL2mono_w0025_reri1_192.chk"
 (0s, XML)
Steps: 19300000 Time: 1.93        
 CPU Time: 25.0333 min.

um_max = 0.243932 at x = 0.0025, y = 0, z = 0
 
(Nodeid,phim): (0,-0.24363), (1,-0.231648), (2,-0.214549), (3,-0.207081), (4,-0.203947), (5,-0.204229), (6,-0.207102), (7,-0.208882), (8,-0.212502), (9,-0.216978), (10,-0.223099), (11,-0.236645),  

Writing: "NeuralEP2DL2mono_w0025_reri1_193.chk"
 (0s, XML)
Steps: 19400000 Time: 1.94        
 CPU Time: 25.0224 min.

um_max = 0.240934 at x = 0.0025, y = 0, z = 0
 
(Nodeid,phim): (0,-0.240635), (1,-0.228747), (2,-0.211756), (3,-0.204305), (4,-0.201161), (5,-0.201428), (6,-0.204257), (7,-0.206017), (8,-0.2096), (9,-0.214034), (10,-0.220099), (11,-0.2335),  

Writing: "NeuralEP2DL2mono_w0025_reri1_194.chk"
 (0s, XML)
Steps: 19500000 Time: 1.95        
 CPU Time: 24.9987 min.

um_max = 0.237957 at x = 0.0025, y = 0, z = 0
 
(Nodeid,phim): (0,-0.23766), (1,-0.225867), (2,-0.208987), (3,-0.201556), (4,-0.198404), (5,-0.198657), (6,-0.201442), (7,-0.203182), (8,-0.206728), (9,-0.211121), (10,-0.217128), (11,-0.230385),  

Writing: "NeuralEP2DL2mono_w0025_reri1_195.chk"
 (0s, XML)
Steps: 19600000 Time: 1.96        
 CPU Time: 25.0608 min.

um_max = 0.235 at x = 0.0025, y = 0, z = 0
 
(Nodeid,phim): (0,-0.234705), (1,-0.223009), (2,-0.206244), (3,-0.198835), (4,-0.195677), (5,-0.195916), (6,-0.198659), (7,-0.200378), (8,-0.203887), (9,-0.208237), (10,-0.214186), (11,-0.227299),  

Writing: "NeuralEP2DL2mono_w0025_reri1_196.chk"
 (0s, XML)
Steps: 19700000 Time: 1.97        
 CPU Time: 25.0011 min.

um_max = 0.232064 at x = 0.0025, y = 0, z = 0
 
(Nodeid,phim): (0,-0.231771), (1,-0.220173), (2,-0.203526), (3,-0.196142), (4,-0.192979), (5,-0.193206), (6,-0.195906), (7,-0.197605), (8,-0.201076), (9,-0.205383), (10,-0.211275), (11,-0.224243),  

Writing: "NeuralEP2DL2mono_w0025_reri1_197.chk"
 (0s, XML)
Steps: 19800000 Time: 1.98        
 CPU Time: 24.9772 min.

um_max = 0.229149 at x = 0.0025, y = 0, z = 0
 
(Nodeid,phim): (0,-0.228859), (1,-0.217361), (2,-0.200833), (3,-0.193477), (4,-0.190312), (5,-0.190526), (6,-0.193184), (7,-0.194863), (8,-0.198297), (9,-0.20256), (10,-0.208394), (11,-0.221217),  

Writing: "NeuralEP2DL2mono_w0025_reri1_198.chk"
 (0s, XML)
Steps: 19900000 Time: 1.99        
 CPU Time: 24.8262 min.

um_max = 0.226257 at x = 0.0025, y = 0, z = 0
 
(Nodeid,phim): (0,-0.225969), (1,-0.214571), (2,-0.198167), (3,-0.190841), (4,-0.187674), (5,-0.187876), (6,-0.190493), (7,-0.192151), (8,-0.195548), (9,-0.199768), (10,-0.205543), (11,-0.218222),  

Writing: "NeuralEP2DL2mono_w0025_reri1_199.chk"
 (0s, XML)
Steps: 20000000 Time: 2           
 CPU Time: 24.6125 min.

um_max = 0.223387 at x = 0.0025, y = 0, z = 0
 
(Nodeid,phim): (0,-0.223101), (1,-0.211805), (2,-0.195526), (3,-0.188233), (4,-0.185067), (5,-0.185256), (6,-0.187832), (7,-0.189471), (8,-0.19283), (9,-0.197006), (10,-0.202722), (11,-0.215258),  

Writing: "NeuralEP2DL2mono_w0025_reri1_200.chk"
 (0s, XML)
Time-integration  : 302462s
Writing: "NeuralEP2DL2mono_w0025_reri1.fld"
 (0s, XML)
-------------------------------------------
Total Computation Time = 302465s
-------------------------------------------
L 2 error (variable um) : 0.0136417
L inf error (variable um) : 0.223387
