Cm = 1.87e-11, Cn = 3.14e-09, Rf = 1.26e+08, Cm * Rf = 0.39564
v_InitObject: Node = 3200, Myelin = 960, extracell = 0
Max Anistrength_1  = 12.9582, Anistrength_2 = 12.9582, Min Anistrength 1 = 1, Anistrength 2 = 1
*** 1st Moving frames are NOT in unit length, Avg mag. = 11.3752 *** 
*** 2nd Moving frames are NOT in unit length, Avg mag. = 11.3752 *** 
*** Moving frames are Orthogonal
*** MF 0 = ( 0 , 11.3752 , 0 ) 
*** MF 1 = ( 11.3752 , 0 , 0 ) 
*** MF 2 = ( 0 , 0 , 1 ) 
============ End of MMFInitObect ============

Constructing phieunitMF ================================================
SetUp 2D MF: ***********************************************************
LOCAL construction for 208 elements, adapated from MF1 = 90, MF2 = 100, MF3 = 18
*** 1st Moving frames are in unit length ***
*** 2nd Moving frames are in unit length ***
*** Moving frames are Orthogonal
*** MF 0 = ( 0.477374 , 0.8787 , 0 ) 
*** MF 1 = ( 0.8787 , 0.477374 , 0 ) 
*** MF 2 = ( 0 , 0 , 1 ) 
*** 1st Moving frames are in unit length ***
*** 2nd Moving frames are in unit length ***
*** Moving frames are Orthogonal
*** MF 0 = ( 0.477374 , 0.8787 , 0 ) 
*** MF 1 = ( 0.8787 , 0.477374 , 0 ) 
*** MF 2 = ( 0 , 0 , 1 ) 

Constructing phieMF ================================================
SetUp 2D MF: ***********************************************************
LOCAL construction for 208 elements, adapated from MF1 = 90, MF2 = 100, MF3 = 18
*** 1st Moving frames are NOT in unit length, Avg mag. = 1.41421 *** 
*** 2nd Moving frames are NOT in unit length, Avg mag. = 1.41421 *** 
*** Moving frames are Orthogonal
*** MF 0 = ( 0.675108 , 1.24267 , 0 ) 
*** MF 1 = ( 1.24267 , 0.675108 , 0 ) 
*** MF 2 = ( 0 , 0 , 1 ) 
*** 1st Moving frames are NOT in unit length, Avg mag. = 1.41421 *** 
*** 2nd Moving frames are NOT in unit length, Avg mag. = 1.41421 *** 
*** Moving frames are Orthogonal
*** MF 0 = ( 0.675108 , 1.24267 , 0 ) 
*** MF 1 = ( 1.24267 , 0.675108 , 0 ) 
*** MF 2 = ( 0 , 0 , 1 ) 
Compute Varcoeff for phim ====================== 
k = 0, m_varcoeff = ( 0 , 11.3752 , 0 , 1.30085e-12 , 147.271 ) 
k = 1, m_varcoeff = ( 11.3752 , 0 , 0 , 2.59904e-12 , 147.271 ) 
k = 2, m_varcoeff = ( 0 , 0 , 1 , 0 , 1 ) 
 ::::: 2D Varcoeff is Successfully Created ::::: 

Compute Varcoeff for phie ====================== 
k = 0, m_varcoeff = ( 0.675108 , 1.24267 , 0 , 7.92366e-11 , 2 ) 
k = 1, m_varcoeff = ( 1.24267 , 0.675108 , 0 , 1.05004e-10 , 2 ) 
k = 2, m_varcoeff = ( 0 , 0 , 1 , 0 , 1 ) 
 ::::: 2D Varcoeff is Successfully Created ::::: 

=======================================================================
	        EquationType: MMFNeuralEP
	        Session Name: NeuralEP2DL2p3_reri1
	        Spatial Dim.: 3
	  Max SEM Exp. Order: 4
	      Expansion Dim.: 2
	     Projection Type: Continuous Galerkin
	 Advect. advancement: explicit
	Diffuse. advancement: implicit
	           Time Step: 1e-07
	        No. of Steps: 20000000
	 Checkpoints (steps): 100000
	    Integration Type: IMEX
	             Surface: Plane
	           DerivType: Euclidean
	          MediumType: Anisotropy
	              MMFdir: TangentY
	        NeuralEPType: NeuralEP2D
	    SolverSchemeType: Default
	             TimeMap: DeActivated
	        TimeMapStart: 0
	          TimeMapEnd: 10000
	         ElemNodeEnd: 47
	       ElemMyelenEnd: 207
	         Temperature: 24
	            diameter: 0.025
	             Helmtau: 1
=======================================================================
Initial Conditions:
  - Field um: 0
  - Field ue: 0
Elemid = 0, Nodeid = 0, x = 0.0125, y = 0.0046875, dist = 0.0179393, e1mag = 1, e2mag = 1, inarray = 0
Elemid = 1, Nodeid = 0, x = 0.0046875, y = 0.0125, dist = 0.0179393, e1mag = 1, e2mag = 1, inarray = 0
Elemid = 2, Nodeid = 0, x = 0.0203125, y = 0.0125, dist = 0.0179393, e1mag = 1, e2mag = 1, inarray = 0
Elemid = 3, Nodeid = 0, x = 0.0125, y = 0.0203125, dist = 0.0179393, e1mag = 1, e2mag = 1, inarray = 0
Elemid = 4, Nodeid = 1, x = 0.0203125, y = 0.0375, dist = 0.0179393, e1mag = 1, e2mag = 1, inarray = 0
Elemid = 5, Nodeid = 1, x = 0.0125, y = 0.0453125, dist = 0.0179393, e1mag = 1, e2mag = 1, inarray = 0
Elemid = 6, Nodeid = 1, x = 0.0125, y = 0.0296875, dist = 0.0179393, e1mag = 1, e2mag = 1, inarray = 0
Elemid = 7, Nodeid = 1, x = 0.0046875, y = 0.0375, dist = 0.0179393, e1mag = 1, e2mag = 1, inarray = 0
Elemid = 8, Nodeid = 2, x = 0.0046875, y = 0.2625, dist = 0.0179393, e1mag = 1, e2mag = 1, inarray = 0
Elemid = 9, Nodeid = 2, x = 0.0203125, y = 0.2625, dist = 0.0179393, e1mag = 1, e2mag = 1, inarray = 0
Elemid = 10, Nodeid = 2, x = 0.0125, y = 0.254687, dist = 0.0179393, e1mag = 1, e2mag = 1, inarray = 0
Elemid = 11, Nodeid = 2, x = 0.0125, y = 0.270312, dist = 0.0179393, e1mag = 1, e2mag = 1, inarray = 0
Elemid = 12, Nodeid = 3, x = 0.0203125, y = 0.4875, dist = 0.0179393, e1mag = 1, e2mag = 1, inarray = 0
Elemid = 13, Nodeid = 3, x = 0.0125, y = 0.495313, dist = 0.0179393, e1mag = 1, e2mag = 1, inarray = 0
Elemid = 14, Nodeid = 3, x = 0.0125, y = 0.479687, dist = 0.0179393, e1mag = 1, e2mag = 1, inarray = 0
Elemid = 15, Nodeid = 3, x = 0.0046875, y = 0.4875, dist = 0.0179393, e1mag = 1, e2mag = 1, inarray = 0
Elemid = 16, Nodeid = 4, x = 0.0046875, y = 0.7125, dist = 0.0179393, e1mag = 1, e2mag = 1, inarray = 0
Elemid = 17, Nodeid = 4, x = 0.0125, y = 0.720312, dist = 0.0179393, e1mag = 1, e2mag = 1, inarray = 0
Elemid = 18, Nodeid = 4, x = 0.0125, y = 0.704688, dist = 0.0179393, e1mag = 1, e2mag = 1, inarray = 0
Elemid = 19, Nodeid = 4, x = 0.0203125, y = 0.7125, dist = 0.0179393, e1mag = 1, e2mag = 1, inarray = 0
Elemid = 20, Nodeid = 5, x = 0.0046875, y = 0.9375, dist = 0.0179393, e1mag = 1, e2mag = 1, inarray = 0
Elemid = 21, Nodeid = 5, x = 0.0125, y = 0.929687, dist = 0.0179393, e1mag = 1, e2mag = 1, inarray = 0
Elemid = 22, Nodeid = 5, x = 0.0125, y = 0.945312, dist = 0.0179393, e1mag = 1, e2mag = 1, inarray = 0
Elemid = 23, Nodeid = 5, x = 0.0203125, y = 0.9375, dist = 0.0179393, e1mag = 1, e2mag = 1, inarray = 0
Elemid = 24, Nodeid = 6, x = 0.0125, y = 1.15469, dist = 0.0179393, e1mag = 1, e2mag = 1, inarray = 0
Elemid = 25, Nodeid = 6, x = 0.0125, y = 1.17031, dist = 0.0179393, e1mag = 1, e2mag = 1, inarray = 0
Elemid = 26, Nodeid = 6, x = 0.0046875, y = 1.1625, dist = 0.0179393, e1mag = 1, e2mag = 1, inarray = 0
Elemid = 27, Nodeid = 6, x = 0.0203125, y = 1.1625, dist = 0.0179393, e1mag = 1, e2mag = 1, inarray = 0
Elemid = 28, Nodeid = 7, x = 0.0125, y = 1.37969, dist = 0.0179393, e1mag = 1, e2mag = 1, inarray = 0
Elemid = 29, Nodeid = 7, x = 0.0125, y = 1.39531, dist = 0.0179393, e1mag = 1, e2mag = 1, inarray = 0
Elemid = 30, Nodeid = 7, x = 0.0046875, y = 1.3875, dist = 0.0179393, e1mag = 1, e2mag = 1, inarray = 0
Elemid = 31, Nodeid = 7, x = 0.0203125, y = 1.3875, dist = 0.0179393, e1mag = 1, e2mag = 1, inarray = 0
Elemid = 32, Nodeid = 8, x = 0.0125, y = 1.62031, dist = 0.0179393, e1mag = 1, e2mag = 1, inarray = 0
Elemid = 33, Nodeid = 8, x = 0.0125, y = 1.60469, dist = 0.0179393, e1mag = 1, e2mag = 1, inarray = 0
Elemid = 34, Nodeid = 8, x = 0.0046875, y = 1.6125, dist = 0.0179393, e1mag = 1, e2mag = 1, inarray = 0
Elemid = 35, Nodeid = 8, x = 0.0203125, y = 1.6125, dist = 0.0179393, e1mag = 1, e2mag = 1, inarray = 0
Elemid = 36, Nodeid = 9, x = 0.0125, y = 1.82969, dist = 0.0179393, e1mag = 1, e2mag = 1, inarray = 0
Elemid = 37, Nodeid = 9, x = 0.0125, y = 1.84531, dist = 0.0179393, e1mag = 1, e2mag = 1, inarray = 0
Elemid = 38, Nodeid = 9, x = 0.0046875, y = 1.8375, dist = 0.0179393, e1mag = 1, e2mag = 1, inarray = 0
Elemid = 39, Nodeid = 9, x = 0.0203125, y = 1.8375, dist = 0.0179393, e1mag = 1, e2mag = 1, inarray = 0
Elemid = 40, Nodeid = 10, x = 0.0125, y = 2.05469, dist = 0.0179393, e1mag = 1, e2mag = 1, inarray = 0
Elemid = 41, Nodeid = 10, x = 0.0125, y = 2.07031, dist = 0.0179393, e1mag = 1, e2mag = 1, inarray = 0
Elemid = 42, Nodeid = 10, x = 0.0046875, y = 2.0625, dist = 0.0179393, e1mag = 1, e2mag = 1, inarray = 0
Elemid = 43, Nodeid = 10, x = 0.0203125, y = 2.0625, dist = 0.0179393, e1mag = 1, e2mag = 1, inarray = 0
Elemid = 44, Nodeid = 11, x = 0.0046875, y = 2.2875, dist = 0.0179393, e1mag = 1, e2mag = 1, inarray = 0
Elemid = 45, Nodeid = 11, x = 0.0125, y = 2.29531, dist = 0.0179393, e1mag = 1, e2mag = 1, inarray = 0
Elemid = 46, Nodeid = 11, x = 0.0125, y = 2.27969, dist = 0.0179393, e1mag = 1, e2mag = 1, inarray = 0
Elemid = 47, Nodeid = 11, x = 0.0203125, y = 2.2875, dist = 0.0179393, e1mag = 1, e2mag = 1, inarray = 0
Elemid = 48, Nodeid = -1, x = 0.0117188, y = 0.157813, dist = 0.0232459, e1mag = 12.9582, e2mag = 12.9582, inarray = 0
Elemid = 49, Nodeid = -1, x = 0.0117188, y = 0.207812, dist = 0.0232459, e1mag = 12.9582, e2mag = 12.9582, inarray = 0
Elemid = 50, Nodeid = -1, x = 0.0132813, y = 0.242187, dist = 0.0232459, e1mag = 12.9582, e2mag = 12.9582, inarray = 0
Elemid = 51, Nodeid = -1, x = 0.0132813, y = 0.192187, dist = 0.0232459, e1mag = 12.9582, e2mag = 12.9582, inarray = 0
Elemid = 52, Nodeid = -1, x = 0.0117188, y = 0.0578125, dist = 0.0232459, e1mag = 12.9582, e2mag = 12.9582, inarray = 0
Elemid = 53, Nodeid = -1, x = 0.0132813, y = 0.0921875, dist = 0.0232459, e1mag = 12.9582, e2mag = 12.9582, inarray = 0
Elemid = 54, Nodeid = -1, x = 0.0117188, y = 0.107813, dist = 0.0232459, e1mag = 12.9582, e2mag = 12.9582, inarray = 0
Elemid = 55, Nodeid = -1, x = 0.0132813, y = 0.142187, dist = 0.0232459, e1mag = 12.9582, e2mag = 12.9582, inarray = 0
Elemid = 56, Nodeid = -1, x = 0.00390625, y = 0.0765625, dist = 0.0457341, e1mag = 12.9582, e2mag = 12.9582, inarray = 0
Elemid = 57, Nodeid = -1, x = 0.0210938, y = 0.0734375, dist = 0.0457341, e1mag = 12.9582, e2mag = 12.9582, inarray = 0
Elemid = 58, Nodeid = -1, x = 0.00390625, y = 0.226562, dist = 0.0457341, e1mag = 12.9582, e2mag = 12.9582, inarray = 0
Elemid = 59, Nodeid = -1, x = 0.0210938, y = 0.223437, dist = 0.0457341, e1mag = 12.9582, e2mag = 12.9582, inarray = 0
Elemid = 60, Nodeid = -1, x = 0.00390625, y = 0.126562, dist = 0.0457341, e1mag = 12.9582, e2mag = 12.9582, inarray = 0
Elemid = 61, Nodeid = -1, x = 0.00390625, y = 0.176562, dist = 0.0457341, e1mag = 12.9582, e2mag = 12.9582, inarray = 0
Elemid = 62, Nodeid = -1, x = 0.0210938, y = 0.123437, dist = 0.0457341, e1mag = 12.9582, e2mag = 12.9582, inarray = 0
Elemid = 63, Nodeid = -1, x = 0.0210938, y = 0.173437, dist = 0.0457341, e1mag = 12.9582, e2mag = 12.9582, inarray = 0
Elemid = 64, Nodeid = -1, x = 0.0117188, y = 0.432812, dist = 0.0232459, e1mag = 12.9582, e2mag = 12.9582, inarray = 0
Elemid = 65, Nodeid = -1, x = 0.0132813, y = 0.317187, dist = 0.0232459, e1mag = 12.9582, e2mag = 12.9582, inarray = 0
Elemid = 66, Nodeid = -1, x = 0.0132813, y = 0.417187, dist = 0.0232459, e1mag = 12.9582, e2mag = 12.9582, inarray = 0
Elemid = 67, Nodeid = -1, x = 0.0117188, y = 0.382812, dist = 0.0232459, e1mag = 12.9582, e2mag = 12.9582, inarray = 0
Elemid = 68, Nodeid = -1, x = 0.0117188, y = 0.332813, dist = 0.0232459, e1mag = 12.9582, e2mag = 12.9582, inarray = 0
Elemid = 69, Nodeid = -1, x = 0.0132813, y = 0.367187, dist = 0.0232459, e1mag = 12.9582, e2mag = 12.9582, inarray = 0
Elemid = 70, Nodeid = -1, x = 0.0117188, y = 0.282813, dist = 0.0232459, e1mag = 12.9582, e2mag = 12.9582, inarray = 0
Elemid = 71, Nodeid = -1, x = 0.0132813, y = 0.467187, dist = 0.0232459, e1mag = 12.9582, e2mag = 12.9582, inarray = 0
Elemid = 72, Nodeid = -1, x = 0.00390625, y = 0.301562, dist = 0.0457341, e1mag = 12.9582, e2mag = 12.9582, inarray = 0
Elemid = 73, Nodeid = -1, x = 0.0210938, y = 0.298438, dist = 0.0457341, e1mag = 12.9582, e2mag = 12.9582, inarray = 0
Elemid = 74, Nodeid = -1, x = 0.00390625, y = 0.451562, dist = 0.0457341, e1mag = 12.9582, e2mag = 12.9582, inarray = 0
Elemid = 75, Nodeid = -1, x = 0.0210938, y = 0.448438, dist = 0.0457341, e1mag = 12.9582, e2mag = 12.9582, inarray = 0
Elemid = 76, Nodeid = -1, x = 0.00390625, y = 0.351563, dist = 0.0457341, e1mag = 12.9582, e2mag = 12.9582, inarray = 0
Elemid = 77, Nodeid = -1, x = 0.00390625, y = 0.401562, dist = 0.0457341, e1mag = 12.9582, e2mag = 12.9582, inarray = 0
Elemid = 78, Nodeid = -1, x = 0.0210938, y = 0.348438, dist = 0.0457341, e1mag = 12.9582, e2mag = 12.9582, inarray = 0
Elemid = 79, Nodeid = -1, x = 0.0210938, y = 0.398438, dist = 0.0457341, e1mag = 12.9582, e2mag = 12.9582, inarray = 0
Elemid = 80, Nodeid = -1, x = 0.0117188, y = 0.557812, dist = 0.0232459, e1mag = 12.9582, e2mag = 12.9582, inarray = 0
Elemid = 81, Nodeid = -1, x = 0.0132813, y = 0.642187, dist = 0.0232459, e1mag = 12.9582, e2mag = 12.9582, inarray = 0
Elemid = 82, Nodeid = -1, x = 0.0132813, y = 0.692187, dist = 0.0232459, e1mag = 12.9582, e2mag = 12.9582, inarray = 0
Elemid = 83, Nodeid = -1, x = 0.0117188, y = 0.657812, dist = 0.0232459, e1mag = 12.9582, e2mag = 12.9582, inarray = 0
Elemid = 84, Nodeid = -1, x = 0.0117188, y = 0.607813, dist = 0.0232459, e1mag = 12.9582, e2mag = 12.9582, inarray = 0
Elemid = 85, Nodeid = -1, x = 0.0132813, y = 0.592188, dist = 0.0232459, e1mag = 12.9582, e2mag = 12.9582, inarray = 0
Elemid = 86, Nodeid = -1, x = 0.0132813, y = 0.542187, dist = 0.0232459, e1mag = 12.9582, e2mag = 12.9582, inarray = 0
Elemid = 87, Nodeid = -1, x = 0.0117188, y = 0.507812, dist = 0.0232459, e1mag = 12.9582, e2mag = 12.9582, inarray = 0
Elemid = 88, Nodeid = -1, x = 0.00390625, y = 0.526563, dist = 0.0457341, e1mag = 12.9582, e2mag = 12.9582, inarray = 0
Elemid = 89, Nodeid = -1, x = 0.0210938, y = 0.523438, dist = 0.0457341, e1mag = 12.9582, e2mag = 12.9582, inarray = 0
Elemid = 90, Nodeid = -1, x = 0.00390625, y = 0.676563, dist = 0.0457341, e1mag = 12.9582, e2mag = 12.9582, inarray = 0
Elemid = 91, Nodeid = -1, x = 0.0210938, y = 0.673438, dist = 0.0457341, e1mag = 12.9582, e2mag = 12.9582, inarray = 0
Elemid = 92, Nodeid = -1, x = 0.00390625, y = 0.576563, dist = 0.0457341, e1mag = 12.9582, e2mag = 12.9582, inarray = 0
Elemid = 93, Nodeid = -1, x = 0.00390625, y = 0.626562, dist = 0.0457341, e1mag = 12.9582, e2mag = 12.9582, inarray = 0
Elemid = 94, Nodeid = -1, x = 0.0210938, y = 0.573438, dist = 0.0457341, e1mag = 12.9582, e2mag = 12.9582, inarray = 0
Elemid = 95, Nodeid = -1, x = 0.0210938, y = 0.623437, dist = 0.0457341, e1mag = 12.9582, e2mag = 12.9582, inarray = 0
Elemid = 96, Nodeid = -1, x = 0.0117188, y = 0.882813, dist = 0.0232459, e1mag = 12.9582, e2mag = 12.9582, inarray = 0
Elemid = 97, Nodeid = -1, x = 0.0132813, y = 0.767188, dist = 0.0232459, e1mag = 12.9582, e2mag = 12.9582, inarray = 0
Elemid = 98, Nodeid = -1, x = 0.0117188, y = 0.732812, dist = 0.0232459, e1mag = 12.9582, e2mag = 12.9582, inarray = 0
Elemid = 99, Nodeid = -1, x = 0.0117188, y = 0.832812, dist = 0.0232459, e1mag = 12.9582, e2mag = 12.9582, inarray = 0
Elemid = 100, Nodeid = -1, x = 0.0132813, y = 0.867188, dist = 0.0232459, e1mag = 12.9582, e2mag = 12.9582, inarray = 0
Elemid = 101, Nodeid = -1, x = 0.0117188, y = 0.782813, dist = 0.0232459, e1mag = 12.9582, e2mag = 12.9582, inarray = 0
Elemid = 102, Nodeid = -1, x = 0.0132813, y = 0.817187, dist = 0.0232459, e1mag = 12.9582, e2mag = 12.9582, inarray = 0
Elemid = 103, Nodeid = -1, x = 0.0132813, y = 0.917188, dist = 0.0232459, e1mag = 12.9582, e2mag = 12.9582, inarray = 0
Elemid = 104, Nodeid = -1, x = 0.00390625, y = 0.751562, dist = 0.0457341, e1mag = 12.9582, e2mag = 12.9582, inarray = 0
Elemid = 105, Nodeid = -1, x = 0.0210938, y = 0.748437, dist = 0.0457341, e1mag = 12.9582, e2mag = 12.9582, inarray = 0
Elemid = 106, Nodeid = -1, x = 0.00390625, y = 0.901562, dist = 0.0457341, e1mag = 12.9582, e2mag = 12.9582, inarray = 0
Elemid = 107, Nodeid = -1, x = 0.0210938, y = 0.898438, dist = 0.0457341, e1mag = 12.9582, e2mag = 12.9582, inarray = 0
Elemid = 108, Nodeid = -1, x = 0.00390625, y = 0.801563, dist = 0.0457341, e1mag = 12.9582, e2mag = 12.9582, inarray = 0
Elemid = 109, Nodeid = -1, x = 0.00390625, y = 0.851563, dist = 0.0457341, e1mag = 12.9582, e2mag = 12.9582, inarray = 0
Elemid = 110, Nodeid = -1, x = 0.0210938, y = 0.798437, dist = 0.0457341, e1mag = 12.9582, e2mag = 12.9582, inarray = 0
Elemid = 111, Nodeid = -1, x = 0.0210938, y = 0.848437, dist = 0.0457341, e1mag = 12.9582, e2mag = 12.9582, inarray = 0
Elemid = 112, Nodeid = -1, x = 0.0117188, y = 1.10781, dist = 0.0232459, e1mag = 12.9582, e2mag = 12.9582, inarray = 0
Elemid = 113, Nodeid = -1, x = 0.0132813, y = 0.992188, dist = 0.0232459, e1mag = 12.9582, e2mag = 12.9582, inarray = 0
Elemid = 114, Nodeid = -1, x = 0.0117188, y = 0.957812, dist = 0.0232459, e1mag = 12.9582, e2mag = 12.9582, inarray = 0
Elemid = 115, Nodeid = -1, x = 0.0117188, y = 1.05781, dist = 0.0232459, e1mag = 12.9582, e2mag = 12.9582, inarray = 0
Elemid = 116, Nodeid = -1, x = 0.0117188, y = 1.00781, dist = 0.0232459, e1mag = 12.9582, e2mag = 12.9582, inarray = 0
Elemid = 117, Nodeid = -1, x = 0.0132813, y = 1.04219, dist = 0.0232459, e1mag = 12.9582, e2mag = 12.9582, inarray = 0
Elemid = 118, Nodeid = -1, x = 0.0132813, y = 1.09219, dist = 0.0232459, e1mag = 12.9582, e2mag = 12.9582, inarray = 0
Elemid = 119, Nodeid = -1, x = 0.0132813, y = 1.14219, dist = 0.0232459, e1mag = 12.9582, e2mag = 12.9582, inarray = 0
Elemid = 120, Nodeid = -1, x = 0.00390625, y = 0.976563, dist = 0.0457341, e1mag = 12.9582, e2mag = 12.9582, inarray = 0
Elemid = 121, Nodeid = -1, x = 0.0210938, y = 0.973438, dist = 0.0457341, e1mag = 12.9582, e2mag = 12.9582, inarray = 0
Elemid = 122, Nodeid = -1, x = 0.00390625, y = 1.12656, dist = 0.0457341, e1mag = 12.9582, e2mag = 12.9582, inarray = 0
Elemid = 123, Nodeid = -1, x = 0.0210938, y = 1.12344, dist = 0.0457341, e1mag = 12.9582, e2mag = 12.9582, inarray = 0
Elemid = 124, Nodeid = -1, x = 0.00390625, y = 1.02656, dist = 0.0457341, e1mag = 12.9582, e2mag = 12.9582, inarray = 0
Elemid = 125, Nodeid = -1, x = 0.00390625, y = 1.07656, dist = 0.0457341, e1mag = 12.9582, e2mag = 12.9582, inarray = 0
Elemid = 126, Nodeid = -1, x = 0.0210938, y = 1.02344, dist = 0.0457341, e1mag = 12.9582, e2mag = 12.9582, inarray = 0
Elemid = 127, Nodeid = -1, x = 0.0210938, y = 1.07344, dist = 0.0457341, e1mag = 12.9582, e2mag = 12.9582, inarray = 0
Elemid = 128, Nodeid = -1, x = 0.0117188, y = 1.33281, dist = 0.0232459, e1mag = 12.9582, e2mag = 12.9582, inarray = 0
Elemid = 129, Nodeid = -1, x = 0.0132813, y = 1.31719, dist = 0.0232459, e1mag = 12.9582, e2mag = 12.9582, inarray = 0
Elemid = 130, Nodeid = -1, x = 0.0117188, y = 1.18281, dist = 0.0232459, e1mag = 12.9582, e2mag = 12.9582, inarray = 0
Elemid = 131, Nodeid = -1, x = 0.0117188, y = 1.23281, dist = 0.0232459, e1mag = 12.9582, e2mag = 12.9582, inarray = 0
Elemid = 132, Nodeid = -1, x = 0.0132813, y = 1.26719, dist = 0.0232459, e1mag = 12.9582, e2mag = 12.9582, inarray = 0
Elemid = 133, Nodeid = -1, x = 0.0117188, y = 1.28281, dist = 0.0232459, e1mag = 12.9582, e2mag = 12.9582, inarray = 0
Elemid = 134, Nodeid = -1, x = 0.0132813, y = 1.21719, dist = 0.0232459, e1mag = 12.9582, e2mag = 12.9582, inarray = 0
Elemid = 135, Nodeid = -1, x = 0.0132813, y = 1.36719, dist = 0.0232459, e1mag = 12.9582, e2mag = 12.9582, inarray = 0
Elemid = 136, Nodeid = -1, x = 0.00390625, y = 1.20156, dist = 0.0457341, e1mag = 12.9582, e2mag = 12.9582, inarray = 0
Elemid = 137, Nodeid = -1, x = 0.0210938, y = 1.19844, dist = 0.0457341, e1mag = 12.9582, e2mag = 12.9582, inarray = 0
Elemid = 138, Nodeid = -1, x = 0.00390625, y = 1.35156, dist = 0.0457341, e1mag = 12.9582, e2mag = 12.9582, inarray = 0
Elemid = 139, Nodeid = -1, x = 0.0210938, y = 1.34844, dist = 0.0457341, e1mag = 12.9582, e2mag = 12.9582, inarray = 0
Elemid = 140, Nodeid = -1, x = 0.00390625, y = 1.25156, dist = 0.0457341, e1mag = 12.9582, e2mag = 12.9582, inarray = 0
Elemid = 141, Nodeid = -1, x = 0.00390625, y = 1.30156, dist = 0.0457341, e1mag = 12.9582, e2mag = 12.9582, inarray = 0
Elemid = 142, Nodeid = -1, x = 0.0210938, y = 1.24844, dist = 0.0457341, e1mag = 12.9582, e2mag = 12.9582, inarray = 0
Elemid = 143, Nodeid = -1, x = 0.0210938, y = 1.29844, dist = 0.0457341, e1mag = 12.9582, e2mag = 12.9582, inarray = 0
Elemid = 144, Nodeid = -1, x = 0.0117188, y = 1.55781, dist = 0.0232459, e1mag = 12.9582, e2mag = 12.9582, inarray = 0
Elemid = 145, Nodeid = -1, x = 0.0117188, y = 1.50781, dist = 0.0232459, e1mag = 12.9582, e2mag = 12.9582, inarray = 0
Elemid = 146, Nodeid = -1, x = 0.0117188, y = 1.45781, dist = 0.0232459, e1mag = 12.9582, e2mag = 12.9582, inarray = 0
Elemid = 147, Nodeid = -1, x = 0.0132813, y = 1.44219, dist = 0.0232459, e1mag = 12.9582, e2mag = 12.9582, inarray = 0
Elemid = 148, Nodeid = -1, x = 0.0117188, y = 1.40781, dist = 0.0232459, e1mag = 12.9582, e2mag = 12.9582, inarray = 0
Elemid = 149, Nodeid = -1, x = 0.0132813, y = 1.49219, dist = 0.0232459, e1mag = 12.9582, e2mag = 12.9582, inarray = 0
Elemid = 150, Nodeid = -1, x = 0.0132813, y = 1.54219, dist = 0.0232459, e1mag = 12.9582, e2mag = 12.9582, inarray = 0
Elemid = 151, Nodeid = -1, x = 0.0132813, y = 1.59219, dist = 0.0232459, e1mag = 12.9582, e2mag = 12.9582, inarray = 0
Elemid = 152, Nodeid = -1, x = 0.00390625, y = 1.42656, dist = 0.0457341, e1mag = 12.9582, e2mag = 12.9582, inarray = 0
Elemid = 153, Nodeid = -1, x = 0.0210938, y = 1.42344, dist = 0.0457341, e1mag = 12.9582, e2mag = 12.9582, inarray = 0
Elemid = 154, Nodeid = -1, x = 0.00390625, y = 1.57656, dist = 0.0457341, e1mag = 12.9582, e2mag = 12.9582, inarray = 0
Elemid = 155, Nodeid = -1, x = 0.0210938, y = 1.57344, dist = 0.0457341, e1mag = 12.9582, e2mag = 12.9582, inarray = 0
Elemid = 156, Nodeid = -1, x = 0.00390625, y = 1.47656, dist = 0.0457341, e1mag = 12.9582, e2mag = 12.9582, inarray = 0
Elemid = 157, Nodeid = -1, x = 0.00390625, y = 1.52656, dist = 0.0457341, e1mag = 12.9582, e2mag = 12.9582, inarray = 0
Elemid = 158, Nodeid = -1, x = 0.0210938, y = 1.47344, dist = 0.0457341, e1mag = 12.9582, e2mag = 12.9582, inarray = 0
Elemid = 159, Nodeid = -1, x = 0.0210938, y = 1.52344, dist = 0.0457341, e1mag = 12.9582, e2mag = 12.9582, inarray = 0
Elemid = 160, Nodeid = -1, x = 0.0117188, y = 1.78281, dist = 0.0232459, e1mag = 12.9582, e2mag = 12.9582, inarray = 0
Elemid = 161, Nodeid = -1, x = 0.0132813, y = 1.76719, dist = 0.0232459, e1mag = 12.9582, e2mag = 12.9582, inarray = 0
Elemid = 162, Nodeid = -1, x = 0.0117188, y = 1.63281, dist = 0.0232459, e1mag = 12.9582, e2mag = 12.9582, inarray = 0
Elemid = 163, Nodeid = -1, x = 0.0132813, y = 1.71719, dist = 0.0232459, e1mag = 12.9582, e2mag = 12.9582, inarray = 0
Elemid = 164, Nodeid = -1, x = 0.0117188, y = 1.68281, dist = 0.0232459, e1mag = 12.9582, e2mag = 12.9582, inarray = 0
Elemid = 165, Nodeid = -1, x = 0.0117188, y = 1.73281, dist = 0.0232459, e1mag = 12.9582, e2mag = 12.9582, inarray = 0
Elemid = 166, Nodeid = -1, x = 0.0132813, y = 1.66719, dist = 0.0232459, e1mag = 12.9582, e2mag = 12.9582, inarray = 0
Elemid = 167, Nodeid = -1, x = 0.0132813, y = 1.81719, dist = 0.0232459, e1mag = 12.9582, e2mag = 12.9582, inarray = 0
Elemid = 168, Nodeid = -1, x = 0.00390625, y = 1.65156, dist = 0.0457341, e1mag = 12.9582, e2mag = 12.9582, inarray = 0
Elemid = 169, Nodeid = -1, x = 0.0210938, y = 1.64844, dist = 0.0457341, e1mag = 12.9582, e2mag = 12.9582, inarray = 0
Elemid = 170, Nodeid = -1, x = 0.00390625, y = 1.80156, dist = 0.0457341, e1mag = 12.9582, e2mag = 12.9582, inarray = 0
Elemid = 171, Nodeid = -1, x = 0.0210938, y = 1.79844, dist = 0.0457341, e1mag = 12.9582, e2mag = 12.9582, inarray = 0
Elemid = 172, Nodeid = -1, x = 0.00390625, y = 1.70156, dist = 0.0457341, e1mag = 12.9582, e2mag = 12.9582, inarray = 0
Elemid = 173, Nodeid = -1, x = 0.00390625, y = 1.75156, dist = 0.0457341, e1mag = 12.9582, e2mag = 12.9582, inarray = 0
Elemid = 174, Nodeid = -1, x = 0.0210938, y = 1.69844, dist = 0.0457341, e1mag = 12.9582, e2mag = 12.9582, inarray = 0
Elemid = 175, Nodeid = -1, x = 0.0210938, y = 1.74844, dist = 0.0457341, e1mag = 12.9582, e2mag = 12.9582, inarray = 0
Elemid = 176, Nodeid = -1, x = 0.0117188, y = 2.00781, dist = 0.0232459, e1mag = 12.9582, e2mag = 12.9582, inarray = 0
Elemid = 177, Nodeid = -1, x = 0.0117188, y = 1.85781, dist = 0.0232459, e1mag = 12.9582, e2mag = 12.9582, inarray = 0
Elemid = 178, Nodeid = -1, x = 0.0117188, y = 1.95781, dist = 0.0232459, e1mag = 12.9582, e2mag = 12.9582, inarray = 0
Elemid = 179, Nodeid = -1, x = 0.0132813, y = 1.89219, dist = 0.0232459, e1mag = 12.9582, e2mag = 12.9582, inarray = 0
Elemid = 180, Nodeid = -1, x = 0.0117188, y = 1.90781, dist = 0.0232459, e1mag = 12.9582, e2mag = 12.9582, inarray = 0
Elemid = 181, Nodeid = -1, x = 0.0132813, y = 1.99219, dist = 0.0232459, e1mag = 12.9582, e2mag = 12.9582, inarray = 0
Elemid = 182, Nodeid = -1, x = 0.0132813, y = 1.94219, dist = 0.0232459, e1mag = 12.9582, e2mag = 12.9582, inarray = 0
Elemid = 183, Nodeid = -1, x = 0.0132813, y = 2.04219, dist = 0.0232459, e1mag = 12.9582, e2mag = 12.9582, inarray = 0
Elemid = 184, Nodeid = -1, x = 0.00390625, y = 1.87656, dist = 0.0457341, e1mag = 12.9582, e2mag = 12.9582, inarray = 0
Elemid = 185, Nodeid = -1, x = 0.0210938, y = 1.87344, dist = 0.0457341, e1mag = 12.9582, e2mag = 12.9582, inarray = 0
Elemid = 186, Nodeid = -1, x = 0.00390625, y = 2.02656, dist = 0.0457341, e1mag = 12.9582, e2mag = 12.9582, inarray = 0
Elemid = 187, Nodeid = -1, x = 0.0210938, y = 2.02344, dist = 0.0457341, e1mag = 12.9582, e2mag = 12.9582, inarray = 0
Elemid = 188, Nodeid = -1, x = 0.00390625, y = 1.92656, dist = 0.0457341, e1mag = 12.9582, e2mag = 12.9582, inarray = 0
Elemid = 189, Nodeid = -1, x = 0.00390625, y = 1.97656, dist = 0.0457341, e1mag = 12.9582, e2mag = 12.9582, inarray = 0
Elemid = 190, Nodeid = -1, x = 0.0210938, y = 1.92344, dist = 0.0457341, e1mag = 12.9582, e2mag = 12.9582, inarray = 0
Elemid = 191, Nodeid = -1, x = 0.0210938, y = 1.97344, dist = 0.0457341, e1mag = 12.9582, e2mag = 12.9582, inarray = 0
Elemid = 192, Nodeid = -1, x = 0.0117188, y = 2.23281, dist = 0.0232459, e1mag = 12.9582, e2mag = 12.9582, inarray = 0
Elemid = 193, Nodeid = -1, x = 0.0117188, y = 2.13281, dist = 0.0232459, e1mag = 12.9582, e2mag = 12.9582, inarray = 0
Elemid = 194, Nodeid = -1, x = 0.0132813, y = 2.11719, dist = 0.0232459, e1mag = 12.9582, e2mag = 12.9582, inarray = 0
Elemid = 195, Nodeid = -1, x = 0.0117188, y = 2.08281, dist = 0.0232459, e1mag = 12.9582, e2mag = 12.9582, inarray = 0
Elemid = 196, Nodeid = -1, x = 0.0117188, y = 2.18281, dist = 0.0232459, e1mag = 12.9582, e2mag = 12.9582, inarray = 0
Elemid = 197, Nodeid = -1, x = 0.0132813, y = 2.21719, dist = 0.0232459, e1mag = 12.9582, e2mag = 12.9582, inarray = 0
Elemid = 198, Nodeid = -1, x = 0.0132813, y = 2.16719, dist = 0.0232459, e1mag = 12.9582, e2mag = 12.9582, inarray = 0
Elemid = 199, Nodeid = -1, x = 0.0132813, y = 2.26719, dist = 0.0232459, e1mag = 12.9582, e2mag = 12.9582, inarray = 0
Elemid = 200, Nodeid = -1, x = 0.00390625, y = 2.10156, dist = 0.0457341, e1mag = 12.9582, e2mag = 12.9582, inarray = 0
Elemid = 201, Nodeid = -1, x = 0.0210938, y = 2.09844, dist = 0.0457341, e1mag = 12.9582, e2mag = 12.9582, inarray = 0
Elemid = 202, Nodeid = -1, x = 0.00390625, y = 2.25156, dist = 0.0457341, e1mag = 12.9582, e2mag = 12.9582, inarray = 0
Elemid = 203, Nodeid = -1, x = 0.0210938, y = 2.24844, dist = 0.0457341, e1mag = 12.9582, e2mag = 12.9582, inarray = 0
Elemid = 204, Nodeid = -1, x = 0.00390625, y = 2.15156, dist = 0.0457341, e1mag = 12.9582, e2mag = 12.9582, inarray = 0
Elemid = 205, Nodeid = -1, x = 0.00390625, y = 2.20156, dist = 0.0457341, e1mag = 12.9582, e2mag = 12.9582, inarray = 0
Elemid = 206, Nodeid = -1, x = 0.0210938, y = 2.14844, dist = 0.0457341, e1mag = 12.9582, e2mag = 12.9582, inarray = 0
Elemid = 207, Nodeid = -1, x = 0.0210938, y = 2.19844, dist = 0.0457341, e1mag = 12.9582, e2mag = 12.9582, inarray = 0
Initial: max um = 0
Initial: max ue = 0
Writing: "NeuralEP2DL2p3_reri1_initial.chk"
 (0s, XML)
Steps: 100000   Time: 0.01        
 CPU Time: 13.5577 min.

um_max = 132.246 at x = 0, y = 0.025, z = 0
ue_max = 53359.3 at x = 0.0125, y = 2.3, z = 0
 
(Nodeid,phim,phie): (0,124.815,48383.9), (1,109.71,48413.2), (2,0.0154073,49769.7), (3,-0.0105187,50496.4), (4,-0.0101363,51163), (5,-0.0101365,51741.5), (6,-0.0101365,52231.6), (7,-0.0101365,52633.6), (8,-0.0101365,52947.3), (9,-0.0101365,53172.8), (10,-0.0101364,53310.1), (11,-0.0100977,53358.9),  

Writing: "NeuralEP2DL2p3_reri1_1.chk"
 (0s, XML)
Steps: 200000   Time: 0.02        
 CPU Time: 13.5747 min.

um_max = 118.027 at x = 0, y = 0.0375, z = 0
ue_max = 51751.8 at x = 0.0125, y = 2.3, z = 0
 
(Nodeid,phim,phie): (0,113.396,46344.5), (1,105.15,46346.7), (2,0.0275,47952.4), (3,-0.0112657,48721.3), (4,-0.0106943,49427), (5,-0.0106945,50039.3), (6,-0.0106945,50558.2), (7,-0.0106945,50983.7), (8,-0.0106945,51315.7), (9,-0.0106945,51554.4), (10,-0.0106945,51699.7), (11,-0.0106582,51751.4),  

Writing: "NeuralEP2DL2p3_reri1_2.chk"
 (0s, XML)
Steps: 300000   Time: 0.03        
 CPU Time: 13.5726 min.

um_max = 118.134 at x = 0, y = 0.0375, z = 0
ue_max = 30740.1 at x = 0.025, y = 2.3, z = 0
 
(Nodeid,phim,phie): (0,115.809,27762.8), (1,111.267,27757.8), (2,0.0773323,29538.7), (3,-0.00539658,29780.6), (4,-0.00416885,30004), (5,-0.00416927,30197.9), (6,-0.00416927,30362.2), (7,-0.00416927,30496.9), (8,-0.00416927,30602), (9,-0.00416927,30677.6), (10,-0.00416927,30723.6), (11,-0.00417051,30739.9),  

Writing: "NeuralEP2DL2p3_reri1_3.chk"
 (0s, XML)
Steps: 400000   Time: 0.04        
 CPU Time: 13.582 min.

um_max = 118.138 at x = 0.0103416, y = 0.0353416, z = 0
ue_max = 61941.8 at x = 0.0125, y = 2.3, z = 0
 
(Nodeid,phim,phie): (0,116.434,-57564.4), (1,114.252,-57567.2), (2,0.139351,-56483.8), (3,0.0105808,-57591.6), (4,0.0126432,-58604.6), (5,0.0126425,-59483.5), (6,0.0126425,-60228.4), (7,0.0126425,-60839.2), (8,0.0126425,-61315.9), (9,0.0126425,-61658.5), (10,0.0126425,-61867.1), (11,0.0125821,-61941.2),  

Writing: "NeuralEP2DL2p3_reri1_4.chk"
 (0s, XML)
Steps: 500000   Time: 0.05        
 CPU Time: 13.5643 min.

um_max = 117.379 at x = 0.0103416, y = 0.0353416, z = 0
ue_max = 125008 at x = 0.0125, y = 2.3, z = 0
 
(Nodeid,phim,phie): (0,116.383,-114906), (1,115.408,-114906), (2,0.178846,-114382), (3,0.0210665,-116538), (4,0.0257063,-118511), (5,0.0257048,-120222), (6,0.0257048,-121672), (7,0.0257048,-122861), (8,0.0257048,-123790), (9,0.0257048,-124457), (10,0.0257047,-124863), (11,0.0256107,-125007),  

Writing: "NeuralEP2DL2p3_reri1_5.chk"
 (0s, XML)
Steps: 600000   Time: 0.06        
 CPU Time: 13.6071 min.

um_max = 116.547 at x = 0.0125, y = 0.04375, z = 0
ue_max = 117770 at x = 0.0125, y = 2.3, z = 0
 
(Nodeid,phim,phie): (0,115.976,-108052), (1,115.619,-108051), (2,0.151291,-107807), (3,0.0079233,-109832), (4,0.0240491,-111681), (5,0.0240437,-113284), (6,0.0240437,-114644), (7,0.0240437,-115758), (8,0.0240437,-116628), (9,0.0240437,-117253), (10,0.0240437,-117634), (11,0.0239791,-117769),  

Writing: "NeuralEP2DL2p3_reri1_6.chk"
 (0s, XML)
Steps: 700000   Time: 0.07        
 CPU Time: 13.5994 min.

um_max = 116.061 at x = 0.0228416, y = 0.0442702, z = 0
ue_max = 29378.6 at x = 0.0125, y = 2.3, z = 0
 
(Nodeid,phim,phie): (0,115.336,-26651.9), (1,115.352,-26651.8), (2,0.0864285,-26523.3), (3,-0.0235988,-27113.1), (4,0.00606777,-27640.6), (5,0.00605765,-28098.3), (6,0.00605766,-28486.3), (7,0.00605766,-28804.4), (8,0.00605766,-29052.6), (9,0.00605766,-29231.1), (10,0.00605766,-29339.7), (11,0.00605226,-29378.3),  

Writing: "NeuralEP2DL2p3_reri1_7.chk"
 (0s, XML)
Steps: 800000   Time: 0.08        
 CPU Time: 13.6007 min.

um_max = 116.849 at x = 0.025, y = 0.25, z = 0
ue_max = 417.294 at x = 0, y = 2.3, z = 0
 
(Nodeid,phim,phie): (0,114.528,-310.511), (1,114.708,-310.777), (2,-0.18319,-202.1), (3,0.0101974,-240.971), (4,-0.000593473,-282.046), (5,-0.00058994,-317.666), (6,-0.000589941,-347.853), (7,-0.000589941,-372.606), (8,-0.000589941,-391.926), (9,-0.000589941,-405.812), (10,-0.00058994,-414.264), (11,-0.000586419,-417.271),  

Writing: "NeuralEP2DL2p3_reri1_8.chk"
 (0s, XML)
Steps: 900000   Time: 0.09        
 CPU Time: 13.5892 min.

um_max = 116.7 at x = 0.00215841, y = 0.252158, z = 0
ue_max = 5253.98 at x = 0.0125, y = 2.3, z = 0
 
(Nodeid,phim,phie): (0,113.583,-4673.69), (1,113.815,-4673.94), (2,-0.583659,-4577.26), (3,0.0759589,-4683.97), (4,0.00062334,-4816.81), (5,0.000648926,-4931.95), (6,0.000648917,-5029.52), (7,0.000648918,-5109.53), (8,0.000648918,-5171.98), (9,0.000648918,-5216.87), (10,0.000648917,-5244.19), (11,0.000646339,-5253.9),  

Writing: "NeuralEP2DL2p3_reri1_9.chk"
 (0s, XML)
Steps: 1000000  Time: 0.1         
 CPU Time: 13.6204 min.

um_max = 119.934 at x = 0.0228416, y = 0.252158, z = 0
ue_max = 5563.06 at x = 0.0125, y = 2.3, z = 0
 
(Nodeid,phim,phie): (0,112.519,5119.04), (1,112.791,5118.42), (2,0.816319,5165.42), (3,0.0998832,5286.05), (4,-0.00206753,5350.4), (5,-0.00203277,5406.41), (6,-0.00203278,5453.87), (7,-0.00203278,5492.79), (8,-0.00203278,5523.17), (9,-0.00203278,5545), (10,-0.00203278,5558.29), (11,-0.00202091,5563.02),  

Writing: "NeuralEP2DL2p3_reri1_10.chk"
 (0s, XML)
Steps: 1100000  Time: 0.11        
 CPU Time: 13.5873 min.

um_max = 119.164 at x = 0, y = 0.254317, z = 0
ue_max = 47822 at x = 0.0125, y = 2.3, z = 0
 
(Nodeid,phim,phie): (0,111.35,43762.4), (1,111.684,43760.9), (2,7.23369,43719.4), (3,0.00716204,44555.4), (4,-0.0115063,45316.1), (5,-0.0114996,45976), (6,-0.0114996,46535.4), (7,-0.0114996,46994), (8,-0.0114996,47351.9), (9,-0.0114996,47609.2), (10,-0.0114996,47765.8), (11,-0.0114475,47821.5),  

Writing: "NeuralEP2DL2p3_reri1_11.chk"
 (0s, XML)
Steps: 1200000  Time: 0.12        
 CPU Time: 13.5721 min.

um_max = 119.11 at x = 0.00215841, y = 0.25573, z = 0
ue_max = 50955.1 at x = 0.0125, y = 2.3, z = 0
 
(Nodeid,phim,phie): (0,110.087,45676), (1,110.476,45674.3), (2,18.0245,45611.6), (3,-0.146526,46652.1), (4,-0.0147783,47654.3), (5,-0.0148231,48523.6), (6,-0.0148231,49260.4), (7,-0.0148231,49864.5), (8,-0.0148231,50336), (9,-0.0148231,50674.9), (10,-0.0148231,50881.2), (11,-0.014785,50954.5),  

Writing: "NeuralEP2DL2p3_reri1_12.chk"
 (0s, XML)
Steps: 1300000  Time: 0.13        
 CPU Time: 13.5759 min.

um_max = 117.182 at x = 0.00215841, y = 0.25573, z = 0
ue_max = 31008.1 at x = 0.0125, y = 2.3, z = 0
 
(Nodeid,phim,phie): (0,108.738,-28199.8), (1,109.171,-28199.5), (2,35.1336,-28159), (3,0.0850749,-28690.2), (4,0.00610911,-29230.1), (5,0.00613507,-29698.4), (6,0.00613506,-30095.2), (7,0.00613506,-30420.6), (8,0.00613506,-30674.6), (9,0.00613506,-30857.1), (10,0.00613505,-30968.3), (11,0.00608662,-31007.8),  

Writing: "NeuralEP2DL2p3_reri1_13.chk"
 (0s, XML)
Steps: 1400000  Time: 0.14        
 CPU Time: 13.5732 min.

um_max = 120.688 at x = 0, y = 0.2625, z = 0
ue_max = 101990 at x = 0.0125, y = 2.3, z = 0
 
(Nodeid,phim,phie): (0,107.311,-92754.4), (1,107.779,-92752.4), (2,54.5654,-92661.1), (3,0.660618,-94310.8), (4,0.0229418,-96099.9), (5,0.0231577,-97651.2), (6,0.0231576,-98965.8), (7,0.0231576,-100044), (8,0.0231576,-100885), (9,0.0231576,-101490), (10,0.0231576,-101858), (11,0.0230762,-101989),  

Writing: "NeuralEP2DL2p3_reri1_14.chk"
 (0s, XML)
Steps: 1500000  Time: 0.15        
 CPU Time: 13.6106 min.

um_max = 123.586 at x = 0, y = 0.2625, z = 0
ue_max = 63397.9 at x = 0.0125, y = 2.3, z = 0
 
(Nodeid,phim,phie): (0,105.809,-57114.5), (1,106.3,-57113.2), (2,75.1783,-57098.7), (3,1.62201,-57823.5), (4,0.0159633,-59123.9), (5,0.0165078,-60249.5), (6,0.0165076,-61203.5), (7,0.0165076,-61985.7), (8,0.0165076,-62596.2), (9,0.0165076,-63035), (10,0.0165076,-63302.1), (11,0.0164669,-63397.2),  

Writing: "NeuralEP2DL2p3_reri1_15.chk"
 (0s, XML)
Steps: 1600000  Time: 0.16        
 CPU Time: 13.5919 min.

um_max = 120.375 at x = 0, y = 0.2625, z = 0
ue_max = 15932.7 at x = 0.0125, y = 2.3, z = 0
 
(Nodeid,phim,phie): (0,104.24,-14108.2), (1,104.745,-14107.8), (2,95.0958,-14149.3), (3,3.41502,-13368.6), (4,0.00577672,-13970.6), (5,0.0069367,-14487.4), (6,0.00693631,-14925.3), (7,0.00693631,-15284.4), (8,0.00693631,-15564.7), (9,0.00693631,-15766.1), (10,0.0069363,-15888.7), (11,0.00691421,-15932.3),  

Writing: "NeuralEP2DL2p3_reri1_16.chk"
 (0s, XML)
Steps: 1700000  Time: 0.17        
 CPU Time: 13.5829 min.

um_max = 117.354 at x = 0, y = 0.2625, z = 0
ue_max = 37246.3 at x = 0.0125, y = 2.3, z = 0
 
(Nodeid,phim,phie): (0,102.611,-33340.3), (1,103.13,-33339.2), (2,106.829,-33314.3), (3,5.48601,-32279.6), (4,0.0125585,-33444.1), (5,0.0145199,-34445.5), (6,0.0145192,-35294.1), (7,0.0145192,-35990), (8,0.0145192,-36533.2), (9,0.0145192,-36923.6), (10,0.0145192,-37161.2), (11,0.0144577,-37245.7),  

Writing: "NeuralEP2DL2p3_reri1_17.chk"
 (0s, XML)
Steps: 1800000  Time: 0.18        
 CPU Time: 13.5926 min.

um_max = 116.626 at x = 0.00625, y = 0.26875, z = 0
ue_max = 71854 at x = 0.0125, y = 2.3, z = 0
 
(Nodeid,phim,phie): (0,100.926,-64431.4), (1,101.46,-64429.2), (2,112.054,-64324.4), (3,7.50142,-63467.3), (4,0.0211646,-65430.2), (5,0.02536,-67122), (6,0.0253586,-68555.8), (7,0.0253586,-69731.5), (8,0.0253586,-70649.2), (9,0.0253586,-71308.7), (10,0.0253585,-71710.2), (11,0.0252661,-71853),  

Writing: "NeuralEP2DL2p3_reri1_18.chk"
 (0s, XML)
Steps: 1900000  Time: 0.19        
 CPU Time: 13.5605 min.

um_max = 116.446 at x = 0.0125, y = 0.26875, z = 0
ue_max = 74044.6 at x = 0.0125, y = 2.3, z = 0
 
(Nodeid,phim,phie): (0,99.1907,-66643.5), (1,99.7386,-66641.4), (2,114.224,-66540.9), (3,9.92062,-65902.8), (4,0.010157,-67806.5), (5,0.0246272,-69449.4), (6,0.0246223,-70841.7), (7,0.0246223,-71983.4), (8,0.0246223,-72874.5), (9,0.0246223,-73515), (10,0.0246223,-73904.9), (11,0.0245538,-74043.5),  

Writing: "NeuralEP2DL2p3_reri1_19.chk"
 (0s, XML)
Steps: 2000000  Time: 0.2         
 CPU Time: 13.5655 min.

um_max = 116.03 at x = 0.0125, y = 0.272842, z = 0
ue_max = 25158.3 at x = 0.0125, y = 2.3, z = 0
 
(Nodeid,phim,phie): (0,97.4082,-23099.4), (1,97.9685,-23099.1), (2,115.125,-23125.4), (3,13.3754,-22816.9), (4,-0.0234539,-23360.9), (5,0.00628959,-23834.3), (6,0.00627946,-24235.4), (7,0.00627946,-24564.4), (8,0.00627946,-24821.1), (9,0.00627946,-25005.7), (10,0.00627946,-25118), (11,0.0062754,-25158),  

Writing: "NeuralEP2DL2p3_reri1_20.chk"
 (0s, XML)
Steps: 2100000  Time: 0.21        
 CPU Time: 13.5805 min.

um_max = 116.777 at x = 0, y = 0.475, z = 0
ue_max = 3820.23 at x = 0.0125, y = 2.3, z = 0
 
(Nodeid,phim,phie): (0,95.5859,3490.28), (1,96.1572,3489.75), (2,115.002,3406.16), (3,19.3312,3598.4), (4,0.00262956,3676.28), (5,-0.00176394,3714.18), (6,-0.00176258,3746.31), (7,-0.00176258,3772.66), (8,-0.00176258,3793.23), (9,-0.00176258,3808.01), (10,-0.00176258,3817), (11,-0.00175402,3820.2),  

Writing: "NeuralEP2DL2p3_reri1_21.chk"
 (0s, XML)
Steps: 2200000  Time: 0.22        
 CPU Time: 13.5471 min.

um_max = 116.128 at x = 0.00215841, y = 0.477158, z = 0
ue_max = 2182.16 at x = 0.0125, y = 0.702158, z = 0
 
(Nodeid,phim,phie): (0,93.7284,2005.09), (1,94.3092,2004.64), (2,114.269,1924.13), (3,30.5438,2131.34), (4,0.0697688,2181.26), (5,-0.000942164,2164.81), (6,-0.000918162,2150.99), (7,-0.00091817,2139.65), (8,-0.00091817,2130.81), (9,-0.00091817,2124.45), (10,-0.00091817,2120.58), (11,-0.000916191,2119.2),  

Writing: "NeuralEP2DL2p3_reri1_22.chk"
 (0s, XML)
Steps: 2300000  Time: 0.23        
 CPU Time: 13.5504 min.

um_max = 119.888 at x = 0.0228416, y = 0.477158, z = 0
ue_max = 9185.43 at x = 0.0125, y = 2.3, z = 0
 
(Nodeid,phim,phie): (0,91.8388,8403.27), (1,92.4276,8402.6), (2,113.336,8303.44), (3,42.0863,8459.98), (4,0.0985143,8683.39), (5,-0.00327617,8815.47), (6,-0.00324149,8927.57), (7,-0.0032415,9019.49), (8,-0.0032415,9091.23), (9,-0.0032415,9142.8), (10,-0.0032415,9174.18), (11,-0.00322597,9185.35),  

Writing: "NeuralEP2DL2p3_reri1_23.chk"
 (0s, XML)
Steps: 2400000  Time: 0.24        
 CPU Time: 13.5737 min.

um_max = 119.156 at x = 0, y = 0.479317, z = 0
ue_max = 34765.8 at x = 0.0125, y = 2.3, z = 0
 
(Nodeid,phim,phie): (0,89.9209,31491.2), (1,90.5161,31489.7), (2,112.387,31327.9), (3,59.0506,31320.9), (4,0.0213991,32132.4), (5,-0.0120462,32825.9), (6,-0.0120345,33413.7), (7,-0.0120345,33895.7), (8,-0.0120345,34271.9), (9,-0.0120345,34542.3), (10,-0.0120345,34706.8), (11,-0.0119803,34765.4),  

Writing: "NeuralEP2DL2p3_reri1_24.chk"
 (0s, XML)
Steps: 2500000  Time: 0.25        
 CPU Time: 13.5867 min.

um_max = 118.953 at x = 0.00215841, y = 0.48073, z = 0
ue_max = 49813.4 at x = 0.0125, y = 2.3, z = 0
 
(Nodeid,phim,phie): (0,87.9792,45028.5), (1,88.5796,45026.4), (2,111.333,44825.5), (3,76.8296,44725.1), (4,-0.143351,45869.4), (5,-0.017438,46908.3), (6,-0.0174808,47788.6), (7,-0.0174808,48510.4), (8,-0.0174808,49073.7), (9,-0.0174808,49478.6), (10,-0.0174808,49725.1), (11,-0.0174308,49812.8),  

Writing: "NeuralEP2DL2p3_reri1_25.chk"
 (0s, XML)
Steps: 2600000  Time: 0.26        
 CPU Time: 13.5968 min.

um_max = 117.554 at x = 0.0228416, y = 0.48073, z = 0
ue_max = 5858.33 at x = 0.0125, y = 2.3, z = 0
 
(Nodeid,phim,phie): (0,86.0194,-5107.24), (1,86.6237,-5107.39), (2,110.139,-5176.86), (3,90.8934,-4985.73), (4,0.0417108,-5119.01), (5,0.00182725,-5313.78), (6,0.00183995,-5478.78), (7,0.00183994,-5614.07), (8,0.00183994,-5719.67), (9,0.00183994,-5795.57), (10,0.00183994,-5841.77), (11,0.00180567,-5858.2),  

Writing: "NeuralEP2DL2p3_reri1_26.chk"
 (0s, XML)
Steps: 2700000  Time: 0.27        
 CPU Time: 13.5566 min.

um_max = 120.087 at x = 0.025, y = 0.4875, z = 0
ue_max = 54670.3 at x = 0.0125, y = 2.3, z = 0
 
(Nodeid,phim,phie): (0,84.0422,-48644), (1,84.6494,-48642.3), (2,108.842,-48583.8), (3,101.074,-48123.5), (4,0.595218,-49371.8), (5,0.0205097,-50768), (6,0.0207042,-51950.4), (7,0.0207042,-52920), (8,0.0207042,-53676.7), (9,0.0207042,-54220.6), (10,0.0207042,-54551.6), (11,0.020628,-54669.4),  

Writing: "NeuralEP2DL2p3_reri1_27.chk"
 (0s, XML)
Steps: 2800000  Time: 0.28        
 CPU Time: 13.56 min.

um_max = 123.622 at x = 0.025, y = 0.4875, z = 0
ue_max = 39786.5 at x = 0.0125, y = 2.3, z = 0
 
(Nodeid,phim,phie): (0,82.0483,-35560.7), (1,82.6575,-35559.5), (2,107.423,-35537.2), (3,106.852,-35168.9), (4,1.49733,-35713.1), (5,0.0151649,-36788), (6,0.0156674,-37696.5), (7,0.0156672,-38441.5), (8,0.0156672,-39023), (9,0.0156672,-39441), (10,0.0156672,-39695.3), (11,0.0156287,-39785.8),  

Writing: "NeuralEP2DL2p3_reri1_28.chk"
 (0s, XML)
Steps: 2900000  Time: 0.29        
 CPU Time: 13.5671 min.

um_max = 120.745 at x = 0, y = 0.4875, z = 0
ue_max = 9939.2 at x = 0.0125, y = 0.702158, z = 0
 
(Nodeid,phim,phie): (0,80.0424,8841.52), (1,80.6527,8841.7), (2,105.9,8789.54), (3,110.519,8999.14), (4,3.22743,9915.26), (5,0.00392579,9514.82), (6,0.00502179,9180.64), (7,0.00502142,8906.6), (8,0.00502142,8692.72), (9,0.00502142,8539), (10,0.00502142,8445.43), (11,0.00500806,8412.14),  

Writing: "NeuralEP2DL2p3_reri1_29.chk"
 (0s, XML)
Steps: 3000000  Time: 0.3         
 CPU Time: 13.5787 min.

um_max = 117.558 at x = 0, y = 0.4875, z = 0
ue_max = 12718.5 at x = 0.0125, y = 0.702158, z = 0
 
(Nodeid,phim,phie): (0,78.0297,11014.9), (1,78.6402,11015.7), (2,104.315,11005.5), (3,112.565,11326.9), (4,5.28877,12672.1), (5,0.00940057,11868.3), (6,0.0112686,11195.4), (7,0.011268,10643.7), (8,0.011268,10213.1), (9,0.011268,9903.63), (10,0.011268,9715.24), (11,0.0112177,9648.23),  

Writing: "NeuralEP2DL2p3_reri1_30.chk"
 (0s, XML)
Steps: 3100000  Time: 0.31        
 CPU Time: 13.5808 min.

um_max = 116.66 at x = 0.01875, y = 0.49375, z = 0
ue_max = 8731.8 at x = 0.0125, y = 2.3, z = 0
 
(Nodeid,phim,phie): (0,76.012,-4866.7), (1,76.6219,-4864.8), (2,102.68,-4799.05), (3,113.218,-4294.11), (4,7.31664,-2999.43), (5,0.0186425,-4518.61), (6,0.0224527,-5795.2), (7,0.0224514,-6842), (8,0.0224514,-7659.02), (9,0.0224514,-8246.25), (10,0.0224514,-8603.69), (11,0.0223677,-8730.83),  

Writing: "NeuralEP2DL2p3_reri1_31.chk"
 (0s, XML)
Steps: 3200000  Time: 0.32        
 CPU Time: 13.5659 min.

um_max = 116.477 at x = 0.0125, y = 0.49375, z = 0
ue_max = 13734.6 at x = 0.0125, y = 2.3, z = 0
 
(Nodeid,phim,phie): (0,73.9903,-9468.6), (1,74.5989,-9466.59), (2,100.992,-9394.95), (3,113.042,-8871.49), (4,9.62994,-7770.28), (5,0.0105491,-9349.03), (6,0.0234524,-10677.8), (7,0.023448,-11767.5), (8,0.023448,-12618), (9,0.023448,-13229.2), (10,0.023448,-13601.3), (11,0.0233806,-13733.6),  

Writing: "NeuralEP2DL2p3_reri1_32.chk"
 (0s, XML)
Steps: 3300000  Time: 0.33        
 CPU Time: 13.5721 min.

um_max = 115.999 at x = 0.0125, y = 0.497842, z = 0
ue_max = 4611.22 at x = 0.0125, y = 0.710342, z = 0
 
(Nodeid,phim,phie): (0,71.9665,3813.8), (1,72.5729,3814.06), (2,99.2528,3761.83), (3,112.463,4003.82), (4,13.0438,4593.98), (5,-0.0238009,4168.13), (6,0.00555231,3807.28), (7,0.00554232,3511.34), (8,0.00554232,3280.36), (9,0.00554232,3114.34), (10,0.00554232,3013.29), (11,0.00554247,2977.35),  

Writing: "NeuralEP2DL2p3_reri1_33.chk"
 (0s, XML)
Steps: 3400000  Time: 0.34        
 CPU Time: 13.5529 min.

um_max = 116.643 at x = 0.025, y = 0.7, z = 0
ue_max = 15620.6 at x = 0.0125, y = 2.3, z = 0
 
(Nodeid,phim,phie): (0,69.9469,14619.1), (1,70.5503,14618.5), (2,97.4686,14501.9), (3,111.549,14597.4), (4,18.505,14959.3), (5,-0.00553806,15155.6), (6,-0.00376733,15296.5), (7,-0.00376806,15412), (8,-0.00376806,15502.2), (9,-0.00376806,15567), (10,-0.00376806,15606.4), (11,-0.00375187,15620.5),  

Writing: "NeuralEP2DL2p3_reri1_34.chk"
 (0s, XML)
Steps: 3500000  Time: 0.35        
 CPU Time: 13.5431 min.

um_max = 115.703 at x = 0, y = 0.7, z = 0
ue_max = 14973.1 at x = 0.0125, y = 2.3, z = 0
 
(Nodeid,phim,phie): (0,67.935,14015.8), (1,68.5346,14015.2), (2,95.644,13901.4), (3,110.402,14003.4), (4,29.4073,14382.8), (5,0.0623023,14587.5), (6,-0.00335395,14704.2), (7,-0.00333167,14800.1), (8,-0.00333168,14874.9), (9,-0.00333168,14928.7), (10,-0.00333168,14961.4), (11,-0.00332233,14973),  

Writing: "NeuralEP2DL2p3_reri1_35.chk"
 (0s, XML)
Steps: 3600000  Time: 0.36        
 CPU Time: 13.5672 min.

um_max = 119.783 at x = 0.00215841, y = 0.702158, z = 0
ue_max = 14926.4 at x = 0.0125, y = 2.3, z = 0
 
(Nodeid,phim,phie): (0,65.933,13620.4), (1,66.5277,13619.6), (2,93.7822,13493), (3,109.133,13565.2), (4,40.9443,13886.1), (5,0.0957113,14213.4), (6,-0.00519399,14429.3), (7,-0.00515963,14606.5), (8,-0.00515964,14744.8), (9,-0.00515964,14844.2), (10,-0.00515963,14904.7), (11,-0.00513808,14926.2),  

Writing: "NeuralEP2DL2p3_reri1_36.chk"
 (0s, XML)
Steps: 3700000  Time: 0.37        
 CPU Time: 13.5728 min.

um_max = 119.114 at x = 0.025, y = 0.704317, z = 0
ue_max = 16176.3 at x = 0.0125, y = 2.3, z = 0
 
(Nodeid,phim,phie): (0,63.9439,13398.7), (1,64.5328,13397.2), (2,91.8869,13215.5), (3,107.799,13160.5), (4,57.1518,13251.1), (5,0.034143,14037.1), (6,-0.0131617,14685.2), (7,-0.0131453,15216.7), (8,-0.0131453,15631.6), (9,-0.0131453,15929.7), (10,-0.0131453,16111.2), (11,-0.0130877,16175.8),  

Writing: "NeuralEP2DL2p3_reri1_37.chk"
 (0s, XML)
Steps: 3800000  Time: 0.38        
 CPU Time: 13.5716 min.

um_max = 118.726 at x = 0.00215841, y = 0.70573, z = 0
ue_max = 23189.7 at x = 0.0125, y = 2.3, z = 0
 
(Nodeid,phim,phie): (0,61.9722,19098.8), (1,62.5544,19096.6), (2,89.9629,18865.5), (3,106.388,18695.4), (4,75.3843,18590.2), (5,-0.137099,19762.4), (6,-0.0203559,20801), (7,-0.0203955,21652.5), (8,-0.0203955,22317.1), (9,-0.0203955,22794.7), (10,-0.0203954,23085.5), (11,-0.0203326,23188.9),  

Writing: "NeuralEP2DL2p3_reri1_38.chk"
 (0s, XML)
Steps: 3900000  Time: 0.39        
 CPU Time: 13.5455 min.

um_max = 117.909 at x = 0.0228416, y = 0.70573, z = 0
ue_max = 9210.89 at x = 0, y = 2.3, z = 0
 
(Nodeid,phim,phie): (0,60.0255,8394.56), (1,60.5998,8394.05), (2,88.0167,8283.75), (3,104.892,8389.02), (4,89.6951,8726.29), (5,0.000455035,8904.08), (6,-0.00292706,8997.03), (7,-0.00292673,9073.27), (8,-0.00292673,9132.76), (9,-0.00292673,9175.53), (10,-0.00292673,9201.56), (11,-0.00294489,9210.82),  

Writing: "NeuralEP2DL2p3_reri1_39.chk"
 (0s, XML)
Steps: 4000000  Time: 0.4         
 CPU Time: 13.5354 min.

um_max = 119.424 at x = 0, y = 0.7125, z = 0
ue_max = 4588.59 at x = 0.0125, y = 2.3, z = 0
 
(Nodeid,phim,phie): (0,58.1044,-1675.56), (1,58.6699,-1674.04), (2,86.0498,-1642.63), (3,103.326,-1214.55), (4,100.332,-374.241), (5,0.531157,-1237.65), (6,0.0174368,-2253.65), (7,0.0176106,-3085.98), (8,0.0176106,-3735.61), (9,0.0176106,-4202.52), (10,0.0176105,-4486.73), (11,0.0175416,-4587.82),  

Writing: "NeuralEP2DL2p3_reri1_40.chk"
 (0s, XML)
Steps: 4100000  Time: 0.41        
 CPU Time: 13.5266 min.

um_max = 123.591 at x = 0.025, y = 0.7125, z = 0
ue_max = 6239.06 at x = 0.0125, y = 0.722842, z = 0
 
(Nodeid,phim,phie): (0,56.2078,5079), (1,56.7636,5080.22), (2,84.063,5090.59), (3,101.687,5466.77), (4,106.43,6210.48), (5,1.38022,5864.89), (6,0.0140023,5019.06), (7,0.0144655,4327.61), (8,0.0144653,3787.94), (9,0.0144653,3400.04), (10,0.0144653,3163.94), (11,0.01443,3079.96),  

Writing: "NeuralEP2DL2p3_reri1_41.chk"
 (0s, XML)
Steps: 4200000  Time: 0.42        
 CPU Time: 13.5089 min.

um_max = 121.128 at x = 0.025, y = 0.7125, z = 0
ue_max = 20535.2 at x = 0.0125, y = 0.927158, z = 0
 
(Nodeid,phim,phie): (0,54.3404,18912.1), (1,54.8857,18912.2), (2,82.0609,18845.2), (3,99.9839,19039.4), (4,110.241,19494.7), (5,3.03881,20519.7), (6,0.00202908,20286.3), (7,0.00306099,20099.7), (8,0.00306064,19954), (9,0.00306064,19849.3), (10,0.00306064,19785.6), (11,0.00305612,19762.9),  

Writing: "NeuralEP2DL2p3_reri1_42.chk"
 (0s, XML)
Steps: 4300000  Time: 0.43        
 CPU Time: 13.5038 min.

um_max = 117.779 at x = 0.025, y = 0.7125, z = 0
ue_max = 25597.5 at x = 0.0125, y = 0.927158, z = 0
 
(Nodeid,phim,phie): (0,52.5078,23139.3), (1,53.042,23139.9), (2,80.0491,23107.1), (3,98.2328,23375.1), (4,112.439,23967.2), (5,5.0886,25566.2), (6,0.0060677,25069.1), (7,0.00784816,24669.3), (8,0.00784755,24357.3), (9,0.00784755,24133.1), (10,0.00784754,23996.6), (11,0.00780911,23948),  

Writing: "NeuralEP2DL2p3_reri1_43.chk"
 (0s, XML)
Steps: 4400000  Time: 0.44        
 CPU Time: 13.511 min.

um_max = 116.693 at x = 0.01875, y = 0.71875, z = 0
ue_max = 36840.6 at x = 0.0125, y = 0.927158, z = 0
 
(Nodeid,phim,phie): (0,50.7094,33713.5), (1,51.2323,33715.2), (2,78.0297,33762.7), (3,96.4402,34209.6), (4,113.2,35104.9), (5,7.13011,36777.4), (6,0.0158463,35657.7), (7,0.0193228,34749.8), (8,0.0193216,34041.3), (9,0.0193216,33532), (10,0.0193216,33222.1), (11,0.0192474,33111.8),  

Writing: "NeuralEP2DL2p3_reri1_44.chk"
 (0s, XML)
Steps: 4500000  Time: 0.45        
 CPU Time: 13.5033 min.

um_max = 116.503 at x = 0.0125, y = 0.71875, z = 0
ue_max = 30681.1 at x = 0.0125, y = 0.927158, z = 0
 
(Nodeid,phim,phie): (0,48.9419,27574.9), (1,49.4535,27576.9), (2,76.004,27643.8), (3,94.6083,28129.4), (4,113.078,29094), (5,9.35181,30622.2), (6,0.0105224,29362.5), (7,0.021969,28338.8), (8,0.0219651,27539.7), (9,0.0219652,26965.5), (10,0.0219651,26615.9), (11,0.0218998,26491.5),  

Writing: "NeuralEP2DL2p3_reri1_45.chk"
 (0s, XML)
Steps: 4600000  Time: 0.46        
 CPU Time: 13.5105 min.

um_max = 116.037 at x = 0.0125, y = 0.71875, z = 0
ue_max = 20475.1 at x = 0.0125, y = 0.935342, z = 0
 
(Nodeid,phim,phie): (0,47.2008,18911.9), (1,47.7015,18912.2), (2,73.9736,18863.4), (3,92.7393,19077), (4,112.532,19599.5), (5,12.7163,20459), (6,-0.0235913,20129.1), (7,0.0049624,19859.9), (8,0.00495269,19649.7), (9,0.00495269,19498.6), (10,0.00495269,19406.6), (11,0.00495638,19373.9),  

Writing: "NeuralEP2DL2p3_reri1_46.chk"
 (0s, XML)
Steps: 4700000  Time: 0.47        
 CPU Time: 13.5004 min.

um_max = 116.447 at x = 0, y = 0.925, z = 0
ue_max = 13330.8 at x = 0.0125, y = 2.3, z = 0
 
(Nodeid,phim,phie): (0,45.487,11843.8), (1,45.9778,11843.1), (2,71.9445,11722.9), (3,90.8399,11766.1), (4,111.645,12012), (5,17.7271,12502.6), (6,-0.0132104,12771.6), (7,-0.00564587,12970.9), (8,-0.00564857,13126.5), (9,-0.00564857,13238.3), (10,-0.00564856,13306.4), (11,-0.00562518,13330.6),  

Writing: "NeuralEP2DL2p3_reri1_47.chk"
 (0s, XML)
Steps: 4800000  Time: 0.48        
 CPU Time: 13.5201 min.

um_max = 115.944 at x = 0.025, y = 0.925, z = 0
ue_max = 17848.6 at x = 0.0125, y = 2.3, z = 0
 
(Nodeid,phim,phie): (0,43.7962,16319.9), (1,44.2785,16319.2), (2,69.9207,16199.9), (3,88.9143,16239), (4,110.516,16479.9), (5,28.2535,16973.8), (6,0.0544537,17283.9), (7,-0.00572489,17485.1), (8,-0.00570449,17642.2), (9,-0.0057045,17755.2), (10,-0.00570449,17823.9), (11,-0.00568776,17848.4),  

Writing: "NeuralEP2DL2p3_reri1_48.chk"
 (0s, XML)
Steps: 4900000  Time: 0.49        
 CPU Time: 13.5116 min.

um_max = 119.62 at x = 0.00215841, y = 0.927158, z = 0
ue_max = 13344.4 at x = 0.0125, y = 2.3, z = 0
 
(Nodeid,phim,phie): (0,42.1195,11709.2), (1,42.595,11708.4), (2,67.9041,11581.4), (3,86.9652,11597.1), (4,109.254,11801), (5,39.8343,12236.6), (6,0.0924281,12623.4), (7,-0.00698833,12880.3), (8,-0.00695448,13081), (9,-0.0069545,13225.2), (10,-0.00695449,13313), (11,-0.00692731,13344.2),  

Writing: "NeuralEP2DL2p3_reri1_49.chk"
 (0s, XML)
Steps: 5000000  Time: 0.5         
 CPU Time: 13.4971 min.

um_max = 119.034 at x = 0.025, y = 0.929317, z = 0
ue_max = 11011.1 at x = 0.0125, y = 2.3, z = 0
 
(Nodeid,phim,phie): (0,40.447,8783.15), (1,40.9182,8781.65), (2,65.8975,8606.23), (3,84.9955,8505.28), (4,107.926,8519.38), (5,55.2509,8673.95), (6,0.0458506,9402.89), (7,-0.014101,9976.09), (8,-0.0140803,10423.6), (9,-0.0140803,10745.2), (10,-0.0140803,10940.9), (11,-0.0140204,11010.6),  

Writing: "NeuralEP2DL2p3_reri1_50.chk"
 (0s, XML)
Steps: 5100000  Time: 0.51        
 CPU Time: 13.4898 min.

um_max = 118.425 at x = 0.0228416, y = 0.93073, z = 0
ue_max = 5538.22 at x = 0.0125, y = 2.3, z = 0
 
(Nodeid,phim,phie): (0,38.7688,2598.76), (1,39.2385,2596.41), (2,63.9049,2361.44), (3,83.0093,2119.34), (4,106.523,1903.04), (5,73.8913,1733.38), (6,-0.127471,2850.42), (7,-0.0227517,3808.66), (8,-0.0227872,4556.4), (9,-0.0227871,5093.83), (10,-0.0227871,5420.97), (11,-0.0227132,5537.33),  

Writing: "NeuralEP2DL2p3_reri1_51.chk"
 (0s, XML)
Steps: 5200000  Time: 0.52        
 CPU Time: 13.4823 min.

um_max = 118.239 at x = 0.00215841, y = 0.93073, z = 0
ue_max = 14352.5 at x = 0, y = 2.3, z = 0
 
(Nodeid,phim,phie): (0,37.0781,12790.3), (1,37.5499,12789.5), (2,61.9338,12660.4), (3,81.0126,12658.5), (4,105.034,12836.8), (5,88.4504,13204.1), (6,-0.037282,13584.2), (7,-0.00736657,13858.1), (8,-0.00737751,14071.8), (9,-0.0073775,14225.5), (10,-0.0073775,14319), (11,-0.00738023,14352.2),  

Writing: "NeuralEP2DL2p3_reri1_52.chk"
 (0s, XML)
Steps: 5300000  Time: 0.53        
 CPU Time: 13.5199 min.

um_max = 118.697 at x = 0.025, y = 0.9375, z = 0
ue_max = 31966.9 at x = 0.0125, y = 0.947842, z = 0
 
(Nodeid,phim,phie): (0,35.3572,29667.5), (1,35.8353,29668.8), (2,59.9855,29689.7), (3,79.0068,30030.8), (4,103.475,30772), (5,99.5381,31888.4), (6,0.469136,31345.1), (7,0.0144444,30645.6), (8,0.0145981,30100.3), (9,0.014598,29708.4), (10,0.014598,29469.8), (11,0.0145361,29384.9),  

Writing: "NeuralEP2DL2p3_reri1_53.chk"
 (0s, XML)
Steps: 5400000  Time: 0.54        
 CPU Time: 13.5103 min.

um_max = 123.49 at x = 0.025, y = 0.9375, z = 0
ue_max = 32527.1 at x = 0.0125, y = 0.947842, z = 0
 
(Nodeid,phim,phie): (0,33.5817,30383.2), (1,34.071,30384.4), (2,58.0587,30396.3), (3,76.9918,30717), (4,101.843,31424.5), (5,105.986,32482.7), (6,1.27107,32297.3), (7,0.0131703,31642.3), (8,0.0135967,31133), (9,0.0135966,30766.9), (10,0.0135966,30544), (11,0.013563,30464.7),  

Writing: "NeuralEP2DL2p3_reri1_54.chk"
 (0s, XML)
Steps: 5500000  Time: 0.55        
 CPU Time: 13.5451 min.

um_max = 121.518 at x = 0, y = 0.9375, z = 0
ue_max = 31708.3 at x = 0.0125, y = 1.15625, z = 0
 
(Nodeid,phim,phie): (0,31.734,29548.7), (1,32.2402,29548.8), (2,56.1576,29476.4), (3,74.9718,29605.9), (4,100.145,29999.3), (5,109.944,30635.6), (6,2.85057,31696.5), (7,0.000787703,31562.9), (8,0.00175559,31462.8), (9,0.00175526,31390.8), (10,0.00175526,31347), (11,0.00175729,31331.5),  

Writing: "NeuralEP2DL2p3_reri1_55.chk"
 (0s, XML)
Steps: 5600000  Time: 0.56        
 CPU Time: 13.4784 min.

um_max = 118.018 at x = 0, y = 0.9375, z = 0
ue_max = 39441 at x = 0.0125, y = 1.15625, z = 0
 
(Nodeid,phim,phie): (0,29.8003,36312.6), (1,30.3296,36312.9), (2,54.2888,36258.8), (3,72.953,36435.4), (4,98.398,36904.8), (5,112.298,37663), (6,4.88686,39419.2), (7,0.00326352,39138.6), (8,0.00496094,38926.7), (9,0.00496036,38774.5), (10,0.00496036,38681.8), (11,0.00493218,38648.8),  

Writing: "NeuralEP2DL2p3_reri1_56.chk"
 (0s, XML)
Steps: 5700000  Time: 0.57        
 CPU Time: 13.4812 min.

um_max = 116.725 at x = 0.01875, y = 0.94375, z = 0
ue_max = 69327.9 at x = 0.0125, y = 1.15216, z = 0
 
(Nodeid,phim,phie): (0,27.7602,65002.3), (1,28.319,65003.8), (2,52.4526,65024.7), (3,70.9379,65381.9), (4,96.6093,66146), (5,113.175,67321.3), (6,6.94178,69279.8), (7,0.0134538,68478.6), (8,0.0166421,67863), (9,0.016641,67420.6), (10,0.016641,67151.3), (11,0.0165748,67055.5),  

Writing: "NeuralEP2DL2p3_reri1_57.chk"
 (0s, XML)
Steps: 5800000  Time: 0.58        
 CPU Time: 13.503 min.

um_max = 116.525 at x = 0.0125, y = 0.94375, z = 0
ue_max = 70752.1 at x = 0.0125, y = 1.15216, z = 0
 
(Nodeid,phim,phie): (0,25.596,66171.1), (1,26.1899,66172.9), (2,50.6467,66215.9), (3,68.9277,66634.7), (4,94.7809,67498), (5,113.111,68817.4), (6,9.08814,70704), (7,0.0107014,69719.7), (8,0.0208193,68960.6), (9,0.0208158,68415), (10,0.0208158,68082.9), (11,0.0207515,67964.8),  

Writing: "NeuralEP2DL2p3_reri1_58.chk"
 (0s, XML)
Steps: 5900000  Time: 0.59        
 CPU Time: 13.4975 min.

um_max = 116.091 at x = 0.0125, y = 0.94375, z = 0
ue_max = 44963.6 at x = 0.0125, y = 1.16034, z = 0
 
(Nodeid,phim,phie): (0,23.3028,42562.3), (1,23.9351,42562.7), (2,48.8674,42489.6), (3,66.924,42656.2), (4,92.9152,43103.3), (5,112.599,43856.3), (6,12.3883,44948.1), (7,-0.0222859,44669.5), (8,0.00512184,44454.3), (9,0.00511253,44299.5), (10,0.00511253,44205.3), (11,0.00511696,44171.8),  

Writing: "NeuralEP2DL2p3_reri1_59.chk"
 (0s, XML)
Steps: 6000000  Time: 0.6         
 CPU Time: 13.4944 min.

um_max = 116.185 at x = 0.025, y = 1.15, z = 0
ue_max = 14252.4 at x = 0.0125, y = 2.3, z = 0
 
(Nodeid,phim,phie): (0,20.9095,12709), (1,21.5782,12708.2), (2,47.1163,12544.7), (3,64.9329,12519.8), (4,91.0184,12650.2), (5,111.741,12971.6), (6,17.0047,13524.7), (7,-0.0196538,13798.2), (8,-0.00681173,13994.6), (9,-0.00681622,14135.7), (10,-0.00681621,14221.6), (11,-0.00678797,14252.1),  

Writing: "NeuralEP2DL2p3_reri1_60.chk"
 (0s, XML)
Steps: 6100000  Time: 0.61        
 CPU Time: 13.5048 min.

um_max = 116.174 at x = 0.025, y = 1.15, z = 0
ue_max = 11687.1 at x = 0.0125, y = 2.3, z = 0
 
(Nodeid,phim,phie): (0,18.4695,10129.8), (1,19.1661,10129), (2,45.3909,9952.44), (3,62.9589,9914.96), (4,89.0951,10021.2), (5,110.63,10311.8), (6,27.0949,10838.3), (7,0.0468081,11180.8), (8,-0.00750117,11399.6), (9,-0.00748278,11557), (10,-0.00748278,11652.8), (11,-0.00746038,11686.9),  

Writing: "NeuralEP2DL2p3_reri1_61.chk"
 (0s, XML)
Steps: 6200000  Time: 0.62        
 CPU Time: 13.4935 min.

um_max = 119.4 at x = 0.00215841, y = 1.15216, z = 0
ue_max = 10088.1 at x = 0.0125, y = 2.3, z = 0
 
(Nodeid,phim,phie): (0,16.0533,8557.31), (1,16.762,8556.42), (2,43.6832,8368.03), (3,61.0038,8318.87), (4,87.1481,8401.57), (5,109.376,8661.32), (6,38.7468,9142.31), (7,0.0892341,9527.05), (8,-0.00819224,9769.5), (9,-0.00815908,9943.9), (10,-0.00815908,10050), (11,-0.0081282,10087.8),  

Writing: "NeuralEP2DL2p3_reri1_62.chk"
 (0s, XML)
Steps: 6300000  Time: 0.63        
 CPU Time: 13.5065 min.

um_max = 118.909 at x = 0.025, y = 1.15432, z = 0
ue_max = 3048.21 at x = 0.0125, y = 0.70625, z = 0
 
(Nodeid,phim,phie): (0,13.7387,-2573.4), (1,14.4394,-2574.86), (2,41.9846,-2811.33), (3,59.0694,-2960.35), (4,85.1802,-3046.51), (5,108.054,-3018.35), (6,53.379,-2851.85), (7,0.0565587,-2221.53), (8,-0.0145289,-1759.24), (9,-0.0145044,-1426.87), (10,-0.0145044,-1224.56), (11,-0.0144441,-1152.61),  

Writing: "NeuralEP2DL2p3_reri1_63.chk"
 (0s, XML)
Steps: 6400000  Time: 0.64        
 CPU Time: 13.5317 min.

um_max = 118.595 at x = 0.025, y = 1.15432, z = 0
ue_max = 18687.7 at x = 0.00215841, y = 1.15573, z = 0
 
(Nodeid,phim,phie): (0,11.5951,-17088.3), (1,12.2665,-17090.7), (2,40.2858,-17395.4), (3,57.1584,-17698.8), (4,83.1953,-18043.4), (5,106.66,-18370.9), (6,72.3471,-18667.3), (7,-0.114778,-17685.6), (8,-0.0243539,-16882), (9,-0.0243845,-16304.5), (10,-0.0243844,-15953), (11,-0.0243021,-15827.9),  

Writing: "NeuralEP2DL2p3_reri1_64.chk"
 (0s, XML)
Steps: 6500000  Time: 0.65        
 CPU Time: 13.4829 min.

um_max = 118.534 at x = 0.0228416, y = 1.15573, z = 0
ue_max = 3829.54 at x = 0.0125, y = 2.3, z = 0
 
(Nodeid,phim,phie): (0,9.67899,2434.65), (1,10.3029,2433.64), (2,38.582,2223.1), (3,55.2773,2128.24), (4,81.1994,2121), (5,105.178,2256.62), (6,87.1656,2544.89), (7,-0.0706175,3019.36), (8,-0.0112928,3369.69), (9,-0.0113136,3621.41), (10,-0.0113136,3774.62), (11,-0.0113021,3829.12),  

Writing: "NeuralEP2DL2p3_reri1_65.chk"
 (0s, XML)
Steps: 6600000  Time: 0.66        
 CPU Time: 13.4932 min.

um_max = 118.104 at x = 0.00215841, y = 1.1625, z = 0
ue_max = 40699.4 at x = 0.0125, y = 1.17284, z = 0
 
(Nodeid,phim,phie): (0,8.00657,37546.8), (1,8.56987,37548.1), (2,36.859,37503.9), (3,53.4255,37772.5), (4,79.1945,38358.5), (5,103.626,39309), (6,98.6924,40609), (7,0.40928,40321.2), (8,0.011582,39874.9), (9,0.0117163,39554.8), (10,0.0117162,39359.9), (11,0.0116609,39290.5),  

Writing: "NeuralEP2DL2p3_reri1_66.chk"
 (0s, XML)
Steps: 6700000  Time: 0.67        
 CPU Time: 13.5096 min.

um_max = 123.319 at x = 0, y = 1.1625, z = 0
ue_max = 40015.8 at x = 0.0125, y = 1.17284, z = 0
 
(Nodeid,phim,phie): (0,6.56339,36763), (1,7.05911,36764.5), (2,35.0955,36739.8), (3,51.5978,37025.2), (4,77.1803,37638.1), (5,102,38624.9), (6,105.518,39956.9), (7,1.1694,39905.5), (8,0.0126089,39414.9), (9,0.013001,39063.7), (10,0.0130009,38850), (11,0.012968,38774),  

Writing: "NeuralEP2DL2p3_reri1_67.chk"
 (0s, XML)
Steps: 6800000  Time: 0.68        
 CPU Time: 13.4794 min.

um_max = 121.905 at x = 0, y = 1.1625, z = 0
ue_max = 24860 at x = 0.0125, y = 1.38125, z = 0
 
(Nodeid,phim,phie): (0,5.33759,22183.5), (1,5.76403,22183.8), (2,33.2766,22089.3), (3,49.7945,22178.5), (4,75.1604,22472.2), (5,100.308,23020), (6,109.63,23801.8), (7,2.66395,24850.3), (8,9.26584e-05,24771.8), (9,0.000997007,24719.1), (10,0.000996701,24686.9), (11,0.00100327,24675.5),  

Writing: "NeuralEP2DL2p3_reri1_68.chk"
 (0s, XML)
Steps: 6900000  Time: 0.69        
 CPU Time: 13.5126 min.

um_max = 118.274 at x = 0.025, y = 1.1625, z = 0
ue_max = 32746.8 at x = 0.0125, y = 1.38125, z = 0
 
(Nodeid,phim,phie): (0,4.31925,29096.7), (1,4.67874,29097.1), (2,31.3916,29026.3), (3,48.0182,29129.8), (4,73.1413,29452.5), (5,98.5651,30040.6), (6,112.143,30892.4), (7,4.68443,32730), (8,0.000876661,32594.9), (9,0.00249479,32504.2), (10,0.00249423,32449), (11,0.00247512,32429.4),  

Writing: "NeuralEP2DL2p3_reri1_69.chk"
 (0s, XML)
Steps: 7000000  Time: 0.7         
 CPU Time: 13.5082 min.

um_max = 116.755 at x = 0.00625, y = 1.16875, z = 0
ue_max = 47666.3 at x = 0.0125, y = 1.37716, z = 0
 
(Nodeid,phim,phie): (0,3.48232,42170.3), (1,3.77996,42171.9), (2,29.424,42195.1), (3,46.2652,42471.8), (4,71.1259,43087.4), (5,96.7802,44078.8), (6,113.141,45457.8), (7,6.75126,47630.4), (8,0.0113294,47084.8), (9,0.0142693,46701.6), (10,0.0142683,46468.3), (11,0.0142093,46385.3),  

Writing: "NeuralEP2DL2p3_reri1_70.chk"
 (0s, XML)
Steps: 7100000  Time: 0.71        
 CPU Time: 13.531 min.

um_max = 116.541 at x = 0.0125, y = 1.16875, z = 0
ue_max = 52267.7 at x = 0.0125, y = 1.38125, z = 0
 
(Nodeid,phim,phie): (0,2.79388,46071.8), (1,3.03624,46073.9), (2,27.3577,46147.5), (3,44.5274,46497.3), (4,69.1152,47244.1), (5,94.9555,48416.6), (6,113.141,50035.4), (7,8.83908,52228.7), (8,0.0109323,51490.9), (9,0.0198588,50969.3), (10,0.0198558,50651.8), (11,0.0197921,50538.9),  

Writing: "NeuralEP2DL2p3_reri1_71.chk"
 (0s, XML)
Steps: 7200000  Time: 0.72        
 CPU Time: 13.5206 min.

um_max = 116.145 at x = 0.0125, y = 1.16875, z = 0
ue_max = 36614.7 at x = 0.0125, y = 1.38534, z = 0
 
(Nodeid,phim,phie): (0,2.22336,33192.4), (1,2.41751,33193.2), (2,25.1858,33181.2), (3,42.795,33293.3), (4,67.1107,33663.5), (5,93.0932,34318.2), (6,112.663,35285.4), (7,12.0565,36599.7), (8,-0.0201364,36355.7), (9,0.0058466,36183.3), (10,0.00583778,36078.3), (11,0.00584063,36040.9),  

Writing: "NeuralEP2DL2p3_reri1_72.chk"
 (0s, XML)
Steps: 7300000  Time: 0.73        
 CPU Time: 13.5083 min.

um_max = 116.081 at x = 0.0125, y = 1.17284, z = 0
ue_max = 5526.61 at x = 0.0125, y = 2.3, z = 0
 
(Nodeid,phim,phie): (0,1.75965,4098.17), (1,1.91245,4097.64), (2,22.9257,4004.45), (3,41.0634,3892.2), (4,65.1182,3908.59), (5,91.199,4076.16), (6,111.835,4428.8), (7,16.3423,5005.7), (8,-0.0248853,5241.29), (9,-0.00740502,5397.49), (10,-0.00741106,5492.55), (11,-0.00737981,5526.36),  

Writing: "NeuralEP2DL2p3_reri1_73.chk"
 (0s, XML)
Steps: 7400000  Time: 0.74        
 CPU Time: 13.533 min.

um_max = 116.384 at x = 0, y = 1.375, z = 0
ue_max = 3062.48 at x = 0.0125, y = 2.3, z = 0
 
(Nodeid,phim,phie): (0,1.39005,1778.39), (1,1.50791,1777.72), (2,20.6108,1684.02), (3,39.3256,1536.1), (4,63.1425,1508.77), (5,89.2781,1614.7), (6,110.745,1892.61), (7,25.9436,2393.84), (8,0.0393098,2716.45), (9,-0.00878053,2905.82), (10,-0.00876426,3021.14), (11,-0.00873759,3062.16),  

Writing: "NeuralEP2DL2p3_reri1_74.chk"
 (0s, XML)
Steps: 7500000  Time: 0.75        
 CPU Time: 13.5144 min.

um_max = 119.124 at x = 0.0228416, y = 1.37716, z = 0
ue_max = 2142.71 at x = 0.0125, y = 2.3, z = 0
 
(Nodeid,phim,phie): (0,1.09309,910.827), (1,1.18185,910.145), (2,18.2833,823.474), (3,37.5686,660.937), (4,61.1856,623.965), (5,87.3332,714.604), (6,109.5,975.724), (7,37.6715,1452.63), (8,0.0861433,1793.13), (9,-0.00886891,1984.41), (10,-0.00883656,2100.94), (11,-0.00880384,2142.39),  

Writing: "NeuralEP2DL2p3_reri1_75.chk"
 (0s, XML)
Steps: 7600000  Time: 0.76        
 CPU Time: 13.5084 min.

um_max = 119.113 at x = 0.00215841, y = 1.37716, z = 0
ue_max = 10595.9 at x = 0.0125, y = 1.15216, z = 0
 
(Nodeid,phim,phie): (0,0.851407,-9897.54), (1,0.916258,-9898.77), (2,15.9954,-10017.3), (3,35.7794,-10279.5), (4,59.2491,-10467.9), (5,85.3672,-10587.4), (6,108.183,-10591.5), (7,51.5638,-10454.1), (8,0.0660759,-9950.01), (9,-0.0144239,-9620.29), (10,-0.0143963,-9419.5), (11,-0.0143376,-9348.08),  

Writing: "NeuralEP2DL2p3_reri1_76.chk"
 (0s, XML)
Steps: 7700000  Time: 0.77        
 CPU Time: 13.4965 min.

um_max = 118.745 at x = 0.025, y = 1.37932, z = 0
ue_max = 27541.8 at x = 0, y = 1.3875, z = 0
 
(Nodeid,phim,phie): (0,0.653681,-24952.2), (1,0.69914,-24954.5), (2,13.8029,-25140.3), (3,33.9465,-25578.9), (4,57.3358,-26048.8), (5,83.3836,-26557), (6,106.797,-27053.9), (7,70.7464,-27525.6), (8,-0.0994407,-26743.2), (9,-0.0249621,-26150.3), (10,-0.0249871,-25789.5), (11,-0.0248999,-25661.1),  

Writing: "NeuralEP2DL2p3_reri1_77.chk"
 (0s, XML)
Steps: 7800000  Time: 0.78        
 CPU Time: 13.54 min.

um_max = 118.786 at x = 0.00215841, y = 1.38073, z = 0
ue_max = 11218.6 at x = 0.0125, y = 1.15216, z = 0
 
(Nodeid,phim,phie): (0,0.505131,-10467.7), (1,0.535021,-10468.9), (2,11.7653,-10576.5), (3,32.0659,-10851.6), (4,55.4517,-11051.9), (5,81.3886,-11190.2), (6,105.322,-11214.7), (7,85.8464,-11114.1), (8,-0.0985476,-10652.6), (9,-0.0142828,-10325.9), (10,-0.0143121,-10127.2), (11,-0.0142892,-10056.5),  

Writing: "NeuralEP2DL2p3_reri1_78.chk"
 (0s, XML)
Steps: 7900000  Time: 0.79        
 CPU Time: 13.5049 min.

um_max = 117.682 at x = 0.0228416, y = 1.3875, z = 0
ue_max = 35654.2 at x = 0.0125, y = 1.39784, z = 0
 
(Nodeid,phim,phie): (0,0.393802,31879.2), (1,0.411357,31880.3), (2,9.91644,31940.3), (3,30.1278,32039.8), (4,53.5974,32446.8), (5,79.3846,33144.4), (6,103.777,34185.3), (7,97.7948,35556.8), (8,0.35214,35444.5), (9,0.0094018,35178.4), (10,0.00951744,35016.9), (11,0.00946657,34959.4),  

Writing: "NeuralEP2DL2p3_reri1_79.chk"
 (0s, XML)
Steps: 8000000  Time: 0.8         
 CPU Time: 13.516 min.

um_max = 123.081 at x = 0, y = 1.3875, z = 0
ue_max = 43009.2 at x = 0.0125, y = 1.4, z = 0
 
(Nodeid,phim,phie): (0,0.294569,38641.9), (1,0.302484,38643.4), (2,8.26267,38732.1), (3,28.1172,38892.4), (4,51.7676,39384.3), (5,77.3712,40201), (6,102.158,41394.8), (7,105.024,42937.7), (8,1.07526,42979.5), (9,0.0129548,42618.7), (10,0.0133149,42400.4), (11,0.0132792,42322.7),  

Writing: "NeuralEP2DL2p3_reri1_80.chk"
 (0s, XML)
Steps: 8100000  Time: 0.81        
 CPU Time: 13.4823 min.

um_max = 122.278 at x = 0.025, y = 1.3875, z = 0
ue_max = 19304.6 at x = 0.0125, y = 1.60625, z = 0
 
(Nodeid,phim,phie): (0,0.204619,16268), (1,0.205075,16268.3), (2,6.81083,16277.9), (3,26.0329,16255.2), (4,49.9619,16425.2), (5,75.3516,16803.5), (6,100.472,17440.9), (7,109.299,18315.6), (8,2.48129,19295.6), (9,0.000646383,19226.2), (10,0.00148822,19186.8), (11,0.00149458,19172.8),  

Writing: "NeuralEP2DL2p3_reri1_81.chk"
 (0s, XML)
Steps: 8200000  Time: 0.82        
 CPU Time: 13.5014 min.

um_max = 118.549 at x = 0, y = 1.3875, z = 0
ue_max = 19477.4 at x = 0.0125, y = 1.60625, z = 0
 
(Nodeid,phim,phie): (0,0.135694,15689.3), (1,0.130424,15689.6), (2,5.56755,15699.3), (3,23.889,15678.4), (4,48.1831,15823.8), (5,73.3323,16174.9), (6,98.7334,16779), (7,111.973,17632.8), (8,4.48297,19463.1), (9,-0.000340019,19396.3), (10,0.00120189,19360.8), (11,0.00118766,19348.2),  

Writing: "NeuralEP2DL2p3_reri1_82.chk"
 (0s, XML)
Steps: 8300000  Time: 0.83        
 CPU Time: 13.4864 min.

um_max = 116.783 at x = 0.00625, y = 1.39375, z = 0
ue_max = 38105.1 at x = 0.0125, y = 1.60625, z = 0
 
(Nodeid,phim,phie): (0,0.0851236,31736.3), (1,0.0755125,31737.7), (2,4.52011,31829.3), (3,21.7028,32000.1), (4,46.4282,32429.1), (5,71.3164,33178.2), (6,96.9524,34290.2), (7,113.098,35775.8), (8,6.55925,38076.1), (9,0.0101729,37715.1), (10,0.0128991,37502.6), (11,0.012843,37427.1),  

Writing: "NeuralEP2DL2p3_reri1_83.chk"
 (0s, XML)
Steps: 8400000  Time: 0.84        
 CPU Time: 13.5151 min.

um_max = 116.551 at x = 0.0125, y = 1.39375, z = 0
ue_max = 58761.6 at x = 0.0125, y = 1.60625, z = 0
 
(Nodeid,phim,phie): (0,0.0405313,51070.4), (1,0.0276859,51072.4), (2,3.64211,51211.9), (3,19.4964,51497.1), (4,44.6894,52081.6), (5,69.3053,53054.4), (6,95.1315,54451.9), (7,113.168,56294), (8,8.60481,58727.6), (9,0.0118438,58197.2), (10,0.0197187,57881.9), (11,0.0196505,57769.8),  

Writing: "NeuralEP2DL2p3_reri1_84.chk"
 (0s, XML)
Steps: 8500000  Time: 0.85        
 CPU Time: 13.5313 min.

um_max = 116.198 at x = 0.0125, y = 1.39375, z = 0
ue_max = 26060.1 at x = 0.0125, y = 1.61034, z = 0
 
(Nodeid,phim,phie): (0,-0.00860432,21612.7), (1,-0.0238077,21613.6), (2,2.9054,21670.5), (3,17.3007,21770.7), (4,42.9569,22020.2), (5,67.3,22543.4), (6,93.2726,23369), (7,112.724,24524.1), (8,11.7206,26045.5), (9,-0.0167205,25823.8), (10,0.00762994,25692), (11,0.00761889,25645.1),  

Writing: "NeuralEP2DL2p3_reri1_85.chk"
 (0s, XML)
Steps: 8600000  Time: 0.86        
 CPU Time: 13.4972 min.

um_max = 116.089 at x = 0.0125, y = 1.39784, z = 0
ue_max = 3245.69 at x = 0.0125, y = 0.927158, z = 0
 
(Nodeid,phim,phie): (0,-0.053951,-2916.94), (1,-0.0708516,-2917.48), (2,2.2968,-2959.95), (3,15.1629,-3083.43), (4,41.2254,-3230.42), (5,65.3061,-3240.54), (6,91.3812,-3094.58), (7,111.928,-2759.13), (8,15.7433,-2196.48), (9,-0.0283219,-2036.76), (10,-0.00693707,-1948.56), (11,-0.00691357,-1917.2),  

Writing: "NeuralEP2DL2p3_reri1_86.chk"
 (0s, XML)
Steps: 8700000  Time: 0.87        
 CPU Time: 13.4928 min.

um_max = 116.564 at x = 0.025, y = 1.6, z = 0
ue_max = 7449.17 at x = 0.0125, y = 0.93125, z = 0
 
(Nodeid,phim,phie): (0,-0.0874845,-6919.67), (1,-0.105572,-6920.42), (2,1.8043,-6977.13), (3,13.1316,-7128.8), (4,39.4886,-7349.17), (5,63.3287,-7448.01), (6,89.4627,-7416.51), (7,110.858,-7216.37), (8,24.8135,-6796.47), (9,0.0324687,-6542.56), (10,-0.0091179,-6422.03), (11,-0.00907571,-6379.14),  

Writing: "NeuralEP2DL2p3_reri1_87.chk"
 (0s, XML)
Steps: 8800000  Time: 0.88        
 CPU Time: 13.4869 min.

um_max = 118.795 at x = 0.00215841, y = 1.60216, z = 0
ue_max = 7856.09 at x = 0.0125, y = 0.93125, z = 0
 
(Nodeid,phim,phie): (0,-0.116006,-7342.5), (1,-0.134882,-7343.21), (2,1.40517,-7396.54), (3,11.2403,-7536.27), (4,37.734,-7761.3), (5,61.37,-7854.83), (6,87.52,-7818.67), (7,109.623,-7610.32), (8,36.6008,-7183.49), (9,0.0835343,-6922.08), (10,-0.00869384,-6808.22), (11,-0.00863073,-6767.66),  

Writing: "NeuralEP2DL2p3_reri1_88.chk"
 (0s, XML)
Steps: 8900000  Time: 0.89        
 CPU Time: 13.463 min.

um_max = 119.399 at x = 0.0228416, y = 1.60216, z = 0
ue_max = 22139.4 at x = 0.0125, y = 1.38125, z = 0
 
(Nodeid,phim,phie): (0,-0.145153,-20914.6), (1,-0.164508,-20915.8), (2,1.07937,-21002.6), (3,9.51283,-21215.8), (4,35.9484,-21582.1), (5,59.4315,-21859.9), (6,85.5559,-22060.6), (7,108.312,-22137.9), (8,49.8318,-22063.3), (9,0.0744647,-21702.2), (10,-0.0136026,-21513.9), (11,-0.0135178,-21446.9),  

Writing: "NeuralEP2DL2p3_reri1_89.chk"
 (0s, XML)
Steps: 9000000  Time: 0.9         
 CPU Time: 13.4291 min.

um_max = 118.872 at x = 0.025, y = 1.60432, z = 0
ue_max = 38695.4 at x = 0.025, y = 1.6125, z = 0
 
(Nodeid,phim,phie): (0,-0.175992,-34711.4), (1,-0.195596,-34713.7), (2,0.812667,-34876.1), (3,7.96412,-35259.4), (4,34.1198,-35921.9), (5,57.5157,-36600.9), (6,83.5737,-37314), (7,106.934,-38011.9), (8,69.0879,-38680.3), (9,-0.0820968,-38133.1), (10,-0.024563,-37778.1), (11,-0.0244938,-37651.9),  

Writing: "NeuralEP2DL2p3_reri1_90.chk"
 (0s, XML)
Steps: 9100000  Time: 0.91        
 CPU Time: 13.4288 min.

um_max = 118.986 at x = 0.0228416, y = 1.60573, z = 0
ue_max = 21509.1 at x = 0, y = 1.60432, z = 0
 
(Nodeid,phim,phie): (0,-0.192776,-19481.5), (1,-0.212475,-19482.9), (2,0.607353,-19589.2), (3,6.61007,-19841), (4,32.2439,-20300), (5,55.6287,-20698.6), (6,81.5796,-21056.2), (7,105.467,-21321.2), (8,84.5011,-21481), (9,-0.120715,-21108.9), (10,-0.0164596,-20876.8), (11,-0.0164636,-20794.3),  

Writing: "NeuralEP2DL2p3_reri1_91.chk"
 (0s, XML)
Steps: 9200000  Time: 0.92        
 CPU Time: 13.4291 min.

um_max = 117.19 at x = 0.00215841, y = 1.6125, z = 0
ue_max = 24795.8 at x = 0.0125, y = 1.625, z = 0
 
(Nodeid,phim,phie): (0,-0.1975,20746.6), (1,-0.217168,20747.5), (2,0.452293,20807.5), (3,5.44582,20940), (4,30.3119,21104.2), (5,53.7718,21555.8), (6,79.5765,22280), (7,103.929,23329.8), (8,96.8483,24694.8), (9,0.297467,24706.3), (10,0.007567,24572.3), (11,0.00761762,24524.9),  

Writing: "NeuralEP2DL2p3_reri1_92.chk"
 (0s, XML)
Steps: 9300000  Time: 0.93        
 CPU Time: 13.4229 min.

um_max = 122.778 at x = 0.025, y = 1.6125, z = 0
ue_max = 40052.9 at x = 0.0125, y = 1.82716, z = 0
 
(Nodeid,phim,phie): (0,-0.212353,34471.5), (1,-0.231871,34473), (2,0.32012,34576.3), (3,4.44465,34809.9), (4,28.3085,35137.2), (5,51.9399,35799.2), (6,77.5639,36792.5), (7,102.317,38169.7), (8,104.503,39903.2), (9,0.987654,40037.6), (10,0.0136484,39807.5), (11,0.0139393,39726.2),  

Writing: "NeuralEP2DL2p3_reri1_93.chk"
 (0s, XML)
Steps: 9400000  Time: 0.94        
 CPU Time: 13.4306 min.

um_max = 122.626 at x = 0, y = 1.6125, z = 0
ue_max = 13192.3 at x = 0.0125, y = 1.83125, z = 0
 
(Nodeid,phim,phie): (0,-0.237695,9768.04), (1,-0.256986,9768.42), (2,0.203759,9793), (3,3.59091,9847.13), (4,26.2307,9880.88), (5,50.1317,10118.9), (6,75.5447,10575.6), (7,100.637,11301.8), (8,108.953,12274.1), (9,2.3041,13183.9), (10,0.0017547,13124.5), (11,0.00254106,13104.9),  

Writing: "NeuralEP2DL2p3_reri1_94.chk"
 (0s, XML)
Steps: 9500000  Time: 0.95        
 CPU Time: 13.421 min.

um_max = 118.843 at x = 0, y = 1.6125, z = 0
ue_max = 8758.34 at x = 0.0125, y = 1.83125, z = 0
 
(Nodeid,phim,phie): (0,-0.25593,5047.13), (1,-0.274957,5047.31), (2,0.113284,5057.19), (3,2.88082,5078.62), (4,24.0916,5062.08), (5,48.3503,5205.61), (6,73.5251,5546.47), (7,98.9026,6132.52), (8,111.788,6958.74), (9,4.28286,8745.72), (10,-0.00110557,8714.98), (11,0.000354643,8706.93),  

Writing: "NeuralEP2DL2p3_reri1_95.chk"
 (0s, XML)
Steps: 9600000  Time: 0.96        
 CPU Time: 13.4227 min.

um_max = 116.808 at x = 0.00625, y = 1.61875, z = 0
ue_max = 29151.5 at x = 0.0125, y = 1.83125, z = 0
 
(Nodeid,phim,phie): (0,-0.264168,22047.1), (1,-0.282897,22048.4), (2,0.0470557,22136.7), (3,2.2994,22339.2), (4,21.9086,22624.5), (5,46.5936,23154.3), (6,71.5089,23992.9), (7,97.1255,25183.6), (8,113.045,26736), (9,6.3654,29127.4), (10,0.00921257,28920.6), (11,0.0117052,28851.3),  

Writing: "NeuralEP2DL2p3_reri1_96.chk"
 (0s, XML)
Steps: 9700000  Time: 0.97        
 CPU Time: 13.4233 min.

um_max = 116.554 at x = 0.0125, y = 1.61875, z = 0
ue_max = 54249.3 at x = 0.0125, y = 1.83125, z = 0
 
(Nodeid,phim,phie): (0,-0.273858,44995.3), (1,-0.292256,44997.3), (2,-0.00842982,45139.6), (3,1.82077,45466.8), (4,19.7029,45962.1), (5,44.8536,46750.3), (6,69.4972,47925.5), (7,95.3083,49524.8), (8,113.191,51567.4), (9,8.38335,54220.4), (10,0.0126559,53894.1), (11,0.0195532,53782.6),  

Writing: "NeuralEP2DL2p3_reri1_97.chk"
 (0s, XML)
Steps: 9800000  Time: 0.98        
 CPU Time: 13.4354 min.

um_max = 116.25 at x = 0.0125, y = 1.61875, z = 0
ue_max = 26737 at x = 0.0125, y = 1.83534, z = 0
 
(Nodeid,phim,phie): (0,-0.294911,20974.1), (1,-0.312942,20975.2), (2,-0.0646938,21048.4), (3,1.42089,21217.1), (4,17.5047,21458.2), (5,43.1209,21867.1), (6,67.4913,22568.4), (7,93.4529,23591.5), (8,112.782,24963.1), (9,11.3811,26723.1), (10,-0.0129795,26555.4), (11,0.00961064,26498),  

Writing: "NeuralEP2DL2p3_reri1_98.chk"
 (0s, XML)
Steps: 9900000  Time: 0.99        
 CPU Time: 13.4341 min.

um_max = 116.091 at x = 0.0125, y = 1.62284, z = 0
ue_max = 8377.4 at x = 0.0125, y = 1.15216, z = 0
 
(Nodeid,phim,phie): (0,-0.319289,-7889.92), (1,-0.336948,-7890.4), (2,-0.116805,-7925.86), (3,1.09129,-8006.41), (4,15.3592,-8168.59), (5,41.3894,-8342.49), (6,65.4959,-8373.03), (7,91.5643,-8240.04), (8,112.019,-7910.67), (9,15.2051,-7348.5), (10,-0.0307256,-7259.4), (11,-0.00615785,-7231.85),  

Writing: "NeuralEP2DL2p3_reri1_99.chk"
 (0s, XML)
Steps: 10000000 Time: 1           
 CPU Time: 13.4347 min.

um_max = 116.71 at x = 0, y = 1.825, z = 0
ue_max = 13092.4 at x = 0.0125, y = 1.37716, z = 0
 
(Nodeid,phim,phie): (0,-0.334301,-12132.2), (1,-0.351589,-12133), (2,-0.155057,-12189.4), (3,0.829308,-12317.9), (4,13.3163,-12553.5), (5,39.6536,-12854.3), (6,63.5169,-13035.9), (7,89.6483,-13088.5), (8,110.97,-12974.2), (9,23.7134,-12642.5), (10,0.0255666,-12466.8), (11,-0.0092984,-12423),  

Writing: "NeuralEP2DL2p3_reri1_100.chk"
 (0s, XML)
Steps: 10100000 Time: 1.01        
 CPU Time: 13.4537 min.

um_max = 118.414 at x = 0.00215841, y = 1.82716, z = 0
ue_max = 8963.34 at x = 0.0125, y = 1.37716, z = 0
 
(Nodeid,phim,phie): (0,-0.345969,-8120.4), (1,-0.362881,-8121.1), (2,-0.186042,-8171.71), (3,0.619204,-8286.69), (4,11.4109,-8495.46), (5,37.9013,-8782.44), (6,61.5563,-8936.28), (7,87.7079,-8957.82), (8,109.746,-8804.94), (9,35.5251,-8430.52), (10,0.0806323,-8246.07), (11,-0.00851793,-8206.85),  

Writing: "NeuralEP2DL2p3_reri1_101.chk"
 (0s, XML)
Steps: 10200000 Time: 1.02        
 CPU Time: 13.4723 min.

um_max = 119.627 at x = 0.0228416, y = 1.82716, z = 0
ue_max = 24471 at x = 0.0125, y = 1.82716, z = 0
 
(Nodeid,phim,phie): (0,-0.360669,-22638.6), (1,-0.377199,-22639.7), (2,-0.21645,-22720.3), (3,0.446488,-22904.1), (4,9.66731,-23221.6), (5,36.1191,-23678.1), (6,59.6158,-24039.1), (7,85.7457,-24314.8), (8,108.441,-24459.4), (9,48.1961,-24442.2), (10,0.0810001,-24208.6), (11,-0.0128568,-24145.9),  

Writing: "NeuralEP2DL2p3_reri1_102.chk"
 (0s, XML)
Steps: 10300000 Time: 1.03        
 CPU Time: 13.4562 min.

um_max = 118.977 at x = 0, y = 1.82932, z = 0
ue_max = 33073.7 at x = 0, y = 1.8375, z = 0
 
(Nodeid,phim,phie): (0,-0.379595,-27581.2), (1,-0.395738,-27583.4), (2,-0.248128,-27740.4), (3,0.302318,-28099.6), (4,8.10126,-28701.3), (5,34.295,-29565), (6,57.6977,-30438.5), (7,83.765,-31339.2), (8,107.071,-32217.9), (9,67.3671,-33060), (10,-0.0640066,-32743.6), (11,-0.0237531,-32621),  

Writing: "NeuralEP2DL2p3_reri1_103.chk"
 (0s, XML)
Steps: 10400000 Time: 1.04        
 CPU Time: 13.4856 min.

um_max = 119.129 at x = 0.00215841, y = 1.83073, z = 0
ue_max = 35581 at x = 0.00215841, y = 1.83073, z = 0
 
(Nodeid,phim,phie): (0,-0.386202,-31799.4), (1,-0.401986,-31801.1), (2,-0.266822,-31920.3), (3,0.193738,-32192.9), (4,6.72864,-32649.5), (5,32.4237,-33325.5), (6,55.8077,-33959.9), (7,81.7718,-34572.1), (8,105.612,-35110.5), (9,83.1335,-35561.8), (10,-0.137503,-35322.9), (11,-0.0182611,-35229.5),  

Writing: "NeuralEP2DL2p3_reri1_104.chk"
 (0s, XML)
Steps: 10500000 Time: 1.05        
 CPU Time: 13.4559 min.

um_max = 116.726 at x = 0.01875, y = 1.83341, z = 0
ue_max = 17964.8 at x = 0.0125, y = 2.05216, z = 0
 
(Nodeid,phim,phie): (0,-0.3788,13890.3), (1,-0.394237,13891), (2,-0.27133,13937.5), (3,0.117014,14045.9), (4,5.54765,14216.6), (5,30.4977,14396.2), (6,53.9482,14844.4), (7,79.7696,15546), (8,104.08,16553.5), (9,95.8534,17859.5), (10,0.244657,17961.3), (11,0.0053037,17924.2),  

Writing: "NeuralEP2DL2p3_reri1_105.chk"
 (0s, XML)
Steps: 10600000 Time: 1.06        
 CPU Time: 13.462 min.

um_max = 122.412 at x = 0, y = 1.8375, z = 0
ue_max = 33876.9 at x = 0.0125, y = 2.05216, z = 0
 
(Nodeid,phim,phie): (0,-0.381709,26881.2), (1,-0.396778,26882.7), (2,-0.28386,26989.9), (3,0.0478806,27237.7), (4,4.53226,27639), (5,28.5015,28132.9), (6,52.114,28968.2), (7,77.7579,30140), (8,102.476,31701.1), (9,103.951,33624.6), (10,0.905408,33868.3), (11,0.0133395,33782.6),  

Writing: "NeuralEP2DL2p3_reri1_106.chk"
 (0s, XML)
Steps: 10700000 Time: 1.07        
 CPU Time: 13.4431 min.

um_max = 122.937 at x = 0, y = 1.8375, z = 0
ue_max = 14444.3 at x = 0.0125, y = 2.05625, z = 0
 
(Nodeid,phim,phie): (0,-0.398321,10402.4), (1,-0.413016,10402.9), (2,-0.307839,10435.8), (3,-0.0200665,10512.8), (4,3.66495,10635.5), (5,26.4304,10747.5), (6,50.3035,11077.3), (7,75.7391,11637.2), (8,100.802,12478.3), (9,108.594,13575.9), (10,2.13367,14437.1), (11,0.00103766,14407.1),  

Writing: "NeuralEP2DL2p3_reri1_107.chk"
 (0s, XML)
Steps: 10800000 Time: 1.08        
 CPU Time: 13.4515 min.

um_max = 119.155 at x = 0, y = 1.8375, z = 0
ue_max = 7736.06 at x = 0.0125, y = 2.05625, z = 0
 
(Nodeid,phim,phie): (0,-0.409536,4183.9), (1,-0.423878,4184), (2,-0.326235,4189.36), (3,-0.0737895,4203.02), (4,2.94164,4222.98), (5,24.2963,4197.23), (6,48.5194,4327.21), (7,73.7193,4647.85), (8,99.0717,5207.34), (9,111.588,5998.97), (10,4.08409,7724.58), (11,-0.00550691,7712.5),  

Writing: "NeuralEP2DL2p3_reri1_108.chk"
 (0s, XML)
Steps: 10900000 Time: 1.09        
 CPU Time: 13.4648 min.

um_max = 116.831 at x = 0.00625, y = 1.84375, z = 0
ue_max = 37993.6 at x = 0.0125, y = 2.05625, z = 0
 
(Nodeid,phim,phie): (0,-0.409264,30231.2), (1,-0.423269,30232.3), (2,-0.333601,30312.8), (3,-0.110287,30498.9), (4,2.3493,30802.7), (5,22.1168,31172.3), (6,46.7606,31777.5), (7,71.7027,32680.1), (8,97.2986,33923.8), (9,112.982,35517), (10,6.16949,37973.7), (11,0.00169792,37899.2),  

Writing: "NeuralEP2DL2p3_reri1_109.chk"
 (0s, XML)
Steps: 11000000 Time: 1.1         
 CPU Time: 13.4313 min.

um_max = 116.55 at x = 0.0125, y = 1.84375, z = 0
ue_max = 40567.3 at x = 0.0125, y = 2.05625, z = 0
 
(Nodeid,phim,phie): (0,-0.410024,29636.7), (1,-0.42369,29638.8), (2,-0.341364,29779.4), (3,-0.141655,30103.9), (4,1.86205,30635.3), (5,19.9121,31323.5), (6,45.0194,32304.8), (7,69.6905,33670.3), (8,95.4852,35457.9), (9,113.208,37685.8), (10,8.17236,40543.6), (11,-0.00359169,40420.6),  

Writing: "NeuralEP2DL2p3_reri1_110.chk"
 (0s, XML)
Steps: 11100000 Time: 1.11        
 CPU Time: 13.4656 min.

um_max = 116.299 at x = 0.0125, y = 1.84375, z = 0
ue_max = 32405.7 at x = 0.0125, y = 2.06034, z = 0
 
(Nodeid,phim,phie): (0,-0.422687,24937.6), (1,-0.435997,24938.8), (2,-0.359507,25025.4), (3,-0.178372,25225.3), (4,1.45573,25553), (5,17.7117,25967), (6,43.2865,26569.9), (7,67.684,27483.7), (8,93.6333,28738.3), (9,112.836,30360), (10,11.0406,32392.9), (11,-0.0654387,32317.9),  

Writing: "NeuralEP2DL2p3_reri1_111.chk"
 (0s, XML)
Steps: 11200000 Time: 1.12        
 CPU Time: 13.4477 min.

um_max = 116.088 at x = 0.0125, y = 1.84784, z = 0
ue_max = 7559.32 at x = 0.0125, y = 1.37716, z = 0
 
(Nodeid,phim,phie): (0,-0.441733,-6955.39), (1,-0.454697,-6955.79), (2,-0.38317,-6985.26), (3,-0.216926,-7051.87), (4,1.11925,-7161), (5,15.5588,-7341.96), (6,41.5549,-7523.96), (7,65.6872,-7554.76), (8,91.7476,-7413.24), (9,112.107,-7067.09), (10,14.7222,-6481.09), (11,-0.105081,-6449.27),  

Writing: "NeuralEP2DL2p3_reri1_112.chk"
 (0s, XML)
Steps: 11300000 Time: 1.13        
 CPU Time: 13.4331 min.

um_max = 116.812 at x = 0, y = 2.05, z = 0
ue_max = 17835 at x = 0.0125, y = 1.60625, z = 0
 
(Nodeid,phim,phie): (0,-0.450749,-16329.4), (1,-0.463387,-16330.2), (2,-0.397408,-16387.3), (3,-0.244244,-16517.5), (4,0.851536,-16730.6), (5,13.5045,-17049.2), (6,39.82,-17431.9), (7,63.7065,-17697.1), (8,89.8341,-17834), (9,111.081,-17805), (10,22.649,-17560.5), (11,0.0945013,-17467.5),  

Writing: "NeuralEP2DL2p3_reri1_113.chk"
 (0s, XML)
Steps: 11400000 Time: 1.14        
 CPU Time: 13.4421 min.

um_max = 117.982 at x = 0.0228416, y = 2.05216, z = 0
ue_max = 15016.5 at x = 0.0125, y = 1.60216, z = 0
 
(Nodeid,phim,phie): (0,-0.455438,-13755), (1,-0.467756,-13755.7), (2,-0.407411,-13805), (3,-0.265686,-13917.3), (4,0.637357,-14100.8), (5,11.585,-14373.9), (6,38.0699,-14721.5), (7,61.7441,-14934.8), (8,87.8959,-15013.5), (9,109.869,-14916.1), (10,34.4359,-14594.4), (11,0.309566,-14482.7),  

Writing: "NeuralEP2DL2p3_reri1_114.chk"
 (0s, XML)
Steps: 11500000 Time: 1.15        
 CPU Time: 13.478 min.

um_max = 119.794 at x = 0.0228416, y = 2.05216, z = 0
ue_max = 29538.6 at x = 0.0125, y = 2.05216, z = 0
 
(Nodeid,phim,phie): (0,-0.463532,-27015.9), (1,-0.475529,-27017), (2,-0.420281,-27092.8), (3,-0.288275,-27266.1), (4,0.461503,-27549.6), (5,9.82524,-27955.8), (6,36.2911,-28492.9), (7,59.8016,-28928.1), (8,85.9356,-29271), (9,108.569,-29476), (10,46.6608,-29510.4), (11,0.351275,-29389.5),  

Writing: "NeuralEP2DL2p3_reri1_115.chk"
 (0s, XML)
Steps: 11600000 Time: 1.16        
 CPU Time: 13.4371 min.

um_max = 119.06 at x = 0.025, y = 2.05432, z = 0
ue_max = 52838.2 at x = 0, y = 2.0625, z = 0
 
(Nodeid,phim,phie): (0,-0.476685,-45800.5), (1,-0.488361,-45802.6), (2,-0.437578,-45953.4), (3,-0.313807,-46299.1), (4,0.314707,-46865.3), (5,8.24182,-47656.6), (6,34.4713,-48700), (7,57.8811,-49744.7), (8,83.9566,-50807.6), (9,107.206,-51839.7), (10,65.5813,-52826), (11,-0.107105,-52728.1),  

Writing: "NeuralEP2DL2p3_reri1_116.chk"
 (0s, XML)
Steps: 11700000 Time: 1.17        
 CPU Time: 13.4913 min.

um_max = 119.208 at x = 0.00215841, y = 2.05573, z = 0
ue_max = 38069.8 at x = 0, y = 2.0625, z = 0
 
(Nodeid,phim,phie): (0,-0.478878,-32124.4), (1,-0.490266,-32126.3), (2,-0.444665,-32257.5), (3,-0.328891,-32558.4), (4,0.202381,-33051), (5,6.85039,-33738.1), (6,32.6047,-34660.8), (7,55.9882,-35558.7), (8,81.9643,-36451), (9,105.756,-37286.5), (10,81.7452,-38051.3), (11,-0.498052,-37983),  

Writing: "NeuralEP2DL2p3_reri1_117.chk"
 (0s, XML)
Steps: 11800000 Time: 1.18        
 CPU Time: 13.4514 min.

um_max = 116.799 at x = 0.00625, y = 2.05841, z = 0
ue_max = 14069.3 at x = 0.0125, y = 2.28125, z = 0
 
(Nodeid,phim,phie): (0,-0.464423,10253.3), (1,-0.475545,10253.8), (2,-0.436213,10285.4), (3,-0.328738,10358.6), (4,0.123624,10479.7), (5,5.65219,10638.9), (6,30.6846,10786.1), (7,54.1259,11181.6), (8,79.963,11809.4), (9,104.231,12722.2), (10,94.8106,13914.9), (11,0.709595,14068.9),  

Writing: "NeuralEP2DL2p3_reri1_118.chk"
 (0s, XML)
Steps: 11900000 Time: 1.19        
 CPU Time: 13.4552 min.

um_max = 121.986 at x = 0.025, y = 2.0625, z = 0
ue_max = 38516.5 at x = 0.0125, y = 2.28125, z = 0
 
(Nodeid,phim,phie): (0,-0.459078,29936), (1,-0.469912,29937.6), (2,-0.435877,30047.3), (3,-0.33556,30299.9), (4,0.0546038,30715.2), (5,4.62224,31281), (6,28.6956,31942.7), (7,52.2894,32950.7), (8,77.9522,34298.8), (9,102.633,36039.7), (10,103.366,38147.6), (11,3.03314,38514.9),  

Writing: "NeuralEP2DL2p3_reri1_119.chk"
 (0s, XML)
Steps: 12000000 Time: 1.2         
 CPU Time: 13.4575 min.

um_max = 123.2 at x = 0.025, y = 2.0625, z = 0
ue_max = 16572.3 at x = 0.0125, y = 2.28125, z = 0
 
(Nodeid,phim,phie): (0,-0.470009,11613.2), (1,-0.480543,11613.8), (2,-0.450377,11655.6), (3,-0.355761,11752.3), (4,-0.0138582,11911.8), (5,3.74118,12127.4), (6,26.6315,12344.4), (7,50.4766,12793.6), (8,75.9338,13485.5), (9,100.966,14471.5), (10,108.223,15725.4), (11,7.3064,16568.2),  

Writing: "NeuralEP2DL2p3_reri1_120.chk"
 (0s, XML)
Steps: 12100000 Time: 1.21        
 CPU Time: 13.4459 min.

um_max = 119.485 at x = 0.025, y = 2.0625, z = 0
ue_max = 2983.52 at x = 0.0125, y = 2.28125, z = 0
 
(Nodeid,phim,phie): (0,-0.477413,-386.597), (1,-0.487671,-386.549), (2,-0.46151,-384.315), (3,-0.372409,-378.606), (4,-0.0694971,-368.305), (5,3.0044,-356.65), (6,24.5026,-395.681), (7,48.6899,-281.115), (8,73.9138,19.5972), (9,99.2404,555.01), (10,111.374,1316.63), (11,14.4322,2975.26),  

Writing: "NeuralEP2DL2p3_reri1_121.chk"
 (0s, XML)
Steps: 12200000 Time: 1.22        
 CPU Time: 13.4642 min.

um_max = 116.878 at x = 0.025, y = 2.0625, z = 0
ue_max = 27248.1 at x = 0.0125, y = 2.28125, z = 0
 
(Nodeid,phim,phie): (0,-0.47176,18892.1), (1,-0.481762,18893.1), (2,-0.4604,18966.1), (3,-0.377254,19134.3), (4,-0.107074,19411), (5,2.40077,19790), (6,22.3267,20223.6), (7,46.929,20884.7), (8,71.8969,21832.3), (9,97.4713,23110.9), (10,112.908,24727.4), (11,22.1442,27235.5),  

Writing: "NeuralEP2DL2p3_reri1_122.chk"
 (0s, XML)
Steps: 12300000 Time: 1.23        
 CPU Time: 13.4918 min.

um_max = 116.538 at x = 0.0125, y = 2.06875, z = 0
ue_max = 51957.1 at x = 0.0125, y = 2.28125, z = 0
 
(Nodeid,phim,phie): (0,-0.466246,39192.2), (1,-0.47599,39194.2), (2,-0.459218,39333.2), (3,-0.381739,39653.3), (4,-0.138455,40179.3), (5,1.90463,40901.6), (6,20.1233,41777.7), (7,45.1865,42947.4), (8,69.8842,44498.7), (9,95.6617,46470.1), (10,113.221,48879.2), (11,29.721,51940.8),  

Writing: "NeuralEP2DL2p3_reri1_123.chk"
 (0s, XML)
Steps: 12400000 Time: 1.24        
 CPU Time: 13.4631 min.

um_max = 116.345 at x = 0.0125, y = 2.06875, z = 0
ue_max = 35960 at x = 0.0125, y = 2.28534, z = 0
 
(Nodeid,phim,phie): (0,-0.472467,26197.8), (1,-0.481935,26199.2), (2,-0.468729,26300.8), (3,-0.396027,26534.6), (4,-0.174072,26919), (5,1.49176,27447.1), (6,17.9212,28082.2), (7,43.4532,28930.1), (8,67.8772,30109.6), (9,93.8135,31651.6), (10,112.888,33581.5), (11,41.8466,35937.1),  

Writing: "NeuralEP2DL2p3_reri1_124.chk"
 (0s, XML)
Steps: 12500000 Time: 1.25        
 CPU Time: 13.4593 min.

um_max = 116.08 at x = 0.0125, y = 2.07284, z = 0
ue_max = 5268.03 at x = 0.0125, y = 1.38966, z = 0
 
(Nodeid,phim,phie): (0,-0.488139,-4754.83), (1,-0.497336,-4755.08), (2,-0.486921,-4773.75), (3,-0.418261,-4816.29), (4,-0.213335,-4885.24), (5,1.14846,-4979.89), (6,15.7614,-5131.73), (7,41.7216,-5267.05), (8,65.8791,-5236.44), (9,91.9307,-5017.89), (10,112.192,-4579.63), (11,56.5607,-3921.12),  

Writing: "NeuralEP2DL2p3_reri1_125.chk"
 (0s, XML)
Steps: 12600000 Time: 1.26        
 CPU Time: 13.4696 min.

um_max = 116.874 at x = 0, y = 2.275, z = 0
ue_max = 18521.6 at x = 0.0125, y = 2.05216, z = 0
 
(Nodeid,phim,phie): (0,-0.494065,-16311.1), (1,-0.503011,-16311.9), (2,-0.495942,-16369.6), (3,-0.431674,-16502), (4,-0.241982,-16718.4), (5,0.874475,-17015.5), (6,13.6957,-17419.5), (7,39.9874,-17886.5), (8,63.8967,-18237.5), (9,90.0196,-18460.6), (10,111.189,-18519), (11,68.1387,-18410.7),  

Writing: "NeuralEP2DL2p3_reri1_126.chk"
 (0s, XML)
Steps: 12700000 Time: 1.27        
 CPU Time: 13.4436 min.

um_max = 117.327 at x = 0.0228416, y = 2.27716, z = 0
ue_max = 18266.3 at x = 0.0125, y = 2.05216, z = 0
 
(Nodeid,phim,phie): (0,-0.494777,-16168.3), (1,-0.503481,-16169.1), (2,-0.499961,-16224), (3,-0.440197,-16349.9), (4,-0.264116,-16555.7), (5,0.655509,-16837.9), (6,11.7618,-17218.2), (7,38.2391,-17679.2), (8,61.9323,-18014.4), (9,88.0836,-18222.6), (10,109.99,-18262.6), (11,86.4128,-18127.6),  

Writing: "NeuralEP2DL2p3_reri1_127.chk"
 (0s, XML)
Steps: 12800000 Time: 1.28        
 CPU Time: 13.4412 min.

um_max = 119.805 at x = 0.00215841, y = 2.27716, z = 0
ue_max = 28104.9 at x = 0.0125, y = 2.28125, z = 0
 
(Nodeid,phim,phie): (0,-0.498637,-24194.5), (1,-0.507097,-24195.6), (2,-0.50677,-24276.4), (3,-0.45119,-24461.9), (4,-0.28683,-24765.3), (5,0.476162,-25181.8), (6,9.98566,-25728.5), (7,36.4635,-26411.6), (8,59.9877,-27000.3), (9,86.1253,-27503.4), (10,108.698,-27875.7), (11,100.033,-28099.8),  

Writing: "NeuralEP2DL2p3_reri1_128.chk"
 (0s, XML)
Steps: 12900000 Time: 1.29        
 CPU Time: 13.4529 min.

um_max = 118.785 at x = 0, y = 2.27932, z = 0
ue_max = 53493.9 at x = 0, y = 2.29568, z = 0
 
(Nodeid,phim,phie): (0,-0.506534,-45012.4), (1,-0.514748,-45014.4), (2,-0.517218,-45156.8), (3,-0.46547,-45483.9), (4,-0.311233,-46019.8), (5,0.327644,-46755.6), (6,8.38548,-47705.2), (7,34.6485,-48893.8), (8,58.0652,-50072.2), (9,84.148,-51256.5), (10,107.342,-52398.2), (11,109.379,-53463.1),  

Writing: "NeuralEP2DL2p3_reri1_129.chk"
 (0s, XML)
Steps: 13000000 Time: 1.3         
 CPU Time: 13.4929 min.

um_max = 119.15 at x = 0.0228416, y = 2.28073, z = 0
ue_max = 40583 at x = 0, y = 2.2875, z = 0
 
(Nodeid,phim,phie): (0,-0.506614,-32169.1), (1,-0.514612,-32171.1), (2,-0.520283,-32311.7), (3,-0.4726,-32634.6), (4,-0.328144,-33163.5), (5,0.211548,-33889.9), (6,6.97511,-34824.3), (7,32.7865,-36006.6), (8,56.1693,-37177), (9,82.1568,-38354.7), (10,105.899,-39488.7), (11,113.74,-40548.9),  

Writing: "NeuralEP2DL2p3_reri1_130.chk"
 (0s, XML)
Steps: 13100000 Time: 1.31        
 CPU Time: 13.4888 min.

um_max = 117.431 at x = 0.00215841, y = 2.28073, z = 0
ue_max = 2939.25 at x = 0.0125, y = 1.38534, z = 0
 
(Nodeid,phim,phie): (0,-0.490874,-2617.55), (1,-0.498679,-2617.68), (2,-0.508391,-2627.28), (3,-0.46541,-2649.2), (4,-0.33122,-2684.56), (5,0.128219,-2732.16), (6,5.75749,-2800.14), (7,30.871,-2937.99), (8,54.3035,-2884.85), (9,80.1559,-2657.34), (10,104.377,-2202.94), (11,114.927,-1556.97),  

Writing: "NeuralEP2DL2p3_reri1_131.chk"
 (0s, XML)
Steps: 13200000 Time: 1.32        
 CPU Time: 13.46 min.

um_max = 118.424 at x = 0.025, y = 2.2875, z = 0
ue_max = 20463.1 at x = 0.0125, y = 2.3, z = 0
 
(Nodeid,phim,phie): (0,-0.482191,14235), (1,-0.489782,14235.8), (2,-0.5029,14296.1), (3,-0.464148,14434.5), (4,-0.338983,14662.2), (5,0.0570059,14976.4), (6,4.71081,15370.8), (7,28.8881,15791.5), (8,52.4641,16489.8), (9,78.1456,17458.6), (10,102.784,18750.5), (11,114.636,20294.6),  

Writing: "NeuralEP2DL2p3_reri1_132.chk"
 (0s, XML)
Steps: 13300000 Time: 1.33        
 CPU Time: 13.4674 min.

um_max = 118.409 at x = 0.025, y = 2.2875, z = 0
ue_max = 8072.95 at x = 0.0125, y = 1.61466, z = 0
 
(Nodeid,phim,phie): (0,-0.492113,-7212.45), (1,-0.499473,-7212.8), (2,-0.514746,-7238.07), (3,-0.479199,-7296.09), (4,-0.361044,-7390.72), (5,-0.0141731,-7519.79), (6,3.81385,-7687.8), (7,26.8294,-7949.47), (8,50.6481,-8071.85), (9,76.1273,-8046.29), (10,101.117,-7821.34), (11,113.566,-7415.18),  

Writing: "NeuralEP2DL2p3_reri1_133.chk"
 (0s, XML)
Steps: 13400000 Time: 1.34        
 CPU Time: 13.4737 min.

um_max = 116.71 at x = 0.0103416, y = 2.28966, z = 0
ue_max = 21167.9 at x = 0.0125, y = 2.28966, z = 0
 
(Nodeid,phim,phie): (0,-0.496854,-17687.6), (1,-0.504006,-17688.6), (2,-0.521663,-17758.1), (3,-0.489431,-17917.7), (4,-0.378271,-18179), (5,-0.0711624,-18537.2), (6,3.06374,-18995.6), (7,24.7057,-19606.5), (8,48.8588,-20162.9), (9,74.1072,-20634.5), (10,99.3997,-20972.5), (11,112.827,-21162.8),  

Writing: "NeuralEP2DL2p3_reri1_134.chk"
 (0s, XML)
Steps: 13500000 Time: 1.35        
 CPU Time: 13.4556 min.

um_max = 116.268 at x = 0.0103416, y = 2.28966, z = 0
ue_max = 18309 at x = 0.0125, y = 2.28966, z = 0
 
(Nodeid,phim,phie): (0,-0.495303,-15174.7), (1,-0.502255,-15175.6), (2,-0.522535,-15239.2), (3,-0.493796,-15385.6), (4,-0.389754,-15625.2), (5,-0.115321,-15953.7), (6,2.44389,-16373.2), (7,22.5302,-16931.9), (8,47.0939,-17453.7), (9,72.0887,-17882.2), (10,97.6383,-18172.6), (11,111.913,-18307.2),  

Writing: "NeuralEP2DL2p3_reri1_135.chk"
 (0s, XML)
Steps: 13600000 Time: 1.36        
 CPU Time: 13.4595 min.

um_max = 116.111 at x = 0.01875, y = 2.29375, z = 0
ue_max = 20996.5 at x = 0.0125, y = 2.28966, z = 0
 
(Nodeid,phim,phie): (0,-0.49397,-17954.5), (1,-0.500727,-17955.4), (2,-0.523496,-18016.7), (3,-0.498119,-18157.7), (4,-0.400853,-18388.5), (5,-0.153143,-18704.8), (6,1.93306,-19108.2), (7,20.3239,-19641.6), (8,45.3476,-20162.2), (9,70.0742,-20584.6), (10,95.8337,-20869.8), (11,110.798,-20995.3),  

Writing: "NeuralEP2DL2p3_reri1_136.chk"
 (0s, XML)
Steps: 13700000 Time: 1.37        
 CPU Time: 13.4323 min.

um_max = 116.221 at x = 0, y = 2.3, z = 0
ue_max = 19845 at x = 0.0125, y = 2.29784, z = 0
 
(Nodeid,phim,phie): (0,-0.492615,-16797.1), (1,-0.499181,-16797.9), (2,-0.524324,-16858.2), (3,-0.502191,-16996.9), (4,-0.411419,-17224.1), (5,-0.185844,-17535.4), (6,1.51486,-17931.8), (7,18.12,-18450.7), (8,43.6141,-18983.2), (9,68.0668,-19413.2), (10,93.9904,-19709.1), (11,109.56,-19843.1),  

Writing: "NeuralEP2DL2p3_reri1_137.chk"
 (0s, XML)
Steps: 13800000 Time: 1.38        
 CPU Time: 13.4515 min.

um_max = 116.206 at x = 0.0125, y = 2.29784, z = 0
ue_max = 17171.9 at x = 0.0125, y = 2.3, z = 0
 
(Nodeid,phim,phie): (0,-0.491108,-14107.2), (1,-0.497488,-14108), (2,-0.524899,-14167.6), (3,-0.505901,-14304.6), (4,-0.421379,-14528.9), (5,-0.214404,-14836.4), (6,1.17428,-15227.4), (7,15.9595,-15734.1), (8,41.8859,-16279.7), (9,66.07,-16717.7), (10,92.1128,-17025.1), (11,108.224,-17169.2),  

Writing: "NeuralEP2DL2p3_reri1_138.chk"
 (0s, XML)
Steps: 13900000 Time: 1.39        
 CPU Time: 13.451 min.

um_max = 116.048 at x = 0.0125, y = 2.3, z = 0
ue_max = 19643.4 at x = 0.0125, y = 2.3, z = 0
 
(Nodeid,phim,phie): (0,-0.489441,-16563.6), (1,-0.495639,-16564.4), (2,-0.525215,-16623.3), (3,-0.509247,-16758.7), (4,-0.430752,-16980.5), (5,-0.239648,-17284.7), (6,0.897966,-17671.2), (7,13.8856,-18166.8), (8,40.1538,-18724.9), (9,64.0869,-19169.1), (10,90.2052,-19486.7), (11,106.802,-19639.9),  

Writing: "NeuralEP2DL2p3_reri1_139.chk"
 (0s, XML)
Steps: 14000000 Time: 1.4         
 CPU Time: 13.4532 min.

um_max = 115.637 at x = 0.0125, y = 2.3, z = 0
ue_max = 17270.4 at x = 0.0125, y = 2.3, z = 0
 
(Nodeid,phim,phie): (0,-0.487617,-14178.6), (1,-0.493638,-14179.5), (2,-0.525281,-14237.7), (3,-0.512236,-14371.8), (4,-0.439564,-14591.4), (5,-0.262221,-14892.5), (6,0.674333,-15274.9), (7,11.9378,-15760.6), (8,38.4076,-16329.9), (9,62.1208,-16778.8), (10,88.2715,-17105), (11,105.303,-17266.4),  

Writing: "NeuralEP2DL2p3_reri1_140.chk"
 (0s, XML)
Steps: 14100000 Time: 1.41        
 CPU Time: 13.4378 min.

um_max = 114.985 at x = 0.0125, y = 2.3, z = 0
ue_max = 17765 at x = 0.0125, y = 2.3, z = 0
 
(Nodeid,phim,phie): (0,-0.485639,-14665.2), (1,-0.491488,-14666), (2,-0.5251,-14723.7), (3,-0.514877,-14856.4), (4,-0.447835,-15073.9), (5,-0.282615,-15372.1), (6,0.493549,-15750.7), (7,10.1473,-16227.4), (8,36.636,-16806.1), (9,60.1747,-17258.3), (10,86.3156,-17591.9), (11,103.734,-17760.5),  

Writing: "NeuralEP2DL2p3_reri1_141.chk"
 (0s, XML)
Steps: 14200000 Time: 1.42        
 CPU Time: 13.4751 min.

um_max = 114.155 at x = 0.0125, y = 2.3, z = 0
ue_max = 18382.5 at x = 0.0125, y = 2.3, z = 0
 
(Nodeid,phim,phie): (0,-0.48351,-15280), (1,-0.48919,-15280.8), (2,-0.524677,-15337.9), (3,-0.517176,-15469.3), (4,-0.455583,-15684.5), (5,-0.301209,-15979.8), (6,0.347362,-16354.4), (7,8.53385,-16822.6), (8,34.8277,-17408), (9,58.2514,-17862.8), (10,84.341,-18202.5), (11,102.102,-18377.5),  

Writing: "NeuralEP2DL2p3_reri1_142.chk"
 (0s, XML)
Steps: 14300000 Time: 1.43        
 CPU Time: 13.4707 min.

um_max = 113.184 at x = 0.0125, y = 2.3, z = 0
ue_max = 20930 at x = 0.0125, y = 2.3, z = 0
 
(Nodeid,phim,phie): (0,-0.481231,-17832), (1,-0.486747,-17832.8), (2,-0.524017,-17889.2), (3,-0.519138,-18019.1), (4,-0.46282,-18231.9), (5,-0.318291,-18523.8), (6,0.228931,-18894.2), (7,7.10613,-19354), (8,32.9715,-19942), (9,56.3532,-20398.9), (10,82.3511,-20743.8), (11,100.414,-20924.6),  

Writing: "NeuralEP2DL2p3_reri1_143.chk"
 (0s, XML)
Steps: 14400000 Time: 1.44        
 CPU Time: 13.4545 min.

um_max = 112.091 at x = 0.0125, y = 2.3, z = 0
ue_max = 17130.8 at x = 0.0125, y = 2.3, z = 0
 
(Nodeid,phim,phie): (0,-0.478802,-14046.1), (1,-0.484158,-14046.9), (2,-0.523121,-14102.5), (3,-0.520769,-14230.6), (4,-0.469559,-14440.6), (5,-0.33408,-14728.5), (6,0.132636,-15093.9), (7,5.8628,-15545), (8,31.0574,-16130.6), (9,54.4816,-16589.6), (10,80.3492,-16939), (11,98.6734,-17125),  

Writing: "NeuralEP2DL2p3_reri1_144.chk"
 (0s, XML)
Steps: 14500000 Time: 1.45        
 CPU Time: 13.4422 min.

um_max = 110.893 at x = 0.0125, y = 2.3, z = 0
ue_max = 15732.6 at x = 0.0125, y = 2.3, z = 0
 
(Nodeid,phim,phie): (0,-0.476226,-12671), (1,-0.481426,-12671.8), (2,-0.521996,-12726.5), (3,-0.522076,-12852.5), (4,-0.475812,-13058.9), (5,-0.348747,-13342.2), (6,0.0539096,-13701.5), (7,4.79519,-14143.2), (8,29.0778,-14721.2), (9,52.6377,-15182.5), (10,78.3385,-15535.7), (11,96.887,-15726.5),  

Writing: "NeuralEP2DL2p3_reri1_145.chk"
 (0s, XML)
Steps: 14600000 Time: 1.46        
 CPU Time: 13.4521 min.

um_max = 109.599 at x = 0.0125, y = 2.3, z = 0
ue_max = 17532.1 at x = 0.0125, y = 2.3, z = 0
 
(Nodeid,phim,phie): (0,-0.473505,-14503.1), (1,-0.478554,-14503.8), (2,-0.520646,-14557.4), (3,-0.523066,-14680.9), (4,-0.48159,-14883.3), (5,-0.362421,-15160.9), (6,-0.0109256,-15513.1), (7,3.88971,-15944.4), (8,27.0288,-16509.8), (9,50.8211,-16974.1), (10,76.3219,-17330.4), (11,95.0593,-17525.6),  

Writing: "NeuralEP2DL2p3_reri1_146.chk"
 (0s, XML)
Steps: 14700000 Time: 1.47        
 CPU Time: 13.4431 min.

um_max = 108.217 at x = 0.0125, y = 2.3, z = 0
ue_max = 15618.2 at x = 0.0125, y = 2.3, z = 0
 
(Nodeid,phim,phie): (0,-0.470648,-12630.3), (1,-0.475549,-12631), (2,-0.519081,-12683.4), (3,-0.523751,-12803.9), (4,-0.486909,-13001.5), (5,-0.375208,-13272.6), (6,-0.0648068,-13616.6), (7,3.13002,-14036.6), (8,24.9131,-14585.5), (9,49.0307,-15053.3), (10,74.3028,-15412.2), (11,93.1952,-15611.5),  

Writing: "NeuralEP2DL2p3_reri1_147.chk"
 (0s, XML)
Steps: 14800000 Time: 1.48        
 CPU Time: 13.4479 min.

um_max = 106.757 at x = 0.0125, y = 2.3, z = 0
ue_max = 16020.5 at x = 0.0125, y = 2.3, z = 0
 
(Nodeid,phim,phie): (0,-0.467663,-13080.1), (1,-0.47242,-13080.8), (2,-0.517312,-13131.7), (3,-0.524143,-13249.1), (4,-0.491785,-13441.4), (5,-0.387191,-13705.3), (6,-0.110061,-14040), (7,2.49867,-14447.9), (8,22.742,-14977.6), (9,47.2636,-15449.7), (10,72.2841,-15810.6), (11,91.2989,-16013.5),  

Writing: "NeuralEP2DL2p3_reri1_148.chk"
 (0s, XML)
Steps: 14900000 Time: 1.49        
 CPU Time: 13.4548 min.

um_max = 105.223 at x = 0.0125, y = 2.3, z = 0
ue_max = 15424.6 at x = 0.0125, y = 2.3, z = 0
 
(Nodeid,phim,phie): (0,-0.464565,-12535.3), (1,-0.469183,-12536), (2,-0.515356,-12585.4), (3,-0.52426,-12699.3), (4,-0.496238,-12886.1), (5,-0.398439,-13142.4), (6,-0.148519,-13467.4), (7,1.97819,-13862.8), (8,20.5375,-14372), (9,45.5158,-14849), (10,70.2691,-15211.2), (11,89.3746,-15417.4),  

Writing: "NeuralEP2DL2p3_reri1_149.chk"
 (0s, XML)
Steps: 15000000 Time: 1.5         
 CPU Time: 13.4308 min.

um_max = 103.623 at x = 0.0125, y = 2.3, z = 0
ue_max = 16768.3 at x = 0.0125, y = 2.3, z = 0
 
(Nodeid,phim,phie): (0,-0.461372,-13930.3), (1,-0.465853,-13931), (2,-0.513231,-13978.9), (3,-0.524122,-14089.4), (4,-0.500291,-14270.7), (5,-0.409013,-14519.4), (6,-0.181616,-14834.8), (7,1.55196,-15218), (8,18.3318,-15706.8), (9,43.7815,-16189.1), (10,68.2609,-16551.8), (11,87.4263,-16760.8),  

Writing: "NeuralEP2DL2p3_reri1_150.chk"
 (0s, XML)
Steps: 15100000 Time: 1.51        
 CPU Time: 13.4369 min.

um_max = 101.963 at x = 0.0125, y = 2.3, z = 0
ue_max = 14409 at x = 0.0125, y = 2.3, z = 0
 
(Nodeid,phim,phie): (0,-0.458099,-11619.4), (1,-0.462448,-11620.1), (2,-0.510956,-11666.7), (3,-0.52375,-11774), (4,-0.503965,-11950.1), (5,-0.418962,-12191.8), (6,-0.210469,-12498.3), (7,1.20471,-12870.1), (8,16.1654,-13339.8), (9,42.0532,-13827.7), (10,66.2629,-14190), (11,85.4574,-14401.4),  

Writing: "NeuralEP2DL2p3_reri1_151.chk"
 (0s, XML)
Steps: 15200000 Time: 1.52        
 CPU Time: 13.4221 min.

um_max = 100.248 at x = 0.0125, y = 2.3, z = 0
ue_max = 13535.6 at x = 0.0125, y = 2.3, z = 0
 
(Nodeid,phim,phie): (0,-0.45476,-10789.9), (1,-0.458979,-10790.6), (2,-0.508545,-10835.9), (3,-0.523159,-10940.5), (4,-0.507278,-11111.9), (5,-0.428327,-11347.3), (6,-0.23594,-11645.8), (7,0.92291,-12007.6), (8,14.0815,-12460), (9,40.322,-12953.5), (10,64.2784,-13314.6), (11,83.4714,-13527.8),  

Writing: "NeuralEP2DL2p3_reri1_152.chk"
 (0s, XML)
Steps: 15300000 Time: 1.53        
 CPU Time: 13.4529 min.

um_max = 98.4829 at x = 0.0125, y = 2.3, z = 0
ue_max = 14919.7 at x = 0.0125, y = 2.3, z = 0
 
(Nodeid,phim,phie): (0,-0.451357,-12213.9), (1,-0.455451,-12214.5), (2,-0.506003,-12258.8), (3,-0.522358,-12360.8), (4,-0.510242,-12528.2), (5,-0.437136,-12757.9), (6,-0.258691,-13049.4), (7,0.694801,-13402.4), (8,12.1202,-13839.3), (9,38.5777,-14338.1), (10,62.3106,-14697.2), (11,81.4717,-14911.7),  

Writing: "NeuralEP2DL2p3_reri1_153.chk"
 (0s, XML)
Steps: 15400000 Time: 1.54        
 CPU Time: 13.4271 min.

um_max = 96.6741 at x = 0.0125, y = 2.3, z = 0
ue_max = 15084.1 at x = 0.0125, y = 2.3, z = 0
 
(Nodeid,phim,phie): (0,-0.447891,-12416.2), (1,-0.451862,-12416.8), (2,-0.503333,-12460), (3,-0.52135,-12559.8), (4,-0.512863,-12723.4), (5,-0.445407,-12948), (6,-0.279227,-13233), (7,0.510393,-13577.9), (8,10.3135,-14001), (9,36.8092,-14504.1), (10,60.3625,-14860.6), (11,79.4613,-15076),  

Writing: "NeuralEP2DL2p3_reri1_154.chk"
 (0s, XML)
Steps: 15500000 Time: 1.55        
 CPU Time: 13.4605 min.

um_max = 94.8258 at x = 0.0125, y = 2.3, z = 0
ue_max = 14975.2 at x = 0.0125, y = 2.3, z = 0
 
(Nodeid,phim,phie): (0,-0.44436,-12345.7), (1,-0.448213,-12346.3), (2,-0.500536,-12388.6), (3,-0.520138,-12486.1), (4,-0.515147,-12646.2), (5,-0.453159,-12865.8), (6,-0.297936,-13144.6), (7,0.361294,-13481.9), (8,8.68257,-13892.2), (9,35.005,-14397.4), (10,58.4369,-14751.2), (11,77.4433,-14967),  

Writing: "NeuralEP2DL2p3_reri1_155.chk"
 (0s, XML)
Steps: 15600000 Time: 1.56        
 CPU Time: 13.4727 min.

um_max = 92.9428 at x = 0.0125, y = 2.3, z = 0
ue_max = 11054.9 at x = 0.0125, y = 2.3, z = 0
 
(Nodeid,phim,phie): (0,-0.440762,-8467.49), (1,-0.444499,-8468.07), (2,-0.497612,-8509.37), (3,-0.518725,-8604.7), (4,-0.5171,-8761.07), (5,-0.460404,-8975.76), (6,-0.315112,-9248.19), (7,0.240537,-9577.78), (8,7.23693,-9975.74), (9,33.1539,-10479.7), (10,56.5362,-10830.8), (11,75.4208,-11046.6),  

Writing: "NeuralEP2DL2p3_reri1_156.chk"
 (0s, XML)
Steps: 15700000 Time: 1.57        
 CPU Time: 13.4518 min.

um_max = 91.0293 at x = 0.0125, y = 2.3, z = 0
ue_max = 13917.4 at x = 0.0125, y = 2.3, z = 0
 
(Nodeid,phim,phie): (0,-0.437095,-11378.5), (1,-0.440719,-11379.1), (2,-0.494561,-11419.3), (3,-0.517112,-11512.3), (4,-0.518725,-11664.7), (5,-0.467154,-11874.1), (6,-0.330982,-12139.8), (7,0.142396,-12461.1), (8,5.97616,-12846.8), (9,31.246,-13344.8), (10,54.6621,-13693.5), (11,73.3968,-13908.9),  

Writing: "NeuralEP2DL2p3_reri1_157.chk"
 (0s, XML)
Steps: 15800000 Time: 1.58        
 CPU Time: 13.4346 min.

um_max = 89.0892 at x = 0.0125, y = 2.3, z = 0
ue_max = 12101.6 at x = 0.0125, y = 2.3, z = 0
 
(Nodeid,phim,phie): (0,-0.433357,-9619.55), (1,-0.436871,-9620.1), (2,-0.491383,-9659.21), (3,-0.515303,-9749.51), (4,-0.52003,-9897.67), (5,-0.47342,-10101.1), (6,-0.345718,-10359.3), (7,0.062211,-10671.6), (8,4.89217,-11044.4), (9,29.273,-11531.3), (10,52.8155,-11878.3), (11,71.3747,-12093),  

Writing: "NeuralEP2DL2p3_reri1_158.chk"
 (0s, XML)
Steps: 15900000 Time: 1.59        
 CPU Time: 13.4365 min.

um_max = 87.1263 at x = 0.0125, y = 2.3, z = 0
ue_max = 12037.3 at x = 0.0125, y = 2.3, z = 0
 
(Nodeid,phim,phie): (0,-0.429549,-9621.09), (1,-0.432957,-9621.63), (2,-0.488082,-9659.45), (3,-0.513303,-9746.8), (4,-0.521022,-9890.14), (5,-0.479216,-10087), (6,-0.359455,-10336.8), (7,-0.00377304,-10638.9), (8,3.97177,-10998.1), (9,27.2309,-11469.2), (10,50.9964,-11815), (11,69.3575,-12028.7),  

Writing: "NeuralEP2DL2p3_reri1_159.chk"
 (0s, XML)
Steps: 16000000 Time: 1.6         
 CPU Time: 13.4533 min.

um_max = 85.1439 at x = 0.0125, y = 2.3, z = 0
ue_max = 13391.7 at x = 0.0125, y = 2.3, z = 0
 
(Nodeid,phim,phie): (0,-0.425676,-11049.2), (1,-0.42898,-11049.7), (2,-0.484664,-11086.1), (3,-0.511119,-11170.2), (4,-0.521711,-11308.2), (5,-0.484553,-11497.7), (6,-0.372298,-11738.2), (7,-0.0585568,-12029.1), (8,3.1988,-12373.7), (9,25.1214,-12825.1), (10,49.2036,-13170.7), (11,67.3487,-13383),  

Writing: "NeuralEP2DL2p3_reri1_160.chk"
 (0s, XML)
Steps: 16100000 Time: 1.61        
 CPU Time: 13.4492 min.

um_max = 83.1454 at x = 0.0125, y = 2.3, z = 0
ue_max = 13684.2 at x = 0.0125, y = 2.3, z = 0
 
(Nodeid,phim,phie): (0,-0.421744,-11421.3), (1,-0.424948,-11421.8), (2,-0.481138,-11456.6), (3,-0.508762,-11537.2), (4,-0.522109,-11669.4), (5,-0.48945,-11851.1), (6,-0.384333,-12081.6), (7,-0.104519,-12360.4), (8,2.55585,-12689.7), (9,22.955,-13118.7), (10,47.4345,-13464.9), (11,65.3517,-13675.5),  

Writing: "NeuralEP2DL2p3_reri1_161.chk"
 (0s, XML)
Steps: 16200000 Time: 1.62        
 CPU Time: 13.4456 min.

um_max = 81.1336 at x = 0.0125, y = 2.3, z = 0
ue_max = 10593.4 at x = 0.0125, y = 2.3, z = 0
 
(Nodeid,phim,phie): (0,-0.417766,-8412.35), (1,-0.420872,-8412.82), (2,-0.477516,-8446.1), (3,-0.506247,-8523.04), (4,-0.522235,-8649.34), (5,-0.493924,-8822.81), (6,-0.39563,-9043), (7,-0.143534,-9309.2), (8,2.02544,-9622.97), (9,20.7526,-10028.4), (10,45.685,-10376.1), (11,63.3698,-10584.7),  

Writing: "NeuralEP2DL2p3_reri1_162.chk"
 (0s, XML)
Steps: 16300000 Time: 1.63        
 CPU Time: 13.4843 min.

um_max = 79.1117 at x = 0.0125, y = 2.3, z = 0
ue_max = 10918.1 at x = 0.0125, y = 2.3, z = 0
 
(Nodeid,phim,phie): (0,-0.413756,-8816.82), (1,-0.416767,-8817.27), (2,-0.473815,-8849), (3,-0.503592,-8922.38), (4,-0.522107,-9042.85), (5,-0.498,-9208.33), (6,-0.406251,-9418.38), (7,-0.17707,-9672.3), (8,1.59082,-9971.05), (9,18.5455,-10353.2), (10,43.9497,-10703.2), (11,61.4067,-10909.4),  

Writing: "NeuralEP2DL2p3_reri1_163.chk"
 (0s, XML)
Steps: 16400000 Time: 1.64        
 CPU Time: 13.4727 min.

um_max = 77.0824 at x = 0.0125, y = 2.3, z = 0
ue_max = 9147.13 at x = 0.0125, y = 2.3, z = 0
 
(Nodeid,phim,phie): (0,-0.409729,-7119.06), (1,-0.412648,-7119.49), (2,-0.470053,-7149.79), (3,-0.500814,-7219.89), (4,-0.521747,-7334.98), (5,-0.501698,-7493.1), (6,-0.416246,-7693.81), (7,-0.206271,-7936.43), (8,1.23658,-8221.43), (9,16.3735,-8581.88), (10,42.2213,-8935), (11,59.4653,-9138.37),  

Writing: "NeuralEP2DL2p3_reri1_164.chk"
 (0s, XML)
Steps: 16500000 Time: 1.65        
 CPU Time: 13.473 min.

um_max = 75.0487 at x = 0.0125, y = 2.3, z = 0
ue_max = 10847.9 at x = 0.0125, y = 2.3, z = 0
 
(Nodeid,phim,phie): (0,-0.405697,-8884.16), (1,-0.408526,-8884.57), (2,-0.46624,-8913.61), (3,-0.497929,-8980.82), (4,-0.52117,-9091.18), (5,-0.505037,-9242.82), (6,-0.425656,-9435.31), (7,-0.23202,-9667.99), (8,0.949012,-9940.98), (9,14.2798,-10282.1), (10,40.4909,-10638.9), (11,57.5486,-10839.1),  

Writing: "NeuralEP2DL2p3_reri1_165.chk"
 (0s, XML)
Steps: 16600000 Time: 1.66        
 CPU Time: 13.4832 min.

um_max = 73.0134 at x = 0.0125, y = 2.3, z = 0
ue_max = 8240.1 at x = 0.0125, y = 2.3, z = 0
 
(Nodeid,phim,phie): (0,-0.401661,-6332.19), (1,-0.404402,-6332.59), (2,-0.462381,-6360.54), (3,-0.494941,-6425.24), (4,-0.520385,-6531.5), (5,-0.508029,-6677.51), (6,-0.43451,-6862.87), (7,-0.254996,-7086.94), (8,0.716191,-7349.56), (9,12.3051,-7673.65), (10,38.7484,-8034.43), (11,55.6588,-8231.4),  

Writing: "NeuralEP2DL2p3_reri1_166.chk"
 (0s, XML)
Steps: 16700000 Time: 1.67        
 CPU Time: 13.453 min.

um_max = 70.9798 at x = 0.0125, y = 2.3, z = 0
ue_max = 8684.13 at x = 0.0125, y = 2.3, z = 0
 
(Nodeid,phim,phie): (0,-0.397619,-6825.94), (1,-0.400276,-6826.32), (2,-0.458476,-6853.3), (3,-0.491852,-6915.78), (4,-0.519397,-7018.41), (5,-0.510681,-7159.43), (6,-0.442829,-7338.49), (7,-0.275719,-7554.93), (8,0.52796,-7808.44), (9,10.4824,-8117.54), (10,36.9827,-8481.83), (11,53.7978,-8675.5),  

Writing: "NeuralEP2DL2p3_reri1_167.chk"
 (0s, XML)
Steps: 16800000 Time: 1.68        
 CPU Time: 13.4661 min.

um_max = 68.9509 at x = 0.0125, y = 2.3, z = 0
ue_max = 9199.52 at x = 0.0125, y = 2.3, z = 0
 
(Nodeid,phim,phie): (0,-0.393569,-7388.35), (1,-0.396143,-7388.72), (2,-0.454523,-7414.8), (3,-0.488663,-7475.23), (4,-0.518208,-7574.49), (5,-0.512999,-7710.91), (6,-0.450629,-7884.13), (7,-0.294584,-8093.53), (8,0.37578,-8338.65), (9,8.83387,-8634.21), (10,35.1825,-9000.42), (11,51.9661,-9190.96),  

Writing: "NeuralEP2DL2p3_reri1_168.chk"
 (0s, XML)
Steps: 16900000 Time: 1.69        
 CPU Time: 13.4481 min.

um_max = 66.9304 at x = 0.0125, y = 2.3, z = 0
ue_max = 9669.46 at x = 0.0125, y = 2.3, z = 0
 
(Nodeid,phim,phie): (0,-0.389505,-7906.42), (1,-0.391999,-7906.78), (2,-0.45052,-7931.98), (3,-0.485372,-7990.4), (4,-0.516821,-8086.37), (5,-0.514988,-8218.28), (6,-0.457925,-8385.78), (7,-0.311895,-8588.29), (8,0.252556,-8825.23), (9,7.37017,-9108.11), (10,33.3366,-9473.21), (11,50.1634,-9661),  

Writing: "NeuralEP2DL2p3_reri1_169.chk"
 (0s, XML)
Steps: 17000000 Time: 1.7         
 CPU Time: 13.4564 min.

um_max = 64.9217 at x = 0.0125, y = 2.3, z = 0
ue_max = 8029.34 at x = 0.0125, y = 2.3, z = 0
 
(Nodeid,phim,phie): (0,-0.385423,-6319.12), (1,-0.387839,-6319.47), (2,-0.446464,-6343.76), (3,-0.48198,-6400.09), (4,-0.515238,-6492.64), (5,-0.516653,-6619.86), (6,-0.464727,-6781.42), (7,-0.327883,-6976.75), (8,0.152448,-7205.22), (9,6.09175,-7475.67), (10,31.4346,-7835.35), (11,48.388,-8020.98),  

Writing: "NeuralEP2DL2p3_reri1_170.chk"
 (0s, XML)
Steps: 17100000 Time: 1.71        
 CPU Time: 13.4666 min.

um_max = 62.9288 at x = 0.0125, y = 2.3, z = 0
ue_max = 8379.35 at x = 0.0125, y = 2.3, z = 0
 
(Nodeid,phim,phie): (0,-0.38132,-6729.29), (1,-0.38366,-6729.62), (2,-0.442353,-6752.92), (3,-0.478486,-6806.98), (4,-0.513462,-6895.81), (5,-0.518,-7017.93), (6,-0.471048,-7173.02), (7,-0.342727,-7360.55), (8,0.0707026,-7579.83), (9,4.99115,-7837.52), (10,29.4683,-8186.88), (11,46.6371,-8371.11),  

Writing: "NeuralEP2DL2p3_reri1_171.chk"
 (0s, XML)
Steps: 17200000 Time: 1.72        
 CPU Time: 13.4671 min.

um_max = 60.9553 at x = 0.0125, y = 2.3, z = 0
ue_max = 7674.99 at x = 0.0125, y = 2.3, z = 0
 
(Nodeid,phim,phie): (0,-0.377195,-6093.4), (1,-0.379462,-6093.71), (2,-0.438188,-6115.93), (3,-0.474892,-6167.47), (4,-0.511497,-6252.18), (5,-0.519036,-6368.65), (6,-0.4769,-6516.58), (7,-0.356562,-6695.45), (8,0.00348276,-6904.55), (9,4.05557,-7148.81), (10,27.433,-7483.15), (11,44.906,-7666.88),  

Writing: "NeuralEP2DL2p3_reri1_172.chk"
 (0s, XML)
Steps: 17300000 Time: 1.73        
 CPU Time: 13.4615 min.

um_max = 59.0051 at x = 0.0125, y = 2.3, z = 0
ue_max = 7137.04 at x = 0.0125, y = 2.3, z = 0
 
(Nodeid,phim,phie): (0,-0.373049,-5631.53), (1,-0.375245,-5631.83), (2,-0.433973,-5652.84), (3,-0.471204,-5701.61), (4,-0.509352,-5781.8), (5,-0.519772,-5892.05), (6,-0.482296,-6032.1), (7,-0.369498,-6201.43), (8,-0.0522789,-6399.34), (9,3.26905,-6629.37), (10,25.3299,-6944.82), (11,43.1887,-7129.06),  

Writing: "NeuralEP2DL2p3_reri1_173.chk"
 (0s, XML)
Steps: 17400000 Time: 1.74        
 CPU Time: 13.48 min.

um_max = 57.0816 at x = 0.0125, y = 2.3, z = 0
ue_max = 5571.41 at x = 0.0125, y = 2.3, z = 0
 
(Nodeid,phim,phie): (0,-0.368889,-4147.27), (1,-0.371016,-4147.55), (2,-0.429714,-4167.26), (3,-0.467429,-4213.08), (4,-0.507036,-4288.41), (5,-0.520219,-4392), (6,-0.487253,-4523.58), (7,-0.381622,-4682.68), (8,-0.0990159,-4868.58), (9,2.61427,-5083.74), (10,23.1684,-5377.73), (11,41.4773,-5563.56),  

Writing: "NeuralEP2DL2p3_reri1_174.chk"
 (0s, XML)
Steps: 17500000 Time: 1.75        
 CPU Time: 13.4825 min.

um_max = 55.1875 at x = 0.0125, y = 2.3, z = 0
ue_max = 5653.16 at x = 0.0125, y = 2.3, z = 0
 
(Nodeid,phim,phie): (0,-0.364724,-4311.61), (1,-0.366783,-4311.87), (2,-0.425421,-4330.26), (3,-0.46358,-4373.03), (4,-0.504564,-4443.39), (5,-0.520396,-4540.14), (6,-0.491789,-4663.05), (7,-0.393004,-4811.65), (8,-0.138646,-4985.23), (9,2.07368,-5185.44), (10,20.9683,-5456.84), (11,39.7621,-5645.43),  

Writing: "NeuralEP2DL2p3_reri1_175.chk"
 (0s, XML)
Steps: 17600000 Time: 1.76        
 CPU Time: 13.474 min.

um_max = 53.3251 at x = 0.0125, y = 2.3, z = 0
ue_max = 4940.3 at x = 0.0125, y = 2.3, z = 0
 
(Nodeid,phim,phie): (0,-0.360567,-3677.02), (1,-0.362561,-3677.26), (2,-0.42111,-3694.38), (3,-0.459672,-3734.23), (4,-0.501953,-3799.8), (5,-0.520321,-3889.98), (6,-0.495927,-4004.54), (7,-0.403708,-4143.05), (8,-0.172674,-4304.79), (9,1.63046,-4490.77), (10,18.7602,-4740.11), (11,38.0314,-4932.67),  

Writing: "NeuralEP2DL2p3_reri1_176.chk"
 (0s, XML)
Steps: 17700000 Time: 1.77        
 CPU Time: 13.4486 min.

um_max = 51.4953 at x = 0.0125, y = 2.3, z = 0
ue_max = 5761.7 at x = 0.0125, y = 2.3, z = 0
 
(Nodeid,phim,phie): (0,-0.356432,-4566.89), (1,-0.358363,-4567.12), (2,-0.416794,-4583.11), (3,-0.455721,-4620.35), (4,-0.499222,-4681.64), (5,-0.520014,-4765.96), (6,-0.499689,-4873.09), (7,-0.413785,-5002.59), (8,-0.20227,-5153.79), (9,1.26904,-5327.19), (10,16.583,-5556.39), (11,36.2716,-5754.15),  

Writing: "NeuralEP2DL2p3_reri1_177.chk"
 (0s, XML)
Steps: 17800000 Time: 1.78        
 CPU Time: 13.476 min.

um_max = 49.6978 at x = 0.0125, y = 2.3, z = 0
ue_max = 4621.55 at x = 0.0125, y = 2.3, z = 0
 
(Nodeid,phim,phie): (0,-0.352328,-3482.3), (1,-0.354197,-3482.51), (2,-0.412485,-3497.55), (3,-0.451739,-3532.62), (4,-0.496384,-3590.35), (5,-0.519493,-3669.78), (6,-0.503093,-3770.71), (7,-0.423276,-3892.72), (8,-0.228342,-4035.14), (9,0.975538,-4198.13), (10,14.4799,-4409.96), (11,34.4679,-4614.02),  

Writing: "NeuralEP2DL2p3_reri1_178.chk"
 (0s, XML)
Steps: 17900000 Time: 1.79        
 CPU Time: 13.4495 min.

um_max = 47.9312 at x = 0.0125, y = 2.3, z = 0
ue_max = 5147.41 at x = 0.0125, y = 2.3, z = 0
 
(Nodeid,phim,phie): (0,-0.348257,-4051.29), (1,-0.350067,-4051.49), (2,-0.408185,-4065.77), (3,-0.44773,-4099.09), (4,-0.493446,-4153.96), (5,-0.518765,-4229.46), (6,-0.506152,-4325.4), (7,-0.432211,-4441.39), (8,-0.251585,-4576.79), (9,0.737858,-4731.46), (10,12.4922,-4928.75), (11,32.6054,-5139.86),  

Writing: "NeuralEP2DL2p3_reri1_179.chk"
 (0s, XML)
Steps: 18000000 Time: 1.8         
 CPU Time: 13.4716 min.

um_max = 46.1923 at x = 0.0125, y = 2.3, z = 0
ue_max = 4635.73 at x = 0.0125, y = 2.3, z = 0
 
(Nodeid,phim,phie): (0,-0.344215,-3573.69), (1,-0.345966,-3573.88), (2,-0.40389,-3587.54), (3,-0.443693,-3619.44), (4,-0.49041,-3671.97), (5,-0.517835,-3744.27), (6,-0.508871,-3836.15), (7,-0.440611,-3947.25), (8,-0.272531,-4076.93), (9,0.545678,-4224.87), (10,10.6537,-4410), (11,30.6712,-4628.09),  

Writing: "NeuralEP2DL2p3_reri1_180.chk"
 (0s, XML)
Steps: 18100000 Time: 1.81        
 CPU Time: 13.4806 min.

um_max = 44.4765 at x = 0.0125, y = 2.3, z = 0
ue_max = 5135.86 at x = 0.0125, y = 2.3, z = 0
 
(Nodeid,phim,phie): (0,-0.340195,-4103.58), (1,-0.341889,-4103.77), (2,-0.399597,-4116.89), (3,-0.439623,-4147.55), (4,-0.487273,-4198.05), (5,-0.516705,-4267.57), (6,-0.511256,-4355.94), (7,-0.448491,-4462.79), (8,-0.291587,-4587.53), (9,0.39031,-4729.68), (10,8.9876,-4904.31), (11,28.6566,-5128.02),  

Writing: "NeuralEP2DL2p3_reri1_181.chk"
 (0s, XML)
Steps: 18200000 Time: 1.82        
 CPU Time: 13.4528 min.

um_max = 42.7776 at x = 0.0125, y = 2.3, z = 0
ue_max = 3988.64 at x = 0.0125, y = 2.3, z = 0
 
(Nodeid,phim,phie): (0,-0.33619,-2987.1), (1,-0.33783,-2987.28), (2,-0.3953,-2999.89), (3,-0.435519,-3029.35), (4,-0.484035,-3077.91), (5,-0.515376,-3144.75), (6,-0.513313,-3229.73), (7,-0.455866,-3332.5), (8,-0.309063,-3452.48), (9,0.264528,-3589.09), (10,7.50578,-3754.13), (11,26.5598,-3980.49),  

Writing: "NeuralEP2DL2p3_reri1_182.chk"
 (0s, XML)
Steps: 18300000 Time: 1.83        
 CPU Time: 13.4537 min.

um_max = 41.0876 at x = 0.0125, y = 2.3, z = 0
ue_max = 4466.03 at x = 0.0125, y = 2.3, z = 0
 
(Nodeid,phim,phie): (0,-0.332194,-3501.39), (1,-0.333781,-3501.56), (2,-0.390992,-3513.61), (3,-0.431374,-3541.79), (4,-0.480694,-3588.23), (5,-0.51385,-3652.19), (6,-0.515044,-3733.51), (7,-0.462745,-3831.86), (8,-0.325197,-3946.68), (9,0.162379,-4077.34), (10,6.20955,-4232.9), (11,24.3879,-4457.46),  

Writing: "NeuralEP2DL2p3_reri1_183.chk"
 (0s, XML)
Steps: 18400000 Time: 1.84        
 CPU Time: 13.4561 min.

um_max = 39.3966 at x = 0.0125, y = 2.3, z = 0
ue_max = 3953.89 at x = 0.0125, y = 2.3, z = 0
 
(Nodeid,phim,phie): (0,-0.328201,-3036.43), (1,-0.329736,-3036.59), (2,-0.386671,-3047.98), (3,-0.427185,-3074.66), (4,-0.477249,-3118.64), (5,-0.512129,-3179.22), (6,-0.516454,-3256.24), (7,-0.469141,-3349.42), (8,-0.340168,-3458.19), (9,0.0790123,-3581.89), (10,5.0921,-3727.35), (11,22.1579,-3944.8),  

Writing: "NeuralEP2DL2p3_reri1_184.chk"
 (0s, XML)
Steps: 18500000 Time: 1.85        
 CPU Time: 13.4566 min.

um_max = 37.6915 at x = 0.0125, y = 2.3, z = 0
ue_max = 3426.84 at x = 0.0125, y = 2.3, z = 0
 
(Nodeid,phim,phie): (0,-0.324207,-2568.82), (1,-0.325692,-2568.97), (2,-0.382332,-2579.58), (3,-0.422953,-2604.46), (4,-0.473701,-2645.5), (5,-0.510216,-2702.03), (6,-0.517551,-2773.93), (7,-0.475064,-2860.9), (8,-0.354118,-2962.42), (9,0.0105089,-3077.79), (10,4.14105,-3212.07), (11,19.8973,-3417.2),  

Writing: "NeuralEP2DL2p3_reri1_185.chk"
 (0s, XML)
Steps: 18600000 Time: 1.86        
 CPU Time: 13.4871 min.

um_max = 35.9562 at x = 0.0125, y = 2.3, z = 0
ue_max = 2933.42 at x = 0.0125, y = 2.3, z = 0
 
(Nodeid,phim,phie): (0,-0.320213,-2146.64), (1,-0.321651,-2146.77), (2,-0.377979,-2156.47), (3,-0.418679,-2179.25), (4,-0.470056,-2216.85), (5,-0.508119,-2268.66), (6,-0.518343,-2334.56), (7,-0.480528,-2414.28), (8,-0.367158,-2507.3), (9,-0.0462668,-2612.92), (10,3.34072,-2734.79), (11,17.6433,-2923.27),  

Writing: "NeuralEP2DL2p3_reri1_186.chk"
 (0s, XML)
Steps: 18700000 Time: 1.87        
 CPU Time: 13.4435 min.

um_max = 34.171 at x = 0.0125, y = 2.3, z = 0
ue_max = 3545.36 at x = 0.0125, y = 2.3, z = 0
 
(Nodeid,phim,phie): (0,-0.316225,-2838.92), (1,-0.317615,-2839.04), (2,-0.373615,-2847.73), (3,-0.41437,-2868.16), (4,-0.466321,-2901.92), (5,-0.505849,-2948.46), (6,-0.518845,-3007.65), (7,-0.48555,-3079.25), (8,-0.379376,-3162.77), (9,-0.093805,-3257.49), (10,2.67384,-3365.97), (11,15.4395,-3534.82),  

Writing: "NeuralEP2DL2p3_reri1_187.chk"
 (0s, XML)
Steps: 18800000 Time: 1.88        
 CPU Time: 13.4559 min.

um_max = 32.3138 at x = 0.0125, y = 2.3, z = 0
ue_max = 2983.88 at x = 0.0125, y = 2.3, z = 0
 
(Nodeid,phim,phie): (0,-0.312249,-2362.18), (1,-0.313594,-2362.29), (2,-0.369252,-2369.9), (3,-0.410036,-2387.88), (4,-0.462508,-2417.59), (5,-0.503419,-2458.58), (6,-0.519073,-2510.72), (7,-0.490148,-2573.78), (8,-0.390846,-2647.29), (9,-0.134069,-2730.54), (10,2.12289,-2825.24), (11,13.3319,-2973.11),  

Writing: "NeuralEP2DL2p3_reri1_188.chk"
 (0s, XML)
Steps: 18900000 Time: 1.89        
 CPU Time: 13.4339 min.

um_max = 30.3613 at x = 0.0125, y = 2.3, z = 0
ue_max = 2299.68 at x = 0.0125, y = 2.3, z = 0
 
(Nodeid,phim,phie): (0,-0.308299,-1761.01), (1,-0.3096,-1761.11), (2,-0.364901,-1767.67), (3,-0.405691,-1783.23), (4,-0.458633,-1809), (5,-0.500848,-1844.55), (6,-0.519045,-1889.8), (7,-0.494344,-1944.51), (8,-0.40163,-2008.23), (9,-0.168599,-2080.26), (10,1.67092,-2161.67), (11,11.363,-2288.85),  

Writing: "NeuralEP2DL2p3_reri1_189.chk"
 (0s, XML)
Steps: 19000000 Time: 1.9         
 CPU Time: 13.4446 min.

um_max = 28.2914 at x = 0.0125, y = 2.3, z = 0
ue_max = 1964.27 at x = 0.0125, y = 2.3, z = 0
 
(Nodeid,phim,phie): (0,-0.304386,-1501), (1,-0.305644,-1501.08), (2,-0.360573,-1506.69), (3,-0.401348,-1520.08), (4,-0.45471,-1542.26), (5,-0.49815,-1572.91), (6,-0.518781,-1611.92), (7,-0.498159,-1659.07), (8,-0.41178,-1713.94), (9,-0.198595,-1775.84), (10,1.30225,-1845.33), (11,9.56659,-1953.53),  

Writing: "NeuralEP2DL2p3_reri1_190.chk"
 (0s, XML)
Steps: 19100000 Time: 1.91        
 CPU Time: 13.4519 min.

um_max = 26.0875 at x = 0.0125, y = 2.3, z = 0
ue_max = 1657.73 at x = 0.0125, y = 2.3, z = 0
 
(Nodeid,phim,phie): (0,-0.300516,-1258.81), (1,-0.301733,-1258.88), (2,-0.356278,-1263.69), (3,-0.397015,-1275.23), (4,-0.450751,-1294.39), (5,-0.49534,-1320.87), (6,-0.518295,-1354.59), (7,-0.501611,-1395.35), (8,-0.421336,-1442.73), (9,-0.224984,-1496.07), (10,1.00279,-1555.54), (11,7.96384,-1647.25),  

Writing: "NeuralEP2DL2p3_reri1_191.chk"
 (0s, XML)
Steps: 19200000 Time: 1.92        
 CPU Time: 13.4343 min.

um_max = 23.7462 at x = 0.0125, y = 2.3, z = 0
ue_max = 1553.71 at x = 0.0125, y = 2.3, z = 0
 
(Nodeid,phim,phie): (0,-0.296692,-1208.25), (1,-0.297867,-1208.31), (2,-0.352017,-1212.46), (3,-0.392696,-1222.48), (4,-0.446758,-1239.14), (5,-0.492424,-1262.2), (6,-0.517597,-1291.58), (7,-0.50471,-1327.07), (8,-0.43033,-1368.3), (9,-0.24848,-1414.61), (10,0.760257,-1465.9), (11,6.56269,-1543.66),  

Writing: "NeuralEP2DL2p3_reri1_192.chk"
 (0s, XML)
Steps: 19300000 Time: 1.93        
 CPU Time: 13.4535 min.

um_max = 21.2892 at x = 0.0125, y = 2.3, z = 0
ue_max = 1351.82 at x = 0.0125, y = 2.3, z = 0
 
(Nodeid,phim,phie): (0,-0.292907,-1051.47), (1,-0.294044,-1051.52), (2,-0.347785,-1055.12), (3,-0.388387,-1063.86), (4,-0.442732,-1078.43), (5,-0.489404,-1098.62), (6,-0.516693,-1124.36), (7,-0.507466,-1155.45), (8,-0.438782,-1191.53), (9,-0.269631,-1231.97), (10,0.564145,-1276.45), (11,5.35908,-1342.4),  

Writing: "NeuralEP2DL2p3_reri1_193.chk"
 (0s, XML)
Steps: 19400000 Time: 1.94        
 CPU Time: 13.4505 min.

um_max = 18.7709 at x = 0.0125, y = 2.3, z = 0
ue_max = 1162.52 at x = 0.0125, y = 2.3, z = 0
 
(Nodeid,phim,phie): (0,-0.289159,-901.646), (1,-0.290258,-901.689), (2,-0.343581,-904.804), (3,-0.384086,-912.43), (4,-0.438672,-925.179), (5,-0.486283,-942.86), (6,-0.515586,-965.411), (7,-0.509886,-992.657), (8,-0.446713,-1024.25), (9,-0.288855,-1059.56), (10,0.405596,-1098.16), (11,4.34017,-1153.91),  

Writing: "NeuralEP2DL2p3_reri1_194.chk"
 (0s, XML)
Steps: 19500000 Time: 1.95        
 CPU Time: 13.4684 min.

um_max = 16.2729 at x = 0.0125, y = 2.3, z = 0
ue_max = 1056.57 at x = 0.0125, y = 2.3, z = 0
 
(Nodeid,phim,phie): (0,-0.285445,-831.207), (1,-0.286507,-831.244), (2,-0.339402,-833.922), (3,-0.379793,-840.542), (4,-0.43458,-851.641), (5,-0.483062,-867.058), (6,-0.514283,-886.735), (7,-0.511979,-910.51), (8,-0.454138,-938.045), (9,-0.306475,-968.75), (10,0.277238,-1002.06), (11,3.48788,-1048.88),  

Writing: "NeuralEP2DL2p3_reri1_195.chk"
 (0s, XML)
Steps: 19600000 Time: 1.96        
 CPU Time: 13.4596 min.

um_max = 13.8841 at x = 0.0125, y = 2.3, z = 0
ue_max = 856.573 at x = 0.0125, y = 2.3, z = 0
 
(Nodeid,phim,phie): (0,-0.281764,-663.288), (1,-0.28279,-663.32), (2,-0.335249,-665.601), (3,-0.37551,-671.306), (4,-0.430458,-680.905), (5,-0.479749,-694.261), (6,-0.512792,-711.325), (7,-0.513755,-731.943), (8,-0.461077,-755.796), (9,-0.322739,-782.311), (10,0.172999,-810.859), (11,2.7819,-849.856),  

Writing: "NeuralEP2DL2p3_reri1_196.chk"
 (0s, XML)
Steps: 19700000 Time: 1.97        
 CPU Time: 13.446 min.

um_max = 11.6789 at x = 0.0125, y = 2.3, z = 0
ue_max = 728.302 at x = 0.0125, y = 2.3, z = 0
 
(Nodeid,phim,phie): (0,-0.278118,-563.624), (1,-0.279109,-563.65), (2,-0.331123,-565.575), (3,-0.371237,-570.459), (4,-0.42631,-578.709), (5,-0.476349,-590.215), (6,-0.511122,-604.931), (7,-0.515225,-622.716), (8,-0.467544,-643.262), (9,-0.337838,-666.023), (10,0.0879287,-690.319), (11,2.2018,-722.543),  

Writing: "NeuralEP2DL2p3_reri1_197.chk"
 (0s, XML)
Steps: 19800000 Time: 1.98        
 CPU Time: 13.4773 min.

um_max = 9.70524 at x = 0.0125, y = 2.3, z = 0
ue_max = 648.352 at x = 0.0125, y = 2.3, z = 0
 
(Nodeid,phim,phie): (0,-0.274507,-508.671), (1,-0.275465,-508.693), (2,-0.327025,-510.304), (3,-0.366978,-514.464), (4,-0.422141,-521.528), (5,-0.472867,-531.404), (6,-0.50928,-544.055), (7,-0.5164,-559.346), (8,-0.473556,-576.988), (9,-0.351921,-596.452), (10,0.0180317,-617.033), (11,1.72828,-643.49),  

Writing: "NeuralEP2DL2p3_reri1_198.chk"
 (0s, XML)
Steps: 19900000 Time: 1.99        
 CPU Time: 13.4713 min.

um_max = 7.98282 at x = 0.0125, y = 2.3, z = 0
ue_max = 481.953 at x = 0.0125, y = 2.3, z = 0
 
(Nodeid,phim,phie): (0,-0.270932,-363.67), (1,-0.271857,-363.688), (2,-0.322958,-365.03), (3,-0.362735,-368.566), (4,-0.417953,-374.605), (5,-0.469309,-383.077), (6,-0.507276,-393.946), (7,-0.517292,-407.089), (8,-0.479127,-422.229), (9,-0.365101,-438.862), (10,-0.0398891,-456.266), (11,1.34384,-477.897),  

Writing: "NeuralEP2DL2p3_reri1_199.chk"
 (0s, XML)
Steps: 20000000 Time: 2           
 CPU Time: 13.4673 min.

um_max = 6.50919 at x = 0.0125, y = 2.3, z = 0
ue_max = 419.679 at x = 0.0125, y = 2.3, z = 0
 
(Nodeid,phim,phie): (0,-0.267393,-319.413), (1,-0.268286,-319.428), (2,-0.318921,-320.54), (3,-0.358508,-323.547), (4,-0.413749,-328.717), (5,-0.465682,-335.996), (6,-0.505116,-345.354), (7,-0.517909,-356.675), (8,-0.484272,-369.699), (9,-0.377468,-383.94), (10,-0.0883711,-398.675), (11,1.03301,-416.327),  

Writing: "NeuralEP2DL2p3_reri1_200.chk"
 (0s, XML)
Time-integration  : 161893s
Writing: "NeuralEP2DL2p3_reri1.fld"
 (0s, XML)
-------------------------------------------
Total Computation Time = 161895s
-------------------------------------------
L 2 error (variable um) : 0.126266
L inf error (variable um) : 6.50919
L 2 error (variable ue) : 84.896
L inf error (variable ue) : 419.679
