Excite zone = 0, Node zone = 0.0438596, intra zone = 31.5789 %, extra zone = 73.6842 % 
npts = 30, Excite node elem. = 0, Node elem. = 1, Myelin elem. = 1, intra elem. = 24, external elem. = 56, total elem = 76
v_InitObject: Node = 600, Myelin = 120, extracell = 1560
 =======================================================================
 Moving frames 1560 / 2280 ( 68.4211 % ) are removed
 =======================================================================
Max Anistrength_1  = 167.914, Anistrength_2 = 167.914, Min Anistrength 1 = 0, Anistrength 2 = 0

MMFInitObejct Starts: ==============================================
MMFActivation = 2280 /  2280 ( 100 % ) 
Excite zone = 0, Node zone = 0.0888889, intra zone = 33.3333 %, extra zone = 77.3333 % 
npts = 30, Excite node elem. = 0, Node elem. = 2, Myelin elem. = 1, intra elem. = 25, external elem. = 58, total elem = 75
v_InitObject: Node = 510, Myelin = 240, extracell = 1500
 =======================================================================
 Moving frames 1500 / 2250 ( 66.6667 % ) are removed
 =======================================================================
Max Anistrength_1  = 167.914, Anistrength_2 = 167.914, Min Anistrength 1 = 0, Anistrength 2 = 0

MMFInitObejct Starts: ==============================================
MMFActivation = 2250 /  2250 ( 100 % ) 
Excite zone = 0, Node zone = 0.0444444, intra zone = 33.3333 %, extra zone = 72 % 
npts = 30, Excite node elem. = 0, Node elem. = 1, Myelin elem. = 1, intra elem. = 25, external elem. = 54, total elem = 75
v_InitObject: Node = 630, Myelin = 120, extracell = 1500
 =======================================================================
 Moving frames 1500 / 2250 ( 66.6667 % ) are removed
 =======================================================================
Max Anistrength_1  = 167.914, Anistrength_2 = 167.914, Min Anistrength 1 = 0, Anistrength 2 = 0

MMFInitObejct Starts: ==============================================
MMFActivation = 2250 /  2250 ( 100 % ) 
Excite zone = 0, Node zone = 0.0444444, intra zone = 33.3333 %, extra zone = 74.6667 % 
npts = 30, Excite node elem. = 0, Node elem. = 1, Myelin elem. = 1, intra elem. = 25, external elem. = 56, total elem = 77
v_InitObject: Node = 570, Myelin = 180, extracell = 1500
 =======================================================================
 Moving frames 1500 / 2250 ( 66.6667 % ) are removed
 =======================================================================
Max Anistrength_1  = 167.914, Anistrength_2 = 167.914, Min Anistrength 1 = 0, Anistrength 2 = 0

MMFInitObejct Starts: ==============================================
MMFActivation = 2250 /  2250 ( 100 % ) 
Excite zone = 0, Node zone = 0.0444444, intra zone = 33.3333 %, extra zone = 72 % 
npts = 30, Excite node elem. = 0, Node elem. = 1, Myelin elem. = 1, intra elem. = 25, external elem. = 54, total elem = 75
v_InitObject: Node = 630, Myelin = 120, extracell = 1500
 =======================================================================
 Moving frames 1500 / 2250 ( 66.6667 % ) are removed
 =======================================================================
Max Anistrength_1  = 167.914, Anistrength_2 = 167.914, Min Anistrength 1 = 0, Anistrength 2 = 0
Excite zone = 0, Node zone = 0.0888889, intra zone = 32 %, extra zone = 78.6667 % 
npts = 30, Excite node elem. = 0, Node elem. = 2, Myelin elem. = 1, intra elem. = 24, external elem. = 59, total elem = 75
v_InitObject: Node = 480, Myelin = 240, extracell = 1530
 =======================================================================
 Moving frames 1530 / 2250 ( 68 % ) are removed
 =======================================================================
Max Anistrength_1  = 167.914, Anistrength_2 = 167.914, Min Anistrength 1 = 0, Anistrength 2 = 0

MMFInitObejct Starts: ==============================================
MMFActivation = 2250 /  2250 ( 100 % ) 
Excite zone = 10.5263, Node zone = 0.0877193, intra zone = 34.2105 %, extra zone = 76.3158 % 
npts = 30, Excite node elem. = 2, Node elem. = 2, Myelin elem. = 1, intra elem. = 26, external elem. = 58, total elem = 76
v_InitObject: Node = 540, Myelin = 240, extracell = 1500
 =======================================================================
 Moving frames 1500 / 2280 ( 65.7895 % ) are removed
 =======================================================================
Max Anistrength_1  = 167.914, Anistrength_2 = 167.914, Min Anistrength 1 = 0, Anistrength 2 = 0

MMFInitObejct Starts: ==============================================
MMFActivation = 2280 /  2280 ( 100 % ) 
Excite zone = 0, Node zone = 0.0888889, intra zone = 32 %, extra zone = 78.6667 % 
npts = 30, Excite node elem. = 0, Node elem. = 2, Myelin elem. = 1, intra elem. = 24, external elem. = 59, total elem = 75
v_InitObject: Node = 480, Myelin = 240, extracell = 1530
 =======================================================================
 Moving frames 1530 / 2250 ( 68 % ) are removed
 =======================================================================
Max Anistrength_1  = 167.914, Anistrength_2 = 167.914, Min Anistrength 1 = 0, Anistrength 2 = 0

MMFInitObejct Starts: ==============================================
MMFActivation = 2250 /  2250 ( 100 % ) 
Excite zone = 0, Node zone = 0.0444444, intra zone = 34.6667 %, extra zone = 70.6667 % 
npts = 30, Excite node elem. = 0, Node elem. = 1, Myelin elem. = 1, intra elem. = 26, external elem. = 53, total elem = 75
v_InitObject: Node = 660, Myelin = 120, extracell = 1470
 =======================================================================
 Moving frames 1470 / 2250 ( 65.3333 % ) are removed
 =======================================================================
Max Anistrength_1  = 167.914, Anistrength_2 = 167.914, Min Anistrength 1 = 0, Anistrength 2 = 0

MMFInitObejct Starts: ==============================================
MMFActivation = 2250 /  2250 ( 100 % ) 
Excite zone = 0, Node zone = 0.0444444, intra zone = 34.6667 %, extra zone = 73.3333 % 
npts = 30, Excite node elem. = 0, Node elem. = 1, Myelin elem. = 1, intra elem. = 26, external elem. = 55, total elem = 77
v_InitObject: Node = 600, Myelin = 180, extracell = 1470
 =======================================================================
 Moving frames 1470 / 2250 ( 65.3333 % ) are removed
 =======================================================================
Max Anistrength_1  = 167.914, Anistrength_2 = 167.914, Min Anistrength 1 = 0, Anistrength 2 = 0

MMFInitObejct Starts: ==============================================
MMFActivation = 2250 /  2250 ( 100 % ) 
Excite zone = 0, Node zone = 0.0438596, intra zone = 32.8947 %, extra zone = 72.3684 % 
npts = 30, Excite node elem. = 0, Node elem. = 1, Myelin elem. = 1, intra elem. = 25, external elem. = 55, total elem = 76
v_InitObject: Node = 630, Myelin = 120, extracell = 1530
 =======================================================================
 Moving frames 1530 / 2280 ( 67.1053 % ) are removed
 =======================================================================
Max Anistrength_1  = 167.914, Anistrength_2 = 167.914, Min Anistrength 1 = 0, Anistrength 2 = 0

MMFInitObejct Starts: ==============================================
MMFActivation = 2280 /  2280 ( 100 % ) 
Excite zone = 0, Node zone = 0.0444444, intra zone = 33.3333 %, extra zone = 72 % 
npts = 30, Excite node elem. = 0, Node elem. = 1, Myelin elem. = 1, intra elem. = 25, external elem. = 54, total elem = 75
v_InitObject: Node = 630, Myelin = 120, extracell = 1500
 =======================================================================
 Moving frames 1500 / 2250 ( 66.6667 % ) are removed
 =======================================================================
Max Anistrength_1  = 167.914, Anistrength_2 = 167.914, Min Anistrength 1 = 0, Anistrength 2 = 0

MMFInitObejct Starts: ==============================================
MMFActivation = 2250 /  2250 ( 100 % ) 
Excite zone = 0, Node zone = 0.0444444, intra zone = 33.3333 %, extra zone = 74.6667 % 
npts = 30, Excite node elem. = 0, Node elem. = 1, Myelin elem. = 1, intra elem. = 25, external elem. = 56, total elem = 77
v_InitObject: Node = 570, Myelin = 180, extracell = 1500
 =======================================================================
 Moving frames 1500 / 2250 ( 66.6667 % ) are removed
 =======================================================================
Max Anistrength_1  = 167.914, Anistrength_2 = 167.914, Min Anistrength 1 = 0, Anistrength 2 = 0

MMFInitObejct Starts: ==============================================
MMFActivation = 2250 /  2250 ( 100 % ) 
Excite zone = 0, Node zone = 0.0438596, intra zone = 32.8947 %, extra zone = 75 % 
npts = 30, Excite node elem. = 0, Node elem. = 1, Myelin elem. = 1, intra elem. = 25, external elem. = 57, total elem = 78
v_InitObject: Node = 570, Myelin = 180, extracell = 1530
 =======================================================================
 Moving frames 1530 / 2280 ( 67.1053 % ) are removed
 =======================================================================
Max Anistrength_1  = 167.914, Anistrength_2 = 167.914, Min Anistrength 1 = 0, Anistrength 2 = 0

MMFInitObejct Starts: ==============================================
MMFActivation = 2280 /  2280 ( 100 % ) 
Excite zone = 0, Node zone = 0.0900901, intra zone = 35.1351 %, extra zone = 75.6757 % 
npts = 30, Excite node elem. = 0, Node elem. = 2, Myelin elem. = 1, intra elem. = 26, external elem. = 56, total elem = 74
v_InitObject: Node = 540, Myelin = 240, extracell = 1440
 =======================================================================
 Moving frames 1440 / 2220 ( 64.8649 % ) are removed
 =======================================================================
Max Anistrength_1  = 167.914, Anistrength_2 = 167.914, Min Anistrength 1 = 0, Anistrength 2 = 0

MMFInitObejct Starts: ==============================================
MMFActivation = 2220 /  2220 ( 100 % ) 

MMFInitObejct Starts: ==============================================
MMFActivation = 2250 /  2250 ( 100 % ) 
*** 1st Moving frames are NOT in unit length, Avg mag. = 11.8362 *** 
*** 2nd Moving frames are NOT in unit length, Avg mag. = 11.8362 *** 
*** Moving frames are Orthogonal
*** MF 0 = ( 0 , 6.65136 , 0 ) 
*** MF 1 = ( 6.65136 , 0 , 0 ) 
*** MF 2 = ( 0 , 0 , 1 ) 
MMFInitObject is done ==============================================

Phie Moving frames are generated with LOCAL direction ===============
*** 1st Moving frames are NOT in unit length, Avg mag. = 10.7961 *** 
*** 2nd Moving frames are NOT in unit length, Avg mag. = 10.7961 *** 
*** Moving frames are Orthogonal
*** MF 0 = ( 0 , 6.39939 , 0 ) 
*** 1st Moving frames are NOT in unit length, Avg mag. = 10.5961 *** 
*** 2nd Moving frames are NOT in unit length, Avg mag. = 10.5961 *** 
*** Moving frames are Orthogonal
*** MF 0 = ( 0 , 5.99403 , 0 ) 
*** MF 1 = ( 5.99403 , 0 , 0 ) 
*** MF 2 = ( 0 , 0 , 1 ) 
MMFInitObject is done ==============================================

Phie Moving frames are generated with LOCAL direction ===============
*** 1st Moving frames are NOT in unit length, Avg mag. = 10.7961 *** 
*** 2nd Moving frames are NOT in unit length, Avg mag. = 10.7961 *** 
*** Moving frames are Orthogonal
*** 1st Moving frames are NOT in unit length, Avg mag. = 10.5961 *** 
*** 2nd Moving frames are NOT in unit length, Avg mag. = 10.5961 *** 
*** Moving frames are Orthogonal
*** MF 0 = ( 0 , 5.99403 , 0 ) 
*** MF 1 = ( 5.99403 , 0 , 0 ) 
*** 1st Moving frames are NOT in unit length, Avg mag. = 11.9262 *** 
*** 2nd Moving frames are NOT in unit length, Avg mag. = 11.9262 *** 
*** Moving frames are Orthogonal
*** MF 0 = ( 0 , 7.02198 , 0 ) 
*** MF 1 = ( 7.02198 , 0 , 0 ) 
*** 1st Moving frames are NOT in unit length, Avg mag. = 11.3752 *** 
*** 2nd Moving frames are NOT in unit length, Avg mag. = 11.3752 *** 
*** Moving frames are Orthogonal
*** 1st Moving frames are NOT in unit length, Avg mag. = 11.3073 *** 
*** 2nd Moving frames are NOT in unit length, Avg mag. = 11.3073 *** 
*** Moving frames are Orthogonal
*** MF 0 = ( 0 , 6.52827 , 0 ) 
*** MF 1 = ( 6.52827 , 0 , 0 ) 
*** MF 2 = ( 0 , 0 , 1 ) 
MMFInitObject is done ==============================================

Phie Moving frames are generated with LOCAL direction ===============
*** 1st Moving frames are NOT in unit length, Avg mag. = 10.7006 *** 
*** 2nd Moving frames are NOT in unit length, Avg mag. = 10.7006 *** 
*** Moving frames are Orthogonal
*** MF 0 = ( 0 , 6.17797 , 0 ) 
*** MF 1 = ( 6.17797 , 0 , 0 ) 
*** MF 2 = ( 0 , 0 , 1 ) 
MMFInitObject is done ==============================================

Phie Moving frames are generated with LOCAL direction ===============
*** 1st Moving frames are NOT in unit length, Avg mag. = 11.8831 *** 
*** 2nd Moving frames are NOT in unit length, Avg mag. = 11.8831 *** 
*** Moving frames are Orthogonal
*** MF 0 = ( 0 , 6.86071 , 0 ) 
*** MF 1 = ( 6.86071 , 0 , 0 ) 
*** MF 2 = ( 0 , 0 , 1 ) 
MMFInitObject is done ==============================================

Phie Moving frames are generated with LOCAL direction ===============
*** 1st Moving frames are NOT in unit length, Avg mag. = 11.3073 *** 
*** 2nd Moving frames are NOT in unit length, Avg mag. = 11.3073 *** 
*** Moving frames are Orthogonal
*** MF 0 = ( 0 , 6.52827 , 0 ) 
*** MF 1 = ( 6.52827 , 0 , 0 ) 
*** MF 2 = ( 0 , 0 , 1 ) 
MMFInitObject is done ==============================================

Phie Moving frames are generated with LOCAL direction ===============
*** MF 1 = ( 6.39939 , 0 , 0 ) 
*** MF 2 = ( 0 , 0 , 1 ) 
MMFInitObject is done ==============================================

Phie Moving frames are generated with LOCAL direction ===============
*** MF 0 = ( 0 , 6.31462 , 0 ) 
*** MF 1 = ( 6.31462 , 0 , 0 ) 
*** MF 2 = ( 0 , 0 , 1 ) 
MMFInitObject is done ==============================================

Phie Moving frames are generated with LOCAL direction ===============
*** MF 2 = ( 0 , 0 , 1 ) 
MMFInitObject is done ==============================================

Phie Moving frames are generated with LOCAL direction ===============
*** MF 2 = ( 0 , 0 , 1 ) 
MMFInitObject is done ==============================================

Phie Moving frames are generated with LOCAL direction ===============
*** 1st Moving frames are NOT in unit length, Avg mag. = 11.8831 *** 
*** 2nd Moving frames are NOT in unit length, Avg mag. = 11.8831 *** 
*** Moving frames are Orthogonal
*** MF 0 = ( 0 , 6.81543 , 0 ) 
*** MF 1 = ( 6.81543 , 0 , 0 ) 
*** MF 2 = ( 0 , 0 , 1 ) 
MMFInitObject is done ==============================================

Phie Moving frames are generated with LOCAL direction ===============
*** 1st Moving frames are NOT in unit length, Avg mag. = 11.8831 *** 
*** 2nd Moving frames are NOT in unit length, Avg mag. = 11.8831 *** 
*** Moving frames are Orthogonal
*** MF 0 = ( 0 , 6.86071 , 0 ) 
*** MF 1 = ( 6.86071 , 0 , 0 ) 
*** MF 2 = ( 0 , 0 , 1 ) 
MMFInitObject is done ==============================================

Phie Moving frames are generated with LOCAL direction ===============
*** MF 0 = ( 0 , 6.69755 , 0 ) 
*** MF 1 = ( 6.69755 , 0 , 0 ) 
*** MF 2 = ( 0 , 0 , 1 ) 
MMFInitObject is done ==============================================

Phie Moving frames are generated with LOCAL direction ===============
*** 1st Moving frames are NOT in unit length, Avg mag. = 11.3073 *** 
*** 2nd Moving frames are NOT in unit length, Avg mag. = 11.3073 *** 
*** Moving frames are Orthogonal
*** MF 0 = ( 0 , 6.48518 , 0 ) 
*** MF 1 = ( 6.48518 , 0 , 0 ) 
*** MF 2 = ( 0 , 0 , 1 ) 
MMFInitObject is done ==============================================

Phie Moving frames are generated with LOCAL direction ===============
*** 1st Moving frames are NOT in unit length, Avg mag. = 11.8831 *** 
*** 2nd Moving frames are NOT in unit length, Avg mag. = 11.8831 *** 
*** Moving frames are Orthogonal
*** MF 0 = ( 0 , 6.86071 , 0 ) 
*** MF 1 = ( 6.86071 , 0 , 0 ) 
*** MF 2 = ( 0 , 0 , 1 ) 
MMFInitObject is done ==============================================

Phie Moving frames are generated with LOCAL direction ===============
*** 1st Moving frames are in unit length ***
*** 2nd Moving frames are in unit length ***
*** Moving frames are Orthogonal
*** MF 0 = ( 0.519037 , 0.854752 , 0 ) 
*** MF 1 = ( 0.854752 , 0.519037 , 0 ) 
*** MF 2 = ( 0 , 0 , 1 ) 
Max phieAnistrength_1  = 168.914, phieAnistrength_2 = 168.914, Min phieAnistrength 1 = 41.9786, phieAnistrength 2 = 41.9786

Generating m_varcoeff ================================= 
k = 0, m_varcoeff = ( 0 , 6.65136 , 0 , 9.02158e-13 , 86.1386 ) 
k = 1, m_varcoeff = ( 6.65136 , 0 , 0 , 2.61146e-12 , 86.1386 ) 
*** 1st Moving frames are in unit length ***
*** 2nd Moving frames are in unit length ***
*** Moving frames are Orthogonal
*** 1st Moving frames are in unit length ***
*** 2nd Moving frames are in unit length ***
*** Moving frames are Orthogonal
*** 1st Moving frames are in unit length ***
*** 2nd Moving frames are in unit length ***
*** Moving frames are Orthogonal
*** MF 0 = ( 0.46085 , 0.887478 , 0 ) 
*** MF 1 = ( 0.887478 , 0.46085 , 0 ) 
*** MF 2 = ( 0 , 0 , 1 ) 
*** 1st Moving frames are in unit length ***
*** 2nd Moving frames are in unit length ***
*** Moving frames are Orthogonal
*** 1st Moving frames are in unit length ***
*** 2nd Moving frames are in unit length ***
*** Moving frames are Orthogonal
k = 2, m_varcoeff = ( 0 , 0 , 1 , 0 , 1 ) 
 ::::: 2D Varcoeff is Successfully Created ::::: 

Generating m_phievarcoeff ================================= 
*** 1st Moving frames are in unit length ***
*** 2nd Moving frames are in unit length ***
*** Moving frames are Orthogonal
*** 1st Moving frames are in unit length ***
*** 2nd Moving frames are in unit length ***
*** Moving frames are Orthogonal
*** MF 0 = ( 0.4494 , 0.893331 , 0 ) 
*** MF 1 = ( 0.893331 , 0.4494 , 0 ) 
*** MF 2 = ( 0 , 0 , 1 ) 
*** 1st Moving frames are in unit length ***
*** 2nd Moving frames are in unit length ***
*** Moving frames are Orthogonal
*** MF 0 = ( 0.56886 , 0.822434 , 0 ) 
*** MF 1 = ( 0.822434 , 0.56886 , 0 ) 
*** MF 2 = ( 0 , 0 , 1 ) 
*** MF 0 = ( 0.512646 , 0.8586 , 0 ) 
*** MF 1 = ( 0.8586 , 0.512646 , 0 ) 
*** MF 2 = ( 0 , 0 , 1 ) 
*** MF 0 = ( 0.511225 , 0.859447 , 0 ) 
*** MF 1 = ( 0.859447 , 0.511225 , 0 ) 
*** MF 2 = ( 0 , 0 , 1 ) 
*** 1st Moving frames are in unit length ***
*** 2nd Moving frames are in unit length ***
*** Moving frames are Orthogonal
*** MF 0 = ( 0.394844 , 0.918748 , 0 ) 
*** MF 1 = ( 0.918748 , 0.394844 , 0 ) 
*** MF 2 = ( 0 , 0 , 1 ) 
*** 1st Moving frames are in unit length ***
*** 2nd Moving frames are in unit length ***
*** Moving frames are Orthogonal
*** MF 0 = ( 0.500927 , 0.865489 , 0 ) 
*** MF 1 = ( 0.865489 , 0.500927 , 0 ) 
*** MF 2 = ( 0 , 0 , 1 ) 
*** 1st Moving frames are in unit length ***
*** 2nd Moving frames are in unit length ***
*** Moving frames are Orthogonal
*** MF 0 = ( 0.454403 , 0.890796 , 0 ) 
Max phieAnistrength_1  = 168.914, phieAnistrength_2 = 168.914, Min phieAnistrength 1 = 41.9786, phieAnistrength 2 = 41.9786

Generating m_varcoeff ================================= 
*** 1st Moving frames are in unit length ***
*** 2nd Moving frames are in unit length ***
*** Moving frames are Orthogonal
*** MF 0 = ( 0.4857 , 0.874126 , 0 ) 
*** MF 1 = ( 0.874126 , 0.4857 , 0 ) 
*** 1st Moving frames are in unit length ***
*** 2nd Moving frames are in unit length ***
*** Moving frames are Orthogonal
*** MF 0 = ( 0.518292 , 0.855204 , 0 ) 
*** MF 1 = ( 0.855204 , 0.518292 , 0 ) 
*** MF 2 = ( 0 , 0 , 1 ) 
*** 1st Moving frames are in unit length ***
*** 2nd Moving frames are in unit length ***
*** Moving frames are Orthogonal
*** MF 0 = ( 0.462169 , 0.886792 , 0 ) 
*** MF 1 = ( 0.886792 , 0.462169 , 0 ) 
*** MF 2 = ( 0 , 0 , 1 ) 
*** MF 0 = ( 0.540725 , 0.8412 , 0 ) 
*** MF 1 = ( 0.8412 , 0.540725 , 0 ) 
*** MF 2 = ( 0 , 0 , 1 ) 
Max phieAnistrength_1  = 168.914, phieAnistrength_2 = 168.914, Min phieAnistrength 1 = 41.9786, phieAnistrength 2 = 41.9786

Generating m_varcoeff ================================= 
*** MF 0 = ( 0.54686 , 0.837224 , 0 ) 
*** MF 1 = ( 0.837224 , 0.54686 , 0 ) 
*** MF 2 = ( 0 , 0 , 1 ) 
Max phieAnistrength_1  = 168.914, phieAnistrength_2 = 168.914, Min phieAnistrength 1 = 41.9786, phieAnistrength 2 = 41.9786

Generating m_varcoeff ================================= 
*** MF 1 = ( 0.890796 , 0.454403 , 0 ) 
*** MF 2 = ( 0 , 0 , 1 ) 
Max phieAnistrength_1  = 168.914, phieAnistrength_2 = 168.914, Min phieAnistrength 1 = 41.9786, phieAnistrength 2 = 41.9786

Generating m_varcoeff ================================= 
Max phieAnistrength_1  = 168.914, phieAnistrength_2 = 168.914, Min phieAnistrength 1 = 41.9786, phieAnistrength 2 = 41.9786

Generating m_varcoeff ================================= 
*** MF 2 = ( 0 , 0 , 1 ) 
k = 0, m_varcoeff = ( 4.55525 , 7.39494 , 0 , 3.25523e-05 , 93.869 ) 
*** MF 0 = ( 0.434312 , 0.900763 , 0 ) 
*** MF 1 = ( 0.900763 , 0.434312 , 0 ) 
*** MF 2 = ( 0 , 0 , 1 ) 
Max phieAnistrength_1  = 168.914, phieAnistrength_2 = 168.914, Min phieAnistrength 1 = 41.9786, phieAnistrength 2 = 41.9786

Generating m_varcoeff ================================= 
Max phieAnistrength_1  = 168.914, phieAnistrength_2 = 168.914, Min phieAnistrength 1 = 41.9786, phieAnistrength 2 = 41.9786

Generating m_varcoeff ================================= 
Max phieAnistrength_1  = 168.914, phieAnistrength_2 = 168.914, Min phieAnistrength 1 = 41.9786, phieAnistrength 2 = 41.9786

Generating m_varcoeff ================================= 
Max phieAnistrength_1  = 168.914, phieAnistrength_2 = 168.914, Min phieAnistrength 1 = 41.9786, phieAnistrength 2 = 41.9786

Generating m_varcoeff ================================= 
Max phieAnistrength_1  = 168.914, phieAnistrength_2 = 168.914, Min phieAnistrength 1 = 41.9786, phieAnistrength 2 = 41.9786

Generating m_varcoeff ================================= 
Max phieAnistrength_1  = 168.914, phieAnistrength_2 = 168.914, Min phieAnistrength 1 = 41.9786, phieAnistrength 2 = 41.9786

Generating m_varcoeff ================================= 
Max phieAnistrength_1  = 168.914, phieAnistrength_2 = 168.914, Min phieAnistrength 1 = 41.9786, phieAnistrength 2 = 41.9786

Generating m_varcoeff ================================= 
Max phieAnistrength_1  = 168.914, phieAnistrength_2 = 168.914, Min phieAnistrength 1 = 41.9786, phieAnistrength 2 = 41.9786

Generating m_varcoeff ================================= 
k = 1, m_varcoeff = ( 7.39494 , 4.55525 , 0 , 9.30074e-05 , 93.869 ) 
Max phieAnistrength_1  = 168.914, phieAnistrength_2 = 168.914, Min phieAnistrength 1 = 41.9786, phieAnistrength 2 = 41.9786

Generating m_varcoeff ================================= 
k = 2, m_varcoeff = ( 0 , 0 , 1 , 0 , 1 ) 
 ::::: 2D Varcoeff is Successfully Created ::::: 


k = 0, m_varcoeff = ( 0 , 6.86071 , 0 , 1.00695e-12 , 88.8523 ) 
k = 0, m_varcoeff = ( 0 , 5.99403 , 0 , 8.77879e-13 , 77.557 ) 
k = 0, m_varcoeff = ( 0 , 6.52827 , 0 , 9.49191e-13 , 84.5156 ) 
k = 0, m_varcoeff = ( 0 , 6.39939 , 0 , 1.79144e-12 , 82.8155 ) 
k = 0, m_varcoeff = ( 0 , 7.02198 , 0 , 9.90311e-13 , 90.9432 ) 
k = 0, m_varcoeff = ( 0 , 5.99403 , 0 , 8.86954e-13 , 77.557 ) 
k = 1, m_varcoeff = ( 6.86071 , 0 , 0 , 2.55121e-12 , 88.8523 ) 
k = 0, m_varcoeff = ( 0 , 6.86071 , 0 , 9.51897e-13 , 88.8523 ) 
k = 0, m_varcoeff = ( 0 , 6.52827 , 0 , 9.13461e-13 , 84.5156 ) 
k = 0, m_varcoeff = ( 0 , 6.31462 , 0 , 1.77406e-12 , 81.7186 ) 
k = 1, m_varcoeff = ( 6.52827 , 0 , 0 , 2.44222e-12 , 84.5156 ) 
k = 0, m_varcoeff = ( 0 , 6.81543 , 0 , 9.58709e-13 , 88.2658 ) 
k = 1, m_varcoeff = ( 5.99403 , 0 , 0 , 2.25677e-12 , 77.557 ) 
k = 1, m_varcoeff = ( 6.39939 , 0 , 0 , 2.69349e-12 , 82.8155 ) 
k = 1, m_varcoeff = ( 7.02198 , 0 , 0 , 2.64329e-12 , 90.9432 ) 
k = 1, m_varcoeff = ( 5.99403 , 0 , 0 , 2.28555e-12 , 77.557 ) 
k = 0, m_varcoeff = ( 0 , 6.69755 , 0 , 9.41405e-13 , 86.7111 ) 
k = 0, m_varcoeff = ( 0 , 6.48518 , 0 , 9.24684e-13 , 83.9577 ) 
k = 0, m_varcoeff = ( 0 , 6.17797 , 0 , 8.78617e-13 , 79.9439 ) 
k = 2, m_varcoeff = ( 0 , 0 , 1 , 0 , 1 ) 
 ::::: 2D Varcoeff is Successfully Created ::::: 

Generating m_phievarcoeff ================================= 
k = 0, m_varcoeff = ( 0 , 6.86071 , 0 , 9.97715e-13 , 88.8523 ) 
k = 1, m_varcoeff = ( 6.81543 , 0 , 0 , 2.67257e-12 , 88.2658 ) 
k = 1, m_varcoeff = ( 6.86071 , 0 , 0 , 2.55121e-12 , 88.8523 ) 
k = 1, m_varcoeff = ( 6.31462 , 0 , 0 , 2.61923e-12 , 81.7186 ) 
k = 1, m_varcoeff = ( 6.52827 , 0 , 0 , 2.56579e-12 , 84.5156 ) 
k = 2, m_varcoeff = ( 0 , 0 , 1 , 0 , 1 ) 
 ::::: 2D Varcoeff is Successfully Created ::::: 

Generating m_phievarcoeff ================================= 
k = 2, m_varcoeff = ( 0 , 0 , 1 , 0 , 1 ) 
 ::::: 2D Varcoeff is Successfully Created ::::: 

Generating m_phievarcoeff ================================= 
k = 2, m_varcoeff = ( 0 , 0 , 1 , 0 , 1 ) 
 ::::: 2D Varcoeff is Successfully Created ::::: 

Generating m_phievarcoeff ================================= 
k = 2, m_varcoeff = ( 0 , 0 , 1 , 0 , 1 ) 
 ::::: 2D Varcoeff is Successfully Created ::::: 

Generating m_phievarcoeff ================================= 
k = 1, m_varcoeff = ( 6.69755 , 0 , 0 , 2.64311e-12 , 86.7111 ) 
k = 2, m_varcoeff = ( 0 , 0 , 1 , 0 , 1 ) 
 ::::: 2D Varcoeff is Successfully Created ::::: 

Generating m_phievarcoeff ================================= 
k = 1, m_varcoeff = ( 6.48518 , 0 , 0 , 2.48276e-12 , 83.9577 ) 
k = 1, m_varcoeff = ( 6.17797 , 0 , 0 , 2.31626e-12 , 79.9439 ) 
k = 0, m_varcoeff = ( 2.9644 , 8.29375 , 0 , 3.07318e-05 , 96.2409 ) 
k = 1, m_varcoeff = ( 6.86071 , 0 , 0 , 2.59132e-12 , 88.8523 ) 
k = 2, m_varcoeff = ( 0 , 0 , 1 , 0 , 1 ) 
 ::::: 2D Varcoeff is Successfully Created ::::: 

Generating m_phievarcoeff ================================= 
k = 0, m_varcoeff = ( 3.8404 , 7.37674 , 0 , 2.45194e-06 , 86.4996 ) 
k = 0, m_varcoeff = ( 4.71005 , 7.1259 , 0 , 2.63895e-05 , 91.0109 ) 
k = 2, m_varcoeff = ( 0 , 0 , 1 , 0 , 1 ) 
 ::::: 2D Varcoeff is Successfully Created ::::: 

Generating m_phievarcoeff ================================= 
k = 2, m_varcoeff = ( 0 , 0 , 1 , 0 , 1 ) 
 ::::: 2D Varcoeff is Successfully Created ::::: 

Generating m_phievarcoeff ================================= 
k = 0, m_varcoeff = ( 3.60107 , 8.14241 , 0 , 3.18867e-05 , 98.0777 ) 
k = 0, m_varcoeff = ( 3.58671 , 7.8327 , 0 , 3.07376e-05 , 92.47 ) 
k = 2, m_varcoeff = ( 0 , 0 , 1 , 0 , 1 ) 
 ::::: 2D Varcoeff is Successfully Created ::::: 

Generating m_phievarcoeff ================================= 
k = 2, m_varcoeff = ( 0 , 0 , 1 , 0 , 1 ) 
 ::::: 2D Varcoeff is Successfully Created ::::: 

Generating m_phievarcoeff ================================= 
k = 0, m_varcoeff = ( 4.01657 , 7.28231 , 0 , 2.80523e-05 , 86.4996 ) 
k = 1, m_varcoeff = ( 8.29375 , 2.9644 , 0 , 8.78057e-05 , 96.2409 ) 
k = 2, m_varcoeff = ( 0 , 0 , 1 , 0 , 1 ) 
 ::::: 2D Varcoeff is Successfully Created ::::: 

Generating m_phievarcoeff ================================= 
k = 2, m_varcoeff = ( 0 , 0 , 1 , 0 , 1 ) 
 ::::: 2D Varcoeff is Successfully Created ::::: 

Generating m_phievarcoeff ================================= 
k = 2, m_varcoeff = ( 0 , 0 , 1 , 0 , 1 ) 
 ::::: 2D Varcoeff is Successfully Created ::::: 

Generating m_phievarcoeff ================================= 
k = 1, m_varcoeff = ( 7.37674 , 3.8404 , 0 , 7.00572e-06 , 86.4996 ) 
k = 1, m_varcoeff = ( 7.1259 , 4.71005 , 0 , 7.53986e-05 , 91.0109 ) 
k = 0, m_varcoeff = ( 4.36465 , 7.61941 , 0 , 2.98241e-05 , 95.7268 ) 
k = 1, m_varcoeff = ( 7.8327 , 3.58671 , 0 , 8.78214e-05 , 92.47 ) 
k = 0, m_varcoeff = ( 4.36754 , 7.28507 , 0 , 1.33427e-06 , 90.0632 ) 
k = 0, m_varcoeff = ( 3.48328 , 8.08954 , 0 , 3.40545e-05 , 96.2409 ) 
k = 0, m_varcoeff = ( 4.61521 , 7.2743 , 0 , 1.70032e-05 , 92.47 ) 
k = 1, m_varcoeff = ( 8.14241 , 3.60107 , 0 , 9.1105e-05 , 98.0777 ) 
k = 1, m_varcoeff = ( 7.28231 , 4.01657 , 0 , 8.01495e-05 , 86.4996 ) 
k = 0, m_varcoeff = ( 4.61004 , 7.39295 , 0 , 3.02701e-05 , 94.3803 ) 
k = 2, m_varcoeff = ( 0 , 0 , 1 , 0 , 1 ) 
 ::::: 2D Varcoeff is Successfully Created ::::: 


k = 0, m_varcoeff = ( 3.41601 , 8.11818 , 0 , 2.36245e-06 , 96.2409 ) 
k = 0, m_varcoeff = ( 3.95072 , 7.43298 , 0 , 3.25505e-05 , 88.5387 ) 
k = 0, m_varcoeff = ( 3.9332 , 7.63685 , 0 , 3.05346e-05 , 91.9858 ) 
k = 1, m_varcoeff = ( 7.61941 , 4.36465 , 0 , 8.52118e-05 , 95.7268 ) 
k = 2, m_varcoeff = ( 0 , 0 , 1 , 0 , 1 ) 
 ::::: 2D Varcoeff is Successfully Created ::::: 


k = 2, m_varcoeff = ( 0 , 0 , 1 , 0 , 1 ) 
 ::::: 2D Varcoeff is Successfully Created ::::: 


k = 1, m_varcoeff = ( 7.2743 , 4.61521 , 0 , 4.85805e-05 , 92.47 ) 
k = 2, m_varcoeff = ( 0 , 0 , 1 , 0 , 1 ) 
 ::::: 2D Varcoeff is Successfully Created ::::: 


k = 1, m_varcoeff = ( 7.28507 , 4.36754 , 0 , 3.81187e-06 , 90.0632 ) 
k = 1, m_varcoeff = ( 8.08954 , 3.48328 , 0 , 9.72976e-05 , 96.2409 ) 
k = 2, m_varcoeff = ( 0 , 0 , 1 , 0 , 1 ) 
 ::::: 2D Varcoeff is Successfully Created ::::: 


k = 2, m_varcoeff = ( 0 , 0 , 1 , 0 , 1 ) 
 ::::: 2D Varcoeff is Successfully Created ::::: 


k = 1, m_varcoeff = ( 7.39295 , 4.61004 , 0 , 8.64859e-05 , 94.3803 ) 
k = 1, m_varcoeff = ( 8.11818 , 3.41601 , 0 , 6.74986e-06 , 96.2409 ) 
k = 1, m_varcoeff = ( 7.63685 , 3.9332 , 0 , 8.72417e-05 , 91.9858 ) 
k = 2, m_varcoeff = ( 0 , 0 , 1 , 0 , 1 ) 
 ::::: 2D Varcoeff is Successfully Created ::::: 


=======================================================================
	        EquationType: MMFNeuralEP
	        Session Name: Fiber2DEphapticPlaneL4rho4
	        Spatial Dim.: 3
	  Max SEM Exp. Order: 5
	      Num. Processes: 15
	      Expansion Dim.: 2
	     Projection Type: Continuous Galerkin
	 Advect. advancement: explicit
	Diffuse. advancement: implicit
	           Time Step: 1e-07
	        No. of Steps: 20000000
	 Checkpoints (steps): 1000000
	    Integration Type: IMEX
	             Surface: Line
	           DerivType: Euclidean
	              MMFdir: TangentY
	        NeuralEPType: NeuralEP2Dbi
	      ExtCurrentType: Ephaptic
	       GlobalSysSoln: XxtMultiLevelStaticCond
	          Fiber Type: SingleLinear
	        Fiber Length: 0.01
	         Node Length: 0.01
	       Myelin Length: 0.2
	   Total_Number_Node: 20
	    Element_per_Node: 4
	  Element_per_Myelin: 14
	         Temperature: 24
	            diameter: 0.01
	             Helmtau: 1
	                  nq: 2250
	                npts: 30
=======================================================================
k = 1, m_varcoeff = ( 7.43298 , 3.95072 , 0 , 9.30016e-05 , 88.5387 ) 
k = 2, m_varcoeff = ( 0 , 0 , 1 , 0 , 1 ) 
 ::::: 2D Varcoeff is Successfully Created ::::: 


k = 2, m_varcoeff = ( 0 , 0 , 1 , 0 , 1 ) 
 ::::: 2D Varcoeff is Successfully Created ::::: 


k = 2, m_varcoeff = ( 0 , 0 , 1 , 0 , 1 ) 
 ::::: 2D Varcoeff is Successfully Created ::::: 


k = 2, m_varcoeff = ( 0 , 0 , 1 , 0 , 1 ) 
 ::::: 2D Varcoeff is Successfully Created ::::: 


Initial Conditions:
k = 2, m_varcoeff = ( 0 , 0 , 1 , 0 , 1 ) 
 ::::: 2D Varcoeff is Successfully Created ::::: 


k = 2, m_varcoeff = ( 0 , 0 , 1 , 0 , 1 ) 
 ::::: 2D Varcoeff is Successfully Created ::::: 


k = 2, m_varcoeff = ( 0 , 0 , 1 , 0 , 1 ) 
 ::::: 2D Varcoeff is Successfully Created ::::: 


  - Field um: 0
  - Field ue: 0
Initial Conditions:
  - Field um: 0
  - Field ue: 0
Writing: "Fiber2DEphapticPlaneL4rho4_initial.chk"
 (0.00132079s, XML)
Steps: 1000000  Time: 0.1         
phi_m, max: 1.162121 at y = 0.764286./ phi_m, min: 0.000000 at y = 0.850000
phi_e, max: 5.746486 at y = 0.851787, phi_e, min: 5.627931 at y = 1.098571



Time: 0.100000
CPU Time: 226.179154 min.
phi_m, max: -0.000000 at y = 2.950000./ phi_m, min: -0.001149 at y = 2.954832
phi_e, max: 5.619991 at y = 2.954413, phi_e, min: 5.619984 at y = 3.131429


phi_m, max: 112.889024 at y = 0.220000./ phi_m, min: 0.000000 at y = -0.010000
phi_e, max: 4.045667 at y = 0.220000, phi_e, min: 3.696010 at y = 0.000587


phi_m, max: -0.000000 at y = 3.790000./ phi_m, min: -0.001150 at y = 3.794832
phi_e, max: 5.619993 at y = 3.793213, phi_e, min: 5.619981 at y = 4.010000


phi_m, max: -0.000000 at y = 4.000000./ phi_m, min: -0.001159 at y = 4.218213
phi_e, max: 5.619983 at y = 4.001787, phi_e, min: 5.619972 at y = 4.140489


phi_m, max: -0.000000 at y = 1.938571./ phi_m, min: -0.001147 at y = 2.115168
phi_e, max: 5.619990 at y = 2.115587, phi_e, min: 5.619981 at y = 1.948782


phi_m, max: -0.000000 at y = 3.580000./ phi_m, min: -0.001150 at y = 3.585168
phi_e, max: 5.619994 at y = 3.585587, phi_e, min: 5.619986 at y = 3.380000


phi_m, max: 115.885200 at y = 0.226426./ phi_m, min: 0.000000 at y = 0.220000
phi_e, max: 5.572332 at y = 0.497143, phi_e, min: 3.978198 at y = 0.220587


phi_m, max: 0.004478 at y = 1.365714./ phi_m, min: -0.000559 at y = 1.487458
phi_e, max: 5.620523 at y = 1.481787, phi_e, min: 5.620081 at y = 1.690000


phi_m, max: 0.190458 at y = 1.060000./ phi_m, min: 0.000000 at y = 1.070000
phi_e, max: 5.632505 at y = 1.063213, phi_e, min: 5.620310 at y = 1.362358


phi_m, max: 12.401412 at y = 0.468571./ phi_m, min: 0.000000 at y = 0.640000
phi_e, max: 6.225881 at y = 0.643213, phi_e, min: 5.549122 at y = 0.468571


phi_m, max: -0.000000 at y = 2.530000./ phi_m, min: -0.001148 at y = 2.745168
phi_e, max: 5.619990 at y = 2.745587, phi_e, min: 5.619984 at y = 2.629071


phi_m, max: -0.000000 at y = 3.160000./ phi_m, min: -0.001146 at y = 3.375587
phi_e, max: 5.619987 at y = 3.378213, phi_e, min: 5.619978 at y = 3.264726


phi_m, max: -0.000000 at y = 1.690000./ phi_m, min: -0.001125 at y = 1.906787
phi_e, max: 5.620104 at y = 1.632857, phi_e, min: 5.619981 at y = 1.947583


phi_m, max: -0.000000 at y = 2.291429./ phi_m, min: -0.001147 at y = 2.324832
phi_e, max: 5.619988 at y = 2.324413, phi_e, min: 5.619983 at y = 2.431918


Writing: "Fiber2DEphapticPlaneL4rho4_1.chk"
 (0.00210955s, XML)
Steps: 2000000  Time: 0.2         
phi_m, max: 0.004478 at y = 1.365714./ phi_m, min: -0.000559 at y = 1.487458
phi_e, max: 5.620523 at y = 1.481787, phi_e, min: 5.620081 at y = 1.690000
phi_m, max: 0.185100 at y = 1.365714./ phi_m, min: 0.000000 at y = 1.451429
phi_e, max: -10.662286 at y = 1.481787, phi_e, min: -10.676793 at y = 1.690000


phi_m, max: 0.190458 at y = 1.060000./ phi_m, min: 0.000000 at y = 1.070000
phi_e, max: 5.632505 at y = 1.063213, phi_e, min: 5.620310 at y = 1.362358
phi_m, max: 6.364808 at y = 1.060000./ phi_m, min: 0.000000 at y = 1.070000
phi_e, max: -10.280745 at y = 1.063213, phi_e, min: -10.669249 at y = 1.362358



Time: 0.100000
CPU Time: 226.179154 min.
phi_m, max: -0.000000 at y = 2.950000./ phi_m, min: -0.001149 at y = 2.954832
phi_e, max: 5.619991 at y = 2.954413, phi_e, min: 5.619984 at y = 3.131429

Time: 0.200000
CPU Time: 229.022576 min.
phi_m, max: -0.000000 at y = 2.950000./ phi_m, min: -0.001158 at y = 2.954832
phi_e, max: -10.680125 at y = 2.954413, phi_e, min: -10.680132 at y = 3.131429


phi_m, max: 112.889024 at y = 0.220000./ phi_m, min: 0.000000 at y = -0.010000
phi_e, max: 4.045667 at y = 0.220000, phi_e, min: 3.696010 at y = 0.000587
phi_m, max: 98.755024 at y = 0.220000./ phi_m, min: 0.000000 at y = -0.010000
phi_e, max: -8.561769 at y = 0.220000, phi_e, min: -8.714841 at y = 0.000587


phi_m, max: -0.000000 at y = 3.790000./ phi_m, min: -0.001150 at y = 3.794832
phi_e, max: 5.619993 at y = 3.793213, phi_e, min: 5.619981 at y = 4.010000
phi_m, max: -0.000000 at y = 3.790000./ phi_m, min: -0.001159 at y = 3.794832
phi_e, max: -10.680123 at y = 3.793213, phi_e, min: -10.680135 at y = 4.010000


phi_m, max: -0.000000 at y = 4.000000./ phi_m, min: -0.001159 at y = 4.218213
phi_e, max: 5.619983 at y = 4.001787, phi_e, min: 5.619972 at y = 4.140489
phi_m, max: -0.000000 at y = 4.000000./ phi_m, min: -0.001168 at y = 4.218213
phi_e, max: -10.680133 at y = 4.001787, phi_e, min: -10.680145 at y = 4.140489


phi_m, max: -0.000000 at y = 1.938571./ phi_m, min: -0.001147 at y = 2.115168
phi_e, max: 5.619990 at y = 2.115587, phi_e, min: 5.619981 at y = 1.948782
phi_m, max: -0.000000 at y = 1.938571./ phi_m, min: -0.001093 at y = 2.117458
phi_e, max: -10.680076 at y = 1.910000, phi_e, min: -10.680152 at y = 1.956932


phi_m, max: 1.162121 at y = 0.764286./ phi_m, min: 0.000000 at y = 0.850000
phi_e, max: 5.746486 at y = 0.851787, phi_e, min: 5.627931 at y = 1.098571
phi_m, max: 101.329507 at y = 0.764286./ phi_m, min: 0.000000 at y = 0.850000
phi_e, max: -8.899549 at y = 0.855587, phi_e, min: -10.457722 at y = 1.011869


phi_m, max: -0.000000 at y = 3.580000./ phi_m, min: -0.001150 at y = 3.585168
phi_e, max: 5.619994 at y = 3.585587, phi_e, min: 5.619986 at y = 3.380000
phi_m, max: -0.000000 at y = 3.580000./ phi_m, min: -0.001159 at y = 3.585168
phi_e, max: -10.680122 at y = 3.585587, phi_e, min: -10.680131 at y = 3.380000


phi_m, max: 115.885200 at y = 0.226426./ phi_m, min: 0.000000 at y = 0.220000
phi_e, max: 5.572332 at y = 0.497143, phi_e, min: 3.978198 at y = 0.220587
phi_m, max: 113.657914 at y = 0.438376./ phi_m, min: 0.000000 at y = 0.220000
phi_e, max: -8.088097 at y = 0.315714, phi_e, min: -9.004554 at y = 0.439413


phi_m, max: -0.000000 at y = 3.160000./ phi_m, min: -0.001146 at y = 3.375587
phi_e, max: 5.619987 at y = 3.378213, phi_e, min: 5.619978 at y = 3.264726
phi_m, max: -0.000000 at y = 3.160000./ phi_m, min: -0.001155 at y = 3.375587
phi_e, max: -10.680130 at y = 3.378213, phi_e, min: -10.680138 at y = 3.264726


phi_m, max: -0.000000 at y = 2.291429./ phi_m, min: -0.001147 at y = 2.324832
phi_e, max: 5.619988 at y = 2.324413, phi_e, min: 5.619983 at y = 2.431918
phi_m, max: -0.000000 at y = 2.291429./ phi_m, min: -0.001154 at y = 2.535168
phi_e, max: -10.680122 at y = 2.323213, phi_e, min: -10.680132 at y = 2.450604


phi_m, max: -0.000000 at y = 1.690000./ phi_m, min: -0.001125 at y = 1.906787
phi_e, max: 5.620104 at y = 1.632857, phi_e, min: 5.619981 at y = 1.947583
phi_m, max: 0.022215 at y = 1.661429./ phi_m, min: -0.000572 at y = 1.908376
phi_e, max: -10.676039 at y = 1.632857, phi_e, min: -10.680156 at y = 1.948782


phi_m, max: 12.401412 at y = 0.468571./ phi_m, min: 0.000000 at y = 0.640000
phi_e, max: 6.225881 at y = 0.643213, phi_e, min: 5.549122 at y = 0.468571
phi_m, max: 115.915580 at y = 0.644832./ phi_m, min: 0.000000 at y = 0.640000
phi_e, max: -8.899324 at y = 0.471928, phi_e, min: -11.171729 at y = 0.648213


phi_m, max: -0.000000 at y = 2.530000./ phi_m, min: -0.001148 at y = 2.745168
phi_e, max: 5.619990 at y = 2.745587, phi_e, min: 5.619984 at y = 2.629071
phi_m, max: -0.000000 at y = 2.530000./ phi_m, min: -0.001157 at y = 2.745168
phi_e, max: -10.680127 at y = 2.745587, phi_e, min: -10.680132 at y = 2.634726


Writing: "Fiber2DEphapticPlaneL4rho4_2.chk"
 (0.00210798s, XML)
Steps: 3000000  Time: 0.3         
phi_m, max: -0.000000 at y = 1.938571./ phi_m, min: -0.001147 at y = 2.115168
phi_e, max: 5.619990 at y = 2.115587, phi_e, min: 5.619981 at y = 1.948782
phi_m, max: -0.000000 at y = 1.938571./ phi_m, min: -0.001093 at y = 2.117458
phi_e, max: -10.680076 at y = 1.910000, phi_e, min: -10.680152 at y = 1.956932
phi_m, max: 0.006349 at y = 1.916318./ phi_m, min: -0.000539 at y = 2.118376
phi_e, max: 2.180543 at y = 1.910000, phi_e, min: 2.179723 at y = 1.956932


phi_m, max: 1.162121 at y = 0.764286./ phi_m, min: 0.000000 at y = 0.850000
phi_e, max: 5.746486 at y = 0.851787, phi_e, min: 5.627931 at y = 1.098571
phi_m, max: 101.329507 at y = 0.764286./ phi_m, min: 0.000000 at y = 0.850000
phi_e, max: -8.899549 at y = 0.855587, phi_e, min: -10.457722 at y = 1.011869
phi_m, max: 115.701813 at y = 1.061787./ phi_m, min: 0.000000 at y = 0.850000
phi_e, max: -7.264433 at y = 0.782646, phi_e, min: -9.482873 at y = 1.066787


phi_m, max: -0.000000 at y = 3.580000./ phi_m, min: -0.001150 at y = 3.585168
phi_e, max: 5.619994 at y = 3.585587, phi_e, min: 5.619986 at y = 3.380000
phi_m, max: -0.000000 at y = 3.580000./ phi_m, min: -0.001159 at y = 3.585168
phi_e, max: -10.680122 at y = 3.585587, phi_e, min: -10.680131 at y = 3.380000
phi_m, max: -0.000000 at y = 3.580000./ phi_m, min: -0.001150 at y = 3.585168
phi_e, max: 2.179921 at y = 3.585587, phi_e, min: 2.179913 at y = 3.380000


phi_m, max: 0.190458 at y = 1.060000./ phi_m, min: 0.000000 at y = 1.070000
phi_e, max: 5.632505 at y = 1.063213, phi_e, min: 5.620310 at y = 1.362358
phi_m, max: 6.364808 at y = 1.060000./ phi_m, min: 0.000000 at y = 1.070000
phi_e, max: -10.280745 at y = 1.063213, phi_e, min: -10.669249 at y = 1.362358
phi_m, max: 115.689359 at y = 1.061787./ phi_m, min: 0.000000 at y = 1.070000
phi_e, max: 2.594853 at y = 1.274413, phi_e, min: -9.503351 at y = 1.066787


phi_m, max: 0.004478 at y = 1.365714./ phi_m, min: -0.000559 at y = 1.487458
phi_e, max: 5.620523 at y = 1.481787, phi_e, min: 5.620081 at y = 1.690000
phi_m, max: 0.185100 at y = 1.365714./ phi_m, min: 0.000000 at y = 1.451429
phi_e, max: -10.662286 at y = 1.481787, phi_e, min: -10.676793 at y = 1.690000
phi_m, max: 2.046201 at y = 1.365714./ phi_m, min: 0.000000 at y = 1.451429
phi_e, max: 2.375620 at y = 1.481787, phi_e, min: 2.216403 at y = 1.690000



Time: 0.100000
CPU Time: 226.179154 min.
phi_m, max: -0.000000 at y = 2.950000./ phi_m, min: -0.001149 at y = 2.954832
phi_e, max: 5.619991 at y = 2.954413, phi_e, min: 5.619984 at y = 3.131429

Time: 0.200000
CPU Time: 229.022576 min.
phi_m, max: -0.000000 at y = 2.950000./ phi_m, min: -0.001158 at y = 2.954832
phi_e, max: -10.680125 at y = 2.954413, phi_e, min: -10.680132 at y = 3.131429

Time: 0.300000
CPU Time: 230.519171 min.
phi_m, max: -0.000000 at y = 2.950000./ phi_m, min: -0.001149 at y = 2.955168
phi_e, max: 2.179918 at y = 2.954413, phi_e, min: 2.179911 at y = 3.131429


phi_m, max: -0.000000 at y = 2.291429./ phi_m, min: -0.001147 at y = 2.324832
phi_e, max: 5.619988 at y = 2.324413, phi_e, min: 5.619983 at y = 2.431918
phi_m, max: -0.000000 at y = 2.291429./ phi_m, min: -0.001154 at y = 2.535168
phi_e, max: -10.680122 at y = 2.323213, phi_e, min: -10.680132 at y = 2.450604
phi_m, max: -0.000000 at y = 2.291429./ phi_m, min: -0.001131 at y = 2.536367
phi_e, max: 2.179987 at y = 2.205714, phi_e, min: 2.179916 at y = 2.485225


phi_m, max: -0.000000 at y = 3.160000./ phi_m, min: -0.001146 at y = 3.375587
phi_e, max: 5.619987 at y = 3.378213, phi_e, min: 5.619978 at y = 3.264726
phi_m, max: -0.000000 at y = 3.160000./ phi_m, min: -0.001155 at y = 3.375587
phi_e, max: -10.680130 at y = 3.378213, phi_e, min: -10.680138 at y = 3.264726
phi_m, max: -0.000000 at y = 3.160000./ phi_m, min: -0.001147 at y = 3.375587
phi_e, max: 2.179913 at y = 3.378213, phi_e, min: 2.179905 at y = 3.264726


phi_m, max: 112.889024 at y = 0.220000./ phi_m, min: 0.000000 at y = -0.010000
phi_e, max: 4.045667 at y = 0.220000, phi_e, min: 3.696010 at y = 0.000587
phi_m, max: 98.755024 at y = 0.220000./ phi_m, min: 0.000000 at y = -0.010000
phi_e, max: -8.561769 at y = 0.220000, phi_e, min: -8.714841 at y = 0.000587
phi_m, max: 79.667367 at y = 0.220000./ phi_m, min: 0.000000 at y = -0.010000
phi_e, max: -6.858655 at y = 0.220000, phi_e, min: -6.899140 at y = 0.000587


phi_m, max: -0.000000 at y = 4.000000./ phi_m, min: -0.001159 at y = 4.218213
phi_e, max: 5.619983 at y = 4.001787, phi_e, min: 5.619972 at y = 4.140489
phi_m, max: -0.000000 at y = 4.000000./ phi_m, min: -0.001168 at y = 4.218213
phi_e, max: -10.680133 at y = 4.001787, phi_e, min: -10.680145 at y = 4.140489
phi_m, max: -0.000000 at y = 4.000000./ phi_m, min: -0.001159 at y = 4.218213
phi_e, max: 2.179910 at y = 4.001787, phi_e, min: 2.179899 at y = 4.140489


phi_m, max: 115.885200 at y = 0.226426./ phi_m, min: 0.000000 at y = 0.220000
phi_e, max: 5.572332 at y = 0.497143, phi_e, min: 3.978198 at y = 0.220587
phi_m, max: 113.657914 at y = 0.438376./ phi_m, min: 0.000000 at y = 0.220000
phi_e, max: -8.088097 at y = 0.315714, phi_e, min: -9.004554 at y = 0.439413
phi_m, max: 99.931645 at y = 0.439413./ phi_m, min: 0.000000 at y = 0.220000
phi_e, max: -6.502838 at y = 0.318676, phi_e, min: -7.112208 at y = 0.438213


phi_m, max: -0.000000 at y = 2.530000./ phi_m, min: -0.001148 at y = 2.745168
phi_e, max: 5.619990 at y = 2.745587, phi_e, min: 5.619984 at y = 2.629071
phi_m, max: -0.000000 at y = 2.530000./ phi_m, min: -0.001157 at y = 2.745168
phi_e, max: -10.680127 at y = 2.745587, phi_e, min: -10.680132 at y = 2.634726
phi_m, max: -0.000000 at y = 2.530000./ phi_m, min: -0.001147 at y = 2.745168
phi_e, max: 2.179921 at y = 2.534413, phi_e, min: 2.179913 at y = 2.655485


phi_m, max: -0.000000 at y = 3.790000./ phi_m, min: -0.001150 at y = 3.794832
phi_e, max: 5.619993 at y = 3.793213, phi_e, min: 5.619981 at y = 4.010000
phi_m, max: -0.000000 at y = 3.790000./ phi_m, min: -0.001159 at y = 3.794832
phi_e, max: -10.680123 at y = 3.793213, phi_e, min: -10.680135 at y = 4.010000
phi_m, max: -0.000000 at y = 3.790000./ phi_m, min: -0.001151 at y = 3.794832
phi_e, max: 2.179920 at y = 3.793213, phi_e, min: 2.179908 at y = 4.010000


phi_m, max: -0.000000 at y = 1.690000./ phi_m, min: -0.001125 at y = 1.906787
phi_e, max: 5.620104 at y = 1.632857, phi_e, min: 5.619981 at y = 1.947583
phi_m, max: 0.022215 at y = 1.661429./ phi_m, min: -0.000572 at y = 1.908376
phi_e, max: -10.676039 at y = 1.632857, phi_e, min: -10.680156 at y = 1.948782
phi_m, max: 0.253723 at y = 1.661429./ phi_m, min: 0.000000 at y = 1.690000
phi_e, max: 2.224669 at y = 1.632857, phi_e, min: 2.179681 at y = 1.948782


phi_m, max: 12.401412 at y = 0.468571./ phi_m, min: 0.000000 at y = 0.640000
phi_e, max: 6.225881 at y = 0.643213, phi_e, min: 5.549122 at y = 0.468571
phi_m, max: 115.915580 at y = 0.644832./ phi_m, min: 0.000000 at y = 0.640000
phi_e, max: -8.899324 at y = 0.471928, phi_e, min: -11.171729 at y = 0.648213
phi_m, max: 108.750059 at y = 0.649413./ phi_m, min: 0.000000 at y = 0.640000
phi_e, max: -7.040250 at y = 0.478782, phi_e, min: -7.649416 at y = 0.648213


Writing: "Fiber2DEphapticPlaneL4rho4_3.chk"
 (0.00213974s, XML)
Steps: 4000000  Time: 0.4         
phi_m, max: -0.000000 at y = 3.790000./ phi_m, min: -0.001150 at y = 3.794832
phi_e, max: 5.619993 at y = 3.793213, phi_e, min: 5.619981 at y = 4.010000
phi_m, max: -0.000000 at y = 3.790000./ phi_m, min: -0.001159 at y = 3.794832
phi_e, max: -10.680123 at y = 3.793213, phi_e, min: -10.680135 at y = 4.010000
phi_m, max: -0.000000 at y = 3.790000./ phi_m, min: -0.001151 at y = 3.794832
phi_e, max: 2.179920 at y = 3.793213, phi_e, min: 2.179908 at y = 4.010000
phi_m, max: -0.000000 at y = 3.790000./ phi_m, min: -0.001140 at y = 3.794832
phi_e, max: -3.181339 at y = 3.793213, phi_e, min: -3.181351 at y = 4.010000


phi_m, max: -0.000000 at y = 4.000000./ phi_m, min: -0.001159 at y = 4.218213
phi_e, max: 5.619983 at y = 4.001787, phi_e, min: 5.619972 at y = 4.140489
phi_m, max: -0.000000 at y = 4.000000./ phi_m, min: -0.001168 at y = 4.218213
phi_e, max: -10.680133 at y = 4.001787, phi_e, min: -10.680145 at y = 4.140489
phi_m, max: -0.000000 at y = 4.000000./ phi_m, min: -0.001159 at y = 4.218213
phi_e, max: 2.179910 at y = 4.001787, phi_e, min: 2.179899 at y = 4.140489
phi_m, max: -0.000000 at y = 4.000000./ phi_m, min: -0.001148 at y = 4.218213
phi_e, max: -3.181349 at y = 4.001787, phi_e, min: -3.181360 at y = 4.140489


phi_m, max: -0.000000 at y = 2.291429./ phi_m, min: -0.001147 at y = 2.324832
phi_e, max: 5.619988 at y = 2.324413, phi_e, min: 5.619983 at y = 2.431918
phi_m, max: -0.000000 at y = 2.291429./ phi_m, min: -0.001154 at y = 2.535168
phi_e, max: -10.680122 at y = 2.323213, phi_e, min: -10.680132 at y = 2.450604
phi_m, max: -0.000000 at y = 2.291429./ phi_m, min: -0.001131 at y = 2.536367
phi_e, max: 2.179987 at y = 2.205714, phi_e, min: 2.179916 at y = 2.485225
phi_m, max: 0.051613 at y = 2.234286./ phi_m, min: -0.000452 at y = 2.538825
phi_e, max: -3.175581 at y = 2.205714, phi_e, min: -3.181052 at y = 2.499272


phi_m, max: -0.000000 at y = 3.160000./ phi_m, min: -0.001146 at y = 3.375587
phi_e, max: 5.619987 at y = 3.378213, phi_e, min: 5.619978 at y = 3.264726
phi_m, max: -0.000000 at y = 3.160000./ phi_m, min: -0.001155 at y = 3.375587
phi_e, max: -10.680130 at y = 3.378213, phi_e, min: -10.680138 at y = 3.264726
phi_m, max: -0.000000 at y = 3.160000./ phi_m, min: -0.001147 at y = 3.375587
phi_e, max: 2.179913 at y = 3.378213, phi_e, min: 2.179905 at y = 3.264726
phi_m, max: -0.000000 at y = 3.160000./ phi_m, min: -0.001135 at y = 3.375587
phi_e, max: -3.181344 at y = 3.163213, phi_e, min: -3.181354 at y = 3.274075


phi_m, max: -0.000000 at y = 2.530000./ phi_m, min: -0.001148 at y = 2.745168
phi_e, max: 5.619990 at y = 2.745587, phi_e, min: 5.619984 at y = 2.629071
phi_m, max: -0.000000 at y = 2.530000./ phi_m, min: -0.001157 at y = 2.745168
phi_e, max: -10.680127 at y = 2.745587, phi_e, min: -10.680132 at y = 2.634726
phi_m, max: -0.000000 at y = 2.530000./ phi_m, min: -0.001147 at y = 2.745168
phi_e, max: 2.179921 at y = 2.534413, phi_e, min: 2.179913 at y = 2.655485
phi_m, max: 0.007552 at y = 2.530000./ phi_m, min: -0.001022 at y = 2.746367
phi_e, max: -3.180855 at y = 2.533213, phi_e, min: -3.181336 at y = 2.829396


phi_m, max: 112.889024 at y = 0.220000./ phi_m, min: 0.000000 at y = -0.010000
phi_e, max: 4.045667 at y = 0.220000, phi_e, min: 3.696010 at y = 0.000587
phi_m, max: 98.755024 at y = 0.220000./ phi_m, min: 0.000000 at y = -0.010000
phi_e, max: -8.561769 at y = 0.220000, phi_e, min: -8.714841 at y = 0.000587
phi_m, max: 79.667367 at y = 0.220000./ phi_m, min: 0.000000 at y = -0.010000
phi_e, max: -6.858655 at y = 0.220000, phi_e, min: -6.899140 at y = 0.000587
phi_m, max: 59.698380 at y = 0.220000./ phi_m, min: 0.000000 at y = -0.010000
phi_e, max: -1.607974 at y = 0.016787, phi_e, min: -1.662972 at y = 0.220000


phi_m, max: 0.004478 at y = 1.365714./ phi_m, min: -0.000559 at y = 1.487458
phi_e, max: 5.620523 at y = 1.481787, phi_e, min: 5.620081 at y = 1.690000
phi_m, max: 0.185100 at y = 1.365714./ phi_m, min: 0.000000 at y = 1.451429
phi_e, max: -10.662286 at y = 1.481787, phi_e, min: -10.676793 at y = 1.690000
phi_m, max: 2.046201 at y = 1.365714./ phi_m, min: 0.000000 at y = 1.451429
phi_e, max: 2.375620 at y = 1.481787, phi_e, min: 2.216403 at y = 1.690000
phi_m, max: 114.767189 at y = 1.480587./ phi_m, min: 0.000000 at y = 1.451429
phi_e, max: -0.140884 at y = 1.690000, phi_e, min: -4.155988 at y = 1.484551


phi_m, max: -0.000000 at y = 1.938571./ phi_m, min: -0.001147 at y = 2.115168
phi_e, max: 5.619990 at y = 2.115587, phi_e, min: 5.619981 at y = 1.948782
phi_m, max: -0.000000 at y = 1.938571./ phi_m, min: -0.001093 at y = 2.117458
phi_e, max: -10.680076 at y = 1.910000, phi_e, min: -10.680152 at y = 1.956932
phi_m, max: 0.006349 at y = 1.916318./ phi_m, min: -0.000539 at y = 2.118376
phi_e, max: 2.180543 at y = 1.910000, phi_e, min: 2.179723 at y = 1.956932
phi_m, max: 0.580125 at y = 1.916318./ phi_m, min: 0.000000 at y = 1.938571
phi_e, max: -3.131556 at y = 1.910000, phi_e, min: -3.195817 at y = 1.956932


phi_m, max: 1.162121 at y = 0.764286./ phi_m, min: 0.000000 at y = 0.850000
phi_e, max: 5.746486 at y = 0.851787, phi_e, min: 5.627931 at y = 1.098571
phi_m, max: 101.329507 at y = 0.764286./ phi_m, min: 0.000000 at y = 0.850000
phi_e, max: -8.899549 at y = 0.855587, phi_e, min: -10.457722 at y = 1.011869
phi_m, max: 115.701813 at y = 1.061787./ phi_m, min: 0.000000 at y = 0.850000
phi_e, max: -7.264433 at y = 0.782646, phi_e, min: -9.482873 at y = 1.066787
phi_m, max: 110.602250 at y = 1.069413./ phi_m, min: 0.000000 at y = 0.850000
phi_e, max: -1.841198 at y = 0.961918, phi_e, min: -2.227364 at y = 0.851787


phi_m, max: -0.000000 at y = 3.580000./ phi_m, min: -0.001150 at y = 3.585168
phi_e, max: 5.619994 at y = 3.585587, phi_e, min: 5.619986 at y = 3.380000
phi_m, max: -0.000000 at y = 3.580000./ phi_m, min: -0.001159 at y = 3.585168
phi_e, max: -10.680122 at y = 3.585587, phi_e, min: -10.680131 at y = 3.380000
phi_m, max: -0.000000 at y = 3.580000./ phi_m, min: -0.001150 at y = 3.585168
phi_e, max: 2.179921 at y = 3.585587, phi_e, min: 2.179913 at y = 3.380000
phi_m, max: -0.000000 at y = 3.580000./ phi_m, min: -0.001140 at y = 3.585168
phi_e, max: -3.181338 at y = 3.585587, phi_e, min: -3.181346 at y = 3.380000


phi_m, max: 0.190458 at y = 1.060000./ phi_m, min: 0.000000 at y = 1.070000
phi_e, max: 5.632505 at y = 1.063213, phi_e, min: 5.620310 at y = 1.362358
phi_m, max: 6.364808 at y = 1.060000./ phi_m, min: 0.000000 at y = 1.070000
phi_e, max: -10.280745 at y = 1.063213, phi_e, min: -10.669249 at y = 1.362358
phi_m, max: 115.689359 at y = 1.061787./ phi_m, min: 0.000000 at y = 1.070000
phi_e, max: 2.594853 at y = 1.274413, phi_e, min: -9.503351 at y = 1.066787
phi_m, max: 115.621804 at y = 1.278213./ phi_m, min: 0.000000 at y = 1.070000
phi_e, max: -1.839447 at y = 1.154515, phi_e, min: -2.563333 at y = 1.278213



Time: 0.100000
CPU Time: 226.179154 min.
phi_m, max: -0.000000 at y = 2.950000./ phi_m, min: -0.001149 at y = 2.954832
phi_e, max: 5.619991 at y = 2.954413, phi_e, min: 5.619984 at y = 3.131429

Time: 0.200000
CPU Time: 229.022576 min.
phi_m, max: -0.000000 at y = 2.950000./ phi_m, min: -0.001158 at y = 2.954832
phi_e, max: -10.680125 at y = 2.954413, phi_e, min: -10.680132 at y = 3.131429

Time: 0.300000
CPU Time: 230.519171 min.
phi_m, max: -0.000000 at y = 2.950000./ phi_m, min: -0.001149 at y = 2.955168
phi_e, max: 2.179918 at y = 2.954413, phi_e, min: 2.179911 at y = 3.131429

Time: 0.400000
CPU Time: 230.305223 min.
phi_m, max: -0.000000 at y = 2.950000./ phi_m, min: -0.001113 at y = 2.956367
phi_e, max: -3.181324 at y = 2.953213, phi_e, min: -3.181345 at y = 3.131429


phi_m, max: -0.000000 at y = 1.690000./ phi_m, min: -0.001125 at y = 1.906787
phi_e, max: 5.620104 at y = 1.632857, phi_e, min: 5.619981 at y = 1.947583
phi_m, max: 0.022215 at y = 1.661429./ phi_m, min: -0.000572 at y = 1.908376
phi_e, max: -10.676039 at y = 1.632857, phi_e, min: -10.680156 at y = 1.948782
phi_m, max: 0.253723 at y = 1.661429./ phi_m, min: 0.000000 at y = 1.690000
phi_e, max: 2.224669 at y = 1.632857, phi_e, min: 2.179681 at y = 1.948782
phi_m, max: 20.120537 at y = 1.661429./ phi_m, min: 0.000000 at y = 1.690000
phi_e, max: -0.086107 at y = 1.691787, phi_e, min: -3.199144 at y = 1.948782


phi_m, max: 12.401412 at y = 0.468571./ phi_m, min: 0.000000 at y = 0.640000
phi_e, max: 6.225881 at y = 0.643213, phi_e, min: 5.549122 at y = 0.468571
phi_m, max: 115.915580 at y = 0.644832./ phi_m, min: 0.000000 at y = 0.640000
phi_e, max: -8.899324 at y = 0.471928, phi_e, min: -11.171729 at y = 0.648213
phi_m, max: 108.750059 at y = 0.649413./ phi_m, min: 0.000000 at y = 0.640000
phi_e, max: -7.040250 at y = 0.478782, phi_e, min: -7.649416 at y = 0.648213
phi_m, max: 92.535536 at y = 0.792857./ phi_m, min: 0.000000 at y = 0.640000
phi_e, max: -1.884639 at y = 0.478782, phi_e, min: -2.334205 at y = 0.648213


phi_m, max: 115.885200 at y = 0.226426./ phi_m, min: 0.000000 at y = 0.220000
phi_e, max: 5.572332 at y = 0.497143, phi_e, min: 3.978198 at y = 0.220587
phi_m, max: 113.657914 at y = 0.438376./ phi_m, min: 0.000000 at y = 0.220000
phi_e, max: -8.088097 at y = 0.315714, phi_e, min: -9.004554 at y = 0.439413
phi_m, max: 99.931645 at y = 0.439413./ phi_m, min: 0.000000 at y = 0.220000
phi_e, max: -6.502838 at y = 0.318676, phi_e, min: -7.112208 at y = 0.438213
phi_m, max: 80.920607 at y = 0.440000./ phi_m, min: 0.000000 at y = 0.220000
phi_e, max: -1.427514 at y = 0.312358, phi_e, min: -1.939219 at y = 0.438213


Writing: "Fiber2DEphapticPlaneL4rho4_4.chk"
 (0.00221636s, XML)
Steps: 5000000  Time: 0.5         
phi_m, max: -0.000000 at y = 2.530000./ phi_m, min: -0.001148 at y = 2.745168
phi_e, max: 5.619990 at y = 2.745587, phi_e, min: 5.619984 at y = 2.629071
phi_m, max: -0.000000 at y = 2.530000./ phi_m, min: -0.001157 at y = 2.745168
phi_e, max: -10.680127 at y = 2.745587, phi_e, min: -10.680132 at y = 2.634726
phi_m, max: -0.000000 at y = 2.530000./ phi_m, min: -0.001147 at y = 2.745168
phi_e, max: 2.179921 at y = 2.534413, phi_e, min: 2.179913 at y = 2.655485
phi_m, max: 0.007552 at y = 2.530000./ phi_m, min: -0.001022 at y = 2.746367
phi_e, max: -3.180855 at y = 2.533213, phi_e, min: -3.181336 at y = 2.829396
phi_m, max: 0.114028 at y = 2.530000./ phi_m, min: 0.000000 at y = 2.530000
phi_e, max: 14.403599 at y = 2.533213, phi_e, min: 14.397204 at y = 2.829396


phi_m, max: 112.889024 at y = 0.220000./ phi_m, min: 0.000000 at y = -0.010000
phi_e, max: 4.045667 at y = 0.220000, phi_e, min: 3.696010 at y = 0.000587
phi_m, max: 98.755024 at y = 0.220000./ phi_m, min: 0.000000 at y = -0.010000
phi_e, max: -8.561769 at y = 0.220000, phi_e, min: -8.714841 at y = 0.000587
phi_m, max: 79.667367 at y = 0.220000./ phi_m, min: 0.000000 at y = -0.010000
phi_e, max: -6.858655 at y = 0.220000, phi_e, min: -6.899140 at y = 0.000587
phi_m, max: 59.698380 at y = 0.220000./ phi_m, min: 0.000000 at y = -0.010000
phi_e, max: -1.607974 at y = 0.016787, phi_e, min: -1.662972 at y = 0.220000
phi_m, max: 41.845566 at y = 0.220000./ phi_m, min: 0.000000 at y = -0.010000
phi_e, max: 10.433197 at y = 0.016787, phi_e, min: 10.358668 at y = 0.220000


phi_m, max: 0.004478 at y = 1.365714./ phi_m, min: -0.000559 at y = 1.487458
phi_e, max: 5.620523 at y = 1.481787, phi_e, min: 5.620081 at y = 1.690000
phi_m, max: 0.185100 at y = 1.365714./ phi_m, min: 0.000000 at y = 1.451429
phi_e, max: -10.662286 at y = 1.481787, phi_e, min: -10.676793 at y = 1.690000
phi_m, max: 2.046201 at y = 1.365714./ phi_m, min: 0.000000 at y = 1.451429
phi_e, max: 2.375620 at y = 1.481787, phi_e, min: 2.216403 at y = 1.690000
phi_m, max: 114.767189 at y = 1.480587./ phi_m, min: 0.000000 at y = 1.451429
phi_e, max: -0.140884 at y = 1.690000, phi_e, min: -4.155988 at y = 1.484551
phi_m, max: 113.142496 at y = 1.690000./ phi_m, min: 0.000000 at y = 1.451429
phi_e, max: 10.379736 at y = 1.690000, phi_e, min: 9.660769 at y = 1.481787


phi_m, max: -0.000000 at y = 1.938571./ phi_m, min: -0.001147 at y = 2.115168
phi_e, max: 5.619990 at y = 2.115587, phi_e, min: 5.619981 at y = 1.948782
phi_m, max: -0.000000 at y = 1.938571./ phi_m, min: -0.001093 at y = 2.117458
phi_e, max: -10.680076 at y = 1.910000, phi_e, min: -10.680152 at y = 1.956932
phi_m, max: 0.006349 at y = 1.916318./ phi_m, min: -0.000539 at y = 2.118376
phi_e, max: 2.180543 at y = 1.910000, phi_e, min: 2.179723 at y = 1.956932
phi_m, max: 0.580125 at y = 1.916318./ phi_m, min: 0.000000 at y = 1.938571
phi_e, max: -3.131556 at y = 1.910000, phi_e, min: -3.195817 at y = 1.956932
phi_m, max: 7.976606 at y = 1.910000./ phi_m, min: 0.000000 at y = 1.938571
phi_e, max: 14.721723 at y = 2.113213, phi_e, min: 14.228766 at y = 1.920211


phi_m, max: 1.162121 at y = 0.764286./ phi_m, min: 0.000000 at y = 0.850000
phi_e, max: 5.746486 at y = 0.851787, phi_e, min: 5.627931 at y = 1.098571
phi_m, max: 101.329507 at y = 0.764286./ phi_m, min: 0.000000 at y = 0.850000
phi_e, max: -8.899549 at y = 0.855587, phi_e, min: -10.457722 at y = 1.011869
phi_m, max: 115.701813 at y = 1.061787./ phi_m, min: 0.000000 at y = 0.850000
phi_e, max: -7.264433 at y = 0.782646, phi_e, min: -9.482873 at y = 1.066787
phi_m, max: 110.602250 at y = 1.069413./ phi_m, min: 0.000000 at y = 0.850000
phi_e, max: -1.841198 at y = 0.961918, phi_e, min: -2.227364 at y = 0.851787
phi_m, max: 94.760776 at y = 1.069413./ phi_m, min: 0.000000 at y = 0.850000
phi_e, max: 10.162382 at y = 0.955925, phi_e, min: 9.843736 at y = 1.064413


phi_m, max: -0.000000 at y = 3.580000./ phi_m, min: -0.001150 at y = 3.585168
phi_e, max: 5.619994 at y = 3.585587, phi_e, min: 5.619986 at y = 3.380000
phi_m, max: -0.000000 at y = 3.580000./ phi_m, min: -0.001159 at y = 3.585168
phi_e, max: -10.680122 at y = 3.585587, phi_e, min: -10.680131 at y = 3.380000
phi_m, max: -0.000000 at y = 3.580000./ phi_m, min: -0.001150 at y = 3.585168
phi_e, max: 2.179921 at y = 3.585587, phi_e, min: 2.179913 at y = 3.380000
phi_m, max: -0.000000 at y = 3.580000./ phi_m, min: -0.001140 at y = 3.585168
phi_e, max: -3.181338 at y = 3.585587, phi_e, min: -3.181346 at y = 3.380000
phi_m, max: -0.000000 at y = 3.580000./ phi_m, min: -0.001129 at y = 3.585168
phi_e, max: 14.397092 at y = 3.585587, phi_e, min: 14.397084 at y = 3.408571



Time: 0.100000
CPU Time: 226.179154 min.
phi_m, max: -0.000000 at y = 2.950000./ phi_m, min: -0.001149 at y = 2.954832
phi_e, max: 5.619991 at y = 2.954413, phi_e, min: 5.619984 at y = 3.131429

Time: 0.200000
CPU Time: 229.022576 min.
phi_m, max: -0.000000 at y = 2.950000./ phi_m, min: -0.001158 at y = 2.954832
phi_e, max: -10.680125 at y = 2.954413, phi_e, min: -10.680132 at y = 3.131429

Time: 0.300000
CPU Time: 230.519171 min.
phi_m, max: -0.000000 at y = 2.950000./ phi_m, min: -0.001149 at y = 2.955168
phi_e, max: 2.179918 at y = 2.954413, phi_e, min: 2.179911 at y = 3.131429

Time: 0.400000
CPU Time: 230.305223 min.
phi_m, max: -0.000000 at y = 2.950000./ phi_m, min: -0.001113 at y = 2.956367
phi_e, max: -3.181324 at y = 2.953213, phi_e, min: -3.181345 at y = 3.131429

Time: 0.500000
CPU Time: 231.587102 min.
phi_m, max: 0.001731 at y = 2.807143./ phi_m, min: -0.000844 at y = 2.957458
phi_e, max: 14.397320 at y = 2.951787, phi_e, min: 14.397123 at y = 3.129272


phi_m, max: 115.885200 at y = 0.226426./ phi_m, min: 0.000000 at y = 0.220000
phi_e, max: 5.572332 at y = 0.497143, phi_e, min: 3.978198 at y = 0.220587
phi_m, max: 113.657914 at y = 0.438376./ phi_m, min: 0.000000 at y = 0.220000
phi_e, max: -8.088097 at y = 0.315714, phi_e, min: -9.004554 at y = 0.439413
phi_m, max: 99.931645 at y = 0.439413./ phi_m, min: 0.000000 at y = 0.220000
phi_e, max: -6.502838 at y = 0.318676, phi_e, min: -7.112208 at y = 0.438213
phi_m, max: 80.920607 at y = 0.440000./ phi_m, min: 0.000000 at y = 0.220000
phi_e, max: -1.427514 at y = 0.312358, phi_e, min: -1.939219 at y = 0.438213
phi_m, max: 60.907237 at y = 0.468571./ phi_m, min: 0.000000 at y = 0.220000
phi_e, max: 10.492657 at y = 0.305503, phi_e, min: 10.106015 at y = 0.438213


phi_m, max: -0.000000 at y = 3.790000./ phi_m, min: -0.001150 at y = 3.794832
phi_e, max: 5.619993 at y = 3.793213, phi_e, min: 5.619981 at y = 4.010000
phi_m, max: -0.000000 at y = 3.790000./ phi_m, min: -0.001159 at y = 3.794832
phi_e, max: -10.680123 at y = 3.793213, phi_e, min: -10.680135 at y = 4.010000
phi_m, max: -0.000000 at y = 3.790000./ phi_m, min: -0.001151 at y = 3.794832
phi_e, max: 2.179920 at y = 3.793213, phi_e, min: 2.179908 at y = 4.010000
phi_m, max: -0.000000 at y = 3.790000./ phi_m, min: -0.001140 at y = 3.794832
phi_e, max: -3.181339 at y = 3.793213, phi_e, min: -3.181351 at y = 4.010000
phi_m, max: -0.000000 at y = 3.790000./ phi_m, min: -0.001130 at y = 3.794832
phi_e, max: 14.397091 at y = 3.793213, phi_e, min: 14.397080 at y = 4.010000


phi_m, max: -0.000000 at y = 4.000000./ phi_m, min: -0.001159 at y = 4.218213
phi_e, max: 5.619983 at y = 4.001787, phi_e, min: 5.619972 at y = 4.140489
phi_m, max: -0.000000 at y = 4.000000./ phi_m, min: -0.001168 at y = 4.218213
phi_e, max: -10.680133 at y = 4.001787, phi_e, min: -10.680145 at y = 4.140489
phi_m, max: -0.000000 at y = 4.000000./ phi_m, min: -0.001159 at y = 4.218213
phi_e, max: 2.179910 at y = 4.001787, phi_e, min: 2.179899 at y = 4.140489
phi_m, max: -0.000000 at y = 4.000000./ phi_m, min: -0.001148 at y = 4.218213
phi_e, max: -3.181349 at y = 4.001787, phi_e, min: -3.181360 at y = 4.140489
phi_m, max: -0.000000 at y = 4.000000./ phi_m, min: -0.001139 at y = 4.218213
phi_e, max: 14.397081 at y = 4.001787, phi_e, min: 14.397070 at y = 4.140489


phi_m, max: 12.401412 at y = 0.468571./ phi_m, min: 0.000000 at y = 0.640000
phi_e, max: 6.225881 at y = 0.643213, phi_e, min: 5.549122 at y = 0.468571
phi_m, max: 115.915580 at y = 0.644832./ phi_m, min: 0.000000 at y = 0.640000
phi_e, max: -8.899324 at y = 0.471928, phi_e, min: -11.171729 at y = 0.648213
phi_m, max: 108.750059 at y = 0.649413./ phi_m, min: 0.000000 at y = 0.640000
phi_e, max: -7.040250 at y = 0.478782, phi_e, min: -7.649416 at y = 0.648213
phi_m, max: 92.535536 at y = 0.792857./ phi_m, min: 0.000000 at y = 0.640000
phi_e, max: -1.884639 at y = 0.478782, phi_e, min: -2.334205 at y = 0.648213
phi_m, max: 72.865358 at y = 0.792857./ phi_m, min: 0.000000 at y = 0.640000
phi_e, max: 10.144042 at y = 0.478782, phi_e, min: 9.814067 at y = 0.648213


phi_m, max: -0.000000 at y = 2.291429./ phi_m, min: -0.001147 at y = 2.324832
phi_e, max: 5.619988 at y = 2.324413, phi_e, min: 5.619983 at y = 2.431918
phi_m, max: -0.000000 at y = 2.291429./ phi_m, min: -0.001154 at y = 2.535168
phi_e, max: -10.680122 at y = 2.323213, phi_e, min: -10.680132 at y = 2.450604
phi_m, max: -0.000000 at y = 2.291429./ phi_m, min: -0.001131 at y = 2.536367
phi_e, max: 2.179987 at y = 2.205714, phi_e, min: 2.179916 at y = 2.485225
phi_m, max: 0.051613 at y = 2.234286./ phi_m, min: -0.000452 at y = 2.538825
phi_e, max: -3.175581 at y = 2.205714, phi_e, min: -3.181052 at y = 2.499272
phi_m, max: 0.700428 at y = 2.234286./ phi_m, min: 0.000000 at y = 2.291429
phi_e, max: 14.473822 at y = 2.205714, phi_e, min: 14.401012 at y = 2.499272


phi_m, max: -0.000000 at y = 3.160000./ phi_m, min: -0.001146 at y = 3.375587
phi_e, max: 5.619987 at y = 3.378213, phi_e, min: 5.619978 at y = 3.264726
phi_m, max: -0.000000 at y = 3.160000./ phi_m, min: -0.001155 at y = 3.375587
phi_e, max: -10.680130 at y = 3.378213, phi_e, min: -10.680138 at y = 3.264726
phi_m, max: -0.000000 at y = 3.160000./ phi_m, min: -0.001147 at y = 3.375587
phi_e, max: 2.179913 at y = 3.378213, phi_e, min: 2.179905 at y = 3.264726
phi_m, max: -0.000000 at y = 3.160000./ phi_m, min: -0.001135 at y = 3.375587
phi_e, max: -3.181344 at y = 3.163213, phi_e, min: -3.181354 at y = 3.274075
phi_m, max: -0.000000 at y = 3.160000./ phi_m, min: -0.001117 at y = 3.376367
phi_e, max: 14.397127 at y = 3.161787, phi_e, min: 14.397079 at y = 3.319176


phi_m, max: 0.190458 at y = 1.060000./ phi_m, min: 0.000000 at y = 1.070000
phi_e, max: 5.632505 at y = 1.063213, phi_e, min: 5.620310 at y = 1.362358
phi_m, max: 6.364808 at y = 1.060000./ phi_m, min: 0.000000 at y = 1.070000
phi_e, max: -10.280745 at y = 1.063213, phi_e, min: -10.669249 at y = 1.362358
phi_m, max: 115.689359 at y = 1.061787./ phi_m, min: 0.000000 at y = 1.070000
phi_e, max: 2.594853 at y = 1.274413, phi_e, min: -9.503351 at y = 1.066787
phi_m, max: 115.621804 at y = 1.278213./ phi_m, min: 0.000000 at y = 1.070000
phi_e, max: -1.839447 at y = 1.154515, phi_e, min: -2.563333 at y = 1.278213
phi_m, max: 104.779568 at y = 1.279413./ phi_m, min: 0.000000 at y = 1.070000
phi_e, max: 10.174467 at y = 1.164726, phi_e, min: 9.769419 at y = 1.278213


phi_m, max: -0.000000 at y = 1.690000./ phi_m, min: -0.001125 at y = 1.906787
phi_e, max: 5.620104 at y = 1.632857, phi_e, min: 5.619981 at y = 1.947583
phi_m, max: 0.022215 at y = 1.661429./ phi_m, min: -0.000572 at y = 1.908376
phi_e, max: -10.676039 at y = 1.632857, phi_e, min: -10.680156 at y = 1.948782
phi_m, max: 0.253723 at y = 1.661429./ phi_m, min: 0.000000 at y = 1.690000
phi_e, max: 2.224669 at y = 1.632857, phi_e, min: 2.179681 at y = 1.948782
phi_m, max: 20.120537 at y = 1.661429./ phi_m, min: 0.000000 at y = 1.690000
phi_e, max: -0.086107 at y = 1.691787, phi_e, min: -3.199144 at y = 1.948782
phi_m, max: 115.931829 at y = 1.696426./ phi_m, min: 0.000000 at y = 1.690000
phi_e, max: 14.361148 at y = 1.908213, phi_e, min: 10.293112 at y = 1.690587


Writing: "Fiber2DEphapticPlaneL4rho4_5.chk"
 (0.00211084s, XML)
Steps: 6000000  Time: 0.6         
phi_m, max: 0.004478 at y = 1.365714./ phi_m, min: -0.000559 at y = 1.487458
phi_e, max: 5.620523 at y = 1.481787, phi_e, min: 5.620081 at y = 1.690000
phi_m, max: 0.185100 at y = 1.365714./ phi_m, min: 0.000000 at y = 1.451429
phi_e, max: -10.662286 at y = 1.481787, phi_e, min: -10.676793 at y = 1.690000
phi_m, max: 2.046201 at y = 1.365714./ phi_m, min: 0.000000 at y = 1.451429
phi_e, max: 2.375620 at y = 1.481787, phi_e, min: 2.216403 at y = 1.690000
phi_m, max: 114.767189 at y = 1.480587./ phi_m, min: 0.000000 at y = 1.451429
phi_e, max: -0.140884 at y = 1.690000, phi_e, min: -4.155988 at y = 1.484551
phi_m, max: 113.142496 at y = 1.690000./ phi_m, min: 0.000000 at y = 1.451429
phi_e, max: 10.379736 at y = 1.690000, phi_e, min: 9.660769 at y = 1.481787
phi_m, max: 99.314711 at y = 1.690000./ phi_m, min: 0.000000 at y = 1.451429
phi_e, max: -30.725257 at y = 1.651218, phi_e, min: -31.261819 at y = 1.481787


phi_m, max: -0.000000 at y = 4.000000./ phi_m, min: -0.001159 at y = 4.218213
phi_e, max: 5.619983 at y = 4.001787, phi_e, min: 5.619972 at y = 4.140489
phi_m, max: -0.000000 at y = 4.000000./ phi_m, min: -0.001168 at y = 4.218213
phi_e, max: -10.680133 at y = 4.001787, phi_e, min: -10.680145 at y = 4.140489
phi_m, max: -0.000000 at y = 4.000000./ phi_m, min: -0.001159 at y = 4.218213
phi_e, max: 2.179910 at y = 4.001787, phi_e, min: 2.179899 at y = 4.140489
phi_m, max: -0.000000 at y = 4.000000./ phi_m, min: -0.001148 at y = 4.218213
phi_e, max: -3.181349 at y = 4.001787, phi_e, min: -3.181360 at y = 4.140489
phi_m, max: -0.000000 at y = 4.000000./ phi_m, min: -0.001139 at y = 4.218213
phi_e, max: 14.397081 at y = 4.001787, phi_e, min: 14.397070 at y = 4.140489
phi_m, max: -0.000000 at y = 4.000000./ phi_m, min: -0.001130 at y = 4.218213
phi_e, max: -35.745334 at y = 4.001787, phi_e, min: -35.745346 at y = 4.142646


phi_m, max: 12.401412 at y = 0.468571./ phi_m, min: 0.000000 at y = 0.640000
phi_e, max: 6.225881 at y = 0.643213, phi_e, min: 5.549122 at y = 0.468571
phi_m, max: 115.915580 at y = 0.644832./ phi_m, min: 0.000000 at y = 0.640000
phi_e, max: -8.899324 at y = 0.471928, phi_e, min: -11.171729 at y = 0.648213
phi_m, max: 108.750059 at y = 0.649413./ phi_m, min: 0.000000 at y = 0.640000
phi_e, max: -7.040250 at y = 0.478782, phi_e, min: -7.649416 at y = 0.648213
phi_m, max: 92.535536 at y = 0.792857./ phi_m, min: 0.000000 at y = 0.640000
phi_e, max: -1.884639 at y = 0.478782, phi_e, min: -2.334205 at y = 0.648213
phi_m, max: 72.865358 at y = 0.792857./ phi_m, min: 0.000000 at y = 0.640000
phi_e, max: 10.144042 at y = 0.478782, phi_e, min: 9.814067 at y = 0.648213
phi_m, max: 53.334603 at y = 0.792857./ phi_m, min: 0.000000 at y = 0.640000
phi_e, max: -30.851979 at y = 0.478782, phi_e, min: -31.077134 at y = 0.648213


phi_m, max: -0.000000 at y = 2.291429./ phi_m, min: -0.001147 at y = 2.324832
phi_e, max: 5.619988 at y = 2.324413, phi_e, min: 5.619983 at y = 2.431918
phi_m, max: -0.000000 at y = 2.291429./ phi_m, min: -0.001154 at y = 2.535168
phi_e, max: -10.680122 at y = 2.323213, phi_e, min: -10.680132 at y = 2.450604
phi_m, max: -0.000000 at y = 2.291429./ phi_m, min: -0.001131 at y = 2.536367
phi_e, max: 2.179987 at y = 2.205714, phi_e, min: 2.179916 at y = 2.485225
phi_m, max: 0.051613 at y = 2.234286./ phi_m, min: -0.000452 at y = 2.538825
phi_e, max: -3.175581 at y = 2.205714, phi_e, min: -3.181052 at y = 2.499272
phi_m, max: 0.700428 at y = 2.234286./ phi_m, min: 0.000000 at y = 2.291429
phi_e, max: 14.473822 at y = 2.205714, phi_e, min: 14.401012 at y = 2.499272
phi_m, max: 88.834615 at y = 2.234286./ phi_m, min: 0.000000 at y = 2.291429
phi_e, max: -32.440417 at y = 2.324413, phi_e, min: -35.514668 at y = 2.491218


phi_m, max: -0.000000 at y = 3.580000./ phi_m, min: -0.001150 at y = 3.585168
phi_e, max: 5.619994 at y = 3.585587, phi_e, min: 5.619986 at y = 3.380000
phi_m, max: -0.000000 at y = 3.580000./ phi_m, min: -0.001159 at y = 3.585168
phi_e, max: -10.680122 at y = 3.585587, phi_e, min: -10.680131 at y = 3.380000
phi_m, max: -0.000000 at y = 3.580000./ phi_m, min: -0.001150 at y = 3.585168
phi_e, max: 2.179921 at y = 3.585587, phi_e, min: 2.179913 at y = 3.380000
phi_m, max: -0.000000 at y = 3.580000./ phi_m, min: -0.001140 at y = 3.585168
phi_e, max: -3.181338 at y = 3.585587, phi_e, min: -3.181346 at y = 3.380000
phi_m, max: -0.000000 at y = 3.580000./ phi_m, min: -0.001129 at y = 3.585168
phi_e, max: 14.397092 at y = 3.585587, phi_e, min: 14.397084 at y = 3.408571
phi_m, max: -0.000000 at y = 3.580000./ phi_m, min: -0.001069 at y = 3.587458
phi_e, max: -35.745301 at y = 3.583213, phi_e, min: -35.745353 at y = 3.408571


phi_m, max: -0.000000 at y = 2.530000./ phi_m, min: -0.001148 at y = 2.745168
phi_e, max: 5.619990 at y = 2.745587, phi_e, min: 5.619984 at y = 2.629071
phi_m, max: -0.000000 at y = 2.530000./ phi_m, min: -0.001157 at y = 2.745168
phi_e, max: -10.680127 at y = 2.745587, phi_e, min: -10.680132 at y = 2.634726
phi_m, max: -0.000000 at y = 2.530000./ phi_m, min: -0.001147 at y = 2.745168
phi_e, max: 2.179921 at y = 2.534413, phi_e, min: 2.179913 at y = 2.655485
phi_m, max: 0.007552 at y = 2.530000./ phi_m, min: -0.001022 at y = 2.746367
phi_e, max: -3.180855 at y = 2.533213, phi_e, min: -3.181336 at y = 2.829396
phi_m, max: 0.114028 at y = 2.530000./ phi_m, min: 0.000000 at y = 2.530000
phi_e, max: 14.403599 at y = 2.533213, phi_e, min: 14.397204 at y = 2.829396
phi_m, max: 7.756563 at y = 2.530000./ phi_m, min: 0.000000 at y = 2.530000
phi_e, max: -35.307889 at y = 2.533213, phi_e, min: -35.737088 at y = 2.829396


phi_m, max: 112.889024 at y = 0.220000./ phi_m, min: 0.000000 at y = -0.010000
phi_e, max: 4.045667 at y = 0.220000, phi_e, min: 3.696010 at y = 0.000587
phi_m, max: 98.755024 at y = 0.220000./ phi_m, min: 0.000000 at y = -0.010000
phi_e, max: -8.561769 at y = 0.220000, phi_e, min: -8.714841 at y = 0.000587
phi_m, max: 79.667367 at y = 0.220000./ phi_m, min: 0.000000 at y = -0.010000
phi_e, max: -6.858655 at y = 0.220000, phi_e, min: -6.899140 at y = 0.000587
phi_m, max: 59.698380 at y = 0.220000./ phi_m, min: 0.000000 at y = -0.010000
phi_e, max: -1.607974 at y = 0.016787, phi_e, min: -1.662972 at y = 0.220000
phi_m, max: 41.845566 at y = 0.220000./ phi_m, min: 0.000000 at y = -0.010000
phi_e, max: 10.433197 at y = 0.016787, phi_e, min: 10.358668 at y = 0.220000
phi_m, max: 23.422324 at y = 0.220000./ phi_m, min: 0.000000 at y = -0.010000
phi_e, max: -30.364982 at y = 0.016787, phi_e, min: -30.584992 at y = 0.220000



Time: 0.100000
CPU Time: 226.179154 min.
phi_m, max: -0.000000 at y = 2.950000./ phi_m, min: -0.001149 at y = 2.954832
phi_e, max: 5.619991 at y = 2.954413, phi_e, min: 5.619984 at y = 3.131429

Time: 0.200000
CPU Time: 229.022576 min.
phi_m, max: -0.000000 at y = 2.950000./ phi_m, min: -0.001158 at y = 2.954832
phi_e, max: -10.680125 at y = 2.954413, phi_e, min: -10.680132 at y = 3.131429

Time: 0.300000
CPU Time: 230.519171 min.
phi_m, max: -0.000000 at y = 2.950000./ phi_m, min: -0.001149 at y = 2.955168
phi_e, max: 2.179918 at y = 2.954413, phi_e, min: 2.179911 at y = 3.131429

Time: 0.400000
CPU Time: 230.305223 min.
phi_m, max: -0.000000 at y = 2.950000./ phi_m, min: -0.001113 at y = 2.956367
phi_e, max: -3.181324 at y = 2.953213, phi_e, min: -3.181345 at y = 3.131429

Time: 0.500000
CPU Time: 231.587102 min.
phi_m, max: 0.001731 at y = 2.807143./ phi_m, min: -0.000844 at y = 2.957458
phi_e, max: 14.397320 at y = 2.951787, phi_e, min: 14.397123 at y = 3.129272

Time: 0.600000
CPU Time: 233.287257 min.
phi_m, max: 0.193289 at y = 2.807143./ phi_m, min: 0.000000 at y = 2.950000
phi_e, max: -35.729326 at y = 2.951787, phi_e, min: -35.742456 at y = 3.129272


phi_m, max: -0.000000 at y = 1.938571./ phi_m, min: -0.001147 at y = 2.115168
phi_e, max: 5.619990 at y = 2.115587, phi_e, min: 5.619981 at y = 1.948782
phi_m, max: -0.000000 at y = 1.938571./ phi_m, min: -0.001093 at y = 2.117458
phi_e, max: -10.680076 at y = 1.910000, phi_e, min: -10.680152 at y = 1.956932
phi_m, max: 0.006349 at y = 1.916318./ phi_m, min: -0.000539 at y = 2.118376
phi_e, max: 2.180543 at y = 1.910000, phi_e, min: 2.179723 at y = 1.956932
phi_m, max: 0.580125 at y = 1.916318./ phi_m, min: 0.000000 at y = 1.938571
phi_e, max: -3.131556 at y = 1.910000, phi_e, min: -3.195817 at y = 1.956932
phi_m, max: 7.976606 at y = 1.910000./ phi_m, min: 0.000000 at y = 1.938571
phi_e, max: 14.721723 at y = 2.113213, phi_e, min: 14.228766 at y = 1.920211
phi_m, max: 115.887675 at y = 2.113633./ phi_m, min: 0.000000 at y = 1.938571
phi_e, max: -31.411739 at y = 1.935215, phi_e, min: -35.413574 at y = 2.118213


phi_m, max: 1.162121 at y = 0.764286./ phi_m, min: 0.000000 at y = 0.850000
phi_e, max: 5.746486 at y = 0.851787, phi_e, min: 5.627931 at y = 1.098571
phi_m, max: 101.329507 at y = 0.764286./ phi_m, min: 0.000000 at y = 0.850000
phi_e, max: -8.899549 at y = 0.855587, phi_e, min: -10.457722 at y = 1.011869
phi_m, max: 115.701813 at y = 1.061787./ phi_m, min: 0.000000 at y = 0.850000
phi_e, max: -7.264433 at y = 0.782646, phi_e, min: -9.482873 at y = 1.066787
phi_m, max: 110.602250 at y = 1.069413./ phi_m, min: 0.000000 at y = 0.850000
phi_e, max: -1.841198 at y = 0.961918, phi_e, min: -2.227364 at y = 0.851787
phi_m, max: 94.760776 at y = 1.069413./ phi_m, min: 0.000000 at y = 0.850000
phi_e, max: 10.162382 at y = 0.955925, phi_e, min: 9.843736 at y = 1.064413
phi_m, max: 75.102512 at y = 1.070000./ phi_m, min: 0.000000 at y = 0.850000
phi_e, max: -30.858033 at y = 0.949071, phi_e, min: -31.117220 at y = 1.064413


phi_m, max: -0.000000 at y = 1.690000./ phi_m, min: -0.001125 at y = 1.906787
phi_e, max: 5.620104 at y = 1.632857, phi_e, min: 5.619981 at y = 1.947583
phi_m, max: 0.022215 at y = 1.661429./ phi_m, min: -0.000572 at y = 1.908376
phi_e, max: -10.676039 at y = 1.632857, phi_e, min: -10.680156 at y = 1.948782
phi_m, max: 0.253723 at y = 1.661429./ phi_m, min: 0.000000 at y = 1.690000
phi_e, max: 2.224669 at y = 1.632857, phi_e, min: 2.179681 at y = 1.948782
phi_m, max: 20.120537 at y = 1.661429./ phi_m, min: 0.000000 at y = 1.690000
phi_e, max: -0.086107 at y = 1.691787, phi_e, min: -3.199144 at y = 1.948782
phi_m, max: 115.931829 at y = 1.696426./ phi_m, min: 0.000000 at y = 1.690000
phi_e, max: 14.361148 at y = 1.908213, phi_e, min: 10.293112 at y = 1.690587
phi_m, max: 114.220238 at y = 1.908376./ phi_m, min: 0.000000 at y = 1.690000
phi_e, max: -30.244217 at y = 1.782358, phi_e, min: -31.538784 at y = 1.967143


phi_m, max: 115.885200 at y = 0.226426./ phi_m, min: 0.000000 at y = 0.220000
phi_e, max: 5.572332 at y = 0.497143, phi_e, min: 3.978198 at y = 0.220587
phi_m, max: 113.657914 at y = 0.438376./ phi_m, min: 0.000000 at y = 0.220000
phi_e, max: -8.088097 at y = 0.315714, phi_e, min: -9.004554 at y = 0.439413
phi_m, max: 99.931645 at y = 0.439413./ phi_m, min: 0.000000 at y = 0.220000
phi_e, max: -6.502838 at y = 0.318676, phi_e, min: -7.112208 at y = 0.438213
phi_m, max: 80.920607 at y = 0.440000./ phi_m, min: 0.000000 at y = 0.220000
phi_e, max: -1.427514 at y = 0.312358, phi_e, min: -1.939219 at y = 0.438213
phi_m, max: 60.907237 at y = 0.468571./ phi_m, min: 0.000000 at y = 0.220000
phi_e, max: 10.492657 at y = 0.305503, phi_e, min: 10.106015 at y = 0.438213
phi_m, max: 42.829641 at y = 0.468571./ phi_m, min: 0.000000 at y = 0.220000
phi_e, max: -30.536771 at y = 0.289300, phi_e, min: -30.880647 at y = 0.438213


phi_m, max: -0.000000 at y = 3.790000./ phi_m, min: -0.001150 at y = 3.794832
phi_e, max: 5.619993 at y = 3.793213, phi_e, min: 5.619981 at y = 4.010000
phi_m, max: -0.000000 at y = 3.790000./ phi_m, min: -0.001159 at y = 3.794832
phi_e, max: -10.680123 at y = 3.793213, phi_e, min: -10.680135 at y = 4.010000
phi_m, max: -0.000000 at y = 3.790000./ phi_m, min: -0.001151 at y = 3.794832
phi_e, max: 2.179920 at y = 3.793213, phi_e, min: 2.179908 at y = 4.010000
phi_m, max: -0.000000 at y = 3.790000./ phi_m, min: -0.001140 at y = 3.794832
phi_e, max: -3.181339 at y = 3.793213, phi_e, min: -3.181351 at y = 4.010000
phi_m, max: -0.000000 at y = 3.790000./ phi_m, min: -0.001130 at y = 3.794832
phi_e, max: 14.397091 at y = 3.793213, phi_e, min: 14.397080 at y = 4.010000
phi_m, max: -0.000000 at y = 3.790000./ phi_m, min: -0.001115 at y = 3.795587
phi_e, max: -35.745319 at y = 3.793213, phi_e, min: -35.745336 at y = 4.010000


phi_m, max: 0.190458 at y = 1.060000./ phi_m, min: 0.000000 at y = 1.070000
phi_e, max: 5.632505 at y = 1.063213, phi_e, min: 5.620310 at y = 1.362358
phi_m, max: 6.364808 at y = 1.060000./ phi_m, min: 0.000000 at y = 1.070000
phi_e, max: -10.280745 at y = 1.063213, phi_e, min: -10.669249 at y = 1.362358
phi_m, max: 115.689359 at y = 1.061787./ phi_m, min: 0.000000 at y = 1.070000
phi_e, max: 2.594853 at y = 1.274413, phi_e, min: -9.503351 at y = 1.066787
phi_m, max: 115.621804 at y = 1.278213./ phi_m, min: 0.000000 at y = 1.070000
phi_e, max: -1.839447 at y = 1.154515, phi_e, min: -2.563333 at y = 1.278213
phi_m, max: 104.779568 at y = 1.279413./ phi_m, min: 0.000000 at y = 1.070000
phi_e, max: 10.174467 at y = 1.164726, phi_e, min: 9.769419 at y = 1.278213
phi_m, max: 86.894250 at y = 1.365714./ phi_m, min: 0.000000 at y = 1.070000
phi_e, max: -30.858206 at y = 1.164726, phi_e, min: -31.176820 at y = 1.278213


phi_m, max: -0.000000 at y = 3.160000./ phi_m, min: -0.001146 at y = 3.375587
phi_e, max: 5.619987 at y = 3.378213, phi_e, min: 5.619978 at y = 3.264726
phi_m, max: -0.000000 at y = 3.160000./ phi_m, min: -0.001155 at y = 3.375587
phi_e, max: -10.680130 at y = 3.378213, phi_e, min: -10.680138 at y = 3.264726
phi_m, max: -0.000000 at y = 3.160000./ phi_m, min: -0.001147 at y = 3.375587
phi_e, max: 2.179913 at y = 3.378213, phi_e, min: 2.179905 at y = 3.264726
phi_m, max: -0.000000 at y = 3.160000./ phi_m, min: -0.001135 at y = 3.375587
phi_e, max: -3.181344 at y = 3.163213, phi_e, min: -3.181354 at y = 3.274075
phi_m, max: -0.000000 at y = 3.160000./ phi_m, min: -0.001117 at y = 3.376367
phi_e, max: 14.397127 at y = 3.161787, phi_e, min: 14.397079 at y = 3.319176
phi_m, max: 0.021353 at y = 3.131429./ phi_m, min: -0.000604 at y = 3.378376
phi_e, max: -35.742276 at y = 3.161787, phi_e, min: -35.745356 at y = 3.402253


Writing: "Fiber2DEphapticPlaneL4rho4_6.chk"
 (0.00225342s, XML)
Steps: 7000000  Time: 0.7         
phi_m, max: -0.000000 at y = 1.690000./ phi_m, min: -0.001125 at y = 1.906787
phi_e, max: 5.620104 at y = 1.632857, phi_e, min: 5.619981 at y = 1.947583
phi_m, max: 0.022215 at y = 1.661429./ phi_m, min: -0.000572 at y = 1.908376
phi_e, max: -10.676039 at y = 1.632857, phi_e, min: -10.680156 at y = 1.948782
phi_m, max: 0.253723 at y = 1.661429./ phi_m, min: 0.000000 at y = 1.690000
phi_e, max: 2.224669 at y = 1.632857, phi_e, min: 2.179681 at y = 1.948782
phi_m, max: 20.120537 at y = 1.661429./ phi_m, min: 0.000000 at y = 1.690000
phi_e, max: -0.086107 at y = 1.691787, phi_e, min: -3.199144 at y = 1.948782
phi_m, max: 115.931829 at y = 1.696426./ phi_m, min: 0.000000 at y = 1.690000
phi_e, max: 14.361148 at y = 1.908213, phi_e, min: 10.293112 at y = 1.690587
phi_m, max: 114.220238 at y = 1.908376./ phi_m, min: 0.000000 at y = 1.690000
phi_e, max: -30.244217 at y = 1.782358, phi_e, min: -31.538784 at y = 1.967143
phi_m, max: 101.058067 at y = 1.909413./ phi_m, min: 0.000000 at y = 1.690000
phi_e, max: -5.004213 at y = 1.794726, phi_e, min: -5.655750 at y = 1.909413


phi_m, max: -0.000000 at y = 4.000000./ phi_m, min: -0.001159 at y = 4.218213
phi_e, max: 5.619983 at y = 4.001787, phi_e, min: 5.619972 at y = 4.140489
phi_m, max: -0.000000 at y = 4.000000./ phi_m, min: -0.001168 at y = 4.218213
phi_e, max: -10.680133 at y = 4.001787, phi_e, min: -10.680145 at y = 4.140489
phi_m, max: -0.000000 at y = 4.000000./ phi_m, min: -0.001159 at y = 4.218213
phi_e, max: 2.179910 at y = 4.001787, phi_e, min: 2.179899 at y = 4.140489
phi_m, max: -0.000000 at y = 4.000000./ phi_m, min: -0.001148 at y = 4.218213
phi_e, max: -3.181349 at y = 4.001787, phi_e, min: -3.181360 at y = 4.140489
phi_m, max: -0.000000 at y = 4.000000./ phi_m, min: -0.001139 at y = 4.218213
phi_e, max: 14.397081 at y = 4.001787, phi_e, min: 14.397070 at y = 4.140489
phi_m, max: -0.000000 at y = 4.000000./ phi_m, min: -0.001130 at y = 4.218213
phi_e, max: -35.745334 at y = 4.001787, phi_e, min: -35.745346 at y = 4.142646
phi_m, max: -0.000000 at y = 4.000000./ phi_m, min: -0.001121 at y = 4.218213
phi_e, max: 0.067036 at y = 4.001787, phi_e, min: 0.067014 at y = 4.156213


phi_m, max: 12.401412 at y = 0.468571./ phi_m, min: 0.000000 at y = 0.640000
phi_e, max: 6.225881 at y = 0.643213, phi_e, min: 5.549122 at y = 0.468571
phi_m, max: 115.915580 at y = 0.644832./ phi_m, min: 0.000000 at y = 0.640000
phi_e, max: -8.899324 at y = 0.471928, phi_e, min: -11.171729 at y = 0.648213
phi_m, max: 108.750059 at y = 0.649413./ phi_m, min: 0.000000 at y = 0.640000
phi_e, max: -7.040250 at y = 0.478782, phi_e, min: -7.649416 at y = 0.648213
phi_m, max: 92.535536 at y = 0.792857./ phi_m, min: 0.000000 at y = 0.640000
phi_e, max: -1.884639 at y = 0.478782, phi_e, min: -2.334205 at y = 0.648213
phi_m, max: 72.865358 at y = 0.792857./ phi_m, min: 0.000000 at y = 0.640000
phi_e, max: 10.144042 at y = 0.478782, phi_e, min: 9.814067 at y = 0.648213
phi_m, max: 53.334603 at y = 0.792857./ phi_m, min: 0.000000 at y = 0.640000
phi_e, max: -30.851979 at y = 0.478782, phi_e, min: -31.077134 at y = 0.648213
phi_m, max: 36.040488 at y = 0.792857./ phi_m, min: 0.000000 at y = 0.640000
phi_e, max: -5.556317 at y = 0.471534, phi_e, min: -5.767217 at y = 0.646787


phi_m, max: 112.889024 at y = 0.220000./ phi_m, min: 0.000000 at y = -0.010000
phi_e, max: 4.045667 at y = 0.220000, phi_e, min: 3.696010 at y = 0.000587
phi_m, max: 98.755024 at y = 0.220000./ phi_m, min: 0.000000 at y = -0.010000
phi_e, max: -8.561769 at y = 0.220000, phi_e, min: -8.714841 at y = 0.000587
phi_m, max: 79.667367 at y = 0.220000./ phi_m, min: 0.000000 at y = -0.010000
phi_e, max: -6.858655 at y = 0.220000, phi_e, min: -6.899140 at y = 0.000587
phi_m, max: 59.698380 at y = 0.220000./ phi_m, min: 0.000000 at y = -0.010000
phi_e, max: -1.607974 at y = 0.016787, phi_e, min: -1.662972 at y = 0.220000
phi_m, max: 41.845566 at y = 0.220000./ phi_m, min: 0.000000 at y = -0.010000
phi_e, max: 10.433197 at y = 0.016787, phi_e, min: 10.358668 at y = 0.220000
phi_m, max: 23.422324 at y = 0.220000./ phi_m, min: 0.000000 at y = -0.010000
phi_e, max: -30.364982 at y = 0.016787, phi_e, min: -30.584992 at y = 0.220000
phi_m, max: 4.593064 at y = 0.220000./ phi_m, min: 0.000000 at y = -0.010000
phi_e, max: -4.946055 at y = 0.015587, phi_e, min: -5.056647 at y = 0.220000


phi_m, max: -0.000000 at y = 3.160000./ phi_m, min: -0.001146 at y = 3.375587
phi_e, max: 5.619987 at y = 3.378213, phi_e, min: 5.619978 at y = 3.264726
phi_m, max: -0.000000 at y = 3.160000./ phi_m, min: -0.001155 at y = 3.375587
phi_e, max: -10.680130 at y = 3.378213, phi_e, min: -10.680138 at y = 3.264726
phi_m, max: -0.000000 at y = 3.160000./ phi_m, min: -0.001147 at y = 3.375587
phi_e, max: 2.179913 at y = 3.378213, phi_e, min: 2.179905 at y = 3.264726
phi_m, max: -0.000000 at y = 3.160000./ phi_m, min: -0.001135 at y = 3.375587
phi_e, max: -3.181344 at y = 3.163213, phi_e, min: -3.181354 at y = 3.274075
phi_m, max: -0.000000 at y = 3.160000./ phi_m, min: -0.001117 at y = 3.376367
phi_e, max: 14.397127 at y = 3.161787, phi_e, min: 14.397079 at y = 3.319176
phi_m, max: 0.021353 at y = 3.131429./ phi_m, min: -0.000604 at y = 3.378376
phi_e, max: -35.742276 at y = 3.161787, phi_e, min: -35.745356 at y = 3.402253
phi_m, max: 0.214903 at y = 3.131429./ phi_m, min: 0.000000 at y = 3.160000
phi_e, max: 0.096465 at y = 3.161787, phi_e, min: 0.066794 at y = 3.402253


phi_m, max: -0.000000 at y = 1.938571./ phi_m, min: -0.001147 at y = 2.115168
phi_e, max: 5.619990 at y = 2.115587, phi_e, min: 5.619981 at y = 1.948782
phi_m, max: -0.000000 at y = 1.938571./ phi_m, min: -0.001093 at y = 2.117458
phi_e, max: -10.680076 at y = 1.910000, phi_e, min: -10.680152 at y = 1.956932
phi_m, max: 0.006349 at y = 1.916318./ phi_m, min: -0.000539 at y = 2.118376
phi_e, max: 2.180543 at y = 1.910000, phi_e, min: 2.179723 at y = 1.956932
phi_m, max: 0.580125 at y = 1.916318./ phi_m, min: 0.000000 at y = 1.938571
phi_e, max: -3.131556 at y = 1.910000, phi_e, min: -3.195817 at y = 1.956932
phi_m, max: 7.976606 at y = 1.910000./ phi_m, min: 0.000000 at y = 1.938571
phi_e, max: 14.721723 at y = 2.113213, phi_e, min: 14.228766 at y = 1.920211
phi_m, max: 115.887675 at y = 2.113633./ phi_m, min: 0.000000 at y = 1.938571
phi_e, max: -31.411739 at y = 1.935215, phi_e, min: -35.413574 at y = 2.118213
phi_m, max: 109.542520 at y = 2.119413./ phi_m, min: 0.000000 at y = 1.938571
phi_e, max: -5.600675 at y = 1.935215, phi_e, min: -6.305782 at y = 2.118213



Time: 0.100000
CPU Time: 226.179154 min.
phi_m, max: -0.000000 at y = 2.950000./ phi_m, min: -0.001149 at y = 2.954832
phi_e, max: 5.619991 at y = 2.954413, phi_e, min: 5.619984 at y = 3.131429

Time: 0.200000
CPU Time: 229.022576 min.
phi_m, max: -0.000000 at y = 2.950000./ phi_m, min: -0.001158 at y = 2.954832
phi_e, max: -10.680125 at y = 2.954413, phi_e, min: -10.680132 at y = 3.131429

Time: 0.300000
CPU Time: 230.519171 min.
phi_m, max: -0.000000 at y = 2.950000./ phi_m, min: -0.001149 at y = 2.955168
phi_e, max: 2.179918 at y = 2.954413, phi_e, min: 2.179911 at y = 3.131429

Time: 0.400000
CPU Time: 230.305223 min.
phi_m, max: -0.000000 at y = 2.950000./ phi_m, min: -0.001113 at y = 2.956367
phi_e, max: -3.181324 at y = 2.953213, phi_e, min: -3.181345 at y = 3.131429

Time: 0.500000
CPU Time: 231.587102 min.
phi_m, max: 0.001731 at y = 2.807143./ phi_m, min: -0.000844 at y = 2.957458
phi_e, max: 14.397320 at y = 2.951787, phi_e, min: 14.397123 at y = 3.129272

Time: 0.600000
CPU Time: 233.287257 min.
phi_m, max: 0.193289 at y = 2.807143./ phi_m, min: 0.000000 at y = 2.950000
phi_e, max: -35.729326 at y = 2.951787, phi_e, min: -35.742456 at y = 3.129272

Time: 0.700000
CPU Time: 229.276461 min.
phi_m, max: 1.886920 at y = 2.807143./ phi_m, min: 0.000000 at y = 2.950000
phi_e, max: 0.221736 at y = 2.951787, phi_e, min: 0.094748 at y = 3.129272


phi_m, max: -0.000000 at y = 3.790000./ phi_m, min: -0.001150 at y = 3.794832
phi_e, max: 5.619993 at y = 3.793213, phi_e, min: 5.619981 at y = 4.010000
phi_m, max: -0.000000 at y = 3.790000./ phi_m, min: -0.001159 at y = 3.794832
phi_e, max: -10.680123 at y = 3.793213, phi_e, min: -10.680135 at y = 4.010000
phi_m, max: -0.000000 at y = 3.790000./ phi_m, min: -0.001151 at y = 3.794832
phi_e, max: 2.179920 at y = 3.793213, phi_e, min: 2.179908 at y = 4.010000
phi_m, max: -0.000000 at y = 3.790000./ phi_m, min: -0.001140 at y = 3.794832
phi_e, max: -3.181339 at y = 3.793213, phi_e, min: -3.181351 at y = 4.010000
phi_m, max: -0.000000 at y = 3.790000./ phi_m, min: -0.001130 at y = 3.794832
phi_e, max: 14.397091 at y = 3.793213, phi_e, min: 14.397080 at y = 4.010000
phi_m, max: -0.000000 at y = 3.790000./ phi_m, min: -0.001115 at y = 3.795587
phi_e, max: -35.745319 at y = 3.793213, phi_e, min: -35.745336 at y = 4.010000
phi_m, max: -0.000000 at y = 3.790000./ phi_m, min: -0.001056 at y = 3.796787
phi_e, max: 0.067094 at y = 3.791787, phi_e, min: 0.067032 at y = 4.010000


phi_m, max: 0.190458 at y = 1.060000./ phi_m, min: 0.000000 at y = 1.070000
phi_e, max: 5.632505 at y = 1.063213, phi_e, min: 5.620310 at y = 1.362358
phi_m, max: 6.364808 at y = 1.060000./ phi_m, min: 0.000000 at y = 1.070000
phi_e, max: -10.280745 at y = 1.063213, phi_e, min: -10.669249 at y = 1.362358
phi_m, max: 115.689359 at y = 1.061787./ phi_m, min: 0.000000 at y = 1.070000
phi_e, max: 2.594853 at y = 1.274413, phi_e, min: -9.503351 at y = 1.066787
phi_m, max: 115.621804 at y = 1.278213./ phi_m, min: 0.000000 at y = 1.070000
phi_e, max: -1.839447 at y = 1.154515, phi_e, min: -2.563333 at y = 1.278213
phi_m, max: 104.779568 at y = 1.279413./ phi_m, min: 0.000000 at y = 1.070000
phi_e, max: 10.174467 at y = 1.164726, phi_e, min: 9.769419 at y = 1.278213
phi_m, max: 86.894250 at y = 1.365714./ phi_m, min: 0.000000 at y = 1.070000
phi_e, max: -30.858206 at y = 1.164726, phi_e, min: -31.176820 at y = 1.278213
phi_m, max: 66.956446 at y = 1.365714./ phi_m, min: 0.000000 at y = 1.070000
phi_e, max: -5.557234 at y = 1.164726, phi_e, min: -5.786806 at y = 1.278213


phi_m, max: 1.162121 at y = 0.764286./ phi_m, min: 0.000000 at y = 0.850000
phi_e, max: 5.746486 at y = 0.851787, phi_e, min: 5.627931 at y = 1.098571
phi_m, max: 101.329507 at y = 0.764286./ phi_m, min: 0.000000 at y = 0.850000
phi_e, max: -8.899549 at y = 0.855587, phi_e, min: -10.457722 at y = 1.011869
phi_m, max: 115.701813 at y = 1.061787./ phi_m, min: 0.000000 at y = 0.850000
phi_e, max: -7.264433 at y = 0.782646, phi_e, min: -9.482873 at y = 1.066787
phi_m, max: 110.602250 at y = 1.069413./ phi_m, min: 0.000000 at y = 0.850000
phi_e, max: -1.841198 at y = 0.961918, phi_e, min: -2.227364 at y = 0.851787
phi_m, max: 94.760776 at y = 1.069413./ phi_m, min: 0.000000 at y = 0.850000
phi_e, max: 10.162382 at y = 0.955925, phi_e, min: 9.843736 at y = 1.064413
phi_m, max: 75.102512 at y = 1.070000./ phi_m, min: 0.000000 at y = 0.850000
phi_e, max: -30.858033 at y = 0.949071, phi_e, min: -31.117220 at y = 1.064413
phi_m, max: 55.362354 at y = 1.070000./ phi_m, min: 0.000000 at y = 0.850000
phi_e, max: -5.562134 at y = 0.954726, phi_e, min: -5.742451 at y = 1.064413


phi_m, max: 115.885200 at y = 0.226426./ phi_m, min: 0.000000 at y = 0.220000
phi_e, max: 5.572332 at y = 0.497143, phi_e, min: 3.978198 at y = 0.220587
phi_m, max: 113.657914 at y = 0.438376./ phi_m, min: 0.000000 at y = 0.220000
phi_e, max: -8.088097 at y = 0.315714, phi_e, min: -9.004554 at y = 0.439413
phi_m, max: 99.931645 at y = 0.439413./ phi_m, min: 0.000000 at y = 0.220000
phi_e, max: -6.502838 at y = 0.318676, phi_e, min: -7.112208 at y = 0.438213
phi_m, max: 80.920607 at y = 0.440000./ phi_m, min: 0.000000 at y = 0.220000
phi_e, max: -1.427514 at y = 0.312358, phi_e, min: -1.939219 at y = 0.438213
phi_m, max: 60.907237 at y = 0.468571./ phi_m, min: 0.000000 at y = 0.220000
phi_e, max: 10.492657 at y = 0.305503, phi_e, min: 10.106015 at y = 0.438213
phi_m, max: 42.829641 at y = 0.468571./ phi_m, min: 0.000000 at y = 0.220000
phi_e, max: -30.536771 at y = 0.289300, phi_e, min: -30.880647 at y = 0.438213
phi_m, max: 24.293085 at y = 0.468571./ phi_m, min: 0.000000 at y = 0.220000
phi_e, max: -5.043020 at y = 0.221787, phi_e, min: -5.560993 at y = 0.497143


phi_m, max: 0.004478 at y = 1.365714./ phi_m, min: -0.000559 at y = 1.487458
phi_e, max: 5.620523 at y = 1.481787, phi_e, min: 5.620081 at y = 1.690000
phi_m, max: 0.185100 at y = 1.365714./ phi_m, min: 0.000000 at y = 1.451429
phi_e, max: -10.662286 at y = 1.481787, phi_e, min: -10.676793 at y = 1.690000
phi_m, max: 2.046201 at y = 1.365714./ phi_m, min: 0.000000 at y = 1.451429
phi_e, max: 2.375620 at y = 1.481787, phi_e, min: 2.216403 at y = 1.690000
phi_m, max: 114.767189 at y = 1.480587./ phi_m, min: 0.000000 at y = 1.451429
phi_e, max: -0.140884 at y = 1.690000, phi_e, min: -4.155988 at y = 1.484551
phi_m, max: 113.142496 at y = 1.690000./ phi_m, min: 0.000000 at y = 1.451429
phi_e, max: 10.379736 at y = 1.690000, phi_e, min: 9.660769 at y = 1.481787
phi_m, max: 99.314711 at y = 1.690000./ phi_m, min: 0.000000 at y = 1.451429
phi_e, max: -30.725257 at y = 1.651218, phi_e, min: -31.261819 at y = 1.481787
phi_m, max: 80.317586 at y = 1.690000./ phi_m, min: 0.000000 at y = 1.451429
phi_e, max: -5.460593 at y = 1.651218, phi_e, min: -5.850996 at y = 1.481787


phi_m, max: -0.000000 at y = 2.291429./ phi_m, min: -0.001147 at y = 2.324832
phi_e, max: 5.619988 at y = 2.324413, phi_e, min: 5.619983 at y = 2.431918
phi_m, max: -0.000000 at y = 2.291429./ phi_m, min: -0.001154 at y = 2.535168
phi_e, max: -10.680122 at y = 2.323213, phi_e, min: -10.680132 at y = 2.450604
phi_m, max: -0.000000 at y = 2.291429./ phi_m, min: -0.001131 at y = 2.536367
phi_e, max: 2.179987 at y = 2.205714, phi_e, min: 2.179916 at y = 2.485225
phi_m, max: 0.051613 at y = 2.234286./ phi_m, min: -0.000452 at y = 2.538825
phi_e, max: -3.175581 at y = 2.205714, phi_e, min: -3.181052 at y = 2.499272
phi_m, max: 0.700428 at y = 2.234286./ phi_m, min: 0.000000 at y = 2.291429
phi_e, max: 14.473822 at y = 2.205714, phi_e, min: 14.401012 at y = 2.499272
phi_m, max: 88.834615 at y = 2.234286./ phi_m, min: 0.000000 at y = 2.291429
phi_e, max: -32.440417 at y = 2.324413, phi_e, min: -35.514668 at y = 2.491218
phi_m, max: 115.368397 at y = 2.531787./ phi_m, min: 0.000000 at y = 2.291429
phi_e, max: -5.956020 at y = 2.230929, phi_e, min: -9.645766 at y = 2.535587


phi_m, max: -0.000000 at y = 3.580000./ phi_m, min: -0.001150 at y = 3.585168
phi_e, max: 5.619994 at y = 3.585587, phi_e, min: 5.619986 at y = 3.380000
phi_m, max: -0.000000 at y = 3.580000./ phi_m, min: -0.001159 at y = 3.585168
phi_e, max: -10.680122 at y = 3.585587, phi_e, min: -10.680131 at y = 3.380000
phi_m, max: -0.000000 at y = 3.580000./ phi_m, min: -0.001150 at y = 3.585168
phi_e, max: 2.179921 at y = 3.585587, phi_e, min: 2.179913 at y = 3.380000
phi_m, max: -0.000000 at y = 3.580000./ phi_m, min: -0.001140 at y = 3.585168
phi_e, max: -3.181338 at y = 3.585587, phi_e, min: -3.181346 at y = 3.380000
phi_m, max: -0.000000 at y = 3.580000./ phi_m, min: -0.001129 at y = 3.585168
phi_e, max: 14.397092 at y = 3.585587, phi_e, min: 14.397084 at y = 3.408571
phi_m, max: -0.000000 at y = 3.580000./ phi_m, min: -0.001069 at y = 3.587458
phi_e, max: -35.745301 at y = 3.583213, phi_e, min: -35.745353 at y = 3.408571
phi_m, max: 0.004458 at y = 3.386318./ phi_m, min: -0.000684 at y = 3.588376
phi_e, max: 0.067252 at y = 3.583213, phi_e, min: 0.066822 at y = 3.408571


phi_m, max: -0.000000 at y = 2.530000./ phi_m, min: -0.001148 at y = 2.745168
phi_e, max: 5.619990 at y = 2.745587, phi_e, min: 5.619984 at y = 2.629071
phi_m, max: -0.000000 at y = 2.530000./ phi_m, min: -0.001157 at y = 2.745168
phi_e, max: -10.680127 at y = 2.745587, phi_e, min: -10.680132 at y = 2.634726
phi_m, max: -0.000000 at y = 2.530000./ phi_m, min: -0.001147 at y = 2.745168
phi_e, max: 2.179921 at y = 2.534413, phi_e, min: 2.179913 at y = 2.655485
phi_m, max: 0.007552 at y = 2.530000./ phi_m, min: -0.001022 at y = 2.746367
phi_e, max: -3.180855 at y = 2.533213, phi_e, min: -3.181336 at y = 2.829396
phi_m, max: 0.114028 at y = 2.530000./ phi_m, min: 0.000000 at y = 2.530000
phi_e, max: 14.403599 at y = 2.533213, phi_e, min: 14.397204 at y = 2.829396
phi_m, max: 7.756563 at y = 2.530000./ phi_m, min: 0.000000 at y = 2.530000
phi_e, max: -35.307889 at y = 2.533213, phi_e, min: -35.737088 at y = 2.829396
phi_m, max: 115.332050 at y = 2.531787./ phi_m, min: 0.000000 at y = 2.530000
phi_e, max: 0.489603 at y = 2.744413, phi_e, min: -9.655536 at y = 2.536787


Writing: "Fiber2DEphapticPlaneL4rho4_7.chk"
 (0.00227736s, XML)
Steps: 8000000  Time: 0.8         
phi_m, max: -0.000000 at y = 3.580000./ phi_m, min: -0.001150 at y = 3.585168
phi_e, max: 5.619994 at y = 3.585587, phi_e, min: 5.619986 at y = 3.380000
phi_m, max: -0.000000 at y = 3.580000./ phi_m, min: -0.001159 at y = 3.585168
phi_e, max: -10.680122 at y = 3.585587, phi_e, min: -10.680131 at y = 3.380000
phi_m, max: -0.000000 at y = 3.580000./ phi_m, min: -0.001150 at y = 3.585168
phi_e, max: 2.179921 at y = 3.585587, phi_e, min: 2.179913 at y = 3.380000
phi_m, max: -0.000000 at y = 3.580000./ phi_m, min: -0.001140 at y = 3.585168
phi_e, max: -3.181338 at y = 3.585587, phi_e, min: -3.181346 at y = 3.380000
phi_m, max: -0.000000 at y = 3.580000./ phi_m, min: -0.001129 at y = 3.585168
phi_e, max: 14.397092 at y = 3.585587, phi_e, min: 14.397084 at y = 3.408571
phi_m, max: -0.000000 at y = 3.580000./ phi_m, min: -0.001069 at y = 3.587458
phi_e, max: -35.745301 at y = 3.583213, phi_e, min: -35.745353 at y = 3.408571
phi_m, max: 0.004458 at y = 3.386318./ phi_m, min: -0.000684 at y = 3.588376
phi_e, max: 0.067252 at y = 3.583213, phi_e, min: 0.066822 at y = 3.408571
phi_m, max: 0.357869 at y = 3.386318./ phi_m, min: 0.000000 at y = 3.580000
phi_e, max: -3.177393 at y = 3.583213, phi_e, min: -3.204735 at y = 3.408571


phi_m, max: 12.401412 at y = 0.468571./ phi_m, min: 0.000000 at y = 0.640000
phi_e, max: 6.225881 at y = 0.643213, phi_e, min: 5.549122 at y = 0.468571
phi_m, max: 115.915580 at y = 0.644832./ phi_m, min: 0.000000 at y = 0.640000
phi_e, max: -8.899324 at y = 0.471928, phi_e, min: -11.171729 at y = 0.648213
phi_m, max: 108.750059 at y = 0.649413./ phi_m, min: 0.000000 at y = 0.640000
phi_e, max: -7.040250 at y = 0.478782, phi_e, min: -7.649416 at y = 0.648213
phi_m, max: 92.535536 at y = 0.792857./ phi_m, min: 0.000000 at y = 0.640000
phi_e, max: -1.884639 at y = 0.478782, phi_e, min: -2.334205 at y = 0.648213
phi_m, max: 72.865358 at y = 0.792857./ phi_m, min: 0.000000 at y = 0.640000
phi_e, max: 10.144042 at y = 0.478782, phi_e, min: 9.814067 at y = 0.648213
phi_m, max: 53.334603 at y = 0.792857./ phi_m, min: 0.000000 at y = 0.640000
phi_e, max: -30.851979 at y = 0.478782, phi_e, min: -31.077134 at y = 0.648213
phi_m, max: 36.040488 at y = 0.792857./ phi_m, min: 0.000000 at y = 0.640000
phi_e, max: -5.556317 at y = 0.471534, phi_e, min: -5.767217 at y = 0.646787
phi_m, max: 15.062472 at y = 0.792857./ phi_m, min: 0.000000 at y = 0.640000
phi_e, max: -1.825739 at y = 0.644413, phi_e, min: -1.918651 at y = 0.478782



Time: 0.100000
CPU Time: 226.179154 min.
phi_m, max: -0.000000 at y = 2.950000./ phi_m, min: -0.001149 at y = 2.954832
phi_e, max: 5.619991 at y = 2.954413, phi_e, min: 5.619984 at y = 3.131429

Time: 0.200000
CPU Time: 229.022576 min.
phi_m, max: -0.000000 at y = 2.950000./ phi_m, min: -0.001158 at y = 2.954832
phi_e, max: -10.680125 at y = 2.954413, phi_e, min: -10.680132 at y = 3.131429

Time: 0.300000
CPU Time: 230.519171 min.
phi_m, max: -0.000000 at y = 2.950000./ phi_m, min: -0.001149 at y = 2.955168
phi_e, max: 2.179918 at y = 2.954413, phi_e, min: 2.179911 at y = 3.131429

Time: 0.400000
CPU Time: 230.305223 min.
phi_m, max: -0.000000 at y = 2.950000./ phi_m, min: -0.001113 at y = 2.956367
phi_e, max: -3.181324 at y = 2.953213, phi_e, min: -3.181345 at y = 3.131429

Time: 0.500000
CPU Time: 231.587102 min.
phi_m, max: 0.001731 at y = 2.807143./ phi_m, min: -0.000844 at y = 2.957458
phi_e, max: 14.397320 at y = 2.951787, phi_e, min: 14.397123 at y = 3.129272

Time: 0.600000
CPU Time: 233.287257 min.
phi_m, max: 0.193289 at y = 2.807143./ phi_m, min: 0.000000 at y = 2.950000
phi_e, max: -35.729326 at y = 2.951787, phi_e, min: -35.742456 at y = 3.129272

Time: 0.700000
CPU Time: 229.276461 min.
phi_m, max: 1.886920 at y = 2.807143./ phi_m, min: 0.000000 at y = 2.950000
phi_e, max: 0.221736 at y = 2.951787, phi_e, min: 0.094748 at y = 3.129272

Time: 0.800000
CPU Time: 218.640304 min.
phi_m, max: 114.163220 at y = 2.950587./ phi_m, min: 0.000000 at y = 2.950000
phi_e, max: -1.352408 at y = 3.128072, phi_e, min: -4.498676 at y = 2.953213


phi_m, max: -0.000000 at y = 2.291429./ phi_m, min: -0.001147 at y = 2.324832
phi_e, max: 5.619988 at y = 2.324413, phi_e, min: 5.619983 at y = 2.431918
phi_m, max: -0.000000 at y = 2.291429./ phi_m, min: -0.001154 at y = 2.535168
phi_e, max: -10.680122 at y = 2.323213, phi_e, min: -10.680132 at y = 2.450604
phi_m, max: -0.000000 at y = 2.291429./ phi_m, min: -0.001131 at y = 2.536367
phi_e, max: 2.179987 at y = 2.205714, phi_e, min: 2.179916 at y = 2.485225
phi_m, max: 0.051613 at y = 2.234286./ phi_m, min: -0.000452 at y = 2.538825
phi_e, max: -3.175581 at y = 2.205714, phi_e, min: -3.181052 at y = 2.499272
phi_m, max: 0.700428 at y = 2.234286./ phi_m, min: 0.000000 at y = 2.291429
phi_e, max: 14.473822 at y = 2.205714, phi_e, min: 14.401012 at y = 2.499272
phi_m, max: 88.834615 at y = 2.234286./ phi_m, min: 0.000000 at y = 2.291429
phi_e, max: -32.440417 at y = 2.324413, phi_e, min: -35.514668 at y = 2.491218
phi_m, max: 115.368397 at y = 2.531787./ phi_m, min: 0.000000 at y = 2.291429
phi_e, max: -5.956020 at y = 2.230929, phi_e, min: -9.645766 at y = 2.535587
phi_m, max: 111.330249 at y = 2.539413./ phi_m, min: 0.000000 at y = 2.291429
phi_e, max: -2.188073 at y = 2.422276, phi_e, min: -2.642843 at y = 2.535587


phi_m, max: -0.000000 at y = 3.790000./ phi_m, min: -0.001150 at y = 3.794832
phi_e, max: 5.619993 at y = 3.793213, phi_e, min: 5.619981 at y = 4.010000
phi_m, max: -0.000000 at y = 3.790000./ phi_m, min: -0.001159 at y = 3.794832
phi_e, max: -10.680123 at y = 3.793213, phi_e, min: -10.680135 at y = 4.010000
phi_m, max: -0.000000 at y = 3.790000./ phi_m, min: -0.001151 at y = 3.794832
phi_e, max: 2.179920 at y = 3.793213, phi_e, min: 2.179908 at y = 4.010000
phi_m, max: -0.000000 at y = 3.790000./ phi_m, min: -0.001140 at y = 3.794832
phi_e, max: -3.181339 at y = 3.793213, phi_e, min: -3.181351 at y = 4.010000
phi_m, max: -0.000000 at y = 3.790000./ phi_m, min: -0.001130 at y = 3.794832
phi_e, max: 14.397091 at y = 3.793213, phi_e, min: 14.397080 at y = 4.010000
phi_m, max: -0.000000 at y = 3.790000./ phi_m, min: -0.001115 at y = 3.795587
phi_e, max: -35.745319 at y = 3.793213, phi_e, min: -35.745336 at y = 4.010000
phi_m, max: -0.000000 at y = 3.790000./ phi_m, min: -0.001056 at y = 3.796787
phi_e, max: 0.067094 at y = 3.791787, phi_e, min: 0.067032 at y = 4.010000
phi_m, max: 0.028202 at y = 3.704286./ phi_m, min: 0.000000 at y = 3.790000
phi_e, max: -3.187585 at y = 3.791787, phi_e, min: -3.190807 at y = 4.010000


phi_m, max: 0.190458 at y = 1.060000./ phi_m, min: 0.000000 at y = 1.070000
phi_e, max: 5.632505 at y = 1.063213, phi_e, min: 5.620310 at y = 1.362358
phi_m, max: 6.364808 at y = 1.060000./ phi_m, min: 0.000000 at y = 1.070000
phi_e, max: -10.280745 at y = 1.063213, phi_e, min: -10.669249 at y = 1.362358
phi_m, max: 115.689359 at y = 1.061787./ phi_m, min: 0.000000 at y = 1.070000
phi_e, max: 2.594853 at y = 1.274413, phi_e, min: -9.503351 at y = 1.066787
phi_m, max: 115.621804 at y = 1.278213./ phi_m, min: 0.000000 at y = 1.070000
phi_e, max: -1.839447 at y = 1.154515, phi_e, min: -2.563333 at y = 1.278213
phi_m, max: 104.779568 at y = 1.279413./ phi_m, min: 0.000000 at y = 1.070000
phi_e, max: 10.174467 at y = 1.164726, phi_e, min: 9.769419 at y = 1.278213
phi_m, max: 86.894250 at y = 1.365714./ phi_m, min: 0.000000 at y = 1.070000
phi_e, max: -30.858206 at y = 1.164726, phi_e, min: -31.176820 at y = 1.278213
phi_m, max: 66.956446 at y = 1.365714./ phi_m, min: 0.000000 at y = 1.070000
phi_e, max: -5.557234 at y = 1.164726, phi_e, min: -5.786806 at y = 1.278213
phi_m, max: 48.064310 at y = 1.365714./ phi_m, min: 0.000000 at y = 1.070000
phi_e, max: -1.937380 at y = 1.175274, phi_e, min: -2.114068 at y = 1.064413


phi_m, max: -0.000000 at y = 1.938571./ phi_m, min: -0.001147 at y = 2.115168
phi_e, max: 5.619990 at y = 2.115587, phi_e, min: 5.619981 at y = 1.948782
phi_m, max: -0.000000 at y = 1.938571./ phi_m, min: -0.001093 at y = 2.117458
phi_e, max: -10.680076 at y = 1.910000, phi_e, min: -10.680152 at y = 1.956932
phi_m, max: 0.006349 at y = 1.916318./ phi_m, min: -0.000539 at y = 2.118376
phi_e, max: 2.180543 at y = 1.910000, phi_e, min: 2.179723 at y = 1.956932
phi_m, max: 0.580125 at y = 1.916318./ phi_m, min: 0.000000 at y = 1.938571
phi_e, max: -3.131556 at y = 1.910000, phi_e, min: -3.195817 at y = 1.956932
phi_m, max: 7.976606 at y = 1.910000./ phi_m, min: 0.000000 at y = 1.938571
phi_e, max: 14.721723 at y = 2.113213, phi_e, min: 14.228766 at y = 1.920211
phi_m, max: 115.887675 at y = 2.113633./ phi_m, min: 0.000000 at y = 1.938571
phi_e, max: -31.411739 at y = 1.935215, phi_e, min: -35.413574 at y = 2.118213
phi_m, max: 109.542520 at y = 2.119413./ phi_m, min: 0.000000 at y = 1.938571
phi_e, max: -5.600675 at y = 1.935215, phi_e, min: -6.305782 at y = 2.118213
phi_m, max: 93.662361 at y = 2.262857./ phi_m, min: 0.000000 at y = 1.938571
phi_e, max: -2.015944 at y = 1.941928, phi_e, min: -2.521416 at y = 2.118213


phi_m, max: 1.162121 at y = 0.764286./ phi_m, min: 0.000000 at y = 0.850000
phi_e, max: 5.746486 at y = 0.851787, phi_e, min: 5.627931 at y = 1.098571
phi_m, max: 101.329507 at y = 0.764286./ phi_m, min: 0.000000 at y = 0.850000
phi_e, max: -8.899549 at y = 0.855587, phi_e, min: -10.457722 at y = 1.011869
phi_m, max: 115.701813 at y = 1.061787./ phi_m, min: 0.000000 at y = 0.850000
phi_e, max: -7.264433 at y = 0.782646, phi_e, min: -9.482873 at y = 1.066787
phi_m, max: 110.602250 at y = 1.069413./ phi_m, min: 0.000000 at y = 0.850000
phi_e, max: -1.841198 at y = 0.961918, phi_e, min: -2.227364 at y = 0.851787
phi_m, max: 94.760776 at y = 1.069413./ phi_m, min: 0.000000 at y = 0.850000
phi_e, max: 10.162382 at y = 0.955925, phi_e, min: 9.843736 at y = 1.064413
phi_m, max: 75.102512 at y = 1.070000./ phi_m, min: 0.000000 at y = 0.850000
phi_e, max: -30.858033 at y = 0.949071, phi_e, min: -31.117220 at y = 1.064413
phi_m, max: 55.362354 at y = 1.070000./ phi_m, min: 0.000000 at y = 0.850000
phi_e, max: -5.562134 at y = 0.954726, phi_e, min: -5.742451 at y = 1.064413
phi_m, max: 37.906643 at y = 1.070000./ phi_m, min: 0.000000 at y = 0.850000
phi_e, max: -1.890465 at y = 0.764286, phi_e, min: -2.114202 at y = 1.064413


phi_m, max: -0.000000 at y = 1.690000./ phi_m, min: -0.001125 at y = 1.906787
phi_e, max: 5.620104 at y = 1.632857, phi_e, min: 5.619981 at y = 1.947583
phi_m, max: 0.022215 at y = 1.661429./ phi_m, min: -0.000572 at y = 1.908376
phi_e, max: -10.676039 at y = 1.632857, phi_e, min: -10.680156 at y = 1.948782
phi_m, max: 0.253723 at y = 1.661429./ phi_m, min: 0.000000 at y = 1.690000
phi_e, max: 2.224669 at y = 1.632857, phi_e, min: 2.179681 at y = 1.948782
phi_m, max: 20.120537 at y = 1.661429./ phi_m, min: 0.000000 at y = 1.690000
phi_e, max: -0.086107 at y = 1.691787, phi_e, min: -3.199144 at y = 1.948782
phi_m, max: 115.931829 at y = 1.696426./ phi_m, min: 0.000000 at y = 1.690000
phi_e, max: 14.361148 at y = 1.908213, phi_e, min: 10.293112 at y = 1.690587
phi_m, max: 114.220238 at y = 1.908376./ phi_m, min: 0.000000 at y = 1.690000
phi_e, max: -30.244217 at y = 1.782358, phi_e, min: -31.538784 at y = 1.967143
phi_m, max: 101.058067 at y = 1.909413./ phi_m, min: 0.000000 at y = 1.690000
phi_e, max: -5.004213 at y = 1.794726, phi_e, min: -5.655750 at y = 1.909413
phi_m, max: 82.225182 at y = 1.910000./ phi_m, min: 0.000000 at y = 1.690000
phi_e, max: -1.527612 at y = 1.789071, phi_e, min: -2.059176 at y = 1.908213


phi_m, max: -0.000000 at y = 4.000000./ phi_m, min: -0.001159 at y = 4.218213
phi_e, max: 5.619983 at y = 4.001787, phi_e, min: 5.619972 at y = 4.140489
phi_m, max: -0.000000 at y = 4.000000./ phi_m, min: -0.001168 at y = 4.218213
phi_e, max: -10.680133 at y = 4.001787, phi_e, min: -10.680145 at y = 4.140489
phi_m, max: -0.000000 at y = 4.000000./ phi_m, min: -0.001159 at y = 4.218213
phi_e, max: 2.179910 at y = 4.001787, phi_e, min: 2.179899 at y = 4.140489
phi_m, max: -0.000000 at y = 4.000000./ phi_m, min: -0.001148 at y = 4.218213
phi_e, max: -3.181349 at y = 4.001787, phi_e, min: -3.181360 at y = 4.140489
phi_m, max: -0.000000 at y = 4.000000./ phi_m, min: -0.001139 at y = 4.218213
phi_e, max: 14.397081 at y = 4.001787, phi_e, min: 14.397070 at y = 4.140489
phi_m, max: -0.000000 at y = 4.000000./ phi_m, min: -0.001130 at y = 4.218213
phi_e, max: -35.745334 at y = 4.001787, phi_e, min: -35.745346 at y = 4.142646
phi_m, max: -0.000000 at y = 4.000000./ phi_m, min: -0.001121 at y = 4.218213
phi_e, max: 0.067036 at y = 4.001787, phi_e, min: 0.067014 at y = 4.156213
phi_m, max: 0.002954 at y = 4.000000./ phi_m, min: -0.000984 at y = 4.218376
phi_e, max: -3.190686 at y = 4.000587, phi_e, min: -3.191399 at y = 4.184391


phi_m, max: 0.004478 at y = 1.365714./ phi_m, min: -0.000559 at y = 1.487458
phi_e, max: 5.620523 at y = 1.481787, phi_e, min: 5.620081 at y = 1.690000
phi_m, max: 0.185100 at y = 1.365714./ phi_m, min: 0.000000 at y = 1.451429
phi_e, max: -10.662286 at y = 1.481787, phi_e, min: -10.676793 at y = 1.690000
phi_m, max: 2.046201 at y = 1.365714./ phi_m, min: 0.000000 at y = 1.451429
phi_e, max: 2.375620 at y = 1.481787, phi_e, min: 2.216403 at y = 1.690000
phi_m, max: 114.767189 at y = 1.480587./ phi_m, min: 0.000000 at y = 1.451429
phi_e, max: -0.140884 at y = 1.690000, phi_e, min: -4.155988 at y = 1.484551
phi_m, max: 113.142496 at y = 1.690000./ phi_m, min: 0.000000 at y = 1.451429
phi_e, max: 10.379736 at y = 1.690000, phi_e, min: 9.660769 at y = 1.481787
phi_m, max: 99.314711 at y = 1.690000./ phi_m, min: 0.000000 at y = 1.451429
phi_e, max: -30.725257 at y = 1.651218, phi_e, min: -31.261819 at y = 1.481787
phi_m, max: 80.317586 at y = 1.690000./ phi_m, min: 0.000000 at y = 1.451429
phi_e, max: -5.460593 at y = 1.651218, phi_e, min: -5.850996 at y = 1.481787
phi_m, max: 60.271316 at y = 1.690000./ phi_m, min: 0.000000 at y = 1.451429
phi_e, max: -1.852700 at y = 1.651218, phi_e, min: -2.113009 at y = 1.481787


phi_m, max: 112.889024 at y = 0.220000./ phi_m, min: 0.000000 at y = -0.010000
phi_e, max: 4.045667 at y = 0.220000, phi_e, min: 3.696010 at y = 0.000587
phi_m, max: 98.755024 at y = 0.220000./ phi_m, min: 0.000000 at y = -0.010000
phi_e, max: -8.561769 at y = 0.220000, phi_e, min: -8.714841 at y = 0.000587
phi_m, max: 79.667367 at y = 0.220000./ phi_m, min: 0.000000 at y = -0.010000
phi_e, max: -6.858655 at y = 0.220000, phi_e, min: -6.899140 at y = 0.000587
phi_m, max: 59.698380 at y = 0.220000./ phi_m, min: 0.000000 at y = -0.010000
phi_e, max: -1.607974 at y = 0.016787, phi_e, min: -1.662972 at y = 0.220000
phi_m, max: 41.845566 at y = 0.220000./ phi_m, min: 0.000000 at y = -0.010000
phi_e, max: 10.433197 at y = 0.016787, phi_e, min: 10.358668 at y = 0.220000
phi_m, max: 23.422324 at y = 0.220000./ phi_m, min: 0.000000 at y = -0.010000
phi_e, max: -30.364982 at y = 0.016787, phi_e, min: -30.584992 at y = 0.220000
phi_m, max: 4.593064 at y = 0.220000./ phi_m, min: 0.000000 at y = -0.010000
phi_e, max: -4.946055 at y = 0.015587, phi_e, min: -5.056647 at y = 0.220000
phi_m, max: 0.330641 at y = 0.220000./ phi_m, min: 0.000000 at y = -0.010000
phi_e, max: -1.963699 at y = 0.018213, phi_e, min: -1.971537 at y = 0.191429


phi_m, max: -0.000000 at y = 3.160000./ phi_m, min: -0.001146 at y = 3.375587
phi_e, max: 5.619987 at y = 3.378213, phi_e, min: 5.619978 at y = 3.264726
phi_m, max: -0.000000 at y = 3.160000./ phi_m, min: -0.001155 at y = 3.375587
phi_e, max: -10.680130 at y = 3.378213, phi_e, min: -10.680138 at y = 3.264726
phi_m, max: -0.000000 at y = 3.160000./ phi_m, min: -0.001147 at y = 3.375587
phi_e, max: 2.179913 at y = 3.378213, phi_e, min: 2.179905 at y = 3.264726
phi_m, max: -0.000000 at y = 3.160000./ phi_m, min: -0.001135 at y = 3.375587
phi_e, max: -3.181344 at y = 3.163213, phi_e, min: -3.181354 at y = 3.274075
phi_m, max: -0.000000 at y = 3.160000./ phi_m, min: -0.001117 at y = 3.376367
phi_e, max: 14.397127 at y = 3.161787, phi_e, min: 14.397079 at y = 3.319176
phi_m, max: 0.021353 at y = 3.131429./ phi_m, min: -0.000604 at y = 3.378376
phi_e, max: -35.742276 at y = 3.161787, phi_e, min: -35.745356 at y = 3.402253
phi_m, max: 0.214903 at y = 3.131429./ phi_m, min: 0.000000 at y = 3.160000
phi_e, max: 0.096465 at y = 3.161787, phi_e, min: 0.066794 at y = 3.402253
phi_m, max: 14.191443 at y = 3.131429./ phi_m, min: 0.000000 at y = 3.160000
phi_e, max: -1.255651 at y = 3.161787, phi_e, min: -3.206548 at y = 3.402253


phi_m, max: -0.000000 at y = 2.530000./ phi_m, min: -0.001148 at y = 2.745168
phi_e, max: 5.619990 at y = 2.745587, phi_e, min: 5.619984 at y = 2.629071
phi_m, max: -0.000000 at y = 2.530000./ phi_m, min: -0.001157 at y = 2.745168
phi_e, max: -10.680127 at y = 2.745587, phi_e, min: -10.680132 at y = 2.634726
phi_m, max: -0.000000 at y = 2.530000./ phi_m, min: -0.001147 at y = 2.745168
phi_e, max: 2.179921 at y = 2.534413, phi_e, min: 2.179913 at y = 2.655485
phi_m, max: 0.007552 at y = 2.530000./ phi_m, min: -0.001022 at y = 2.746367
phi_e, max: -3.180855 at y = 2.533213, phi_e, min: -3.181336 at y = 2.829396
phi_m, max: 0.114028 at y = 2.530000./ phi_m, min: 0.000000 at y = 2.530000
phi_e, max: 14.403599 at y = 2.533213, phi_e, min: 14.397204 at y = 2.829396
phi_m, max: 7.756563 at y = 2.530000./ phi_m, min: 0.000000 at y = 2.530000
phi_e, max: -35.307889 at y = 2.533213, phi_e, min: -35.737088 at y = 2.829396
phi_m, max: 115.332050 at y = 2.531787./ phi_m, min: 0.000000 at y = 2.530000
phi_e, max: 0.489603 at y = 2.744413, phi_e, min: -9.655536 at y = 2.536787
phi_m, max: 115.777501 at y = 2.748213./ phi_m, min: 0.000000 at y = 2.530000
phi_e, max: -2.343048 at y = 2.615503, phi_e, min: -3.182951 at y = 2.748213


phi_m, max: 115.885200 at y = 0.226426./ phi_m, min: 0.000000 at y = 0.220000
phi_e, max: 5.572332 at y = 0.497143, phi_e, min: 3.978198 at y = 0.220587
phi_m, max: 113.657914 at y = 0.438376./ phi_m, min: 0.000000 at y = 0.220000
phi_e, max: -8.088097 at y = 0.315714, phi_e, min: -9.004554 at y = 0.439413
phi_m, max: 99.931645 at y = 0.439413./ phi_m, min: 0.000000 at y = 0.220000
phi_e, max: -6.502838 at y = 0.318676, phi_e, min: -7.112208 at y = 0.438213
phi_m, max: 80.920607 at y = 0.440000./ phi_m, min: 0.000000 at y = 0.220000
phi_e, max: -1.427514 at y = 0.312358, phi_e, min: -1.939219 at y = 0.438213
phi_m, max: 60.907237 at y = 0.468571./ phi_m, min: 0.000000 at y = 0.220000
phi_e, max: 10.492657 at y = 0.305503, phi_e, min: 10.106015 at y = 0.438213
phi_m, max: 42.829641 at y = 0.468571./ phi_m, min: 0.000000 at y = 0.220000
phi_e, max: -30.536771 at y = 0.289300, phi_e, min: -30.880647 at y = 0.438213
phi_m, max: 24.293085 at y = 0.468571./ phi_m, min: 0.000000 at y = 0.220000
phi_e, max: -5.043020 at y = 0.221787, phi_e, min: -5.560993 at y = 0.497143
phi_m, max: 5.065640 at y = 0.468571./ phi_m, min: 0.000000 at y = 0.220000
phi_e, max: -1.908688 at y = 0.436787, phi_e, min: -2.001149 at y = 0.303346


Writing: "Fiber2DEphapticPlaneL4rho4_8.chk"
 (0.001709s, XML)
Steps: 9000000  Time: 0.9         
phi_m, max: -0.000000 at y = 4.000000./ phi_m, min: -0.001159 at y = 4.218213
phi_e, max: 5.619983 at y = 4.001787, phi_e, min: 5.619972 at y = 4.140489
phi_m, max: -0.000000 at y = 4.000000./ phi_m, min: -0.001168 at y = 4.218213
phi_e, max: -10.680133 at y = 4.001787, phi_e, min: -10.680145 at y = 4.140489
phi_m, max: -0.000000 at y = 4.000000./ phi_m, min: -0.001159 at y = 4.218213
phi_e, max: 2.179910 at y = 4.001787, phi_e, min: 2.179899 at y = 4.140489
phi_m, max: -0.000000 at y = 4.000000./ phi_m, min: -0.001148 at y = 4.218213
phi_e, max: -3.181349 at y = 4.001787, phi_e, min: -3.181360 at y = 4.140489
phi_m, max: -0.000000 at y = 4.000000./ phi_m, min: -0.001139 at y = 4.218213
phi_e, max: 14.397081 at y = 4.001787, phi_e, min: 14.397070 at y = 4.140489
phi_m, max: -0.000000 at y = 4.000000./ phi_m, min: -0.001130 at y = 4.218213
phi_e, max: -35.745334 at y = 4.001787, phi_e, min: -35.745346 at y = 4.142646
phi_m, max: -0.000000 at y = 4.000000./ phi_m, min: -0.001121 at y = 4.218213
phi_e, max: 0.067036 at y = 4.001787, phi_e, min: 0.067014 at y = 4.156213
phi_m, max: 0.002954 at y = 4.000000./ phi_m, min: -0.000984 at y = 4.218376
phi_e, max: -3.190686 at y = 4.000587, phi_e, min: -3.191399 at y = 4.184391
phi_m, max: 0.062853 at y = 4.000000./ phi_m, min: 0.000000 at y = 4.000000
phi_e, max: 6.032554 at y = 4.000587, phi_e, min: 6.021391 at y = 4.184785



Time: 0.100000
CPU Time: 226.179154 min.
phi_m, max: -0.000000 at y = 2.950000./ phi_m, min: -0.001149 at y = 2.954832
phi_e, max: 5.619991 at y = 2.954413, phi_e, min: 5.619984 at y = 3.131429

Time: 0.200000
CPU Time: 229.022576 min.
phi_m, max: -0.000000 at y = 2.950000./ phi_m, min: -0.001158 at y = 2.954832
phi_e, max: -10.680125 at y = 2.954413, phi_e, min: -10.680132 at y = 3.131429

Time: 0.300000
CPU Time: 230.519171 min.
phi_m, max: -0.000000 at y = 2.950000./ phi_m, min: -0.001149 at y = 2.955168
phi_e, max: 2.179918 at y = 2.954413, phi_e, min: 2.179911 at y = 3.131429

Time: 0.400000
CPU Time: 230.305223 min.
phi_m, max: -0.000000 at y = 2.950000./ phi_m, min: -0.001113 at y = 2.956367
phi_e, max: -3.181324 at y = 2.953213, phi_e, min: -3.181345 at y = 3.131429

Time: 0.500000
CPU Time: 231.587102 min.
phi_m, max: 0.001731 at y = 2.807143./ phi_m, min: -0.000844 at y = 2.957458
phi_e, max: 14.397320 at y = 2.951787, phi_e, min: 14.397123 at y = 3.129272

Time: 0.600000
CPU Time: 233.287257 min.
phi_m, max: 0.193289 at y = 2.807143./ phi_m, min: 0.000000 at y = 2.950000
phi_e, max: -35.729326 at y = 2.951787, phi_e, min: -35.742456 at y = 3.129272

Time: 0.700000
CPU Time: 229.276461 min.
phi_m, max: 1.886920 at y = 2.807143./ phi_m, min: 0.000000 at y = 2.950000
phi_e, max: 0.221736 at y = 2.951787, phi_e, min: 0.094748 at y = 3.129272

Time: 0.800000
CPU Time: 218.640304 min.
phi_m, max: 114.163220 at y = 2.950587./ phi_m, min: 0.000000 at y = 2.950000
phi_e, max: -1.352408 at y = 3.128072, phi_e, min: -4.498676 at y = 2.953213

Time: 0.900000
CPU Time: 185.229565 min.
phi_m, max: 113.177929 at y = 3.131429./ phi_m, min: 0.000000 at y = 2.950000
phi_e, max: 0.476279 at y = 3.131429, phi_e, min: -0.160402 at y = 2.951787


phi_m, max: -0.000000 at y = 2.291429./ phi_m, min: -0.001147 at y = 2.324832
phi_e, max: 5.619988 at y = 2.324413, phi_e, min: 5.619983 at y = 2.431918
phi_m, max: -0.000000 at y = 2.291429./ phi_m, min: -0.001154 at y = 2.535168
phi_e, max: -10.680122 at y = 2.323213, phi_e, min: -10.680132 at y = 2.450604
phi_m, max: -0.000000 at y = 2.291429./ phi_m, min: -0.001131 at y = 2.536367
phi_e, max: 2.179987 at y = 2.205714, phi_e, min: 2.179916 at y = 2.485225
phi_m, max: 0.051613 at y = 2.234286./ phi_m, min: -0.000452 at y = 2.538825
phi_e, max: -3.175581 at y = 2.205714, phi_e, min: -3.181052 at y = 2.499272
phi_m, max: 0.700428 at y = 2.234286./ phi_m, min: 0.000000 at y = 2.291429
phi_e, max: 14.473822 at y = 2.205714, phi_e, min: 14.401012 at y = 2.499272
phi_m, max: 88.834615 at y = 2.234286./ phi_m, min: 0.000000 at y = 2.291429
phi_e, max: -32.440417 at y = 2.324413, phi_e, min: -35.514668 at y = 2.491218
phi_m, max: 115.368397 at y = 2.531787./ phi_m, min: 0.000000 at y = 2.291429
phi_e, max: -5.956020 at y = 2.230929, phi_e, min: -9.645766 at y = 2.535587
phi_m, max: 111.330249 at y = 2.539413./ phi_m, min: 0.000000 at y = 2.291429
phi_e, max: -2.188073 at y = 2.422276, phi_e, min: -2.642843 at y = 2.535587
phi_m, max: 95.891732 at y = 2.539413./ phi_m, min: 0.000000 at y = 2.291429
phi_e, max: 0.587113 at y = 2.416914, phi_e, min: 0.202112 at y = 2.535587


phi_m, max: -0.000000 at y = 3.790000./ phi_m, min: -0.001150 at y = 3.794832
phi_e, max: 5.619993 at y = 3.793213, phi_e, min: 5.619981 at y = 4.010000
phi_m, max: -0.000000 at y = 3.790000./ phi_m, min: -0.001159 at y = 3.794832
phi_e, max: -10.680123 at y = 3.793213, phi_e, min: -10.680135 at y = 4.010000
phi_m, max: -0.000000 at y = 3.790000./ phi_m, min: -0.001151 at y = 3.794832
phi_e, max: 2.179920 at y = 3.793213, phi_e, min: 2.179908 at y = 4.010000
phi_m, max: -0.000000 at y = 3.790000./ phi_m, min: -0.001140 at y = 3.794832
phi_e, max: -3.181339 at y = 3.793213, phi_e, min: -3.181351 at y = 4.010000
phi_m, max: -0.000000 at y = 3.790000./ phi_m, min: -0.001130 at y = 3.794832
phi_e, max: 14.397091 at y = 3.793213, phi_e, min: 14.397080 at y = 4.010000
phi_m, max: -0.000000 at y = 3.790000./ phi_m, min: -0.001115 at y = 3.795587
phi_e, max: -35.745319 at y = 3.793213, phi_e, min: -35.745336 at y = 4.010000
phi_m, max: -0.000000 at y = 3.790000./ phi_m, min: -0.001056 at y = 3.796787
phi_e, max: 0.067094 at y = 3.791787, phi_e, min: 0.067032 at y = 4.010000
phi_m, max: 0.028202 at y = 3.704286./ phi_m, min: 0.000000 at y = 3.790000
phi_e, max: -3.187585 at y = 3.791787, phi_e, min: -3.190807 at y = 4.010000
phi_m, max: 0.463353 at y = 3.704286./ phi_m, min: 0.000000 at y = 3.790000
phi_e, max: 6.081606 at y = 3.791787, phi_e, min: 6.030650 at y = 4.010000


phi_m, max: 0.190458 at y = 1.060000./ phi_m, min: 0.000000 at y = 1.070000
phi_e, max: 5.632505 at y = 1.063213, phi_e, min: 5.620310 at y = 1.362358
phi_m, max: 6.364808 at y = 1.060000./ phi_m, min: 0.000000 at y = 1.070000
phi_e, max: -10.280745 at y = 1.063213, phi_e, min: -10.669249 at y = 1.362358
phi_m, max: 115.689359 at y = 1.061787./ phi_m, min: 0.000000 at y = 1.070000
phi_e, max: 2.594853 at y = 1.274413, phi_e, min: -9.503351 at y = 1.066787
phi_m, max: 115.621804 at y = 1.278213./ phi_m, min: 0.000000 at y = 1.070000
phi_e, max: -1.839447 at y = 1.154515, phi_e, min: -2.563333 at y = 1.278213
phi_m, max: 104.779568 at y = 1.279413./ phi_m, min: 0.000000 at y = 1.070000
phi_e, max: 10.174467 at y = 1.164726, phi_e, min: 9.769419 at y = 1.278213
phi_m, max: 86.894250 at y = 1.365714./ phi_m, min: 0.000000 at y = 1.070000
phi_e, max: -30.858206 at y = 1.164726, phi_e, min: -31.176820 at y = 1.278213
phi_m, max: 66.956446 at y = 1.365714./ phi_m, min: 0.000000 at y = 1.070000
phi_e, max: -5.557234 at y = 1.164726, phi_e, min: -5.786806 at y = 1.278213
phi_m, max: 48.064310 at y = 1.365714./ phi_m, min: 0.000000 at y = 1.070000
phi_e, max: -1.937380 at y = 1.175274, phi_e, min: -2.114068 at y = 1.064413
phi_m, max: 30.754905 at y = 1.365714./ phi_m, min: 0.000000 at y = 1.070000
phi_e, max: 0.942579 at y = 1.061787, phi_e, min: 0.685997 at y = 1.278213


phi_m, max: -0.000000 at y = 1.938571./ phi_m, min: -0.001147 at y = 2.115168
phi_e, max: 5.619990 at y = 2.115587, phi_e, min: 5.619981 at y = 1.948782
phi_m, max: -0.000000 at y = 1.938571./ phi_m, min: -0.001093 at y = 2.117458
phi_e, max: -10.680076 at y = 1.910000, phi_e, min: -10.680152 at y = 1.956932
phi_m, max: 0.006349 at y = 1.916318./ phi_m, min: -0.000539 at y = 2.118376
phi_e, max: 2.180543 at y = 1.910000, phi_e, min: 2.179723 at y = 1.956932
phi_m, max: 0.580125 at y = 1.916318./ phi_m, min: 0.000000 at y = 1.938571
phi_e, max: -3.131556 at y = 1.910000, phi_e, min: -3.195817 at y = 1.956932
phi_m, max: 7.976606 at y = 1.910000./ phi_m, min: 0.000000 at y = 1.938571
phi_e, max: 14.721723 at y = 2.113213, phi_e, min: 14.228766 at y = 1.920211
phi_m, max: 115.887675 at y = 2.113633./ phi_m, min: 0.000000 at y = 1.938571
phi_e, max: -31.411739 at y = 1.935215, phi_e, min: -35.413574 at y = 2.118213
phi_m, max: 109.542520 at y = 2.119413./ phi_m, min: 0.000000 at y = 1.938571
phi_e, max: -5.600675 at y = 1.935215, phi_e, min: -6.305782 at y = 2.118213
phi_m, max: 93.662361 at y = 2.262857./ phi_m, min: 0.000000 at y = 1.938571
phi_e, max: -2.015944 at y = 1.941928, phi_e, min: -2.521416 at y = 2.118213
phi_m, max: 74.089451 at y = 2.262857./ phi_m, min: 0.000000 at y = 1.938571
phi_e, max: 0.732730 at y = 1.941928, phi_e, min: 0.359393 at y = 2.118213


phi_m, max: -0.000000 at y = 2.530000./ phi_m, min: -0.001148 at y = 2.745168
phi_e, max: 5.619990 at y = 2.745587, phi_e, min: 5.619984 at y = 2.629071
phi_m, max: -0.000000 at y = 2.530000./ phi_m, min: -0.001157 at y = 2.745168
phi_e, max: -10.680127 at y = 2.745587, phi_e, min: -10.680132 at y = 2.634726
phi_m, max: -0.000000 at y = 2.530000./ phi_m, min: -0.001147 at y = 2.745168
phi_e, max: 2.179921 at y = 2.534413, phi_e, min: 2.179913 at y = 2.655485
phi_m, max: 0.007552 at y = 2.530000./ phi_m, min: -0.001022 at y = 2.746367
phi_e, max: -3.180855 at y = 2.533213, phi_e, min: -3.181336 at y = 2.829396
phi_m, max: 0.114028 at y = 2.530000./ phi_m, min: 0.000000 at y = 2.530000
phi_e, max: 14.403599 at y = 2.533213, phi_e, min: 14.397204 at y = 2.829396
phi_m, max: 7.756563 at y = 2.530000./ phi_m, min: 0.000000 at y = 2.530000
phi_e, max: -35.307889 at y = 2.533213, phi_e, min: -35.737088 at y = 2.829396
phi_m, max: 115.332050 at y = 2.531787./ phi_m, min: 0.000000 at y = 2.530000
phi_e, max: 0.489603 at y = 2.744413, phi_e, min: -9.655536 at y = 2.536787
phi_m, max: 115.777501 at y = 2.748213./ phi_m, min: 0.000000 at y = 2.530000
phi_e, max: -2.343048 at y = 2.615503, phi_e, min: -3.182951 at y = 2.748213
phi_m, max: 105.665313 at y = 2.749413./ phi_m, min: 0.000000 at y = 2.530000
phi_e, max: 0.475980 at y = 2.626914, phi_e, min: 0.007653 at y = 2.748213


phi_m, max: -0.000000 at y = 1.690000./ phi_m, min: -0.001125 at y = 1.906787
phi_e, max: 5.620104 at y = 1.632857, phi_e, min: 5.619981 at y = 1.947583
phi_m, max: 0.022215 at y = 1.661429./ phi_m, min: -0.000572 at y = 1.908376
phi_e, max: -10.676039 at y = 1.632857, phi_e, min: -10.680156 at y = 1.948782
phi_m, max: 0.253723 at y = 1.661429./ phi_m, min: 0.000000 at y = 1.690000
phi_e, max: 2.224669 at y = 1.632857, phi_e, min: 2.179681 at y = 1.948782
phi_m, max: 20.120537 at y = 1.661429./ phi_m, min: 0.000000 at y = 1.690000
phi_e, max: -0.086107 at y = 1.691787, phi_e, min: -3.199144 at y = 1.948782
phi_m, max: 115.931829 at y = 1.696426./ phi_m, min: 0.000000 at y = 1.690000
phi_e, max: 14.361148 at y = 1.908213, phi_e, min: 10.293112 at y = 1.690587
phi_m, max: 114.220238 at y = 1.908376./ phi_m, min: 0.000000 at y = 1.690000
phi_e, max: -30.244217 at y = 1.782358, phi_e, min: -31.538784 at y = 1.967143
phi_m, max: 101.058067 at y = 1.909413./ phi_m, min: 0.000000 at y = 1.690000
phi_e, max: -5.004213 at y = 1.794726, phi_e, min: -5.655750 at y = 1.909413
phi_m, max: 82.225182 at y = 1.910000./ phi_m, min: 0.000000 at y = 1.690000
phi_e, max: -1.527612 at y = 1.789071, phi_e, min: -2.059176 at y = 1.908213
phi_m, max: 62.171525 at y = 1.935215./ phi_m, min: 0.000000 at y = 1.690000
phi_e, max: 1.090590 at y = 1.789071, phi_e, min: 0.700745 at y = 1.908213


phi_m, max: 115.885200 at y = 0.226426./ phi_m, min: 0.000000 at y = 0.220000
phi_e, max: 5.572332 at y = 0.497143, phi_e, min: 3.978198 at y = 0.220587
phi_m, max: 113.657914 at y = 0.438376./ phi_m, min: 0.000000 at y = 0.220000
phi_e, max: -8.088097 at y = 0.315714, phi_e, min: -9.004554 at y = 0.439413
phi_m, max: 99.931645 at y = 0.439413./ phi_m, min: 0.000000 at y = 0.220000
phi_e, max: -6.502838 at y = 0.318676, phi_e, min: -7.112208 at y = 0.438213
phi_m, max: 80.920607 at y = 0.440000./ phi_m, min: 0.000000 at y = 0.220000
phi_e, max: -1.427514 at y = 0.312358, phi_e, min: -1.939219 at y = 0.438213
phi_m, max: 60.907237 at y = 0.468571./ phi_m, min: 0.000000 at y = 0.220000
phi_e, max: 10.492657 at y = 0.305503, phi_e, min: 10.106015 at y = 0.438213
phi_m, max: 42.829641 at y = 0.468571./ phi_m, min: 0.000000 at y = 0.220000
phi_e, max: -30.536771 at y = 0.289300, phi_e, min: -30.880647 at y = 0.438213
phi_m, max: 24.293085 at y = 0.468571./ phi_m, min: 0.000000 at y = 0.220000
phi_e, max: -5.043020 at y = 0.221787, phi_e, min: -5.560993 at y = 0.497143
phi_m, max: 5.065640 at y = 0.468571./ phi_m, min: 0.000000 at y = 0.220000
phi_e, max: -1.908688 at y = 0.436787, phi_e, min: -2.001149 at y = 0.303346
phi_m, max: 0.399805 at y = 0.468571./ phi_m, min: -0.220492 at y = 0.220587
phi_e, max: 1.003114 at y = 0.438213, phi_e, min: 0.985430 at y = 0.305503


phi_m, max: 12.401412 at y = 0.468571./ phi_m, min: 0.000000 at y = 0.640000
phi_e, max: 6.225881 at y = 0.643213, phi_e, min: 5.549122 at y = 0.468571
phi_m, max: 115.915580 at y = 0.644832./ phi_m, min: 0.000000 at y = 0.640000
phi_e, max: -8.899324 at y = 0.471928, phi_e, min: -11.171729 at y = 0.648213
phi_m, max: 108.750059 at y = 0.649413./ phi_m, min: 0.000000 at y = 0.640000
phi_e, max: -7.040250 at y = 0.478782, phi_e, min: -7.649416 at y = 0.648213
phi_m, max: 92.535536 at y = 0.792857./ phi_m, min: 0.000000 at y = 0.640000
phi_e, max: -1.884639 at y = 0.478782, phi_e, min: -2.334205 at y = 0.648213
phi_m, max: 72.865358 at y = 0.792857./ phi_m, min: 0.000000 at y = 0.640000
phi_e, max: 10.144042 at y = 0.478782, phi_e, min: 9.814067 at y = 0.648213
phi_m, max: 53.334603 at y = 0.792857./ phi_m, min: 0.000000 at y = 0.640000
phi_e, max: -30.851979 at y = 0.478782, phi_e, min: -31.077134 at y = 0.648213
phi_m, max: 36.040488 at y = 0.792857./ phi_m, min: 0.000000 at y = 0.640000
phi_e, max: -5.556317 at y = 0.471534, phi_e, min: -5.767217 at y = 0.646787
phi_m, max: 15.062472 at y = 0.792857./ phi_m, min: 0.000000 at y = 0.640000
phi_e, max: -1.825739 at y = 0.644413, phi_e, min: -1.918651 at y = 0.478782
phi_m, max: 2.127801 at y = 0.792857./ phi_m, min: 0.000000 at y = 0.640000
phi_e, max: 1.046620 at y = 0.646787, phi_e, min: 1.001249 at y = 0.471928


phi_m, max: -0.000000 at y = 3.580000./ phi_m, min: -0.001150 at y = 3.585168
phi_e, max: 5.619994 at y = 3.585587, phi_e, min: 5.619986 at y = 3.380000
phi_m, max: -0.000000 at y = 3.580000./ phi_m, min: -0.001159 at y = 3.585168
phi_e, max: -10.680122 at y = 3.585587, phi_e, min: -10.680131 at y = 3.380000
phi_m, max: -0.000000 at y = 3.580000./ phi_m, min: -0.001150 at y = 3.585168
phi_e, max: 2.179921 at y = 3.585587, phi_e, min: 2.179913 at y = 3.380000
phi_m, max: -0.000000 at y = 3.580000./ phi_m, min: -0.001140 at y = 3.585168
phi_e, max: -3.181338 at y = 3.585587, phi_e, min: -3.181346 at y = 3.380000
phi_m, max: -0.000000 at y = 3.580000./ phi_m, min: -0.001129 at y = 3.585168
phi_e, max: 14.397092 at y = 3.585587, phi_e, min: 14.397084 at y = 3.408571
phi_m, max: -0.000000 at y = 3.580000./ phi_m, min: -0.001069 at y = 3.587458
phi_e, max: -35.745301 at y = 3.583213, phi_e, min: -35.745353 at y = 3.408571
phi_m, max: 0.004458 at y = 3.386318./ phi_m, min: -0.000684 at y = 3.588376
phi_e, max: 0.067252 at y = 3.583213, phi_e, min: 0.066822 at y = 3.408571
phi_m, max: 0.357869 at y = 3.386318./ phi_m, min: 0.000000 at y = 3.580000
phi_e, max: -3.177393 at y = 3.583213, phi_e, min: -3.204735 at y = 3.408571
phi_m, max: 5.878161 at y = 3.380000./ phi_m, min: 0.000000 at y = 3.580000
phi_e, max: 6.243321 at y = 3.583213, phi_e, min: 5.693811 at y = 3.380000


phi_m, max: 0.004478 at y = 1.365714./ phi_m, min: -0.000559 at y = 1.487458
phi_e, max: 5.620523 at y = 1.481787, phi_e, min: 5.620081 at y = 1.690000
phi_m, max: 0.185100 at y = 1.365714./ phi_m, min: 0.000000 at y = 1.451429
phi_e, max: -10.662286 at y = 1.481787, phi_e, min: -10.676793 at y = 1.690000
phi_m, max: 2.046201 at y = 1.365714./ phi_m, min: 0.000000 at y = 1.451429
phi_e, max: 2.375620 at y = 1.481787, phi_e, min: 2.216403 at y = 1.690000
phi_m, max: 114.767189 at y = 1.480587./ phi_m, min: 0.000000 at y = 1.451429
phi_e, max: -0.140884 at y = 1.690000, phi_e, min: -4.155988 at y = 1.484551
phi_m, max: 113.142496 at y = 1.690000./ phi_m, min: 0.000000 at y = 1.451429
phi_e, max: 10.379736 at y = 1.690000, phi_e, min: 9.660769 at y = 1.481787
phi_m, max: 99.314711 at y = 1.690000./ phi_m, min: 0.000000 at y = 1.451429
phi_e, max: -30.725257 at y = 1.651218, phi_e, min: -31.261819 at y = 1.481787
phi_m, max: 80.317586 at y = 1.690000./ phi_m, min: 0.000000 at y = 1.451429
phi_e, max: -5.460593 at y = 1.651218, phi_e, min: -5.850996 at y = 1.481787
phi_m, max: 60.271316 at y = 1.690000./ phi_m, min: 0.000000 at y = 1.451429
phi_e, max: -1.852700 at y = 1.651218, phi_e, min: -2.113009 at y = 1.481787
phi_m, max: 42.204270 at y = 1.690000./ phi_m, min: 0.000000 at y = 1.451429
phi_e, max: 0.855931 at y = 1.651218, phi_e, min: 0.633758 at y = 1.481787


phi_m, max: 112.889024 at y = 0.220000./ phi_m, min: 0.000000 at y = -0.010000
phi_e, max: 4.045667 at y = 0.220000, phi_e, min: 3.696010 at y = 0.000587
phi_m, max: 98.755024 at y = 0.220000./ phi_m, min: 0.000000 at y = -0.010000
phi_e, max: -8.561769 at y = 0.220000, phi_e, min: -8.714841 at y = 0.000587
phi_m, max: 79.667367 at y = 0.220000./ phi_m, min: 0.000000 at y = -0.010000
phi_e, max: -6.858655 at y = 0.220000, phi_e, min: -6.899140 at y = 0.000587
phi_m, max: 59.698380 at y = 0.220000./ phi_m, min: 0.000000 at y = -0.010000
phi_e, max: -1.607974 at y = 0.016787, phi_e, min: -1.662972 at y = 0.220000
phi_m, max: 41.845566 at y = 0.220000./ phi_m, min: 0.000000 at y = -0.010000
phi_e, max: 10.433197 at y = 0.016787, phi_e, min: 10.358668 at y = 0.220000
phi_m, max: 23.422324 at y = 0.220000./ phi_m, min: 0.000000 at y = -0.010000
phi_e, max: -30.364982 at y = 0.016787, phi_e, min: -30.584992 at y = 0.220000
phi_m, max: 4.593064 at y = 0.220000./ phi_m, min: 0.000000 at y = -0.010000
phi_e, max: -4.946055 at y = 0.015587, phi_e, min: -5.056647 at y = 0.220000
phi_m, max: 0.330641 at y = 0.220000./ phi_m, min: 0.000000 at y = -0.010000
phi_e, max: -1.963699 at y = 0.018213, phi_e, min: -1.971537 at y = 0.191429
phi_m, max: -0.000000 at y = -0.010000./ phi_m, min: -0.220056 at y = 0.220000
phi_e, max: 0.991991 at y = 0.220000, phi_e, min: 0.989588 at y = 0.013213


phi_m, max: 1.162121 at y = 0.764286./ phi_m, min: 0.000000 at y = 0.850000
phi_e, max: 5.746486 at y = 0.851787, phi_e, min: 5.627931 at y = 1.098571
phi_m, max: 101.329507 at y = 0.764286./ phi_m, min: 0.000000 at y = 0.850000
phi_e, max: -8.899549 at y = 0.855587, phi_e, min: -10.457722 at y = 1.011869
phi_m, max: 115.701813 at y = 1.061787./ phi_m, min: 0.000000 at y = 0.850000
phi_e, max: -7.264433 at y = 0.782646, phi_e, min: -9.482873 at y = 1.066787
phi_m, max: 110.602250 at y = 1.069413./ phi_m, min: 0.000000 at y = 0.850000
phi_e, max: -1.841198 at y = 0.961918, phi_e, min: -2.227364 at y = 0.851787
phi_m, max: 94.760776 at y = 1.069413./ phi_m, min: 0.000000 at y = 0.850000
phi_e, max: 10.162382 at y = 0.955925, phi_e, min: 9.843736 at y = 1.064413
phi_m, max: 75.102512 at y = 1.070000./ phi_m, min: 0.000000 at y = 0.850000
phi_e, max: -30.858033 at y = 0.949071, phi_e, min: -31.117220 at y = 1.064413
phi_m, max: 55.362354 at y = 1.070000./ phi_m, min: 0.000000 at y = 0.850000
phi_e, max: -5.562134 at y = 0.954726, phi_e, min: -5.742451 at y = 1.064413
phi_m, max: 37.906643 at y = 1.070000./ phi_m, min: 0.000000 at y = 0.850000
phi_e, max: -1.890465 at y = 0.764286, phi_e, min: -2.114202 at y = 1.064413
phi_m, max: 17.394693 at y = 1.070000./ phi_m, min: 0.000000 at y = 0.850000
phi_e, max: 1.049186 at y = 0.854832, phi_e, min: 0.926594 at y = 1.009176


phi_m, max: -0.000000 at y = 3.160000./ phi_m, min: -0.001146 at y = 3.375587
phi_e, max: 5.619987 at y = 3.378213, phi_e, min: 5.619978 at y = 3.264726
phi_m, max: -0.000000 at y = 3.160000./ phi_m, min: -0.001155 at y = 3.375587
phi_e, max: -10.680130 at y = 3.378213, phi_e, min: -10.680138 at y = 3.264726
phi_m, max: -0.000000 at y = 3.160000./ phi_m, min: -0.001147 at y = 3.375587
phi_e, max: 2.179913 at y = 3.378213, phi_e, min: 2.179905 at y = 3.264726
phi_m, max: -0.000000 at y = 3.160000./ phi_m, min: -0.001135 at y = 3.375587
phi_e, max: -3.181344 at y = 3.163213, phi_e, min: -3.181354 at y = 3.274075
phi_m, max: -0.000000 at y = 3.160000./ phi_m, min: -0.001117 at y = 3.376367
phi_e, max: 14.397127 at y = 3.161787, phi_e, min: 14.397079 at y = 3.319176
phi_m, max: 0.021353 at y = 3.131429./ phi_m, min: -0.000604 at y = 3.378376
phi_e, max: -35.742276 at y = 3.161787, phi_e, min: -35.745356 at y = 3.402253
phi_m, max: 0.214903 at y = 3.131429./ phi_m, min: 0.000000 at y = 3.160000
phi_e, max: 0.096465 at y = 3.161787, phi_e, min: 0.066794 at y = 3.402253
phi_m, max: 14.191443 at y = 3.131429./ phi_m, min: 0.000000 at y = 3.160000
phi_e, max: -1.255651 at y = 3.161787, phi_e, min: -3.206548 at y = 3.402253
phi_m, max: 115.898083 at y = 3.165168./ phi_m, min: 0.000000 at y = 3.160000
phi_e, max: 6.018288 at y = 3.376787, phi_e, min: 0.403701 at y = 3.161787


Writing: "Fiber2DEphapticPlaneL4rho4_9.chk"
 (0.00175943s, XML)
Steps: 10000000 Time: 1           
phi_m, max: 0.190458 at y = 1.060000./ phi_m, min: 0.000000 at y = 1.070000
phi_e, max: 5.632505 at y = 1.063213, phi_e, min: 5.620310 at y = 1.362358
phi_m, max: 6.364808 at y = 1.060000./ phi_m, min: 0.000000 at y = 1.070000
phi_e, max: -10.280745 at y = 1.063213, phi_e, min: -10.669249 at y = 1.362358
phi_m, max: 115.689359 at y = 1.061787./ phi_m, min: 0.000000 at y = 1.070000
phi_e, max: 2.594853 at y = 1.274413, phi_e, min: -9.503351 at y = 1.066787
phi_m, max: 115.621804 at y = 1.278213./ phi_m, min: 0.000000 at y = 1.070000
phi_e, max: -1.839447 at y = 1.154515, phi_e, min: -2.563333 at y = 1.278213
phi_m, max: 104.779568 at y = 1.279413./ phi_m, min: 0.000000 at y = 1.070000
phi_e, max: 10.174467 at y = 1.164726, phi_e, min: 9.769419 at y = 1.278213
phi_m, max: 86.894250 at y = 1.365714./ phi_m, min: 0.000000 at y = 1.070000
phi_e, max: -30.858206 at y = 1.164726, phi_e, min: -31.176820 at y = 1.278213
phi_m, max: 66.956446 at y = 1.365714./ phi_m, min: 0.000000 at y = 1.070000
phi_e, max: -5.557234 at y = 1.164726, phi_e, min: -5.786806 at y = 1.278213
phi_m, max: 48.064310 at y = 1.365714./ phi_m, min: 0.000000 at y = 1.070000
phi_e, max: -1.937380 at y = 1.175274, phi_e, min: -2.114068 at y = 1.064413
phi_m, max: 30.754905 at y = 1.365714./ phi_m, min: 0.000000 at y = 1.070000
phi_e, max: 0.942579 at y = 1.061787, phi_e, min: 0.685997 at y = 1.278213
phi_m, max: 9.379335 at y = 1.365714./ phi_m, min: 0.000000 at y = 1.070000
phi_e, max: -20.884243 at y = 1.275587, phi_e, min: -20.993460 at y = 1.137354


phi_m, max: -0.000000 at y = 4.000000./ phi_m, min: -0.001159 at y = 4.218213
phi_e, max: 5.619983 at y = 4.001787, phi_e, min: 5.619972 at y = 4.140489
phi_m, max: -0.000000 at y = 4.000000./ phi_m, min: -0.001168 at y = 4.218213
phi_e, max: -10.680133 at y = 4.001787, phi_e, min: -10.680145 at y = 4.140489
phi_m, max: -0.000000 at y = 4.000000./ phi_m, min: -0.001159 at y = 4.218213
phi_e, max: 2.179910 at y = 4.001787, phi_e, min: 2.179899 at y = 4.140489
phi_m, max: -0.000000 at y = 4.000000./ phi_m, min: -0.001148 at y = 4.218213
phi_e, max: -3.181349 at y = 4.001787, phi_e, min: -3.181360 at y = 4.140489
phi_m, max: -0.000000 at y = 4.000000./ phi_m, min: -0.001139 at y = 4.218213
phi_e, max: 14.397081 at y = 4.001787, phi_e, min: 14.397070 at y = 4.140489
phi_m, max: -0.000000 at y = 4.000000./ phi_m, min: -0.001130 at y = 4.218213
phi_e, max: -35.745334 at y = 4.001787, phi_e, min: -35.745346 at y = 4.142646
phi_m, max: -0.000000 at y = 4.000000./ phi_m, min: -0.001121 at y = 4.218213
phi_e, max: 0.067036 at y = 4.001787, phi_e, min: 0.067014 at y = 4.156213
phi_m, max: 0.002954 at y = 4.000000./ phi_m, min: -0.000984 at y = 4.218376
phi_e, max: -3.190686 at y = 4.000587, phi_e, min: -3.191399 at y = 4.184391
phi_m, max: 0.062853 at y = 4.000000./ phi_m, min: 0.000000 at y = 4.000000
phi_e, max: 6.032554 at y = 4.000587, phi_e, min: 6.021391 at y = 4.184785
phi_m, max: 7.468375 at y = 4.000000./ phi_m, min: 0.000000 at y = 4.000000
phi_e, max: -29.615414 at y = 4.000587, phi_e, min: -30.917936 at y = 4.184785



Time: 0.100000
CPU Time: 226.179154 min.
phi_m, max: -0.000000 at y = 2.950000./ phi_m, min: -0.001149 at y = 2.954832
phi_e, max: 5.619991 at y = 2.954413, phi_e, min: 5.619984 at y = 3.131429

Time: 0.200000
CPU Time: 229.022576 min.
phi_m, max: -0.000000 at y = 2.950000./ phi_m, min: -0.001158 at y = 2.954832
phi_e, max: -10.680125 at y = 2.954413, phi_e, min: -10.680132 at y = 3.131429

Time: 0.300000
CPU Time: 230.519171 min.
phi_m, max: -0.000000 at y = 2.950000./ phi_m, min: -0.001149 at y = 2.955168
phi_e, max: 2.179918 at y = 2.954413, phi_e, min: 2.179911 at y = 3.131429

Time: 0.400000
CPU Time: 230.305223 min.
phi_m, max: -0.000000 at y = 2.950000./ phi_m, min: -0.001113 at y = 2.956367
phi_e, max: -3.181324 at y = 2.953213, phi_e, min: -3.181345 at y = 3.131429

Time: 0.500000
CPU Time: 231.587102 min.
phi_m, max: 0.001731 at y = 2.807143./ phi_m, min: -0.000844 at y = 2.957458
phi_e, max: 14.397320 at y = 2.951787, phi_e, min: 14.397123 at y = 3.129272

Time: 0.600000
CPU Time: 233.287257 min.
phi_m, max: 0.193289 at y = 2.807143./ phi_m, min: 0.000000 at y = 2.950000
phi_e, max: -35.729326 at y = 2.951787, phi_e, min: -35.742456 at y = 3.129272

Time: 0.700000
CPU Time: 229.276461 min.
phi_m, max: 1.886920 at y = 2.807143./ phi_m, min: 0.000000 at y = 2.950000
phi_e, max: 0.221736 at y = 2.951787, phi_e, min: 0.094748 at y = 3.129272

Time: 0.800000
CPU Time: 218.640304 min.
phi_m, max: 114.163220 at y = 2.950587./ phi_m, min: 0.000000 at y = 2.950000
phi_e, max: -1.352408 at y = 3.128072, phi_e, min: -4.498676 at y = 2.953213

Time: 0.900000
CPU Time: 185.229565 min.
phi_m, max: 113.177929 at y = 3.131429./ phi_m, min: 0.000000 at y = 2.950000
phi_e, max: 0.476279 at y = 3.131429, phi_e, min: -0.160402 at y = 2.951787

Time: 1.000000
CPU Time: 188.330503 min.
phi_m, max: 99.605736 at y = 3.131429./ phi_m, min: 0.000000 at y = 2.950000
phi_e, max: -21.214467 at y = 3.131429, phi_e, min: -21.726633 at y = 2.951787


phi_m, max: -0.000000 at y = 2.530000./ phi_m, min: -0.001148 at y = 2.745168
phi_e, max: 5.619990 at y = 2.745587, phi_e, min: 5.619984 at y = 2.629071
phi_m, max: -0.000000 at y = 2.530000./ phi_m, min: -0.001157 at y = 2.745168
phi_e, max: -10.680127 at y = 2.745587, phi_e, min: -10.680132 at y = 2.634726
phi_m, max: -0.000000 at y = 2.530000./ phi_m, min: -0.001147 at y = 2.745168
phi_e, max: 2.179921 at y = 2.534413, phi_e, min: 2.179913 at y = 2.655485
phi_m, max: 0.007552 at y = 2.530000./ phi_m, min: -0.001022 at y = 2.746367
phi_e, max: -3.180855 at y = 2.533213, phi_e, min: -3.181336 at y = 2.829396
phi_m, max: 0.114028 at y = 2.530000./ phi_m, min: 0.000000 at y = 2.530000
phi_e, max: 14.403599 at y = 2.533213, phi_e, min: 14.397204 at y = 2.829396
phi_m, max: 7.756563 at y = 2.530000./ phi_m, min: 0.000000 at y = 2.530000
phi_e, max: -35.307889 at y = 2.533213, phi_e, min: -35.737088 at y = 2.829396
phi_m, max: 115.332050 at y = 2.531787./ phi_m, min: 0.000000 at y = 2.530000
phi_e, max: 0.489603 at y = 2.744413, phi_e, min: -9.655536 at y = 2.536787
phi_m, max: 115.777501 at y = 2.748213./ phi_m, min: 0.000000 at y = 2.530000
phi_e, max: -2.343048 at y = 2.615503, phi_e, min: -3.182951 at y = 2.748213
phi_m, max: 105.665313 at y = 2.749413./ phi_m, min: 0.000000 at y = 2.530000
phi_e, max: 0.475980 at y = 2.626914, phi_e, min: 0.007653 at y = 2.748213
phi_m, max: 87.972268 at y = 2.835714./ phi_m, min: 0.000000 at y = 2.530000
phi_e, max: -21.214808 at y = 2.625714, phi_e, min: -21.588841 at y = 2.748213


phi_m, max: -0.000000 at y = 1.690000./ phi_m, min: -0.001125 at y = 1.906787
phi_e, max: 5.620104 at y = 1.632857, phi_e, min: 5.619981 at y = 1.947583
phi_m, max: 0.022215 at y = 1.661429./ phi_m, min: -0.000572 at y = 1.908376
phi_e, max: -10.676039 at y = 1.632857, phi_e, min: -10.680156 at y = 1.948782
phi_m, max: 0.253723 at y = 1.661429./ phi_m, min: 0.000000 at y = 1.690000
phi_e, max: 2.224669 at y = 1.632857, phi_e, min: 2.179681 at y = 1.948782
phi_m, max: 20.120537 at y = 1.661429./ phi_m, min: 0.000000 at y = 1.690000
phi_e, max: -0.086107 at y = 1.691787, phi_e, min: -3.199144 at y = 1.948782
phi_m, max: 115.931829 at y = 1.696426./ phi_m, min: 0.000000 at y = 1.690000
phi_e, max: 14.361148 at y = 1.908213, phi_e, min: 10.293112 at y = 1.690587
phi_m, max: 114.220238 at y = 1.908376./ phi_m, min: 0.000000 at y = 1.690000
phi_e, max: -30.244217 at y = 1.782358, phi_e, min: -31.538784 at y = 1.967143
phi_m, max: 101.058067 at y = 1.909413./ phi_m, min: 0.000000 at y = 1.690000
phi_e, max: -5.004213 at y = 1.794726, phi_e, min: -5.655750 at y = 1.909413
phi_m, max: 82.225182 at y = 1.910000./ phi_m, min: 0.000000 at y = 1.690000
phi_e, max: -1.527612 at y = 1.789071, phi_e, min: -2.059176 at y = 1.908213
phi_m, max: 62.171525 at y = 1.935215./ phi_m, min: 0.000000 at y = 1.690000
phi_e, max: 1.090590 at y = 1.789071, phi_e, min: 0.700745 at y = 1.908213
phi_m, max: 43.908693 at y = 1.935215./ phi_m, min: 0.000000 at y = 1.690000
phi_e, max: -20.734367 at y = 1.795925, phi_e, min: -21.026469 at y = 1.908213


phi_m, max: 115.885200 at y = 0.226426./ phi_m, min: 0.000000 at y = 0.220000
phi_e, max: 5.572332 at y = 0.497143, phi_e, min: 3.978198 at y = 0.220587
phi_m, max: 113.657914 at y = 0.438376./ phi_m, min: 0.000000 at y = 0.220000
phi_e, max: -8.088097 at y = 0.315714, phi_e, min: -9.004554 at y = 0.439413
phi_m, max: 99.931645 at y = 0.439413./ phi_m, min: 0.000000 at y = 0.220000
phi_e, max: -6.502838 at y = 0.318676, phi_e, min: -7.112208 at y = 0.438213
phi_m, max: 80.920607 at y = 0.440000./ phi_m, min: 0.000000 at y = 0.220000
phi_e, max: -1.427514 at y = 0.312358, phi_e, min: -1.939219 at y = 0.438213
phi_m, max: 60.907237 at y = 0.468571./ phi_m, min: 0.000000 at y = 0.220000
phi_e, max: 10.492657 at y = 0.305503, phi_e, min: 10.106015 at y = 0.438213
phi_m, max: 42.829641 at y = 0.468571./ phi_m, min: 0.000000 at y = 0.220000
phi_e, max: -30.536771 at y = 0.289300, phi_e, min: -30.880647 at y = 0.438213
phi_m, max: 24.293085 at y = 0.468571./ phi_m, min: 0.000000 at y = 0.220000
phi_e, max: -5.043020 at y = 0.221787, phi_e, min: -5.560993 at y = 0.497143
phi_m, max: 5.065640 at y = 0.468571./ phi_m, min: 0.000000 at y = 0.220000
phi_e, max: -1.908688 at y = 0.436787, phi_e, min: -2.001149 at y = 0.303346
phi_m, max: 0.399805 at y = 0.468571./ phi_m, min: -0.220492 at y = 0.220587
phi_e, max: 1.003114 at y = 0.438213, phi_e, min: 0.985430 at y = 0.305503
phi_m, max: -0.000000 at y = 0.220000./ phi_m, min: -0.381756 at y = 0.221624
phi_e, max: -20.996967 at y = 0.220587, phi_e, min: -21.003289 at y = 0.356654


phi_m, max: 12.401412 at y = 0.468571./ phi_m, min: 0.000000 at y = 0.640000
phi_e, max: 6.225881 at y = 0.643213, phi_e, min: 5.549122 at y = 0.468571
phi_m, max: 115.915580 at y = 0.644832./ phi_m, min: 0.000000 at y = 0.640000
phi_e, max: -8.899324 at y = 0.471928, phi_e, min: -11.171729 at y = 0.648213
phi_m, max: 108.750059 at y = 0.649413./ phi_m, min: 0.000000 at y = 0.640000
phi_e, max: -7.040250 at y = 0.478782, phi_e, min: -7.649416 at y = 0.648213
phi_m, max: 92.535536 at y = 0.792857./ phi_m, min: 0.000000 at y = 0.640000
phi_e, max: -1.884639 at y = 0.478782, phi_e, min: -2.334205 at y = 0.648213
phi_m, max: 72.865358 at y = 0.792857./ phi_m, min: 0.000000 at y = 0.640000
phi_e, max: 10.144042 at y = 0.478782, phi_e, min: 9.814067 at y = 0.648213
phi_m, max: 53.334603 at y = 0.792857./ phi_m, min: 0.000000 at y = 0.640000
phi_e, max: -30.851979 at y = 0.478782, phi_e, min: -31.077134 at y = 0.648213
phi_m, max: 36.040488 at y = 0.792857./ phi_m, min: 0.000000 at y = 0.640000
phi_e, max: -5.556317 at y = 0.471534, phi_e, min: -5.767217 at y = 0.646787
phi_m, max: 15.062472 at y = 0.792857./ phi_m, min: 0.000000 at y = 0.640000
phi_e, max: -1.825739 at y = 0.644413, phi_e, min: -1.918651 at y = 0.478782
phi_m, max: 2.127801 at y = 0.792857./ phi_m, min: 0.000000 at y = 0.640000
phi_e, max: 1.046620 at y = 0.646787, phi_e, min: 1.001249 at y = 0.471928
phi_m, max: 0.016234 at y = 0.792857./ phi_m, min: -0.227864 at y = 0.468571
phi_e, max: -20.994954 at y = 0.648213, phi_e, min: -21.001914 at y = 0.471928


phi_m, max: -0.000000 at y = 3.580000./ phi_m, min: -0.001150 at y = 3.585168
phi_e, max: 5.619994 at y = 3.585587, phi_e, min: 5.619986 at y = 3.380000
phi_m, max: -0.000000 at y = 3.580000./ phi_m, min: -0.001159 at y = 3.585168
phi_e, max: -10.680122 at y = 3.585587, phi_e, min: -10.680131 at y = 3.380000
phi_m, max: -0.000000 at y = 3.580000./ phi_m, min: -0.001150 at y = 3.585168
phi_e, max: 2.179921 at y = 3.585587, phi_e, min: 2.179913 at y = 3.380000
phi_m, max: -0.000000 at y = 3.580000./ phi_m, min: -0.001140 at y = 3.585168
phi_e, max: -3.181338 at y = 3.585587, phi_e, min: -3.181346 at y = 3.380000
phi_m, max: -0.000000 at y = 3.580000./ phi_m, min: -0.001129 at y = 3.585168
phi_e, max: 14.397092 at y = 3.585587, phi_e, min: 14.397084 at y = 3.408571
phi_m, max: -0.000000 at y = 3.580000./ phi_m, min: -0.001069 at y = 3.587458
phi_e, max: -35.745301 at y = 3.583213, phi_e, min: -35.745353 at y = 3.408571
phi_m, max: 0.004458 at y = 3.386318./ phi_m, min: -0.000684 at y = 3.588376
phi_e, max: 0.067252 at y = 3.583213, phi_e, min: 0.066822 at y = 3.408571
phi_m, max: 0.357869 at y = 3.386318./ phi_m, min: 0.000000 at y = 3.580000
phi_e, max: -3.177393 at y = 3.583213, phi_e, min: -3.204735 at y = 3.408571
phi_m, max: 5.878161 at y = 3.380000./ phi_m, min: 0.000000 at y = 3.580000
phi_e, max: 6.243321 at y = 3.583213, phi_e, min: 5.693811 at y = 3.380000
phi_m, max: 115.889634 at y = 3.582542./ phi_m, min: 0.000000 at y = 3.580000
phi_e, max: -22.354178 at y = 3.380000, phi_e, min: -27.748651 at y = 3.588213


phi_m, max: 0.004478 at y = 1.365714./ phi_m, min: -0.000559 at y = 1.487458
phi_e, max: 5.620523 at y = 1.481787, phi_e, min: 5.620081 at y = 1.690000
phi_m, max: 0.185100 at y = 1.365714./ phi_m, min: 0.000000 at y = 1.451429
phi_e, max: -10.662286 at y = 1.481787, phi_e, min: -10.676793 at y = 1.690000
phi_m, max: 2.046201 at y = 1.365714./ phi_m, min: 0.000000 at y = 1.451429
phi_e, max: 2.375620 at y = 1.481787, phi_e, min: 2.216403 at y = 1.690000
phi_m, max: 114.767189 at y = 1.480587./ phi_m, min: 0.000000 at y = 1.451429
phi_e, max: -0.140884 at y = 1.690000, phi_e, min: -4.155988 at y = 1.484551
phi_m, max: 113.142496 at y = 1.690000./ phi_m, min: 0.000000 at y = 1.451429
phi_e, max: 10.379736 at y = 1.690000, phi_e, min: 9.660769 at y = 1.481787
phi_m, max: 99.314711 at y = 1.690000./ phi_m, min: 0.000000 at y = 1.451429
phi_e, max: -30.725257 at y = 1.651218, phi_e, min: -31.261819 at y = 1.481787
phi_m, max: 80.317586 at y = 1.690000./ phi_m, min: 0.000000 at y = 1.451429
phi_e, max: -5.460593 at y = 1.651218, phi_e, min: -5.850996 at y = 1.481787
phi_m, max: 60.271316 at y = 1.690000./ phi_m, min: 0.000000 at y = 1.451429
phi_e, max: -1.852700 at y = 1.651218, phi_e, min: -2.113009 at y = 1.481787
phi_m, max: 42.204270 at y = 1.690000./ phi_m, min: 0.000000 at y = 1.451429
phi_e, max: 0.855931 at y = 1.651218, phi_e, min: 0.633758 at y = 1.481787
phi_m, max: 23.394787 at y = 1.690000./ phi_m, min: 0.000000 at y = 1.451429
phi_e, max: -20.907302 at y = 1.481787, phi_e, min: -20.973233 at y = 1.690000


phi_m, max: -0.000000 at y = 3.160000./ phi_m, min: -0.001146 at y = 3.375587
phi_e, max: 5.619987 at y = 3.378213, phi_e, min: 5.619978 at y = 3.264726
phi_m, max: -0.000000 at y = 3.160000./ phi_m, min: -0.001155 at y = 3.375587
phi_e, max: -10.680130 at y = 3.378213, phi_e, min: -10.680138 at y = 3.264726
phi_m, max: -0.000000 at y = 3.160000./ phi_m, min: -0.001147 at y = 3.375587
phi_e, max: 2.179913 at y = 3.378213, phi_e, min: 2.179905 at y = 3.264726
phi_m, max: -0.000000 at y = 3.160000./ phi_m, min: -0.001135 at y = 3.375587
phi_e, max: -3.181344 at y = 3.163213, phi_e, min: -3.181354 at y = 3.274075
phi_m, max: -0.000000 at y = 3.160000./ phi_m, min: -0.001117 at y = 3.376367
phi_e, max: 14.397127 at y = 3.161787, phi_e, min: 14.397079 at y = 3.319176
phi_m, max: 0.021353 at y = 3.131429./ phi_m, min: -0.000604 at y = 3.378376
phi_e, max: -35.742276 at y = 3.161787, phi_e, min: -35.745356 at y = 3.402253
phi_m, max: 0.214903 at y = 3.131429./ phi_m, min: 0.000000 at y = 3.160000
phi_e, max: 0.096465 at y = 3.161787, phi_e, min: 0.066794 at y = 3.402253
phi_m, max: 14.191443 at y = 3.131429./ phi_m, min: 0.000000 at y = 3.160000
phi_e, max: -1.255651 at y = 3.161787, phi_e, min: -3.206548 at y = 3.402253
phi_m, max: 115.898083 at y = 3.165168./ phi_m, min: 0.000000 at y = 3.160000
phi_e, max: 6.018288 at y = 3.376787, phi_e, min: 0.403701 at y = 3.161787
phi_m, max: 114.549507 at y = 3.378213./ phi_m, min: 0.000000 at y = 3.160000
phi_e, max: -20.883690 at y = 3.237354, phi_e, min: -22.492196 at y = 3.379413


phi_m, max: -0.000000 at y = 2.291429./ phi_m, min: -0.001147 at y = 2.324832
phi_e, max: 5.619988 at y = 2.324413, phi_e, min: 5.619983 at y = 2.431918
phi_m, max: -0.000000 at y = 2.291429./ phi_m, min: -0.001154 at y = 2.535168
phi_e, max: -10.680122 at y = 2.323213, phi_e, min: -10.680132 at y = 2.450604
phi_m, max: -0.000000 at y = 2.291429./ phi_m, min: -0.001131 at y = 2.536367
phi_e, max: 2.179987 at y = 2.205714, phi_e, min: 2.179916 at y = 2.485225
phi_m, max: 0.051613 at y = 2.234286./ phi_m, min: -0.000452 at y = 2.538825
phi_e, max: -3.175581 at y = 2.205714, phi_e, min: -3.181052 at y = 2.499272
phi_m, max: 0.700428 at y = 2.234286./ phi_m, min: 0.000000 at y = 2.291429
phi_e, max: 14.473822 at y = 2.205714, phi_e, min: 14.401012 at y = 2.499272
phi_m, max: 88.834615 at y = 2.234286./ phi_m, min: 0.000000 at y = 2.291429
phi_e, max: -32.440417 at y = 2.324413, phi_e, min: -35.514668 at y = 2.491218
phi_m, max: 115.368397 at y = 2.531787./ phi_m, min: 0.000000 at y = 2.291429
phi_e, max: -5.956020 at y = 2.230929, phi_e, min: -9.645766 at y = 2.535587
phi_m, max: 111.330249 at y = 2.539413./ phi_m, min: 0.000000 at y = 2.291429
phi_e, max: -2.188073 at y = 2.422276, phi_e, min: -2.642843 at y = 2.535587
phi_m, max: 95.891732 at y = 2.539413./ phi_m, min: 0.000000 at y = 2.291429
phi_e, max: 0.587113 at y = 2.416914, phi_e, min: 0.202112 at y = 2.535587
phi_m, max: 76.342190 at y = 2.540000./ phi_m, min: 0.000000 at y = 2.291429
phi_e, max: -21.118533 at y = 2.412358, phi_e, min: -21.430561 at y = 2.535587


phi_m, max: -0.000000 at y = 3.790000./ phi_m, min: -0.001150 at y = 3.794832
phi_e, max: 5.619993 at y = 3.793213, phi_e, min: 5.619981 at y = 4.010000
phi_m, max: -0.000000 at y = 3.790000./ phi_m, min: -0.001159 at y = 3.794832
phi_e, max: -10.680123 at y = 3.793213, phi_e, min: -10.680135 at y = 4.010000
phi_m, max: -0.000000 at y = 3.790000./ phi_m, min: -0.001151 at y = 3.794832
phi_e, max: 2.179920 at y = 3.793213, phi_e, min: 2.179908 at y = 4.010000
phi_m, max: -0.000000 at y = 3.790000./ phi_m, min: -0.001140 at y = 3.794832
phi_e, max: -3.181339 at y = 3.793213, phi_e, min: -3.181351 at y = 4.010000
phi_m, max: -0.000000 at y = 3.790000./ phi_m, min: -0.001130 at y = 3.794832
phi_e, max: 14.397091 at y = 3.793213, phi_e, min: 14.397080 at y = 4.010000
phi_m, max: -0.000000 at y = 3.790000./ phi_m, min: -0.001115 at y = 3.795587
phi_e, max: -35.745319 at y = 3.793213, phi_e, min: -35.745336 at y = 4.010000
phi_m, max: -0.000000 at y = 3.790000./ phi_m, min: -0.001056 at y = 3.796787
phi_e, max: 0.067094 at y = 3.791787, phi_e, min: 0.067032 at y = 4.010000
phi_m, max: 0.028202 at y = 3.704286./ phi_m, min: 0.000000 at y = 3.790000
phi_e, max: -3.187585 at y = 3.791787, phi_e, min: -3.190807 at y = 4.010000
phi_m, max: 0.463353 at y = 3.704286./ phi_m, min: 0.000000 at y = 3.790000
phi_e, max: 6.081606 at y = 3.791787, phi_e, min: 6.030650 at y = 4.010000
phi_m, max: 79.007724 at y = 3.704286./ phi_m, min: 0.000000 at y = 3.790000
phi_e, max: -24.640106 at y = 3.793213, phi_e, min: -29.835984 at y = 4.010000


phi_m, max: -0.000000 at y = 1.938571./ phi_m, min: -0.001147 at y = 2.115168
phi_e, max: 5.619990 at y = 2.115587, phi_e, min: 5.619981 at y = 1.948782
phi_m, max: -0.000000 at y = 1.938571./ phi_m, min: -0.001093 at y = 2.117458
phi_e, max: -10.680076 at y = 1.910000, phi_e, min: -10.680152 at y = 1.956932
phi_m, max: 0.006349 at y = 1.916318./ phi_m, min: -0.000539 at y = 2.118376
phi_e, max: 2.180543 at y = 1.910000, phi_e, min: 2.179723 at y = 1.956932
phi_m, max: 0.580125 at y = 1.916318./ phi_m, min: 0.000000 at y = 1.938571
phi_e, max: -3.131556 at y = 1.910000, phi_e, min: -3.195817 at y = 1.956932
phi_m, max: 7.976606 at y = 1.910000./ phi_m, min: 0.000000 at y = 1.938571
phi_e, max: 14.721723 at y = 2.113213, phi_e, min: 14.228766 at y = 1.920211
phi_m, max: 115.887675 at y = 2.113633./ phi_m, min: 0.000000 at y = 1.938571
phi_e, max: -31.411739 at y = 1.935215, phi_e, min: -35.413574 at y = 2.118213
phi_m, max: 109.542520 at y = 2.119413./ phi_m, min: 0.000000 at y = 1.938571
phi_e, max: -5.600675 at y = 1.935215, phi_e, min: -6.305782 at y = 2.118213
phi_m, max: 93.662361 at y = 2.262857./ phi_m, min: 0.000000 at y = 1.938571
phi_e, max: -2.015944 at y = 1.941928, phi_e, min: -2.521416 at y = 2.118213
phi_m, max: 74.089451 at y = 2.262857./ phi_m, min: 0.000000 at y = 1.938571
phi_e, max: 0.732730 at y = 1.941928, phi_e, min: 0.359393 at y = 2.118213
phi_m, max: 54.457445 at y = 2.262857./ phi_m, min: 0.000000 at y = 1.938571
phi_e, max: -20.998368 at y = 1.948782, phi_e, min: -21.252915 at y = 2.118213


phi_m, max: 112.889024 at y = 0.220000./ phi_m, min: 0.000000 at y = -0.010000
phi_e, max: 4.045667 at y = 0.220000, phi_e, min: 3.696010 at y = 0.000587
phi_m, max: 98.755024 at y = 0.220000./ phi_m, min: 0.000000 at y = -0.010000
phi_e, max: -8.561769 at y = 0.220000, phi_e, min: -8.714841 at y = 0.000587
phi_m, max: 79.667367 at y = 0.220000./ phi_m, min: 0.000000 at y = -0.010000
phi_e, max: -6.858655 at y = 0.220000, phi_e, min: -6.899140 at y = 0.000587
phi_m, max: 59.698380 at y = 0.220000./ phi_m, min: 0.000000 at y = -0.010000
phi_e, max: -1.607974 at y = 0.016787, phi_e, min: -1.662972 at y = 0.220000
phi_m, max: 41.845566 at y = 0.220000./ phi_m, min: 0.000000 at y = -0.010000
phi_e, max: 10.433197 at y = 0.016787, phi_e, min: 10.358668 at y = 0.220000
phi_m, max: 23.422324 at y = 0.220000./ phi_m, min: 0.000000 at y = -0.010000
phi_e, max: -30.364982 at y = 0.016787, phi_e, min: -30.584992 at y = 0.220000
phi_m, max: 4.593064 at y = 0.220000./ phi_m, min: 0.000000 at y = -0.010000
phi_e, max: -4.946055 at y = 0.015587, phi_e, min: -5.056647 at y = 0.220000
phi_m, max: 0.330641 at y = 0.220000./ phi_m, min: 0.000000 at y = -0.010000
phi_e, max: -1.963699 at y = 0.018213, phi_e, min: -1.971537 at y = 0.191429
phi_m, max: -0.000000 at y = -0.010000./ phi_m, min: -0.220056 at y = 0.220000
phi_e, max: 0.991991 at y = 0.220000, phi_e, min: 0.989588 at y = 0.013213
phi_m, max: -0.000000 at y = -0.010000./ phi_m, min: -0.377987 at y = 0.220000
phi_e, max: -20.997012 at y = 0.220000, phi_e, min: -20.998549 at y = 0.013213


phi_m, max: 1.162121 at y = 0.764286./ phi_m, min: 0.000000 at y = 0.850000
phi_e, max: 5.746486 at y = 0.851787, phi_e, min: 5.627931 at y = 1.098571
phi_m, max: 101.329507 at y = 0.764286./ phi_m, min: 0.000000 at y = 0.850000
phi_e, max: -8.899549 at y = 0.855587, phi_e, min: -10.457722 at y = 1.011869
phi_m, max: 115.701813 at y = 1.061787./ phi_m, min: 0.000000 at y = 0.850000
phi_e, max: -7.264433 at y = 0.782646, phi_e, min: -9.482873 at y = 1.066787
phi_m, max: 110.602250 at y = 1.069413./ phi_m, min: 0.000000 at y = 0.850000
phi_e, max: -1.841198 at y = 0.961918, phi_e, min: -2.227364 at y = 0.851787
phi_m, max: 94.760776 at y = 1.069413./ phi_m, min: 0.000000 at y = 0.850000
phi_e, max: 10.162382 at y = 0.955925, phi_e, min: 9.843736 at y = 1.064413
phi_m, max: 75.102512 at y = 1.070000./ phi_m, min: 0.000000 at y = 0.850000
phi_e, max: -30.858033 at y = 0.949071, phi_e, min: -31.117220 at y = 1.064413
phi_m, max: 55.362354 at y = 1.070000./ phi_m, min: 0.000000 at y = 0.850000
phi_e, max: -5.562134 at y = 0.954726, phi_e, min: -5.742451 at y = 1.064413
phi_m, max: 37.906643 at y = 1.070000./ phi_m, min: 0.000000 at y = 0.850000
phi_e, max: -1.890465 at y = 0.764286, phi_e, min: -2.114202 at y = 1.064413
phi_m, max: 17.394693 at y = 1.070000./ phi_m, min: 0.000000 at y = 0.850000
phi_e, max: 1.049186 at y = 0.854832, phi_e, min: 0.926594 at y = 1.009176
phi_m, max: 2.791392 at y = 1.070000./ phi_m, min: 0.000000 at y = 0.850000
phi_e, max: -20.964110 at y = 1.065587, phi_e, min: -20.999254 at y = 0.782646


Writing: "Fiber2DEphapticPlaneL4rho4_10.chk"
 (0.00166698s, XML)
Steps: 11000000 Time: 1.1         
phi_m, max: -0.000000 at y = 4.000000./ phi_m, min: -0.001159 at y = 4.218213
phi_e, max: 5.619983 at y = 4.001787, phi_e, min: 5.619972 at y = 4.140489
phi_m, max: -0.000000 at y = 4.000000./ phi_m, min: -0.001168 at y = 4.218213
phi_e, max: -10.680133 at y = 4.001787, phi_e, min: -10.680145 at y = 4.140489
phi_m, max: -0.000000 at y = 4.000000./ phi_m, min: -0.001159 at y = 4.218213
phi_e, max: 2.179910 at y = 4.001787, phi_e, min: 2.179899 at y = 4.140489
phi_m, max: -0.000000 at y = 4.000000./ phi_m, min: -0.001148 at y = 4.218213
phi_e, max: -3.181349 at y = 4.001787, phi_e, min: -3.181360 at y = 4.140489
phi_m, max: -0.000000 at y = 4.000000./ phi_m, min: -0.001139 at y = 4.218213
phi_e, max: 14.397081 at y = 4.001787, phi_e, min: 14.397070 at y = 4.140489
phi_m, max: -0.000000 at y = 4.000000./ phi_m, min: -0.001130 at y = 4.218213
phi_e, max: -35.745334 at y = 4.001787, phi_e, min: -35.745346 at y = 4.142646
phi_m, max: -0.000000 at y = 4.000000./ phi_m, min: -0.001121 at y = 4.218213
phi_e, max: 0.067036 at y = 4.001787, phi_e, min: 0.067014 at y = 4.156213
phi_m, max: 0.002954 at y = 4.000000./ phi_m, min: -0.000984 at y = 4.218376
phi_e, max: -3.190686 at y = 4.000587, phi_e, min: -3.191399 at y = 4.184391
phi_m, max: 0.062853 at y = 4.000000./ phi_m, min: 0.000000 at y = 4.000000
phi_e, max: 6.032554 at y = 4.000587, phi_e, min: 6.021391 at y = 4.184785
phi_m, max: 7.468375 at y = 4.000000./ phi_m, min: 0.000000 at y = 4.000000
phi_e, max: -29.615414 at y = 4.000587, phi_e, min: -30.917936 at y = 4.184785
phi_m, max: 114.971247 at y = 4.000587./ phi_m, min: 0.000000 at y = 4.000000
phi_e, max: 49.924457 at y = 4.215587, phi_e, min: 40.753769 at y = 4.003213


phi_m, max: -0.000000 at y = 3.790000./ phi_m, min: -0.001150 at y = 3.794832
phi_e, max: 5.619993 at y = 3.793213, phi_e, min: 5.619981 at y = 4.010000
phi_m, max: -0.000000 at y = 3.790000./ phi_m, min: -0.001159 at y = 3.794832
phi_e, max: -10.680123 at y = 3.793213, phi_e, min: -10.680135 at y = 4.010000
phi_m, max: -0.000000 at y = 3.790000./ phi_m, min: -0.001151 at y = 3.794832
phi_e, max: 2.179920 at y = 3.793213, phi_e, min: 2.179908 at y = 4.010000
phi_m, max: -0.000000 at y = 3.790000./ phi_m, min: -0.001140 at y = 3.794832
phi_e, max: -3.181339 at y = 3.793213, phi_e, min: -3.181351 at y = 4.010000
phi_m, max: -0.000000 at y = 3.790000./ phi_m, min: -0.001130 at y = 3.794832
phi_e, max: 14.397091 at y = 3.793213, phi_e, min: 14.397080 at y = 4.010000
phi_m, max: -0.000000 at y = 3.790000./ phi_m, min: -0.001115 at y = 3.795587
phi_e, max: -35.745319 at y = 3.793213, phi_e, min: -35.745336 at y = 4.010000
phi_m, max: -0.000000 at y = 3.790000./ phi_m, min: -0.001056 at y = 3.796787
phi_e, max: 0.067094 at y = 3.791787, phi_e, min: 0.067032 at y = 4.010000
phi_m, max: 0.028202 at y = 3.704286./ phi_m, min: 0.000000 at y = 3.790000
phi_e, max: -3.187585 at y = 3.791787, phi_e, min: -3.190807 at y = 4.010000
phi_m, max: 0.463353 at y = 3.704286./ phi_m, min: 0.000000 at y = 3.790000
phi_e, max: 6.081606 at y = 3.791787, phi_e, min: 6.030650 at y = 4.010000
phi_m, max: 79.007724 at y = 3.704286./ phi_m, min: 0.000000 at y = 3.790000
phi_e, max: -24.640106 at y = 3.793213, phi_e, min: -29.835984 at y = 4.010000
phi_m, max: 115.471142 at y = 3.798376./ phi_m, min: 0.000000 at y = 3.790000
phi_e, max: 41.829811 at y = 4.010000, phi_e, min: 39.925679 at y = 3.791787


phi_m, max: 1.162121 at y = 0.764286./ phi_m, min: 0.000000 at y = 0.850000
phi_e, max: 5.746486 at y = 0.851787, phi_e, min: 5.627931 at y = 1.098571
phi_m, max: 101.329507 at y = 0.764286./ phi_m, min: 0.000000 at y = 0.850000
phi_e, max: -8.899549 at y = 0.855587, phi_e, min: -10.457722 at y = 1.011869
phi_m, max: 115.701813 at y = 1.061787./ phi_m, min: 0.000000 at y = 0.850000
phi_e, max: -7.264433 at y = 0.782646, phi_e, min: -9.482873 at y = 1.066787
phi_m, max: 110.602250 at y = 1.069413./ phi_m, min: 0.000000 at y = 0.850000
phi_e, max: -1.841198 at y = 0.961918, phi_e, min: -2.227364 at y = 0.851787
phi_m, max: 94.760776 at y = 1.069413./ phi_m, min: 0.000000 at y = 0.850000
phi_e, max: 10.162382 at y = 0.955925, phi_e, min: 9.843736 at y = 1.064413
phi_m, max: 75.102512 at y = 1.070000./ phi_m, min: 0.000000 at y = 0.850000
phi_e, max: -30.858033 at y = 0.949071, phi_e, min: -31.117220 at y = 1.064413
phi_m, max: 55.362354 at y = 1.070000./ phi_m, min: 0.000000 at y = 0.850000
phi_e, max: -5.562134 at y = 0.954726, phi_e, min: -5.742451 at y = 1.064413
phi_m, max: 37.906643 at y = 1.070000./ phi_m, min: 0.000000 at y = 0.850000
phi_e, max: -1.890465 at y = 0.764286, phi_e, min: -2.114202 at y = 1.064413
phi_m, max: 17.394693 at y = 1.070000./ phi_m, min: 0.000000 at y = 0.850000
phi_e, max: 1.049186 at y = 0.854832, phi_e, min: 0.926594 at y = 1.009176
phi_m, max: 2.791392 at y = 1.070000./ phi_m, min: 0.000000 at y = 0.850000
phi_e, max: -20.964110 at y = 1.065587, phi_e, min: -20.999254 at y = 0.782646
phi_m, max: 0.098693 at y = 1.070000./ phi_m, min: -0.313488 at y = 0.764286
phi_e, max: 41.621135 at y = 1.066787, phi_e, min: 41.616674 at y = 0.933346


phi_m, max: 0.190458 at y = 1.060000./ phi_m, min: 0.000000 at y = 1.070000
phi_e, max: 5.632505 at y = 1.063213, phi_e, min: 5.620310 at y = 1.362358
phi_m, max: 6.364808 at y = 1.060000./ phi_m, min: 0.000000 at y = 1.070000
phi_e, max: -10.280745 at y = 1.063213, phi_e, min: -10.669249 at y = 1.362358
phi_m, max: 115.689359 at y = 1.061787./ phi_m, min: 0.000000 at y = 1.070000
phi_e, max: 2.594853 at y = 1.274413, phi_e, min: -9.503351 at y = 1.066787
phi_m, max: 115.621804 at y = 1.278213./ phi_m, min: 0.000000 at y = 1.070000
phi_e, max: -1.839447 at y = 1.154515, phi_e, min: -2.563333 at y = 1.278213
phi_m, max: 104.779568 at y = 1.279413./ phi_m, min: 0.000000 at y = 1.070000
phi_e, max: 10.174467 at y = 1.164726, phi_e, min: 9.769419 at y = 1.278213
phi_m, max: 86.894250 at y = 1.365714./ phi_m, min: 0.000000 at y = 1.070000
phi_e, max: -30.858206 at y = 1.164726, phi_e, min: -31.176820 at y = 1.278213
phi_m, max: 66.956446 at y = 1.365714./ phi_m, min: 0.000000 at y = 1.070000
phi_e, max: -5.557234 at y = 1.164726, phi_e, min: -5.786806 at y = 1.278213
phi_m, max: 48.064310 at y = 1.365714./ phi_m, min: 0.000000 at y = 1.070000
phi_e, max: -1.937380 at y = 1.175274, phi_e, min: -2.114068 at y = 1.064413
phi_m, max: 30.754905 at y = 1.365714./ phi_m, min: 0.000000 at y = 1.070000
phi_e, max: 0.942579 at y = 1.061787, phi_e, min: 0.685997 at y = 1.278213
phi_m, max: 9.379335 at y = 1.365714./ phi_m, min: 0.000000 at y = 1.070000
phi_e, max: -20.884243 at y = 1.275587, phi_e, min: -20.993460 at y = 1.137354
phi_m, max: 1.026353 at y = 1.365714./ phi_m, min: -0.182216 at y = 1.060000
phi_e, max: 41.648985 at y = 1.278213, phi_e, min: 41.617814 at y = 1.118131


phi_m, max: -0.000000 at y = 2.530000./ phi_m, min: -0.001148 at y = 2.745168
phi_e, max: 5.619990 at y = 2.745587, phi_e, min: 5.619984 at y = 2.629071
phi_m, max: -0.000000 at y = 2.530000./ phi_m, min: -0.001157 at y = 2.745168
phi_e, max: -10.680127 at y = 2.745587, phi_e, min: -10.680132 at y = 2.634726
phi_m, max: -0.000000 at y = 2.530000./ phi_m, min: -0.001147 at y = 2.745168
phi_e, max: 2.179921 at y = 2.534413, phi_e, min: 2.179913 at y = 2.655485
phi_m, max: 0.007552 at y = 2.530000./ phi_m, min: -0.001022 at y = 2.746367
phi_e, max: -3.180855 at y = 2.533213, phi_e, min: -3.181336 at y = 2.829396
phi_m, max: 0.114028 at y = 2.530000./ phi_m, min: 0.000000 at y = 2.530000
phi_e, max: 14.403599 at y = 2.533213, phi_e, min: 14.397204 at y = 2.829396
phi_m, max: 7.756563 at y = 2.530000./ phi_m, min: 0.000000 at y = 2.530000
phi_e, max: -35.307889 at y = 2.533213, phi_e, min: -35.737088 at y = 2.829396
phi_m, max: 115.332050 at y = 2.531787./ phi_m, min: 0.000000 at y = 2.530000
phi_e, max: 0.489603 at y = 2.744413, phi_e, min: -9.655536 at y = 2.536787
phi_m, max: 115.777501 at y = 2.748213./ phi_m, min: 0.000000 at y = 2.530000
phi_e, max: -2.343048 at y = 2.615503, phi_e, min: -3.182951 at y = 2.748213
phi_m, max: 105.665313 at y = 2.749413./ phi_m, min: 0.000000 at y = 2.530000
phi_e, max: 0.475980 at y = 2.626914, phi_e, min: 0.007653 at y = 2.748213
phi_m, max: 87.972268 at y = 2.835714./ phi_m, min: 0.000000 at y = 2.530000
phi_e, max: -21.214808 at y = 2.625714, phi_e, min: -21.588841 at y = 2.748213
phi_m, max: 68.067333 at y = 2.835714./ phi_m, min: 0.000000 at y = 2.530000
phi_e, max: 40.923997 at y = 2.625714, phi_e, min: 40.649419 at y = 2.748213


phi_m, max: -0.000000 at y = 1.690000./ phi_m, min: -0.001125 at y = 1.906787
phi_e, max: 5.620104 at y = 1.632857, phi_e, min: 5.619981 at y = 1.947583
phi_m, max: 0.022215 at y = 1.661429./ phi_m, min: -0.000572 at y = 1.908376
phi_e, max: -10.676039 at y = 1.632857, phi_e, min: -10.680156 at y = 1.948782
phi_m, max: 0.253723 at y = 1.661429./ phi_m, min: 0.000000 at y = 1.690000
phi_e, max: 2.224669 at y = 1.632857, phi_e, min: 2.179681 at y = 1.948782
phi_m, max: 20.120537 at y = 1.661429./ phi_m, min: 0.000000 at y = 1.690000
phi_e, max: -0.086107 at y = 1.691787, phi_e, min: -3.199144 at y = 1.948782
phi_m, max: 115.931829 at y = 1.696426./ phi_m, min: 0.000000 at y = 1.690000
phi_e, max: 14.361148 at y = 1.908213, phi_e, min: 10.293112 at y = 1.690587
phi_m, max: 114.220238 at y = 1.908376./ phi_m, min: 0.000000 at y = 1.690000
phi_e, max: -30.244217 at y = 1.782358, phi_e, min: -31.538784 at y = 1.967143
phi_m, max: 101.058067 at y = 1.909413./ phi_m, min: 0.000000 at y = 1.690000
phi_e, max: -5.004213 at y = 1.794726, phi_e, min: -5.655750 at y = 1.909413
phi_m, max: 82.225182 at y = 1.910000./ phi_m, min: 0.000000 at y = 1.690000
phi_e, max: -1.527612 at y = 1.789071, phi_e, min: -2.059176 at y = 1.908213
phi_m, max: 62.171525 at y = 1.935215./ phi_m, min: 0.000000 at y = 1.690000
phi_e, max: 1.090590 at y = 1.789071, phi_e, min: 0.700745 at y = 1.908213
phi_m, max: 43.908693 at y = 1.935215./ phi_m, min: 0.000000 at y = 1.690000
phi_e, max: -20.734367 at y = 1.795925, phi_e, min: -21.026469 at y = 1.908213
phi_m, max: 25.697686 at y = 1.935215./ phi_m, min: 0.000000 at y = 1.690000
phi_e, max: 41.601928 at y = 1.632857, phi_e, min: 41.082661 at y = 1.908213


phi_m, max: 115.885200 at y = 0.226426./ phi_m, min: 0.000000 at y = 0.220000
phi_e, max: 5.572332 at y = 0.497143, phi_e, min: 3.978198 at y = 0.220587
phi_m, max: 113.657914 at y = 0.438376./ phi_m, min: 0.000000 at y = 0.220000
phi_e, max: -8.088097 at y = 0.315714, phi_e, min: -9.004554 at y = 0.439413
phi_m, max: 99.931645 at y = 0.439413./ phi_m, min: 0.000000 at y = 0.220000
phi_e, max: -6.502838 at y = 0.318676, phi_e, min: -7.112208 at y = 0.438213
phi_m, max: 80.920607 at y = 0.440000./ phi_m, min: 0.000000 at y = 0.220000
phi_e, max: -1.427514 at y = 0.312358, phi_e, min: -1.939219 at y = 0.438213
phi_m, max: 60.907237 at y = 0.468571./ phi_m, min: 0.000000 at y = 0.220000
phi_e, max: 10.492657 at y = 0.305503, phi_e, min: 10.106015 at y = 0.438213
phi_m, max: 42.829641 at y = 0.468571./ phi_m, min: 0.000000 at y = 0.220000
phi_e, max: -30.536771 at y = 0.289300, phi_e, min: -30.880647 at y = 0.438213
phi_m, max: 24.293085 at y = 0.468571./ phi_m, min: 0.000000 at y = 0.220000
phi_e, max: -5.043020 at y = 0.221787, phi_e, min: -5.560993 at y = 0.497143
phi_m, max: 5.065640 at y = 0.468571./ phi_m, min: 0.000000 at y = 0.220000
phi_e, max: -1.908688 at y = 0.436787, phi_e, min: -2.001149 at y = 0.303346
phi_m, max: 0.399805 at y = 0.468571./ phi_m, min: -0.220492 at y = 0.220587
phi_e, max: 1.003114 at y = 0.438213, phi_e, min: 0.985430 at y = 0.305503
phi_m, max: -0.000000 at y = 0.220000./ phi_m, min: -0.381756 at y = 0.221624
phi_e, max: -20.996967 at y = 0.220587, phi_e, min: -21.003289 at y = 0.356654
phi_m, max: -0.000000 at y = 0.220000./ phi_m, min: -0.467576 at y = 0.222542
phi_e, max: 41.620800 at y = 0.220587, phi_e, min: 41.614780 at y = 0.362646


phi_m, max: 12.401412 at y = 0.468571./ phi_m, min: 0.000000 at y = 0.640000
phi_e, max: 6.225881 at y = 0.643213, phi_e, min: 5.549122 at y = 0.468571
phi_m, max: 115.915580 at y = 0.644832./ phi_m, min: 0.000000 at y = 0.640000
phi_e, max: -8.899324 at y = 0.471928, phi_e, min: -11.171729 at y = 0.648213
phi_m, max: 108.750059 at y = 0.649413./ phi_m, min: 0.000000 at y = 0.640000
phi_e, max: -7.040250 at y = 0.478782, phi_e, min: -7.649416 at y = 0.648213
phi_m, max: 92.535536 at y = 0.792857./ phi_m, min: 0.000000 at y = 0.640000
phi_e, max: -1.884639 at y = 0.478782, phi_e, min: -2.334205 at y = 0.648213
phi_m, max: 72.865358 at y = 0.792857./ phi_m, min: 0.000000 at y = 0.640000
phi_e, max: 10.144042 at y = 0.478782, phi_e, min: 9.814067 at y = 0.648213
phi_m, max: 53.334603 at y = 0.792857./ phi_m, min: 0.000000 at y = 0.640000
phi_e, max: -30.851979 at y = 0.478782, phi_e, min: -31.077134 at y = 0.648213
phi_m, max: 36.040488 at y = 0.792857./ phi_m, min: 0.000000 at y = 0.640000
phi_e, max: -5.556317 at y = 0.471534, phi_e, min: -5.767217 at y = 0.646787
phi_m, max: 15.062472 at y = 0.792857./ phi_m, min: 0.000000 at y = 0.640000
phi_e, max: -1.825739 at y = 0.644413, phi_e, min: -1.918651 at y = 0.478782
phi_m, max: 2.127801 at y = 0.792857./ phi_m, min: 0.000000 at y = 0.640000
phi_e, max: 1.046620 at y = 0.646787, phi_e, min: 1.001249 at y = 0.471928
phi_m, max: 0.016234 at y = 0.792857./ phi_m, min: -0.227864 at y = 0.468571
phi_e, max: -20.994954 at y = 0.648213, phi_e, min: -21.001914 at y = 0.471928
phi_m, max: -0.000000 at y = 0.640000./ phi_m, min: -0.389216 at y = 0.468571
phi_e, max: 41.618448 at y = 0.649413, phi_e, min: 41.615842 at y = 0.478782


phi_m, max: -0.000000 at y = 3.580000./ phi_m, min: -0.001150 at y = 3.585168
phi_e, max: 5.619994 at y = 3.585587, phi_e, min: 5.619986 at y = 3.380000
phi_m, max: -0.000000 at y = 3.580000./ phi_m, min: -0.001159 at y = 3.585168
phi_e, max: -10.680122 at y = 3.585587, phi_e, min: -10.680131 at y = 3.380000
phi_m, max: -0.000000 at y = 3.580000./ phi_m, min: -0.001150 at y = 3.585168
phi_e, max: 2.179921 at y = 3.585587, phi_e, min: 2.179913 at y = 3.380000
phi_m, max: -0.000000 at y = 3.580000./ phi_m, min: -0.001140 at y = 3.585168
phi_e, max: -3.181338 at y = 3.585587, phi_e, min: -3.181346 at y = 3.380000
phi_m, max: -0.000000 at y = 3.580000./ phi_m, min: -0.001129 at y = 3.585168
phi_e, max: 14.397092 at y = 3.585587, phi_e, min: 14.397084 at y = 3.408571
phi_m, max: -0.000000 at y = 3.580000./ phi_m, min: -0.001069 at y = 3.587458
phi_e, max: -35.745301 at y = 3.583213, phi_e, min: -35.745353 at y = 3.408571
phi_m, max: 0.004458 at y = 3.386318./ phi_m, min: -0.000684 at y = 3.588376
phi_e, max: 0.067252 at y = 3.583213, phi_e, min: 0.066822 at y = 3.408571
phi_m, max: 0.357869 at y = 3.386318./ phi_m, min: 0.000000 at y = 3.580000
phi_e, max: -3.177393 at y = 3.583213, phi_e, min: -3.204735 at y = 3.408571
phi_m, max: 5.878161 at y = 3.380000./ phi_m, min: 0.000000 at y = 3.580000
phi_e, max: 6.243321 at y = 3.583213, phi_e, min: 5.693811 at y = 3.380000
phi_m, max: 115.889634 at y = 3.582542./ phi_m, min: 0.000000 at y = 3.580000
phi_e, max: -22.354178 at y = 3.380000, phi_e, min: -27.748651 at y = 3.588213
phi_m, max: 110.175088 at y = 3.589413./ phi_m, min: 0.000000 at y = 3.580000
phi_e, max: 40.581224 at y = 3.380000, phi_e, min: 39.862127 at y = 3.588213



Time: 0.100000
CPU Time: 226.179154 min.
phi_m, max: -0.000000 at y = 2.950000./ phi_m, min: -0.001149 at y = 2.954832
phi_e, max: 5.619991 at y = 2.954413, phi_e, min: 5.619984 at y = 3.131429

Time: 0.200000
CPU Time: 229.022576 min.
phi_m, max: -0.000000 at y = 2.950000./ phi_m, min: -0.001158 at y = 2.954832
phi_e, max: -10.680125 at y = 2.954413, phi_e, min: -10.680132 at y = 3.131429

Time: 0.300000
CPU Time: 230.519171 min.
phi_m, max: -0.000000 at y = 2.950000./ phi_m, min: -0.001149 at y = 2.955168
phi_e, max: 2.179918 at y = 2.954413, phi_e, min: 2.179911 at y = 3.131429

Time: 0.400000
CPU Time: 230.305223 min.
phi_m, max: -0.000000 at y = 2.950000./ phi_m, min: -0.001113 at y = 2.956367
phi_e, max: -3.181324 at y = 2.953213, phi_e, min: -3.181345 at y = 3.131429

Time: 0.500000
CPU Time: 231.587102 min.
phi_m, max: 0.001731 at y = 2.807143./ phi_m, min: -0.000844 at y = 2.957458
phi_e, max: 14.397320 at y = 2.951787, phi_e, min: 14.397123 at y = 3.129272

Time: 0.600000
CPU Time: 233.287257 min.
phi_m, max: 0.193289 at y = 2.807143./ phi_m, min: 0.000000 at y = 2.950000
phi_e, max: -35.729326 at y = 2.951787, phi_e, min: -35.742456 at y = 3.129272

Time: 0.700000
CPU Time: 229.276461 min.
phi_m, max: 1.886920 at y = 2.807143./ phi_m, min: 0.000000 at y = 2.950000
phi_e, max: 0.221736 at y = 2.951787, phi_e, min: 0.094748 at y = 3.129272

Time: 0.800000
CPU Time: 218.640304 min.
phi_m, max: 114.163220 at y = 2.950587./ phi_m, min: 0.000000 at y = 2.950000
phi_e, max: -1.352408 at y = 3.128072, phi_e, min: -4.498676 at y = 2.953213

Time: 0.900000
CPU Time: 185.229565 min.
phi_m, max: 113.177929 at y = 3.131429./ phi_m, min: 0.000000 at y = 2.950000
phi_e, max: 0.476279 at y = 3.131429, phi_e, min: -0.160402 at y = 2.951787

Time: 1.000000
CPU Time: 188.330503 min.
phi_m, max: 99.605736 at y = 3.131429./ phi_m, min: 0.000000 at y = 2.950000
phi_e, max: -21.214467 at y = 3.131429, phi_e, min: -21.726633 at y = 2.951787

Time: 1.100000
CPU Time: 186.305354 min.
phi_m, max: 80.794714 at y = 3.131429./ phi_m, min: 0.000000 at y = 2.950000
phi_e, max: 40.921707 at y = 3.131429, phi_e, min: 40.547217 at y = 2.951787


phi_m, max: -0.000000 at y = 3.160000./ phi_m, min: -0.001146 at y = 3.375587
phi_e, max: 5.619987 at y = 3.378213, phi_e, min: 5.619978 at y = 3.264726
phi_m, max: -0.000000 at y = 3.160000./ phi_m, min: -0.001155 at y = 3.375587
phi_e, max: -10.680130 at y = 3.378213, phi_e, min: -10.680138 at y = 3.264726
phi_m, max: -0.000000 at y = 3.160000./ phi_m, min: -0.001147 at y = 3.375587
phi_e, max: 2.179913 at y = 3.378213, phi_e, min: 2.179905 at y = 3.264726
phi_m, max: -0.000000 at y = 3.160000./ phi_m, min: -0.001135 at y = 3.375587
phi_e, max: -3.181344 at y = 3.163213, phi_e, min: -3.181354 at y = 3.274075
phi_m, max: -0.000000 at y = 3.160000./ phi_m, min: -0.001117 at y = 3.376367
phi_e, max: 14.397127 at y = 3.161787, phi_e, min: 14.397079 at y = 3.319176
phi_m, max: 0.021353 at y = 3.131429./ phi_m, min: -0.000604 at y = 3.378376
phi_e, max: -35.742276 at y = 3.161787, phi_e, min: -35.745356 at y = 3.402253
phi_m, max: 0.214903 at y = 3.131429./ phi_m, min: 0.000000 at y = 3.160000
phi_e, max: 0.096465 at y = 3.161787, phi_e, min: 0.066794 at y = 3.402253
phi_m, max: 14.191443 at y = 3.131429./ phi_m, min: 0.000000 at y = 3.160000
phi_e, max: -1.255651 at y = 3.161787, phi_e, min: -3.206548 at y = 3.402253
phi_m, max: 115.898083 at y = 3.165168./ phi_m, min: 0.000000 at y = 3.160000
phi_e, max: 6.018288 at y = 3.376787, phi_e, min: 0.403701 at y = 3.161787
phi_m, max: 114.549507 at y = 3.378213./ phi_m, min: 0.000000 at y = 3.160000
phi_e, max: -20.883690 at y = 3.237354, phi_e, min: -22.492196 at y = 3.379413
phi_m, max: 101.791639 at y = 3.379413./ phi_m, min: 0.000000 at y = 3.160000
phi_e, max: 41.281107 at y = 3.255714, phi_e, min: 40.521745 at y = 3.379413


phi_m, max: -0.000000 at y = 2.291429./ phi_m, min: -0.001147 at y = 2.324832
phi_e, max: 5.619988 at y = 2.324413, phi_e, min: 5.619983 at y = 2.431918
phi_m, max: -0.000000 at y = 2.291429./ phi_m, min: -0.001154 at y = 2.535168
phi_e, max: -10.680122 at y = 2.323213, phi_e, min: -10.680132 at y = 2.450604
phi_m, max: -0.000000 at y = 2.291429./ phi_m, min: -0.001131 at y = 2.536367
phi_e, max: 2.179987 at y = 2.205714, phi_e, min: 2.179916 at y = 2.485225
phi_m, max: 0.051613 at y = 2.234286./ phi_m, min: -0.000452 at y = 2.538825
phi_e, max: -3.175581 at y = 2.205714, phi_e, min: -3.181052 at y = 2.499272
phi_m, max: 0.700428 at y = 2.234286./ phi_m, min: 0.000000 at y = 2.291429
phi_e, max: 14.473822 at y = 2.205714, phi_e, min: 14.401012 at y = 2.499272
phi_m, max: 88.834615 at y = 2.234286./ phi_m, min: 0.000000 at y = 2.291429
phi_e, max: -32.440417 at y = 2.324413, phi_e, min: -35.514668 at y = 2.491218
phi_m, max: 115.368397 at y = 2.531787./ phi_m, min: 0.000000 at y = 2.291429
phi_e, max: -5.956020 at y = 2.230929, phi_e, min: -9.645766 at y = 2.535587
phi_m, max: 111.330249 at y = 2.539413./ phi_m, min: 0.000000 at y = 2.291429
phi_e, max: -2.188073 at y = 2.422276, phi_e, min: -2.642843 at y = 2.535587
phi_m, max: 95.891732 at y = 2.539413./ phi_m, min: 0.000000 at y = 2.291429
phi_e, max: 0.587113 at y = 2.416914, phi_e, min: 0.202112 at y = 2.535587
phi_m, max: 76.342190 at y = 2.540000./ phi_m, min: 0.000000 at y = 2.291429
phi_e, max: -21.118533 at y = 2.412358, phi_e, min: -21.430561 at y = 2.535587
phi_m, max: 56.515254 at y = 2.540000./ phi_m, min: 0.000000 at y = 2.291429
phi_e, max: 40.989135 at y = 2.413557, phi_e, min: 40.769947 at y = 2.535587


phi_m, max: -0.000000 at y = 1.938571./ phi_m, min: -0.001147 at y = 2.115168
phi_e, max: 5.619990 at y = 2.115587, phi_e, min: 5.619981 at y = 1.948782
phi_m, max: -0.000000 at y = 1.938571./ phi_m, min: -0.001093 at y = 2.117458
phi_e, max: -10.680076 at y = 1.910000, phi_e, min: -10.680152 at y = 1.956932
phi_m, max: 0.006349 at y = 1.916318./ phi_m, min: -0.000539 at y = 2.118376
phi_e, max: 2.180543 at y = 1.910000, phi_e, min: 2.179723 at y = 1.956932
phi_m, max: 0.580125 at y = 1.916318./ phi_m, min: 0.000000 at y = 1.938571
phi_e, max: -3.131556 at y = 1.910000, phi_e, min: -3.195817 at y = 1.956932
phi_m, max: 7.976606 at y = 1.910000./ phi_m, min: 0.000000 at y = 1.938571
phi_e, max: 14.721723 at y = 2.113213, phi_e, min: 14.228766 at y = 1.920211
phi_m, max: 115.887675 at y = 2.113633./ phi_m, min: 0.000000 at y = 1.938571
phi_e, max: -31.411739 at y = 1.935215, phi_e, min: -35.413574 at y = 2.118213
phi_m, max: 109.542520 at y = 2.119413./ phi_m, min: 0.000000 at y = 1.938571
phi_e, max: -5.600675 at y = 1.935215, phi_e, min: -6.305782 at y = 2.118213
phi_m, max: 93.662361 at y = 2.262857./ phi_m, min: 0.000000 at y = 1.938571
phi_e, max: -2.015944 at y = 1.941928, phi_e, min: -2.521416 at y = 2.118213
phi_m, max: 74.089451 at y = 2.262857./ phi_m, min: 0.000000 at y = 1.938571
phi_e, max: 0.732730 at y = 1.941928, phi_e, min: 0.359393 at y = 2.118213
phi_m, max: 54.457445 at y = 2.262857./ phi_m, min: 0.000000 at y = 1.938571
phi_e, max: -20.998368 at y = 1.948782, phi_e, min: -21.252915 at y = 2.118213
phi_m, max: 37.093054 at y = 2.262857./ phi_m, min: 0.000000 at y = 1.938571
phi_e, max: 41.092061 at y = 1.920211, phi_e, min: 40.856305 at y = 2.118213


phi_m, max: 112.889024 at y = 0.220000./ phi_m, min: 0.000000 at y = -0.010000
phi_e, max: 4.045667 at y = 0.220000, phi_e, min: 3.696010 at y = 0.000587
phi_m, max: 98.755024 at y = 0.220000./ phi_m, min: 0.000000 at y = -0.010000
phi_e, max: -8.561769 at y = 0.220000, phi_e, min: -8.714841 at y = 0.000587
phi_m, max: 79.667367 at y = 0.220000./ phi_m, min: 0.000000 at y = -0.010000
phi_e, max: -6.858655 at y = 0.220000, phi_e, min: -6.899140 at y = 0.000587
phi_m, max: 59.698380 at y = 0.220000./ phi_m, min: 0.000000 at y = -0.010000
phi_e, max: -1.607974 at y = 0.016787, phi_e, min: -1.662972 at y = 0.220000
phi_m, max: 41.845566 at y = 0.220000./ phi_m, min: 0.000000 at y = -0.010000
phi_e, max: 10.433197 at y = 0.016787, phi_e, min: 10.358668 at y = 0.220000
phi_m, max: 23.422324 at y = 0.220000./ phi_m, min: 0.000000 at y = -0.010000
phi_e, max: -30.364982 at y = 0.016787, phi_e, min: -30.584992 at y = 0.220000
phi_m, max: 4.593064 at y = 0.220000./ phi_m, min: 0.000000 at y = -0.010000
phi_e, max: -4.946055 at y = 0.015587, phi_e, min: -5.056647 at y = 0.220000
phi_m, max: 0.330641 at y = 0.220000./ phi_m, min: 0.000000 at y = -0.010000
phi_e, max: -1.963699 at y = 0.018213, phi_e, min: -1.971537 at y = 0.191429
phi_m, max: -0.000000 at y = -0.010000./ phi_m, min: -0.220056 at y = 0.220000
phi_e, max: 0.991991 at y = 0.220000, phi_e, min: 0.989588 at y = 0.013213
phi_m, max: -0.000000 at y = -0.010000./ phi_m, min: -0.377987 at y = 0.220000
phi_e, max: -20.997012 at y = 0.220000, phi_e, min: -20.998549 at y = 0.013213
phi_m, max: -0.000000 at y = -0.010000./ phi_m, min: -0.460338 at y = 0.220000
phi_e, max: 41.620758 at y = 0.220000, phi_e, min: 41.620213 at y = 0.013213


phi_m, max: 0.004478 at y = 1.365714./ phi_m, min: -0.000559 at y = 1.487458
phi_e, max: 5.620523 at y = 1.481787, phi_e, min: 5.620081 at y = 1.690000
phi_m, max: 0.185100 at y = 1.365714./ phi_m, min: 0.000000 at y = 1.451429
phi_e, max: -10.662286 at y = 1.481787, phi_e, min: -10.676793 at y = 1.690000
phi_m, max: 2.046201 at y = 1.365714./ phi_m, min: 0.000000 at y = 1.451429
phi_e, max: 2.375620 at y = 1.481787, phi_e, min: 2.216403 at y = 1.690000
phi_m, max: 114.767189 at y = 1.480587./ phi_m, min: 0.000000 at y = 1.451429
phi_e, max: -0.140884 at y = 1.690000, phi_e, min: -4.155988 at y = 1.484551
phi_m, max: 113.142496 at y = 1.690000./ phi_m, min: 0.000000 at y = 1.451429
phi_e, max: 10.379736 at y = 1.690000, phi_e, min: 9.660769 at y = 1.481787
phi_m, max: 99.314711 at y = 1.690000./ phi_m, min: 0.000000 at y = 1.451429
phi_e, max: -30.725257 at y = 1.651218, phi_e, min: -31.261819 at y = 1.481787
phi_m, max: 80.317586 at y = 1.690000./ phi_m, min: 0.000000 at y = 1.451429
phi_e, max: -5.460593 at y = 1.651218, phi_e, min: -5.850996 at y = 1.481787
phi_m, max: 60.271316 at y = 1.690000./ phi_m, min: 0.000000 at y = 1.451429
phi_e, max: -1.852700 at y = 1.651218, phi_e, min: -2.113009 at y = 1.481787
phi_m, max: 42.204270 at y = 1.690000./ phi_m, min: 0.000000 at y = 1.451429
phi_e, max: 0.855931 at y = 1.651218, phi_e, min: 0.633758 at y = 1.481787
phi_m, max: 23.394787 at y = 1.690000./ phi_m, min: 0.000000 at y = 1.451429
phi_e, max: -20.907302 at y = 1.481787, phi_e, min: -20.973233 at y = 1.690000
phi_m, max: 4.583201 at y = 1.690000./ phi_m, min: 0.000000 at y = 1.451429
phi_e, max: 41.685736 at y = 1.485587, phi_e, min: 41.590095 at y = 1.690000


Writing: "Fiber2DEphapticPlaneL4rho4_11.chk"
 (0.00174532s, XML)
Steps: 12000000 Time: 1.2         
phi_m, max: -0.000000 at y = 2.291429./ phi_m, min: -0.001147 at y = 2.324832
phi_e, max: 5.619988 at y = 2.324413, phi_e, min: 5.619983 at y = 2.431918
phi_m, max: -0.000000 at y = 2.291429./ phi_m, min: -0.001154 at y = 2.535168
phi_e, max: -10.680122 at y = 2.323213, phi_e, min: -10.680132 at y = 2.450604
phi_m, max: -0.000000 at y = 2.291429./ phi_m, min: -0.001131 at y = 2.536367
phi_e, max: 2.179987 at y = 2.205714, phi_e, min: 2.179916 at y = 2.485225
phi_m, max: 0.051613 at y = 2.234286./ phi_m, min: -0.000452 at y = 2.538825
phi_e, max: -3.175581 at y = 2.205714, phi_e, min: -3.181052 at y = 2.499272
phi_m, max: 0.700428 at y = 2.234286./ phi_m, min: 0.000000 at y = 2.291429
phi_e, max: 14.473822 at y = 2.205714, phi_e, min: 14.401012 at y = 2.499272
phi_m, max: 88.834615 at y = 2.234286./ phi_m, min: 0.000000 at y = 2.291429
phi_e, max: -32.440417 at y = 2.324413, phi_e, min: -35.514668 at y = 2.491218
phi_m, max: 115.368397 at y = 2.531787./ phi_m, min: 0.000000 at y = 2.291429
phi_e, max: -5.956020 at y = 2.230929, phi_e, min: -9.645766 at y = 2.535587
phi_m, max: 111.330249 at y = 2.539413./ phi_m, min: 0.000000 at y = 2.291429
phi_e, max: -2.188073 at y = 2.422276, phi_e, min: -2.642843 at y = 2.535587
phi_m, max: 95.891732 at y = 2.539413./ phi_m, min: 0.000000 at y = 2.291429
phi_e, max: 0.587113 at y = 2.416914, phi_e, min: 0.202112 at y = 2.535587
phi_m, max: 76.342190 at y = 2.540000./ phi_m, min: 0.000000 at y = 2.291429
phi_e, max: -21.118533 at y = 2.412358, phi_e, min: -21.430561 at y = 2.535587
phi_m, max: 56.515254 at y = 2.540000./ phi_m, min: 0.000000 at y = 2.291429
phi_e, max: 40.989135 at y = 2.413557, phi_e, min: 40.769947 at y = 2.535587
phi_m, max: 38.949152 at y = 2.540000./ phi_m, min: 0.000000 at y = 2.291429
phi_e, max: 2.947139 at y = 2.205714, phi_e, min: 2.685971 at y = 2.534413


phi_m, max: 0.190458 at y = 1.060000./ phi_m, min: 0.000000 at y = 1.070000
phi_e, max: 5.632505 at y = 1.063213, phi_e, min: 5.620310 at y = 1.362358
phi_m, max: 6.364808 at y = 1.060000./ phi_m, min: 0.000000 at y = 1.070000
phi_e, max: -10.280745 at y = 1.063213, phi_e, min: -10.669249 at y = 1.362358
phi_m, max: 115.689359 at y = 1.061787./ phi_m, min: 0.000000 at y = 1.070000
phi_e, max: 2.594853 at y = 1.274413, phi_e, min: -9.503351 at y = 1.066787
phi_m, max: 115.621804 at y = 1.278213./ phi_m, min: 0.000000 at y = 1.070000
phi_e, max: -1.839447 at y = 1.154515, phi_e, min: -2.563333 at y = 1.278213
phi_m, max: 104.779568 at y = 1.279413./ phi_m, min: 0.000000 at y = 1.070000
phi_e, max: 10.174467 at y = 1.164726, phi_e, min: 9.769419 at y = 1.278213
phi_m, max: 86.894250 at y = 1.365714./ phi_m, min: 0.000000 at y = 1.070000
phi_e, max: -30.858206 at y = 1.164726, phi_e, min: -31.176820 at y = 1.278213
phi_m, max: 66.956446 at y = 1.365714./ phi_m, min: 0.000000 at y = 1.070000
phi_e, max: -5.557234 at y = 1.164726, phi_e, min: -5.786806 at y = 1.278213
phi_m, max: 48.064310 at y = 1.365714./ phi_m, min: 0.000000 at y = 1.070000
phi_e, max: -1.937380 at y = 1.175274, phi_e, min: -2.114068 at y = 1.064413
phi_m, max: 30.754905 at y = 1.365714./ phi_m, min: 0.000000 at y = 1.070000
phi_e, max: 0.942579 at y = 1.061787, phi_e, min: 0.685997 at y = 1.278213
phi_m, max: 9.379335 at y = 1.365714./ phi_m, min: 0.000000 at y = 1.070000
phi_e, max: -20.884243 at y = 1.275587, phi_e, min: -20.993460 at y = 1.137354
phi_m, max: 1.026353 at y = 1.365714./ phi_m, min: -0.182216 at y = 1.060000
phi_e, max: 41.648985 at y = 1.278213, phi_e, min: 41.617814 at y = 1.118131
phi_m, max: -0.000000 at y = 1.070000./ phi_m, min: -0.373677 at y = 1.060000
phi_e, max: 2.832747 at y = 1.279413, phi_e, min: 2.828786 at y = 1.133461


phi_m, max: -0.000000 at y = 1.690000./ phi_m, min: -0.001125 at y = 1.906787
phi_e, max: 5.620104 at y = 1.632857, phi_e, min: 5.619981 at y = 1.947583
phi_m, max: 0.022215 at y = 1.661429./ phi_m, min: -0.000572 at y = 1.908376
phi_e, max: -10.676039 at y = 1.632857, phi_e, min: -10.680156 at y = 1.948782
phi_m, max: 0.253723 at y = 1.661429./ phi_m, min: 0.000000 at y = 1.690000
phi_e, max: 2.224669 at y = 1.632857, phi_e, min: 2.179681 at y = 1.948782
phi_m, max: 20.120537 at y = 1.661429./ phi_m, min: 0.000000 at y = 1.690000
phi_e, max: -0.086107 at y = 1.691787, phi_e, min: -3.199144 at y = 1.948782
phi_m, max: 115.931829 at y = 1.696426./ phi_m, min: 0.000000 at y = 1.690000
phi_e, max: 14.361148 at y = 1.908213, phi_e, min: 10.293112 at y = 1.690587
phi_m, max: 114.220238 at y = 1.908376./ phi_m, min: 0.000000 at y = 1.690000
phi_e, max: -30.244217 at y = 1.782358, phi_e, min: -31.538784 at y = 1.967143
phi_m, max: 101.058067 at y = 1.909413./ phi_m, min: 0.000000 at y = 1.690000
phi_e, max: -5.004213 at y = 1.794726, phi_e, min: -5.655750 at y = 1.909413
phi_m, max: 82.225182 at y = 1.910000./ phi_m, min: 0.000000 at y = 1.690000
phi_e, max: -1.527612 at y = 1.789071, phi_e, min: -2.059176 at y = 1.908213
phi_m, max: 62.171525 at y = 1.935215./ phi_m, min: 0.000000 at y = 1.690000
phi_e, max: 1.090590 at y = 1.789071, phi_e, min: 0.700745 at y = 1.908213
phi_m, max: 43.908693 at y = 1.935215./ phi_m, min: 0.000000 at y = 1.690000
phi_e, max: -20.734367 at y = 1.795925, phi_e, min: -21.026469 at y = 1.908213
phi_m, max: 25.697686 at y = 1.935215./ phi_m, min: 0.000000 at y = 1.690000
phi_e, max: 41.601928 at y = 1.632857, phi_e, min: 41.082661 at y = 1.908213
phi_m, max: 5.741435 at y = 1.935215./ phi_m, min: 0.000000 at y = 1.690000
phi_e, max: 2.913978 at y = 1.908213, phi_e, min: 2.807198 at y = 1.763461



Time: 0.100000
CPU Time: 226.179154 min.
phi_m, max: -0.000000 at y = 2.950000./ phi_m, min: -0.001149 at y = 2.954832
phi_e, max: 5.619991 at y = 2.954413, phi_e, min: 5.619984 at y = 3.131429

Time: 0.200000
CPU Time: 229.022576 min.
phi_m, max: -0.000000 at y = 2.950000./ phi_m, min: -0.001158 at y = 2.954832
phi_e, max: -10.680125 at y = 2.954413, phi_e, min: -10.680132 at y = 3.131429

Time: 0.300000
CPU Time: 230.519171 min.
phi_m, max: -0.000000 at y = 2.950000./ phi_m, min: -0.001149 at y = 2.955168
phi_e, max: 2.179918 at y = 2.954413, phi_e, min: 2.179911 at y = 3.131429

Time: 0.400000
CPU Time: 230.305223 min.
phi_m, max: -0.000000 at y = 2.950000./ phi_m, min: -0.001113 at y = 2.956367
phi_e, max: -3.181324 at y = 2.953213, phi_e, min: -3.181345 at y = 3.131429

Time: 0.500000
CPU Time: 231.587102 min.
phi_m, max: 0.001731 at y = 2.807143./ phi_m, min: -0.000844 at y = 2.957458
phi_e, max: 14.397320 at y = 2.951787, phi_e, min: 14.397123 at y = 3.129272

Time: 0.600000
CPU Time: 233.287257 min.
phi_m, max: 0.193289 at y = 2.807143./ phi_m, min: 0.000000 at y = 2.950000
phi_e, max: -35.729326 at y = 2.951787, phi_e, min: -35.742456 at y = 3.129272

Time: 0.700000
CPU Time: 229.276461 min.
phi_m, max: 1.886920 at y = 2.807143./ phi_m, min: 0.000000 at y = 2.950000
phi_e, max: 0.221736 at y = 2.951787, phi_e, min: 0.094748 at y = 3.129272

Time: 0.800000
CPU Time: 218.640304 min.
phi_m, max: 114.163220 at y = 2.950587./ phi_m, min: 0.000000 at y = 2.950000
phi_e, max: -1.352408 at y = 3.128072, phi_e, min: -4.498676 at y = 2.953213

Time: 0.900000
CPU Time: 185.229565 min.
phi_m, max: 113.177929 at y = 3.131429./ phi_m, min: 0.000000 at y = 2.950000
phi_e, max: 0.476279 at y = 3.131429, phi_e, min: -0.160402 at y = 2.951787

Time: 1.000000
CPU Time: 188.330503 min.
phi_m, max: 99.605736 at y = 3.131429./ phi_m, min: 0.000000 at y = 2.950000
phi_e, max: -21.214467 at y = 3.131429, phi_e, min: -21.726633 at y = 2.951787

Time: 1.100000
CPU Time: 186.305354 min.
phi_m, max: 80.794714 at y = 3.131429./ phi_m, min: 0.000000 at y = 2.950000
phi_e, max: 40.921707 at y = 3.131429, phi_e, min: 40.547217 at y = 2.951787

Time: 1.200000
CPU Time: 185.679900 min.
phi_m, max: 60.781525 at y = 3.131429./ phi_m, min: 0.000000 at y = 2.950000
phi_e, max: 2.849251 at y = 3.131429, phi_e, min: 2.597192 at y = 2.951787


phi_m, max: 0.004478 at y = 1.365714./ phi_m, min: -0.000559 at y = 1.487458
phi_e, max: 5.620523 at y = 1.481787, phi_e, min: 5.620081 at y = 1.690000
phi_m, max: 0.185100 at y = 1.365714./ phi_m, min: 0.000000 at y = 1.451429
phi_e, max: -10.662286 at y = 1.481787, phi_e, min: -10.676793 at y = 1.690000
phi_m, max: 2.046201 at y = 1.365714./ phi_m, min: 0.000000 at y = 1.451429
phi_e, max: 2.375620 at y = 1.481787, phi_e, min: 2.216403 at y = 1.690000
phi_m, max: 114.767189 at y = 1.480587./ phi_m, min: 0.000000 at y = 1.451429
phi_e, max: -0.140884 at y = 1.690000, phi_e, min: -4.155988 at y = 1.484551
phi_m, max: 113.142496 at y = 1.690000./ phi_m, min: 0.000000 at y = 1.451429
phi_e, max: 10.379736 at y = 1.690000, phi_e, min: 9.660769 at y = 1.481787
phi_m, max: 99.314711 at y = 1.690000./ phi_m, min: 0.000000 at y = 1.451429
phi_e, max: -30.725257 at y = 1.651218, phi_e, min: -31.261819 at y = 1.481787
phi_m, max: 80.317586 at y = 1.690000./ phi_m, min: 0.000000 at y = 1.451429
phi_e, max: -5.460593 at y = 1.651218, phi_e, min: -5.850996 at y = 1.481787
phi_m, max: 60.271316 at y = 1.690000./ phi_m, min: 0.000000 at y = 1.451429
phi_e, max: -1.852700 at y = 1.651218, phi_e, min: -2.113009 at y = 1.481787
phi_m, max: 42.204270 at y = 1.690000./ phi_m, min: 0.000000 at y = 1.451429
phi_e, max: 0.855931 at y = 1.651218, phi_e, min: 0.633758 at y = 1.481787
phi_m, max: 23.394787 at y = 1.690000./ phi_m, min: 0.000000 at y = 1.451429
phi_e, max: -20.907302 at y = 1.481787, phi_e, min: -20.973233 at y = 1.690000
phi_m, max: 4.583201 at y = 1.690000./ phi_m, min: 0.000000 at y = 1.451429
phi_e, max: 41.685736 at y = 1.485587, phi_e, min: 41.590095 at y = 1.690000
phi_m, max: 0.314277 at y = 1.690000./ phi_m, min: -0.137545 at y = 1.365714
phi_e, max: 2.838001 at y = 1.486787, phi_e, min: 2.825327 at y = 1.651218


phi_m, max: -0.000000 at y = 3.160000./ phi_m, min: -0.001146 at y = 3.375587
phi_e, max: 5.619987 at y = 3.378213, phi_e, min: 5.619978 at y = 3.264726
phi_m, max: -0.000000 at y = 3.160000./ phi_m, min: -0.001155 at y = 3.375587
phi_e, max: -10.680130 at y = 3.378213, phi_e, min: -10.680138 at y = 3.264726
phi_m, max: -0.000000 at y = 3.160000./ phi_m, min: -0.001147 at y = 3.375587
phi_e, max: 2.179913 at y = 3.378213, phi_e, min: 2.179905 at y = 3.264726
phi_m, max: -0.000000 at y = 3.160000./ phi_m, min: -0.001135 at y = 3.375587
phi_e, max: -3.181344 at y = 3.163213, phi_e, min: -3.181354 at y = 3.274075
phi_m, max: -0.000000 at y = 3.160000./ phi_m, min: -0.001117 at y = 3.376367
phi_e, max: 14.397127 at y = 3.161787, phi_e, min: 14.397079 at y = 3.319176
phi_m, max: 0.021353 at y = 3.131429./ phi_m, min: -0.000604 at y = 3.378376
phi_e, max: -35.742276 at y = 3.161787, phi_e, min: -35.745356 at y = 3.402253
phi_m, max: 0.214903 at y = 3.131429./ phi_m, min: 0.000000 at y = 3.160000
phi_e, max: 0.096465 at y = 3.161787, phi_e, min: 0.066794 at y = 3.402253
phi_m, max: 14.191443 at y = 3.131429./ phi_m, min: 0.000000 at y = 3.160000
phi_e, max: -1.255651 at y = 3.161787, phi_e, min: -3.206548 at y = 3.402253
phi_m, max: 115.898083 at y = 3.165168./ phi_m, min: 0.000000 at y = 3.160000
phi_e, max: 6.018288 at y = 3.376787, phi_e, min: 0.403701 at y = 3.161787
phi_m, max: 114.549507 at y = 3.378213./ phi_m, min: 0.000000 at y = 3.160000
phi_e, max: -20.883690 at y = 3.237354, phi_e, min: -22.492196 at y = 3.379413
phi_m, max: 101.791639 at y = 3.379413./ phi_m, min: 0.000000 at y = 3.160000
phi_e, max: 41.281107 at y = 3.255714, phi_e, min: 40.521745 at y = 3.379413
phi_m, max: 83.082357 at y = 3.380000./ phi_m, min: 0.000000 at y = 3.160000
phi_e, max: 3.101231 at y = 3.252358, phi_e, min: 2.474662 at y = 3.379413


phi_m, max: -0.000000 at y = 4.000000./ phi_m, min: -0.001159 at y = 4.218213
phi_e, max: 5.619983 at y = 4.001787, phi_e, min: 5.619972 at y = 4.140489
phi_m, max: -0.000000 at y = 4.000000./ phi_m, min: -0.001168 at y = 4.218213
phi_e, max: -10.680133 at y = 4.001787, phi_e, min: -10.680145 at y = 4.140489
phi_m, max: -0.000000 at y = 4.000000./ phi_m, min: -0.001159 at y = 4.218213
phi_e, max: 2.179910 at y = 4.001787, phi_e, min: 2.179899 at y = 4.140489
phi_m, max: -0.000000 at y = 4.000000./ phi_m, min: -0.001148 at y = 4.218213
phi_e, max: -3.181349 at y = 4.001787, phi_e, min: -3.181360 at y = 4.140489
phi_m, max: -0.000000 at y = 4.000000./ phi_m, min: -0.001139 at y = 4.218213
phi_e, max: 14.397081 at y = 4.001787, phi_e, min: 14.397070 at y = 4.140489
phi_m, max: -0.000000 at y = 4.000000./ phi_m, min: -0.001130 at y = 4.218213
phi_e, max: -35.745334 at y = 4.001787, phi_e, min: -35.745346 at y = 4.142646
phi_m, max: -0.000000 at y = 4.000000./ phi_m, min: -0.001121 at y = 4.218213
phi_e, max: 0.067036 at y = 4.001787, phi_e, min: 0.067014 at y = 4.156213
phi_m, max: 0.002954 at y = 4.000000./ phi_m, min: -0.000984 at y = 4.218376
phi_e, max: -3.190686 at y = 4.000587, phi_e, min: -3.191399 at y = 4.184391
phi_m, max: 0.062853 at y = 4.000000./ phi_m, min: 0.000000 at y = 4.000000
phi_e, max: 6.032554 at y = 4.000587, phi_e, min: 6.021391 at y = 4.184785
phi_m, max: 7.468375 at y = 4.000000./ phi_m, min: 0.000000 at y = 4.000000
phi_e, max: -29.615414 at y = 4.000587, phi_e, min: -30.917936 at y = 4.184785
phi_m, max: 114.971247 at y = 4.000587./ phi_m, min: 0.000000 at y = 4.000000
phi_e, max: 49.924457 at y = 4.215587, phi_e, min: 40.753769 at y = 4.003213
phi_m, max: 116.071290 at y = 4.218376./ phi_m, min: 0.000000 at y = 4.000000
phi_e, max: 3.819160 at y = 4.134497, phi_e, min: 2.753618 at y = 4.000587


phi_m, max: -0.000000 at y = 2.530000./ phi_m, min: -0.001148 at y = 2.745168
phi_e, max: 5.619990 at y = 2.745587, phi_e, min: 5.619984 at y = 2.629071
phi_m, max: -0.000000 at y = 2.530000./ phi_m, min: -0.001157 at y = 2.745168
phi_e, max: -10.680127 at y = 2.745587, phi_e, min: -10.680132 at y = 2.634726
phi_m, max: -0.000000 at y = 2.530000./ phi_m, min: -0.001147 at y = 2.745168
phi_e, max: 2.179921 at y = 2.534413, phi_e, min: 2.179913 at y = 2.655485
phi_m, max: 0.007552 at y = 2.530000./ phi_m, min: -0.001022 at y = 2.746367
phi_e, max: -3.180855 at y = 2.533213, phi_e, min: -3.181336 at y = 2.829396
phi_m, max: 0.114028 at y = 2.530000./ phi_m, min: 0.000000 at y = 2.530000
phi_e, max: 14.403599 at y = 2.533213, phi_e, min: 14.397204 at y = 2.829396
phi_m, max: 7.756563 at y = 2.530000./ phi_m, min: 0.000000 at y = 2.530000
phi_e, max: -35.307889 at y = 2.533213, phi_e, min: -35.737088 at y = 2.829396
phi_m, max: 115.332050 at y = 2.531787./ phi_m, min: 0.000000 at y = 2.530000
phi_e, max: 0.489603 at y = 2.744413, phi_e, min: -9.655536 at y = 2.536787
phi_m, max: 115.777501 at y = 2.748213./ phi_m, min: 0.000000 at y = 2.530000
phi_e, max: -2.343048 at y = 2.615503, phi_e, min: -3.182951 at y = 2.748213
phi_m, max: 105.665313 at y = 2.749413./ phi_m, min: 0.000000 at y = 2.530000
phi_e, max: 0.475980 at y = 2.626914, phi_e, min: 0.007653 at y = 2.748213
phi_m, max: 87.972268 at y = 2.835714./ phi_m, min: 0.000000 at y = 2.530000
phi_e, max: -21.214808 at y = 2.625714, phi_e, min: -21.588841 at y = 2.748213
phi_m, max: 68.067333 at y = 2.835714./ phi_m, min: 0.000000 at y = 2.530000
phi_e, max: 40.923997 at y = 2.625714, phi_e, min: 40.649419 at y = 2.748213
phi_m, max: 49.043760 at y = 2.835714./ phi_m, min: 0.000000 at y = 2.530000
phi_e, max: 2.832828 at y = 2.634726, phi_e, min: 2.656571 at y = 2.748213


phi_m, max: 115.885200 at y = 0.226426./ phi_m, min: 0.000000 at y = 0.220000
phi_e, max: 5.572332 at y = 0.497143, phi_e, min: 3.978198 at y = 0.220587
phi_m, max: 113.657914 at y = 0.438376./ phi_m, min: 0.000000 at y = 0.220000
phi_e, max: -8.088097 at y = 0.315714, phi_e, min: -9.004554 at y = 0.439413
phi_m, max: 99.931645 at y = 0.439413./ phi_m, min: 0.000000 at y = 0.220000
phi_e, max: -6.502838 at y = 0.318676, phi_e, min: -7.112208 at y = 0.438213
phi_m, max: 80.920607 at y = 0.440000./ phi_m, min: 0.000000 at y = 0.220000
phi_e, max: -1.427514 at y = 0.312358, phi_e, min: -1.939219 at y = 0.438213
phi_m, max: 60.907237 at y = 0.468571./ phi_m, min: 0.000000 at y = 0.220000
phi_e, max: 10.492657 at y = 0.305503, phi_e, min: 10.106015 at y = 0.438213
phi_m, max: 42.829641 at y = 0.468571./ phi_m, min: 0.000000 at y = 0.220000
phi_e, max: -30.536771 at y = 0.289300, phi_e, min: -30.880647 at y = 0.438213
phi_m, max: 24.293085 at y = 0.468571./ phi_m, min: 0.000000 at y = 0.220000
phi_e, max: -5.043020 at y = 0.221787, phi_e, min: -5.560993 at y = 0.497143
phi_m, max: 5.065640 at y = 0.468571./ phi_m, min: 0.000000 at y = 0.220000
phi_e, max: -1.908688 at y = 0.436787, phi_e, min: -2.001149 at y = 0.303346
phi_m, max: 0.399805 at y = 0.468571./ phi_m, min: -0.220492 at y = 0.220587
phi_e, max: 1.003114 at y = 0.438213, phi_e, min: 0.985430 at y = 0.305503
phi_m, max: -0.000000 at y = 0.220000./ phi_m, min: -0.381756 at y = 0.221624
phi_e, max: -20.996967 at y = 0.220587, phi_e, min: -21.003289 at y = 0.356654
phi_m, max: -0.000000 at y = 0.220000./ phi_m, min: -0.467576 at y = 0.222542
phi_e, max: 41.620800 at y = 0.220587, phi_e, min: 41.614780 at y = 0.362646
phi_m, max: -0.000000 at y = 0.220000./ phi_m, min: -0.509616 at y = 0.223633
phi_e, max: 2.832787 at y = 0.220587, phi_e, min: 2.827478 at y = 0.350604


phi_m, max: 12.401412 at y = 0.468571./ phi_m, min: 0.000000 at y = 0.640000
phi_e, max: 6.225881 at y = 0.643213, phi_e, min: 5.549122 at y = 0.468571
phi_m, max: 115.915580 at y = 0.644832./ phi_m, min: 0.000000 at y = 0.640000
phi_e, max: -8.899324 at y = 0.471928, phi_e, min: -11.171729 at y = 0.648213
phi_m, max: 108.750059 at y = 0.649413./ phi_m, min: 0.000000 at y = 0.640000
phi_e, max: -7.040250 at y = 0.478782, phi_e, min: -7.649416 at y = 0.648213
phi_m, max: 92.535536 at y = 0.792857./ phi_m, min: 0.000000 at y = 0.640000
phi_e, max: -1.884639 at y = 0.478782, phi_e, min: -2.334205 at y = 0.648213
phi_m, max: 72.865358 at y = 0.792857./ phi_m, min: 0.000000 at y = 0.640000
phi_e, max: 10.144042 at y = 0.478782, phi_e, min: 9.814067 at y = 0.648213
phi_m, max: 53.334603 at y = 0.792857./ phi_m, min: 0.000000 at y = 0.640000
phi_e, max: -30.851979 at y = 0.478782, phi_e, min: -31.077134 at y = 0.648213
phi_m, max: 36.040488 at y = 0.792857./ phi_m, min: 0.000000 at y = 0.640000
phi_e, max: -5.556317 at y = 0.471534, phi_e, min: -5.767217 at y = 0.646787
phi_m, max: 15.062472 at y = 0.792857./ phi_m, min: 0.000000 at y = 0.640000
phi_e, max: -1.825739 at y = 0.644413, phi_e, min: -1.918651 at y = 0.478782
phi_m, max: 2.127801 at y = 0.792857./ phi_m, min: 0.000000 at y = 0.640000
phi_e, max: 1.046620 at y = 0.646787, phi_e, min: 1.001249 at y = 0.471928
phi_m, max: 0.016234 at y = 0.792857./ phi_m, min: -0.227864 at y = 0.468571
phi_e, max: -20.994954 at y = 0.648213, phi_e, min: -21.001914 at y = 0.471928
phi_m, max: -0.000000 at y = 0.640000./ phi_m, min: -0.389216 at y = 0.468571
phi_e, max: 41.618448 at y = 0.649413, phi_e, min: 41.615842 at y = 0.478782
phi_m, max: -0.000000 at y = 0.640000./ phi_m, min: -0.467913 at y = 0.640587
phi_e, max: 2.831853 at y = 0.648213, phi_e, min: 2.829084 at y = 0.478782


phi_m, max: -0.000000 at y = 1.938571./ phi_m, min: -0.001147 at y = 2.115168
phi_e, max: 5.619990 at y = 2.115587, phi_e, min: 5.619981 at y = 1.948782
phi_m, max: -0.000000 at y = 1.938571./ phi_m, min: -0.001093 at y = 2.117458
phi_e, max: -10.680076 at y = 1.910000, phi_e, min: -10.680152 at y = 1.956932
phi_m, max: 0.006349 at y = 1.916318./ phi_m, min: -0.000539 at y = 2.118376
phi_e, max: 2.180543 at y = 1.910000, phi_e, min: 2.179723 at y = 1.956932
phi_m, max: 0.580125 at y = 1.916318./ phi_m, min: 0.000000 at y = 1.938571
phi_e, max: -3.131556 at y = 1.910000, phi_e, min: -3.195817 at y = 1.956932
phi_m, max: 7.976606 at y = 1.910000./ phi_m, min: 0.000000 at y = 1.938571
phi_e, max: 14.721723 at y = 2.113213, phi_e, min: 14.228766 at y = 1.920211
phi_m, max: 115.887675 at y = 2.113633./ phi_m, min: 0.000000 at y = 1.938571
phi_e, max: -31.411739 at y = 1.935215, phi_e, min: -35.413574 at y = 2.118213
phi_m, max: 109.542520 at y = 2.119413./ phi_m, min: 0.000000 at y = 1.938571
phi_e, max: -5.600675 at y = 1.935215, phi_e, min: -6.305782 at y = 2.118213
phi_m, max: 93.662361 at y = 2.262857./ phi_m, min: 0.000000 at y = 1.938571
phi_e, max: -2.015944 at y = 1.941928, phi_e, min: -2.521416 at y = 2.118213
phi_m, max: 74.089451 at y = 2.262857./ phi_m, min: 0.000000 at y = 1.938571
phi_e, max: 0.732730 at y = 1.941928, phi_e, min: 0.359393 at y = 2.118213
phi_m, max: 54.457445 at y = 2.262857./ phi_m, min: 0.000000 at y = 1.938571
phi_e, max: -20.998368 at y = 1.948782, phi_e, min: -21.252915 at y = 2.118213
phi_m, max: 37.093054 at y = 2.262857./ phi_m, min: 0.000000 at y = 1.938571
phi_e, max: 41.092061 at y = 1.920211, phi_e, min: 40.856305 at y = 2.118213
phi_m, max: 16.436476 at y = 2.262857./ phi_m, min: 0.000000 at y = 1.938571
phi_e, max: 2.995012 at y = 2.113213, phi_e, min: 2.906943 at y = 1.935215


phi_m, max: 112.889024 at y = 0.220000./ phi_m, min: 0.000000 at y = -0.010000
phi_e, max: 4.045667 at y = 0.220000, phi_e, min: 3.696010 at y = 0.000587
phi_m, max: 98.755024 at y = 0.220000./ phi_m, min: 0.000000 at y = -0.010000
phi_e, max: -8.561769 at y = 0.220000, phi_e, min: -8.714841 at y = 0.000587
phi_m, max: 79.667367 at y = 0.220000./ phi_m, min: 0.000000 at y = -0.010000
phi_e, max: -6.858655 at y = 0.220000, phi_e, min: -6.899140 at y = 0.000587
phi_m, max: 59.698380 at y = 0.220000./ phi_m, min: 0.000000 at y = -0.010000
phi_e, max: -1.607974 at y = 0.016787, phi_e, min: -1.662972 at y = 0.220000
phi_m, max: 41.845566 at y = 0.220000./ phi_m, min: 0.000000 at y = -0.010000
phi_e, max: 10.433197 at y = 0.016787, phi_e, min: 10.358668 at y = 0.220000
phi_m, max: 23.422324 at y = 0.220000./ phi_m, min: 0.000000 at y = -0.010000
phi_e, max: -30.364982 at y = 0.016787, phi_e, min: -30.584992 at y = 0.220000
phi_m, max: 4.593064 at y = 0.220000./ phi_m, min: 0.000000 at y = -0.010000
phi_e, max: -4.946055 at y = 0.015587, phi_e, min: -5.056647 at y = 0.220000
phi_m, max: 0.330641 at y = 0.220000./ phi_m, min: 0.000000 at y = -0.010000
phi_e, max: -1.963699 at y = 0.018213, phi_e, min: -1.971537 at y = 0.191429
phi_m, max: -0.000000 at y = -0.010000./ phi_m, min: -0.220056 at y = 0.220000
phi_e, max: 0.991991 at y = 0.220000, phi_e, min: 0.989588 at y = 0.013213
phi_m, max: -0.000000 at y = -0.010000./ phi_m, min: -0.377987 at y = 0.220000
phi_e, max: -20.997012 at y = 0.220000, phi_e, min: -20.998549 at y = 0.013213
phi_m, max: -0.000000 at y = -0.010000./ phi_m, min: -0.460338 at y = 0.220000
phi_e, max: 41.620758 at y = 0.220000, phi_e, min: 41.620213 at y = 0.013213
phi_m, max: -0.000000 at y = -0.010000./ phi_m, min: -0.498454 at y = 0.220000
phi_e, max: 2.833086 at y = 0.019413, phi_e, min: 2.832409 at y = 0.220000


phi_m, max: -0.000000 at y = 3.580000./ phi_m, min: -0.001150 at y = 3.585168
phi_e, max: 5.619994 at y = 3.585587, phi_e, min: 5.619986 at y = 3.380000
phi_m, max: -0.000000 at y = 3.580000./ phi_m, min: -0.001159 at y = 3.585168
phi_e, max: -10.680122 at y = 3.585587, phi_e, min: -10.680131 at y = 3.380000
phi_m, max: -0.000000 at y = 3.580000./ phi_m, min: -0.001150 at y = 3.585168
phi_e, max: 2.179921 at y = 3.585587, phi_e, min: 2.179913 at y = 3.380000
phi_m, max: -0.000000 at y = 3.580000./ phi_m, min: -0.001140 at y = 3.585168
phi_e, max: -3.181338 at y = 3.585587, phi_e, min: -3.181346 at y = 3.380000
phi_m, max: -0.000000 at y = 3.580000./ phi_m, min: -0.001129 at y = 3.585168
phi_e, max: 14.397092 at y = 3.585587, phi_e, min: 14.397084 at y = 3.408571
phi_m, max: -0.000000 at y = 3.580000./ phi_m, min: -0.001069 at y = 3.587458
phi_e, max: -35.745301 at y = 3.583213, phi_e, min: -35.745353 at y = 3.408571
phi_m, max: 0.004458 at y = 3.386318./ phi_m, min: -0.000684 at y = 3.588376
phi_e, max: 0.067252 at y = 3.583213, phi_e, min: 0.066822 at y = 3.408571
phi_m, max: 0.357869 at y = 3.386318./ phi_m, min: 0.000000 at y = 3.580000
phi_e, max: -3.177393 at y = 3.583213, phi_e, min: -3.204735 at y = 3.408571
phi_m, max: 5.878161 at y = 3.380000./ phi_m, min: 0.000000 at y = 3.580000
phi_e, max: 6.243321 at y = 3.583213, phi_e, min: 5.693811 at y = 3.380000
phi_m, max: 115.889634 at y = 3.582542./ phi_m, min: 0.000000 at y = 3.580000
phi_e, max: -22.354178 at y = 3.380000, phi_e, min: -27.748651 at y = 3.588213
phi_m, max: 110.175088 at y = 3.589413./ phi_m, min: 0.000000 at y = 3.580000
phi_e, max: 40.581224 at y = 3.380000, phi_e, min: 39.862127 at y = 3.588213
phi_m, max: 94.316631 at y = 3.704286./ phi_m, min: 0.000000 at y = 3.580000
phi_e, max: 2.522793 at y = 3.380000, phi_e, min: 1.960000 at y = 3.588213


phi_m, max: -0.000000 at y = 3.790000./ phi_m, min: -0.001150 at y = 3.794832
phi_e, max: 5.619993 at y = 3.793213, phi_e, min: 5.619981 at y = 4.010000
phi_m, max: -0.000000 at y = 3.790000./ phi_m, min: -0.001159 at y = 3.794832
phi_e, max: -10.680123 at y = 3.793213, phi_e, min: -10.680135 at y = 4.010000
phi_m, max: -0.000000 at y = 3.790000./ phi_m, min: -0.001151 at y = 3.794832
phi_e, max: 2.179920 at y = 3.793213, phi_e, min: 2.179908 at y = 4.010000
phi_m, max: -0.000000 at y = 3.790000./ phi_m, min: -0.001140 at y = 3.794832
phi_e, max: -3.181339 at y = 3.793213, phi_e, min: -3.181351 at y = 4.010000
phi_m, max: -0.000000 at y = 3.790000./ phi_m, min: -0.001130 at y = 3.794832
phi_e, max: 14.397091 at y = 3.793213, phi_e, min: 14.397080 at y = 4.010000
phi_m, max: -0.000000 at y = 3.790000./ phi_m, min: -0.001115 at y = 3.795587
phi_e, max: -35.745319 at y = 3.793213, phi_e, min: -35.745336 at y = 4.010000
phi_m, max: -0.000000 at y = 3.790000./ phi_m, min: -0.001056 at y = 3.796787
phi_e, max: 0.067094 at y = 3.791787, phi_e, min: 0.067032 at y = 4.010000
phi_m, max: 0.028202 at y = 3.704286./ phi_m, min: 0.000000 at y = 3.790000
phi_e, max: -3.187585 at y = 3.791787, phi_e, min: -3.190807 at y = 4.010000
phi_m, max: 0.463353 at y = 3.704286./ phi_m, min: 0.000000 at y = 3.790000
phi_e, max: 6.081606 at y = 3.791787, phi_e, min: 6.030650 at y = 4.010000
phi_m, max: 79.007724 at y = 3.704286./ phi_m, min: 0.000000 at y = 3.790000
phi_e, max: -24.640106 at y = 3.793213, phi_e, min: -29.835984 at y = 4.010000
phi_m, max: 115.471142 at y = 3.798376./ phi_m, min: 0.000000 at y = 3.790000
phi_e, max: 41.829811 at y = 4.010000, phi_e, min: 39.925679 at y = 3.791787
phi_m, max: 105.755107 at y = 4.000000./ phi_m, min: 0.000000 at y = 3.790000
phi_e, max: 2.923958 at y = 4.010000, phi_e, min: 2.025797 at y = 3.791787


phi_m, max: 1.162121 at y = 0.764286./ phi_m, min: 0.000000 at y = 0.850000
phi_e, max: 5.746486 at y = 0.851787, phi_e, min: 5.627931 at y = 1.098571
phi_m, max: 101.329507 at y = 0.764286./ phi_m, min: 0.000000 at y = 0.850000
phi_e, max: -8.899549 at y = 0.855587, phi_e, min: -10.457722 at y = 1.011869
phi_m, max: 115.701813 at y = 1.061787./ phi_m, min: 0.000000 at y = 0.850000
phi_e, max: -7.264433 at y = 0.782646, phi_e, min: -9.482873 at y = 1.066787
phi_m, max: 110.602250 at y = 1.069413./ phi_m, min: 0.000000 at y = 0.850000
phi_e, max: -1.841198 at y = 0.961918, phi_e, min: -2.227364 at y = 0.851787
phi_m, max: 94.760776 at y = 1.069413./ phi_m, min: 0.000000 at y = 0.850000
phi_e, max: 10.162382 at y = 0.955925, phi_e, min: 9.843736 at y = 1.064413
phi_m, max: 75.102512 at y = 1.070000./ phi_m, min: 0.000000 at y = 0.850000
phi_e, max: -30.858033 at y = 0.949071, phi_e, min: -31.117220 at y = 1.064413
phi_m, max: 55.362354 at y = 1.070000./ phi_m, min: 0.000000 at y = 0.850000
phi_e, max: -5.562134 at y = 0.954726, phi_e, min: -5.742451 at y = 1.064413
phi_m, max: 37.906643 at y = 1.070000./ phi_m, min: 0.000000 at y = 0.850000
phi_e, max: -1.890465 at y = 0.764286, phi_e, min: -2.114202 at y = 1.064413
phi_m, max: 17.394693 at y = 1.070000./ phi_m, min: 0.000000 at y = 0.850000
phi_e, max: 1.049186 at y = 0.854832, phi_e, min: 0.926594 at y = 1.009176
phi_m, max: 2.791392 at y = 1.070000./ phi_m, min: 0.000000 at y = 0.850000
phi_e, max: -20.964110 at y = 1.065587, phi_e, min: -20.999254 at y = 0.782646
phi_m, max: 0.098693 at y = 1.070000./ phi_m, min: -0.313488 at y = 0.764286
phi_e, max: 41.621135 at y = 1.066787, phi_e, min: 41.616674 at y = 0.933346
phi_m, max: -0.000000 at y = 0.850000./ phi_m, min: -0.430131 at y = 0.764286
phi_e, max: 2.830825 at y = 0.850587, phi_e, min: 2.828607 at y = 0.977642


Writing: "Fiber2DEphapticPlaneL4rho4_12.chk"
 (0.00178909s, XML)
Steps: 13000000 Time: 1.3         

Time: 0.100000
CPU Time: 226.179154 min.
phi_m, max: -0.000000 at y = 2.950000./ phi_m, min: -0.001149 at y = 2.954832
phi_e, max: 5.619991 at y = 2.954413, phi_e, min: 5.619984 at y = 3.131429

Time: 0.200000
CPU Time: 229.022576 min.
phi_m, max: -0.000000 at y = 2.950000./ phi_m, min: -0.001158 at y = 2.954832
phi_e, max: -10.680125 at y = 2.954413, phi_e, min: -10.680132 at y = 3.131429

Time: 0.300000
CPU Time: 230.519171 min.
phi_m, max: -0.000000 at y = 2.950000./ phi_m, min: -0.001149 at y = 2.955168
phi_e, max: 2.179918 at y = 2.954413, phi_e, min: 2.179911 at y = 3.131429

Time: 0.400000
CPU Time: 230.305223 min.
phi_m, max: -0.000000 at y = 2.950000./ phi_m, min: -0.001113 at y = 2.956367
phi_e, max: -3.181324 at y = 2.953213, phi_e, min: -3.181345 at y = 3.131429

Time: 0.500000
CPU Time: 231.587102 min.
phi_m, max: 0.001731 at y = 2.807143./ phi_m, min: -0.000844 at y = 2.957458
phi_e, max: 14.397320 at y = 2.951787, phi_e, min: 14.397123 at y = 3.129272

Time: 0.600000
CPU Time: 233.287257 min.
phi_m, max: 0.193289 at y = 2.807143./ phi_m, min: 0.000000 at y = 2.950000
phi_e, max: -35.729326 at y = 2.951787, phi_e, min: -35.742456 at y = 3.129272

Time: 0.700000
CPU Time: 229.276461 min.
phi_m, max: 1.886920 at y = 2.807143./ phi_m, min: 0.000000 at y = 2.950000
phi_e, max: 0.221736 at y = 2.951787, phi_e, min: 0.094748 at y = 3.129272

Time: 0.800000
CPU Time: 218.640304 min.
phi_m, max: 114.163220 at y = 2.950587./ phi_m, min: 0.000000 at y = 2.950000
phi_e, max: -1.352408 at y = 3.128072, phi_e, min: -4.498676 at y = 2.953213

Time: 0.900000
CPU Time: 185.229565 min.
phi_m, max: 113.177929 at y = 3.131429./ phi_m, min: 0.000000 at y = 2.950000
phi_e, max: 0.476279 at y = 3.131429, phi_e, min: -0.160402 at y = 2.951787

Time: 1.000000
CPU Time: 188.330503 min.
phi_m, max: 99.605736 at y = 3.131429./ phi_m, min: 0.000000 at y = 2.950000
phi_e, max: -21.214467 at y = 3.131429, phi_e, min: -21.726633 at y = 2.951787

Time: 1.100000
CPU Time: 186.305354 min.
phi_m, max: 80.794714 at y = 3.131429./ phi_m, min: 0.000000 at y = 2.950000
phi_e, max: 40.921707 at y = 3.131429, phi_e, min: 40.547217 at y = 2.951787

Time: 1.200000
CPU Time: 185.679900 min.
phi_m, max: 60.781525 at y = 3.131429./ phi_m, min: 0.000000 at y = 2.950000
phi_e, max: 2.849251 at y = 3.131429, phi_e, min: 2.597192 at y = 2.951787

Time: 1.300000
CPU Time: 181.903559 min.
phi_m, max: 42.674095 at y = 3.131429./ phi_m, min: 0.000000 at y = 2.950000
phi_e, max: 1.472294 at y = 3.131429, phi_e, min: 1.262034 at y = 2.953213


phi_m, max: -0.000000 at y = 2.291429./ phi_m, min: -0.001147 at y = 2.324832
phi_e, max: 5.619988 at y = 2.324413, phi_e, min: 5.619983 at y = 2.431918
phi_m, max: -0.000000 at y = 2.291429./ phi_m, min: -0.001154 at y = 2.535168
phi_e, max: -10.680122 at y = 2.323213, phi_e, min: -10.680132 at y = 2.450604
phi_m, max: -0.000000 at y = 2.291429./ phi_m, min: -0.001131 at y = 2.536367
phi_e, max: 2.179987 at y = 2.205714, phi_e, min: 2.179916 at y = 2.485225
phi_m, max: 0.051613 at y = 2.234286./ phi_m, min: -0.000452 at y = 2.538825
phi_e, max: -3.175581 at y = 2.205714, phi_e, min: -3.181052 at y = 2.499272
phi_m, max: 0.700428 at y = 2.234286./ phi_m, min: 0.000000 at y = 2.291429
phi_e, max: 14.473822 at y = 2.205714, phi_e, min: 14.401012 at y = 2.499272
phi_m, max: 88.834615 at y = 2.234286./ phi_m, min: 0.000000 at y = 2.291429
phi_e, max: -32.440417 at y = 2.324413, phi_e, min: -35.514668 at y = 2.491218
phi_m, max: 115.368397 at y = 2.531787./ phi_m, min: 0.000000 at y = 2.291429
phi_e, max: -5.956020 at y = 2.230929, phi_e, min: -9.645766 at y = 2.535587
phi_m, max: 111.330249 at y = 2.539413./ phi_m, min: 0.000000 at y = 2.291429
phi_e, max: -2.188073 at y = 2.422276, phi_e, min: -2.642843 at y = 2.535587
phi_m, max: 95.891732 at y = 2.539413./ phi_m, min: 0.000000 at y = 2.291429
phi_e, max: 0.587113 at y = 2.416914, phi_e, min: 0.202112 at y = 2.535587
phi_m, max: 76.342190 at y = 2.540000./ phi_m, min: 0.000000 at y = 2.291429
phi_e, max: -21.118533 at y = 2.412358, phi_e, min: -21.430561 at y = 2.535587
phi_m, max: 56.515254 at y = 2.540000./ phi_m, min: 0.000000 at y = 2.291429
phi_e, max: 40.989135 at y = 2.413557, phi_e, min: 40.769947 at y = 2.535587
phi_m, max: 38.949152 at y = 2.540000./ phi_m, min: 0.000000 at y = 2.291429
phi_e, max: 2.947139 at y = 2.205714, phi_e, min: 2.685971 at y = 2.534413
phi_m, max: 18.815293 at y = 2.540000./ phi_m, min: 0.000000 at y = 2.291429
phi_e, max: 1.717733 at y = 2.324832, phi_e, min: 1.588190 at y = 2.485225


phi_m, max: -0.000000 at y = 4.000000./ phi_m, min: -0.001159 at y = 4.218213
phi_e, max: 5.619983 at y = 4.001787, phi_e, min: 5.619972 at y = 4.140489
phi_m, max: -0.000000 at y = 4.000000./ phi_m, min: -0.001168 at y = 4.218213
phi_e, max: -10.680133 at y = 4.001787, phi_e, min: -10.680145 at y = 4.140489
phi_m, max: -0.000000 at y = 4.000000./ phi_m, min: -0.001159 at y = 4.218213
phi_e, max: 2.179910 at y = 4.001787, phi_e, min: 2.179899 at y = 4.140489
phi_m, max: -0.000000 at y = 4.000000./ phi_m, min: -0.001148 at y = 4.218213
phi_e, max: -3.181349 at y = 4.001787, phi_e, min: -3.181360 at y = 4.140489
phi_m, max: -0.000000 at y = 4.000000./ phi_m, min: -0.001139 at y = 4.218213
phi_e, max: 14.397081 at y = 4.001787, phi_e, min: 14.397070 at y = 4.140489
phi_m, max: -0.000000 at y = 4.000000./ phi_m, min: -0.001130 at y = 4.218213
phi_e, max: -35.745334 at y = 4.001787, phi_e, min: -35.745346 at y = 4.142646
phi_m, max: -0.000000 at y = 4.000000./ phi_m, min: -0.001121 at y = 4.218213
phi_e, max: 0.067036 at y = 4.001787, phi_e, min: 0.067014 at y = 4.156213
phi_m, max: 0.002954 at y = 4.000000./ phi_m, min: -0.000984 at y = 4.218376
phi_e, max: -3.190686 at y = 4.000587, phi_e, min: -3.191399 at y = 4.184391
phi_m, max: 0.062853 at y = 4.000000./ phi_m, min: 0.000000 at y = 4.000000
phi_e, max: 6.032554 at y = 4.000587, phi_e, min: 6.021391 at y = 4.184785
phi_m, max: 7.468375 at y = 4.000000./ phi_m, min: 0.000000 at y = 4.000000
phi_e, max: -29.615414 at y = 4.000587, phi_e, min: -30.917936 at y = 4.184785
phi_m, max: 114.971247 at y = 4.000587./ phi_m, min: 0.000000 at y = 4.000000
phi_e, max: 49.924457 at y = 4.215587, phi_e, min: 40.753769 at y = 4.003213
phi_m, max: 116.071290 at y = 4.218376./ phi_m, min: 0.000000 at y = 4.000000
phi_e, max: 3.819160 at y = 4.134497, phi_e, min: 2.753618 at y = 4.000587
phi_m, max: 106.249479 at y = 4.219413./ phi_m, min: 0.000000 at y = 4.000000
phi_e, max: 2.214206 at y = 4.120929, phi_e, min: 1.391397 at y = 4.000587


phi_m, max: -0.000000 at y = 2.530000./ phi_m, min: -0.001148 at y = 2.745168
phi_e, max: 5.619990 at y = 2.745587, phi_e, min: 5.619984 at y = 2.629071
phi_m, max: -0.000000 at y = 2.530000./ phi_m, min: -0.001157 at y = 2.745168
phi_e, max: -10.680127 at y = 2.745587, phi_e, min: -10.680132 at y = 2.634726
phi_m, max: -0.000000 at y = 2.530000./ phi_m, min: -0.001147 at y = 2.745168
phi_e, max: 2.179921 at y = 2.534413, phi_e, min: 2.179913 at y = 2.655485
phi_m, max: 0.007552 at y = 2.530000./ phi_m, min: -0.001022 at y = 2.746367
phi_e, max: -3.180855 at y = 2.533213, phi_e, min: -3.181336 at y = 2.829396
phi_m, max: 0.114028 at y = 2.530000./ phi_m, min: 0.000000 at y = 2.530000
phi_e, max: 14.403599 at y = 2.533213, phi_e, min: 14.397204 at y = 2.829396
phi_m, max: 7.756563 at y = 2.530000./ phi_m, min: 0.000000 at y = 2.530000
phi_e, max: -35.307889 at y = 2.533213, phi_e, min: -35.737088 at y = 2.829396
phi_m, max: 115.332050 at y = 2.531787./ phi_m, min: 0.000000 at y = 2.530000
phi_e, max: 0.489603 at y = 2.744413, phi_e, min: -9.655536 at y = 2.536787
phi_m, max: 115.777501 at y = 2.748213./ phi_m, min: 0.000000 at y = 2.530000
phi_e, max: -2.343048 at y = 2.615503, phi_e, min: -3.182951 at y = 2.748213
phi_m, max: 105.665313 at y = 2.749413./ phi_m, min: 0.000000 at y = 2.530000
phi_e, max: 0.475980 at y = 2.626914, phi_e, min: 0.007653 at y = 2.748213
phi_m, max: 87.972268 at y = 2.835714./ phi_m, min: 0.000000 at y = 2.530000
phi_e, max: -21.214808 at y = 2.625714, phi_e, min: -21.588841 at y = 2.748213
phi_m, max: 68.067333 at y = 2.835714./ phi_m, min: 0.000000 at y = 2.530000
phi_e, max: 40.923997 at y = 2.625714, phi_e, min: 40.649419 at y = 2.748213
phi_m, max: 49.043760 at y = 2.835714./ phi_m, min: 0.000000 at y = 2.530000
phi_e, max: 2.832828 at y = 2.634726, phi_e, min: 2.656571 at y = 2.748213
phi_m, max: 31.804633 at y = 2.835714./ phi_m, min: 0.000000 at y = 2.530000
phi_e, max: 1.602563 at y = 2.571928, phi_e, min: 1.325706 at y = 2.748213


phi_m, max: 115.885200 at y = 0.226426./ phi_m, min: 0.000000 at y = 0.220000
phi_e, max: 5.572332 at y = 0.497143, phi_e, min: 3.978198 at y = 0.220587
phi_m, max: 113.657914 at y = 0.438376./ phi_m, min: 0.000000 at y = 0.220000
phi_e, max: -8.088097 at y = 0.315714, phi_e, min: -9.004554 at y = 0.439413
phi_m, max: 99.931645 at y = 0.439413./ phi_m, min: 0.000000 at y = 0.220000
phi_e, max: -6.502838 at y = 0.318676, phi_e, min: -7.112208 at y = 0.438213
phi_m, max: 80.920607 at y = 0.440000./ phi_m, min: 0.000000 at y = 0.220000
phi_e, max: -1.427514 at y = 0.312358, phi_e, min: -1.939219 at y = 0.438213
phi_m, max: 60.907237 at y = 0.468571./ phi_m, min: 0.000000 at y = 0.220000
phi_e, max: 10.492657 at y = 0.305503, phi_e, min: 10.106015 at y = 0.438213
phi_m, max: 42.829641 at y = 0.468571./ phi_m, min: 0.000000 at y = 0.220000
phi_e, max: -30.536771 at y = 0.289300, phi_e, min: -30.880647 at y = 0.438213
phi_m, max: 24.293085 at y = 0.468571./ phi_m, min: 0.000000 at y = 0.220000
phi_e, max: -5.043020 at y = 0.221787, phi_e, min: -5.560993 at y = 0.497143
phi_m, max: 5.065640 at y = 0.468571./ phi_m, min: 0.000000 at y = 0.220000
phi_e, max: -1.908688 at y = 0.436787, phi_e, min: -2.001149 at y = 0.303346
phi_m, max: 0.399805 at y = 0.468571./ phi_m, min: -0.220492 at y = 0.220587
phi_e, max: 1.003114 at y = 0.438213, phi_e, min: 0.985430 at y = 0.305503
phi_m, max: -0.000000 at y = 0.220000./ phi_m, min: -0.381756 at y = 0.221624
phi_e, max: -20.996967 at y = 0.220587, phi_e, min: -21.003289 at y = 0.356654
phi_m, max: -0.000000 at y = 0.220000./ phi_m, min: -0.467576 at y = 0.222542
phi_e, max: 41.620800 at y = 0.220587, phi_e, min: 41.614780 at y = 0.362646
phi_m, max: -0.000000 at y = 0.220000./ phi_m, min: -0.509616 at y = 0.223633
phi_e, max: 2.832787 at y = 0.220587, phi_e, min: 2.827478 at y = 0.350604
phi_m, max: -0.000000 at y = 0.220000./ phi_m, min: -0.520009 at y = 0.225449
phi_e, max: 1.632002 at y = 0.221787, phi_e, min: 1.627363 at y = 0.344286


phi_m, max: -0.000000 at y = 1.938571./ phi_m, min: -0.001147 at y = 2.115168
phi_e, max: 5.619990 at y = 2.115587, phi_e, min: 5.619981 at y = 1.948782
phi_m, max: -0.000000 at y = 1.938571./ phi_m, min: -0.001093 at y = 2.117458
phi_e, max: -10.680076 at y = 1.910000, phi_e, min: -10.680152 at y = 1.956932
phi_m, max: 0.006349 at y = 1.916318./ phi_m, min: -0.000539 at y = 2.118376
phi_e, max: 2.180543 at y = 1.910000, phi_e, min: 2.179723 at y = 1.956932
phi_m, max: 0.580125 at y = 1.916318./ phi_m, min: 0.000000 at y = 1.938571
phi_e, max: -3.131556 at y = 1.910000, phi_e, min: -3.195817 at y = 1.956932
phi_m, max: 7.976606 at y = 1.910000./ phi_m, min: 0.000000 at y = 1.938571
phi_e, max: 14.721723 at y = 2.113213, phi_e, min: 14.228766 at y = 1.920211
phi_m, max: 115.887675 at y = 2.113633./ phi_m, min: 0.000000 at y = 1.938571
phi_e, max: -31.411739 at y = 1.935215, phi_e, min: -35.413574 at y = 2.118213
phi_m, max: 109.542520 at y = 2.119413./ phi_m, min: 0.000000 at y = 1.938571
phi_e, max: -5.600675 at y = 1.935215, phi_e, min: -6.305782 at y = 2.118213
phi_m, max: 93.662361 at y = 2.262857./ phi_m, min: 0.000000 at y = 1.938571
phi_e, max: -2.015944 at y = 1.941928, phi_e, min: -2.521416 at y = 2.118213
phi_m, max: 74.089451 at y = 2.262857./ phi_m, min: 0.000000 at y = 1.938571
phi_e, max: 0.732730 at y = 1.941928, phi_e, min: 0.359393 at y = 2.118213
phi_m, max: 54.457445 at y = 2.262857./ phi_m, min: 0.000000 at y = 1.938571
phi_e, max: -20.998368 at y = 1.948782, phi_e, min: -21.252915 at y = 2.118213
phi_m, max: 37.093054 at y = 2.262857./ phi_m, min: 0.000000 at y = 1.938571
phi_e, max: 41.092061 at y = 1.920211, phi_e, min: 40.856305 at y = 2.118213
phi_m, max: 16.436476 at y = 2.262857./ phi_m, min: 0.000000 at y = 1.938571
phi_e, max: 2.995012 at y = 2.113213, phi_e, min: 2.906943 at y = 1.935215
phi_m, max: 2.451141 at y = 2.262857./ phi_m, min: 0.000000 at y = 1.938571
phi_e, max: 1.706491 at y = 2.116787, phi_e, min: 1.650742 at y = 1.928360


phi_m, max: 1.162121 at y = 0.764286./ phi_m, min: 0.000000 at y = 0.850000
phi_e, max: 5.746486 at y = 0.851787, phi_e, min: 5.627931 at y = 1.098571
phi_m, max: 101.329507 at y = 0.764286./ phi_m, min: 0.000000 at y = 0.850000
phi_e, max: -8.899549 at y = 0.855587, phi_e, min: -10.457722 at y = 1.011869
phi_m, max: 115.701813 at y = 1.061787./ phi_m, min: 0.000000 at y = 0.850000
phi_e, max: -7.264433 at y = 0.782646, phi_e, min: -9.482873 at y = 1.066787
phi_m, max: 110.602250 at y = 1.069413./ phi_m, min: 0.000000 at y = 0.850000
phi_e, max: -1.841198 at y = 0.961918, phi_e, min: -2.227364 at y = 0.851787
phi_m, max: 94.760776 at y = 1.069413./ phi_m, min: 0.000000 at y = 0.850000
phi_e, max: 10.162382 at y = 0.955925, phi_e, min: 9.843736 at y = 1.064413
phi_m, max: 75.102512 at y = 1.070000./ phi_m, min: 0.000000 at y = 0.850000
phi_e, max: -30.858033 at y = 0.949071, phi_e, min: -31.117220 at y = 1.064413
phi_m, max: 55.362354 at y = 1.070000./ phi_m, min: 0.000000 at y = 0.850000
phi_e, max: -5.562134 at y = 0.954726, phi_e, min: -5.742451 at y = 1.064413
phi_m, max: 37.906643 at y = 1.070000./ phi_m, min: 0.000000 at y = 0.850000
phi_e, max: -1.890465 at y = 0.764286, phi_e, min: -2.114202 at y = 1.064413
phi_m, max: 17.394693 at y = 1.070000./ phi_m, min: 0.000000 at y = 0.850000
phi_e, max: 1.049186 at y = 0.854832, phi_e, min: 0.926594 at y = 1.009176
phi_m, max: 2.791392 at y = 1.070000./ phi_m, min: 0.000000 at y = 0.850000
phi_e, max: -20.964110 at y = 1.065587, phi_e, min: -20.999254 at y = 0.782646
phi_m, max: 0.098693 at y = 1.070000./ phi_m, min: -0.313488 at y = 0.764286
phi_e, max: 41.621135 at y = 1.066787, phi_e, min: 41.616674 at y = 0.933346
phi_m, max: -0.000000 at y = 0.850000./ phi_m, min: -0.430131 at y = 0.764286
phi_e, max: 2.830825 at y = 0.850587, phi_e, min: 2.828607 at y = 0.977642
phi_m, max: -0.000000 at y = 0.850000./ phi_m, min: -0.491144 at y = 0.851175
phi_e, max: 1.631323 at y = 0.851787, phi_e, min: 1.628770 at y = 0.977642


phi_m, max: 0.004478 at y = 1.365714./ phi_m, min: -0.000559 at y = 1.487458
phi_e, max: 5.620523 at y = 1.481787, phi_e, min: 5.620081 at y = 1.690000
phi_m, max: 0.185100 at y = 1.365714./ phi_m, min: 0.000000 at y = 1.451429
phi_e, max: -10.662286 at y = 1.481787, phi_e, min: -10.676793 at y = 1.690000
phi_m, max: 2.046201 at y = 1.365714./ phi_m, min: 0.000000 at y = 1.451429
phi_e, max: 2.375620 at y = 1.481787, phi_e, min: 2.216403 at y = 1.690000
phi_m, max: 114.767189 at y = 1.480587./ phi_m, min: 0.000000 at y = 1.451429
phi_e, max: -0.140884 at y = 1.690000, phi_e, min: -4.155988 at y = 1.484551
phi_m, max: 113.142496 at y = 1.690000./ phi_m, min: 0.000000 at y = 1.451429
phi_e, max: 10.379736 at y = 1.690000, phi_e, min: 9.660769 at y = 1.481787
phi_m, max: 99.314711 at y = 1.690000./ phi_m, min: 0.000000 at y = 1.451429
phi_e, max: -30.725257 at y = 1.651218, phi_e, min: -31.261819 at y = 1.481787
phi_m, max: 80.317586 at y = 1.690000./ phi_m, min: 0.000000 at y = 1.451429
phi_e, max: -5.460593 at y = 1.651218, phi_e, min: -5.850996 at y = 1.481787
phi_m, max: 60.271316 at y = 1.690000./ phi_m, min: 0.000000 at y = 1.451429
phi_e, max: -1.852700 at y = 1.651218, phi_e, min: -2.113009 at y = 1.481787
phi_m, max: 42.204270 at y = 1.690000./ phi_m, min: 0.000000 at y = 1.451429
phi_e, max: 0.855931 at y = 1.651218, phi_e, min: 0.633758 at y = 1.481787
phi_m, max: 23.394787 at y = 1.690000./ phi_m, min: 0.000000 at y = 1.451429
phi_e, max: -20.907302 at y = 1.481787, phi_e, min: -20.973233 at y = 1.690000
phi_m, max: 4.583201 at y = 1.690000./ phi_m, min: 0.000000 at y = 1.451429
phi_e, max: 41.685736 at y = 1.485587, phi_e, min: 41.590095 at y = 1.690000
phi_m, max: 0.314277 at y = 1.690000./ phi_m, min: -0.137545 at y = 1.365714
phi_e, max: 2.838001 at y = 1.486787, phi_e, min: 2.825327 at y = 1.651218
phi_m, max: -0.000000 at y = 1.451429./ phi_m, min: -0.354903 at y = 1.365714
phi_e, max: 1.631205 at y = 1.480587, phi_e, min: 1.627944 at y = 1.651218


phi_m, max: 112.889024 at y = 0.220000./ phi_m, min: 0.000000 at y = -0.010000
phi_e, max: 4.045667 at y = 0.220000, phi_e, min: 3.696010 at y = 0.000587
phi_m, max: 98.755024 at y = 0.220000./ phi_m, min: 0.000000 at y = -0.010000
phi_e, max: -8.561769 at y = 0.220000, phi_e, min: -8.714841 at y = 0.000587
phi_m, max: 79.667367 at y = 0.220000./ phi_m, min: 0.000000 at y = -0.010000
phi_e, max: -6.858655 at y = 0.220000, phi_e, min: -6.899140 at y = 0.000587
phi_m, max: 59.698380 at y = 0.220000./ phi_m, min: 0.000000 at y = -0.010000
phi_e, max: -1.607974 at y = 0.016787, phi_e, min: -1.662972 at y = 0.220000
phi_m, max: 41.845566 at y = 0.220000./ phi_m, min: 0.000000 at y = -0.010000
phi_e, max: 10.433197 at y = 0.016787, phi_e, min: 10.358668 at y = 0.220000
phi_m, max: 23.422324 at y = 0.220000./ phi_m, min: 0.000000 at y = -0.010000
phi_e, max: -30.364982 at y = 0.016787, phi_e, min: -30.584992 at y = 0.220000
phi_m, max: 4.593064 at y = 0.220000./ phi_m, min: 0.000000 at y = -0.010000
phi_e, max: -4.946055 at y = 0.015587, phi_e, min: -5.056647 at y = 0.220000
phi_m, max: 0.330641 at y = 0.220000./ phi_m, min: 0.000000 at y = -0.010000
phi_e, max: -1.963699 at y = 0.018213, phi_e, min: -1.971537 at y = 0.191429
phi_m, max: -0.000000 at y = -0.010000./ phi_m, min: -0.220056 at y = 0.220000
phi_e, max: 0.991991 at y = 0.220000, phi_e, min: 0.989588 at y = 0.013213
phi_m, max: -0.000000 at y = -0.010000./ phi_m, min: -0.377987 at y = 0.220000
phi_e, max: -20.997012 at y = 0.220000, phi_e, min: -20.998549 at y = 0.013213
phi_m, max: -0.000000 at y = -0.010000./ phi_m, min: -0.460338 at y = 0.220000
phi_e, max: 41.620758 at y = 0.220000, phi_e, min: 41.620213 at y = 0.013213
phi_m, max: -0.000000 at y = -0.010000./ phi_m, min: -0.498454 at y = 0.220000
phi_e, max: 2.833086 at y = 0.019413, phi_e, min: 2.832409 at y = 0.220000
phi_m, max: -0.000000 at y = -0.010000./ phi_m, min: -0.504746 at y = 0.220000
phi_e, max: 1.632685 at y = 0.019413, phi_e, min: 1.631656 at y = 0.220000


phi_m, max: -0.000000 at y = 3.160000./ phi_m, min: -0.001146 at y = 3.375587
phi_e, max: 5.619987 at y = 3.378213, phi_e, min: 5.619978 at y = 3.264726
phi_m, max: -0.000000 at y = 3.160000./ phi_m, min: -0.001155 at y = 3.375587
phi_e, max: -10.680130 at y = 3.378213, phi_e, min: -10.680138 at y = 3.264726
phi_m, max: -0.000000 at y = 3.160000./ phi_m, min: -0.001147 at y = 3.375587
phi_e, max: 2.179913 at y = 3.378213, phi_e, min: 2.179905 at y = 3.264726
phi_m, max: -0.000000 at y = 3.160000./ phi_m, min: -0.001135 at y = 3.375587
phi_e, max: -3.181344 at y = 3.163213, phi_e, min: -3.181354 at y = 3.274075
phi_m, max: -0.000000 at y = 3.160000./ phi_m, min: -0.001117 at y = 3.376367
phi_e, max: 14.397127 at y = 3.161787, phi_e, min: 14.397079 at y = 3.319176
phi_m, max: 0.021353 at y = 3.131429./ phi_m, min: -0.000604 at y = 3.378376
phi_e, max: -35.742276 at y = 3.161787, phi_e, min: -35.745356 at y = 3.402253
phi_m, max: 0.214903 at y = 3.131429./ phi_m, min: 0.000000 at y = 3.160000
phi_e, max: 0.096465 at y = 3.161787, phi_e, min: 0.066794 at y = 3.402253
phi_m, max: 14.191443 at y = 3.131429./ phi_m, min: 0.000000 at y = 3.160000
phi_e, max: -1.255651 at y = 3.161787, phi_e, min: -3.206548 at y = 3.402253
phi_m, max: 115.898083 at y = 3.165168./ phi_m, min: 0.000000 at y = 3.160000
phi_e, max: 6.018288 at y = 3.376787, phi_e, min: 0.403701 at y = 3.161787
phi_m, max: 114.549507 at y = 3.378213./ phi_m, min: 0.000000 at y = 3.160000
phi_e, max: -20.883690 at y = 3.237354, phi_e, min: -22.492196 at y = 3.379413
phi_m, max: 101.791639 at y = 3.379413./ phi_m, min: 0.000000 at y = 3.160000
phi_e, max: 41.281107 at y = 3.255714, phi_e, min: 40.521745 at y = 3.379413
phi_m, max: 83.082357 at y = 3.380000./ phi_m, min: 0.000000 at y = 3.160000
phi_e, max: 3.101231 at y = 3.252358, phi_e, min: 2.474662 at y = 3.379413
phi_m, max: 63.022105 at y = 3.408571./ phi_m, min: 0.000000 at y = 3.160000
phi_e, max: 1.649128 at y = 3.249396, phi_e, min: 1.186967 at y = 3.379413


phi_m, max: -0.000000 at y = 1.690000./ phi_m, min: -0.001125 at y = 1.906787
phi_e, max: 5.620104 at y = 1.632857, phi_e, min: 5.619981 at y = 1.947583
phi_m, max: 0.022215 at y = 1.661429./ phi_m, min: -0.000572 at y = 1.908376
phi_e, max: -10.676039 at y = 1.632857, phi_e, min: -10.680156 at y = 1.948782
phi_m, max: 0.253723 at y = 1.661429./ phi_m, min: 0.000000 at y = 1.690000
phi_e, max: 2.224669 at y = 1.632857, phi_e, min: 2.179681 at y = 1.948782
phi_m, max: 20.120537 at y = 1.661429./ phi_m, min: 0.000000 at y = 1.690000
phi_e, max: -0.086107 at y = 1.691787, phi_e, min: -3.199144 at y = 1.948782
phi_m, max: 115.931829 at y = 1.696426./ phi_m, min: 0.000000 at y = 1.690000
phi_e, max: 14.361148 at y = 1.908213, phi_e, min: 10.293112 at y = 1.690587
phi_m, max: 114.220238 at y = 1.908376./ phi_m, min: 0.000000 at y = 1.690000
phi_e, max: -30.244217 at y = 1.782358, phi_e, min: -31.538784 at y = 1.967143
phi_m, max: 101.058067 at y = 1.909413./ phi_m, min: 0.000000 at y = 1.690000
phi_e, max: -5.004213 at y = 1.794726, phi_e, min: -5.655750 at y = 1.909413
phi_m, max: 82.225182 at y = 1.910000./ phi_m, min: 0.000000 at y = 1.690000
phi_e, max: -1.527612 at y = 1.789071, phi_e, min: -2.059176 at y = 1.908213
phi_m, max: 62.171525 at y = 1.935215./ phi_m, min: 0.000000 at y = 1.690000
phi_e, max: 1.090590 at y = 1.789071, phi_e, min: 0.700745 at y = 1.908213
phi_m, max: 43.908693 at y = 1.935215./ phi_m, min: 0.000000 at y = 1.690000
phi_e, max: -20.734367 at y = 1.795925, phi_e, min: -21.026469 at y = 1.908213
phi_m, max: 25.697686 at y = 1.935215./ phi_m, min: 0.000000 at y = 1.690000
phi_e, max: 41.601928 at y = 1.632857, phi_e, min: 41.082661 at y = 1.908213
phi_m, max: 5.741435 at y = 1.935215./ phi_m, min: 0.000000 at y = 1.690000
phi_e, max: 2.913978 at y = 1.908213, phi_e, min: 2.807198 at y = 1.763461
phi_m, max: 0.496465 at y = 1.935215./ phi_m, min: -0.250148 at y = 1.661429
phi_e, max: 1.652602 at y = 1.967143, phi_e, min: 1.626589 at y = 1.746932


phi_m, max: -0.000000 at y = 3.580000./ phi_m, min: -0.001150 at y = 3.585168
phi_e, max: 5.619994 at y = 3.585587, phi_e, min: 5.619986 at y = 3.380000
phi_m, max: -0.000000 at y = 3.580000./ phi_m, min: -0.001159 at y = 3.585168
phi_e, max: -10.680122 at y = 3.585587, phi_e, min: -10.680131 at y = 3.380000
phi_m, max: -0.000000 at y = 3.580000./ phi_m, min: -0.001150 at y = 3.585168
phi_e, max: 2.179921 at y = 3.585587, phi_e, min: 2.179913 at y = 3.380000
phi_m, max: -0.000000 at y = 3.580000./ phi_m, min: -0.001140 at y = 3.585168
phi_e, max: -3.181338 at y = 3.585587, phi_e, min: -3.181346 at y = 3.380000
phi_m, max: -0.000000 at y = 3.580000./ phi_m, min: -0.001129 at y = 3.585168
phi_e, max: 14.397092 at y = 3.585587, phi_e, min: 14.397084 at y = 3.408571
phi_m, max: -0.000000 at y = 3.580000./ phi_m, min: -0.001069 at y = 3.587458
phi_e, max: -35.745301 at y = 3.583213, phi_e, min: -35.745353 at y = 3.408571
phi_m, max: 0.004458 at y = 3.386318./ phi_m, min: -0.000684 at y = 3.588376
phi_e, max: 0.067252 at y = 3.583213, phi_e, min: 0.066822 at y = 3.408571
phi_m, max: 0.357869 at y = 3.386318./ phi_m, min: 0.000000 at y = 3.580000
phi_e, max: -3.177393 at y = 3.583213, phi_e, min: -3.204735 at y = 3.408571
phi_m, max: 5.878161 at y = 3.380000./ phi_m, min: 0.000000 at y = 3.580000
phi_e, max: 6.243321 at y = 3.583213, phi_e, min: 5.693811 at y = 3.380000
phi_m, max: 115.889634 at y = 3.582542./ phi_m, min: 0.000000 at y = 3.580000
phi_e, max: -22.354178 at y = 3.380000, phi_e, min: -27.748651 at y = 3.588213
phi_m, max: 110.175088 at y = 3.589413./ phi_m, min: 0.000000 at y = 3.580000
phi_e, max: 40.581224 at y = 3.380000, phi_e, min: 39.862127 at y = 3.588213
phi_m, max: 94.316631 at y = 3.704286./ phi_m, min: 0.000000 at y = 3.580000
phi_e, max: 2.522793 at y = 3.380000, phi_e, min: 1.960000 at y = 3.588213
phi_m, max: 74.803202 at y = 3.704286./ phi_m, min: 0.000000 at y = 3.580000
phi_e, max: 1.222631 at y = 3.380000, phi_e, min: 0.808612 at y = 3.588213


phi_m, max: -0.000000 at y = 3.790000./ phi_m, min: -0.001150 at y = 3.794832
phi_e, max: 5.619993 at y = 3.793213, phi_e, min: 5.619981 at y = 4.010000
phi_m, max: -0.000000 at y = 3.790000./ phi_m, min: -0.001159 at y = 3.794832
phi_e, max: -10.680123 at y = 3.793213, phi_e, min: -10.680135 at y = 4.010000
phi_m, max: -0.000000 at y = 3.790000./ phi_m, min: -0.001151 at y = 3.794832
phi_e, max: 2.179920 at y = 3.793213, phi_e, min: 2.179908 at y = 4.010000
phi_m, max: -0.000000 at y = 3.790000./ phi_m, min: -0.001140 at y = 3.794832
phi_e, max: -3.181339 at y = 3.793213, phi_e, min: -3.181351 at y = 4.010000
phi_m, max: -0.000000 at y = 3.790000./ phi_m, min: -0.001130 at y = 3.794832
phi_e, max: 14.397091 at y = 3.793213, phi_e, min: 14.397080 at y = 4.010000
phi_m, max: -0.000000 at y = 3.790000./ phi_m, min: -0.001115 at y = 3.795587
phi_e, max: -35.745319 at y = 3.793213, phi_e, min: -35.745336 at y = 4.010000
phi_m, max: -0.000000 at y = 3.790000./ phi_m, min: -0.001056 at y = 3.796787
phi_e, max: 0.067094 at y = 3.791787, phi_e, min: 0.067032 at y = 4.010000
phi_m, max: 0.028202 at y = 3.704286./ phi_m, min: 0.000000 at y = 3.790000
phi_e, max: -3.187585 at y = 3.791787, phi_e, min: -3.190807 at y = 4.010000
phi_m, max: 0.463353 at y = 3.704286./ phi_m, min: 0.000000 at y = 3.790000
phi_e, max: 6.081606 at y = 3.791787, phi_e, min: 6.030650 at y = 4.010000
phi_m, max: 79.007724 at y = 3.704286./ phi_m, min: 0.000000 at y = 3.790000
phi_e, max: -24.640106 at y = 3.793213, phi_e, min: -29.835984 at y = 4.010000
phi_m, max: 115.471142 at y = 3.798376./ phi_m, min: 0.000000 at y = 3.790000
phi_e, max: 41.829811 at y = 4.010000, phi_e, min: 39.925679 at y = 3.791787
phi_m, max: 105.755107 at y = 4.000000./ phi_m, min: 0.000000 at y = 3.790000
phi_e, max: 2.923958 at y = 4.010000, phi_e, min: 2.025797 at y = 3.791787
phi_m, max: 88.129765 at y = 4.000000./ phi_m, min: 0.000000 at y = 3.790000
phi_e, max: 1.534847 at y = 4.010000, phi_e, min: 0.856088 at y = 3.791787


phi_m, max: 0.190458 at y = 1.060000./ phi_m, min: 0.000000 at y = 1.070000
phi_e, max: 5.632505 at y = 1.063213, phi_e, min: 5.620310 at y = 1.362358
phi_m, max: 6.364808 at y = 1.060000./ phi_m, min: 0.000000 at y = 1.070000
phi_e, max: -10.280745 at y = 1.063213, phi_e, min: -10.669249 at y = 1.362358
phi_m, max: 115.689359 at y = 1.061787./ phi_m, min: 0.000000 at y = 1.070000
phi_e, max: 2.594853 at y = 1.274413, phi_e, min: -9.503351 at y = 1.066787
phi_m, max: 115.621804 at y = 1.278213./ phi_m, min: 0.000000 at y = 1.070000
phi_e, max: -1.839447 at y = 1.154515, phi_e, min: -2.563333 at y = 1.278213
phi_m, max: 104.779568 at y = 1.279413./ phi_m, min: 0.000000 at y = 1.070000
phi_e, max: 10.174467 at y = 1.164726, phi_e, min: 9.769419 at y = 1.278213
phi_m, max: 86.894250 at y = 1.365714./ phi_m, min: 0.000000 at y = 1.070000
phi_e, max: -30.858206 at y = 1.164726, phi_e, min: -31.176820 at y = 1.278213
phi_m, max: 66.956446 at y = 1.365714./ phi_m, min: 0.000000 at y = 1.070000
phi_e, max: -5.557234 at y = 1.164726, phi_e, min: -5.786806 at y = 1.278213
phi_m, max: 48.064310 at y = 1.365714./ phi_m, min: 0.000000 at y = 1.070000
phi_e, max: -1.937380 at y = 1.175274, phi_e, min: -2.114068 at y = 1.064413
phi_m, max: 30.754905 at y = 1.365714./ phi_m, min: 0.000000 at y = 1.070000
phi_e, max: 0.942579 at y = 1.061787, phi_e, min: 0.685997 at y = 1.278213
phi_m, max: 9.379335 at y = 1.365714./ phi_m, min: 0.000000 at y = 1.070000
phi_e, max: -20.884243 at y = 1.275587, phi_e, min: -20.993460 at y = 1.137354
phi_m, max: 1.026353 at y = 1.365714./ phi_m, min: -0.182216 at y = 1.060000
phi_e, max: 41.648985 at y = 1.278213, phi_e, min: 41.617814 at y = 1.118131
phi_m, max: -0.000000 at y = 1.070000./ phi_m, min: -0.373677 at y = 1.060000
phi_e, max: 2.832747 at y = 1.279413, phi_e, min: 2.828786 at y = 1.133461
phi_m, max: -0.000000 at y = 1.070000./ phi_m, min: -0.461864 at y = 1.060587
phi_e, max: 1.630597 at y = 1.279413, phi_e, min: 1.628698 at y = 1.159071


phi_m, max: 12.401412 at y = 0.468571./ phi_m, min: 0.000000 at y = 0.640000
phi_e, max: 6.225881 at y = 0.643213, phi_e, min: 5.549122 at y = 0.468571
phi_m, max: 115.915580 at y = 0.644832./ phi_m, min: 0.000000 at y = 0.640000
phi_e, max: -8.899324 at y = 0.471928, phi_e, min: -11.171729 at y = 0.648213
phi_m, max: 108.750059 at y = 0.649413./ phi_m, min: 0.000000 at y = 0.640000
phi_e, max: -7.040250 at y = 0.478782, phi_e, min: -7.649416 at y = 0.648213
phi_m, max: 92.535536 at y = 0.792857./ phi_m, min: 0.000000 at y = 0.640000
phi_e, max: -1.884639 at y = 0.478782, phi_e, min: -2.334205 at y = 0.648213
phi_m, max: 72.865358 at y = 0.792857./ phi_m, min: 0.000000 at y = 0.640000
phi_e, max: 10.144042 at y = 0.478782, phi_e, min: 9.814067 at y = 0.648213
phi_m, max: 53.334603 at y = 0.792857./ phi_m, min: 0.000000 at y = 0.640000
phi_e, max: -30.851979 at y = 0.478782, phi_e, min: -31.077134 at y = 0.648213
phi_m, max: 36.040488 at y = 0.792857./ phi_m, min: 0.000000 at y = 0.640000
phi_e, max: -5.556317 at y = 0.471534, phi_e, min: -5.767217 at y = 0.646787
phi_m, max: 15.062472 at y = 0.792857./ phi_m, min: 0.000000 at y = 0.640000
phi_e, max: -1.825739 at y = 0.644413, phi_e, min: -1.918651 at y = 0.478782
phi_m, max: 2.127801 at y = 0.792857./ phi_m, min: 0.000000 at y = 0.640000
phi_e, max: 1.046620 at y = 0.646787, phi_e, min: 1.001249 at y = 0.471928
phi_m, max: 0.016234 at y = 0.792857./ phi_m, min: -0.227864 at y = 0.468571
phi_e, max: -20.994954 at y = 0.648213, phi_e, min: -21.001914 at y = 0.471928
phi_m, max: -0.000000 at y = 0.640000./ phi_m, min: -0.389216 at y = 0.468571
phi_e, max: 41.618448 at y = 0.649413, phi_e, min: 41.615842 at y = 0.478782
phi_m, max: -0.000000 at y = 0.640000./ phi_m, min: -0.467913 at y = 0.640587
phi_e, max: 2.831853 at y = 0.648213, phi_e, min: 2.829084 at y = 0.478782
phi_m, max: -0.000000 at y = 0.640000./ phi_m, min: -0.508697 at y = 0.642542
phi_e, max: 1.632400 at y = 0.645587, phi_e, min: 1.629361 at y = 0.478782


Writing: "Fiber2DEphapticPlaneL4rho4_13.chk"
 (0.00186865s, XML)
Steps: 14000000 Time: 1.4         
phi_m, max: -0.000000 at y = 3.580000./ phi_m, min: -0.001150 at y = 3.585168
phi_e, max: 5.619994 at y = 3.585587, phi_e, min: 5.619986 at y = 3.380000
phi_m, max: -0.000000 at y = 3.580000./ phi_m, min: -0.001159 at y = 3.585168
phi_e, max: -10.680122 at y = 3.585587, phi_e, min: -10.680131 at y = 3.380000
phi_m, max: -0.000000 at y = 3.580000./ phi_m, min: -0.001150 at y = 3.585168
phi_e, max: 2.179921 at y = 3.585587, phi_e, min: 2.179913 at y = 3.380000
phi_m, max: -0.000000 at y = 3.580000./ phi_m, min: -0.001140 at y = 3.585168
phi_e, max: -3.181338 at y = 3.585587, phi_e, min: -3.181346 at y = 3.380000
phi_m, max: -0.000000 at y = 3.580000./ phi_m, min: -0.001129 at y = 3.585168
phi_e, max: 14.397092 at y = 3.585587, phi_e, min: 14.397084 at y = 3.408571
phi_m, max: -0.000000 at y = 3.580000./ phi_m, min: -0.001069 at y = 3.587458
phi_e, max: -35.745301 at y = 3.583213, phi_e, min: -35.745353 at y = 3.408571
phi_m, max: 0.004458 at y = 3.386318./ phi_m, min: -0.000684 at y = 3.588376
phi_e, max: 0.067252 at y = 3.583213, phi_e, min: 0.066822 at y = 3.408571
phi_m, max: 0.357869 at y = 3.386318./ phi_m, min: 0.000000 at y = 3.580000
phi_e, max: -3.177393 at y = 3.583213, phi_e, min: -3.204735 at y = 3.408571
phi_m, max: 5.878161 at y = 3.380000./ phi_m, min: 0.000000 at y = 3.580000
phi_e, max: 6.243321 at y = 3.583213, phi_e, min: 5.693811 at y = 3.380000
phi_m, max: 115.889634 at y = 3.582542./ phi_m, min: 0.000000 at y = 3.580000
phi_e, max: -22.354178 at y = 3.380000, phi_e, min: -27.748651 at y = 3.588213
phi_m, max: 110.175088 at y = 3.589413./ phi_m, min: 0.000000 at y = 3.580000
phi_e, max: 40.581224 at y = 3.380000, phi_e, min: 39.862127 at y = 3.588213
phi_m, max: 94.316631 at y = 3.704286./ phi_m, min: 0.000000 at y = 3.580000
phi_e, max: 2.522793 at y = 3.380000, phi_e, min: 1.960000 at y = 3.588213
phi_m, max: 74.803202 at y = 3.704286./ phi_m, min: 0.000000 at y = 3.580000
phi_e, max: 1.222631 at y = 3.380000, phi_e, min: 0.808612 at y = 3.588213
phi_m, max: 55.123641 at y = 3.704286./ phi_m, min: 0.000000 at y = 3.580000
phi_e, max: 2.599760 at y = 3.380000, phi_e, min: 2.321707 at y = 3.588213


phi_m, max: 12.401412 at y = 0.468571./ phi_m, min: 0.000000 at y = 0.640000
phi_e, max: 6.225881 at y = 0.643213, phi_e, min: 5.549122 at y = 0.468571
phi_m, max: 115.915580 at y = 0.644832./ phi_m, min: 0.000000 at y = 0.640000
phi_e, max: -8.899324 at y = 0.471928, phi_e, min: -11.171729 at y = 0.648213
phi_m, max: 108.750059 at y = 0.649413./ phi_m, min: 0.000000 at y = 0.640000
phi_e, max: -7.040250 at y = 0.478782, phi_e, min: -7.649416 at y = 0.648213
phi_m, max: 92.535536 at y = 0.792857./ phi_m, min: 0.000000 at y = 0.640000
phi_e, max: -1.884639 at y = 0.478782, phi_e, min: -2.334205 at y = 0.648213
phi_m, max: 72.865358 at y = 0.792857./ phi_m, min: 0.000000 at y = 0.640000
phi_e, max: 10.144042 at y = 0.478782, phi_e, min: 9.814067 at y = 0.648213
phi_m, max: 53.334603 at y = 0.792857./ phi_m, min: 0.000000 at y = 0.640000
phi_e, max: -30.851979 at y = 0.478782, phi_e, min: -31.077134 at y = 0.648213
phi_m, max: 36.040488 at y = 0.792857./ phi_m, min: 0.000000 at y = 0.640000
phi_e, max: -5.556317 at y = 0.471534, phi_e, min: -5.767217 at y = 0.646787
phi_m, max: 15.062472 at y = 0.792857./ phi_m, min: 0.000000 at y = 0.640000
phi_e, max: -1.825739 at y = 0.644413, phi_e, min: -1.918651 at y = 0.478782
phi_m, max: 2.127801 at y = 0.792857./ phi_m, min: 0.000000 at y = 0.640000
phi_e, max: 1.046620 at y = 0.646787, phi_e, min: 1.001249 at y = 0.471928
phi_m, max: 0.016234 at y = 0.792857./ phi_m, min: -0.227864 at y = 0.468571
phi_e, max: -20.994954 at y = 0.648213, phi_e, min: -21.001914 at y = 0.471928
phi_m, max: -0.000000 at y = 0.640000./ phi_m, min: -0.389216 at y = 0.468571
phi_e, max: 41.618448 at y = 0.649413, phi_e, min: 41.615842 at y = 0.478782
phi_m, max: -0.000000 at y = 0.640000./ phi_m, min: -0.467913 at y = 0.640587
phi_e, max: 2.831853 at y = 0.648213, phi_e, min: 2.829084 at y = 0.478782
phi_m, max: -0.000000 at y = 0.640000./ phi_m, min: -0.508697 at y = 0.642542
phi_e, max: 1.632400 at y = 0.645587, phi_e, min: 1.629361 at y = 0.478782
phi_m, max: -0.000000 at y = 0.640000./ phi_m, min: -0.520775 at y = 0.645168
phi_e, max: 2.646924 at y = 0.645587, phi_e, min: 2.643797 at y = 0.478782


phi_m, max: -0.000000 at y = 2.291429./ phi_m, min: -0.001147 at y = 2.324832
phi_e, max: 5.619988 at y = 2.324413, phi_e, min: 5.619983 at y = 2.431918
phi_m, max: -0.000000 at y = 2.291429./ phi_m, min: -0.001154 at y = 2.535168
phi_e, max: -10.680122 at y = 2.323213, phi_e, min: -10.680132 at y = 2.450604
phi_m, max: -0.000000 at y = 2.291429./ phi_m, min: -0.001131 at y = 2.536367
phi_e, max: 2.179987 at y = 2.205714, phi_e, min: 2.179916 at y = 2.485225
phi_m, max: 0.051613 at y = 2.234286./ phi_m, min: -0.000452 at y = 2.538825
phi_e, max: -3.175581 at y = 2.205714, phi_e, min: -3.181052 at y = 2.499272
phi_m, max: 0.700428 at y = 2.234286./ phi_m, min: 0.000000 at y = 2.291429
phi_e, max: 14.473822 at y = 2.205714, phi_e, min: 14.401012 at y = 2.499272
phi_m, max: 88.834615 at y = 2.234286./ phi_m, min: 0.000000 at y = 2.291429
phi_e, max: -32.440417 at y = 2.324413, phi_e, min: -35.514668 at y = 2.491218
phi_m, max: 115.368397 at y = 2.531787./ phi_m, min: 0.000000 at y = 2.291429
phi_e, max: -5.956020 at y = 2.230929, phi_e, min: -9.645766 at y = 2.535587
phi_m, max: 111.330249 at y = 2.539413./ phi_m, min: 0.000000 at y = 2.291429
phi_e, max: -2.188073 at y = 2.422276, phi_e, min: -2.642843 at y = 2.535587
phi_m, max: 95.891732 at y = 2.539413./ phi_m, min: 0.000000 at y = 2.291429
phi_e, max: 0.587113 at y = 2.416914, phi_e, min: 0.202112 at y = 2.535587
phi_m, max: 76.342190 at y = 2.540000./ phi_m, min: 0.000000 at y = 2.291429
phi_e, max: -21.118533 at y = 2.412358, phi_e, min: -21.430561 at y = 2.535587
phi_m, max: 56.515254 at y = 2.540000./ phi_m, min: 0.000000 at y = 2.291429
phi_e, max: 40.989135 at y = 2.413557, phi_e, min: 40.769947 at y = 2.535587
phi_m, max: 38.949152 at y = 2.540000./ phi_m, min: 0.000000 at y = 2.291429
phi_e, max: 2.947139 at y = 2.205714, phi_e, min: 2.685971 at y = 2.534413
phi_m, max: 18.815293 at y = 2.540000./ phi_m, min: 0.000000 at y = 2.291429
phi_e, max: 1.717733 at y = 2.324832, phi_e, min: 1.588190 at y = 2.485225
phi_m, max: 3.172286 at y = 2.540000./ phi_m, min: 0.000000 at y = 2.291429
phi_e, max: 2.695301 at y = 2.535587, phi_e, min: 2.647587 at y = 2.230929


phi_m, max: -0.000000 at y = 3.790000./ phi_m, min: -0.001150 at y = 3.794832
phi_e, max: 5.619993 at y = 3.793213, phi_e, min: 5.619981 at y = 4.010000
phi_m, max: -0.000000 at y = 3.790000./ phi_m, min: -0.001159 at y = 3.794832
phi_e, max: -10.680123 at y = 3.793213, phi_e, min: -10.680135 at y = 4.010000
phi_m, max: -0.000000 at y = 3.790000./ phi_m, min: -0.001151 at y = 3.794832
phi_e, max: 2.179920 at y = 3.793213, phi_e, min: 2.179908 at y = 4.010000
phi_m, max: -0.000000 at y = 3.790000./ phi_m, min: -0.001140 at y = 3.794832
phi_e, max: -3.181339 at y = 3.793213, phi_e, min: -3.181351 at y = 4.010000
phi_m, max: -0.000000 at y = 3.790000./ phi_m, min: -0.001130 at y = 3.794832
phi_e, max: 14.397091 at y = 3.793213, phi_e, min: 14.397080 at y = 4.010000
phi_m, max: -0.000000 at y = 3.790000./ phi_m, min: -0.001115 at y = 3.795587
phi_e, max: -35.745319 at y = 3.793213, phi_e, min: -35.745336 at y = 4.010000
phi_m, max: -0.000000 at y = 3.790000./ phi_m, min: -0.001056 at y = 3.796787
phi_e, max: 0.067094 at y = 3.791787, phi_e, min: 0.067032 at y = 4.010000
phi_m, max: 0.028202 at y = 3.704286./ phi_m, min: 0.000000 at y = 3.790000
phi_e, max: -3.187585 at y = 3.791787, phi_e, min: -3.190807 at y = 4.010000
phi_m, max: 0.463353 at y = 3.704286./ phi_m, min: 0.000000 at y = 3.790000
phi_e, max: 6.081606 at y = 3.791787, phi_e, min: 6.030650 at y = 4.010000
phi_m, max: 79.007724 at y = 3.704286./ phi_m, min: 0.000000 at y = 3.790000
phi_e, max: -24.640106 at y = 3.793213, phi_e, min: -29.835984 at y = 4.010000
phi_m, max: 115.471142 at y = 3.798376./ phi_m, min: 0.000000 at y = 3.790000
phi_e, max: 41.829811 at y = 4.010000, phi_e, min: 39.925679 at y = 3.791787
phi_m, max: 105.755107 at y = 4.000000./ phi_m, min: 0.000000 at y = 3.790000
phi_e, max: 2.923958 at y = 4.010000, phi_e, min: 2.025797 at y = 3.791787
phi_m, max: 88.129765 at y = 4.000000./ phi_m, min: 0.000000 at y = 3.790000
phi_e, max: 1.534847 at y = 4.010000, phi_e, min: 0.856088 at y = 3.791787
phi_m, max: 68.087402 at y = 4.000000./ phi_m, min: 0.000000 at y = 3.790000
phi_e, max: 2.821122 at y = 4.010000, phi_e, min: 2.354172 at y = 3.791787


phi_m, max: -0.000000 at y = 4.000000./ phi_m, min: -0.001159 at y = 4.218213
phi_e, max: 5.619983 at y = 4.001787, phi_e, min: 5.619972 at y = 4.140489
phi_m, max: -0.000000 at y = 4.000000./ phi_m, min: -0.001168 at y = 4.218213
phi_e, max: -10.680133 at y = 4.001787, phi_e, min: -10.680145 at y = 4.140489
phi_m, max: -0.000000 at y = 4.000000./ phi_m, min: -0.001159 at y = 4.218213
phi_e, max: 2.179910 at y = 4.001787, phi_e, min: 2.179899 at y = 4.140489
phi_m, max: -0.000000 at y = 4.000000./ phi_m, min: -0.001148 at y = 4.218213
phi_e, max: -3.181349 at y = 4.001787, phi_e, min: -3.181360 at y = 4.140489
phi_m, max: -0.000000 at y = 4.000000./ phi_m, min: -0.001139 at y = 4.218213
phi_e, max: 14.397081 at y = 4.001787, phi_e, min: 14.397070 at y = 4.140489
phi_m, max: -0.000000 at y = 4.000000./ phi_m, min: -0.001130 at y = 4.218213
phi_e, max: -35.745334 at y = 4.001787, phi_e, min: -35.745346 at y = 4.142646
phi_m, max: -0.000000 at y = 4.000000./ phi_m, min: -0.001121 at y = 4.218213
phi_e, max: 0.067036 at y = 4.001787, phi_e, min: 0.067014 at y = 4.156213
phi_m, max: 0.002954 at y = 4.000000./ phi_m, min: -0.000984 at y = 4.218376
phi_e, max: -3.190686 at y = 4.000587, phi_e, min: -3.191399 at y = 4.184391
phi_m, max: 0.062853 at y = 4.000000./ phi_m, min: 0.000000 at y = 4.000000
phi_e, max: 6.032554 at y = 4.000587, phi_e, min: 6.021391 at y = 4.184785
phi_m, max: 7.468375 at y = 4.000000./ phi_m, min: 0.000000 at y = 4.000000
phi_e, max: -29.615414 at y = 4.000587, phi_e, min: -30.917936 at y = 4.184785
phi_m, max: 114.971247 at y = 4.000587./ phi_m, min: 0.000000 at y = 4.000000
phi_e, max: 49.924457 at y = 4.215587, phi_e, min: 40.753769 at y = 4.003213
phi_m, max: 116.071290 at y = 4.218376./ phi_m, min: 0.000000 at y = 4.000000
phi_e, max: 3.819160 at y = 4.134497, phi_e, min: 2.753618 at y = 4.000587
phi_m, max: 106.249479 at y = 4.219413./ phi_m, min: 0.000000 at y = 4.000000
phi_e, max: 2.214206 at y = 4.120929, phi_e, min: 1.391397 at y = 4.000587
phi_m, max: 88.424822 at y = 4.219413./ phi_m, min: 0.000000 at y = 4.000000
phi_e, max: 3.317562 at y = 4.111918, phi_e, min: 2.709004 at y = 4.000587


phi_m, max: -0.000000 at y = 2.530000./ phi_m, min: -0.001148 at y = 2.745168
phi_e, max: 5.619990 at y = 2.745587, phi_e, min: 5.619984 at y = 2.629071
phi_m, max: -0.000000 at y = 2.530000./ phi_m, min: -0.001157 at y = 2.745168
phi_e, max: -10.680127 at y = 2.745587, phi_e, min: -10.680132 at y = 2.634726
phi_m, max: -0.000000 at y = 2.530000./ phi_m, min: -0.001147 at y = 2.745168
phi_e, max: 2.179921 at y = 2.534413, phi_e, min: 2.179913 at y = 2.655485
phi_m, max: 0.007552 at y = 2.530000./ phi_m, min: -0.001022 at y = 2.746367
phi_e, max: -3.180855 at y = 2.533213, phi_e, min: -3.181336 at y = 2.829396
phi_m, max: 0.114028 at y = 2.530000./ phi_m, min: 0.000000 at y = 2.530000
phi_e, max: 14.403599 at y = 2.533213, phi_e, min: 14.397204 at y = 2.829396
phi_m, max: 7.756563 at y = 2.530000./ phi_m, min: 0.000000 at y = 2.530000
phi_e, max: -35.307889 at y = 2.533213, phi_e, min: -35.737088 at y = 2.829396
phi_m, max: 115.332050 at y = 2.531787./ phi_m, min: 0.000000 at y = 2.530000
phi_e, max: 0.489603 at y = 2.744413, phi_e, min: -9.655536 at y = 2.536787
phi_m, max: 115.777501 at y = 2.748213./ phi_m, min: 0.000000 at y = 2.530000
phi_e, max: -2.343048 at y = 2.615503, phi_e, min: -3.182951 at y = 2.748213
phi_m, max: 105.665313 at y = 2.749413./ phi_m, min: 0.000000 at y = 2.530000
phi_e, max: 0.475980 at y = 2.626914, phi_e, min: 0.007653 at y = 2.748213
phi_m, max: 87.972268 at y = 2.835714./ phi_m, min: 0.000000 at y = 2.530000
phi_e, max: -21.214808 at y = 2.625714, phi_e, min: -21.588841 at y = 2.748213
phi_m, max: 68.067333 at y = 2.835714./ phi_m, min: 0.000000 at y = 2.530000
phi_e, max: 40.923997 at y = 2.625714, phi_e, min: 40.649419 at y = 2.748213
phi_m, max: 49.043760 at y = 2.835714./ phi_m, min: 0.000000 at y = 2.530000
phi_e, max: 2.832828 at y = 2.634726, phi_e, min: 2.656571 at y = 2.748213
phi_m, max: 31.804633 at y = 2.835714./ phi_m, min: 0.000000 at y = 2.530000
phi_e, max: 1.602563 at y = 2.571928, phi_e, min: 1.325706 at y = 2.748213
phi_m, max: 10.311108 at y = 2.835714./ phi_m, min: 0.000000 at y = 2.530000
phi_e, max: 2.776780 at y = 2.745587, phi_e, min: 2.669291 at y = 2.603705



Time: 0.100000
CPU Time: 226.179154 min.
phi_m, max: -0.000000 at y = 2.950000./ phi_m, min: -0.001149 at y = 2.954832
phi_e, max: 5.619991 at y = 2.954413, phi_e, min: 5.619984 at y = 3.131429

Time: 0.200000
CPU Time: 229.022576 min.
phi_m, max: -0.000000 at y = 2.950000./ phi_m, min: -0.001158 at y = 2.954832
phi_e, max: -10.680125 at y = 2.954413, phi_e, min: -10.680132 at y = 3.131429

Time: 0.300000
CPU Time: 230.519171 min.
phi_m, max: -0.000000 at y = 2.950000./ phi_m, min: -0.001149 at y = 2.955168
phi_e, max: 2.179918 at y = 2.954413, phi_e, min: 2.179911 at y = 3.131429

Time: 0.400000
CPU Time: 230.305223 min.
phi_m, max: -0.000000 at y = 2.950000./ phi_m, min: -0.001113 at y = 2.956367
phi_e, max: -3.181324 at y = 2.953213, phi_e, min: -3.181345 at y = 3.131429

Time: 0.500000
CPU Time: 231.587102 min.
phi_m, max: 0.001731 at y = 2.807143./ phi_m, min: -0.000844 at y = 2.957458
phi_e, max: 14.397320 at y = 2.951787, phi_e, min: 14.397123 at y = 3.129272

Time: 0.600000
CPU Time: 233.287257 min.
phi_m, max: 0.193289 at y = 2.807143./ phi_m, min: 0.000000 at y = 2.950000
phi_e, max: -35.729326 at y = 2.951787, phi_e, min: -35.742456 at y = 3.129272

Time: 0.700000
CPU Time: 229.276461 min.
phi_m, max: 1.886920 at y = 2.807143./ phi_m, min: 0.000000 at y = 2.950000
phi_e, max: 0.221736 at y = 2.951787, phi_e, min: 0.094748 at y = 3.129272

Time: 0.800000
CPU Time: 218.640304 min.
phi_m, max: 114.163220 at y = 2.950587./ phi_m, min: 0.000000 at y = 2.950000
phi_e, max: -1.352408 at y = 3.128072, phi_e, min: -4.498676 at y = 2.953213

Time: 0.900000
CPU Time: 185.229565 min.
phi_m, max: 113.177929 at y = 3.131429./ phi_m, min: 0.000000 at y = 2.950000
phi_e, max: 0.476279 at y = 3.131429, phi_e, min: -0.160402 at y = 2.951787

Time: 1.000000
CPU Time: 188.330503 min.
phi_m, max: 99.605736 at y = 3.131429./ phi_m, min: 0.000000 at y = 2.950000
phi_e, max: -21.214467 at y = 3.131429, phi_e, min: -21.726633 at y = 2.951787

Time: 1.100000
CPU Time: 186.305354 min.
phi_m, max: 80.794714 at y = 3.131429./ phi_m, min: 0.000000 at y = 2.950000
phi_e, max: 40.921707 at y = 3.131429, phi_e, min: 40.547217 at y = 2.951787

Time: 1.200000
CPU Time: 185.679900 min.
phi_m, max: 60.781525 at y = 3.131429./ phi_m, min: 0.000000 at y = 2.950000
phi_e, max: 2.849251 at y = 3.131429, phi_e, min: 2.597192 at y = 2.951787

Time: 1.300000
CPU Time: 181.903559 min.
phi_m, max: 42.674095 at y = 3.131429./ phi_m, min: 0.000000 at y = 2.950000
phi_e, max: 1.472294 at y = 3.131429, phi_e, min: 1.262034 at y = 2.953213

Time: 1.400000
CPU Time: 185.788811 min.
phi_m, max: 24.089988 at y = 3.131429./ phi_m, min: 0.000000 at y = 2.950000
phi_e, max: 2.742951 at y = 2.807143, phi_e, min: 2.724305 at y = 2.959413


phi_m, max: 0.004478 at y = 1.365714./ phi_m, min: -0.000559 at y = 1.487458
phi_e, max: 5.620523 at y = 1.481787, phi_e, min: 5.620081 at y = 1.690000
phi_m, max: 0.185100 at y = 1.365714./ phi_m, min: 0.000000 at y = 1.451429
phi_e, max: -10.662286 at y = 1.481787, phi_e, min: -10.676793 at y = 1.690000
phi_m, max: 2.046201 at y = 1.365714./ phi_m, min: 0.000000 at y = 1.451429
phi_e, max: 2.375620 at y = 1.481787, phi_e, min: 2.216403 at y = 1.690000
phi_m, max: 114.767189 at y = 1.480587./ phi_m, min: 0.000000 at y = 1.451429
phi_e, max: -0.140884 at y = 1.690000, phi_e, min: -4.155988 at y = 1.484551
phi_m, max: 113.142496 at y = 1.690000./ phi_m, min: 0.000000 at y = 1.451429
phi_e, max: 10.379736 at y = 1.690000, phi_e, min: 9.660769 at y = 1.481787
phi_m, max: 99.314711 at y = 1.690000./ phi_m, min: 0.000000 at y = 1.451429
phi_e, max: -30.725257 at y = 1.651218, phi_e, min: -31.261819 at y = 1.481787
phi_m, max: 80.317586 at y = 1.690000./ phi_m, min: 0.000000 at y = 1.451429
phi_e, max: -5.460593 at y = 1.651218, phi_e, min: -5.850996 at y = 1.481787
phi_m, max: 60.271316 at y = 1.690000./ phi_m, min: 0.000000 at y = 1.451429
phi_e, max: -1.852700 at y = 1.651218, phi_e, min: -2.113009 at y = 1.481787
phi_m, max: 42.204270 at y = 1.690000./ phi_m, min: 0.000000 at y = 1.451429
phi_e, max: 0.855931 at y = 1.651218, phi_e, min: 0.633758 at y = 1.481787
phi_m, max: 23.394787 at y = 1.690000./ phi_m, min: 0.000000 at y = 1.451429
phi_e, max: -20.907302 at y = 1.481787, phi_e, min: -20.973233 at y = 1.690000
phi_m, max: 4.583201 at y = 1.690000./ phi_m, min: 0.000000 at y = 1.451429
phi_e, max: 41.685736 at y = 1.485587, phi_e, min: 41.590095 at y = 1.690000
phi_m, max: 0.314277 at y = 1.690000./ phi_m, min: -0.137545 at y = 1.365714
phi_e, max: 2.838001 at y = 1.486787, phi_e, min: 2.825327 at y = 1.651218
phi_m, max: -0.000000 at y = 1.451429./ phi_m, min: -0.354903 at y = 1.365714
phi_e, max: 1.631205 at y = 1.480587, phi_e, min: 1.627944 at y = 1.651218
phi_m, max: -0.000000 at y = 1.451429./ phi_m, min: -0.450610 at y = 1.480587
phi_e, max: 2.645544 at y = 1.481787, phi_e, min: 2.642375 at y = 1.690000


phi_m, max: 112.889024 at y = 0.220000./ phi_m, min: 0.000000 at y = -0.010000
phi_e, max: 4.045667 at y = 0.220000, phi_e, min: 3.696010 at y = 0.000587
phi_m, max: 98.755024 at y = 0.220000./ phi_m, min: 0.000000 at y = -0.010000
phi_e, max: -8.561769 at y = 0.220000, phi_e, min: -8.714841 at y = 0.000587
phi_m, max: 79.667367 at y = 0.220000./ phi_m, min: 0.000000 at y = -0.010000
phi_e, max: -6.858655 at y = 0.220000, phi_e, min: -6.899140 at y = 0.000587
phi_m, max: 59.698380 at y = 0.220000./ phi_m, min: 0.000000 at y = -0.010000
phi_e, max: -1.607974 at y = 0.016787, phi_e, min: -1.662972 at y = 0.220000
phi_m, max: 41.845566 at y = 0.220000./ phi_m, min: 0.000000 at y = -0.010000
phi_e, max: 10.433197 at y = 0.016787, phi_e, min: 10.358668 at y = 0.220000
phi_m, max: 23.422324 at y = 0.220000./ phi_m, min: 0.000000 at y = -0.010000
phi_e, max: -30.364982 at y = 0.016787, phi_e, min: -30.584992 at y = 0.220000
phi_m, max: 4.593064 at y = 0.220000./ phi_m, min: 0.000000 at y = -0.010000
phi_e, max: -4.946055 at y = 0.015587, phi_e, min: -5.056647 at y = 0.220000
phi_m, max: 0.330641 at y = 0.220000./ phi_m, min: 0.000000 at y = -0.010000
phi_e, max: -1.963699 at y = 0.018213, phi_e, min: -1.971537 at y = 0.191429
phi_m, max: -0.000000 at y = -0.010000./ phi_m, min: -0.220056 at y = 0.220000
phi_e, max: 0.991991 at y = 0.220000, phi_e, min: 0.989588 at y = 0.013213
phi_m, max: -0.000000 at y = -0.010000./ phi_m, min: -0.377987 at y = 0.220000
phi_e, max: -20.997012 at y = 0.220000, phi_e, min: -20.998549 at y = 0.013213
phi_m, max: -0.000000 at y = -0.010000./ phi_m, min: -0.460338 at y = 0.220000
phi_e, max: 41.620758 at y = 0.220000, phi_e, min: 41.620213 at y = 0.013213
phi_m, max: -0.000000 at y = -0.010000./ phi_m, min: -0.498454 at y = 0.220000
phi_e, max: 2.833086 at y = 0.019413, phi_e, min: 2.832409 at y = 0.220000
phi_m, max: -0.000000 at y = -0.010000./ phi_m, min: -0.504746 at y = 0.220000
phi_e, max: 1.632685 at y = 0.019413, phi_e, min: 1.631656 at y = 0.220000
phi_m, max: -0.000000 at y = -0.010000./ phi_m, min: -0.489113 at y = 0.220000
phi_e, max: 2.646537 at y = 0.018213, phi_e, min: 2.645319 at y = 0.220000


phi_m, max: -0.000000 at y = 3.160000./ phi_m, min: -0.001146 at y = 3.375587
phi_e, max: 5.619987 at y = 3.378213, phi_e, min: 5.619978 at y = 3.264726
phi_m, max: -0.000000 at y = 3.160000./ phi_m, min: -0.001155 at y = 3.375587
phi_e, max: -10.680130 at y = 3.378213, phi_e, min: -10.680138 at y = 3.264726
phi_m, max: -0.000000 at y = 3.160000./ phi_m, min: -0.001147 at y = 3.375587
phi_e, max: 2.179913 at y = 3.378213, phi_e, min: 2.179905 at y = 3.264726
phi_m, max: -0.000000 at y = 3.160000./ phi_m, min: -0.001135 at y = 3.375587
phi_e, max: -3.181344 at y = 3.163213, phi_e, min: -3.181354 at y = 3.274075
phi_m, max: -0.000000 at y = 3.160000./ phi_m, min: -0.001117 at y = 3.376367
phi_e, max: 14.397127 at y = 3.161787, phi_e, min: 14.397079 at y = 3.319176
phi_m, max: 0.021353 at y = 3.131429./ phi_m, min: -0.000604 at y = 3.378376
phi_e, max: -35.742276 at y = 3.161787, phi_e, min: -35.745356 at y = 3.402253
phi_m, max: 0.214903 at y = 3.131429./ phi_m, min: 0.000000 at y = 3.160000
phi_e, max: 0.096465 at y = 3.161787, phi_e, min: 0.066794 at y = 3.402253
phi_m, max: 14.191443 at y = 3.131429./ phi_m, min: 0.000000 at y = 3.160000
phi_e, max: -1.255651 at y = 3.161787, phi_e, min: -3.206548 at y = 3.402253
phi_m, max: 115.898083 at y = 3.165168./ phi_m, min: 0.000000 at y = 3.160000
phi_e, max: 6.018288 at y = 3.376787, phi_e, min: 0.403701 at y = 3.161787
phi_m, max: 114.549507 at y = 3.378213./ phi_m, min: 0.000000 at y = 3.160000
phi_e, max: -20.883690 at y = 3.237354, phi_e, min: -22.492196 at y = 3.379413
phi_m, max: 101.791639 at y = 3.379413./ phi_m, min: 0.000000 at y = 3.160000
phi_e, max: 41.281107 at y = 3.255714, phi_e, min: 40.521745 at y = 3.379413
phi_m, max: 83.082357 at y = 3.380000./ phi_m, min: 0.000000 at y = 3.160000
phi_e, max: 3.101231 at y = 3.252358, phi_e, min: 2.474662 at y = 3.379413
phi_m, max: 63.022105 at y = 3.408571./ phi_m, min: 0.000000 at y = 3.160000
phi_e, max: 1.649128 at y = 3.249396, phi_e, min: 1.186967 at y = 3.379413
phi_m, max: 44.646340 at y = 3.408571./ phi_m, min: 0.000000 at y = 3.160000
phi_e, max: 2.912778 at y = 3.257871, phi_e, min: 2.572649 at y = 3.378213


phi_m, max: -0.000000 at y = 1.690000./ phi_m, min: -0.001125 at y = 1.906787
phi_e, max: 5.620104 at y = 1.632857, phi_e, min: 5.619981 at y = 1.947583
phi_m, max: 0.022215 at y = 1.661429./ phi_m, min: -0.000572 at y = 1.908376
phi_e, max: -10.676039 at y = 1.632857, phi_e, min: -10.680156 at y = 1.948782
phi_m, max: 0.253723 at y = 1.661429./ phi_m, min: 0.000000 at y = 1.690000
phi_e, max: 2.224669 at y = 1.632857, phi_e, min: 2.179681 at y = 1.948782
phi_m, max: 20.120537 at y = 1.661429./ phi_m, min: 0.000000 at y = 1.690000
phi_e, max: -0.086107 at y = 1.691787, phi_e, min: -3.199144 at y = 1.948782
phi_m, max: 115.931829 at y = 1.696426./ phi_m, min: 0.000000 at y = 1.690000
phi_e, max: 14.361148 at y = 1.908213, phi_e, min: 10.293112 at y = 1.690587
phi_m, max: 114.220238 at y = 1.908376./ phi_m, min: 0.000000 at y = 1.690000
phi_e, max: -30.244217 at y = 1.782358, phi_e, min: -31.538784 at y = 1.967143
phi_m, max: 101.058067 at y = 1.909413./ phi_m, min: 0.000000 at y = 1.690000
phi_e, max: -5.004213 at y = 1.794726, phi_e, min: -5.655750 at y = 1.909413
phi_m, max: 82.225182 at y = 1.910000./ phi_m, min: 0.000000 at y = 1.690000
phi_e, max: -1.527612 at y = 1.789071, phi_e, min: -2.059176 at y = 1.908213
phi_m, max: 62.171525 at y = 1.935215./ phi_m, min: 0.000000 at y = 1.690000
phi_e, max: 1.090590 at y = 1.789071, phi_e, min: 0.700745 at y = 1.908213
phi_m, max: 43.908693 at y = 1.935215./ phi_m, min: 0.000000 at y = 1.690000
phi_e, max: -20.734367 at y = 1.795925, phi_e, min: -21.026469 at y = 1.908213
phi_m, max: 25.697686 at y = 1.935215./ phi_m, min: 0.000000 at y = 1.690000
phi_e, max: 41.601928 at y = 1.632857, phi_e, min: 41.082661 at y = 1.908213
phi_m, max: 5.741435 at y = 1.935215./ phi_m, min: 0.000000 at y = 1.690000
phi_e, max: 2.913978 at y = 1.908213, phi_e, min: 2.807198 at y = 1.763461
phi_m, max: 0.496465 at y = 1.935215./ phi_m, min: -0.250148 at y = 1.661429
phi_e, max: 1.652602 at y = 1.967143, phi_e, min: 1.626589 at y = 1.746932
phi_m, max: -0.000000 at y = 1.690000./ phi_m, min: -0.401362 at y = 1.661429
phi_e, max: 2.643444 at y = 1.967143, phi_e, min: 2.640308 at y = 1.789071


phi_m, max: 0.190458 at y = 1.060000./ phi_m, min: 0.000000 at y = 1.070000
phi_e, max: 5.632505 at y = 1.063213, phi_e, min: 5.620310 at y = 1.362358
phi_m, max: 6.364808 at y = 1.060000./ phi_m, min: 0.000000 at y = 1.070000
phi_e, max: -10.280745 at y = 1.063213, phi_e, min: -10.669249 at y = 1.362358
phi_m, max: 115.689359 at y = 1.061787./ phi_m, min: 0.000000 at y = 1.070000
phi_e, max: 2.594853 at y = 1.274413, phi_e, min: -9.503351 at y = 1.066787
phi_m, max: 115.621804 at y = 1.278213./ phi_m, min: 0.000000 at y = 1.070000
phi_e, max: -1.839447 at y = 1.154515, phi_e, min: -2.563333 at y = 1.278213
phi_m, max: 104.779568 at y = 1.279413./ phi_m, min: 0.000000 at y = 1.070000
phi_e, max: 10.174467 at y = 1.164726, phi_e, min: 9.769419 at y = 1.278213
phi_m, max: 86.894250 at y = 1.365714./ phi_m, min: 0.000000 at y = 1.070000
phi_e, max: -30.858206 at y = 1.164726, phi_e, min: -31.176820 at y = 1.278213
phi_m, max: 66.956446 at y = 1.365714./ phi_m, min: 0.000000 at y = 1.070000
phi_e, max: -5.557234 at y = 1.164726, phi_e, min: -5.786806 at y = 1.278213
phi_m, max: 48.064310 at y = 1.365714./ phi_m, min: 0.000000 at y = 1.070000
phi_e, max: -1.937380 at y = 1.175274, phi_e, min: -2.114068 at y = 1.064413
phi_m, max: 30.754905 at y = 1.365714./ phi_m, min: 0.000000 at y = 1.070000
phi_e, max: 0.942579 at y = 1.061787, phi_e, min: 0.685997 at y = 1.278213
phi_m, max: 9.379335 at y = 1.365714./ phi_m, min: 0.000000 at y = 1.070000
phi_e, max: -20.884243 at y = 1.275587, phi_e, min: -20.993460 at y = 1.137354
phi_m, max: 1.026353 at y = 1.365714./ phi_m, min: -0.182216 at y = 1.060000
phi_e, max: 41.648985 at y = 1.278213, phi_e, min: 41.617814 at y = 1.118131
phi_m, max: -0.000000 at y = 1.070000./ phi_m, min: -0.373677 at y = 1.060000
phi_e, max: 2.832747 at y = 1.279413, phi_e, min: 2.828786 at y = 1.133461
phi_m, max: -0.000000 at y = 1.070000./ phi_m, min: -0.461864 at y = 1.060587
phi_e, max: 1.630597 at y = 1.279413, phi_e, min: 1.628698 at y = 1.159071
phi_m, max: -0.000000 at y = 1.070000./ phi_m, min: -0.506081 at y = 1.061624
phi_e, max: 2.645170 at y = 1.278213, phi_e, min: 2.643084 at y = 1.164726


phi_m, max: 115.885200 at y = 0.226426./ phi_m, min: 0.000000 at y = 0.220000
phi_e, max: 5.572332 at y = 0.497143, phi_e, min: 3.978198 at y = 0.220587
phi_m, max: 113.657914 at y = 0.438376./ phi_m, min: 0.000000 at y = 0.220000
phi_e, max: -8.088097 at y = 0.315714, phi_e, min: -9.004554 at y = 0.439413
phi_m, max: 99.931645 at y = 0.439413./ phi_m, min: 0.000000 at y = 0.220000
phi_e, max: -6.502838 at y = 0.318676, phi_e, min: -7.112208 at y = 0.438213
phi_m, max: 80.920607 at y = 0.440000./ phi_m, min: 0.000000 at y = 0.220000
phi_e, max: -1.427514 at y = 0.312358, phi_e, min: -1.939219 at y = 0.438213
phi_m, max: 60.907237 at y = 0.468571./ phi_m, min: 0.000000 at y = 0.220000
phi_e, max: 10.492657 at y = 0.305503, phi_e, min: 10.106015 at y = 0.438213
phi_m, max: 42.829641 at y = 0.468571./ phi_m, min: 0.000000 at y = 0.220000
phi_e, max: -30.536771 at y = 0.289300, phi_e, min: -30.880647 at y = 0.438213
phi_m, max: 24.293085 at y = 0.468571./ phi_m, min: 0.000000 at y = 0.220000
phi_e, max: -5.043020 at y = 0.221787, phi_e, min: -5.560993 at y = 0.497143
phi_m, max: 5.065640 at y = 0.468571./ phi_m, min: 0.000000 at y = 0.220000
phi_e, max: -1.908688 at y = 0.436787, phi_e, min: -2.001149 at y = 0.303346
phi_m, max: 0.399805 at y = 0.468571./ phi_m, min: -0.220492 at y = 0.220587
phi_e, max: 1.003114 at y = 0.438213, phi_e, min: 0.985430 at y = 0.305503
phi_m, max: -0.000000 at y = 0.220000./ phi_m, min: -0.381756 at y = 0.221624
phi_e, max: -20.996967 at y = 0.220587, phi_e, min: -21.003289 at y = 0.356654
phi_m, max: -0.000000 at y = 0.220000./ phi_m, min: -0.467576 at y = 0.222542
phi_e, max: 41.620800 at y = 0.220587, phi_e, min: 41.614780 at y = 0.362646
phi_m, max: -0.000000 at y = 0.220000./ phi_m, min: -0.509616 at y = 0.223633
phi_e, max: 2.832787 at y = 0.220587, phi_e, min: 2.827478 at y = 0.350604
phi_m, max: -0.000000 at y = 0.220000./ phi_m, min: -0.520009 at y = 0.225449
phi_e, max: 1.632002 at y = 0.221787, phi_e, min: 1.627363 at y = 0.344286
phi_m, max: -0.000000 at y = 0.220000./ phi_m, min: -0.516480 at y = 0.436259
phi_e, max: 2.645631 at y = 0.221787, phi_e, min: 2.641606 at y = 0.340929


phi_m, max: -0.000000 at y = 1.938571./ phi_m, min: -0.001147 at y = 2.115168
phi_e, max: 5.619990 at y = 2.115587, phi_e, min: 5.619981 at y = 1.948782
phi_m, max: -0.000000 at y = 1.938571./ phi_m, min: -0.001093 at y = 2.117458
phi_e, max: -10.680076 at y = 1.910000, phi_e, min: -10.680152 at y = 1.956932
phi_m, max: 0.006349 at y = 1.916318./ phi_m, min: -0.000539 at y = 2.118376
phi_e, max: 2.180543 at y = 1.910000, phi_e, min: 2.179723 at y = 1.956932
phi_m, max: 0.580125 at y = 1.916318./ phi_m, min: 0.000000 at y = 1.938571
phi_e, max: -3.131556 at y = 1.910000, phi_e, min: -3.195817 at y = 1.956932
phi_m, max: 7.976606 at y = 1.910000./ phi_m, min: 0.000000 at y = 1.938571
phi_e, max: 14.721723 at y = 2.113213, phi_e, min: 14.228766 at y = 1.920211
phi_m, max: 115.887675 at y = 2.113633./ phi_m, min: 0.000000 at y = 1.938571
phi_e, max: -31.411739 at y = 1.935215, phi_e, min: -35.413574 at y = 2.118213
phi_m, max: 109.542520 at y = 2.119413./ phi_m, min: 0.000000 at y = 1.938571
phi_e, max: -5.600675 at y = 1.935215, phi_e, min: -6.305782 at y = 2.118213
phi_m, max: 93.662361 at y = 2.262857./ phi_m, min: 0.000000 at y = 1.938571
phi_e, max: -2.015944 at y = 1.941928, phi_e, min: -2.521416 at y = 2.118213
phi_m, max: 74.089451 at y = 2.262857./ phi_m, min: 0.000000 at y = 1.938571
phi_e, max: 0.732730 at y = 1.941928, phi_e, min: 0.359393 at y = 2.118213
phi_m, max: 54.457445 at y = 2.262857./ phi_m, min: 0.000000 at y = 1.938571
phi_e, max: -20.998368 at y = 1.948782, phi_e, min: -21.252915 at y = 2.118213
phi_m, max: 37.093054 at y = 2.262857./ phi_m, min: 0.000000 at y = 1.938571
phi_e, max: 41.092061 at y = 1.920211, phi_e, min: 40.856305 at y = 2.118213
phi_m, max: 16.436476 at y = 2.262857./ phi_m, min: 0.000000 at y = 1.938571
phi_e, max: 2.995012 at y = 2.113213, phi_e, min: 2.906943 at y = 1.935215
phi_m, max: 2.451141 at y = 2.262857./ phi_m, min: 0.000000 at y = 1.938571
phi_e, max: 1.706491 at y = 2.116787, phi_e, min: 1.650742 at y = 1.928360
phi_m, max: 0.060054 at y = 2.262857./ phi_m, min: -0.213772 at y = 1.910000
phi_e, max: 2.651883 at y = 2.118213, phi_e, min: 2.643166 at y = 1.935215


phi_m, max: 1.162121 at y = 0.764286./ phi_m, min: 0.000000 at y = 0.850000
phi_e, max: 5.746486 at y = 0.851787, phi_e, min: 5.627931 at y = 1.098571
phi_m, max: 101.329507 at y = 0.764286./ phi_m, min: 0.000000 at y = 0.850000
phi_e, max: -8.899549 at y = 0.855587, phi_e, min: -10.457722 at y = 1.011869
phi_m, max: 115.701813 at y = 1.061787./ phi_m, min: 0.000000 at y = 0.850000
phi_e, max: -7.264433 at y = 0.782646, phi_e, min: -9.482873 at y = 1.066787
phi_m, max: 110.602250 at y = 1.069413./ phi_m, min: 0.000000 at y = 0.850000
phi_e, max: -1.841198 at y = 0.961918, phi_e, min: -2.227364 at y = 0.851787
phi_m, max: 94.760776 at y = 1.069413./ phi_m, min: 0.000000 at y = 0.850000
phi_e, max: 10.162382 at y = 0.955925, phi_e, min: 9.843736 at y = 1.064413
phi_m, max: 75.102512 at y = 1.070000./ phi_m, min: 0.000000 at y = 0.850000
phi_e, max: -30.858033 at y = 0.949071, phi_e, min: -31.117220 at y = 1.064413
phi_m, max: 55.362354 at y = 1.070000./ phi_m, min: 0.000000 at y = 0.850000
phi_e, max: -5.562134 at y = 0.954726, phi_e, min: -5.742451 at y = 1.064413
phi_m, max: 37.906643 at y = 1.070000./ phi_m, min: 0.000000 at y = 0.850000
phi_e, max: -1.890465 at y = 0.764286, phi_e, min: -2.114202 at y = 1.064413
phi_m, max: 17.394693 at y = 1.070000./ phi_m, min: 0.000000 at y = 0.850000
phi_e, max: 1.049186 at y = 0.854832, phi_e, min: 0.926594 at y = 1.009176
phi_m, max: 2.791392 at y = 1.070000./ phi_m, min: 0.000000 at y = 0.850000
phi_e, max: -20.964110 at y = 1.065587, phi_e, min: -20.999254 at y = 0.782646
phi_m, max: 0.098693 at y = 1.070000./ phi_m, min: -0.313488 at y = 0.764286
phi_e, max: 41.621135 at y = 1.066787, phi_e, min: 41.616674 at y = 0.933346
phi_m, max: -0.000000 at y = 0.850000./ phi_m, min: -0.430131 at y = 0.764286
phi_e, max: 2.830825 at y = 0.850587, phi_e, min: 2.828607 at y = 0.977642
phi_m, max: -0.000000 at y = 0.850000./ phi_m, min: -0.491144 at y = 0.851175
phi_e, max: 1.631323 at y = 0.851787, phi_e, min: 1.628770 at y = 0.977642
phi_m, max: -0.000000 at y = 0.850000./ phi_m, min: -0.517633 at y = 0.853574
phi_e, max: 2.645873 at y = 0.851787, phi_e, min: 2.643249 at y = 0.974286


Writing: "Fiber2DEphapticPlaneL4rho4_14.chk"
 (0.00167256s, XML)
Steps: 15000000 Time: 1.5         
phi_m, max: 115.885200 at y = 0.226426./ phi_m, min: 0.000000 at y = 0.220000
phi_e, max: 5.572332 at y = 0.497143, phi_e, min: 3.978198 at y = 0.220587
phi_m, max: 113.657914 at y = 0.438376./ phi_m, min: 0.000000 at y = 0.220000
phi_e, max: -8.088097 at y = 0.315714, phi_e, min: -9.004554 at y = 0.439413
phi_m, max: 99.931645 at y = 0.439413./ phi_m, min: 0.000000 at y = 0.220000
phi_e, max: -6.502838 at y = 0.318676, phi_e, min: -7.112208 at y = 0.438213
phi_m, max: 80.920607 at y = 0.440000./ phi_m, min: 0.000000 at y = 0.220000
phi_e, max: -1.427514 at y = 0.312358, phi_e, min: -1.939219 at y = 0.438213
phi_m, max: 60.907237 at y = 0.468571./ phi_m, min: 0.000000 at y = 0.220000
phi_e, max: 10.492657 at y = 0.305503, phi_e, min: 10.106015 at y = 0.438213
phi_m, max: 42.829641 at y = 0.468571./ phi_m, min: 0.000000 at y = 0.220000
phi_e, max: -30.536771 at y = 0.289300, phi_e, min: -30.880647 at y = 0.438213
phi_m, max: 24.293085 at y = 0.468571./ phi_m, min: 0.000000 at y = 0.220000
phi_e, max: -5.043020 at y = 0.221787, phi_e, min: -5.560993 at y = 0.497143
phi_m, max: 5.065640 at y = 0.468571./ phi_m, min: 0.000000 at y = 0.220000
phi_e, max: -1.908688 at y = 0.436787, phi_e, min: -2.001149 at y = 0.303346
phi_m, max: 0.399805 at y = 0.468571./ phi_m, min: -0.220492 at y = 0.220587
phi_e, max: 1.003114 at y = 0.438213, phi_e, min: 0.985430 at y = 0.305503
phi_m, max: -0.000000 at y = 0.220000./ phi_m, min: -0.381756 at y = 0.221624
phi_e, max: -20.996967 at y = 0.220587, phi_e, min: -21.003289 at y = 0.356654
phi_m, max: -0.000000 at y = 0.220000./ phi_m, min: -0.467576 at y = 0.222542
phi_e, max: 41.620800 at y = 0.220587, phi_e, min: 41.614780 at y = 0.362646
phi_m, max: -0.000000 at y = 0.220000./ phi_m, min: -0.509616 at y = 0.223633
phi_e, max: 2.832787 at y = 0.220587, phi_e, min: 2.827478 at y = 0.350604
phi_m, max: -0.000000 at y = 0.220000./ phi_m, min: -0.520009 at y = 0.225449
phi_e, max: 1.632002 at y = 0.221787, phi_e, min: 1.627363 at y = 0.344286
phi_m, max: -0.000000 at y = 0.220000./ phi_m, min: -0.516480 at y = 0.436259
phi_e, max: 2.645631 at y = 0.221787, phi_e, min: 2.641606 at y = 0.340929
phi_m, max: -0.000000 at y = 0.220000./ phi_m, min: -0.496467 at y = 0.436787
phi_e, max: 1.119753 at y = 0.221787, phi_e, min: 1.116279 at y = 0.335274


phi_m, max: 0.004478 at y = 1.365714./ phi_m, min: -0.000559 at y = 1.487458
phi_e, max: 5.620523 at y = 1.481787, phi_e, min: 5.620081 at y = 1.690000
phi_m, max: 0.185100 at y = 1.365714./ phi_m, min: 0.000000 at y = 1.451429
phi_e, max: -10.662286 at y = 1.481787, phi_e, min: -10.676793 at y = 1.690000
phi_m, max: 2.046201 at y = 1.365714./ phi_m, min: 0.000000 at y = 1.451429
phi_e, max: 2.375620 at y = 1.481787, phi_e, min: 2.216403 at y = 1.690000
phi_m, max: 114.767189 at y = 1.480587./ phi_m, min: 0.000000 at y = 1.451429
phi_e, max: -0.140884 at y = 1.690000, phi_e, min: -4.155988 at y = 1.484551
phi_m, max: 113.142496 at y = 1.690000./ phi_m, min: 0.000000 at y = 1.451429
phi_e, max: 10.379736 at y = 1.690000, phi_e, min: 9.660769 at y = 1.481787
phi_m, max: 99.314711 at y = 1.690000./ phi_m, min: 0.000000 at y = 1.451429
phi_e, max: -30.725257 at y = 1.651218, phi_e, min: -31.261819 at y = 1.481787
phi_m, max: 80.317586 at y = 1.690000./ phi_m, min: 0.000000 at y = 1.451429
phi_e, max: -5.460593 at y = 1.651218, phi_e, min: -5.850996 at y = 1.481787
phi_m, max: 60.271316 at y = 1.690000./ phi_m, min: 0.000000 at y = 1.451429
phi_e, max: -1.852700 at y = 1.651218, phi_e, min: -2.113009 at y = 1.481787
phi_m, max: 42.204270 at y = 1.690000./ phi_m, min: 0.000000 at y = 1.451429
phi_e, max: 0.855931 at y = 1.651218, phi_e, min: 0.633758 at y = 1.481787
phi_m, max: 23.394787 at y = 1.690000./ phi_m, min: 0.000000 at y = 1.451429
phi_e, max: -20.907302 at y = 1.481787, phi_e, min: -20.973233 at y = 1.690000
phi_m, max: 4.583201 at y = 1.690000./ phi_m, min: 0.000000 at y = 1.451429
phi_e, max: 41.685736 at y = 1.485587, phi_e, min: 41.590095 at y = 1.690000
phi_m, max: 0.314277 at y = 1.690000./ phi_m, min: -0.137545 at y = 1.365714
phi_e, max: 2.838001 at y = 1.486787, phi_e, min: 2.825327 at y = 1.651218
phi_m, max: -0.000000 at y = 1.451429./ phi_m, min: -0.354903 at y = 1.365714
phi_e, max: 1.631205 at y = 1.480587, phi_e, min: 1.627944 at y = 1.651218
phi_m, max: -0.000000 at y = 1.451429./ phi_m, min: -0.450610 at y = 1.480587
phi_e, max: 2.645544 at y = 1.481787, phi_e, min: 2.642375 at y = 1.690000
phi_m, max: -0.000000 at y = 1.451429./ phi_m, min: -0.501352 at y = 1.481624
phi_e, max: 1.120498 at y = 1.481787, phi_e, min: 1.116972 at y = 1.690000


phi_m, max: 112.889024 at y = 0.220000./ phi_m, min: 0.000000 at y = -0.010000
phi_e, max: 4.045667 at y = 0.220000, phi_e, min: 3.696010 at y = 0.000587
phi_m, max: 98.755024 at y = 0.220000./ phi_m, min: 0.000000 at y = -0.010000
phi_e, max: -8.561769 at y = 0.220000, phi_e, min: -8.714841 at y = 0.000587
phi_m, max: 79.667367 at y = 0.220000./ phi_m, min: 0.000000 at y = -0.010000
phi_e, max: -6.858655 at y = 0.220000, phi_e, min: -6.899140 at y = 0.000587
phi_m, max: 59.698380 at y = 0.220000./ phi_m, min: 0.000000 at y = -0.010000
phi_e, max: -1.607974 at y = 0.016787, phi_e, min: -1.662972 at y = 0.220000
phi_m, max: 41.845566 at y = 0.220000./ phi_m, min: 0.000000 at y = -0.010000
phi_e, max: 10.433197 at y = 0.016787, phi_e, min: 10.358668 at y = 0.220000
phi_m, max: 23.422324 at y = 0.220000./ phi_m, min: 0.000000 at y = -0.010000
phi_e, max: -30.364982 at y = 0.016787, phi_e, min: -30.584992 at y = 0.220000
phi_m, max: 4.593064 at y = 0.220000./ phi_m, min: 0.000000 at y = -0.010000
phi_e, max: -4.946055 at y = 0.015587, phi_e, min: -5.056647 at y = 0.220000
phi_m, max: 0.330641 at y = 0.220000./ phi_m, min: 0.000000 at y = -0.010000
phi_e, max: -1.963699 at y = 0.018213, phi_e, min: -1.971537 at y = 0.191429
phi_m, max: -0.000000 at y = -0.010000./ phi_m, min: -0.220056 at y = 0.220000
phi_e, max: 0.991991 at y = 0.220000, phi_e, min: 0.989588 at y = 0.013213
phi_m, max: -0.000000 at y = -0.010000./ phi_m, min: -0.377987 at y = 0.220000
phi_e, max: -20.997012 at y = 0.220000, phi_e, min: -20.998549 at y = 0.013213
phi_m, max: -0.000000 at y = -0.010000./ phi_m, min: -0.460338 at y = 0.220000
phi_e, max: 41.620758 at y = 0.220000, phi_e, min: 41.620213 at y = 0.013213
phi_m, max: -0.000000 at y = -0.010000./ phi_m, min: -0.498454 at y = 0.220000
phi_e, max: 2.833086 at y = 0.019413, phi_e, min: 2.832409 at y = 0.220000
phi_m, max: -0.000000 at y = -0.010000./ phi_m, min: -0.504746 at y = 0.220000
phi_e, max: 1.632685 at y = 0.019413, phi_e, min: 1.631656 at y = 0.220000
phi_m, max: -0.000000 at y = -0.010000./ phi_m, min: -0.489113 at y = 0.220000
phi_e, max: 2.646537 at y = 0.018213, phi_e, min: 2.645319 at y = 0.220000
phi_m, max: -0.000000 at y = -0.010000./ phi_m, min: -0.459554 at y = 0.220000
phi_e, max: 1.120776 at y = 0.018213, phi_e, min: 1.119475 at y = 0.220000


phi_m, max: 12.401412 at y = 0.468571./ phi_m, min: 0.000000 at y = 0.640000
phi_e, max: 6.225881 at y = 0.643213, phi_e, min: 5.549122 at y = 0.468571
phi_m, max: 115.915580 at y = 0.644832./ phi_m, min: 0.000000 at y = 0.640000
phi_e, max: -8.899324 at y = 0.471928, phi_e, min: -11.171729 at y = 0.648213
phi_m, max: 108.750059 at y = 0.649413./ phi_m, min: 0.000000 at y = 0.640000
phi_e, max: -7.040250 at y = 0.478782, phi_e, min: -7.649416 at y = 0.648213
phi_m, max: 92.535536 at y = 0.792857./ phi_m, min: 0.000000 at y = 0.640000
phi_e, max: -1.884639 at y = 0.478782, phi_e, min: -2.334205 at y = 0.648213
phi_m, max: 72.865358 at y = 0.792857./ phi_m, min: 0.000000 at y = 0.640000
phi_e, max: 10.144042 at y = 0.478782, phi_e, min: 9.814067 at y = 0.648213
phi_m, max: 53.334603 at y = 0.792857./ phi_m, min: 0.000000 at y = 0.640000
phi_e, max: -30.851979 at y = 0.478782, phi_e, min: -31.077134 at y = 0.648213
phi_m, max: 36.040488 at y = 0.792857./ phi_m, min: 0.000000 at y = 0.640000
phi_e, max: -5.556317 at y = 0.471534, phi_e, min: -5.767217 at y = 0.646787
phi_m, max: 15.062472 at y = 0.792857./ phi_m, min: 0.000000 at y = 0.640000
phi_e, max: -1.825739 at y = 0.644413, phi_e, min: -1.918651 at y = 0.478782
phi_m, max: 2.127801 at y = 0.792857./ phi_m, min: 0.000000 at y = 0.640000
phi_e, max: 1.046620 at y = 0.646787, phi_e, min: 1.001249 at y = 0.471928
phi_m, max: 0.016234 at y = 0.792857./ phi_m, min: -0.227864 at y = 0.468571
phi_e, max: -20.994954 at y = 0.648213, phi_e, min: -21.001914 at y = 0.471928
phi_m, max: -0.000000 at y = 0.640000./ phi_m, min: -0.389216 at y = 0.468571
phi_e, max: 41.618448 at y = 0.649413, phi_e, min: 41.615842 at y = 0.478782
phi_m, max: -0.000000 at y = 0.640000./ phi_m, min: -0.467913 at y = 0.640587
phi_e, max: 2.831853 at y = 0.648213, phi_e, min: 2.829084 at y = 0.478782
phi_m, max: -0.000000 at y = 0.640000./ phi_m, min: -0.508697 at y = 0.642542
phi_e, max: 1.632400 at y = 0.645587, phi_e, min: 1.629361 at y = 0.478782
phi_m, max: -0.000000 at y = 0.640000./ phi_m, min: -0.520775 at y = 0.645168
phi_e, max: 2.646924 at y = 0.645587, phi_e, min: 2.643797 at y = 0.478782
phi_m, max: -0.000000 at y = 0.640000./ phi_m, min: -0.510778 at y = 0.646426
phi_e, max: 1.121568 at y = 0.645587, phi_e, min: 1.118513 at y = 0.478782


phi_m, max: -0.000000 at y = 2.291429./ phi_m, min: -0.001147 at y = 2.324832
phi_e, max: 5.619988 at y = 2.324413, phi_e, min: 5.619983 at y = 2.431918
phi_m, max: -0.000000 at y = 2.291429./ phi_m, min: -0.001154 at y = 2.535168
phi_e, max: -10.680122 at y = 2.323213, phi_e, min: -10.680132 at y = 2.450604
phi_m, max: -0.000000 at y = 2.291429./ phi_m, min: -0.001131 at y = 2.536367
phi_e, max: 2.179987 at y = 2.205714, phi_e, min: 2.179916 at y = 2.485225
phi_m, max: 0.051613 at y = 2.234286./ phi_m, min: -0.000452 at y = 2.538825
phi_e, max: -3.175581 at y = 2.205714, phi_e, min: -3.181052 at y = 2.499272
phi_m, max: 0.700428 at y = 2.234286./ phi_m, min: 0.000000 at y = 2.291429
phi_e, max: 14.473822 at y = 2.205714, phi_e, min: 14.401012 at y = 2.499272
phi_m, max: 88.834615 at y = 2.234286./ phi_m, min: 0.000000 at y = 2.291429
phi_e, max: -32.440417 at y = 2.324413, phi_e, min: -35.514668 at y = 2.491218
phi_m, max: 115.368397 at y = 2.531787./ phi_m, min: 0.000000 at y = 2.291429
phi_e, max: -5.956020 at y = 2.230929, phi_e, min: -9.645766 at y = 2.535587
phi_m, max: 111.330249 at y = 2.539413./ phi_m, min: 0.000000 at y = 2.291429
phi_e, max: -2.188073 at y = 2.422276, phi_e, min: -2.642843 at y = 2.535587
phi_m, max: 95.891732 at y = 2.539413./ phi_m, min: 0.000000 at y = 2.291429
phi_e, max: 0.587113 at y = 2.416914, phi_e, min: 0.202112 at y = 2.535587
phi_m, max: 76.342190 at y = 2.540000./ phi_m, min: 0.000000 at y = 2.291429
phi_e, max: -21.118533 at y = 2.412358, phi_e, min: -21.430561 at y = 2.535587
phi_m, max: 56.515254 at y = 2.540000./ phi_m, min: 0.000000 at y = 2.291429
phi_e, max: 40.989135 at y = 2.413557, phi_e, min: 40.769947 at y = 2.535587
phi_m, max: 38.949152 at y = 2.540000./ phi_m, min: 0.000000 at y = 2.291429
phi_e, max: 2.947139 at y = 2.205714, phi_e, min: 2.685971 at y = 2.534413
phi_m, max: 18.815293 at y = 2.540000./ phi_m, min: 0.000000 at y = 2.291429
phi_e, max: 1.717733 at y = 2.324832, phi_e, min: 1.588190 at y = 2.485225
phi_m, max: 3.172286 at y = 2.540000./ phi_m, min: 0.000000 at y = 2.291429
phi_e, max: 2.695301 at y = 2.535587, phi_e, min: 2.647587 at y = 2.230929
phi_m, max: 0.149742 at y = 2.540000./ phi_m, min: -0.302482 at y = 2.234286
phi_e, max: 1.124279 at y = 2.538213, phi_e, min: 1.117359 at y = 2.234286


phi_m, max: -0.000000 at y = 3.790000./ phi_m, min: -0.001150 at y = 3.794832
phi_e, max: 5.619993 at y = 3.793213, phi_e, min: 5.619981 at y = 4.010000
phi_m, max: -0.000000 at y = 3.790000./ phi_m, min: -0.001159 at y = 3.794832
phi_e, max: -10.680123 at y = 3.793213, phi_e, min: -10.680135 at y = 4.010000
phi_m, max: -0.000000 at y = 3.790000./ phi_m, min: -0.001151 at y = 3.794832
phi_e, max: 2.179920 at y = 3.793213, phi_e, min: 2.179908 at y = 4.010000
phi_m, max: -0.000000 at y = 3.790000./ phi_m, min: -0.001140 at y = 3.794832
phi_e, max: -3.181339 at y = 3.793213, phi_e, min: -3.181351 at y = 4.010000
phi_m, max: -0.000000 at y = 3.790000./ phi_m, min: -0.001130 at y = 3.794832
phi_e, max: 14.397091 at y = 3.793213, phi_e, min: 14.397080 at y = 4.010000
phi_m, max: -0.000000 at y = 3.790000./ phi_m, min: -0.001115 at y = 3.795587
phi_e, max: -35.745319 at y = 3.793213, phi_e, min: -35.745336 at y = 4.010000
phi_m, max: -0.000000 at y = 3.790000./ phi_m, min: -0.001056 at y = 3.796787
phi_e, max: 0.067094 at y = 3.791787, phi_e, min: 0.067032 at y = 4.010000
phi_m, max: 0.028202 at y = 3.704286./ phi_m, min: 0.000000 at y = 3.790000
phi_e, max: -3.187585 at y = 3.791787, phi_e, min: -3.190807 at y = 4.010000
phi_m, max: 0.463353 at y = 3.704286./ phi_m, min: 0.000000 at y = 3.790000
phi_e, max: 6.081606 at y = 3.791787, phi_e, min: 6.030650 at y = 4.010000
phi_m, max: 79.007724 at y = 3.704286./ phi_m, min: 0.000000 at y = 3.790000
phi_e, max: -24.640106 at y = 3.793213, phi_e, min: -29.835984 at y = 4.010000
phi_m, max: 115.471142 at y = 3.798376./ phi_m, min: 0.000000 at y = 3.790000
phi_e, max: 41.829811 at y = 4.010000, phi_e, min: 39.925679 at y = 3.791787
phi_m, max: 105.755107 at y = 4.000000./ phi_m, min: 0.000000 at y = 3.790000
phi_e, max: 2.923958 at y = 4.010000, phi_e, min: 2.025797 at y = 3.791787
phi_m, max: 88.129765 at y = 4.000000./ phi_m, min: 0.000000 at y = 3.790000
phi_e, max: 1.534847 at y = 4.010000, phi_e, min: 0.856088 at y = 3.791787
phi_m, max: 68.087402 at y = 4.000000./ phi_m, min: 0.000000 at y = 3.790000
phi_e, max: 2.821122 at y = 4.010000, phi_e, min: 2.354172 at y = 3.791787
phi_m, max: 48.986533 at y = 4.000000./ phi_m, min: 0.000000 at y = 3.790000
phi_e, max: 0.707659 at y = 4.010000, phi_e, min: 0.368338 at y = 3.791787


phi_m, max: -0.000000 at y = 4.000000./ phi_m, min: -0.001159 at y = 4.218213
phi_e, max: 5.619983 at y = 4.001787, phi_e, min: 5.619972 at y = 4.140489
phi_m, max: -0.000000 at y = 4.000000./ phi_m, min: -0.001168 at y = 4.218213
phi_e, max: -10.680133 at y = 4.001787, phi_e, min: -10.680145 at y = 4.140489
phi_m, max: -0.000000 at y = 4.000000./ phi_m, min: -0.001159 at y = 4.218213
phi_e, max: 2.179910 at y = 4.001787, phi_e, min: 2.179899 at y = 4.140489
phi_m, max: -0.000000 at y = 4.000000./ phi_m, min: -0.001148 at y = 4.218213
phi_e, max: -3.181349 at y = 4.001787, phi_e, min: -3.181360 at y = 4.140489
phi_m, max: -0.000000 at y = 4.000000./ phi_m, min: -0.001139 at y = 4.218213
phi_e, max: 14.397081 at y = 4.001787, phi_e, min: 14.397070 at y = 4.140489
phi_m, max: -0.000000 at y = 4.000000./ phi_m, min: -0.001130 at y = 4.218213
phi_e, max: -35.745334 at y = 4.001787, phi_e, min: -35.745346 at y = 4.142646
phi_m, max: -0.000000 at y = 4.000000./ phi_m, min: -0.001121 at y = 4.218213
phi_e, max: 0.067036 at y = 4.001787, phi_e, min: 0.067014 at y = 4.156213
phi_m, max: 0.002954 at y = 4.000000./ phi_m, min: -0.000984 at y = 4.218376
phi_e, max: -3.190686 at y = 4.000587, phi_e, min: -3.191399 at y = 4.184391
phi_m, max: 0.062853 at y = 4.000000./ phi_m, min: 0.000000 at y = 4.000000
phi_e, max: 6.032554 at y = 4.000587, phi_e, min: 6.021391 at y = 4.184785
phi_m, max: 7.468375 at y = 4.000000./ phi_m, min: 0.000000 at y = 4.000000
phi_e, max: -29.615414 at y = 4.000587, phi_e, min: -30.917936 at y = 4.184785
phi_m, max: 114.971247 at y = 4.000587./ phi_m, min: 0.000000 at y = 4.000000
phi_e, max: 49.924457 at y = 4.215587, phi_e, min: 40.753769 at y = 4.003213
phi_m, max: 116.071290 at y = 4.218376./ phi_m, min: 0.000000 at y = 4.000000
phi_e, max: 3.819160 at y = 4.134497, phi_e, min: 2.753618 at y = 4.000587
phi_m, max: 106.249479 at y = 4.219413./ phi_m, min: 0.000000 at y = 4.000000
phi_e, max: 2.214206 at y = 4.120929, phi_e, min: 1.391397 at y = 4.000587
phi_m, max: 88.424822 at y = 4.219413./ phi_m, min: 0.000000 at y = 4.000000
phi_e, max: 3.317562 at y = 4.111918, phi_e, min: 2.709004 at y = 4.000587
phi_m, max: 68.239029 at y = 4.219413./ phi_m, min: 0.000000 at y = 4.000000
phi_e, max: 1.040072 at y = 4.102276, phi_e, min: 0.505070 at y = 4.218213



Time: 0.100000
CPU Time: 226.179154 min.
phi_m, max: -0.000000 at y = 2.950000./ phi_m, min: -0.001149 at y = 2.954832
phi_e, max: 5.619991 at y = 2.954413, phi_e, min: 5.619984 at y = 3.131429

Time: 0.200000
CPU Time: 229.022576 min.
phi_m, max: -0.000000 at y = 2.950000./ phi_m, min: -0.001158 at y = 2.954832
phi_e, max: -10.680125 at y = 2.954413, phi_e, min: -10.680132 at y = 3.131429

Time: 0.300000
CPU Time: 230.519171 min.
phi_m, max: -0.000000 at y = 2.950000./ phi_m, min: -0.001149 at y = 2.955168
phi_e, max: 2.179918 at y = 2.954413, phi_e, min: 2.179911 at y = 3.131429

Time: 0.400000
CPU Time: 230.305223 min.
phi_m, max: -0.000000 at y = 2.950000./ phi_m, min: -0.001113 at y = 2.956367
phi_e, max: -3.181324 at y = 2.953213, phi_e, min: -3.181345 at y = 3.131429

Time: 0.500000
CPU Time: 231.587102 min.
phi_m, max: 0.001731 at y = 2.807143./ phi_m, min: -0.000844 at y = 2.957458
phi_e, max: 14.397320 at y = 2.951787, phi_e, min: 14.397123 at y = 3.129272

Time: 0.600000
CPU Time: 233.287257 min.
phi_m, max: 0.193289 at y = 2.807143./ phi_m, min: 0.000000 at y = 2.950000
phi_e, max: -35.729326 at y = 2.951787, phi_e, min: -35.742456 at y = 3.129272

Time: 0.700000
CPU Time: 229.276461 min.
phi_m, max: 1.886920 at y = 2.807143./ phi_m, min: 0.000000 at y = 2.950000
phi_e, max: 0.221736 at y = 2.951787, phi_e, min: 0.094748 at y = 3.129272

Time: 0.800000
CPU Time: 218.640304 min.
phi_m, max: 114.163220 at y = 2.950587./ phi_m, min: 0.000000 at y = 2.950000
phi_e, max: -1.352408 at y = 3.128072, phi_e, min: -4.498676 at y = 2.953213

Time: 0.900000
CPU Time: 185.229565 min.
phi_m, max: 113.177929 at y = 3.131429./ phi_m, min: 0.000000 at y = 2.950000
phi_e, max: 0.476279 at y = 3.131429, phi_e, min: -0.160402 at y = 2.951787

Time: 1.000000
CPU Time: 188.330503 min.
phi_m, max: 99.605736 at y = 3.131429./ phi_m, min: 0.000000 at y = 2.950000
phi_e, max: -21.214467 at y = 3.131429, phi_e, min: -21.726633 at y = 2.951787

Time: 1.100000
CPU Time: 186.305354 min.
phi_m, max: 80.794714 at y = 3.131429./ phi_m, min: 0.000000 at y = 2.950000
phi_e, max: 40.921707 at y = 3.131429, phi_e, min: 40.547217 at y = 2.951787

Time: 1.200000
CPU Time: 185.679900 min.
phi_m, max: 60.781525 at y = 3.131429./ phi_m, min: 0.000000 at y = 2.950000
phi_e, max: 2.849251 at y = 3.131429, phi_e, min: 2.597192 at y = 2.951787

Time: 1.300000
CPU Time: 181.903559 min.
phi_m, max: 42.674095 at y = 3.131429./ phi_m, min: 0.000000 at y = 2.950000
phi_e, max: 1.472294 at y = 3.131429, phi_e, min: 1.262034 at y = 2.953213

Time: 1.400000
CPU Time: 185.788811 min.
phi_m, max: 24.089988 at y = 3.131429./ phi_m, min: 0.000000 at y = 2.950000
phi_e, max: 2.742951 at y = 2.807143, phi_e, min: 2.724305 at y = 2.959413

Time: 1.500000
CPU Time: 182.258866 min.
phi_m, max: 4.920561 at y = 3.131429./ phi_m, min: 0.000000 at y = 2.950000
phi_e, max: 1.200379 at y = 2.955587, phi_e, min: 1.118181 at y = 3.128072


phi_m, max: -0.000000 at y = 1.690000./ phi_m, min: -0.001125 at y = 1.906787
phi_e, max: 5.620104 at y = 1.632857, phi_e, min: 5.619981 at y = 1.947583
phi_m, max: 0.022215 at y = 1.661429./ phi_m, min: -0.000572 at y = 1.908376
phi_e, max: -10.676039 at y = 1.632857, phi_e, min: -10.680156 at y = 1.948782
phi_m, max: 0.253723 at y = 1.661429./ phi_m, min: 0.000000 at y = 1.690000
phi_e, max: 2.224669 at y = 1.632857, phi_e, min: 2.179681 at y = 1.948782
phi_m, max: 20.120537 at y = 1.661429./ phi_m, min: 0.000000 at y = 1.690000
phi_e, max: -0.086107 at y = 1.691787, phi_e, min: -3.199144 at y = 1.948782
phi_m, max: 115.931829 at y = 1.696426./ phi_m, min: 0.000000 at y = 1.690000
phi_e, max: 14.361148 at y = 1.908213, phi_e, min: 10.293112 at y = 1.690587
phi_m, max: 114.220238 at y = 1.908376./ phi_m, min: 0.000000 at y = 1.690000
phi_e, max: -30.244217 at y = 1.782358, phi_e, min: -31.538784 at y = 1.967143
phi_m, max: 101.058067 at y = 1.909413./ phi_m, min: 0.000000 at y = 1.690000
phi_e, max: -5.004213 at y = 1.794726, phi_e, min: -5.655750 at y = 1.909413
phi_m, max: 82.225182 at y = 1.910000./ phi_m, min: 0.000000 at y = 1.690000
phi_e, max: -1.527612 at y = 1.789071, phi_e, min: -2.059176 at y = 1.908213
phi_m, max: 62.171525 at y = 1.935215./ phi_m, min: 0.000000 at y = 1.690000
phi_e, max: 1.090590 at y = 1.789071, phi_e, min: 0.700745 at y = 1.908213
phi_m, max: 43.908693 at y = 1.935215./ phi_m, min: 0.000000 at y = 1.690000
phi_e, max: -20.734367 at y = 1.795925, phi_e, min: -21.026469 at y = 1.908213
phi_m, max: 25.697686 at y = 1.935215./ phi_m, min: 0.000000 at y = 1.690000
phi_e, max: 41.601928 at y = 1.632857, phi_e, min: 41.082661 at y = 1.908213
phi_m, max: 5.741435 at y = 1.935215./ phi_m, min: 0.000000 at y = 1.690000
phi_e, max: 2.913978 at y = 1.908213, phi_e, min: 2.807198 at y = 1.763461
phi_m, max: 0.496465 at y = 1.935215./ phi_m, min: -0.250148 at y = 1.661429
phi_e, max: 1.652602 at y = 1.967143, phi_e, min: 1.626589 at y = 1.746932
phi_m, max: -0.000000 at y = 1.690000./ phi_m, min: -0.401362 at y = 1.661429
phi_e, max: 2.643444 at y = 1.967143, phi_e, min: 2.640308 at y = 1.789071
phi_m, max: -0.000000 at y = 1.690000./ phi_m, min: -0.477174 at y = 1.690587
phi_e, max: 1.117239 at y = 1.690587, phi_e, min: 1.114039 at y = 1.810929


phi_m, max: 0.190458 at y = 1.060000./ phi_m, min: 0.000000 at y = 1.070000
phi_e, max: 5.632505 at y = 1.063213, phi_e, min: 5.620310 at y = 1.362358
phi_m, max: 6.364808 at y = 1.060000./ phi_m, min: 0.000000 at y = 1.070000
phi_e, max: -10.280745 at y = 1.063213, phi_e, min: -10.669249 at y = 1.362358
phi_m, max: 115.689359 at y = 1.061787./ phi_m, min: 0.000000 at y = 1.070000
phi_e, max: 2.594853 at y = 1.274413, phi_e, min: -9.503351 at y = 1.066787
phi_m, max: 115.621804 at y = 1.278213./ phi_m, min: 0.000000 at y = 1.070000
phi_e, max: -1.839447 at y = 1.154515, phi_e, min: -2.563333 at y = 1.278213
phi_m, max: 104.779568 at y = 1.279413./ phi_m, min: 0.000000 at y = 1.070000
phi_e, max: 10.174467 at y = 1.164726, phi_e, min: 9.769419 at y = 1.278213
phi_m, max: 86.894250 at y = 1.365714./ phi_m, min: 0.000000 at y = 1.070000
phi_e, max: -30.858206 at y = 1.164726, phi_e, min: -31.176820 at y = 1.278213
phi_m, max: 66.956446 at y = 1.365714./ phi_m, min: 0.000000 at y = 1.070000
phi_e, max: -5.557234 at y = 1.164726, phi_e, min: -5.786806 at y = 1.278213
phi_m, max: 48.064310 at y = 1.365714./ phi_m, min: 0.000000 at y = 1.070000
phi_e, max: -1.937380 at y = 1.175274, phi_e, min: -2.114068 at y = 1.064413
phi_m, max: 30.754905 at y = 1.365714./ phi_m, min: 0.000000 at y = 1.070000
phi_e, max: 0.942579 at y = 1.061787, phi_e, min: 0.685997 at y = 1.278213
phi_m, max: 9.379335 at y = 1.365714./ phi_m, min: 0.000000 at y = 1.070000
phi_e, max: -20.884243 at y = 1.275587, phi_e, min: -20.993460 at y = 1.137354
phi_m, max: 1.026353 at y = 1.365714./ phi_m, min: -0.182216 at y = 1.060000
phi_e, max: 41.648985 at y = 1.278213, phi_e, min: 41.617814 at y = 1.118131
phi_m, max: -0.000000 at y = 1.070000./ phi_m, min: -0.373677 at y = 1.060000
phi_e, max: 2.832747 at y = 1.279413, phi_e, min: 2.828786 at y = 1.133461
phi_m, max: -0.000000 at y = 1.070000./ phi_m, min: -0.461864 at y = 1.060587
phi_e, max: 1.630597 at y = 1.279413, phi_e, min: 1.628698 at y = 1.159071
phi_m, max: -0.000000 at y = 1.070000./ phi_m, min: -0.506081 at y = 1.061624
phi_e, max: 2.645170 at y = 1.278213, phi_e, min: 2.643084 at y = 1.164726
phi_m, max: -0.000000 at y = 1.070000./ phi_m, min: -0.520081 at y = 1.063574
phi_e, max: 1.120069 at y = 1.275587, phi_e, min: 1.117818 at y = 1.164726


phi_m, max: -0.000000 at y = 1.938571./ phi_m, min: -0.001147 at y = 2.115168
phi_e, max: 5.619990 at y = 2.115587, phi_e, min: 5.619981 at y = 1.948782
phi_m, max: -0.000000 at y = 1.938571./ phi_m, min: -0.001093 at y = 2.117458
phi_e, max: -10.680076 at y = 1.910000, phi_e, min: -10.680152 at y = 1.956932
phi_m, max: 0.006349 at y = 1.916318./ phi_m, min: -0.000539 at y = 2.118376
phi_e, max: 2.180543 at y = 1.910000, phi_e, min: 2.179723 at y = 1.956932
phi_m, max: 0.580125 at y = 1.916318./ phi_m, min: 0.000000 at y = 1.938571
phi_e, max: -3.131556 at y = 1.910000, phi_e, min: -3.195817 at y = 1.956932
phi_m, max: 7.976606 at y = 1.910000./ phi_m, min: 0.000000 at y = 1.938571
phi_e, max: 14.721723 at y = 2.113213, phi_e, min: 14.228766 at y = 1.920211
phi_m, max: 115.887675 at y = 2.113633./ phi_m, min: 0.000000 at y = 1.938571
phi_e, max: -31.411739 at y = 1.935215, phi_e, min: -35.413574 at y = 2.118213
phi_m, max: 109.542520 at y = 2.119413./ phi_m, min: 0.000000 at y = 1.938571
phi_e, max: -5.600675 at y = 1.935215, phi_e, min: -6.305782 at y = 2.118213
phi_m, max: 93.662361 at y = 2.262857./ phi_m, min: 0.000000 at y = 1.938571
phi_e, max: -2.015944 at y = 1.941928, phi_e, min: -2.521416 at y = 2.118213
phi_m, max: 74.089451 at y = 2.262857./ phi_m, min: 0.000000 at y = 1.938571
phi_e, max: 0.732730 at y = 1.941928, phi_e, min: 0.359393 at y = 2.118213
phi_m, max: 54.457445 at y = 2.262857./ phi_m, min: 0.000000 at y = 1.938571
phi_e, max: -20.998368 at y = 1.948782, phi_e, min: -21.252915 at y = 2.118213
phi_m, max: 37.093054 at y = 2.262857./ phi_m, min: 0.000000 at y = 1.938571
phi_e, max: 41.092061 at y = 1.920211, phi_e, min: 40.856305 at y = 2.118213
phi_m, max: 16.436476 at y = 2.262857./ phi_m, min: 0.000000 at y = 1.938571
phi_e, max: 2.995012 at y = 2.113213, phi_e, min: 2.906943 at y = 1.935215
phi_m, max: 2.451141 at y = 2.262857./ phi_m, min: 0.000000 at y = 1.938571
phi_e, max: 1.706491 at y = 2.116787, phi_e, min: 1.650742 at y = 1.928360
phi_m, max: 0.060054 at y = 2.262857./ phi_m, min: -0.213772 at y = 1.910000
phi_e, max: 2.651883 at y = 2.118213, phi_e, min: 2.643166 at y = 1.935215
phi_m, max: -0.000000 at y = 1.938571./ phi_m, min: -0.384004 at y = 1.910000
phi_e, max: 1.118801 at y = 2.119413, phi_e, min: 1.115904 at y = 1.948782


phi_m, max: 1.162121 at y = 0.764286./ phi_m, min: 0.000000 at y = 0.850000
phi_e, max: 5.746486 at y = 0.851787, phi_e, min: 5.627931 at y = 1.098571
phi_m, max: 101.329507 at y = 0.764286./ phi_m, min: 0.000000 at y = 0.850000
phi_e, max: -8.899549 at y = 0.855587, phi_e, min: -10.457722 at y = 1.011869
phi_m, max: 115.701813 at y = 1.061787./ phi_m, min: 0.000000 at y = 0.850000
phi_e, max: -7.264433 at y = 0.782646, phi_e, min: -9.482873 at y = 1.066787
phi_m, max: 110.602250 at y = 1.069413./ phi_m, min: 0.000000 at y = 0.850000
phi_e, max: -1.841198 at y = 0.961918, phi_e, min: -2.227364 at y = 0.851787
phi_m, max: 94.760776 at y = 1.069413./ phi_m, min: 0.000000 at y = 0.850000
phi_e, max: 10.162382 at y = 0.955925, phi_e, min: 9.843736 at y = 1.064413
phi_m, max: 75.102512 at y = 1.070000./ phi_m, min: 0.000000 at y = 0.850000
phi_e, max: -30.858033 at y = 0.949071, phi_e, min: -31.117220 at y = 1.064413
phi_m, max: 55.362354 at y = 1.070000./ phi_m, min: 0.000000 at y = 0.850000
phi_e, max: -5.562134 at y = 0.954726, phi_e, min: -5.742451 at y = 1.064413
phi_m, max: 37.906643 at y = 1.070000./ phi_m, min: 0.000000 at y = 0.850000
phi_e, max: -1.890465 at y = 0.764286, phi_e, min: -2.114202 at y = 1.064413
phi_m, max: 17.394693 at y = 1.070000./ phi_m, min: 0.000000 at y = 0.850000
phi_e, max: 1.049186 at y = 0.854832, phi_e, min: 0.926594 at y = 1.009176
phi_m, max: 2.791392 at y = 1.070000./ phi_m, min: 0.000000 at y = 0.850000
phi_e, max: -20.964110 at y = 1.065587, phi_e, min: -20.999254 at y = 0.782646
phi_m, max: 0.098693 at y = 1.070000./ phi_m, min: -0.313488 at y = 0.764286
phi_e, max: 41.621135 at y = 1.066787, phi_e, min: 41.616674 at y = 0.933346
phi_m, max: -0.000000 at y = 0.850000./ phi_m, min: -0.430131 at y = 0.764286
phi_e, max: 2.830825 at y = 0.850587, phi_e, min: 2.828607 at y = 0.977642
phi_m, max: -0.000000 at y = 0.850000./ phi_m, min: -0.491144 at y = 0.851175
phi_e, max: 1.631323 at y = 0.851787, phi_e, min: 1.628770 at y = 0.977642
phi_m, max: -0.000000 at y = 0.850000./ phi_m, min: -0.517633 at y = 0.853574
phi_e, max: 2.645873 at y = 0.851787, phi_e, min: 2.643249 at y = 0.974286
phi_m, max: -0.000000 at y = 0.850000./ phi_m, min: -0.520080 at y = 1.063574
phi_e, max: 1.120592 at y = 0.853213, phi_e, min: 1.118021 at y = 0.970929


phi_m, max: -0.000000 at y = 3.160000./ phi_m, min: -0.001146 at y = 3.375587
phi_e, max: 5.619987 at y = 3.378213, phi_e, min: 5.619978 at y = 3.264726
phi_m, max: -0.000000 at y = 3.160000./ phi_m, min: -0.001155 at y = 3.375587
phi_e, max: -10.680130 at y = 3.378213, phi_e, min: -10.680138 at y = 3.264726
phi_m, max: -0.000000 at y = 3.160000./ phi_m, min: -0.001147 at y = 3.375587
phi_e, max: 2.179913 at y = 3.378213, phi_e, min: 2.179905 at y = 3.264726
phi_m, max: -0.000000 at y = 3.160000./ phi_m, min: -0.001135 at y = 3.375587
phi_e, max: -3.181344 at y = 3.163213, phi_e, min: -3.181354 at y = 3.274075
phi_m, max: -0.000000 at y = 3.160000./ phi_m, min: -0.001117 at y = 3.376367
phi_e, max: 14.397127 at y = 3.161787, phi_e, min: 14.397079 at y = 3.319176
phi_m, max: 0.021353 at y = 3.131429./ phi_m, min: -0.000604 at y = 3.378376
phi_e, max: -35.742276 at y = 3.161787, phi_e, min: -35.745356 at y = 3.402253
phi_m, max: 0.214903 at y = 3.131429./ phi_m, min: 0.000000 at y = 3.160000
phi_e, max: 0.096465 at y = 3.161787, phi_e, min: 0.066794 at y = 3.402253
phi_m, max: 14.191443 at y = 3.131429./ phi_m, min: 0.000000 at y = 3.160000
phi_e, max: -1.255651 at y = 3.161787, phi_e, min: -3.206548 at y = 3.402253
phi_m, max: 115.898083 at y = 3.165168./ phi_m, min: 0.000000 at y = 3.160000
phi_e, max: 6.018288 at y = 3.376787, phi_e, min: 0.403701 at y = 3.161787
phi_m, max: 114.549507 at y = 3.378213./ phi_m, min: 0.000000 at y = 3.160000
phi_e, max: -20.883690 at y = 3.237354, phi_e, min: -22.492196 at y = 3.379413
phi_m, max: 101.791639 at y = 3.379413./ phi_m, min: 0.000000 at y = 3.160000
phi_e, max: 41.281107 at y = 3.255714, phi_e, min: 40.521745 at y = 3.379413
phi_m, max: 83.082357 at y = 3.380000./ phi_m, min: 0.000000 at y = 3.160000
phi_e, max: 3.101231 at y = 3.252358, phi_e, min: 2.474662 at y = 3.379413
phi_m, max: 63.022105 at y = 3.408571./ phi_m, min: 0.000000 at y = 3.160000
phi_e, max: 1.649128 at y = 3.249396, phi_e, min: 1.186967 at y = 3.379413
phi_m, max: 44.646340 at y = 3.408571./ phi_m, min: 0.000000 at y = 3.160000
phi_e, max: 2.912778 at y = 3.257871, phi_e, min: 2.572649 at y = 3.378213
phi_m, max: 26.646382 at y = 3.408571./ phi_m, min: 0.000000 at y = 3.160000
phi_e, max: 1.118391 at y = 3.160587, phi_e, min: 0.561442 at y = 3.378213


phi_m, max: -0.000000 at y = 2.530000./ phi_m, min: -0.001148 at y = 2.745168
phi_e, max: 5.619990 at y = 2.745587, phi_e, min: 5.619984 at y = 2.629071
phi_m, max: -0.000000 at y = 2.530000./ phi_m, min: -0.001157 at y = 2.745168
phi_e, max: -10.680127 at y = 2.745587, phi_e, min: -10.680132 at y = 2.634726
phi_m, max: -0.000000 at y = 2.530000./ phi_m, min: -0.001147 at y = 2.745168
phi_e, max: 2.179921 at y = 2.534413, phi_e, min: 2.179913 at y = 2.655485
phi_m, max: 0.007552 at y = 2.530000./ phi_m, min: -0.001022 at y = 2.746367
phi_e, max: -3.180855 at y = 2.533213, phi_e, min: -3.181336 at y = 2.829396
phi_m, max: 0.114028 at y = 2.530000./ phi_m, min: 0.000000 at y = 2.530000
phi_e, max: 14.403599 at y = 2.533213, phi_e, min: 14.397204 at y = 2.829396
phi_m, max: 7.756563 at y = 2.530000./ phi_m, min: 0.000000 at y = 2.530000
phi_e, max: -35.307889 at y = 2.533213, phi_e, min: -35.737088 at y = 2.829396
phi_m, max: 115.332050 at y = 2.531787./ phi_m, min: 0.000000 at y = 2.530000
phi_e, max: 0.489603 at y = 2.744413, phi_e, min: -9.655536 at y = 2.536787
phi_m, max: 115.777501 at y = 2.748213./ phi_m, min: 0.000000 at y = 2.530000
phi_e, max: -2.343048 at y = 2.615503, phi_e, min: -3.182951 at y = 2.748213
phi_m, max: 105.665313 at y = 2.749413./ phi_m, min: 0.000000 at y = 2.530000
phi_e, max: 0.475980 at y = 2.626914, phi_e, min: 0.007653 at y = 2.748213
phi_m, max: 87.972268 at y = 2.835714./ phi_m, min: 0.000000 at y = 2.530000
phi_e, max: -21.214808 at y = 2.625714, phi_e, min: -21.588841 at y = 2.748213
phi_m, max: 68.067333 at y = 2.835714./ phi_m, min: 0.000000 at y = 2.530000
phi_e, max: 40.923997 at y = 2.625714, phi_e, min: 40.649419 at y = 2.748213
phi_m, max: 49.043760 at y = 2.835714./ phi_m, min: 0.000000 at y = 2.530000
phi_e, max: 2.832828 at y = 2.634726, phi_e, min: 2.656571 at y = 2.748213
phi_m, max: 31.804633 at y = 2.835714./ phi_m, min: 0.000000 at y = 2.530000
phi_e, max: 1.602563 at y = 2.571928, phi_e, min: 1.325706 at y = 2.748213
phi_m, max: 10.311108 at y = 2.835714./ phi_m, min: 0.000000 at y = 2.530000
phi_e, max: 2.776780 at y = 2.745587, phi_e, min: 2.669291 at y = 2.603705
phi_m, max: 1.188809 at y = 2.835714./ phi_m, min: -0.160839 at y = 2.530000
phi_e, max: 1.158463 at y = 2.748213, phi_e, min: 1.121359 at y = 2.501429


phi_m, max: -0.000000 at y = 3.580000./ phi_m, min: -0.001150 at y = 3.585168
phi_e, max: 5.619994 at y = 3.585587, phi_e, min: 5.619986 at y = 3.380000
phi_m, max: -0.000000 at y = 3.580000./ phi_m, min: -0.001159 at y = 3.585168
phi_e, max: -10.680122 at y = 3.585587, phi_e, min: -10.680131 at y = 3.380000
phi_m, max: -0.000000 at y = 3.580000./ phi_m, min: -0.001150 at y = 3.585168
phi_e, max: 2.179921 at y = 3.585587, phi_e, min: 2.179913 at y = 3.380000
phi_m, max: -0.000000 at y = 3.580000./ phi_m, min: -0.001140 at y = 3.585168
phi_e, max: -3.181338 at y = 3.585587, phi_e, min: -3.181346 at y = 3.380000
phi_m, max: -0.000000 at y = 3.580000./ phi_m, min: -0.001129 at y = 3.585168
phi_e, max: 14.397092 at y = 3.585587, phi_e, min: 14.397084 at y = 3.408571
phi_m, max: -0.000000 at y = 3.580000./ phi_m, min: -0.001069 at y = 3.587458
phi_e, max: -35.745301 at y = 3.583213, phi_e, min: -35.745353 at y = 3.408571
phi_m, max: 0.004458 at y = 3.386318./ phi_m, min: -0.000684 at y = 3.588376
phi_e, max: 0.067252 at y = 3.583213, phi_e, min: 0.066822 at y = 3.408571
phi_m, max: 0.357869 at y = 3.386318./ phi_m, min: 0.000000 at y = 3.580000
phi_e, max: -3.177393 at y = 3.583213, phi_e, min: -3.204735 at y = 3.408571
phi_m, max: 5.878161 at y = 3.380000./ phi_m, min: 0.000000 at y = 3.580000
phi_e, max: 6.243321 at y = 3.583213, phi_e, min: 5.693811 at y = 3.380000
phi_m, max: 115.889634 at y = 3.582542./ phi_m, min: 0.000000 at y = 3.580000
phi_e, max: -22.354178 at y = 3.380000, phi_e, min: -27.748651 at y = 3.588213
phi_m, max: 110.175088 at y = 3.589413./ phi_m, min: 0.000000 at y = 3.580000
phi_e, max: 40.581224 at y = 3.380000, phi_e, min: 39.862127 at y = 3.588213
phi_m, max: 94.316631 at y = 3.704286./ phi_m, min: 0.000000 at y = 3.580000
phi_e, max: 2.522793 at y = 3.380000, phi_e, min: 1.960000 at y = 3.588213
phi_m, max: 74.803202 at y = 3.704286./ phi_m, min: 0.000000 at y = 3.580000
phi_e, max: 1.222631 at y = 3.380000, phi_e, min: 0.808612 at y = 3.588213
phi_m, max: 55.123641 at y = 3.704286./ phi_m, min: 0.000000 at y = 3.580000
phi_e, max: 2.599760 at y = 3.380000, phi_e, min: 2.321707 at y = 3.588213
phi_m, max: 37.712964 at y = 3.704286./ phi_m, min: 0.000000 at y = 3.580000
phi_e, max: 0.583043 at y = 3.380000, phi_e, min: 0.324834 at y = 3.588213


Writing: "Fiber2DEphapticPlaneL4rho4_15.chk"
 (0.00161838s, XML)
Steps: 16000000 Time: 1.6         
phi_m, max: 112.889024 at y = 0.220000./ phi_m, min: 0.000000 at y = -0.010000
phi_e, max: 4.045667 at y = 0.220000, phi_e, min: 3.696010 at y = 0.000587
phi_m, max: 98.755024 at y = 0.220000./ phi_m, min: 0.000000 at y = -0.010000
phi_e, max: -8.561769 at y = 0.220000, phi_e, min: -8.714841 at y = 0.000587
phi_m, max: 79.667367 at y = 0.220000./ phi_m, min: 0.000000 at y = -0.010000
phi_e, max: -6.858655 at y = 0.220000, phi_e, min: -6.899140 at y = 0.000587
phi_m, max: 59.698380 at y = 0.220000./ phi_m, min: 0.000000 at y = -0.010000
phi_e, max: -1.607974 at y = 0.016787, phi_e, min: -1.662972 at y = 0.220000
phi_m, max: 41.845566 at y = 0.220000./ phi_m, min: 0.000000 at y = -0.010000
phi_e, max: 10.433197 at y = 0.016787, phi_e, min: 10.358668 at y = 0.220000
phi_m, max: 23.422324 at y = 0.220000./ phi_m, min: 0.000000 at y = -0.010000
phi_e, max: -30.364982 at y = 0.016787, phi_e, min: -30.584992 at y = 0.220000
phi_m, max: 4.593064 at y = 0.220000./ phi_m, min: 0.000000 at y = -0.010000
phi_e, max: -4.946055 at y = 0.015587, phi_e, min: -5.056647 at y = 0.220000
phi_m, max: 0.330641 at y = 0.220000./ phi_m, min: 0.000000 at y = -0.010000
phi_e, max: -1.963699 at y = 0.018213, phi_e, min: -1.971537 at y = 0.191429
phi_m, max: -0.000000 at y = -0.010000./ phi_m, min: -0.220056 at y = 0.220000
phi_e, max: 0.991991 at y = 0.220000, phi_e, min: 0.989588 at y = 0.013213
phi_m, max: -0.000000 at y = -0.010000./ phi_m, min: -0.377987 at y = 0.220000
phi_e, max: -20.997012 at y = 0.220000, phi_e, min: -20.998549 at y = 0.013213
phi_m, max: -0.000000 at y = -0.010000./ phi_m, min: -0.460338 at y = 0.220000
phi_e, max: 41.620758 at y = 0.220000, phi_e, min: 41.620213 at y = 0.013213
phi_m, max: -0.000000 at y = -0.010000./ phi_m, min: -0.498454 at y = 0.220000
phi_e, max: 2.833086 at y = 0.019413, phi_e, min: 2.832409 at y = 0.220000
phi_m, max: -0.000000 at y = -0.010000./ phi_m, min: -0.504746 at y = 0.220000
phi_e, max: 1.632685 at y = 0.019413, phi_e, min: 1.631656 at y = 0.220000
phi_m, max: -0.000000 at y = -0.010000./ phi_m, min: -0.489113 at y = 0.220000
phi_e, max: 2.646537 at y = 0.018213, phi_e, min: 2.645319 at y = 0.220000
phi_m, max: -0.000000 at y = -0.010000./ phi_m, min: -0.459554 at y = 0.220000
phi_e, max: 1.120776 at y = 0.018213, phi_e, min: 1.119475 at y = 0.220000
phi_m, max: -0.000000 at y = -0.010000./ phi_m, min: -0.422251 at y = 0.016426
phi_e, max: 1.873633 at y = 0.018213, phi_e, min: 1.872329 at y = 0.220000


phi_m, max: 12.401412 at y = 0.468571./ phi_m, min: 0.000000 at y = 0.640000
phi_e, max: 6.225881 at y = 0.643213, phi_e, min: 5.549122 at y = 0.468571
phi_m, max: 115.915580 at y = 0.644832./ phi_m, min: 0.000000 at y = 0.640000
phi_e, max: -8.899324 at y = 0.471928, phi_e, min: -11.171729 at y = 0.648213
phi_m, max: 108.750059 at y = 0.649413./ phi_m, min: 0.000000 at y = 0.640000
phi_e, max: -7.040250 at y = 0.478782, phi_e, min: -7.649416 at y = 0.648213
phi_m, max: 92.535536 at y = 0.792857./ phi_m, min: 0.000000 at y = 0.640000
phi_e, max: -1.884639 at y = 0.478782, phi_e, min: -2.334205 at y = 0.648213
phi_m, max: 72.865358 at y = 0.792857./ phi_m, min: 0.000000 at y = 0.640000
phi_e, max: 10.144042 at y = 0.478782, phi_e, min: 9.814067 at y = 0.648213
phi_m, max: 53.334603 at y = 0.792857./ phi_m, min: 0.000000 at y = 0.640000
phi_e, max: -30.851979 at y = 0.478782, phi_e, min: -31.077134 at y = 0.648213
phi_m, max: 36.040488 at y = 0.792857./ phi_m, min: 0.000000 at y = 0.640000
phi_e, max: -5.556317 at y = 0.471534, phi_e, min: -5.767217 at y = 0.646787
phi_m, max: 15.062472 at y = 0.792857./ phi_m, min: 0.000000 at y = 0.640000
phi_e, max: -1.825739 at y = 0.644413, phi_e, min: -1.918651 at y = 0.478782
phi_m, max: 2.127801 at y = 0.792857./ phi_m, min: 0.000000 at y = 0.640000
phi_e, max: 1.046620 at y = 0.646787, phi_e, min: 1.001249 at y = 0.471928
phi_m, max: 0.016234 at y = 0.792857./ phi_m, min: -0.227864 at y = 0.468571
phi_e, max: -20.994954 at y = 0.648213, phi_e, min: -21.001914 at y = 0.471928
phi_m, max: -0.000000 at y = 0.640000./ phi_m, min: -0.389216 at y = 0.468571
phi_e, max: 41.618448 at y = 0.649413, phi_e, min: 41.615842 at y = 0.478782
phi_m, max: -0.000000 at y = 0.640000./ phi_m, min: -0.467913 at y = 0.640587
phi_e, max: 2.831853 at y = 0.648213, phi_e, min: 2.829084 at y = 0.478782
phi_m, max: -0.000000 at y = 0.640000./ phi_m, min: -0.508697 at y = 0.642542
phi_e, max: 1.632400 at y = 0.645587, phi_e, min: 1.629361 at y = 0.478782
phi_m, max: -0.000000 at y = 0.640000./ phi_m, min: -0.520775 at y = 0.645168
phi_e, max: 2.646924 at y = 0.645587, phi_e, min: 2.643797 at y = 0.478782
phi_m, max: -0.000000 at y = 0.640000./ phi_m, min: -0.510778 at y = 0.646426
phi_e, max: 1.121568 at y = 0.645587, phi_e, min: 1.118513 at y = 0.478782
phi_m, max: -0.000000 at y = 0.640000./ phi_m, min: -0.484431 at y = 0.647458
phi_e, max: 1.874644 at y = 0.645587, phi_e, min: 1.871761 at y = 0.478782


phi_m, max: -0.000000 at y = 2.291429./ phi_m, min: -0.001147 at y = 2.324832
phi_e, max: 5.619988 at y = 2.324413, phi_e, min: 5.619983 at y = 2.431918
phi_m, max: -0.000000 at y = 2.291429./ phi_m, min: -0.001154 at y = 2.535168
phi_e, max: -10.680122 at y = 2.323213, phi_e, min: -10.680132 at y = 2.450604
phi_m, max: -0.000000 at y = 2.291429./ phi_m, min: -0.001131 at y = 2.536367
phi_e, max: 2.179987 at y = 2.205714, phi_e, min: 2.179916 at y = 2.485225
phi_m, max: 0.051613 at y = 2.234286./ phi_m, min: -0.000452 at y = 2.538825
phi_e, max: -3.175581 at y = 2.205714, phi_e, min: -3.181052 at y = 2.499272
phi_m, max: 0.700428 at y = 2.234286./ phi_m, min: 0.000000 at y = 2.291429
phi_e, max: 14.473822 at y = 2.205714, phi_e, min: 14.401012 at y = 2.499272
phi_m, max: 88.834615 at y = 2.234286./ phi_m, min: 0.000000 at y = 2.291429
phi_e, max: -32.440417 at y = 2.324413, phi_e, min: -35.514668 at y = 2.491218
phi_m, max: 115.368397 at y = 2.531787./ phi_m, min: 0.000000 at y = 2.291429
phi_e, max: -5.956020 at y = 2.230929, phi_e, min: -9.645766 at y = 2.535587
phi_m, max: 111.330249 at y = 2.539413./ phi_m, min: 0.000000 at y = 2.291429
phi_e, max: -2.188073 at y = 2.422276, phi_e, min: -2.642843 at y = 2.535587
phi_m, max: 95.891732 at y = 2.539413./ phi_m, min: 0.000000 at y = 2.291429
phi_e, max: 0.587113 at y = 2.416914, phi_e, min: 0.202112 at y = 2.535587
phi_m, max: 76.342190 at y = 2.540000./ phi_m, min: 0.000000 at y = 2.291429
phi_e, max: -21.118533 at y = 2.412358, phi_e, min: -21.430561 at y = 2.535587
phi_m, max: 56.515254 at y = 2.540000./ phi_m, min: 0.000000 at y = 2.291429
phi_e, max: 40.989135 at y = 2.413557, phi_e, min: 40.769947 at y = 2.535587
phi_m, max: 38.949152 at y = 2.540000./ phi_m, min: 0.000000 at y = 2.291429
phi_e, max: 2.947139 at y = 2.205714, phi_e, min: 2.685971 at y = 2.534413
phi_m, max: 18.815293 at y = 2.540000./ phi_m, min: 0.000000 at y = 2.291429
phi_e, max: 1.717733 at y = 2.324832, phi_e, min: 1.588190 at y = 2.485225
phi_m, max: 3.172286 at y = 2.540000./ phi_m, min: 0.000000 at y = 2.291429
phi_e, max: 2.695301 at y = 2.535587, phi_e, min: 2.647587 at y = 2.230929
phi_m, max: 0.149742 at y = 2.540000./ phi_m, min: -0.302482 at y = 2.234286
phi_e, max: 1.124279 at y = 2.538213, phi_e, min: 1.117359 at y = 2.234286
phi_m, max: -0.000000 at y = 2.291429./ phi_m, min: -0.424639 at y = 2.234286
phi_e, max: 1.871888 at y = 2.320587, phi_e, min: 1.870088 at y = 2.434075


phi_m, max: -0.000000 at y = 3.790000./ phi_m, min: -0.001150 at y = 3.794832
phi_e, max: 5.619993 at y = 3.793213, phi_e, min: 5.619981 at y = 4.010000
phi_m, max: -0.000000 at y = 3.790000./ phi_m, min: -0.001159 at y = 3.794832
phi_e, max: -10.680123 at y = 3.793213, phi_e, min: -10.680135 at y = 4.010000
phi_m, max: -0.000000 at y = 3.790000./ phi_m, min: -0.001151 at y = 3.794832
phi_e, max: 2.179920 at y = 3.793213, phi_e, min: 2.179908 at y = 4.010000
phi_m, max: -0.000000 at y = 3.790000./ phi_m, min: -0.001140 at y = 3.794832
phi_e, max: -3.181339 at y = 3.793213, phi_e, min: -3.181351 at y = 4.010000
phi_m, max: -0.000000 at y = 3.790000./ phi_m, min: -0.001130 at y = 3.794832
phi_e, max: 14.397091 at y = 3.793213, phi_e, min: 14.397080 at y = 4.010000
phi_m, max: -0.000000 at y = 3.790000./ phi_m, min: -0.001115 at y = 3.795587
phi_e, max: -35.745319 at y = 3.793213, phi_e, min: -35.745336 at y = 4.010000
phi_m, max: -0.000000 at y = 3.790000./ phi_m, min: -0.001056 at y = 3.796787
phi_e, max: 0.067094 at y = 3.791787, phi_e, min: 0.067032 at y = 4.010000
phi_m, max: 0.028202 at y = 3.704286./ phi_m, min: 0.000000 at y = 3.790000
phi_e, max: -3.187585 at y = 3.791787, phi_e, min: -3.190807 at y = 4.010000
phi_m, max: 0.463353 at y = 3.704286./ phi_m, min: 0.000000 at y = 3.790000
phi_e, max: 6.081606 at y = 3.791787, phi_e, min: 6.030650 at y = 4.010000
phi_m, max: 79.007724 at y = 3.704286./ phi_m, min: 0.000000 at y = 3.790000
phi_e, max: -24.640106 at y = 3.793213, phi_e, min: -29.835984 at y = 4.010000
phi_m, max: 115.471142 at y = 3.798376./ phi_m, min: 0.000000 at y = 3.790000
phi_e, max: 41.829811 at y = 4.010000, phi_e, min: 39.925679 at y = 3.791787
phi_m, max: 105.755107 at y = 4.000000./ phi_m, min: 0.000000 at y = 3.790000
phi_e, max: 2.923958 at y = 4.010000, phi_e, min: 2.025797 at y = 3.791787
phi_m, max: 88.129765 at y = 4.000000./ phi_m, min: 0.000000 at y = 3.790000
phi_e, max: 1.534847 at y = 4.010000, phi_e, min: 0.856088 at y = 3.791787
phi_m, max: 68.087402 at y = 4.000000./ phi_m, min: 0.000000 at y = 3.790000
phi_e, max: 2.821122 at y = 4.010000, phi_e, min: 2.354172 at y = 3.791787
phi_m, max: 48.986533 at y = 4.000000./ phi_m, min: 0.000000 at y = 3.790000
phi_e, max: 0.707659 at y = 4.010000, phi_e, min: 0.368338 at y = 3.791787
phi_m, max: 31.571682 at y = 4.000000./ phi_m, min: 0.000000 at y = 3.790000
phi_e, max: 2.232963 at y = 4.010000, phi_e, min: 1.981674 at y = 3.794413



Time: 0.100000
CPU Time: 226.179154 min.
phi_m, max: -0.000000 at y = 2.950000./ phi_m, min: -0.001149 at y = 2.954832
phi_e, max: 5.619991 at y = 2.954413, phi_e, min: 5.619984 at y = 3.131429

Time: 0.200000
CPU Time: 229.022576 min.
phi_m, max: -0.000000 at y = 2.950000./ phi_m, min: -0.001158 at y = 2.954832
phi_e, max: -10.680125 at y = 2.954413, phi_e, min: -10.680132 at y = 3.131429

Time: 0.300000
CPU Time: 230.519171 min.
phi_m, max: -0.000000 at y = 2.950000./ phi_m, min: -0.001149 at y = 2.955168
phi_e, max: 2.179918 at y = 2.954413, phi_e, min: 2.179911 at y = 3.131429

Time: 0.400000
CPU Time: 230.305223 min.
phi_m, max: -0.000000 at y = 2.950000./ phi_m, min: -0.001113 at y = 2.956367
phi_e, max: -3.181324 at y = 2.953213, phi_e, min: -3.181345 at y = 3.131429

Time: 0.500000
CPU Time: 231.587102 min.
phi_m, max: 0.001731 at y = 2.807143./ phi_m, min: -0.000844 at y = 2.957458
phi_e, max: 14.397320 at y = 2.951787, phi_e, min: 14.397123 at y = 3.129272

Time: 0.600000
CPU Time: 233.287257 min.
phi_m, max: 0.193289 at y = 2.807143./ phi_m, min: 0.000000 at y = 2.950000
phi_e, max: -35.729326 at y = 2.951787, phi_e, min: -35.742456 at y = 3.129272

Time: 0.700000
CPU Time: 229.276461 min.
phi_m, max: 1.886920 at y = 2.807143./ phi_m, min: 0.000000 at y = 2.950000
phi_e, max: 0.221736 at y = 2.951787, phi_e, min: 0.094748 at y = 3.129272

Time: 0.800000
CPU Time: 218.640304 min.
phi_m, max: 114.163220 at y = 2.950587./ phi_m, min: 0.000000 at y = 2.950000
phi_e, max: -1.352408 at y = 3.128072, phi_e, min: -4.498676 at y = 2.953213

Time: 0.900000
CPU Time: 185.229565 min.
phi_m, max: 113.177929 at y = 3.131429./ phi_m, min: 0.000000 at y = 2.950000
phi_e, max: 0.476279 at y = 3.131429, phi_e, min: -0.160402 at y = 2.951787

Time: 1.000000
CPU Time: 188.330503 min.
phi_m, max: 99.605736 at y = 3.131429./ phi_m, min: 0.000000 at y = 2.950000
phi_e, max: -21.214467 at y = 3.131429, phi_e, min: -21.726633 at y = 2.951787

Time: 1.100000
CPU Time: 186.305354 min.
phi_m, max: 80.794714 at y = 3.131429./ phi_m, min: 0.000000 at y = 2.950000
phi_e, max: 40.921707 at y = 3.131429, phi_e, min: 40.547217 at y = 2.951787

Time: 1.200000
CPU Time: 185.679900 min.
phi_m, max: 60.781525 at y = 3.131429./ phi_m, min: 0.000000 at y = 2.950000
phi_e, max: 2.849251 at y = 3.131429, phi_e, min: 2.597192 at y = 2.951787

Time: 1.300000
CPU Time: 181.903559 min.
phi_m, max: 42.674095 at y = 3.131429./ phi_m, min: 0.000000 at y = 2.950000
phi_e, max: 1.472294 at y = 3.131429, phi_e, min: 1.262034 at y = 2.953213

Time: 1.400000
CPU Time: 185.788811 min.
phi_m, max: 24.089988 at y = 3.131429./ phi_m, min: 0.000000 at y = 2.950000
phi_e, max: 2.742951 at y = 2.807143, phi_e, min: 2.724305 at y = 2.959413

Time: 1.500000
CPU Time: 182.258866 min.
phi_m, max: 4.920561 at y = 3.131429./ phi_m, min: 0.000000 at y = 2.950000
phi_e, max: 1.200379 at y = 2.955587, phi_e, min: 1.118181 at y = 3.128072

Time: 1.600000
CPU Time: 126.484120 min.
phi_m, max: 0.380851 at y = 3.131429./ phi_m, min: -0.116398 at y = 2.807143
phi_e, max: 1.883077 at y = 2.956787, phi_e, min: 1.869143 at y = 3.131429


phi_m, max: -0.000000 at y = 3.580000./ phi_m, min: -0.001150 at y = 3.585168
phi_e, max: 5.619994 at y = 3.585587, phi_e, min: 5.619986 at y = 3.380000
phi_m, max: -0.000000 at y = 3.580000./ phi_m, min: -0.001159 at y = 3.585168
phi_e, max: -10.680122 at y = 3.585587, phi_e, min: -10.680131 at y = 3.380000
phi_m, max: -0.000000 at y = 3.580000./ phi_m, min: -0.001150 at y = 3.585168
phi_e, max: 2.179921 at y = 3.585587, phi_e, min: 2.179913 at y = 3.380000
phi_m, max: -0.000000 at y = 3.580000./ phi_m, min: -0.001140 at y = 3.585168
phi_e, max: -3.181338 at y = 3.585587, phi_e, min: -3.181346 at y = 3.380000
phi_m, max: -0.000000 at y = 3.580000./ phi_m, min: -0.001129 at y = 3.585168
phi_e, max: 14.397092 at y = 3.585587, phi_e, min: 14.397084 at y = 3.408571
phi_m, max: -0.000000 at y = 3.580000./ phi_m, min: -0.001069 at y = 3.587458
phi_e, max: -35.745301 at y = 3.583213, phi_e, min: -35.745353 at y = 3.408571
phi_m, max: 0.004458 at y = 3.386318./ phi_m, min: -0.000684 at y = 3.588376
phi_e, max: 0.067252 at y = 3.583213, phi_e, min: 0.066822 at y = 3.408571
phi_m, max: 0.357869 at y = 3.386318./ phi_m, min: 0.000000 at y = 3.580000
phi_e, max: -3.177393 at y = 3.583213, phi_e, min: -3.204735 at y = 3.408571
phi_m, max: 5.878161 at y = 3.380000./ phi_m, min: 0.000000 at y = 3.580000
phi_e, max: 6.243321 at y = 3.583213, phi_e, min: 5.693811 at y = 3.380000
phi_m, max: 115.889634 at y = 3.582542./ phi_m, min: 0.000000 at y = 3.580000
phi_e, max: -22.354178 at y = 3.380000, phi_e, min: -27.748651 at y = 3.588213
phi_m, max: 110.175088 at y = 3.589413./ phi_m, min: 0.000000 at y = 3.580000
phi_e, max: 40.581224 at y = 3.380000, phi_e, min: 39.862127 at y = 3.588213
phi_m, max: 94.316631 at y = 3.704286./ phi_m, min: 0.000000 at y = 3.580000
phi_e, max: 2.522793 at y = 3.380000, phi_e, min: 1.960000 at y = 3.588213
phi_m, max: 74.803202 at y = 3.704286./ phi_m, min: 0.000000 at y = 3.580000
phi_e, max: 1.222631 at y = 3.380000, phi_e, min: 0.808612 at y = 3.588213
phi_m, max: 55.123641 at y = 3.704286./ phi_m, min: 0.000000 at y = 3.580000
phi_e, max: 2.599760 at y = 3.380000, phi_e, min: 2.321707 at y = 3.588213
phi_m, max: 37.712964 at y = 3.704286./ phi_m, min: 0.000000 at y = 3.580000
phi_e, max: 0.583043 at y = 3.380000, phi_e, min: 0.324834 at y = 3.588213
phi_m, max: 17.300859 at y = 3.704286./ phi_m, min: 0.000000 at y = 3.580000
phi_e, max: 2.067722 at y = 3.583213, phi_e, min: 1.969936 at y = 3.380000


phi_m, max: -0.000000 at y = 1.690000./ phi_m, min: -0.001125 at y = 1.906787
phi_e, max: 5.620104 at y = 1.632857, phi_e, min: 5.619981 at y = 1.947583
phi_m, max: 0.022215 at y = 1.661429./ phi_m, min: -0.000572 at y = 1.908376
phi_e, max: -10.676039 at y = 1.632857, phi_e, min: -10.680156 at y = 1.948782
phi_m, max: 0.253723 at y = 1.661429./ phi_m, min: 0.000000 at y = 1.690000
phi_e, max: 2.224669 at y = 1.632857, phi_e, min: 2.179681 at y = 1.948782
phi_m, max: 20.120537 at y = 1.661429./ phi_m, min: 0.000000 at y = 1.690000
phi_e, max: -0.086107 at y = 1.691787, phi_e, min: -3.199144 at y = 1.948782
phi_m, max: 115.931829 at y = 1.696426./ phi_m, min: 0.000000 at y = 1.690000
phi_e, max: 14.361148 at y = 1.908213, phi_e, min: 10.293112 at y = 1.690587
phi_m, max: 114.220238 at y = 1.908376./ phi_m, min: 0.000000 at y = 1.690000
phi_e, max: -30.244217 at y = 1.782358, phi_e, min: -31.538784 at y = 1.967143
phi_m, max: 101.058067 at y = 1.909413./ phi_m, min: 0.000000 at y = 1.690000
phi_e, max: -5.004213 at y = 1.794726, phi_e, min: -5.655750 at y = 1.909413
phi_m, max: 82.225182 at y = 1.910000./ phi_m, min: 0.000000 at y = 1.690000
phi_e, max: -1.527612 at y = 1.789071, phi_e, min: -2.059176 at y = 1.908213
phi_m, max: 62.171525 at y = 1.935215./ phi_m, min: 0.000000 at y = 1.690000
phi_e, max: 1.090590 at y = 1.789071, phi_e, min: 0.700745 at y = 1.908213
phi_m, max: 43.908693 at y = 1.935215./ phi_m, min: 0.000000 at y = 1.690000
phi_e, max: -20.734367 at y = 1.795925, phi_e, min: -21.026469 at y = 1.908213
phi_m, max: 25.697686 at y = 1.935215./ phi_m, min: 0.000000 at y = 1.690000
phi_e, max: 41.601928 at y = 1.632857, phi_e, min: 41.082661 at y = 1.908213
phi_m, max: 5.741435 at y = 1.935215./ phi_m, min: 0.000000 at y = 1.690000
phi_e, max: 2.913978 at y = 1.908213, phi_e, min: 2.807198 at y = 1.763461
phi_m, max: 0.496465 at y = 1.935215./ phi_m, min: -0.250148 at y = 1.661429
phi_e, max: 1.652602 at y = 1.967143, phi_e, min: 1.626589 at y = 1.746932
phi_m, max: -0.000000 at y = 1.690000./ phi_m, min: -0.401362 at y = 1.661429
phi_e, max: 2.643444 at y = 1.967143, phi_e, min: 2.640308 at y = 1.789071
phi_m, max: -0.000000 at y = 1.690000./ phi_m, min: -0.477174 at y = 1.690587
phi_e, max: 1.117239 at y = 1.690587, phi_e, min: 1.114039 at y = 1.810929
phi_m, max: -0.000000 at y = 1.690000./ phi_m, min: -0.512679 at y = 1.691624
phi_e, max: 1.870516 at y = 1.690587, phi_e, min: 1.867046 at y = 1.807967


phi_m, max: -0.000000 at y = 4.000000./ phi_m, min: -0.001159 at y = 4.218213
phi_e, max: 5.619983 at y = 4.001787, phi_e, min: 5.619972 at y = 4.140489
phi_m, max: -0.000000 at y = 4.000000./ phi_m, min: -0.001168 at y = 4.218213
phi_e, max: -10.680133 at y = 4.001787, phi_e, min: -10.680145 at y = 4.140489
phi_m, max: -0.000000 at y = 4.000000./ phi_m, min: -0.001159 at y = 4.218213
phi_e, max: 2.179910 at y = 4.001787, phi_e, min: 2.179899 at y = 4.140489
phi_m, max: -0.000000 at y = 4.000000./ phi_m, min: -0.001148 at y = 4.218213
phi_e, max: -3.181349 at y = 4.001787, phi_e, min: -3.181360 at y = 4.140489
phi_m, max: -0.000000 at y = 4.000000./ phi_m, min: -0.001139 at y = 4.218213
phi_e, max: 14.397081 at y = 4.001787, phi_e, min: 14.397070 at y = 4.140489
phi_m, max: -0.000000 at y = 4.000000./ phi_m, min: -0.001130 at y = 4.218213
phi_e, max: -35.745334 at y = 4.001787, phi_e, min: -35.745346 at y = 4.142646
phi_m, max: -0.000000 at y = 4.000000./ phi_m, min: -0.001121 at y = 4.218213
phi_e, max: 0.067036 at y = 4.001787, phi_e, min: 0.067014 at y = 4.156213
phi_m, max: 0.002954 at y = 4.000000./ phi_m, min: -0.000984 at y = 4.218376
phi_e, max: -3.190686 at y = 4.000587, phi_e, min: -3.191399 at y = 4.184391
phi_m, max: 0.062853 at y = 4.000000./ phi_m, min: 0.000000 at y = 4.000000
phi_e, max: 6.032554 at y = 4.000587, phi_e, min: 6.021391 at y = 4.184785
phi_m, max: 7.468375 at y = 4.000000./ phi_m, min: 0.000000 at y = 4.000000
phi_e, max: -29.615414 at y = 4.000587, phi_e, min: -30.917936 at y = 4.184785
phi_m, max: 114.971247 at y = 4.000587./ phi_m, min: 0.000000 at y = 4.000000
phi_e, max: 49.924457 at y = 4.215587, phi_e, min: 40.753769 at y = 4.003213
phi_m, max: 116.071290 at y = 4.218376./ phi_m, min: 0.000000 at y = 4.000000
phi_e, max: 3.819160 at y = 4.134497, phi_e, min: 2.753618 at y = 4.000587
phi_m, max: 106.249479 at y = 4.219413./ phi_m, min: 0.000000 at y = 4.000000
phi_e, max: 2.214206 at y = 4.120929, phi_e, min: 1.391397 at y = 4.000587
phi_m, max: 88.424822 at y = 4.219413./ phi_m, min: 0.000000 at y = 4.000000
phi_e, max: 3.317562 at y = 4.111918, phi_e, min: 2.709004 at y = 4.000587
phi_m, max: 68.239029 at y = 4.219413./ phi_m, min: 0.000000 at y = 4.000000
phi_e, max: 1.040072 at y = 4.102276, phi_e, min: 0.505070 at y = 4.218213
phi_m, max: 49.046972 at y = 4.219413./ phi_m, min: 0.000000 at y = 4.000000
phi_e, max: 2.531947 at y = 4.105925, phi_e, min: 2.101903 at y = 4.218213


phi_m, max: 0.190458 at y = 1.060000./ phi_m, min: 0.000000 at y = 1.070000
phi_e, max: 5.632505 at y = 1.063213, phi_e, min: 5.620310 at y = 1.362358
phi_m, max: 6.364808 at y = 1.060000./ phi_m, min: 0.000000 at y = 1.070000
phi_e, max: -10.280745 at y = 1.063213, phi_e, min: -10.669249 at y = 1.362358
phi_m, max: 115.689359 at y = 1.061787./ phi_m, min: 0.000000 at y = 1.070000
phi_e, max: 2.594853 at y = 1.274413, phi_e, min: -9.503351 at y = 1.066787
phi_m, max: 115.621804 at y = 1.278213./ phi_m, min: 0.000000 at y = 1.070000
phi_e, max: -1.839447 at y = 1.154515, phi_e, min: -2.563333 at y = 1.278213
phi_m, max: 104.779568 at y = 1.279413./ phi_m, min: 0.000000 at y = 1.070000
phi_e, max: 10.174467 at y = 1.164726, phi_e, min: 9.769419 at y = 1.278213
phi_m, max: 86.894250 at y = 1.365714./ phi_m, min: 0.000000 at y = 1.070000
phi_e, max: -30.858206 at y = 1.164726, phi_e, min: -31.176820 at y = 1.278213
phi_m, max: 66.956446 at y = 1.365714./ phi_m, min: 0.000000 at y = 1.070000
phi_e, max: -5.557234 at y = 1.164726, phi_e, min: -5.786806 at y = 1.278213
phi_m, max: 48.064310 at y = 1.365714./ phi_m, min: 0.000000 at y = 1.070000
phi_e, max: -1.937380 at y = 1.175274, phi_e, min: -2.114068 at y = 1.064413
phi_m, max: 30.754905 at y = 1.365714./ phi_m, min: 0.000000 at y = 1.070000
phi_e, max: 0.942579 at y = 1.061787, phi_e, min: 0.685997 at y = 1.278213
phi_m, max: 9.379335 at y = 1.365714./ phi_m, min: 0.000000 at y = 1.070000
phi_e, max: -20.884243 at y = 1.275587, phi_e, min: -20.993460 at y = 1.137354
phi_m, max: 1.026353 at y = 1.365714./ phi_m, min: -0.182216 at y = 1.060000
phi_e, max: 41.648985 at y = 1.278213, phi_e, min: 41.617814 at y = 1.118131
phi_m, max: -0.000000 at y = 1.070000./ phi_m, min: -0.373677 at y = 1.060000
phi_e, max: 2.832747 at y = 1.279413, phi_e, min: 2.828786 at y = 1.133461
phi_m, max: -0.000000 at y = 1.070000./ phi_m, min: -0.461864 at y = 1.060587
phi_e, max: 1.630597 at y = 1.279413, phi_e, min: 1.628698 at y = 1.159071
phi_m, max: -0.000000 at y = 1.070000./ phi_m, min: -0.506081 at y = 1.061624
phi_e, max: 2.645170 at y = 1.278213, phi_e, min: 2.643084 at y = 1.164726
phi_m, max: -0.000000 at y = 1.070000./ phi_m, min: -0.520081 at y = 1.063574
phi_e, max: 1.120069 at y = 1.275587, phi_e, min: 1.117818 at y = 1.164726
phi_m, max: -0.000000 at y = 1.070000./ phi_m, min: -0.520031 at y = 1.275510
phi_e, max: 1.873392 at y = 1.275587, phi_e, min: 1.871110 at y = 1.164726


phi_m, max: -0.000000 at y = 1.938571./ phi_m, min: -0.001147 at y = 2.115168
phi_e, max: 5.619990 at y = 2.115587, phi_e, min: 5.619981 at y = 1.948782
phi_m, max: -0.000000 at y = 1.938571./ phi_m, min: -0.001093 at y = 2.117458
phi_e, max: -10.680076 at y = 1.910000, phi_e, min: -10.680152 at y = 1.956932
phi_m, max: 0.006349 at y = 1.916318./ phi_m, min: -0.000539 at y = 2.118376
phi_e, max: 2.180543 at y = 1.910000, phi_e, min: 2.179723 at y = 1.956932
phi_m, max: 0.580125 at y = 1.916318./ phi_m, min: 0.000000 at y = 1.938571
phi_e, max: -3.131556 at y = 1.910000, phi_e, min: -3.195817 at y = 1.956932
phi_m, max: 7.976606 at y = 1.910000./ phi_m, min: 0.000000 at y = 1.938571
phi_e, max: 14.721723 at y = 2.113213, phi_e, min: 14.228766 at y = 1.920211
phi_m, max: 115.887675 at y = 2.113633./ phi_m, min: 0.000000 at y = 1.938571
phi_e, max: -31.411739 at y = 1.935215, phi_e, min: -35.413574 at y = 2.118213
phi_m, max: 109.542520 at y = 2.119413./ phi_m, min: 0.000000 at y = 1.938571
phi_e, max: -5.600675 at y = 1.935215, phi_e, min: -6.305782 at y = 2.118213
phi_m, max: 93.662361 at y = 2.262857./ phi_m, min: 0.000000 at y = 1.938571
phi_e, max: -2.015944 at y = 1.941928, phi_e, min: -2.521416 at y = 2.118213
phi_m, max: 74.089451 at y = 2.262857./ phi_m, min: 0.000000 at y = 1.938571
phi_e, max: 0.732730 at y = 1.941928, phi_e, min: 0.359393 at y = 2.118213
phi_m, max: 54.457445 at y = 2.262857./ phi_m, min: 0.000000 at y = 1.938571
phi_e, max: -20.998368 at y = 1.948782, phi_e, min: -21.252915 at y = 2.118213
phi_m, max: 37.093054 at y = 2.262857./ phi_m, min: 0.000000 at y = 1.938571
phi_e, max: 41.092061 at y = 1.920211, phi_e, min: 40.856305 at y = 2.118213
phi_m, max: 16.436476 at y = 2.262857./ phi_m, min: 0.000000 at y = 1.938571
phi_e, max: 2.995012 at y = 2.113213, phi_e, min: 2.906943 at y = 1.935215
phi_m, max: 2.451141 at y = 2.262857./ phi_m, min: 0.000000 at y = 1.938571
phi_e, max: 1.706491 at y = 2.116787, phi_e, min: 1.650742 at y = 1.928360
phi_m, max: 0.060054 at y = 2.262857./ phi_m, min: -0.213772 at y = 1.910000
phi_e, max: 2.651883 at y = 2.118213, phi_e, min: 2.643166 at y = 1.935215
phi_m, max: -0.000000 at y = 1.938571./ phi_m, min: -0.384004 at y = 1.910000
phi_e, max: 1.118801 at y = 2.119413, phi_e, min: 1.115904 at y = 1.948782
phi_m, max: -0.000000 at y = 1.938571./ phi_m, min: -0.466027 at y = 1.910000
phi_e, max: 1.872426 at y = 2.118213, phi_e, min: 1.869419 at y = 1.948782


phi_m, max: 115.885200 at y = 0.226426./ phi_m, min: 0.000000 at y = 0.220000
phi_e, max: 5.572332 at y = 0.497143, phi_e, min: 3.978198 at y = 0.220587
phi_m, max: 113.657914 at y = 0.438376./ phi_m, min: 0.000000 at y = 0.220000
phi_e, max: -8.088097 at y = 0.315714, phi_e, min: -9.004554 at y = 0.439413
phi_m, max: 99.931645 at y = 0.439413./ phi_m, min: 0.000000 at y = 0.220000
phi_e, max: -6.502838 at y = 0.318676, phi_e, min: -7.112208 at y = 0.438213
phi_m, max: 80.920607 at y = 0.440000./ phi_m, min: 0.000000 at y = 0.220000
phi_e, max: -1.427514 at y = 0.312358, phi_e, min: -1.939219 at y = 0.438213
phi_m, max: 60.907237 at y = 0.468571./ phi_m, min: 0.000000 at y = 0.220000
phi_e, max: 10.492657 at y = 0.305503, phi_e, min: 10.106015 at y = 0.438213
phi_m, max: 42.829641 at y = 0.468571./ phi_m, min: 0.000000 at y = 0.220000
phi_e, max: -30.536771 at y = 0.289300, phi_e, min: -30.880647 at y = 0.438213
phi_m, max: 24.293085 at y = 0.468571./ phi_m, min: 0.000000 at y = 0.220000
phi_e, max: -5.043020 at y = 0.221787, phi_e, min: -5.560993 at y = 0.497143
phi_m, max: 5.065640 at y = 0.468571./ phi_m, min: 0.000000 at y = 0.220000
phi_e, max: -1.908688 at y = 0.436787, phi_e, min: -2.001149 at y = 0.303346
phi_m, max: 0.399805 at y = 0.468571./ phi_m, min: -0.220492 at y = 0.220587
phi_e, max: 1.003114 at y = 0.438213, phi_e, min: 0.985430 at y = 0.305503
phi_m, max: -0.000000 at y = 0.220000./ phi_m, min: -0.381756 at y = 0.221624
phi_e, max: -20.996967 at y = 0.220587, phi_e, min: -21.003289 at y = 0.356654
phi_m, max: -0.000000 at y = 0.220000./ phi_m, min: -0.467576 at y = 0.222542
phi_e, max: 41.620800 at y = 0.220587, phi_e, min: 41.614780 at y = 0.362646
phi_m, max: -0.000000 at y = 0.220000./ phi_m, min: -0.509616 at y = 0.223633
phi_e, max: 2.832787 at y = 0.220587, phi_e, min: 2.827478 at y = 0.350604
phi_m, max: -0.000000 at y = 0.220000./ phi_m, min: -0.520009 at y = 0.225449
phi_e, max: 1.632002 at y = 0.221787, phi_e, min: 1.627363 at y = 0.344286
phi_m, max: -0.000000 at y = 0.220000./ phi_m, min: -0.516480 at y = 0.436259
phi_e, max: 2.645631 at y = 0.221787, phi_e, min: 2.641606 at y = 0.340929
phi_m, max: -0.000000 at y = 0.220000./ phi_m, min: -0.496467 at y = 0.436787
phi_e, max: 1.119753 at y = 0.221787, phi_e, min: 1.116279 at y = 0.335274
phi_m, max: -0.000000 at y = 0.220000./ phi_m, min: -0.464079 at y = 0.437458
phi_e, max: 1.872574 at y = 0.221787, phi_e, min: 1.869589 at y = 0.334075


phi_m, max: 0.004478 at y = 1.365714./ phi_m, min: -0.000559 at y = 1.487458
phi_e, max: 5.620523 at y = 1.481787, phi_e, min: 5.620081 at y = 1.690000
phi_m, max: 0.185100 at y = 1.365714./ phi_m, min: 0.000000 at y = 1.451429
phi_e, max: -10.662286 at y = 1.481787, phi_e, min: -10.676793 at y = 1.690000
phi_m, max: 2.046201 at y = 1.365714./ phi_m, min: 0.000000 at y = 1.451429
phi_e, max: 2.375620 at y = 1.481787, phi_e, min: 2.216403 at y = 1.690000
phi_m, max: 114.767189 at y = 1.480587./ phi_m, min: 0.000000 at y = 1.451429
phi_e, max: -0.140884 at y = 1.690000, phi_e, min: -4.155988 at y = 1.484551
phi_m, max: 113.142496 at y = 1.690000./ phi_m, min: 0.000000 at y = 1.451429
phi_e, max: 10.379736 at y = 1.690000, phi_e, min: 9.660769 at y = 1.481787
phi_m, max: 99.314711 at y = 1.690000./ phi_m, min: 0.000000 at y = 1.451429
phi_e, max: -30.725257 at y = 1.651218, phi_e, min: -31.261819 at y = 1.481787
phi_m, max: 80.317586 at y = 1.690000./ phi_m, min: 0.000000 at y = 1.451429
phi_e, max: -5.460593 at y = 1.651218, phi_e, min: -5.850996 at y = 1.481787
phi_m, max: 60.271316 at y = 1.690000./ phi_m, min: 0.000000 at y = 1.451429
phi_e, max: -1.852700 at y = 1.651218, phi_e, min: -2.113009 at y = 1.481787
phi_m, max: 42.204270 at y = 1.690000./ phi_m, min: 0.000000 at y = 1.451429
phi_e, max: 0.855931 at y = 1.651218, phi_e, min: 0.633758 at y = 1.481787
phi_m, max: 23.394787 at y = 1.690000./ phi_m, min: 0.000000 at y = 1.451429
phi_e, max: -20.907302 at y = 1.481787, phi_e, min: -20.973233 at y = 1.690000
phi_m, max: 4.583201 at y = 1.690000./ phi_m, min: 0.000000 at y = 1.451429
phi_e, max: 41.685736 at y = 1.485587, phi_e, min: 41.590095 at y = 1.690000
phi_m, max: 0.314277 at y = 1.690000./ phi_m, min: -0.137545 at y = 1.365714
phi_e, max: 2.838001 at y = 1.486787, phi_e, min: 2.825327 at y = 1.651218
phi_m, max: -0.000000 at y = 1.451429./ phi_m, min: -0.354903 at y = 1.365714
phi_e, max: 1.631205 at y = 1.480587, phi_e, min: 1.627944 at y = 1.651218
phi_m, max: -0.000000 at y = 1.451429./ phi_m, min: -0.450610 at y = 1.480587
phi_e, max: 2.645544 at y = 1.481787, phi_e, min: 2.642375 at y = 1.690000
phi_m, max: -0.000000 at y = 1.451429./ phi_m, min: -0.501352 at y = 1.481624
phi_e, max: 1.120498 at y = 1.481787, phi_e, min: 1.116972 at y = 1.690000
phi_m, max: -0.000000 at y = 1.451429./ phi_m, min: -0.520575 at y = 1.484490
phi_e, max: 1.873853 at y = 1.483213, phi_e, min: 1.870227 at y = 1.690000


phi_m, max: 1.162121 at y = 0.764286./ phi_m, min: 0.000000 at y = 0.850000
phi_e, max: 5.746486 at y = 0.851787, phi_e, min: 5.627931 at y = 1.098571
phi_m, max: 101.329507 at y = 0.764286./ phi_m, min: 0.000000 at y = 0.850000
phi_e, max: -8.899549 at y = 0.855587, phi_e, min: -10.457722 at y = 1.011869
phi_m, max: 115.701813 at y = 1.061787./ phi_m, min: 0.000000 at y = 0.850000
phi_e, max: -7.264433 at y = 0.782646, phi_e, min: -9.482873 at y = 1.066787
phi_m, max: 110.602250 at y = 1.069413./ phi_m, min: 0.000000 at y = 0.850000
phi_e, max: -1.841198 at y = 0.961918, phi_e, min: -2.227364 at y = 0.851787
phi_m, max: 94.760776 at y = 1.069413./ phi_m, min: 0.000000 at y = 0.850000
phi_e, max: 10.162382 at y = 0.955925, phi_e, min: 9.843736 at y = 1.064413
phi_m, max: 75.102512 at y = 1.070000./ phi_m, min: 0.000000 at y = 0.850000
phi_e, max: -30.858033 at y = 0.949071, phi_e, min: -31.117220 at y = 1.064413
phi_m, max: 55.362354 at y = 1.070000./ phi_m, min: 0.000000 at y = 0.850000
phi_e, max: -5.562134 at y = 0.954726, phi_e, min: -5.742451 at y = 1.064413
phi_m, max: 37.906643 at y = 1.070000./ phi_m, min: 0.000000 at y = 0.850000
phi_e, max: -1.890465 at y = 0.764286, phi_e, min: -2.114202 at y = 1.064413
phi_m, max: 17.394693 at y = 1.070000./ phi_m, min: 0.000000 at y = 0.850000
phi_e, max: 1.049186 at y = 0.854832, phi_e, min: 0.926594 at y = 1.009176
phi_m, max: 2.791392 at y = 1.070000./ phi_m, min: 0.000000 at y = 0.850000
phi_e, max: -20.964110 at y = 1.065587, phi_e, min: -20.999254 at y = 0.782646
phi_m, max: 0.098693 at y = 1.070000./ phi_m, min: -0.313488 at y = 0.764286
phi_e, max: 41.621135 at y = 1.066787, phi_e, min: 41.616674 at y = 0.933346
phi_m, max: -0.000000 at y = 0.850000./ phi_m, min: -0.430131 at y = 0.764286
phi_e, max: 2.830825 at y = 0.850587, phi_e, min: 2.828607 at y = 0.977642
phi_m, max: -0.000000 at y = 0.850000./ phi_m, min: -0.491144 at y = 0.851175
phi_e, max: 1.631323 at y = 0.851787, phi_e, min: 1.628770 at y = 0.977642
phi_m, max: -0.000000 at y = 0.850000./ phi_m, min: -0.517633 at y = 0.853574
phi_e, max: 2.645873 at y = 0.851787, phi_e, min: 2.643249 at y = 0.974286
phi_m, max: -0.000000 at y = 0.850000./ phi_m, min: -0.520080 at y = 1.063574
phi_e, max: 1.120592 at y = 0.853213, phi_e, min: 1.118021 at y = 0.970929
phi_m, max: -0.000000 at y = 0.850000./ phi_m, min: -0.512722 at y = 1.066426
phi_e, max: 1.873758 at y = 0.853213, phi_e, min: 1.871326 at y = 0.970929


phi_m, max: -0.000000 at y = 3.160000./ phi_m, min: -0.001146 at y = 3.375587
phi_e, max: 5.619987 at y = 3.378213, phi_e, min: 5.619978 at y = 3.264726
phi_m, max: -0.000000 at y = 3.160000./ phi_m, min: -0.001155 at y = 3.375587
phi_e, max: -10.680130 at y = 3.378213, phi_e, min: -10.680138 at y = 3.264726
phi_m, max: -0.000000 at y = 3.160000./ phi_m, min: -0.001147 at y = 3.375587
phi_e, max: 2.179913 at y = 3.378213, phi_e, min: 2.179905 at y = 3.264726
phi_m, max: -0.000000 at y = 3.160000./ phi_m, min: -0.001135 at y = 3.375587
phi_e, max: -3.181344 at y = 3.163213, phi_e, min: -3.181354 at y = 3.274075
phi_m, max: -0.000000 at y = 3.160000./ phi_m, min: -0.001117 at y = 3.376367
phi_e, max: 14.397127 at y = 3.161787, phi_e, min: 14.397079 at y = 3.319176
phi_m, max: 0.021353 at y = 3.131429./ phi_m, min: -0.000604 at y = 3.378376
phi_e, max: -35.742276 at y = 3.161787, phi_e, min: -35.745356 at y = 3.402253
phi_m, max: 0.214903 at y = 3.131429./ phi_m, min: 0.000000 at y = 3.160000
phi_e, max: 0.096465 at y = 3.161787, phi_e, min: 0.066794 at y = 3.402253
phi_m, max: 14.191443 at y = 3.131429./ phi_m, min: 0.000000 at y = 3.160000
phi_e, max: -1.255651 at y = 3.161787, phi_e, min: -3.206548 at y = 3.402253
phi_m, max: 115.898083 at y = 3.165168./ phi_m, min: 0.000000 at y = 3.160000
phi_e, max: 6.018288 at y = 3.376787, phi_e, min: 0.403701 at y = 3.161787
phi_m, max: 114.549507 at y = 3.378213./ phi_m, min: 0.000000 at y = 3.160000
phi_e, max: -20.883690 at y = 3.237354, phi_e, min: -22.492196 at y = 3.379413
phi_m, max: 101.791639 at y = 3.379413./ phi_m, min: 0.000000 at y = 3.160000
phi_e, max: 41.281107 at y = 3.255714, phi_e, min: 40.521745 at y = 3.379413
phi_m, max: 83.082357 at y = 3.380000./ phi_m, min: 0.000000 at y = 3.160000
phi_e, max: 3.101231 at y = 3.252358, phi_e, min: 2.474662 at y = 3.379413
phi_m, max: 63.022105 at y = 3.408571./ phi_m, min: 0.000000 at y = 3.160000
phi_e, max: 1.649128 at y = 3.249396, phi_e, min: 1.186967 at y = 3.379413
phi_m, max: 44.646340 at y = 3.408571./ phi_m, min: 0.000000 at y = 3.160000
phi_e, max: 2.912778 at y = 3.257871, phi_e, min: 2.572649 at y = 3.378213
phi_m, max: 26.646382 at y = 3.408571./ phi_m, min: 0.000000 at y = 3.160000
phi_e, max: 1.118391 at y = 3.160587, phi_e, min: 0.561442 at y = 3.378213
phi_m, max: 6.267471 at y = 3.408571./ phi_m, min: 0.000000 at y = 3.160000
phi_e, max: 1.978125 at y = 3.378213, phi_e, min: 1.855241 at y = 3.228342


phi_m, max: -0.000000 at y = 2.530000./ phi_m, min: -0.001148 at y = 2.745168
phi_e, max: 5.619990 at y = 2.745587, phi_e, min: 5.619984 at y = 2.629071
phi_m, max: -0.000000 at y = 2.530000./ phi_m, min: -0.001157 at y = 2.745168
phi_e, max: -10.680127 at y = 2.745587, phi_e, min: -10.680132 at y = 2.634726
phi_m, max: -0.000000 at y = 2.530000./ phi_m, min: -0.001147 at y = 2.745168
phi_e, max: 2.179921 at y = 2.534413, phi_e, min: 2.179913 at y = 2.655485
phi_m, max: 0.007552 at y = 2.530000./ phi_m, min: -0.001022 at y = 2.746367
phi_e, max: -3.180855 at y = 2.533213, phi_e, min: -3.181336 at y = 2.829396
phi_m, max: 0.114028 at y = 2.530000./ phi_m, min: 0.000000 at y = 2.530000
phi_e, max: 14.403599 at y = 2.533213, phi_e, min: 14.397204 at y = 2.829396
phi_m, max: 7.756563 at y = 2.530000./ phi_m, min: 0.000000 at y = 2.530000
phi_e, max: -35.307889 at y = 2.533213, phi_e, min: -35.737088 at y = 2.829396
phi_m, max: 115.332050 at y = 2.531787./ phi_m, min: 0.000000 at y = 2.530000
phi_e, max: 0.489603 at y = 2.744413, phi_e, min: -9.655536 at y = 2.536787
phi_m, max: 115.777501 at y = 2.748213./ phi_m, min: 0.000000 at y = 2.530000
phi_e, max: -2.343048 at y = 2.615503, phi_e, min: -3.182951 at y = 2.748213
phi_m, max: 105.665313 at y = 2.749413./ phi_m, min: 0.000000 at y = 2.530000
phi_e, max: 0.475980 at y = 2.626914, phi_e, min: 0.007653 at y = 2.748213
phi_m, max: 87.972268 at y = 2.835714./ phi_m, min: 0.000000 at y = 2.530000
phi_e, max: -21.214808 at y = 2.625714, phi_e, min: -21.588841 at y = 2.748213
phi_m, max: 68.067333 at y = 2.835714./ phi_m, min: 0.000000 at y = 2.530000
phi_e, max: 40.923997 at y = 2.625714, phi_e, min: 40.649419 at y = 2.748213
phi_m, max: 49.043760 at y = 2.835714./ phi_m, min: 0.000000 at y = 2.530000
phi_e, max: 2.832828 at y = 2.634726, phi_e, min: 2.656571 at y = 2.748213
phi_m, max: 31.804633 at y = 2.835714./ phi_m, min: 0.000000 at y = 2.530000
phi_e, max: 1.602563 at y = 2.571928, phi_e, min: 1.325706 at y = 2.748213
phi_m, max: 10.311108 at y = 2.835714./ phi_m, min: 0.000000 at y = 2.530000
phi_e, max: 2.776780 at y = 2.745587, phi_e, min: 2.669291 at y = 2.603705
phi_m, max: 1.188809 at y = 2.835714./ phi_m, min: -0.160839 at y = 2.530000
phi_e, max: 1.158463 at y = 2.748213, phi_e, min: 1.121359 at y = 2.501429
phi_m, max: -0.000000 at y = 2.530000./ phi_m, min: -0.365804 at y = 2.530000
phi_e, max: 1.875732 at y = 2.749413, phi_e, min: 1.870704 at y = 2.501429


Writing: "Fiber2DEphapticPlaneL4rho4_16.chk"
 (0.00115191s, XML)
Steps: 17000000 Time: 1.7         
phi_m, max: 0.004478 at y = 1.365714./ phi_m, min: -0.000559 at y = 1.487458
phi_e, max: 5.620523 at y = 1.481787, phi_e, min: 5.620081 at y = 1.690000
phi_m, max: 0.185100 at y = 1.365714./ phi_m, min: 0.000000 at y = 1.451429
phi_e, max: -10.662286 at y = 1.481787, phi_e, min: -10.676793 at y = 1.690000
phi_m, max: 2.046201 at y = 1.365714./ phi_m, min: 0.000000 at y = 1.451429
phi_e, max: 2.375620 at y = 1.481787, phi_e, min: 2.216403 at y = 1.690000
phi_m, max: 114.767189 at y = 1.480587./ phi_m, min: 0.000000 at y = 1.451429
phi_e, max: -0.140884 at y = 1.690000, phi_e, min: -4.155988 at y = 1.484551
phi_m, max: 113.142496 at y = 1.690000./ phi_m, min: 0.000000 at y = 1.451429
phi_e, max: 10.379736 at y = 1.690000, phi_e, min: 9.660769 at y = 1.481787
phi_m, max: 99.314711 at y = 1.690000./ phi_m, min: 0.000000 at y = 1.451429
phi_e, max: -30.725257 at y = 1.651218, phi_e, min: -31.261819 at y = 1.481787
phi_m, max: 80.317586 at y = 1.690000./ phi_m, min: 0.000000 at y = 1.451429
phi_e, max: -5.460593 at y = 1.651218, phi_e, min: -5.850996 at y = 1.481787
phi_m, max: 60.271316 at y = 1.690000./ phi_m, min: 0.000000 at y = 1.451429
phi_e, max: -1.852700 at y = 1.651218, phi_e, min: -2.113009 at y = 1.481787
phi_m, max: 42.204270 at y = 1.690000./ phi_m, min: 0.000000 at y = 1.451429
phi_e, max: 0.855931 at y = 1.651218, phi_e, min: 0.633758 at y = 1.481787
phi_m, max: 23.394787 at y = 1.690000./ phi_m, min: 0.000000 at y = 1.451429
phi_e, max: -20.907302 at y = 1.481787, phi_e, min: -20.973233 at y = 1.690000
phi_m, max: 4.583201 at y = 1.690000./ phi_m, min: 0.000000 at y = 1.451429
phi_e, max: 41.685736 at y = 1.485587, phi_e, min: 41.590095 at y = 1.690000
phi_m, max: 0.314277 at y = 1.690000./ phi_m, min: -0.137545 at y = 1.365714
phi_e, max: 2.838001 at y = 1.486787, phi_e, min: 2.825327 at y = 1.651218
phi_m, max: -0.000000 at y = 1.451429./ phi_m, min: -0.354903 at y = 1.365714
phi_e, max: 1.631205 at y = 1.480587, phi_e, min: 1.627944 at y = 1.651218
phi_m, max: -0.000000 at y = 1.451429./ phi_m, min: -0.450610 at y = 1.480587
phi_e, max: 2.645544 at y = 1.481787, phi_e, min: 2.642375 at y = 1.690000
phi_m, max: -0.000000 at y = 1.451429./ phi_m, min: -0.501352 at y = 1.481624
phi_e, max: 1.120498 at y = 1.481787, phi_e, min: 1.116972 at y = 1.690000
phi_m, max: -0.000000 at y = 1.451429./ phi_m, min: -0.520575 at y = 1.484490
phi_e, max: 1.873853 at y = 1.483213, phi_e, min: 1.870227 at y = 1.690000
phi_m, max: -0.000000 at y = 1.451429./ phi_m, min: -0.517065 at y = 1.486426
phi_e, max: -0.728145 at y = 1.483213, phi_e, min: -0.731697 at y = 1.690000


phi_m, max: 1.162121 at y = 0.764286./ phi_m, min: 0.000000 at y = 0.850000
phi_e, max: 5.746486 at y = 0.851787, phi_e, min: 5.627931 at y = 1.098571
phi_m, max: 101.329507 at y = 0.764286./ phi_m, min: 0.000000 at y = 0.850000
phi_e, max: -8.899549 at y = 0.855587, phi_e, min: -10.457722 at y = 1.011869
phi_m, max: 115.701813 at y = 1.061787./ phi_m, min: 0.000000 at y = 0.850000
phi_e, max: -7.264433 at y = 0.782646, phi_e, min: -9.482873 at y = 1.066787
phi_m, max: 110.602250 at y = 1.069413./ phi_m, min: 0.000000 at y = 0.850000
phi_e, max: -1.841198 at y = 0.961918, phi_e, min: -2.227364 at y = 0.851787
phi_m, max: 94.760776 at y = 1.069413./ phi_m, min: 0.000000 at y = 0.850000
phi_e, max: 10.162382 at y = 0.955925, phi_e, min: 9.843736 at y = 1.064413
phi_m, max: 75.102512 at y = 1.070000./ phi_m, min: 0.000000 at y = 0.850000
phi_e, max: -30.858033 at y = 0.949071, phi_e, min: -31.117220 at y = 1.064413
phi_m, max: 55.362354 at y = 1.070000./ phi_m, min: 0.000000 at y = 0.850000
phi_e, max: -5.562134 at y = 0.954726, phi_e, min: -5.742451 at y = 1.064413
phi_m, max: 37.906643 at y = 1.070000./ phi_m, min: 0.000000 at y = 0.850000
phi_e, max: -1.890465 at y = 0.764286, phi_e, min: -2.114202 at y = 1.064413
phi_m, max: 17.394693 at y = 1.070000./ phi_m, min: 0.000000 at y = 0.850000
phi_e, max: 1.049186 at y = 0.854832, phi_e, min: 0.926594 at y = 1.009176
phi_m, max: 2.791392 at y = 1.070000./ phi_m, min: 0.000000 at y = 0.850000
phi_e, max: -20.964110 at y = 1.065587, phi_e, min: -20.999254 at y = 0.782646
phi_m, max: 0.098693 at y = 1.070000./ phi_m, min: -0.313488 at y = 0.764286
phi_e, max: 41.621135 at y = 1.066787, phi_e, min: 41.616674 at y = 0.933346
phi_m, max: -0.000000 at y = 0.850000./ phi_m, min: -0.430131 at y = 0.764286
phi_e, max: 2.830825 at y = 0.850587, phi_e, min: 2.828607 at y = 0.977642
phi_m, max: -0.000000 at y = 0.850000./ phi_m, min: -0.491144 at y = 0.851175
phi_e, max: 1.631323 at y = 0.851787, phi_e, min: 1.628770 at y = 0.977642
phi_m, max: -0.000000 at y = 0.850000./ phi_m, min: -0.517633 at y = 0.853574
phi_e, max: 2.645873 at y = 0.851787, phi_e, min: 2.643249 at y = 0.974286
phi_m, max: -0.000000 at y = 0.850000./ phi_m, min: -0.520080 at y = 1.063574
phi_e, max: 1.120592 at y = 0.853213, phi_e, min: 1.118021 at y = 0.970929
phi_m, max: -0.000000 at y = 0.850000./ phi_m, min: -0.512722 at y = 1.066426
phi_e, max: 1.873758 at y = 0.853213, phi_e, min: 1.871326 at y = 0.970929
phi_m, max: -0.000000 at y = 0.850000./ phi_m, min: -0.488350 at y = 1.066787
phi_e, max: -0.728367 at y = 0.854413, phi_e, min: -0.730612 at y = 0.967967


phi_m, max: -0.000000 at y = 3.160000./ phi_m, min: -0.001146 at y = 3.375587
phi_e, max: 5.619987 at y = 3.378213, phi_e, min: 5.619978 at y = 3.264726
phi_m, max: -0.000000 at y = 3.160000./ phi_m, min: -0.001155 at y = 3.375587
phi_e, max: -10.680130 at y = 3.378213, phi_e, min: -10.680138 at y = 3.264726
phi_m, max: -0.000000 at y = 3.160000./ phi_m, min: -0.001147 at y = 3.375587
phi_e, max: 2.179913 at y = 3.378213, phi_e, min: 2.179905 at y = 3.264726
phi_m, max: -0.000000 at y = 3.160000./ phi_m, min: -0.001135 at y = 3.375587
phi_e, max: -3.181344 at y = 3.163213, phi_e, min: -3.181354 at y = 3.274075
phi_m, max: -0.000000 at y = 3.160000./ phi_m, min: -0.001117 at y = 3.376367
phi_e, max: 14.397127 at y = 3.161787, phi_e, min: 14.397079 at y = 3.319176
phi_m, max: 0.021353 at y = 3.131429./ phi_m, min: -0.000604 at y = 3.378376
phi_e, max: -35.742276 at y = 3.161787, phi_e, min: -35.745356 at y = 3.402253
phi_m, max: 0.214903 at y = 3.131429./ phi_m, min: 0.000000 at y = 3.160000
phi_e, max: 0.096465 at y = 3.161787, phi_e, min: 0.066794 at y = 3.402253
phi_m, max: 14.191443 at y = 3.131429./ phi_m, min: 0.000000 at y = 3.160000
phi_e, max: -1.255651 at y = 3.161787, phi_e, min: -3.206548 at y = 3.402253
phi_m, max: 115.898083 at y = 3.165168./ phi_m, min: 0.000000 at y = 3.160000
phi_e, max: 6.018288 at y = 3.376787, phi_e, min: 0.403701 at y = 3.161787
phi_m, max: 114.549507 at y = 3.378213./ phi_m, min: 0.000000 at y = 3.160000
phi_e, max: -20.883690 at y = 3.237354, phi_e, min: -22.492196 at y = 3.379413
phi_m, max: 101.791639 at y = 3.379413./ phi_m, min: 0.000000 at y = 3.160000
phi_e, max: 41.281107 at y = 3.255714, phi_e, min: 40.521745 at y = 3.379413
phi_m, max: 83.082357 at y = 3.380000./ phi_m, min: 0.000000 at y = 3.160000
phi_e, max: 3.101231 at y = 3.252358, phi_e, min: 2.474662 at y = 3.379413
phi_m, max: 63.022105 at y = 3.408571./ phi_m, min: 0.000000 at y = 3.160000
phi_e, max: 1.649128 at y = 3.249396, phi_e, min: 1.186967 at y = 3.379413
phi_m, max: 44.646340 at y = 3.408571./ phi_m, min: 0.000000 at y = 3.160000
phi_e, max: 2.912778 at y = 3.257871, phi_e, min: 2.572649 at y = 3.378213
phi_m, max: 26.646382 at y = 3.408571./ phi_m, min: 0.000000 at y = 3.160000
phi_e, max: 1.118391 at y = 3.160587, phi_e, min: 0.561442 at y = 3.378213
phi_m, max: 6.267471 at y = 3.408571./ phi_m, min: 0.000000 at y = 3.160000
phi_e, max: 1.978125 at y = 3.378213, phi_e, min: 1.855241 at y = 3.228342
phi_m, max: 0.573015 at y = 3.408571./ phi_m, min: -0.235260 at y = 3.131429
phi_e, max: -0.700359 at y = 3.379413, phi_e, min: -0.731469 at y = 3.208782


phi_m, max: -0.000000 at y = 3.790000./ phi_m, min: -0.001150 at y = 3.794832
phi_e, max: 5.619993 at y = 3.793213, phi_e, min: 5.619981 at y = 4.010000
phi_m, max: -0.000000 at y = 3.790000./ phi_m, min: -0.001159 at y = 3.794832
phi_e, max: -10.680123 at y = 3.793213, phi_e, min: -10.680135 at y = 4.010000
phi_m, max: -0.000000 at y = 3.790000./ phi_m, min: -0.001151 at y = 3.794832
phi_e, max: 2.179920 at y = 3.793213, phi_e, min: 2.179908 at y = 4.010000
phi_m, max: -0.000000 at y = 3.790000./ phi_m, min: -0.001140 at y = 3.794832
phi_e, max: -3.181339 at y = 3.793213, phi_e, min: -3.181351 at y = 4.010000
phi_m, max: -0.000000 at y = 3.790000./ phi_m, min: -0.001130 at y = 3.794832
phi_e, max: 14.397091 at y = 3.793213, phi_e, min: 14.397080 at y = 4.010000
phi_m, max: -0.000000 at y = 3.790000./ phi_m, min: -0.001115 at y = 3.795587
phi_e, max: -35.745319 at y = 3.793213, phi_e, min: -35.745336 at y = 4.010000
phi_m, max: -0.000000 at y = 3.790000./ phi_m, min: -0.001056 at y = 3.796787
phi_e, max: 0.067094 at y = 3.791787, phi_e, min: 0.067032 at y = 4.010000
phi_m, max: 0.028202 at y = 3.704286./ phi_m, min: 0.000000 at y = 3.790000
phi_e, max: -3.187585 at y = 3.791787, phi_e, min: -3.190807 at y = 4.010000
phi_m, max: 0.463353 at y = 3.704286./ phi_m, min: 0.000000 at y = 3.790000
phi_e, max: 6.081606 at y = 3.791787, phi_e, min: 6.030650 at y = 4.010000
phi_m, max: 79.007724 at y = 3.704286./ phi_m, min: 0.000000 at y = 3.790000
phi_e, max: -24.640106 at y = 3.793213, phi_e, min: -29.835984 at y = 4.010000
phi_m, max: 115.471142 at y = 3.798376./ phi_m, min: 0.000000 at y = 3.790000
phi_e, max: 41.829811 at y = 4.010000, phi_e, min: 39.925679 at y = 3.791787
phi_m, max: 105.755107 at y = 4.000000./ phi_m, min: 0.000000 at y = 3.790000
phi_e, max: 2.923958 at y = 4.010000, phi_e, min: 2.025797 at y = 3.791787
phi_m, max: 88.129765 at y = 4.000000./ phi_m, min: 0.000000 at y = 3.790000
phi_e, max: 1.534847 at y = 4.010000, phi_e, min: 0.856088 at y = 3.791787
phi_m, max: 68.087402 at y = 4.000000./ phi_m, min: 0.000000 at y = 3.790000
phi_e, max: 2.821122 at y = 4.010000, phi_e, min: 2.354172 at y = 3.791787
phi_m, max: 48.986533 at y = 4.000000./ phi_m, min: 0.000000 at y = 3.790000
phi_e, max: 0.707659 at y = 4.010000, phi_e, min: 0.368338 at y = 3.791787
phi_m, max: 31.571682 at y = 4.000000./ phi_m, min: 0.000000 at y = 3.790000
phi_e, max: 2.232963 at y = 4.010000, phi_e, min: 1.981674 at y = 3.794413
phi_m, max: 10.031159 at y = 4.000000./ phi_m, min: 0.000000 at y = 3.790000
phi_e, max: -0.614633 at y = 3.794413, phi_e, min: -0.832414 at y = 4.008825


phi_m, max: 112.889024 at y = 0.220000./ phi_m, min: 0.000000 at y = -0.010000
phi_e, max: 4.045667 at y = 0.220000, phi_e, min: 3.696010 at y = 0.000587
phi_m, max: 98.755024 at y = 0.220000./ phi_m, min: 0.000000 at y = -0.010000
phi_e, max: -8.561769 at y = 0.220000, phi_e, min: -8.714841 at y = 0.000587
phi_m, max: 79.667367 at y = 0.220000./ phi_m, min: 0.000000 at y = -0.010000
phi_e, max: -6.858655 at y = 0.220000, phi_e, min: -6.899140 at y = 0.000587
phi_m, max: 59.698380 at y = 0.220000./ phi_m, min: 0.000000 at y = -0.010000
phi_e, max: -1.607974 at y = 0.016787, phi_e, min: -1.662972 at y = 0.220000
phi_m, max: 41.845566 at y = 0.220000./ phi_m, min: 0.000000 at y = -0.010000
phi_e, max: 10.433197 at y = 0.016787, phi_e, min: 10.358668 at y = 0.220000
phi_m, max: 23.422324 at y = 0.220000./ phi_m, min: 0.000000 at y = -0.010000
phi_e, max: -30.364982 at y = 0.016787, phi_e, min: -30.584992 at y = 0.220000
phi_m, max: 4.593064 at y = 0.220000./ phi_m, min: 0.000000 at y = -0.010000
phi_e, max: -4.946055 at y = 0.015587, phi_e, min: -5.056647 at y = 0.220000
phi_m, max: 0.330641 at y = 0.220000./ phi_m, min: 0.000000 at y = -0.010000
phi_e, max: -1.963699 at y = 0.018213, phi_e, min: -1.971537 at y = 0.191429
phi_m, max: -0.000000 at y = -0.010000./ phi_m, min: -0.220056 at y = 0.220000
phi_e, max: 0.991991 at y = 0.220000, phi_e, min: 0.989588 at y = 0.013213
phi_m, max: -0.000000 at y = -0.010000./ phi_m, min: -0.377987 at y = 0.220000
phi_e, max: -20.997012 at y = 0.220000, phi_e, min: -20.998549 at y = 0.013213
phi_m, max: -0.000000 at y = -0.010000./ phi_m, min: -0.460338 at y = 0.220000
phi_e, max: 41.620758 at y = 0.220000, phi_e, min: 41.620213 at y = 0.013213
phi_m, max: -0.000000 at y = -0.010000./ phi_m, min: -0.498454 at y = 0.220000
phi_e, max: 2.833086 at y = 0.019413, phi_e, min: 2.832409 at y = 0.220000
phi_m, max: -0.000000 at y = -0.010000./ phi_m, min: -0.504746 at y = 0.220000
phi_e, max: 1.632685 at y = 0.019413, phi_e, min: 1.631656 at y = 0.220000
phi_m, max: -0.000000 at y = -0.010000./ phi_m, min: -0.489113 at y = 0.220000
phi_e, max: 2.646537 at y = 0.018213, phi_e, min: 2.645319 at y = 0.220000
phi_m, max: -0.000000 at y = -0.010000./ phi_m, min: -0.459554 at y = 0.220000
phi_e, max: 1.120776 at y = 0.018213, phi_e, min: 1.119475 at y = 0.220000
phi_m, max: -0.000000 at y = -0.010000./ phi_m, min: -0.422251 at y = 0.016426
phi_e, max: 1.873633 at y = 0.018213, phi_e, min: 1.872329 at y = 0.220000
phi_m, max: -0.000000 at y = -0.010000./ phi_m, min: -0.382729 at y = 0.016426
phi_e, max: -0.728677 at y = 0.016787, phi_e, min: -0.729932 at y = 0.220000


phi_m, max: 12.401412 at y = 0.468571./ phi_m, min: 0.000000 at y = 0.640000
phi_e, max: 6.225881 at y = 0.643213, phi_e, min: 5.549122 at y = 0.468571
phi_m, max: 115.915580 at y = 0.644832./ phi_m, min: 0.000000 at y = 0.640000
phi_e, max: -8.899324 at y = 0.471928, phi_e, min: -11.171729 at y = 0.648213
phi_m, max: 108.750059 at y = 0.649413./ phi_m, min: 0.000000 at y = 0.640000
phi_e, max: -7.040250 at y = 0.478782, phi_e, min: -7.649416 at y = 0.648213
phi_m, max: 92.535536 at y = 0.792857./ phi_m, min: 0.000000 at y = 0.640000
phi_e, max: -1.884639 at y = 0.478782, phi_e, min: -2.334205 at y = 0.648213
phi_m, max: 72.865358 at y = 0.792857./ phi_m, min: 0.000000 at y = 0.640000
phi_e, max: 10.144042 at y = 0.478782, phi_e, min: 9.814067 at y = 0.648213
phi_m, max: 53.334603 at y = 0.792857./ phi_m, min: 0.000000 at y = 0.640000
phi_e, max: -30.851979 at y = 0.478782, phi_e, min: -31.077134 at y = 0.648213
phi_m, max: 36.040488 at y = 0.792857./ phi_m, min: 0.000000 at y = 0.640000
phi_e, max: -5.556317 at y = 0.471534, phi_e, min: -5.767217 at y = 0.646787
phi_m, max: 15.062472 at y = 0.792857./ phi_m, min: 0.000000 at y = 0.640000
phi_e, max: -1.825739 at y = 0.644413, phi_e, min: -1.918651 at y = 0.478782
phi_m, max: 2.127801 at y = 0.792857./ phi_m, min: 0.000000 at y = 0.640000
phi_e, max: 1.046620 at y = 0.646787, phi_e, min: 1.001249 at y = 0.471928
phi_m, max: 0.016234 at y = 0.792857./ phi_m, min: -0.227864 at y = 0.468571
phi_e, max: -20.994954 at y = 0.648213, phi_e, min: -21.001914 at y = 0.471928
phi_m, max: -0.000000 at y = 0.640000./ phi_m, min: -0.389216 at y = 0.468571
phi_e, max: 41.618448 at y = 0.649413, phi_e, min: 41.615842 at y = 0.478782
phi_m, max: -0.000000 at y = 0.640000./ phi_m, min: -0.467913 at y = 0.640587
phi_e, max: 2.831853 at y = 0.648213, phi_e, min: 2.829084 at y = 0.478782
phi_m, max: -0.000000 at y = 0.640000./ phi_m, min: -0.508697 at y = 0.642542
phi_e, max: 1.632400 at y = 0.645587, phi_e, min: 1.629361 at y = 0.478782
phi_m, max: -0.000000 at y = 0.640000./ phi_m, min: -0.520775 at y = 0.645168
phi_e, max: 2.646924 at y = 0.645587, phi_e, min: 2.643797 at y = 0.478782
phi_m, max: -0.000000 at y = 0.640000./ phi_m, min: -0.510778 at y = 0.646426
phi_e, max: 1.121568 at y = 0.645587, phi_e, min: 1.118513 at y = 0.478782
phi_m, max: -0.000000 at y = 0.640000./ phi_m, min: -0.484431 at y = 0.647458
phi_e, max: 1.874644 at y = 0.645587, phi_e, min: 1.871761 at y = 0.478782
phi_m, max: -0.000000 at y = 0.640000./ phi_m, min: -0.448220 at y = 0.647458
phi_e, max: -0.727577 at y = 0.645587, phi_e, min: -0.730232 at y = 0.478782


phi_m, max: -0.000000 at y = 2.291429./ phi_m, min: -0.001147 at y = 2.324832
phi_e, max: 5.619988 at y = 2.324413, phi_e, min: 5.619983 at y = 2.431918
phi_m, max: -0.000000 at y = 2.291429./ phi_m, min: -0.001154 at y = 2.535168
phi_e, max: -10.680122 at y = 2.323213, phi_e, min: -10.680132 at y = 2.450604
phi_m, max: -0.000000 at y = 2.291429./ phi_m, min: -0.001131 at y = 2.536367
phi_e, max: 2.179987 at y = 2.205714, phi_e, min: 2.179916 at y = 2.485225
phi_m, max: 0.051613 at y = 2.234286./ phi_m, min: -0.000452 at y = 2.538825
phi_e, max: -3.175581 at y = 2.205714, phi_e, min: -3.181052 at y = 2.499272
phi_m, max: 0.700428 at y = 2.234286./ phi_m, min: 0.000000 at y = 2.291429
phi_e, max: 14.473822 at y = 2.205714, phi_e, min: 14.401012 at y = 2.499272
phi_m, max: 88.834615 at y = 2.234286./ phi_m, min: 0.000000 at y = 2.291429
phi_e, max: -32.440417 at y = 2.324413, phi_e, min: -35.514668 at y = 2.491218
phi_m, max: 115.368397 at y = 2.531787./ phi_m, min: 0.000000 at y = 2.291429
phi_e, max: -5.956020 at y = 2.230929, phi_e, min: -9.645766 at y = 2.535587
phi_m, max: 111.330249 at y = 2.539413./ phi_m, min: 0.000000 at y = 2.291429
phi_e, max: -2.188073 at y = 2.422276, phi_e, min: -2.642843 at y = 2.535587
phi_m, max: 95.891732 at y = 2.539413./ phi_m, min: 0.000000 at y = 2.291429
phi_e, max: 0.587113 at y = 2.416914, phi_e, min: 0.202112 at y = 2.535587
phi_m, max: 76.342190 at y = 2.540000./ phi_m, min: 0.000000 at y = 2.291429
phi_e, max: -21.118533 at y = 2.412358, phi_e, min: -21.430561 at y = 2.535587
phi_m, max: 56.515254 at y = 2.540000./ phi_m, min: 0.000000 at y = 2.291429
phi_e, max: 40.989135 at y = 2.413557, phi_e, min: 40.769947 at y = 2.535587
phi_m, max: 38.949152 at y = 2.540000./ phi_m, min: 0.000000 at y = 2.291429
phi_e, max: 2.947139 at y = 2.205714, phi_e, min: 2.685971 at y = 2.534413
phi_m, max: 18.815293 at y = 2.540000./ phi_m, min: 0.000000 at y = 2.291429
phi_e, max: 1.717733 at y = 2.324832, phi_e, min: 1.588190 at y = 2.485225
phi_m, max: 3.172286 at y = 2.540000./ phi_m, min: 0.000000 at y = 2.291429
phi_e, max: 2.695301 at y = 2.535587, phi_e, min: 2.647587 at y = 2.230929
phi_m, max: 0.149742 at y = 2.540000./ phi_m, min: -0.302482 at y = 2.234286
phi_e, max: 1.124279 at y = 2.538213, phi_e, min: 1.117359 at y = 2.234286
phi_m, max: -0.000000 at y = 2.291429./ phi_m, min: -0.424639 at y = 2.234286
phi_e, max: 1.871888 at y = 2.320587, phi_e, min: 1.870088 at y = 2.434075
phi_m, max: -0.000000 at y = 2.291429./ phi_m, min: -0.488195 at y = 2.321175
phi_e, max: -0.729396 at y = 2.321787, phi_e, min: -0.731519 at y = 2.437967



Time: 0.100000
CPU Time: 226.179154 min.
phi_m, max: -0.000000 at y = 2.950000./ phi_m, min: -0.001149 at y = 2.954832
phi_e, max: 5.619991 at y = 2.954413, phi_e, min: 5.619984 at y = 3.131429

Time: 0.200000
CPU Time: 229.022576 min.
phi_m, max: -0.000000 at y = 2.950000./ phi_m, min: -0.001158 at y = 2.954832
phi_e, max: -10.680125 at y = 2.954413, phi_e, min: -10.680132 at y = 3.131429

Time: 0.300000
CPU Time: 230.519171 min.
phi_m, max: -0.000000 at y = 2.950000./ phi_m, min: -0.001149 at y = 2.955168
phi_e, max: 2.179918 at y = 2.954413, phi_e, min: 2.179911 at y = 3.131429

Time: 0.400000
CPU Time: 230.305223 min.
phi_m, max: -0.000000 at y = 2.950000./ phi_m, min: -0.001113 at y = 2.956367
phi_e, max: -3.181324 at y = 2.953213, phi_e, min: -3.181345 at y = 3.131429

Time: 0.500000
CPU Time: 231.587102 min.
phi_m, max: 0.001731 at y = 2.807143./ phi_m, min: -0.000844 at y = 2.957458
phi_e, max: 14.397320 at y = 2.951787, phi_e, min: 14.397123 at y = 3.129272

Time: 0.600000
CPU Time: 233.287257 min.
phi_m, max: 0.193289 at y = 2.807143./ phi_m, min: 0.000000 at y = 2.950000
phi_e, max: -35.729326 at y = 2.951787, phi_e, min: -35.742456 at y = 3.129272

Time: 0.700000
CPU Time: 229.276461 min.
phi_m, max: 1.886920 at y = 2.807143./ phi_m, min: 0.000000 at y = 2.950000
phi_e, max: 0.221736 at y = 2.951787, phi_e, min: 0.094748 at y = 3.129272

Time: 0.800000
CPU Time: 218.640304 min.
phi_m, max: 114.163220 at y = 2.950587./ phi_m, min: 0.000000 at y = 2.950000
phi_e, max: -1.352408 at y = 3.128072, phi_e, min: -4.498676 at y = 2.953213

Time: 0.900000
CPU Time: 185.229565 min.
phi_m, max: 113.177929 at y = 3.131429./ phi_m, min: 0.000000 at y = 2.950000
phi_e, max: 0.476279 at y = 3.131429, phi_e, min: -0.160402 at y = 2.951787

Time: 1.000000
CPU Time: 188.330503 min.
phi_m, max: 99.605736 at y = 3.131429./ phi_m, min: 0.000000 at y = 2.950000
phi_e, max: -21.214467 at y = 3.131429, phi_e, min: -21.726633 at y = 2.951787

Time: 1.100000
CPU Time: 186.305354 min.
phi_m, max: 80.794714 at y = 3.131429./ phi_m, min: 0.000000 at y = 2.950000
phi_e, max: 40.921707 at y = 3.131429, phi_e, min: 40.547217 at y = 2.951787

Time: 1.200000
CPU Time: 185.679900 min.
phi_m, max: 60.781525 at y = 3.131429./ phi_m, min: 0.000000 at y = 2.950000
phi_e, max: 2.849251 at y = 3.131429, phi_e, min: 2.597192 at y = 2.951787

Time: 1.300000
CPU Time: 181.903559 min.
phi_m, max: 42.674095 at y = 3.131429./ phi_m, min: 0.000000 at y = 2.950000
phi_e, max: 1.472294 at y = 3.131429, phi_e, min: 1.262034 at y = 2.953213

Time: 1.400000
CPU Time: 185.788811 min.
phi_m, max: 24.089988 at y = 3.131429./ phi_m, min: 0.000000 at y = 2.950000
phi_e, max: 2.742951 at y = 2.807143, phi_e, min: 2.724305 at y = 2.959413

Time: 1.500000
CPU Time: 182.258866 min.
phi_m, max: 4.920561 at y = 3.131429./ phi_m, min: 0.000000 at y = 2.950000
phi_e, max: 1.200379 at y = 2.955587, phi_e, min: 1.118181 at y = 3.128072

Time: 1.600000
CPU Time: 126.484120 min.
phi_m, max: 0.380851 at y = 3.131429./ phi_m, min: -0.116398 at y = 2.807143
phi_e, max: 1.883077 at y = 2.956787, phi_e, min: 1.869143 at y = 3.131429

Time: 1.700000
CPU Time: 79.174296 min.
phi_m, max: -0.000000 at y = 2.950000./ phi_m, min: -0.347611 at y = 2.807143
phi_e, max: -0.727843 at y = 2.958213, phi_e, min: -0.731093 at y = 3.131429


phi_m, max: -0.000000 at y = 2.530000./ phi_m, min: -0.001148 at y = 2.745168
phi_e, max: 5.619990 at y = 2.745587, phi_e, min: 5.619984 at y = 2.629071
phi_m, max: -0.000000 at y = 2.530000./ phi_m, min: -0.001157 at y = 2.745168
phi_e, max: -10.680127 at y = 2.745587, phi_e, min: -10.680132 at y = 2.634726
phi_m, max: -0.000000 at y = 2.530000./ phi_m, min: -0.001147 at y = 2.745168
phi_e, max: 2.179921 at y = 2.534413, phi_e, min: 2.179913 at y = 2.655485
phi_m, max: 0.007552 at y = 2.530000./ phi_m, min: -0.001022 at y = 2.746367
phi_e, max: -3.180855 at y = 2.533213, phi_e, min: -3.181336 at y = 2.829396
phi_m, max: 0.114028 at y = 2.530000./ phi_m, min: 0.000000 at y = 2.530000
phi_e, max: 14.403599 at y = 2.533213, phi_e, min: 14.397204 at y = 2.829396
phi_m, max: 7.756563 at y = 2.530000./ phi_m, min: 0.000000 at y = 2.530000
phi_e, max: -35.307889 at y = 2.533213, phi_e, min: -35.737088 at y = 2.829396
phi_m, max: 115.332050 at y = 2.531787./ phi_m, min: 0.000000 at y = 2.530000
phi_e, max: 0.489603 at y = 2.744413, phi_e, min: -9.655536 at y = 2.536787
phi_m, max: 115.777501 at y = 2.748213./ phi_m, min: 0.000000 at y = 2.530000
phi_e, max: -2.343048 at y = 2.615503, phi_e, min: -3.182951 at y = 2.748213
phi_m, max: 105.665313 at y = 2.749413./ phi_m, min: 0.000000 at y = 2.530000
phi_e, max: 0.475980 at y = 2.626914, phi_e, min: 0.007653 at y = 2.748213
phi_m, max: 87.972268 at y = 2.835714./ phi_m, min: 0.000000 at y = 2.530000
phi_e, max: -21.214808 at y = 2.625714, phi_e, min: -21.588841 at y = 2.748213
phi_m, max: 68.067333 at y = 2.835714./ phi_m, min: 0.000000 at y = 2.530000
phi_e, max: 40.923997 at y = 2.625714, phi_e, min: 40.649419 at y = 2.748213
phi_m, max: 49.043760 at y = 2.835714./ phi_m, min: 0.000000 at y = 2.530000
phi_e, max: 2.832828 at y = 2.634726, phi_e, min: 2.656571 at y = 2.748213
phi_m, max: 31.804633 at y = 2.835714./ phi_m, min: 0.000000 at y = 2.530000
phi_e, max: 1.602563 at y = 2.571928, phi_e, min: 1.325706 at y = 2.748213
phi_m, max: 10.311108 at y = 2.835714./ phi_m, min: 0.000000 at y = 2.530000
phi_e, max: 2.776780 at y = 2.745587, phi_e, min: 2.669291 at y = 2.603705
phi_m, max: 1.188809 at y = 2.835714./ phi_m, min: -0.160839 at y = 2.530000
phi_e, max: 1.158463 at y = 2.748213, phi_e, min: 1.121359 at y = 2.501429
phi_m, max: -0.000000 at y = 2.530000./ phi_m, min: -0.365804 at y = 2.530000
phi_e, max: 1.875732 at y = 2.749413, phi_e, min: 1.870704 at y = 2.501429
phi_m, max: -0.000000 at y = 2.530000./ phi_m, min: -0.457586 at y = 2.530587
phi_e, max: -0.728905 at y = 2.749413, phi_e, min: -0.731004 at y = 2.622358


phi_m, max: -0.000000 at y = 3.580000./ phi_m, min: -0.001150 at y = 3.585168
phi_e, max: 5.619994 at y = 3.585587, phi_e, min: 5.619986 at y = 3.380000
phi_m, max: -0.000000 at y = 3.580000./ phi_m, min: -0.001159 at y = 3.585168
phi_e, max: -10.680122 at y = 3.585587, phi_e, min: -10.680131 at y = 3.380000
phi_m, max: -0.000000 at y = 3.580000./ phi_m, min: -0.001150 at y = 3.585168
phi_e, max: 2.179921 at y = 3.585587, phi_e, min: 2.179913 at y = 3.380000
phi_m, max: -0.000000 at y = 3.580000./ phi_m, min: -0.001140 at y = 3.585168
phi_e, max: -3.181338 at y = 3.585587, phi_e, min: -3.181346 at y = 3.380000
phi_m, max: -0.000000 at y = 3.580000./ phi_m, min: -0.001129 at y = 3.585168
phi_e, max: 14.397092 at y = 3.585587, phi_e, min: 14.397084 at y = 3.408571
phi_m, max: -0.000000 at y = 3.580000./ phi_m, min: -0.001069 at y = 3.587458
phi_e, max: -35.745301 at y = 3.583213, phi_e, min: -35.745353 at y = 3.408571
phi_m, max: 0.004458 at y = 3.386318./ phi_m, min: -0.000684 at y = 3.588376
phi_e, max: 0.067252 at y = 3.583213, phi_e, min: 0.066822 at y = 3.408571
phi_m, max: 0.357869 at y = 3.386318./ phi_m, min: 0.000000 at y = 3.580000
phi_e, max: -3.177393 at y = 3.583213, phi_e, min: -3.204735 at y = 3.408571
phi_m, max: 5.878161 at y = 3.380000./ phi_m, min: 0.000000 at y = 3.580000
phi_e, max: 6.243321 at y = 3.583213, phi_e, min: 5.693811 at y = 3.380000
phi_m, max: 115.889634 at y = 3.582542./ phi_m, min: 0.000000 at y = 3.580000
phi_e, max: -22.354178 at y = 3.380000, phi_e, min: -27.748651 at y = 3.588213
phi_m, max: 110.175088 at y = 3.589413./ phi_m, min: 0.000000 at y = 3.580000
phi_e, max: 40.581224 at y = 3.380000, phi_e, min: 39.862127 at y = 3.588213
phi_m, max: 94.316631 at y = 3.704286./ phi_m, min: 0.000000 at y = 3.580000
phi_e, max: 2.522793 at y = 3.380000, phi_e, min: 1.960000 at y = 3.588213
phi_m, max: 74.803202 at y = 3.704286./ phi_m, min: 0.000000 at y = 3.580000
phi_e, max: 1.222631 at y = 3.380000, phi_e, min: 0.808612 at y = 3.588213
phi_m, max: 55.123641 at y = 3.704286./ phi_m, min: 0.000000 at y = 3.580000
phi_e, max: 2.599760 at y = 3.380000, phi_e, min: 2.321707 at y = 3.588213
phi_m, max: 37.712964 at y = 3.704286./ phi_m, min: 0.000000 at y = 3.580000
phi_e, max: 0.583043 at y = 3.380000, phi_e, min: 0.324834 at y = 3.588213
phi_m, max: 17.300859 at y = 3.704286./ phi_m, min: 0.000000 at y = 3.580000
phi_e, max: 2.067722 at y = 3.583213, phi_e, min: 1.969936 at y = 3.380000
phi_m, max: 2.660788 at y = 3.704286./ phi_m, min: 0.000000 at y = 3.580000
phi_e, max: -0.634149 at y = 3.586787, phi_e, min: -0.702469 at y = 3.380000


phi_m, max: -0.000000 at y = 1.690000./ phi_m, min: -0.001125 at y = 1.906787
phi_e, max: 5.620104 at y = 1.632857, phi_e, min: 5.619981 at y = 1.947583
phi_m, max: 0.022215 at y = 1.661429./ phi_m, min: -0.000572 at y = 1.908376
phi_e, max: -10.676039 at y = 1.632857, phi_e, min: -10.680156 at y = 1.948782
phi_m, max: 0.253723 at y = 1.661429./ phi_m, min: 0.000000 at y = 1.690000
phi_e, max: 2.224669 at y = 1.632857, phi_e, min: 2.179681 at y = 1.948782
phi_m, max: 20.120537 at y = 1.661429./ phi_m, min: 0.000000 at y = 1.690000
phi_e, max: -0.086107 at y = 1.691787, phi_e, min: -3.199144 at y = 1.948782
phi_m, max: 115.931829 at y = 1.696426./ phi_m, min: 0.000000 at y = 1.690000
phi_e, max: 14.361148 at y = 1.908213, phi_e, min: 10.293112 at y = 1.690587
phi_m, max: 114.220238 at y = 1.908376./ phi_m, min: 0.000000 at y = 1.690000
phi_e, max: -30.244217 at y = 1.782358, phi_e, min: -31.538784 at y = 1.967143
phi_m, max: 101.058067 at y = 1.909413./ phi_m, min: 0.000000 at y = 1.690000
phi_e, max: -5.004213 at y = 1.794726, phi_e, min: -5.655750 at y = 1.909413
phi_m, max: 82.225182 at y = 1.910000./ phi_m, min: 0.000000 at y = 1.690000
phi_e, max: -1.527612 at y = 1.789071, phi_e, min: -2.059176 at y = 1.908213
phi_m, max: 62.171525 at y = 1.935215./ phi_m, min: 0.000000 at y = 1.690000
phi_e, max: 1.090590 at y = 1.789071, phi_e, min: 0.700745 at y = 1.908213
phi_m, max: 43.908693 at y = 1.935215./ phi_m, min: 0.000000 at y = 1.690000
phi_e, max: -20.734367 at y = 1.795925, phi_e, min: -21.026469 at y = 1.908213
phi_m, max: 25.697686 at y = 1.935215./ phi_m, min: 0.000000 at y = 1.690000
phi_e, max: 41.601928 at y = 1.632857, phi_e, min: 41.082661 at y = 1.908213
phi_m, max: 5.741435 at y = 1.935215./ phi_m, min: 0.000000 at y = 1.690000
phi_e, max: 2.913978 at y = 1.908213, phi_e, min: 2.807198 at y = 1.763461
phi_m, max: 0.496465 at y = 1.935215./ phi_m, min: -0.250148 at y = 1.661429
phi_e, max: 1.652602 at y = 1.967143, phi_e, min: 1.626589 at y = 1.746932
phi_m, max: -0.000000 at y = 1.690000./ phi_m, min: -0.401362 at y = 1.661429
phi_e, max: 2.643444 at y = 1.967143, phi_e, min: 2.640308 at y = 1.789071
phi_m, max: -0.000000 at y = 1.690000./ phi_m, min: -0.477174 at y = 1.690587
phi_e, max: 1.117239 at y = 1.690587, phi_e, min: 1.114039 at y = 1.810929
phi_m, max: -0.000000 at y = 1.690000./ phi_m, min: -0.512679 at y = 1.691624
phi_e, max: 1.870516 at y = 1.690587, phi_e, min: 1.867046 at y = 1.807967
phi_m, max: -0.000000 at y = 1.690000./ phi_m, min: -0.521097 at y = 1.695168
phi_e, max: -0.731388 at y = 1.691787, phi_e, min: -0.734892 at y = 1.804075


phi_m, max: -0.000000 at y = 4.000000./ phi_m, min: -0.001159 at y = 4.218213
phi_e, max: 5.619983 at y = 4.001787, phi_e, min: 5.619972 at y = 4.140489
phi_m, max: -0.000000 at y = 4.000000./ phi_m, min: -0.001168 at y = 4.218213
phi_e, max: -10.680133 at y = 4.001787, phi_e, min: -10.680145 at y = 4.140489
phi_m, max: -0.000000 at y = 4.000000./ phi_m, min: -0.001159 at y = 4.218213
phi_e, max: 2.179910 at y = 4.001787, phi_e, min: 2.179899 at y = 4.140489
phi_m, max: -0.000000 at y = 4.000000./ phi_m, min: -0.001148 at y = 4.218213
phi_e, max: -3.181349 at y = 4.001787, phi_e, min: -3.181360 at y = 4.140489
phi_m, max: -0.000000 at y = 4.000000./ phi_m, min: -0.001139 at y = 4.218213
phi_e, max: 14.397081 at y = 4.001787, phi_e, min: 14.397070 at y = 4.140489
phi_m, max: -0.000000 at y = 4.000000./ phi_m, min: -0.001130 at y = 4.218213
phi_e, max: -35.745334 at y = 4.001787, phi_e, min: -35.745346 at y = 4.142646
phi_m, max: -0.000000 at y = 4.000000./ phi_m, min: -0.001121 at y = 4.218213
phi_e, max: 0.067036 at y = 4.001787, phi_e, min: 0.067014 at y = 4.156213
phi_m, max: 0.002954 at y = 4.000000./ phi_m, min: -0.000984 at y = 4.218376
phi_e, max: -3.190686 at y = 4.000587, phi_e, min: -3.191399 at y = 4.184391
phi_m, max: 0.062853 at y = 4.000000./ phi_m, min: 0.000000 at y = 4.000000
phi_e, max: 6.032554 at y = 4.000587, phi_e, min: 6.021391 at y = 4.184785
phi_m, max: 7.468375 at y = 4.000000./ phi_m, min: 0.000000 at y = 4.000000
phi_e, max: -29.615414 at y = 4.000587, phi_e, min: -30.917936 at y = 4.184785
phi_m, max: 114.971247 at y = 4.000587./ phi_m, min: 0.000000 at y = 4.000000
phi_e, max: 49.924457 at y = 4.215587, phi_e, min: 40.753769 at y = 4.003213
phi_m, max: 116.071290 at y = 4.218376./ phi_m, min: 0.000000 at y = 4.000000
phi_e, max: 3.819160 at y = 4.134497, phi_e, min: 2.753618 at y = 4.000587
phi_m, max: 106.249479 at y = 4.219413./ phi_m, min: 0.000000 at y = 4.000000
phi_e, max: 2.214206 at y = 4.120929, phi_e, min: 1.391397 at y = 4.000587
phi_m, max: 88.424822 at y = 4.219413./ phi_m, min: 0.000000 at y = 4.000000
phi_e, max: 3.317562 at y = 4.111918, phi_e, min: 2.709004 at y = 4.000587
phi_m, max: 68.239029 at y = 4.219413./ phi_m, min: 0.000000 at y = 4.000000
phi_e, max: 1.040072 at y = 4.102276, phi_e, min: 0.505070 at y = 4.218213
phi_m, max: 49.046972 at y = 4.219413./ phi_m, min: 0.000000 at y = 4.000000
phi_e, max: 2.531947 at y = 4.105925, phi_e, min: 2.101903 at y = 4.218213
phi_m, max: 31.485179 at y = 4.220000./ phi_m, min: 0.000000 at y = 4.000000
phi_e, max: -0.808348 at y = 4.038571, phi_e, min: -1.491824 at y = 4.218213


phi_m, max: 0.190458 at y = 1.060000./ phi_m, min: 0.000000 at y = 1.070000
phi_e, max: 5.632505 at y = 1.063213, phi_e, min: 5.620310 at y = 1.362358
phi_m, max: 6.364808 at y = 1.060000./ phi_m, min: 0.000000 at y = 1.070000
phi_e, max: -10.280745 at y = 1.063213, phi_e, min: -10.669249 at y = 1.362358
phi_m, max: 115.689359 at y = 1.061787./ phi_m, min: 0.000000 at y = 1.070000
phi_e, max: 2.594853 at y = 1.274413, phi_e, min: -9.503351 at y = 1.066787
phi_m, max: 115.621804 at y = 1.278213./ phi_m, min: 0.000000 at y = 1.070000
phi_e, max: -1.839447 at y = 1.154515, phi_e, min: -2.563333 at y = 1.278213
phi_m, max: 104.779568 at y = 1.279413./ phi_m, min: 0.000000 at y = 1.070000
phi_e, max: 10.174467 at y = 1.164726, phi_e, min: 9.769419 at y = 1.278213
phi_m, max: 86.894250 at y = 1.365714./ phi_m, min: 0.000000 at y = 1.070000
phi_e, max: -30.858206 at y = 1.164726, phi_e, min: -31.176820 at y = 1.278213
phi_m, max: 66.956446 at y = 1.365714./ phi_m, min: 0.000000 at y = 1.070000
phi_e, max: -5.557234 at y = 1.164726, phi_e, min: -5.786806 at y = 1.278213
phi_m, max: 48.064310 at y = 1.365714./ phi_m, min: 0.000000 at y = 1.070000
phi_e, max: -1.937380 at y = 1.175274, phi_e, min: -2.114068 at y = 1.064413
phi_m, max: 30.754905 at y = 1.365714./ phi_m, min: 0.000000 at y = 1.070000
phi_e, max: 0.942579 at y = 1.061787, phi_e, min: 0.685997 at y = 1.278213
phi_m, max: 9.379335 at y = 1.365714./ phi_m, min: 0.000000 at y = 1.070000
phi_e, max: -20.884243 at y = 1.275587, phi_e, min: -20.993460 at y = 1.137354
phi_m, max: 1.026353 at y = 1.365714./ phi_m, min: -0.182216 at y = 1.060000
phi_e, max: 41.648985 at y = 1.278213, phi_e, min: 41.617814 at y = 1.118131
phi_m, max: -0.000000 at y = 1.070000./ phi_m, min: -0.373677 at y = 1.060000
phi_e, max: 2.832747 at y = 1.279413, phi_e, min: 2.828786 at y = 1.133461
phi_m, max: -0.000000 at y = 1.070000./ phi_m, min: -0.461864 at y = 1.060587
phi_e, max: 1.630597 at y = 1.279413, phi_e, min: 1.628698 at y = 1.159071
phi_m, max: -0.000000 at y = 1.070000./ phi_m, min: -0.506081 at y = 1.061624
phi_e, max: 2.645170 at y = 1.278213, phi_e, min: 2.643084 at y = 1.164726
phi_m, max: -0.000000 at y = 1.070000./ phi_m, min: -0.520081 at y = 1.063574
phi_e, max: 1.120069 at y = 1.275587, phi_e, min: 1.117818 at y = 1.164726
phi_m, max: -0.000000 at y = 1.070000./ phi_m, min: -0.520031 at y = 1.275510
phi_e, max: 1.873392 at y = 1.275587, phi_e, min: 1.871110 at y = 1.164726
phi_m, max: -0.000000 at y = 1.070000./ phi_m, min: -0.504700 at y = 1.276787
phi_e, max: -0.728619 at y = 1.275587, phi_e, min: -0.730826 at y = 1.164726


phi_m, max: -0.000000 at y = 1.938571./ phi_m, min: -0.001147 at y = 2.115168
phi_e, max: 5.619990 at y = 2.115587, phi_e, min: 5.619981 at y = 1.948782
phi_m, max: -0.000000 at y = 1.938571./ phi_m, min: -0.001093 at y = 2.117458
phi_e, max: -10.680076 at y = 1.910000, phi_e, min: -10.680152 at y = 1.956932
phi_m, max: 0.006349 at y = 1.916318./ phi_m, min: -0.000539 at y = 2.118376
phi_e, max: 2.180543 at y = 1.910000, phi_e, min: 2.179723 at y = 1.956932
phi_m, max: 0.580125 at y = 1.916318./ phi_m, min: 0.000000 at y = 1.938571
phi_e, max: -3.131556 at y = 1.910000, phi_e, min: -3.195817 at y = 1.956932
phi_m, max: 7.976606 at y = 1.910000./ phi_m, min: 0.000000 at y = 1.938571
phi_e, max: 14.721723 at y = 2.113213, phi_e, min: 14.228766 at y = 1.920211
phi_m, max: 115.887675 at y = 2.113633./ phi_m, min: 0.000000 at y = 1.938571
phi_e, max: -31.411739 at y = 1.935215, phi_e, min: -35.413574 at y = 2.118213
phi_m, max: 109.542520 at y = 2.119413./ phi_m, min: 0.000000 at y = 1.938571
phi_e, max: -5.600675 at y = 1.935215, phi_e, min: -6.305782 at y = 2.118213
phi_m, max: 93.662361 at y = 2.262857./ phi_m, min: 0.000000 at y = 1.938571
phi_e, max: -2.015944 at y = 1.941928, phi_e, min: -2.521416 at y = 2.118213
phi_m, max: 74.089451 at y = 2.262857./ phi_m, min: 0.000000 at y = 1.938571
phi_e, max: 0.732730 at y = 1.941928, phi_e, min: 0.359393 at y = 2.118213
phi_m, max: 54.457445 at y = 2.262857./ phi_m, min: 0.000000 at y = 1.938571
phi_e, max: -20.998368 at y = 1.948782, phi_e, min: -21.252915 at y = 2.118213
phi_m, max: 37.093054 at y = 2.262857./ phi_m, min: 0.000000 at y = 1.938571
phi_e, max: 41.092061 at y = 1.920211, phi_e, min: 40.856305 at y = 2.118213
phi_m, max: 16.436476 at y = 2.262857./ phi_m, min: 0.000000 at y = 1.938571
phi_e, max: 2.995012 at y = 2.113213, phi_e, min: 2.906943 at y = 1.935215
phi_m, max: 2.451141 at y = 2.262857./ phi_m, min: 0.000000 at y = 1.938571
phi_e, max: 1.706491 at y = 2.116787, phi_e, min: 1.650742 at y = 1.928360
phi_m, max: 0.060054 at y = 2.262857./ phi_m, min: -0.213772 at y = 1.910000
phi_e, max: 2.651883 at y = 2.118213, phi_e, min: 2.643166 at y = 1.935215
phi_m, max: -0.000000 at y = 1.938571./ phi_m, min: -0.384004 at y = 1.910000
phi_e, max: 1.118801 at y = 2.119413, phi_e, min: 1.115904 at y = 1.948782
phi_m, max: -0.000000 at y = 1.938571./ phi_m, min: -0.466027 at y = 1.910000
phi_e, max: 1.872426 at y = 2.118213, phi_e, min: 1.869419 at y = 1.948782
phi_m, max: -0.000000 at y = 1.938571./ phi_m, min: -0.506849 at y = 2.112542
phi_e, max: -0.728852 at y = 2.118213, phi_e, min: -0.732177 at y = 1.948782


phi_m, max: 115.885200 at y = 0.226426./ phi_m, min: 0.000000 at y = 0.220000
phi_e, max: 5.572332 at y = 0.497143, phi_e, min: 3.978198 at y = 0.220587
phi_m, max: 113.657914 at y = 0.438376./ phi_m, min: 0.000000 at y = 0.220000
phi_e, max: -8.088097 at y = 0.315714, phi_e, min: -9.004554 at y = 0.439413
phi_m, max: 99.931645 at y = 0.439413./ phi_m, min: 0.000000 at y = 0.220000
phi_e, max: -6.502838 at y = 0.318676, phi_e, min: -7.112208 at y = 0.438213
phi_m, max: 80.920607 at y = 0.440000./ phi_m, min: 0.000000 at y = 0.220000
phi_e, max: -1.427514 at y = 0.312358, phi_e, min: -1.939219 at y = 0.438213
phi_m, max: 60.907237 at y = 0.468571./ phi_m, min: 0.000000 at y = 0.220000
phi_e, max: 10.492657 at y = 0.305503, phi_e, min: 10.106015 at y = 0.438213
phi_m, max: 42.829641 at y = 0.468571./ phi_m, min: 0.000000 at y = 0.220000
phi_e, max: -30.536771 at y = 0.289300, phi_e, min: -30.880647 at y = 0.438213
phi_m, max: 24.293085 at y = 0.468571./ phi_m, min: 0.000000 at y = 0.220000
phi_e, max: -5.043020 at y = 0.221787, phi_e, min: -5.560993 at y = 0.497143
phi_m, max: 5.065640 at y = 0.468571./ phi_m, min: 0.000000 at y = 0.220000
phi_e, max: -1.908688 at y = 0.436787, phi_e, min: -2.001149 at y = 0.303346
phi_m, max: 0.399805 at y = 0.468571./ phi_m, min: -0.220492 at y = 0.220587
phi_e, max: 1.003114 at y = 0.438213, phi_e, min: 0.985430 at y = 0.305503
phi_m, max: -0.000000 at y = 0.220000./ phi_m, min: -0.381756 at y = 0.221624
phi_e, max: -20.996967 at y = 0.220587, phi_e, min: -21.003289 at y = 0.356654
phi_m, max: -0.000000 at y = 0.220000./ phi_m, min: -0.467576 at y = 0.222542
phi_e, max: 41.620800 at y = 0.220587, phi_e, min: 41.614780 at y = 0.362646
phi_m, max: -0.000000 at y = 0.220000./ phi_m, min: -0.509616 at y = 0.223633
phi_e, max: 2.832787 at y = 0.220587, phi_e, min: 2.827478 at y = 0.350604
phi_m, max: -0.000000 at y = 0.220000./ phi_m, min: -0.520009 at y = 0.225449
phi_e, max: 1.632002 at y = 0.221787, phi_e, min: 1.627363 at y = 0.344286
phi_m, max: -0.000000 at y = 0.220000./ phi_m, min: -0.516480 at y = 0.436259
phi_e, max: 2.645631 at y = 0.221787, phi_e, min: 2.641606 at y = 0.340929
phi_m, max: -0.000000 at y = 0.220000./ phi_m, min: -0.496467 at y = 0.436787
phi_e, max: 1.119753 at y = 0.221787, phi_e, min: 1.116279 at y = 0.335274
phi_m, max: -0.000000 at y = 0.220000./ phi_m, min: -0.464079 at y = 0.437458
phi_e, max: 1.872574 at y = 0.221787, phi_e, min: 1.869589 at y = 0.334075
phi_m, max: -0.000000 at y = 0.220000./ phi_m, min: -0.424746 at y = 0.437458
phi_e, max: -0.729718 at y = 0.221787, phi_e, min: -0.732276 at y = 0.331918


Writing: "Fiber2DEphapticPlaneL4rho4_17.chk"
 (0.00112932s, XML)
Steps: 18000000 Time: 1.8         
phi_m, max: -0.000000 at y = 4.000000./ phi_m, min: -0.001159 at y = 4.218213
phi_e, max: 5.619983 at y = 4.001787, phi_e, min: 5.619972 at y = 4.140489
phi_m, max: -0.000000 at y = 4.000000./ phi_m, min: -0.001168 at y = 4.218213
phi_e, max: -10.680133 at y = 4.001787, phi_e, min: -10.680145 at y = 4.140489
phi_m, max: -0.000000 at y = 4.000000./ phi_m, min: -0.001159 at y = 4.218213
phi_e, max: 2.179910 at y = 4.001787, phi_e, min: 2.179899 at y = 4.140489
phi_m, max: -0.000000 at y = 4.000000./ phi_m, min: -0.001148 at y = 4.218213
phi_e, max: -3.181349 at y = 4.001787, phi_e, min: -3.181360 at y = 4.140489
phi_m, max: -0.000000 at y = 4.000000./ phi_m, min: -0.001139 at y = 4.218213
phi_e, max: 14.397081 at y = 4.001787, phi_e, min: 14.397070 at y = 4.140489
phi_m, max: -0.000000 at y = 4.000000./ phi_m, min: -0.001130 at y = 4.218213
phi_e, max: -35.745334 at y = 4.001787, phi_e, min: -35.745346 at y = 4.142646
phi_m, max: -0.000000 at y = 4.000000./ phi_m, min: -0.001121 at y = 4.218213
phi_e, max: 0.067036 at y = 4.001787, phi_e, min: 0.067014 at y = 4.156213
phi_m, max: 0.002954 at y = 4.000000./ phi_m, min: -0.000984 at y = 4.218376
phi_e, max: -3.190686 at y = 4.000587, phi_e, min: -3.191399 at y = 4.184391
phi_m, max: 0.062853 at y = 4.000000./ phi_m, min: 0.000000 at y = 4.000000
phi_e, max: 6.032554 at y = 4.000587, phi_e, min: 6.021391 at y = 4.184785
phi_m, max: 7.468375 at y = 4.000000./ phi_m, min: 0.000000 at y = 4.000000
phi_e, max: -29.615414 at y = 4.000587, phi_e, min: -30.917936 at y = 4.184785
phi_m, max: 114.971247 at y = 4.000587./ phi_m, min: 0.000000 at y = 4.000000
phi_e, max: 49.924457 at y = 4.215587, phi_e, min: 40.753769 at y = 4.003213
phi_m, max: 116.071290 at y = 4.218376./ phi_m, min: 0.000000 at y = 4.000000
phi_e, max: 3.819160 at y = 4.134497, phi_e, min: 2.753618 at y = 4.000587
phi_m, max: 106.249479 at y = 4.219413./ phi_m, min: 0.000000 at y = 4.000000
phi_e, max: 2.214206 at y = 4.120929, phi_e, min: 1.391397 at y = 4.000587
phi_m, max: 88.424822 at y = 4.219413./ phi_m, min: 0.000000 at y = 4.000000
phi_e, max: 3.317562 at y = 4.111918, phi_e, min: 2.709004 at y = 4.000587
phi_m, max: 68.239029 at y = 4.219413./ phi_m, min: 0.000000 at y = 4.000000
phi_e, max: 1.040072 at y = 4.102276, phi_e, min: 0.505070 at y = 4.218213
phi_m, max: 49.046972 at y = 4.219413./ phi_m, min: 0.000000 at y = 4.000000
phi_e, max: 2.531947 at y = 4.105925, phi_e, min: 2.101903 at y = 4.218213
phi_m, max: 31.485179 at y = 4.220000./ phi_m, min: 0.000000 at y = 4.000000
phi_e, max: -0.808348 at y = 4.038571, phi_e, min: -1.491824 at y = 4.218213
phi_m, max: 8.791793 at y = 4.220587./ phi_m, min: 0.000000 at y = 4.000000
phi_e, max: -0.931365 at y = 4.001787, phi_e, min: -1.283945 at y = 4.218213


phi_m, max: 0.190458 at y = 1.060000./ phi_m, min: 0.000000 at y = 1.070000
phi_e, max: 5.632505 at y = 1.063213, phi_e, min: 5.620310 at y = 1.362358
phi_m, max: 6.364808 at y = 1.060000./ phi_m, min: 0.000000 at y = 1.070000
phi_e, max: -10.280745 at y = 1.063213, phi_e, min: -10.669249 at y = 1.362358
phi_m, max: 115.689359 at y = 1.061787./ phi_m, min: 0.000000 at y = 1.070000
phi_e, max: 2.594853 at y = 1.274413, phi_e, min: -9.503351 at y = 1.066787
phi_m, max: 115.621804 at y = 1.278213./ phi_m, min: 0.000000 at y = 1.070000
phi_e, max: -1.839447 at y = 1.154515, phi_e, min: -2.563333 at y = 1.278213
phi_m, max: 104.779568 at y = 1.279413./ phi_m, min: 0.000000 at y = 1.070000
phi_e, max: 10.174467 at y = 1.164726, phi_e, min: 9.769419 at y = 1.278213
phi_m, max: 86.894250 at y = 1.365714./ phi_m, min: 0.000000 at y = 1.070000
phi_e, max: -30.858206 at y = 1.164726, phi_e, min: -31.176820 at y = 1.278213
phi_m, max: 66.956446 at y = 1.365714./ phi_m, min: 0.000000 at y = 1.070000
phi_e, max: -5.557234 at y = 1.164726, phi_e, min: -5.786806 at y = 1.278213
phi_m, max: 48.064310 at y = 1.365714./ phi_m, min: 0.000000 at y = 1.070000
phi_e, max: -1.937380 at y = 1.175274, phi_e, min: -2.114068 at y = 1.064413
phi_m, max: 30.754905 at y = 1.365714./ phi_m, min: 0.000000 at y = 1.070000
phi_e, max: 0.942579 at y = 1.061787, phi_e, min: 0.685997 at y = 1.278213
phi_m, max: 9.379335 at y = 1.365714./ phi_m, min: 0.000000 at y = 1.070000
phi_e, max: -20.884243 at y = 1.275587, phi_e, min: -20.993460 at y = 1.137354
phi_m, max: 1.026353 at y = 1.365714./ phi_m, min: -0.182216 at y = 1.060000
phi_e, max: 41.648985 at y = 1.278213, phi_e, min: 41.617814 at y = 1.118131
phi_m, max: -0.000000 at y = 1.070000./ phi_m, min: -0.373677 at y = 1.060000
phi_e, max: 2.832747 at y = 1.279413, phi_e, min: 2.828786 at y = 1.133461
phi_m, max: -0.000000 at y = 1.070000./ phi_m, min: -0.461864 at y = 1.060587
phi_e, max: 1.630597 at y = 1.279413, phi_e, min: 1.628698 at y = 1.159071
phi_m, max: -0.000000 at y = 1.070000./ phi_m, min: -0.506081 at y = 1.061624
phi_e, max: 2.645170 at y = 1.278213, phi_e, min: 2.643084 at y = 1.164726
phi_m, max: -0.000000 at y = 1.070000./ phi_m, min: -0.520081 at y = 1.063574
phi_e, max: 1.120069 at y = 1.275587, phi_e, min: 1.117818 at y = 1.164726
phi_m, max: -0.000000 at y = 1.070000./ phi_m, min: -0.520031 at y = 1.275510
phi_e, max: 1.873392 at y = 1.275587, phi_e, min: 1.871110 at y = 1.164726
phi_m, max: -0.000000 at y = 1.070000./ phi_m, min: -0.504700 at y = 1.276787
phi_e, max: -0.728619 at y = 1.275587, phi_e, min: -0.730826 at y = 1.164726
phi_m, max: -0.000000 at y = 1.070000./ phi_m, min: -0.475107 at y = 1.277458
phi_e, max: -0.910415 at y = 1.275587, phi_e, min: -0.912484 at y = 1.164726


phi_m, max: -0.000000 at y = 1.938571./ phi_m, min: -0.001147 at y = 2.115168
phi_e, max: 5.619990 at y = 2.115587, phi_e, min: 5.619981 at y = 1.948782
phi_m, max: -0.000000 at y = 1.938571./ phi_m, min: -0.001093 at y = 2.117458
phi_e, max: -10.680076 at y = 1.910000, phi_e, min: -10.680152 at y = 1.956932
phi_m, max: 0.006349 at y = 1.916318./ phi_m, min: -0.000539 at y = 2.118376
phi_e, max: 2.180543 at y = 1.910000, phi_e, min: 2.179723 at y = 1.956932
phi_m, max: 0.580125 at y = 1.916318./ phi_m, min: 0.000000 at y = 1.938571
phi_e, max: -3.131556 at y = 1.910000, phi_e, min: -3.195817 at y = 1.956932
phi_m, max: 7.976606 at y = 1.910000./ phi_m, min: 0.000000 at y = 1.938571
phi_e, max: 14.721723 at y = 2.113213, phi_e, min: 14.228766 at y = 1.920211
phi_m, max: 115.887675 at y = 2.113633./ phi_m, min: 0.000000 at y = 1.938571
phi_e, max: -31.411739 at y = 1.935215, phi_e, min: -35.413574 at y = 2.118213
phi_m, max: 109.542520 at y = 2.119413./ phi_m, min: 0.000000 at y = 1.938571
phi_e, max: -5.600675 at y = 1.935215, phi_e, min: -6.305782 at y = 2.118213
phi_m, max: 93.662361 at y = 2.262857./ phi_m, min: 0.000000 at y = 1.938571
phi_e, max: -2.015944 at y = 1.941928, phi_e, min: -2.521416 at y = 2.118213
phi_m, max: 74.089451 at y = 2.262857./ phi_m, min: 0.000000 at y = 1.938571
phi_e, max: 0.732730 at y = 1.941928, phi_e, min: 0.359393 at y = 2.118213
phi_m, max: 54.457445 at y = 2.262857./ phi_m, min: 0.000000 at y = 1.938571
phi_e, max: -20.998368 at y = 1.948782, phi_e, min: -21.252915 at y = 2.118213
phi_m, max: 37.093054 at y = 2.262857./ phi_m, min: 0.000000 at y = 1.938571
phi_e, max: 41.092061 at y = 1.920211, phi_e, min: 40.856305 at y = 2.118213
phi_m, max: 16.436476 at y = 2.262857./ phi_m, min: 0.000000 at y = 1.938571
phi_e, max: 2.995012 at y = 2.113213, phi_e, min: 2.906943 at y = 1.935215
phi_m, max: 2.451141 at y = 2.262857./ phi_m, min: 0.000000 at y = 1.938571
phi_e, max: 1.706491 at y = 2.116787, phi_e, min: 1.650742 at y = 1.928360
phi_m, max: 0.060054 at y = 2.262857./ phi_m, min: -0.213772 at y = 1.910000
phi_e, max: 2.651883 at y = 2.118213, phi_e, min: 2.643166 at y = 1.935215
phi_m, max: -0.000000 at y = 1.938571./ phi_m, min: -0.384004 at y = 1.910000
phi_e, max: 1.118801 at y = 2.119413, phi_e, min: 1.115904 at y = 1.948782
phi_m, max: -0.000000 at y = 1.938571./ phi_m, min: -0.466027 at y = 1.910000
phi_e, max: 1.872426 at y = 2.118213, phi_e, min: 1.869419 at y = 1.948782
phi_m, max: -0.000000 at y = 1.938571./ phi_m, min: -0.506849 at y = 2.112542
phi_e, max: -0.728852 at y = 2.118213, phi_e, min: -0.732177 at y = 1.948782
phi_m, max: -0.000000 at y = 1.938571./ phi_m, min: -0.520510 at y = 2.115168
phi_e, max: -0.910117 at y = 2.116787, phi_e, min: -0.913546 at y = 1.948782


phi_m, max: -0.000000 at y = 2.291429./ phi_m, min: -0.001147 at y = 2.324832
phi_e, max: 5.619988 at y = 2.324413, phi_e, min: 5.619983 at y = 2.431918
phi_m, max: -0.000000 at y = 2.291429./ phi_m, min: -0.001154 at y = 2.535168
phi_e, max: -10.680122 at y = 2.323213, phi_e, min: -10.680132 at y = 2.450604
phi_m, max: -0.000000 at y = 2.291429./ phi_m, min: -0.001131 at y = 2.536367
phi_e, max: 2.179987 at y = 2.205714, phi_e, min: 2.179916 at y = 2.485225
phi_m, max: 0.051613 at y = 2.234286./ phi_m, min: -0.000452 at y = 2.538825
phi_e, max: -3.175581 at y = 2.205714, phi_e, min: -3.181052 at y = 2.499272
phi_m, max: 0.700428 at y = 2.234286./ phi_m, min: 0.000000 at y = 2.291429
phi_e, max: 14.473822 at y = 2.205714, phi_e, min: 14.401012 at y = 2.499272
phi_m, max: 88.834615 at y = 2.234286./ phi_m, min: 0.000000 at y = 2.291429
phi_e, max: -32.440417 at y = 2.324413, phi_e, min: -35.514668 at y = 2.491218
phi_m, max: 115.368397 at y = 2.531787./ phi_m, min: 0.000000 at y = 2.291429
phi_e, max: -5.956020 at y = 2.230929, phi_e, min: -9.645766 at y = 2.535587
phi_m, max: 111.330249 at y = 2.539413./ phi_m, min: 0.000000 at y = 2.291429
phi_e, max: -2.188073 at y = 2.422276, phi_e, min: -2.642843 at y = 2.535587
phi_m, max: 95.891732 at y = 2.539413./ phi_m, min: 0.000000 at y = 2.291429
phi_e, max: 0.587113 at y = 2.416914, phi_e, min: 0.202112 at y = 2.535587
phi_m, max: 76.342190 at y = 2.540000./ phi_m, min: 0.000000 at y = 2.291429
phi_e, max: -21.118533 at y = 2.412358, phi_e, min: -21.430561 at y = 2.535587
phi_m, max: 56.515254 at y = 2.540000./ phi_m, min: 0.000000 at y = 2.291429
phi_e, max: 40.989135 at y = 2.413557, phi_e, min: 40.769947 at y = 2.535587
phi_m, max: 38.949152 at y = 2.540000./ phi_m, min: 0.000000 at y = 2.291429
phi_e, max: 2.947139 at y = 2.205714, phi_e, min: 2.685971 at y = 2.534413
phi_m, max: 18.815293 at y = 2.540000./ phi_m, min: 0.000000 at y = 2.291429
phi_e, max: 1.717733 at y = 2.324832, phi_e, min: 1.588190 at y = 2.485225
phi_m, max: 3.172286 at y = 2.540000./ phi_m, min: 0.000000 at y = 2.291429
phi_e, max: 2.695301 at y = 2.535587, phi_e, min: 2.647587 at y = 2.230929
phi_m, max: 0.149742 at y = 2.540000./ phi_m, min: -0.302482 at y = 2.234286
phi_e, max: 1.124279 at y = 2.538213, phi_e, min: 1.117359 at y = 2.234286
phi_m, max: -0.000000 at y = 2.291429./ phi_m, min: -0.424639 at y = 2.234286
phi_e, max: 1.871888 at y = 2.320587, phi_e, min: 1.870088 at y = 2.434075
phi_m, max: -0.000000 at y = 2.291429./ phi_m, min: -0.488195 at y = 2.321175
phi_e, max: -0.729396 at y = 2.321787, phi_e, min: -0.731519 at y = 2.437967
phi_m, max: -0.000000 at y = 2.291429./ phi_m, min: -0.516521 at y = 2.323574
phi_e, max: -0.910598 at y = 2.323213, phi_e, min: -0.912789 at y = 2.434075


phi_m, max: 0.004478 at y = 1.365714./ phi_m, min: -0.000559 at y = 1.487458
phi_e, max: 5.620523 at y = 1.481787, phi_e, min: 5.620081 at y = 1.690000
phi_m, max: 0.185100 at y = 1.365714./ phi_m, min: 0.000000 at y = 1.451429
phi_e, max: -10.662286 at y = 1.481787, phi_e, min: -10.676793 at y = 1.690000
phi_m, max: 2.046201 at y = 1.365714./ phi_m, min: 0.000000 at y = 1.451429
phi_e, max: 2.375620 at y = 1.481787, phi_e, min: 2.216403 at y = 1.690000
phi_m, max: 114.767189 at y = 1.480587./ phi_m, min: 0.000000 at y = 1.451429
phi_e, max: -0.140884 at y = 1.690000, phi_e, min: -4.155988 at y = 1.484551
phi_m, max: 113.142496 at y = 1.690000./ phi_m, min: 0.000000 at y = 1.451429
phi_e, max: 10.379736 at y = 1.690000, phi_e, min: 9.660769 at y = 1.481787
phi_m, max: 99.314711 at y = 1.690000./ phi_m, min: 0.000000 at y = 1.451429
phi_e, max: -30.725257 at y = 1.651218, phi_e, min: -31.261819 at y = 1.481787
phi_m, max: 80.317586 at y = 1.690000./ phi_m, min: 0.000000 at y = 1.451429
phi_e, max: -5.460593 at y = 1.651218, phi_e, min: -5.850996 at y = 1.481787
phi_m, max: 60.271316 at y = 1.690000./ phi_m, min: 0.000000 at y = 1.451429
phi_e, max: -1.852700 at y = 1.651218, phi_e, min: -2.113009 at y = 1.481787
phi_m, max: 42.204270 at y = 1.690000./ phi_m, min: 0.000000 at y = 1.451429
phi_e, max: 0.855931 at y = 1.651218, phi_e, min: 0.633758 at y = 1.481787
phi_m, max: 23.394787 at y = 1.690000./ phi_m, min: 0.000000 at y = 1.451429
phi_e, max: -20.907302 at y = 1.481787, phi_e, min: -20.973233 at y = 1.690000
phi_m, max: 4.583201 at y = 1.690000./ phi_m, min: 0.000000 at y = 1.451429
phi_e, max: 41.685736 at y = 1.485587, phi_e, min: 41.590095 at y = 1.690000
phi_m, max: 0.314277 at y = 1.690000./ phi_m, min: -0.137545 at y = 1.365714
phi_e, max: 2.838001 at y = 1.486787, phi_e, min: 2.825327 at y = 1.651218
phi_m, max: -0.000000 at y = 1.451429./ phi_m, min: -0.354903 at y = 1.365714
phi_e, max: 1.631205 at y = 1.480587, phi_e, min: 1.627944 at y = 1.651218
phi_m, max: -0.000000 at y = 1.451429./ phi_m, min: -0.450610 at y = 1.480587
phi_e, max: 2.645544 at y = 1.481787, phi_e, min: 2.642375 at y = 1.690000
phi_m, max: -0.000000 at y = 1.451429./ phi_m, min: -0.501352 at y = 1.481624
phi_e, max: 1.120498 at y = 1.481787, phi_e, min: 1.116972 at y = 1.690000
phi_m, max: -0.000000 at y = 1.451429./ phi_m, min: -0.520575 at y = 1.484490
phi_e, max: 1.873853 at y = 1.483213, phi_e, min: 1.870227 at y = 1.690000
phi_m, max: -0.000000 at y = 1.451429./ phi_m, min: -0.517065 at y = 1.486426
phi_e, max: -0.728145 at y = 1.483213, phi_e, min: -0.731697 at y = 1.690000
phi_m, max: -0.000000 at y = 1.451429./ phi_m, min: -0.495068 at y = 1.487458
phi_e, max: -0.909952 at y = 1.483213, phi_e, min: -0.913309 at y = 1.690000


phi_m, max: 1.162121 at y = 0.764286./ phi_m, min: 0.000000 at y = 0.850000
phi_e, max: 5.746486 at y = 0.851787, phi_e, min: 5.627931 at y = 1.098571
phi_m, max: 101.329507 at y = 0.764286./ phi_m, min: 0.000000 at y = 0.850000
phi_e, max: -8.899549 at y = 0.855587, phi_e, min: -10.457722 at y = 1.011869
phi_m, max: 115.701813 at y = 1.061787./ phi_m, min: 0.000000 at y = 0.850000
phi_e, max: -7.264433 at y = 0.782646, phi_e, min: -9.482873 at y = 1.066787
phi_m, max: 110.602250 at y = 1.069413./ phi_m, min: 0.000000 at y = 0.850000
phi_e, max: -1.841198 at y = 0.961918, phi_e, min: -2.227364 at y = 0.851787
phi_m, max: 94.760776 at y = 1.069413./ phi_m, min: 0.000000 at y = 0.850000
phi_e, max: 10.162382 at y = 0.955925, phi_e, min: 9.843736 at y = 1.064413
phi_m, max: 75.102512 at y = 1.070000./ phi_m, min: 0.000000 at y = 0.850000
phi_e, max: -30.858033 at y = 0.949071, phi_e, min: -31.117220 at y = 1.064413
phi_m, max: 55.362354 at y = 1.070000./ phi_m, min: 0.000000 at y = 0.850000
phi_e, max: -5.562134 at y = 0.954726, phi_e, min: -5.742451 at y = 1.064413
phi_m, max: 37.906643 at y = 1.070000./ phi_m, min: 0.000000 at y = 0.850000
phi_e, max: -1.890465 at y = 0.764286, phi_e, min: -2.114202 at y = 1.064413
phi_m, max: 17.394693 at y = 1.070000./ phi_m, min: 0.000000 at y = 0.850000
phi_e, max: 1.049186 at y = 0.854832, phi_e, min: 0.926594 at y = 1.009176
phi_m, max: 2.791392 at y = 1.070000./ phi_m, min: 0.000000 at y = 0.850000
phi_e, max: -20.964110 at y = 1.065587, phi_e, min: -20.999254 at y = 0.782646
phi_m, max: 0.098693 at y = 1.070000./ phi_m, min: -0.313488 at y = 0.764286
phi_e, max: 41.621135 at y = 1.066787, phi_e, min: 41.616674 at y = 0.933346
phi_m, max: -0.000000 at y = 0.850000./ phi_m, min: -0.430131 at y = 0.764286
phi_e, max: 2.830825 at y = 0.850587, phi_e, min: 2.828607 at y = 0.977642
phi_m, max: -0.000000 at y = 0.850000./ phi_m, min: -0.491144 at y = 0.851175
phi_e, max: 1.631323 at y = 0.851787, phi_e, min: 1.628770 at y = 0.977642
phi_m, max: -0.000000 at y = 0.850000./ phi_m, min: -0.517633 at y = 0.853574
phi_e, max: 2.645873 at y = 0.851787, phi_e, min: 2.643249 at y = 0.974286
phi_m, max: -0.000000 at y = 0.850000./ phi_m, min: -0.520080 at y = 1.063574
phi_e, max: 1.120592 at y = 0.853213, phi_e, min: 1.118021 at y = 0.970929
phi_m, max: -0.000000 at y = 0.850000./ phi_m, min: -0.512722 at y = 1.066426
phi_e, max: 1.873758 at y = 0.853213, phi_e, min: 1.871326 at y = 0.970929
phi_m, max: -0.000000 at y = 0.850000./ phi_m, min: -0.488350 at y = 1.066787
phi_e, max: -0.728367 at y = 0.854413, phi_e, min: -0.730612 at y = 0.967967
phi_m, max: -0.000000 at y = 0.850000./ phi_m, min: -0.453327 at y = 1.067458
phi_e, max: -0.910245 at y = 0.854413, phi_e, min: -0.912280 at y = 0.967967


phi_m, max: -0.000000 at y = 3.160000./ phi_m, min: -0.001146 at y = 3.375587
phi_e, max: 5.619987 at y = 3.378213, phi_e, min: 5.619978 at y = 3.264726
phi_m, max: -0.000000 at y = 3.160000./ phi_m, min: -0.001155 at y = 3.375587
phi_e, max: -10.680130 at y = 3.378213, phi_e, min: -10.680138 at y = 3.264726
phi_m, max: -0.000000 at y = 3.160000./ phi_m, min: -0.001147 at y = 3.375587
phi_e, max: 2.179913 at y = 3.378213, phi_e, min: 2.179905 at y = 3.264726
phi_m, max: -0.000000 at y = 3.160000./ phi_m, min: -0.001135 at y = 3.375587
phi_e, max: -3.181344 at y = 3.163213, phi_e, min: -3.181354 at y = 3.274075
phi_m, max: -0.000000 at y = 3.160000./ phi_m, min: -0.001117 at y = 3.376367
phi_e, max: 14.397127 at y = 3.161787, phi_e, min: 14.397079 at y = 3.319176
phi_m, max: 0.021353 at y = 3.131429./ phi_m, min: -0.000604 at y = 3.378376
phi_e, max: -35.742276 at y = 3.161787, phi_e, min: -35.745356 at y = 3.402253
phi_m, max: 0.214903 at y = 3.131429./ phi_m, min: 0.000000 at y = 3.160000
phi_e, max: 0.096465 at y = 3.161787, phi_e, min: 0.066794 at y = 3.402253
phi_m, max: 14.191443 at y = 3.131429./ phi_m, min: 0.000000 at y = 3.160000
phi_e, max: -1.255651 at y = 3.161787, phi_e, min: -3.206548 at y = 3.402253
phi_m, max: 115.898083 at y = 3.165168./ phi_m, min: 0.000000 at y = 3.160000
phi_e, max: 6.018288 at y = 3.376787, phi_e, min: 0.403701 at y = 3.161787
phi_m, max: 114.549507 at y = 3.378213./ phi_m, min: 0.000000 at y = 3.160000
phi_e, max: -20.883690 at y = 3.237354, phi_e, min: -22.492196 at y = 3.379413
phi_m, max: 101.791639 at y = 3.379413./ phi_m, min: 0.000000 at y = 3.160000
phi_e, max: 41.281107 at y = 3.255714, phi_e, min: 40.521745 at y = 3.379413
phi_m, max: 83.082357 at y = 3.380000./ phi_m, min: 0.000000 at y = 3.160000
phi_e, max: 3.101231 at y = 3.252358, phi_e, min: 2.474662 at y = 3.379413
phi_m, max: 63.022105 at y = 3.408571./ phi_m, min: 0.000000 at y = 3.160000
phi_e, max: 1.649128 at y = 3.249396, phi_e, min: 1.186967 at y = 3.379413
phi_m, max: 44.646340 at y = 3.408571./ phi_m, min: 0.000000 at y = 3.160000
phi_e, max: 2.912778 at y = 3.257871, phi_e, min: 2.572649 at y = 3.378213
phi_m, max: 26.646382 at y = 3.408571./ phi_m, min: 0.000000 at y = 3.160000
phi_e, max: 1.118391 at y = 3.160587, phi_e, min: 0.561442 at y = 3.378213
phi_m, max: 6.267471 at y = 3.408571./ phi_m, min: 0.000000 at y = 3.160000
phi_e, max: 1.978125 at y = 3.378213, phi_e, min: 1.855241 at y = 3.228342
phi_m, max: 0.573015 at y = 3.408571./ phi_m, min: -0.235260 at y = 3.131429
phi_e, max: -0.700359 at y = 3.379413, phi_e, min: -0.731469 at y = 3.208782
phi_m, max: -0.000000 at y = 3.160000./ phi_m, min: -0.395762 at y = 3.131429
phi_e, max: -0.910293 at y = 3.379413, phi_e, min: -0.913857 at y = 3.255714


phi_m, max: -0.000000 at y = 3.790000./ phi_m, min: -0.001150 at y = 3.794832
phi_e, max: 5.619993 at y = 3.793213, phi_e, min: 5.619981 at y = 4.010000
phi_m, max: -0.000000 at y = 3.790000./ phi_m, min: -0.001159 at y = 3.794832
phi_e, max: -10.680123 at y = 3.793213, phi_e, min: -10.680135 at y = 4.010000
phi_m, max: -0.000000 at y = 3.790000./ phi_m, min: -0.001151 at y = 3.794832
phi_e, max: 2.179920 at y = 3.793213, phi_e, min: 2.179908 at y = 4.010000
phi_m, max: -0.000000 at y = 3.790000./ phi_m, min: -0.001140 at y = 3.794832
phi_e, max: -3.181339 at y = 3.793213, phi_e, min: -3.181351 at y = 4.010000
phi_m, max: -0.000000 at y = 3.790000./ phi_m, min: -0.001130 at y = 3.794832
phi_e, max: 14.397091 at y = 3.793213, phi_e, min: 14.397080 at y = 4.010000
phi_m, max: -0.000000 at y = 3.790000./ phi_m, min: -0.001115 at y = 3.795587
phi_e, max: -35.745319 at y = 3.793213, phi_e, min: -35.745336 at y = 4.010000
phi_m, max: -0.000000 at y = 3.790000./ phi_m, min: -0.001056 at y = 3.796787
phi_e, max: 0.067094 at y = 3.791787, phi_e, min: 0.067032 at y = 4.010000
phi_m, max: 0.028202 at y = 3.704286./ phi_m, min: 0.000000 at y = 3.790000
phi_e, max: -3.187585 at y = 3.791787, phi_e, min: -3.190807 at y = 4.010000
phi_m, max: 0.463353 at y = 3.704286./ phi_m, min: 0.000000 at y = 3.790000
phi_e, max: 6.081606 at y = 3.791787, phi_e, min: 6.030650 at y = 4.010000
phi_m, max: 79.007724 at y = 3.704286./ phi_m, min: 0.000000 at y = 3.790000
phi_e, max: -24.640106 at y = 3.793213, phi_e, min: -29.835984 at y = 4.010000
phi_m, max: 115.471142 at y = 3.798376./ phi_m, min: 0.000000 at y = 3.790000
phi_e, max: 41.829811 at y = 4.010000, phi_e, min: 39.925679 at y = 3.791787
phi_m, max: 105.755107 at y = 4.000000./ phi_m, min: 0.000000 at y = 3.790000
phi_e, max: 2.923958 at y = 4.010000, phi_e, min: 2.025797 at y = 3.791787
phi_m, max: 88.129765 at y = 4.000000./ phi_m, min: 0.000000 at y = 3.790000
phi_e, max: 1.534847 at y = 4.010000, phi_e, min: 0.856088 at y = 3.791787
phi_m, max: 68.087402 at y = 4.000000./ phi_m, min: 0.000000 at y = 3.790000
phi_e, max: 2.821122 at y = 4.010000, phi_e, min: 2.354172 at y = 3.791787
phi_m, max: 48.986533 at y = 4.000000./ phi_m, min: 0.000000 at y = 3.790000
phi_e, max: 0.707659 at y = 4.010000, phi_e, min: 0.368338 at y = 3.791787
phi_m, max: 31.571682 at y = 4.000000./ phi_m, min: 0.000000 at y = 3.790000
phi_e, max: 2.232963 at y = 4.010000, phi_e, min: 1.981674 at y = 3.794413
phi_m, max: 10.031159 at y = 4.000000./ phi_m, min: 0.000000 at y = 3.790000
phi_e, max: -0.614633 at y = 3.794413, phi_e, min: -0.832414 at y = 4.008825
phi_m, max: 1.053041 at y = 4.000000./ phi_m, min: 0.000000 at y = 3.790000
phi_e, max: -0.897303 at y = 3.795587, phi_e, min: -0.941024 at y = 4.010000


phi_m, max: 112.889024 at y = 0.220000./ phi_m, min: 0.000000 at y = -0.010000
phi_e, max: 4.045667 at y = 0.220000, phi_e, min: 3.696010 at y = 0.000587
phi_m, max: 98.755024 at y = 0.220000./ phi_m, min: 0.000000 at y = -0.010000
phi_e, max: -8.561769 at y = 0.220000, phi_e, min: -8.714841 at y = 0.000587
phi_m, max: 79.667367 at y = 0.220000./ phi_m, min: 0.000000 at y = -0.010000
phi_e, max: -6.858655 at y = 0.220000, phi_e, min: -6.899140 at y = 0.000587
phi_m, max: 59.698380 at y = 0.220000./ phi_m, min: 0.000000 at y = -0.010000
phi_e, max: -1.607974 at y = 0.016787, phi_e, min: -1.662972 at y = 0.220000
phi_m, max: 41.845566 at y = 0.220000./ phi_m, min: 0.000000 at y = -0.010000
phi_e, max: 10.433197 at y = 0.016787, phi_e, min: 10.358668 at y = 0.220000
phi_m, max: 23.422324 at y = 0.220000./ phi_m, min: 0.000000 at y = -0.010000
phi_e, max: -30.364982 at y = 0.016787, phi_e, min: -30.584992 at y = 0.220000
phi_m, max: 4.593064 at y = 0.220000./ phi_m, min: 0.000000 at y = -0.010000
phi_e, max: -4.946055 at y = 0.015587, phi_e, min: -5.056647 at y = 0.220000
phi_m, max: 0.330641 at y = 0.220000./ phi_m, min: 0.000000 at y = -0.010000
phi_e, max: -1.963699 at y = 0.018213, phi_e, min: -1.971537 at y = 0.191429
phi_m, max: -0.000000 at y = -0.010000./ phi_m, min: -0.220056 at y = 0.220000
phi_e, max: 0.991991 at y = 0.220000, phi_e, min: 0.989588 at y = 0.013213
phi_m, max: -0.000000 at y = -0.010000./ phi_m, min: -0.377987 at y = 0.220000
phi_e, max: -20.997012 at y = 0.220000, phi_e, min: -20.998549 at y = 0.013213
phi_m, max: -0.000000 at y = -0.010000./ phi_m, min: -0.460338 at y = 0.220000
phi_e, max: 41.620758 at y = 0.220000, phi_e, min: 41.620213 at y = 0.013213
phi_m, max: -0.000000 at y = -0.010000./ phi_m, min: -0.498454 at y = 0.220000
phi_e, max: 2.833086 at y = 0.019413, phi_e, min: 2.832409 at y = 0.220000
phi_m, max: -0.000000 at y = -0.010000./ phi_m, min: -0.504746 at y = 0.220000
phi_e, max: 1.632685 at y = 0.019413, phi_e, min: 1.631656 at y = 0.220000
phi_m, max: -0.000000 at y = -0.010000./ phi_m, min: -0.489113 at y = 0.220000
phi_e, max: 2.646537 at y = 0.018213, phi_e, min: 2.645319 at y = 0.220000
phi_m, max: -0.000000 at y = -0.010000./ phi_m, min: -0.459554 at y = 0.220000
phi_e, max: 1.120776 at y = 0.018213, phi_e, min: 1.119475 at y = 0.220000
phi_m, max: -0.000000 at y = -0.010000./ phi_m, min: -0.422251 at y = 0.016426
phi_e, max: 1.873633 at y = 0.018213, phi_e, min: 1.872329 at y = 0.220000
phi_m, max: -0.000000 at y = -0.010000./ phi_m, min: -0.382729 at y = 0.016426
phi_e, max: -0.728677 at y = 0.016787, phi_e, min: -0.729932 at y = 0.220000
phi_m, max: -0.000000 at y = -0.010000./ phi_m, min: -0.342528 at y = 0.013633
phi_e, max: -0.910648 at y = 0.016787, phi_e, min: -0.911827 at y = 0.220000


phi_m, max: 12.401412 at y = 0.468571./ phi_m, min: 0.000000 at y = 0.640000
phi_e, max: 6.225881 at y = 0.643213, phi_e, min: 5.549122 at y = 0.468571
phi_m, max: 115.915580 at y = 0.644832./ phi_m, min: 0.000000 at y = 0.640000
phi_e, max: -8.899324 at y = 0.471928, phi_e, min: -11.171729 at y = 0.648213
phi_m, max: 108.750059 at y = 0.649413./ phi_m, min: 0.000000 at y = 0.640000
phi_e, max: -7.040250 at y = 0.478782, phi_e, min: -7.649416 at y = 0.648213
phi_m, max: 92.535536 at y = 0.792857./ phi_m, min: 0.000000 at y = 0.640000
phi_e, max: -1.884639 at y = 0.478782, phi_e, min: -2.334205 at y = 0.648213
phi_m, max: 72.865358 at y = 0.792857./ phi_m, min: 0.000000 at y = 0.640000
phi_e, max: 10.144042 at y = 0.478782, phi_e, min: 9.814067 at y = 0.648213
phi_m, max: 53.334603 at y = 0.792857./ phi_m, min: 0.000000 at y = 0.640000
phi_e, max: -30.851979 at y = 0.478782, phi_e, min: -31.077134 at y = 0.648213
phi_m, max: 36.040488 at y = 0.792857./ phi_m, min: 0.000000 at y = 0.640000
phi_e, max: -5.556317 at y = 0.471534, phi_e, min: -5.767217 at y = 0.646787
phi_m, max: 15.062472 at y = 0.792857./ phi_m, min: 0.000000 at y = 0.640000
phi_e, max: -1.825739 at y = 0.644413, phi_e, min: -1.918651 at y = 0.478782
phi_m, max: 2.127801 at y = 0.792857./ phi_m, min: 0.000000 at y = 0.640000
phi_e, max: 1.046620 at y = 0.646787, phi_e, min: 1.001249 at y = 0.471928
phi_m, max: 0.016234 at y = 0.792857./ phi_m, min: -0.227864 at y = 0.468571
phi_e, max: -20.994954 at y = 0.648213, phi_e, min: -21.001914 at y = 0.471928
phi_m, max: -0.000000 at y = 0.640000./ phi_m, min: -0.389216 at y = 0.468571
phi_e, max: 41.618448 at y = 0.649413, phi_e, min: 41.615842 at y = 0.478782
phi_m, max: -0.000000 at y = 0.640000./ phi_m, min: -0.467913 at y = 0.640587
phi_e, max: 2.831853 at y = 0.648213, phi_e, min: 2.829084 at y = 0.478782
phi_m, max: -0.000000 at y = 0.640000./ phi_m, min: -0.508697 at y = 0.642542
phi_e, max: 1.632400 at y = 0.645587, phi_e, min: 1.629361 at y = 0.478782
phi_m, max: -0.000000 at y = 0.640000./ phi_m, min: -0.520775 at y = 0.645168
phi_e, max: 2.646924 at y = 0.645587, phi_e, min: 2.643797 at y = 0.478782
phi_m, max: -0.000000 at y = 0.640000./ phi_m, min: -0.510778 at y = 0.646426
phi_e, max: 1.121568 at y = 0.645587, phi_e, min: 1.118513 at y = 0.478782
phi_m, max: -0.000000 at y = 0.640000./ phi_m, min: -0.484431 at y = 0.647458
phi_e, max: 1.874644 at y = 0.645587, phi_e, min: 1.871761 at y = 0.478782
phi_m, max: -0.000000 at y = 0.640000./ phi_m, min: -0.448220 at y = 0.647458
phi_e, max: -0.727577 at y = 0.645587, phi_e, min: -0.730232 at y = 0.478782
phi_m, max: -0.000000 at y = 0.640000./ phi_m, min: -0.407093 at y = 0.647458
phi_e, max: -0.909548 at y = 0.645587, phi_e, min: -0.911950 at y = 0.478782



Time: 0.100000
CPU Time: 226.179154 min.
phi_m, max: -0.000000 at y = 2.950000./ phi_m, min: -0.001149 at y = 2.954832
phi_e, max: 5.619991 at y = 2.954413, phi_e, min: 5.619984 at y = 3.131429

Time: 0.200000
CPU Time: 229.022576 min.
phi_m, max: -0.000000 at y = 2.950000./ phi_m, min: -0.001158 at y = 2.954832
phi_e, max: -10.680125 at y = 2.954413, phi_e, min: -10.680132 at y = 3.131429

Time: 0.300000
CPU Time: 230.519171 min.
phi_m, max: -0.000000 at y = 2.950000./ phi_m, min: -0.001149 at y = 2.955168
phi_e, max: 2.179918 at y = 2.954413, phi_e, min: 2.179911 at y = 3.131429

Time: 0.400000
CPU Time: 230.305223 min.
phi_m, max: -0.000000 at y = 2.950000./ phi_m, min: -0.001113 at y = 2.956367
phi_e, max: -3.181324 at y = 2.953213, phi_e, min: -3.181345 at y = 3.131429

Time: 0.500000
CPU Time: 231.587102 min.
phi_m, max: 0.001731 at y = 2.807143./ phi_m, min: -0.000844 at y = 2.957458
phi_e, max: 14.397320 at y = 2.951787, phi_e, min: 14.397123 at y = 3.129272

Time: 0.600000
CPU Time: 233.287257 min.
phi_m, max: 0.193289 at y = 2.807143./ phi_m, min: 0.000000 at y = 2.950000
phi_e, max: -35.729326 at y = 2.951787, phi_e, min: -35.742456 at y = 3.129272

Time: 0.700000
CPU Time: 229.276461 min.
phi_m, max: 1.886920 at y = 2.807143./ phi_m, min: 0.000000 at y = 2.950000
phi_e, max: 0.221736 at y = 2.951787, phi_e, min: 0.094748 at y = 3.129272

Time: 0.800000
CPU Time: 218.640304 min.
phi_m, max: 114.163220 at y = 2.950587./ phi_m, min: 0.000000 at y = 2.950000
phi_e, max: -1.352408 at y = 3.128072, phi_e, min: -4.498676 at y = 2.953213

Time: 0.900000
CPU Time: 185.229565 min.
phi_m, max: 113.177929 at y = 3.131429./ phi_m, min: 0.000000 at y = 2.950000
phi_e, max: 0.476279 at y = 3.131429, phi_e, min: -0.160402 at y = 2.951787

Time: 1.000000
CPU Time: 188.330503 min.
phi_m, max: 99.605736 at y = 3.131429./ phi_m, min: 0.000000 at y = 2.950000
phi_e, max: -21.214467 at y = 3.131429, phi_e, min: -21.726633 at y = 2.951787

Time: 1.100000
CPU Time: 186.305354 min.
phi_m, max: 80.794714 at y = 3.131429./ phi_m, min: 0.000000 at y = 2.950000
phi_e, max: 40.921707 at y = 3.131429, phi_e, min: 40.547217 at y = 2.951787

Time: 1.200000
CPU Time: 185.679900 min.
phi_m, max: 60.781525 at y = 3.131429./ phi_m, min: 0.000000 at y = 2.950000
phi_e, max: 2.849251 at y = 3.131429, phi_e, min: 2.597192 at y = 2.951787

Time: 1.300000
CPU Time: 181.903559 min.
phi_m, max: 42.674095 at y = 3.131429./ phi_m, min: 0.000000 at y = 2.950000
phi_e, max: 1.472294 at y = 3.131429, phi_e, min: 1.262034 at y = 2.953213

Time: 1.400000
CPU Time: 185.788811 min.
phi_m, max: 24.089988 at y = 3.131429./ phi_m, min: 0.000000 at y = 2.950000
phi_e, max: 2.742951 at y = 2.807143, phi_e, min: 2.724305 at y = 2.959413

Time: 1.500000
CPU Time: 182.258866 min.
phi_m, max: 4.920561 at y = 3.131429./ phi_m, min: 0.000000 at y = 2.950000
phi_e, max: 1.200379 at y = 2.955587, phi_e, min: 1.118181 at y = 3.128072

Time: 1.600000
CPU Time: 126.484120 min.
phi_m, max: 0.380851 at y = 3.131429./ phi_m, min: -0.116398 at y = 2.807143
phi_e, max: 1.883077 at y = 2.956787, phi_e, min: 1.869143 at y = 3.131429

Time: 1.700000
CPU Time: 79.174296 min.
phi_m, max: -0.000000 at y = 2.950000./ phi_m, min: -0.347611 at y = 2.807143
phi_e, max: -0.727843 at y = 2.958213, phi_e, min: -0.731093 at y = 3.131429

Time: 1.800000
CPU Time: 79.287074 min.
phi_m, max: -0.000000 at y = 2.950000./ phi_m, min: -0.446768 at y = 2.807143
phi_e, max: -0.909358 at y = 2.951787, phi_e, min: -0.912207 at y = 3.131429


phi_m, max: 115.885200 at y = 0.226426./ phi_m, min: 0.000000 at y = 0.220000
phi_e, max: 5.572332 at y = 0.497143, phi_e, min: 3.978198 at y = 0.220587
phi_m, max: 113.657914 at y = 0.438376./ phi_m, min: 0.000000 at y = 0.220000
phi_e, max: -8.088097 at y = 0.315714, phi_e, min: -9.004554 at y = 0.439413
phi_m, max: 99.931645 at y = 0.439413./ phi_m, min: 0.000000 at y = 0.220000
phi_e, max: -6.502838 at y = 0.318676, phi_e, min: -7.112208 at y = 0.438213
phi_m, max: 80.920607 at y = 0.440000./ phi_m, min: 0.000000 at y = 0.220000
phi_e, max: -1.427514 at y = 0.312358, phi_e, min: -1.939219 at y = 0.438213
phi_m, max: 60.907237 at y = 0.468571./ phi_m, min: 0.000000 at y = 0.220000
phi_e, max: 10.492657 at y = 0.305503, phi_e, min: 10.106015 at y = 0.438213
phi_m, max: 42.829641 at y = 0.468571./ phi_m, min: 0.000000 at y = 0.220000
phi_e, max: -30.536771 at y = 0.289300, phi_e, min: -30.880647 at y = 0.438213
phi_m, max: 24.293085 at y = 0.468571./ phi_m, min: 0.000000 at y = 0.220000
phi_e, max: -5.043020 at y = 0.221787, phi_e, min: -5.560993 at y = 0.497143
phi_m, max: 5.065640 at y = 0.468571./ phi_m, min: 0.000000 at y = 0.220000
phi_e, max: -1.908688 at y = 0.436787, phi_e, min: -2.001149 at y = 0.303346
phi_m, max: 0.399805 at y = 0.468571./ phi_m, min: -0.220492 at y = 0.220587
phi_e, max: 1.003114 at y = 0.438213, phi_e, min: 0.985430 at y = 0.305503
phi_m, max: -0.000000 at y = 0.220000./ phi_m, min: -0.381756 at y = 0.221624
phi_e, max: -20.996967 at y = 0.220587, phi_e, min: -21.003289 at y = 0.356654
phi_m, max: -0.000000 at y = 0.220000./ phi_m, min: -0.467576 at y = 0.222542
phi_e, max: 41.620800 at y = 0.220587, phi_e, min: 41.614780 at y = 0.362646
phi_m, max: -0.000000 at y = 0.220000./ phi_m, min: -0.509616 at y = 0.223633
phi_e, max: 2.832787 at y = 0.220587, phi_e, min: 2.827478 at y = 0.350604
phi_m, max: -0.000000 at y = 0.220000./ phi_m, min: -0.520009 at y = 0.225449
phi_e, max: 1.632002 at y = 0.221787, phi_e, min: 1.627363 at y = 0.344286
phi_m, max: -0.000000 at y = 0.220000./ phi_m, min: -0.516480 at y = 0.436259
phi_e, max: 2.645631 at y = 0.221787, phi_e, min: 2.641606 at y = 0.340929
phi_m, max: -0.000000 at y = 0.220000./ phi_m, min: -0.496467 at y = 0.436787
phi_e, max: 1.119753 at y = 0.221787, phi_e, min: 1.116279 at y = 0.335274
phi_m, max: -0.000000 at y = 0.220000./ phi_m, min: -0.464079 at y = 0.437458
phi_e, max: 1.872574 at y = 0.221787, phi_e, min: 1.869589 at y = 0.334075
phi_m, max: -0.000000 at y = 0.220000./ phi_m, min: -0.424746 at y = 0.437458
phi_e, max: -0.729718 at y = 0.221787, phi_e, min: -0.732276 at y = 0.331918
phi_m, max: -0.000000 at y = 0.220000./ phi_m, min: -0.382660 at y = 0.437458
phi_e, max: -0.911593 at y = 0.436787, phi_e, min: -0.913829 at y = 0.328082


phi_m, max: -0.000000 at y = 2.530000./ phi_m, min: -0.001148 at y = 2.745168
phi_e, max: 5.619990 at y = 2.745587, phi_e, min: 5.619984 at y = 2.629071
phi_m, max: -0.000000 at y = 2.530000./ phi_m, min: -0.001157 at y = 2.745168
phi_e, max: -10.680127 at y = 2.745587, phi_e, min: -10.680132 at y = 2.634726
phi_m, max: -0.000000 at y = 2.530000./ phi_m, min: -0.001147 at y = 2.745168
phi_e, max: 2.179921 at y = 2.534413, phi_e, min: 2.179913 at y = 2.655485
phi_m, max: 0.007552 at y = 2.530000./ phi_m, min: -0.001022 at y = 2.746367
phi_e, max: -3.180855 at y = 2.533213, phi_e, min: -3.181336 at y = 2.829396
phi_m, max: 0.114028 at y = 2.530000./ phi_m, min: 0.000000 at y = 2.530000
phi_e, max: 14.403599 at y = 2.533213, phi_e, min: 14.397204 at y = 2.829396
phi_m, max: 7.756563 at y = 2.530000./ phi_m, min: 0.000000 at y = 2.530000
phi_e, max: -35.307889 at y = 2.533213, phi_e, min: -35.737088 at y = 2.829396
phi_m, max: 115.332050 at y = 2.531787./ phi_m, min: 0.000000 at y = 2.530000
phi_e, max: 0.489603 at y = 2.744413, phi_e, min: -9.655536 at y = 2.536787
phi_m, max: 115.777501 at y = 2.748213./ phi_m, min: 0.000000 at y = 2.530000
phi_e, max: -2.343048 at y = 2.615503, phi_e, min: -3.182951 at y = 2.748213
phi_m, max: 105.665313 at y = 2.749413./ phi_m, min: 0.000000 at y = 2.530000
phi_e, max: 0.475980 at y = 2.626914, phi_e, min: 0.007653 at y = 2.748213
phi_m, max: 87.972268 at y = 2.835714./ phi_m, min: 0.000000 at y = 2.530000
phi_e, max: -21.214808 at y = 2.625714, phi_e, min: -21.588841 at y = 2.748213
phi_m, max: 68.067333 at y = 2.835714./ phi_m, min: 0.000000 at y = 2.530000
phi_e, max: 40.923997 at y = 2.625714, phi_e, min: 40.649419 at y = 2.748213
phi_m, max: 49.043760 at y = 2.835714./ phi_m, min: 0.000000 at y = 2.530000
phi_e, max: 2.832828 at y = 2.634726, phi_e, min: 2.656571 at y = 2.748213
phi_m, max: 31.804633 at y = 2.835714./ phi_m, min: 0.000000 at y = 2.530000
phi_e, max: 1.602563 at y = 2.571928, phi_e, min: 1.325706 at y = 2.748213
phi_m, max: 10.311108 at y = 2.835714./ phi_m, min: 0.000000 at y = 2.530000
phi_e, max: 2.776780 at y = 2.745587, phi_e, min: 2.669291 at y = 2.603705
phi_m, max: 1.188809 at y = 2.835714./ phi_m, min: -0.160839 at y = 2.530000
phi_e, max: 1.158463 at y = 2.748213, phi_e, min: 1.121359 at y = 2.501429
phi_m, max: -0.000000 at y = 2.530000./ phi_m, min: -0.365804 at y = 2.530000
phi_e, max: 1.875732 at y = 2.749413, phi_e, min: 1.870704 at y = 2.501429
phi_m, max: -0.000000 at y = 2.530000./ phi_m, min: -0.457586 at y = 2.530587
phi_e, max: -0.728905 at y = 2.749413, phi_e, min: -0.731004 at y = 2.622358
phi_m, max: -0.000000 at y = 2.530000./ phi_m, min: -0.504098 at y = 2.531624
phi_e, max: -0.910015 at y = 2.748213, phi_e, min: -0.912295 at y = 2.625714


phi_m, max: -0.000000 at y = 3.580000./ phi_m, min: -0.001150 at y = 3.585168
phi_e, max: 5.619994 at y = 3.585587, phi_e, min: 5.619986 at y = 3.380000
phi_m, max: -0.000000 at y = 3.580000./ phi_m, min: -0.001159 at y = 3.585168
phi_e, max: -10.680122 at y = 3.585587, phi_e, min: -10.680131 at y = 3.380000
phi_m, max: -0.000000 at y = 3.580000./ phi_m, min: -0.001150 at y = 3.585168
phi_e, max: 2.179921 at y = 3.585587, phi_e, min: 2.179913 at y = 3.380000
phi_m, max: -0.000000 at y = 3.580000./ phi_m, min: -0.001140 at y = 3.585168
phi_e, max: -3.181338 at y = 3.585587, phi_e, min: -3.181346 at y = 3.380000
phi_m, max: -0.000000 at y = 3.580000./ phi_m, min: -0.001129 at y = 3.585168
phi_e, max: 14.397092 at y = 3.585587, phi_e, min: 14.397084 at y = 3.408571
phi_m, max: -0.000000 at y = 3.580000./ phi_m, min: -0.001069 at y = 3.587458
phi_e, max: -35.745301 at y = 3.583213, phi_e, min: -35.745353 at y = 3.408571
phi_m, max: 0.004458 at y = 3.386318./ phi_m, min: -0.000684 at y = 3.588376
phi_e, max: 0.067252 at y = 3.583213, phi_e, min: 0.066822 at y = 3.408571
phi_m, max: 0.357869 at y = 3.386318./ phi_m, min: 0.000000 at y = 3.580000
phi_e, max: -3.177393 at y = 3.583213, phi_e, min: -3.204735 at y = 3.408571
phi_m, max: 5.878161 at y = 3.380000./ phi_m, min: 0.000000 at y = 3.580000
phi_e, max: 6.243321 at y = 3.583213, phi_e, min: 5.693811 at y = 3.380000
phi_m, max: 115.889634 at y = 3.582542./ phi_m, min: 0.000000 at y = 3.580000
phi_e, max: -22.354178 at y = 3.380000, phi_e, min: -27.748651 at y = 3.588213
phi_m, max: 110.175088 at y = 3.589413./ phi_m, min: 0.000000 at y = 3.580000
phi_e, max: 40.581224 at y = 3.380000, phi_e, min: 39.862127 at y = 3.588213
phi_m, max: 94.316631 at y = 3.704286./ phi_m, min: 0.000000 at y = 3.580000
phi_e, max: 2.522793 at y = 3.380000, phi_e, min: 1.960000 at y = 3.588213
phi_m, max: 74.803202 at y = 3.704286./ phi_m, min: 0.000000 at y = 3.580000
phi_e, max: 1.222631 at y = 3.380000, phi_e, min: 0.808612 at y = 3.588213
phi_m, max: 55.123641 at y = 3.704286./ phi_m, min: 0.000000 at y = 3.580000
phi_e, max: 2.599760 at y = 3.380000, phi_e, min: 2.321707 at y = 3.588213
phi_m, max: 37.712964 at y = 3.704286./ phi_m, min: 0.000000 at y = 3.580000
phi_e, max: 0.583043 at y = 3.380000, phi_e, min: 0.324834 at y = 3.588213
phi_m, max: 17.300859 at y = 3.704286./ phi_m, min: 0.000000 at y = 3.580000
phi_e, max: 2.067722 at y = 3.583213, phi_e, min: 1.969936 at y = 3.380000
phi_m, max: 2.660788 at y = 3.704286./ phi_m, min: 0.000000 at y = 3.580000
phi_e, max: -0.634149 at y = 3.586787, phi_e, min: -0.702469 at y = 3.380000
phi_m, max: 0.070117 at y = 3.704286./ phi_m, min: -0.203139 at y = 3.380000
phi_e, max: -0.901757 at y = 3.588213, phi_e, min: -0.910579 at y = 3.380000


phi_m, max: -0.000000 at y = 1.690000./ phi_m, min: -0.001125 at y = 1.906787
phi_e, max: 5.620104 at y = 1.632857, phi_e, min: 5.619981 at y = 1.947583
phi_m, max: 0.022215 at y = 1.661429./ phi_m, min: -0.000572 at y = 1.908376
phi_e, max: -10.676039 at y = 1.632857, phi_e, min: -10.680156 at y = 1.948782
phi_m, max: 0.253723 at y = 1.661429./ phi_m, min: 0.000000 at y = 1.690000
phi_e, max: 2.224669 at y = 1.632857, phi_e, min: 2.179681 at y = 1.948782
phi_m, max: 20.120537 at y = 1.661429./ phi_m, min: 0.000000 at y = 1.690000
phi_e, max: -0.086107 at y = 1.691787, phi_e, min: -3.199144 at y = 1.948782
phi_m, max: 115.931829 at y = 1.696426./ phi_m, min: 0.000000 at y = 1.690000
phi_e, max: 14.361148 at y = 1.908213, phi_e, min: 10.293112 at y = 1.690587
phi_m, max: 114.220238 at y = 1.908376./ phi_m, min: 0.000000 at y = 1.690000
phi_e, max: -30.244217 at y = 1.782358, phi_e, min: -31.538784 at y = 1.967143
phi_m, max: 101.058067 at y = 1.909413./ phi_m, min: 0.000000 at y = 1.690000
phi_e, max: -5.004213 at y = 1.794726, phi_e, min: -5.655750 at y = 1.909413
phi_m, max: 82.225182 at y = 1.910000./ phi_m, min: 0.000000 at y = 1.690000
phi_e, max: -1.527612 at y = 1.789071, phi_e, min: -2.059176 at y = 1.908213
phi_m, max: 62.171525 at y = 1.935215./ phi_m, min: 0.000000 at y = 1.690000
phi_e, max: 1.090590 at y = 1.789071, phi_e, min: 0.700745 at y = 1.908213
phi_m, max: 43.908693 at y = 1.935215./ phi_m, min: 0.000000 at y = 1.690000
phi_e, max: -20.734367 at y = 1.795925, phi_e, min: -21.026469 at y = 1.908213
phi_m, max: 25.697686 at y = 1.935215./ phi_m, min: 0.000000 at y = 1.690000
phi_e, max: 41.601928 at y = 1.632857, phi_e, min: 41.082661 at y = 1.908213
phi_m, max: 5.741435 at y = 1.935215./ phi_m, min: 0.000000 at y = 1.690000
phi_e, max: 2.913978 at y = 1.908213, phi_e, min: 2.807198 at y = 1.763461
phi_m, max: 0.496465 at y = 1.935215./ phi_m, min: -0.250148 at y = 1.661429
phi_e, max: 1.652602 at y = 1.967143, phi_e, min: 1.626589 at y = 1.746932
phi_m, max: -0.000000 at y = 1.690000./ phi_m, min: -0.401362 at y = 1.661429
phi_e, max: 2.643444 at y = 1.967143, phi_e, min: 2.640308 at y = 1.789071
phi_m, max: -0.000000 at y = 1.690000./ phi_m, min: -0.477174 at y = 1.690587
phi_e, max: 1.117239 at y = 1.690587, phi_e, min: 1.114039 at y = 1.810929
phi_m, max: -0.000000 at y = 1.690000./ phi_m, min: -0.512679 at y = 1.691624
phi_e, max: 1.870516 at y = 1.690587, phi_e, min: 1.867046 at y = 1.807967
phi_m, max: -0.000000 at y = 1.690000./ phi_m, min: -0.521097 at y = 1.695168
phi_e, max: -0.731388 at y = 1.691787, phi_e, min: -0.734892 at y = 1.804075
phi_m, max: -0.000000 at y = 1.690000./ phi_m, min: -0.517079 at y = 1.905510
phi_e, max: -0.913000 at y = 1.691787, phi_e, min: -0.916380 at y = 1.801918


Writing: "Fiber2DEphapticPlaneL4rho4_18.chk"
 (0.00113029s, XML)
Steps: 19000000 Time: 1.9         
phi_m, max: -0.000000 at y = 2.530000./ phi_m, min: -0.001148 at y = 2.745168
phi_e, max: 5.619990 at y = 2.745587, phi_e, min: 5.619984 at y = 2.629071
phi_m, max: -0.000000 at y = 2.530000./ phi_m, min: -0.001157 at y = 2.745168
phi_e, max: -10.680127 at y = 2.745587, phi_e, min: -10.680132 at y = 2.634726
phi_m, max: -0.000000 at y = 2.530000./ phi_m, min: -0.001147 at y = 2.745168
phi_e, max: 2.179921 at y = 2.534413, phi_e, min: 2.179913 at y = 2.655485
phi_m, max: 0.007552 at y = 2.530000./ phi_m, min: -0.001022 at y = 2.746367
phi_e, max: -3.180855 at y = 2.533213, phi_e, min: -3.181336 at y = 2.829396
phi_m, max: 0.114028 at y = 2.530000./ phi_m, min: 0.000000 at y = 2.530000
phi_e, max: 14.403599 at y = 2.533213, phi_e, min: 14.397204 at y = 2.829396
phi_m, max: 7.756563 at y = 2.530000./ phi_m, min: 0.000000 at y = 2.530000
phi_e, max: -35.307889 at y = 2.533213, phi_e, min: -35.737088 at y = 2.829396
phi_m, max: 115.332050 at y = 2.531787./ phi_m, min: 0.000000 at y = 2.530000
phi_e, max: 0.489603 at y = 2.744413, phi_e, min: -9.655536 at y = 2.536787
phi_m, max: 115.777501 at y = 2.748213./ phi_m, min: 0.000000 at y = 2.530000
phi_e, max: -2.343048 at y = 2.615503, phi_e, min: -3.182951 at y = 2.748213
phi_m, max: 105.665313 at y = 2.749413./ phi_m, min: 0.000000 at y = 2.530000
phi_e, max: 0.475980 at y = 2.626914, phi_e, min: 0.007653 at y = 2.748213
phi_m, max: 87.972268 at y = 2.835714./ phi_m, min: 0.000000 at y = 2.530000
phi_e, max: -21.214808 at y = 2.625714, phi_e, min: -21.588841 at y = 2.748213
phi_m, max: 68.067333 at y = 2.835714./ phi_m, min: 0.000000 at y = 2.530000
phi_e, max: 40.923997 at y = 2.625714, phi_e, min: 40.649419 at y = 2.748213
phi_m, max: 49.043760 at y = 2.835714./ phi_m, min: 0.000000 at y = 2.530000
phi_e, max: 2.832828 at y = 2.634726, phi_e, min: 2.656571 at y = 2.748213
phi_m, max: 31.804633 at y = 2.835714./ phi_m, min: 0.000000 at y = 2.530000
phi_e, max: 1.602563 at y = 2.571928, phi_e, min: 1.325706 at y = 2.748213
phi_m, max: 10.311108 at y = 2.835714./ phi_m, min: 0.000000 at y = 2.530000
phi_e, max: 2.776780 at y = 2.745587, phi_e, min: 2.669291 at y = 2.603705
phi_m, max: 1.188809 at y = 2.835714./ phi_m, min: -0.160839 at y = 2.530000
phi_e, max: 1.158463 at y = 2.748213, phi_e, min: 1.121359 at y = 2.501429
phi_m, max: -0.000000 at y = 2.530000./ phi_m, min: -0.365804 at y = 2.530000
phi_e, max: 1.875732 at y = 2.749413, phi_e, min: 1.870704 at y = 2.501429
phi_m, max: -0.000000 at y = 2.530000./ phi_m, min: -0.457586 at y = 2.530587
phi_e, max: -0.728905 at y = 2.749413, phi_e, min: -0.731004 at y = 2.622358
phi_m, max: -0.000000 at y = 2.530000./ phi_m, min: -0.504098 at y = 2.531624
phi_e, max: -0.910015 at y = 2.748213, phi_e, min: -0.912295 at y = 2.625714
phi_m, max: -0.000000 at y = 2.530000./ phi_m, min: -0.519728 at y = 2.533574
phi_e, max: -0.110594 at y = 2.745587, phi_e, min: -0.113073 at y = 2.626914


phi_m, max: -0.000000 at y = 3.580000./ phi_m, min: -0.001150 at y = 3.585168
phi_e, max: 5.619994 at y = 3.585587, phi_e, min: 5.619986 at y = 3.380000
phi_m, max: -0.000000 at y = 3.580000./ phi_m, min: -0.001159 at y = 3.585168
phi_e, max: -10.680122 at y = 3.585587, phi_e, min: -10.680131 at y = 3.380000
phi_m, max: -0.000000 at y = 3.580000./ phi_m, min: -0.001150 at y = 3.585168
phi_e, max: 2.179921 at y = 3.585587, phi_e, min: 2.179913 at y = 3.380000
phi_m, max: -0.000000 at y = 3.580000./ phi_m, min: -0.001140 at y = 3.585168
phi_e, max: -3.181338 at y = 3.585587, phi_e, min: -3.181346 at y = 3.380000
phi_m, max: -0.000000 at y = 3.580000./ phi_m, min: -0.001129 at y = 3.585168
phi_e, max: 14.397092 at y = 3.585587, phi_e, min: 14.397084 at y = 3.408571
phi_m, max: -0.000000 at y = 3.580000./ phi_m, min: -0.001069 at y = 3.587458
phi_e, max: -35.745301 at y = 3.583213, phi_e, min: -35.745353 at y = 3.408571
phi_m, max: 0.004458 at y = 3.386318./ phi_m, min: -0.000684 at y = 3.588376
phi_e, max: 0.067252 at y = 3.583213, phi_e, min: 0.066822 at y = 3.408571
phi_m, max: 0.357869 at y = 3.386318./ phi_m, min: 0.000000 at y = 3.580000
phi_e, max: -3.177393 at y = 3.583213, phi_e, min: -3.204735 at y = 3.408571
phi_m, max: 5.878161 at y = 3.380000./ phi_m, min: 0.000000 at y = 3.580000
phi_e, max: 6.243321 at y = 3.583213, phi_e, min: 5.693811 at y = 3.380000
phi_m, max: 115.889634 at y = 3.582542./ phi_m, min: 0.000000 at y = 3.580000
phi_e, max: -22.354178 at y = 3.380000, phi_e, min: -27.748651 at y = 3.588213
phi_m, max: 110.175088 at y = 3.589413./ phi_m, min: 0.000000 at y = 3.580000
phi_e, max: 40.581224 at y = 3.380000, phi_e, min: 39.862127 at y = 3.588213
phi_m, max: 94.316631 at y = 3.704286./ phi_m, min: 0.000000 at y = 3.580000
phi_e, max: 2.522793 at y = 3.380000, phi_e, min: 1.960000 at y = 3.588213
phi_m, max: 74.803202 at y = 3.704286./ phi_m, min: 0.000000 at y = 3.580000
phi_e, max: 1.222631 at y = 3.380000, phi_e, min: 0.808612 at y = 3.588213
phi_m, max: 55.123641 at y = 3.704286./ phi_m, min: 0.000000 at y = 3.580000
phi_e, max: 2.599760 at y = 3.380000, phi_e, min: 2.321707 at y = 3.588213
phi_m, max: 37.712964 at y = 3.704286./ phi_m, min: 0.000000 at y = 3.580000
phi_e, max: 0.583043 at y = 3.380000, phi_e, min: 0.324834 at y = 3.588213
phi_m, max: 17.300859 at y = 3.704286./ phi_m, min: 0.000000 at y = 3.580000
phi_e, max: 2.067722 at y = 3.583213, phi_e, min: 1.969936 at y = 3.380000
phi_m, max: 2.660788 at y = 3.704286./ phi_m, min: 0.000000 at y = 3.580000
phi_e, max: -0.634149 at y = 3.586787, phi_e, min: -0.702469 at y = 3.380000
phi_m, max: 0.070117 at y = 3.704286./ phi_m, min: -0.203139 at y = 3.380000
phi_e, max: -0.901757 at y = 3.588213, phi_e, min: -0.910579 at y = 3.380000
phi_m, max: -0.000000 at y = 3.580000./ phi_m, min: -0.379049 at y = 3.380000
phi_e, max: -0.110108 at y = 3.589413, phi_e, min: -0.113178 at y = 3.380000


phi_m, max: 12.401412 at y = 0.468571./ phi_m, min: 0.000000 at y = 0.640000
phi_e, max: 6.225881 at y = 0.643213, phi_e, min: 5.549122 at y = 0.468571
phi_m, max: 115.915580 at y = 0.644832./ phi_m, min: 0.000000 at y = 0.640000
phi_e, max: -8.899324 at y = 0.471928, phi_e, min: -11.171729 at y = 0.648213
phi_m, max: 108.750059 at y = 0.649413./ phi_m, min: 0.000000 at y = 0.640000
phi_e, max: -7.040250 at y = 0.478782, phi_e, min: -7.649416 at y = 0.648213
phi_m, max: 92.535536 at y = 0.792857./ phi_m, min: 0.000000 at y = 0.640000
phi_e, max: -1.884639 at y = 0.478782, phi_e, min: -2.334205 at y = 0.648213
phi_m, max: 72.865358 at y = 0.792857./ phi_m, min: 0.000000 at y = 0.640000
phi_e, max: 10.144042 at y = 0.478782, phi_e, min: 9.814067 at y = 0.648213
phi_m, max: 53.334603 at y = 0.792857./ phi_m, min: 0.000000 at y = 0.640000
phi_e, max: -30.851979 at y = 0.478782, phi_e, min: -31.077134 at y = 0.648213
phi_m, max: 36.040488 at y = 0.792857./ phi_m, min: 0.000000 at y = 0.640000
phi_e, max: -5.556317 at y = 0.471534, phi_e, min: -5.767217 at y = 0.646787
phi_m, max: 15.062472 at y = 0.792857./ phi_m, min: 0.000000 at y = 0.640000
phi_e, max: -1.825739 at y = 0.644413, phi_e, min: -1.918651 at y = 0.478782
phi_m, max: 2.127801 at y = 0.792857./ phi_m, min: 0.000000 at y = 0.640000
phi_e, max: 1.046620 at y = 0.646787, phi_e, min: 1.001249 at y = 0.471928
phi_m, max: 0.016234 at y = 0.792857./ phi_m, min: -0.227864 at y = 0.468571
phi_e, max: -20.994954 at y = 0.648213, phi_e, min: -21.001914 at y = 0.471928
phi_m, max: -0.000000 at y = 0.640000./ phi_m, min: -0.389216 at y = 0.468571
phi_e, max: 41.618448 at y = 0.649413, phi_e, min: 41.615842 at y = 0.478782
phi_m, max: -0.000000 at y = 0.640000./ phi_m, min: -0.467913 at y = 0.640587
phi_e, max: 2.831853 at y = 0.648213, phi_e, min: 2.829084 at y = 0.478782
phi_m, max: -0.000000 at y = 0.640000./ phi_m, min: -0.508697 at y = 0.642542
phi_e, max: 1.632400 at y = 0.645587, phi_e, min: 1.629361 at y = 0.478782
phi_m, max: -0.000000 at y = 0.640000./ phi_m, min: -0.520775 at y = 0.645168
phi_e, max: 2.646924 at y = 0.645587, phi_e, min: 2.643797 at y = 0.478782
phi_m, max: -0.000000 at y = 0.640000./ phi_m, min: -0.510778 at y = 0.646426
phi_e, max: 1.121568 at y = 0.645587, phi_e, min: 1.118513 at y = 0.478782
phi_m, max: -0.000000 at y = 0.640000./ phi_m, min: -0.484431 at y = 0.647458
phi_e, max: 1.874644 at y = 0.645587, phi_e, min: 1.871761 at y = 0.478782
phi_m, max: -0.000000 at y = 0.640000./ phi_m, min: -0.448220 at y = 0.647458
phi_e, max: -0.727577 at y = 0.645587, phi_e, min: -0.730232 at y = 0.478782
phi_m, max: -0.000000 at y = 0.640000./ phi_m, min: -0.407093 at y = 0.647458
phi_e, max: -0.909548 at y = 0.645587, phi_e, min: -0.911950 at y = 0.478782
phi_m, max: -0.000000 at y = 0.640000./ phi_m, min: -0.364697 at y = 0.648213
phi_e, max: -0.110911 at y = 0.645587, phi_e, min: -0.113056 at y = 0.478782


phi_m, max: -0.000000 at y = 4.000000./ phi_m, min: -0.001159 at y = 4.218213
phi_e, max: 5.619983 at y = 4.001787, phi_e, min: 5.619972 at y = 4.140489
phi_m, max: -0.000000 at y = 4.000000./ phi_m, min: -0.001168 at y = 4.218213
phi_e, max: -10.680133 at y = 4.001787, phi_e, min: -10.680145 at y = 4.140489
phi_m, max: -0.000000 at y = 4.000000./ phi_m, min: -0.001159 at y = 4.218213
phi_e, max: 2.179910 at y = 4.001787, phi_e, min: 2.179899 at y = 4.140489
phi_m, max: -0.000000 at y = 4.000000./ phi_m, min: -0.001148 at y = 4.218213
phi_e, max: -3.181349 at y = 4.001787, phi_e, min: -3.181360 at y = 4.140489
phi_m, max: -0.000000 at y = 4.000000./ phi_m, min: -0.001139 at y = 4.218213
phi_e, max: 14.397081 at y = 4.001787, phi_e, min: 14.397070 at y = 4.140489
phi_m, max: -0.000000 at y = 4.000000./ phi_m, min: -0.001130 at y = 4.218213
phi_e, max: -35.745334 at y = 4.001787, phi_e, min: -35.745346 at y = 4.142646
phi_m, max: -0.000000 at y = 4.000000./ phi_m, min: -0.001121 at y = 4.218213
phi_e, max: 0.067036 at y = 4.001787, phi_e, min: 0.067014 at y = 4.156213
phi_m, max: 0.002954 at y = 4.000000./ phi_m, min: -0.000984 at y = 4.218376
phi_e, max: -3.190686 at y = 4.000587, phi_e, min: -3.191399 at y = 4.184391
phi_m, max: 0.062853 at y = 4.000000./ phi_m, min: 0.000000 at y = 4.000000
phi_e, max: 6.032554 at y = 4.000587, phi_e, min: 6.021391 at y = 4.184785
phi_m, max: 7.468375 at y = 4.000000./ phi_m, min: 0.000000 at y = 4.000000
phi_e, max: -29.615414 at y = 4.000587, phi_e, min: -30.917936 at y = 4.184785
phi_m, max: 114.971247 at y = 4.000587./ phi_m, min: 0.000000 at y = 4.000000
phi_e, max: 49.924457 at y = 4.215587, phi_e, min: 40.753769 at y = 4.003213
phi_m, max: 116.071290 at y = 4.218376./ phi_m, min: 0.000000 at y = 4.000000
phi_e, max: 3.819160 at y = 4.134497, phi_e, min: 2.753618 at y = 4.000587
phi_m, max: 106.249479 at y = 4.219413./ phi_m, min: 0.000000 at y = 4.000000
phi_e, max: 2.214206 at y = 4.120929, phi_e, min: 1.391397 at y = 4.000587
phi_m, max: 88.424822 at y = 4.219413./ phi_m, min: 0.000000 at y = 4.000000
phi_e, max: 3.317562 at y = 4.111918, phi_e, min: 2.709004 at y = 4.000587
phi_m, max: 68.239029 at y = 4.219413./ phi_m, min: 0.000000 at y = 4.000000
phi_e, max: 1.040072 at y = 4.102276, phi_e, min: 0.505070 at y = 4.218213
phi_m, max: 49.046972 at y = 4.219413./ phi_m, min: 0.000000 at y = 4.000000
phi_e, max: 2.531947 at y = 4.105925, phi_e, min: 2.101903 at y = 4.218213
phi_m, max: 31.485179 at y = 4.220000./ phi_m, min: 0.000000 at y = 4.000000
phi_e, max: -0.808348 at y = 4.038571, phi_e, min: -1.491824 at y = 4.218213
phi_m, max: 8.791793 at y = 4.220587./ phi_m, min: 0.000000 at y = 4.000000
phi_e, max: -0.931365 at y = 4.001787, phi_e, min: -1.283945 at y = 4.218213
phi_m, max: 0.839025 at y = 4.221175./ phi_m, min: -0.139656 at y = 4.000000
phi_e, max: -0.115432 at y = 4.000587, phi_e, min: -0.157477 at y = 4.218213


phi_m, max: 0.190458 at y = 1.060000./ phi_m, min: 0.000000 at y = 1.070000
phi_e, max: 5.632505 at y = 1.063213, phi_e, min: 5.620310 at y = 1.362358
phi_m, max: 6.364808 at y = 1.060000./ phi_m, min: 0.000000 at y = 1.070000
phi_e, max: -10.280745 at y = 1.063213, phi_e, min: -10.669249 at y = 1.362358
phi_m, max: 115.689359 at y = 1.061787./ phi_m, min: 0.000000 at y = 1.070000
phi_e, max: 2.594853 at y = 1.274413, phi_e, min: -9.503351 at y = 1.066787
phi_m, max: 115.621804 at y = 1.278213./ phi_m, min: 0.000000 at y = 1.070000
phi_e, max: -1.839447 at y = 1.154515, phi_e, min: -2.563333 at y = 1.278213
phi_m, max: 104.779568 at y = 1.279413./ phi_m, min: 0.000000 at y = 1.070000
phi_e, max: 10.174467 at y = 1.164726, phi_e, min: 9.769419 at y = 1.278213
phi_m, max: 86.894250 at y = 1.365714./ phi_m, min: 0.000000 at y = 1.070000
phi_e, max: -30.858206 at y = 1.164726, phi_e, min: -31.176820 at y = 1.278213
phi_m, max: 66.956446 at y = 1.365714./ phi_m, min: 0.000000 at y = 1.070000
phi_e, max: -5.557234 at y = 1.164726, phi_e, min: -5.786806 at y = 1.278213
phi_m, max: 48.064310 at y = 1.365714./ phi_m, min: 0.000000 at y = 1.070000
phi_e, max: -1.937380 at y = 1.175274, phi_e, min: -2.114068 at y = 1.064413
phi_m, max: 30.754905 at y = 1.365714./ phi_m, min: 0.000000 at y = 1.070000
phi_e, max: 0.942579 at y = 1.061787, phi_e, min: 0.685997 at y = 1.278213
phi_m, max: 9.379335 at y = 1.365714./ phi_m, min: 0.000000 at y = 1.070000
phi_e, max: -20.884243 at y = 1.275587, phi_e, min: -20.993460 at y = 1.137354
phi_m, max: 1.026353 at y = 1.365714./ phi_m, min: -0.182216 at y = 1.060000
phi_e, max: 41.648985 at y = 1.278213, phi_e, min: 41.617814 at y = 1.118131
phi_m, max: -0.000000 at y = 1.070000./ phi_m, min: -0.373677 at y = 1.060000
phi_e, max: 2.832747 at y = 1.279413, phi_e, min: 2.828786 at y = 1.133461
phi_m, max: -0.000000 at y = 1.070000./ phi_m, min: -0.461864 at y = 1.060587
phi_e, max: 1.630597 at y = 1.279413, phi_e, min: 1.628698 at y = 1.159071
phi_m, max: -0.000000 at y = 1.070000./ phi_m, min: -0.506081 at y = 1.061624
phi_e, max: 2.645170 at y = 1.278213, phi_e, min: 2.643084 at y = 1.164726
phi_m, max: -0.000000 at y = 1.070000./ phi_m, min: -0.520081 at y = 1.063574
phi_e, max: 1.120069 at y = 1.275587, phi_e, min: 1.117818 at y = 1.164726
phi_m, max: -0.000000 at y = 1.070000./ phi_m, min: -0.520031 at y = 1.275510
phi_e, max: 1.873392 at y = 1.275587, phi_e, min: 1.871110 at y = 1.164726
phi_m, max: -0.000000 at y = 1.070000./ phi_m, min: -0.504700 at y = 1.276787
phi_e, max: -0.728619 at y = 1.275587, phi_e, min: -0.730826 at y = 1.164726
phi_m, max: -0.000000 at y = 1.070000./ phi_m, min: -0.475107 at y = 1.277458
phi_e, max: -0.910415 at y = 1.275587, phi_e, min: -0.912484 at y = 1.164726
phi_m, max: -0.000000 at y = 1.070000./ phi_m, min: -0.437119 at y = 1.277458
phi_e, max: -0.111635 at y = 1.275587, phi_e, min: -0.113530 at y = 1.165925


phi_m, max: -0.000000 at y = 1.938571./ phi_m, min: -0.001147 at y = 2.115168
phi_e, max: 5.619990 at y = 2.115587, phi_e, min: 5.619981 at y = 1.948782
phi_m, max: -0.000000 at y = 1.938571./ phi_m, min: -0.001093 at y = 2.117458
phi_e, max: -10.680076 at y = 1.910000, phi_e, min: -10.680152 at y = 1.956932
phi_m, max: 0.006349 at y = 1.916318./ phi_m, min: -0.000539 at y = 2.118376
phi_e, max: 2.180543 at y = 1.910000, phi_e, min: 2.179723 at y = 1.956932
phi_m, max: 0.580125 at y = 1.916318./ phi_m, min: 0.000000 at y = 1.938571
phi_e, max: -3.131556 at y = 1.910000, phi_e, min: -3.195817 at y = 1.956932
phi_m, max: 7.976606 at y = 1.910000./ phi_m, min: 0.000000 at y = 1.938571
phi_e, max: 14.721723 at y = 2.113213, phi_e, min: 14.228766 at y = 1.920211
phi_m, max: 115.887675 at y = 2.113633./ phi_m, min: 0.000000 at y = 1.938571
phi_e, max: -31.411739 at y = 1.935215, phi_e, min: -35.413574 at y = 2.118213
phi_m, max: 109.542520 at y = 2.119413./ phi_m, min: 0.000000 at y = 1.938571
phi_e, max: -5.600675 at y = 1.935215, phi_e, min: -6.305782 at y = 2.118213
phi_m, max: 93.662361 at y = 2.262857./ phi_m, min: 0.000000 at y = 1.938571
phi_e, max: -2.015944 at y = 1.941928, phi_e, min: -2.521416 at y = 2.118213
phi_m, max: 74.089451 at y = 2.262857./ phi_m, min: 0.000000 at y = 1.938571
phi_e, max: 0.732730 at y = 1.941928, phi_e, min: 0.359393 at y = 2.118213
phi_m, max: 54.457445 at y = 2.262857./ phi_m, min: 0.000000 at y = 1.938571
phi_e, max: -20.998368 at y = 1.948782, phi_e, min: -21.252915 at y = 2.118213
phi_m, max: 37.093054 at y = 2.262857./ phi_m, min: 0.000000 at y = 1.938571
phi_e, max: 41.092061 at y = 1.920211, phi_e, min: 40.856305 at y = 2.118213
phi_m, max: 16.436476 at y = 2.262857./ phi_m, min: 0.000000 at y = 1.938571
phi_e, max: 2.995012 at y = 2.113213, phi_e, min: 2.906943 at y = 1.935215
phi_m, max: 2.451141 at y = 2.262857./ phi_m, min: 0.000000 at y = 1.938571
phi_e, max: 1.706491 at y = 2.116787, phi_e, min: 1.650742 at y = 1.928360
phi_m, max: 0.060054 at y = 2.262857./ phi_m, min: -0.213772 at y = 1.910000
phi_e, max: 2.651883 at y = 2.118213, phi_e, min: 2.643166 at y = 1.935215
phi_m, max: -0.000000 at y = 1.938571./ phi_m, min: -0.384004 at y = 1.910000
phi_e, max: 1.118801 at y = 2.119413, phi_e, min: 1.115904 at y = 1.948782
phi_m, max: -0.000000 at y = 1.938571./ phi_m, min: -0.466027 at y = 1.910000
phi_e, max: 1.872426 at y = 2.118213, phi_e, min: 1.869419 at y = 1.948782
phi_m, max: -0.000000 at y = 1.938571./ phi_m, min: -0.506849 at y = 2.112542
phi_e, max: -0.728852 at y = 2.118213, phi_e, min: -0.732177 at y = 1.948782
phi_m, max: -0.000000 at y = 1.938571./ phi_m, min: -0.520510 at y = 2.115168
phi_e, max: -0.910117 at y = 2.116787, phi_e, min: -0.913546 at y = 1.948782
phi_m, max: -0.000000 at y = 1.938571./ phi_m, min: -0.511786 at y = 2.116426
phi_e, max: -0.110999 at y = 2.116787, phi_e, min: -0.114361 at y = 1.948782


phi_m, max: -0.000000 at y = 2.291429./ phi_m, min: -0.001147 at y = 2.324832
phi_e, max: 5.619988 at y = 2.324413, phi_e, min: 5.619983 at y = 2.431918
phi_m, max: -0.000000 at y = 2.291429./ phi_m, min: -0.001154 at y = 2.535168
phi_e, max: -10.680122 at y = 2.323213, phi_e, min: -10.680132 at y = 2.450604
phi_m, max: -0.000000 at y = 2.291429./ phi_m, min: -0.001131 at y = 2.536367
phi_e, max: 2.179987 at y = 2.205714, phi_e, min: 2.179916 at y = 2.485225
phi_m, max: 0.051613 at y = 2.234286./ phi_m, min: -0.000452 at y = 2.538825
phi_e, max: -3.175581 at y = 2.205714, phi_e, min: -3.181052 at y = 2.499272
phi_m, max: 0.700428 at y = 2.234286./ phi_m, min: 0.000000 at y = 2.291429
phi_e, max: 14.473822 at y = 2.205714, phi_e, min: 14.401012 at y = 2.499272
phi_m, max: 88.834615 at y = 2.234286./ phi_m, min: 0.000000 at y = 2.291429
phi_e, max: -32.440417 at y = 2.324413, phi_e, min: -35.514668 at y = 2.491218
phi_m, max: 115.368397 at y = 2.531787./ phi_m, min: 0.000000 at y = 2.291429
phi_e, max: -5.956020 at y = 2.230929, phi_e, min: -9.645766 at y = 2.535587
phi_m, max: 111.330249 at y = 2.539413./ phi_m, min: 0.000000 at y = 2.291429
phi_e, max: -2.188073 at y = 2.422276, phi_e, min: -2.642843 at y = 2.535587
phi_m, max: 95.891732 at y = 2.539413./ phi_m, min: 0.000000 at y = 2.291429
phi_e, max: 0.587113 at y = 2.416914, phi_e, min: 0.202112 at y = 2.535587
phi_m, max: 76.342190 at y = 2.540000./ phi_m, min: 0.000000 at y = 2.291429
phi_e, max: -21.118533 at y = 2.412358, phi_e, min: -21.430561 at y = 2.535587
phi_m, max: 56.515254 at y = 2.540000./ phi_m, min: 0.000000 at y = 2.291429
phi_e, max: 40.989135 at y = 2.413557, phi_e, min: 40.769947 at y = 2.535587
phi_m, max: 38.949152 at y = 2.540000./ phi_m, min: 0.000000 at y = 2.291429
phi_e, max: 2.947139 at y = 2.205714, phi_e, min: 2.685971 at y = 2.534413
phi_m, max: 18.815293 at y = 2.540000./ phi_m, min: 0.000000 at y = 2.291429
phi_e, max: 1.717733 at y = 2.324832, phi_e, min: 1.588190 at y = 2.485225
phi_m, max: 3.172286 at y = 2.540000./ phi_m, min: 0.000000 at y = 2.291429
phi_e, max: 2.695301 at y = 2.535587, phi_e, min: 2.647587 at y = 2.230929
phi_m, max: 0.149742 at y = 2.540000./ phi_m, min: -0.302482 at y = 2.234286
phi_e, max: 1.124279 at y = 2.538213, phi_e, min: 1.117359 at y = 2.234286
phi_m, max: -0.000000 at y = 2.291429./ phi_m, min: -0.424639 at y = 2.234286
phi_e, max: 1.871888 at y = 2.320587, phi_e, min: 1.870088 at y = 2.434075
phi_m, max: -0.000000 at y = 2.291429./ phi_m, min: -0.488195 at y = 2.321175
phi_e, max: -0.729396 at y = 2.321787, phi_e, min: -0.731519 at y = 2.437967
phi_m, max: -0.000000 at y = 2.291429./ phi_m, min: -0.516521 at y = 2.323574
phi_e, max: -0.910598 at y = 2.323213, phi_e, min: -0.912789 at y = 2.434075
phi_m, max: -0.000000 at y = 2.291429./ phi_m, min: -0.519941 at y = 2.326426
phi_e, max: -0.111403 at y = 2.324413, phi_e, min: -0.113562 at y = 2.431918


phi_m, max: 0.004478 at y = 1.365714./ phi_m, min: -0.000559 at y = 1.487458
phi_e, max: 5.620523 at y = 1.481787, phi_e, min: 5.620081 at y = 1.690000
phi_m, max: 0.185100 at y = 1.365714./ phi_m, min: 0.000000 at y = 1.451429
phi_e, max: -10.662286 at y = 1.481787, phi_e, min: -10.676793 at y = 1.690000
phi_m, max: 2.046201 at y = 1.365714./ phi_m, min: 0.000000 at y = 1.451429
phi_e, max: 2.375620 at y = 1.481787, phi_e, min: 2.216403 at y = 1.690000
phi_m, max: 114.767189 at y = 1.480587./ phi_m, min: 0.000000 at y = 1.451429
phi_e, max: -0.140884 at y = 1.690000, phi_e, min: -4.155988 at y = 1.484551
phi_m, max: 113.142496 at y = 1.690000./ phi_m, min: 0.000000 at y = 1.451429
phi_e, max: 10.379736 at y = 1.690000, phi_e, min: 9.660769 at y = 1.481787
phi_m, max: 99.314711 at y = 1.690000./ phi_m, min: 0.000000 at y = 1.451429
phi_e, max: -30.725257 at y = 1.651218, phi_e, min: -31.261819 at y = 1.481787
phi_m, max: 80.317586 at y = 1.690000./ phi_m, min: 0.000000 at y = 1.451429
phi_e, max: -5.460593 at y = 1.651218, phi_e, min: -5.850996 at y = 1.481787
phi_m, max: 60.271316 at y = 1.690000./ phi_m, min: 0.000000 at y = 1.451429
phi_e, max: -1.852700 at y = 1.651218, phi_e, min: -2.113009 at y = 1.481787
phi_m, max: 42.204270 at y = 1.690000./ phi_m, min: 0.000000 at y = 1.451429
phi_e, max: 0.855931 at y = 1.651218, phi_e, min: 0.633758 at y = 1.481787
phi_m, max: 23.394787 at y = 1.690000./ phi_m, min: 0.000000 at y = 1.451429
phi_e, max: -20.907302 at y = 1.481787, phi_e, min: -20.973233 at y = 1.690000
phi_m, max: 4.583201 at y = 1.690000./ phi_m, min: 0.000000 at y = 1.451429
phi_e, max: 41.685736 at y = 1.485587, phi_e, min: 41.590095 at y = 1.690000
phi_m, max: 0.314277 at y = 1.690000./ phi_m, min: -0.137545 at y = 1.365714
phi_e, max: 2.838001 at y = 1.486787, phi_e, min: 2.825327 at y = 1.651218
phi_m, max: -0.000000 at y = 1.451429./ phi_m, min: -0.354903 at y = 1.365714
phi_e, max: 1.631205 at y = 1.480587, phi_e, min: 1.627944 at y = 1.651218
phi_m, max: -0.000000 at y = 1.451429./ phi_m, min: -0.450610 at y = 1.480587
phi_e, max: 2.645544 at y = 1.481787, phi_e, min: 2.642375 at y = 1.690000
phi_m, max: -0.000000 at y = 1.451429./ phi_m, min: -0.501352 at y = 1.481624
phi_e, max: 1.120498 at y = 1.481787, phi_e, min: 1.116972 at y = 1.690000
phi_m, max: -0.000000 at y = 1.451429./ phi_m, min: -0.520575 at y = 1.484490
phi_e, max: 1.873853 at y = 1.483213, phi_e, min: 1.870227 at y = 1.690000
phi_m, max: -0.000000 at y = 1.451429./ phi_m, min: -0.517065 at y = 1.486426
phi_e, max: -0.728145 at y = 1.483213, phi_e, min: -0.731697 at y = 1.690000
phi_m, max: -0.000000 at y = 1.451429./ phi_m, min: -0.495068 at y = 1.487458
phi_e, max: -0.909952 at y = 1.483213, phi_e, min: -0.913309 at y = 1.690000
phi_m, max: -0.000000 at y = 1.451429./ phi_m, min: -0.461231 at y = 1.487458
phi_e, max: -0.111198 at y = 1.484413, phi_e, min: -0.114293 at y = 1.690000


phi_m, max: 1.162121 at y = 0.764286./ phi_m, min: 0.000000 at y = 0.850000
phi_e, max: 5.746486 at y = 0.851787, phi_e, min: 5.627931 at y = 1.098571
phi_m, max: 101.329507 at y = 0.764286./ phi_m, min: 0.000000 at y = 0.850000
phi_e, max: -8.899549 at y = 0.855587, phi_e, min: -10.457722 at y = 1.011869
phi_m, max: 115.701813 at y = 1.061787./ phi_m, min: 0.000000 at y = 0.850000
phi_e, max: -7.264433 at y = 0.782646, phi_e, min: -9.482873 at y = 1.066787
phi_m, max: 110.602250 at y = 1.069413./ phi_m, min: 0.000000 at y = 0.850000
phi_e, max: -1.841198 at y = 0.961918, phi_e, min: -2.227364 at y = 0.851787
phi_m, max: 94.760776 at y = 1.069413./ phi_m, min: 0.000000 at y = 0.850000
phi_e, max: 10.162382 at y = 0.955925, phi_e, min: 9.843736 at y = 1.064413
phi_m, max: 75.102512 at y = 1.070000./ phi_m, min: 0.000000 at y = 0.850000
phi_e, max: -30.858033 at y = 0.949071, phi_e, min: -31.117220 at y = 1.064413
phi_m, max: 55.362354 at y = 1.070000./ phi_m, min: 0.000000 at y = 0.850000
phi_e, max: -5.562134 at y = 0.954726, phi_e, min: -5.742451 at y = 1.064413
phi_m, max: 37.906643 at y = 1.070000./ phi_m, min: 0.000000 at y = 0.850000
phi_e, max: -1.890465 at y = 0.764286, phi_e, min: -2.114202 at y = 1.064413
phi_m, max: 17.394693 at y = 1.070000./ phi_m, min: 0.000000 at y = 0.850000
phi_e, max: 1.049186 at y = 0.854832, phi_e, min: 0.926594 at y = 1.009176
phi_m, max: 2.791392 at y = 1.070000./ phi_m, min: 0.000000 at y = 0.850000
phi_e, max: -20.964110 at y = 1.065587, phi_e, min: -20.999254 at y = 0.782646
phi_m, max: 0.098693 at y = 1.070000./ phi_m, min: -0.313488 at y = 0.764286
phi_e, max: 41.621135 at y = 1.066787, phi_e, min: 41.616674 at y = 0.933346
phi_m, max: -0.000000 at y = 0.850000./ phi_m, min: -0.430131 at y = 0.764286
phi_e, max: 2.830825 at y = 0.850587, phi_e, min: 2.828607 at y = 0.977642
phi_m, max: -0.000000 at y = 0.850000./ phi_m, min: -0.491144 at y = 0.851175
phi_e, max: 1.631323 at y = 0.851787, phi_e, min: 1.628770 at y = 0.977642
phi_m, max: -0.000000 at y = 0.850000./ phi_m, min: -0.517633 at y = 0.853574
phi_e, max: 2.645873 at y = 0.851787, phi_e, min: 2.643249 at y = 0.974286
phi_m, max: -0.000000 at y = 0.850000./ phi_m, min: -0.520080 at y = 1.063574
phi_e, max: 1.120592 at y = 0.853213, phi_e, min: 1.118021 at y = 0.970929
phi_m, max: -0.000000 at y = 0.850000./ phi_m, min: -0.512722 at y = 1.066426
phi_e, max: 1.873758 at y = 0.853213, phi_e, min: 1.871326 at y = 0.970929
phi_m, max: -0.000000 at y = 0.850000./ phi_m, min: -0.488350 at y = 1.066787
phi_e, max: -0.728367 at y = 0.854413, phi_e, min: -0.730612 at y = 0.967967
phi_m, max: -0.000000 at y = 0.850000./ phi_m, min: -0.453327 at y = 1.067458
phi_e, max: -0.910245 at y = 0.854413, phi_e, min: -0.912280 at y = 0.967967
phi_m, max: -0.000000 at y = 0.850000./ phi_m, min: -0.412792 at y = 1.067458
phi_e, max: -0.111522 at y = 0.854413, phi_e, min: -0.113341 at y = 0.967967


phi_m, max: -0.000000 at y = 3.160000./ phi_m, min: -0.001146 at y = 3.375587
phi_e, max: 5.619987 at y = 3.378213, phi_e, min: 5.619978 at y = 3.264726
phi_m, max: -0.000000 at y = 3.160000./ phi_m, min: -0.001155 at y = 3.375587
phi_e, max: -10.680130 at y = 3.378213, phi_e, min: -10.680138 at y = 3.264726
phi_m, max: -0.000000 at y = 3.160000./ phi_m, min: -0.001147 at y = 3.375587
phi_e, max: 2.179913 at y = 3.378213, phi_e, min: 2.179905 at y = 3.264726
phi_m, max: -0.000000 at y = 3.160000./ phi_m, min: -0.001135 at y = 3.375587
phi_e, max: -3.181344 at y = 3.163213, phi_e, min: -3.181354 at y = 3.274075
phi_m, max: -0.000000 at y = 3.160000./ phi_m, min: -0.001117 at y = 3.376367
phi_e, max: 14.397127 at y = 3.161787, phi_e, min: 14.397079 at y = 3.319176
phi_m, max: 0.021353 at y = 3.131429./ phi_m, min: -0.000604 at y = 3.378376
phi_e, max: -35.742276 at y = 3.161787, phi_e, min: -35.745356 at y = 3.402253
phi_m, max: 0.214903 at y = 3.131429./ phi_m, min: 0.000000 at y = 3.160000
phi_e, max: 0.096465 at y = 3.161787, phi_e, min: 0.066794 at y = 3.402253
phi_m, max: 14.191443 at y = 3.131429./ phi_m, min: 0.000000 at y = 3.160000
phi_e, max: -1.255651 at y = 3.161787, phi_e, min: -3.206548 at y = 3.402253
phi_m, max: 115.898083 at y = 3.165168./ phi_m, min: 0.000000 at y = 3.160000
phi_e, max: 6.018288 at y = 3.376787, phi_e, min: 0.403701 at y = 3.161787
phi_m, max: 114.549507 at y = 3.378213./ phi_m, min: 0.000000 at y = 3.160000
phi_e, max: -20.883690 at y = 3.237354, phi_e, min: -22.492196 at y = 3.379413
phi_m, max: 101.791639 at y = 3.379413./ phi_m, min: 0.000000 at y = 3.160000
phi_e, max: 41.281107 at y = 3.255714, phi_e, min: 40.521745 at y = 3.379413
phi_m, max: 83.082357 at y = 3.380000./ phi_m, min: 0.000000 at y = 3.160000
phi_e, max: 3.101231 at y = 3.252358, phi_e, min: 2.474662 at y = 3.379413
phi_m, max: 63.022105 at y = 3.408571./ phi_m, min: 0.000000 at y = 3.160000
phi_e, max: 1.649128 at y = 3.249396, phi_e, min: 1.186967 at y = 3.379413
phi_m, max: 44.646340 at y = 3.408571./ phi_m, min: 0.000000 at y = 3.160000
phi_e, max: 2.912778 at y = 3.257871, phi_e, min: 2.572649 at y = 3.378213
phi_m, max: 26.646382 at y = 3.408571./ phi_m, min: 0.000000 at y = 3.160000
phi_e, max: 1.118391 at y = 3.160587, phi_e, min: 0.561442 at y = 3.378213
phi_m, max: 6.267471 at y = 3.408571./ phi_m, min: 0.000000 at y = 3.160000
phi_e, max: 1.978125 at y = 3.378213, phi_e, min: 1.855241 at y = 3.228342
phi_m, max: 0.573015 at y = 3.408571./ phi_m, min: -0.235260 at y = 3.131429
phi_e, max: -0.700359 at y = 3.379413, phi_e, min: -0.731469 at y = 3.208782
phi_m, max: -0.000000 at y = 3.160000./ phi_m, min: -0.395762 at y = 3.131429
phi_e, max: -0.910293 at y = 3.379413, phi_e, min: -0.913857 at y = 3.255714
phi_m, max: -0.000000 at y = 3.160000./ phi_m, min: -0.474069 at y = 3.160587
phi_e, max: -0.112712 at y = 3.160587, phi_e, min: -0.115475 at y = 3.271918


phi_m, max: -0.000000 at y = 3.790000./ phi_m, min: -0.001150 at y = 3.794832
phi_e, max: 5.619993 at y = 3.793213, phi_e, min: 5.619981 at y = 4.010000
phi_m, max: -0.000000 at y = 3.790000./ phi_m, min: -0.001159 at y = 3.794832
phi_e, max: -10.680123 at y = 3.793213, phi_e, min: -10.680135 at y = 4.010000
phi_m, max: -0.000000 at y = 3.790000./ phi_m, min: -0.001151 at y = 3.794832
phi_e, max: 2.179920 at y = 3.793213, phi_e, min: 2.179908 at y = 4.010000
phi_m, max: -0.000000 at y = 3.790000./ phi_m, min: -0.001140 at y = 3.794832
phi_e, max: -3.181339 at y = 3.793213, phi_e, min: -3.181351 at y = 4.010000
phi_m, max: -0.000000 at y = 3.790000./ phi_m, min: -0.001130 at y = 3.794832
phi_e, max: 14.397091 at y = 3.793213, phi_e, min: 14.397080 at y = 4.010000
phi_m, max: -0.000000 at y = 3.790000./ phi_m, min: -0.001115 at y = 3.795587
phi_e, max: -35.745319 at y = 3.793213, phi_e, min: -35.745336 at y = 4.010000
phi_m, max: -0.000000 at y = 3.790000./ phi_m, min: -0.001056 at y = 3.796787
phi_e, max: 0.067094 at y = 3.791787, phi_e, min: 0.067032 at y = 4.010000
phi_m, max: 0.028202 at y = 3.704286./ phi_m, min: 0.000000 at y = 3.790000
phi_e, max: -3.187585 at y = 3.791787, phi_e, min: -3.190807 at y = 4.010000
phi_m, max: 0.463353 at y = 3.704286./ phi_m, min: 0.000000 at y = 3.790000
phi_e, max: 6.081606 at y = 3.791787, phi_e, min: 6.030650 at y = 4.010000
phi_m, max: 79.007724 at y = 3.704286./ phi_m, min: 0.000000 at y = 3.790000
phi_e, max: -24.640106 at y = 3.793213, phi_e, min: -29.835984 at y = 4.010000
phi_m, max: 115.471142 at y = 3.798376./ phi_m, min: 0.000000 at y = 3.790000
phi_e, max: 41.829811 at y = 4.010000, phi_e, min: 39.925679 at y = 3.791787
phi_m, max: 105.755107 at y = 4.000000./ phi_m, min: 0.000000 at y = 3.790000
phi_e, max: 2.923958 at y = 4.010000, phi_e, min: 2.025797 at y = 3.791787
phi_m, max: 88.129765 at y = 4.000000./ phi_m, min: 0.000000 at y = 3.790000
phi_e, max: 1.534847 at y = 4.010000, phi_e, min: 0.856088 at y = 3.791787
phi_m, max: 68.087402 at y = 4.000000./ phi_m, min: 0.000000 at y = 3.790000
phi_e, max: 2.821122 at y = 4.010000, phi_e, min: 2.354172 at y = 3.791787
phi_m, max: 48.986533 at y = 4.000000./ phi_m, min: 0.000000 at y = 3.790000
phi_e, max: 0.707659 at y = 4.010000, phi_e, min: 0.368338 at y = 3.791787
phi_m, max: 31.571682 at y = 4.000000./ phi_m, min: 0.000000 at y = 3.790000
phi_e, max: 2.232963 at y = 4.010000, phi_e, min: 1.981674 at y = 3.794413
phi_m, max: 10.031159 at y = 4.000000./ phi_m, min: 0.000000 at y = 3.790000
phi_e, max: -0.614633 at y = 3.794413, phi_e, min: -0.832414 at y = 4.008825
phi_m, max: 1.053041 at y = 4.000000./ phi_m, min: 0.000000 at y = 3.790000
phi_e, max: -0.897303 at y = 3.795587, phi_e, min: -0.941024 at y = 4.010000
phi_m, max: -0.000000 at y = 3.790000./ phi_m, min: -0.295968 at y = 3.704286
phi_e, max: -0.110249 at y = 3.790587, phi_e, min: -0.116493 at y = 4.010000


phi_m, max: 112.889024 at y = 0.220000./ phi_m, min: 0.000000 at y = -0.010000
phi_e, max: 4.045667 at y = 0.220000, phi_e, min: 3.696010 at y = 0.000587
phi_m, max: 98.755024 at y = 0.220000./ phi_m, min: 0.000000 at y = -0.010000
phi_e, max: -8.561769 at y = 0.220000, phi_e, min: -8.714841 at y = 0.000587
phi_m, max: 79.667367 at y = 0.220000./ phi_m, min: 0.000000 at y = -0.010000
phi_e, max: -6.858655 at y = 0.220000, phi_e, min: -6.899140 at y = 0.000587
phi_m, max: 59.698380 at y = 0.220000./ phi_m, min: 0.000000 at y = -0.010000
phi_e, max: -1.607974 at y = 0.016787, phi_e, min: -1.662972 at y = 0.220000
phi_m, max: 41.845566 at y = 0.220000./ phi_m, min: 0.000000 at y = -0.010000
phi_e, max: 10.433197 at y = 0.016787, phi_e, min: 10.358668 at y = 0.220000
phi_m, max: 23.422324 at y = 0.220000./ phi_m, min: 0.000000 at y = -0.010000
phi_e, max: -30.364982 at y = 0.016787, phi_e, min: -30.584992 at y = 0.220000
phi_m, max: 4.593064 at y = 0.220000./ phi_m, min: 0.000000 at y = -0.010000
phi_e, max: -4.946055 at y = 0.015587, phi_e, min: -5.056647 at y = 0.220000
phi_m, max: 0.330641 at y = 0.220000./ phi_m, min: 0.000000 at y = -0.010000
phi_e, max: -1.963699 at y = 0.018213, phi_e, min: -1.971537 at y = 0.191429
phi_m, max: -0.000000 at y = -0.010000./ phi_m, min: -0.220056 at y = 0.220000
phi_e, max: 0.991991 at y = 0.220000, phi_e, min: 0.989588 at y = 0.013213
phi_m, max: -0.000000 at y = -0.010000./ phi_m, min: -0.377987 at y = 0.220000
phi_e, max: -20.997012 at y = 0.220000, phi_e, min: -20.998549 at y = 0.013213
phi_m, max: -0.000000 at y = -0.010000./ phi_m, min: -0.460338 at y = 0.220000
phi_e, max: 41.620758 at y = 0.220000, phi_e, min: 41.620213 at y = 0.013213
phi_m, max: -0.000000 at y = -0.010000./ phi_m, min: -0.498454 at y = 0.220000
phi_e, max: 2.833086 at y = 0.019413, phi_e, min: 2.832409 at y = 0.220000
phi_m, max: -0.000000 at y = -0.010000./ phi_m, min: -0.504746 at y = 0.220000
phi_e, max: 1.632685 at y = 0.019413, phi_e, min: 1.631656 at y = 0.220000
phi_m, max: -0.000000 at y = -0.010000./ phi_m, min: -0.489113 at y = 0.220000
phi_e, max: 2.646537 at y = 0.018213, phi_e, min: 2.645319 at y = 0.220000
phi_m, max: -0.000000 at y = -0.010000./ phi_m, min: -0.459554 at y = 0.220000
phi_e, max: 1.120776 at y = 0.018213, phi_e, min: 1.119475 at y = 0.220000
phi_m, max: -0.000000 at y = -0.010000./ phi_m, min: -0.422251 at y = 0.016426
phi_e, max: 1.873633 at y = 0.018213, phi_e, min: 1.872329 at y = 0.220000
phi_m, max: -0.000000 at y = -0.010000./ phi_m, min: -0.382729 at y = 0.016426
phi_e, max: -0.728677 at y = 0.016787, phi_e, min: -0.729932 at y = 0.220000
phi_m, max: -0.000000 at y = -0.010000./ phi_m, min: -0.342528 at y = 0.013633
phi_e, max: -0.910648 at y = 0.016787, phi_e, min: -0.911827 at y = 0.220000
phi_m, max: -0.000000 at y = -0.010000./ phi_m, min: -0.303709 at y = 0.011175
phi_e, max: -0.111960 at y = 0.016787, phi_e, min: -0.113045 at y = 0.220000



Time: 0.100000
CPU Time: 226.179154 min.
phi_m, max: -0.000000 at y = 2.950000./ phi_m, min: -0.001149 at y = 2.954832
phi_e, max: 5.619991 at y = 2.954413, phi_e, min: 5.619984 at y = 3.131429

Time: 0.200000
CPU Time: 229.022576 min.
phi_m, max: -0.000000 at y = 2.950000./ phi_m, min: -0.001158 at y = 2.954832
phi_e, max: -10.680125 at y = 2.954413, phi_e, min: -10.680132 at y = 3.131429

Time: 0.300000
CPU Time: 230.519171 min.
phi_m, max: -0.000000 at y = 2.950000./ phi_m, min: -0.001149 at y = 2.955168
phi_e, max: 2.179918 at y = 2.954413, phi_e, min: 2.179911 at y = 3.131429

Time: 0.400000
CPU Time: 230.305223 min.
phi_m, max: -0.000000 at y = 2.950000./ phi_m, min: -0.001113 at y = 2.956367
phi_e, max: -3.181324 at y = 2.953213, phi_e, min: -3.181345 at y = 3.131429

Time: 0.500000
CPU Time: 231.587102 min.
phi_m, max: 0.001731 at y = 2.807143./ phi_m, min: -0.000844 at y = 2.957458
phi_e, max: 14.397320 at y = 2.951787, phi_e, min: 14.397123 at y = 3.129272

Time: 0.600000
CPU Time: 233.287257 min.
phi_m, max: 0.193289 at y = 2.807143./ phi_m, min: 0.000000 at y = 2.950000
phi_e, max: -35.729326 at y = 2.951787, phi_e, min: -35.742456 at y = 3.129272

Time: 0.700000
CPU Time: 229.276461 min.
phi_m, max: 1.886920 at y = 2.807143./ phi_m, min: 0.000000 at y = 2.950000
phi_e, max: 0.221736 at y = 2.951787, phi_e, min: 0.094748 at y = 3.129272

Time: 0.800000
CPU Time: 218.640304 min.
phi_m, max: 114.163220 at y = 2.950587./ phi_m, min: 0.000000 at y = 2.950000
phi_e, max: -1.352408 at y = 3.128072, phi_e, min: -4.498676 at y = 2.953213

Time: 0.900000
CPU Time: 185.229565 min.
phi_m, max: 113.177929 at y = 3.131429./ phi_m, min: 0.000000 at y = 2.950000
phi_e, max: 0.476279 at y = 3.131429, phi_e, min: -0.160402 at y = 2.951787

Time: 1.000000
CPU Time: 188.330503 min.
phi_m, max: 99.605736 at y = 3.131429./ phi_m, min: 0.000000 at y = 2.950000
phi_e, max: -21.214467 at y = 3.131429, phi_e, min: -21.726633 at y = 2.951787

Time: 1.100000
CPU Time: 186.305354 min.
phi_m, max: 80.794714 at y = 3.131429./ phi_m, min: 0.000000 at y = 2.950000
phi_e, max: 40.921707 at y = 3.131429, phi_e, min: 40.547217 at y = 2.951787

Time: 1.200000
CPU Time: 185.679900 min.
phi_m, max: 60.781525 at y = 3.131429./ phi_m, min: 0.000000 at y = 2.950000
phi_e, max: 2.849251 at y = 3.131429, phi_e, min: 2.597192 at y = 2.951787

Time: 1.300000
CPU Time: 181.903559 min.
phi_m, max: 42.674095 at y = 3.131429./ phi_m, min: 0.000000 at y = 2.950000
phi_e, max: 1.472294 at y = 3.131429, phi_e, min: 1.262034 at y = 2.953213

Time: 1.400000
CPU Time: 185.788811 min.
phi_m, max: 24.089988 at y = 3.131429./ phi_m, min: 0.000000 at y = 2.950000
phi_e, max: 2.742951 at y = 2.807143, phi_e, min: 2.724305 at y = 2.959413

Time: 1.500000
CPU Time: 182.258866 min.
phi_m, max: 4.920561 at y = 3.131429./ phi_m, min: 0.000000 at y = 2.950000
phi_e, max: 1.200379 at y = 2.955587, phi_e, min: 1.118181 at y = 3.128072

Time: 1.600000
CPU Time: 126.484120 min.
phi_m, max: 0.380851 at y = 3.131429./ phi_m, min: -0.116398 at y = 2.807143
phi_e, max: 1.883077 at y = 2.956787, phi_e, min: 1.869143 at y = 3.131429

Time: 1.700000
CPU Time: 79.174296 min.
phi_m, max: -0.000000 at y = 2.950000./ phi_m, min: -0.347611 at y = 2.807143
phi_e, max: -0.727843 at y = 2.958213, phi_e, min: -0.731093 at y = 3.131429

Time: 1.800000
CPU Time: 79.287074 min.
phi_m, max: -0.000000 at y = 2.950000./ phi_m, min: -0.446768 at y = 2.807143
phi_e, max: -0.909358 at y = 2.951787, phi_e, min: -0.912207 at y = 3.131429

Time: 1.900000
CPU Time: 79.194770 min.
phi_m, max: -0.000000 at y = 2.950000./ phi_m, min: -0.498975 at y = 2.951624
phi_e, max: -0.109848 at y = 2.951787, phi_e, min: -0.113015 at y = 3.131429


Writing: "Fiber2DEphapticPlaneL4rho4_19.chk"
phi_m, max: -0.000000 at y = 1.690000./ phi_m, min: -0.001125 at y = 1.906787
phi_e, max: 5.620104 at y = 1.632857, phi_e, min: 5.619981 at y = 1.947583
phi_m, max: 0.022215 at y = 1.661429./ phi_m, min: -0.000572 at y = 1.908376
phi_e, max: -10.676039 at y = 1.632857, phi_e, min: -10.680156 at y = 1.948782
phi_m, max: 0.253723 at y = 1.661429./ phi_m, min: 0.000000 at y = 1.690000
phi_e, max: 2.224669 at y = 1.632857, phi_e, min: 2.179681 at y = 1.948782
phi_m, max: 20.120537 at y = 1.661429./ phi_m, min: 0.000000 at y = 1.690000
phi_e, max: -0.086107 at y = 1.691787, phi_e, min: -3.199144 at y = 1.948782
phi_m, max: 115.931829 at y = 1.696426./ phi_m, min: 0.000000 at y = 1.690000
phi_e, max: 14.361148 at y = 1.908213, phi_e, min: 10.293112 at y = 1.690587
phi_m, max: 114.220238 at y = 1.908376./ phi_m, min: 0.000000 at y = 1.690000
phi_e, max: -30.244217 at y = 1.782358, phi_e, min: -31.538784 at y = 1.967143
phi_m, max: 101.058067 at y = 1.909413./ phi_m, min: 0.000000 at y = 1.690000
phi_e, max: -5.004213 at y = 1.794726, phi_e, min: -5.655750 at y = 1.909413
phi_m, max: 82.225182 at y = 1.910000./ phi_m, min: 0.000000 at y = 1.690000
phi_e, max: -1.527612 at y = 1.789071, phi_e, min: -2.059176 at y = 1.908213
phi_m, max: 62.171525 at y = 1.935215./ phi_m, min: 0.000000 at y = 1.690000
phi_e, max: 1.090590 at y = 1.789071, phi_e, min: 0.700745 at y = 1.908213
phi_m, max: 43.908693 at y = 1.935215./ phi_m, min: 0.000000 at y = 1.690000
phi_e, max: -20.734367 at y = 1.795925, phi_e, min: -21.026469 at y = 1.908213
phi_m, max: 25.697686 at y = 1.935215./ phi_m, min: 0.000000 at y = 1.690000
phi_e, max: 41.601928 at y = 1.632857, phi_e, min: 41.082661 at y = 1.908213
phi_m, max: 5.741435 at y = 1.935215./ phi_m, min: 0.000000 at y = 1.690000
phi_e, max: 2.913978 at y = 1.908213, phi_e, min: 2.807198 at y = 1.763461
phi_m, max: 0.496465 at y = 1.935215./ phi_m, min: -0.250148 at y = 1.661429
phi_e, max: 1.652602 at y = 1.967143, phi_e, min: 1.626589 at y = 1.746932
phi_m, max: -0.000000 at y = 1.690000./ phi_m, min: -0.401362 at y = 1.661429
phi_e, max: 2.643444 at y = 1.967143, phi_e, min: 2.640308 at y = 1.789071
phi_m, max: -0.000000 at y = 1.690000./ phi_m, min: -0.477174 at y = 1.690587
phi_e, max: 1.117239 at y = 1.690587, phi_e, min: 1.114039 at y = 1.810929
phi_m, max: -0.000000 at y = 1.690000./ phi_m, min: -0.512679 at y = 1.691624
phi_e, max: 1.870516 at y = 1.690587, phi_e, min: 1.867046 at y = 1.807967
phi_m, max: -0.000000 at y = 1.690000./ phi_m, min: -0.521097 at y = 1.695168
phi_e, max: -0.731388 at y = 1.691787, phi_e, min: -0.734892 at y = 1.804075
phi_m, max: -0.000000 at y = 1.690000./ phi_m, min: -0.517079 at y = 1.905510
phi_e, max: -0.913000 at y = 1.691787, phi_e, min: -0.916380 at y = 1.801918
phi_m, max: -0.000000 at y = 1.690000./ phi_m, min: -0.498091 at y = 1.906787
phi_e, max: -0.113996 at y = 1.691787, phi_e, min: -0.117157 at y = 1.801918


phi_m, max: 115.885200 at y = 0.226426./ phi_m, min: 0.000000 at y = 0.220000
phi_e, max: 5.572332 at y = 0.497143, phi_e, min: 3.978198 at y = 0.220587
phi_m, max: 113.657914 at y = 0.438376./ phi_m, min: 0.000000 at y = 0.220000
phi_e, max: -8.088097 at y = 0.315714, phi_e, min: -9.004554 at y = 0.439413
phi_m, max: 99.931645 at y = 0.439413./ phi_m, min: 0.000000 at y = 0.220000
phi_e, max: -6.502838 at y = 0.318676, phi_e, min: -7.112208 at y = 0.438213
phi_m, max: 80.920607 at y = 0.440000./ phi_m, min: 0.000000 at y = 0.220000
phi_e, max: -1.427514 at y = 0.312358, phi_e, min: -1.939219 at y = 0.438213
phi_m, max: 60.907237 at y = 0.468571./ phi_m, min: 0.000000 at y = 0.220000
phi_e, max: 10.492657 at y = 0.305503, phi_e, min: 10.106015 at y = 0.438213
phi_m, max: 42.829641 at y = 0.468571./ phi_m, min: 0.000000 at y = 0.220000
phi_e, max: -30.536771 at y = 0.289300, phi_e, min: -30.880647 at y = 0.438213
phi_m, max: 24.293085 at y = 0.468571./ phi_m, min: 0.000000 at y = 0.220000
phi_e, max: -5.043020 at y = 0.221787, phi_e, min: -5.560993 at y = 0.497143
phi_m, max: 5.065640 at y = 0.468571./ phi_m, min: 0.000000 at y = 0.220000
phi_e, max: -1.908688 at y = 0.436787, phi_e, min: -2.001149 at y = 0.303346
phi_m, max: 0.399805 at y = 0.468571./ phi_m, min: -0.220492 at y = 0.220587
phi_e, max: 1.003114 at y = 0.438213, phi_e, min: 0.985430 at y = 0.305503
phi_m, max: -0.000000 at y = 0.220000./ phi_m, min: -0.381756 at y = 0.221624
phi_e, max: -20.996967 at y = 0.220587, phi_e, min: -21.003289 at y = 0.356654
phi_m, max: -0.000000 at y = 0.220000./ phi_m, min: -0.467576 at y = 0.222542
phi_e, max: 41.620800 at y = 0.220587, phi_e, min: 41.614780 at y = 0.362646
phi_m, max: -0.000000 at y = 0.220000./ phi_m, min: -0.509616 at y = 0.223633
phi_e, max: 2.832787 at y = 0.220587, phi_e, min: 2.827478 at y = 0.350604
phi_m, max: -0.000000 at y = 0.220000./ phi_m, min: -0.520009 at y = 0.225449
phi_e, max: 1.632002 at y = 0.221787, phi_e, min: 1.627363 at y = 0.344286
phi_m, max: -0.000000 at y = 0.220000./ phi_m, min: -0.516480 at y = 0.436259
phi_e, max: 2.645631 at y = 0.221787, phi_e, min: 2.641606 at y = 0.340929
phi_m, max: -0.000000 at y = 0.220000./ phi_m, min: -0.496467 at y = 0.436787
phi_e, max: 1.119753 at y = 0.221787, phi_e, min: 1.116279 at y = 0.335274
phi_m, max: -0.000000 at y = 0.220000./ phi_m, min: -0.464079 at y = 0.437458
phi_e, max: 1.872574 at y = 0.221787, phi_e, min: 1.869589 at y = 0.334075
phi_m, max: -0.000000 at y = 0.220000./ phi_m, min: -0.424746 at y = 0.437458
phi_e, max: -0.729718 at y = 0.221787, phi_e, min: -0.732276 at y = 0.331918
phi_m, max: -0.000000 at y = 0.220000./ phi_m, min: -0.382660 at y = 0.437458
phi_e, max: -0.911593 at y = 0.436787, phi_e, min: -0.913829 at y = 0.328082
phi_m, max: -0.000000 at y = 0.220000./ phi_m, min: -0.340770 at y = 0.438213
phi_e, max: -0.112739 at y = 0.436787, phi_e, min: -0.114755 at y = 0.328082


 (0.00112633s, XML)
Steps: 20000000 Time: 2           
phi_m, max: -0.000000 at y = 3.580000./ phi_m, min: -0.001150 at y = 3.585168
phi_e, max: 5.619994 at y = 3.585587, phi_e, min: 5.619986 at y = 3.380000
phi_m, max: -0.000000 at y = 3.580000./ phi_m, min: -0.001159 at y = 3.585168
phi_e, max: -10.680122 at y = 3.585587, phi_e, min: -10.680131 at y = 3.380000
phi_m, max: -0.000000 at y = 3.580000./ phi_m, min: -0.001150 at y = 3.585168
phi_e, max: 2.179921 at y = 3.585587, phi_e, min: 2.179913 at y = 3.380000
phi_m, max: -0.000000 at y = 3.580000./ phi_m, min: -0.001140 at y = 3.585168
phi_e, max: -3.181338 at y = 3.585587, phi_e, min: -3.181346 at y = 3.380000
phi_m, max: -0.000000 at y = 3.580000./ phi_m, min: -0.001129 at y = 3.585168
phi_e, max: 14.397092 at y = 3.585587, phi_e, min: 14.397084 at y = 3.408571
phi_m, max: -0.000000 at y = 3.580000./ phi_m, min: -0.001069 at y = 3.587458
phi_e, max: -35.745301 at y = 3.583213, phi_e, min: -35.745353 at y = 3.408571
phi_m, max: 0.004458 at y = 3.386318./ phi_m, min: -0.000684 at y = 3.588376
phi_e, max: 0.067252 at y = 3.583213, phi_e, min: 0.066822 at y = 3.408571
phi_m, max: 0.357869 at y = 3.386318./ phi_m, min: 0.000000 at y = 3.580000
phi_e, max: -3.177393 at y = 3.583213, phi_e, min: -3.204735 at y = 3.408571
phi_m, max: 5.878161 at y = 3.380000./ phi_m, min: 0.000000 at y = 3.580000
phi_e, max: 6.243321 at y = 3.583213, phi_e, min: 5.693811 at y = 3.380000
phi_m, max: 115.889634 at y = 3.582542./ phi_m, min: 0.000000 at y = 3.580000
phi_e, max: -22.354178 at y = 3.380000, phi_e, min: -27.748651 at y = 3.588213
phi_m, max: 110.175088 at y = 3.589413./ phi_m, min: 0.000000 at y = 3.580000
phi_e, max: 40.581224 at y = 3.380000, phi_e, min: 39.862127 at y = 3.588213
phi_m, max: 94.316631 at y = 3.704286./ phi_m, min: 0.000000 at y = 3.580000
phi_e, max: 2.522793 at y = 3.380000, phi_e, min: 1.960000 at y = 3.588213
phi_m, max: 74.803202 at y = 3.704286./ phi_m, min: 0.000000 at y = 3.580000
phi_e, max: 1.222631 at y = 3.380000, phi_e, min: 0.808612 at y = 3.588213
phi_m, max: 55.123641 at y = 3.704286./ phi_m, min: 0.000000 at y = 3.580000
phi_e, max: 2.599760 at y = 3.380000, phi_e, min: 2.321707 at y = 3.588213
phi_m, max: 37.712964 at y = 3.704286./ phi_m, min: 0.000000 at y = 3.580000
phi_e, max: 0.583043 at y = 3.380000, phi_e, min: 0.324834 at y = 3.588213
phi_m, max: 17.300859 at y = 3.704286./ phi_m, min: 0.000000 at y = 3.580000
phi_e, max: 2.067722 at y = 3.583213, phi_e, min: 1.969936 at y = 3.380000
phi_m, max: 2.660788 at y = 3.704286./ phi_m, min: 0.000000 at y = 3.580000
phi_e, max: -0.634149 at y = 3.586787, phi_e, min: -0.702469 at y = 3.380000
phi_m, max: 0.070117 at y = 3.704286./ phi_m, min: -0.203139 at y = 3.380000
phi_e, max: -0.901757 at y = 3.588213, phi_e, min: -0.910579 at y = 3.380000
phi_m, max: -0.000000 at y = 3.580000./ phi_m, min: -0.379049 at y = 3.380000
phi_e, max: -0.110108 at y = 3.589413, phi_e, min: -0.113178 at y = 3.380000
phi_m, max: -0.000000 at y = 3.580000./ phi_m, min: -0.463422 at y = 3.380000
phi_e, max: -0.013399 at y = 3.588213, phi_e, min: -0.016724 at y = 3.380000


phi_m, max: 12.401412 at y = 0.468571./ phi_m, min: 0.000000 at y = 0.640000
phi_e, max: 6.225881 at y = 0.643213, phi_e, min: 5.549122 at y = 0.468571
phi_m, max: 115.915580 at y = 0.644832./ phi_m, min: 0.000000 at y = 0.640000
phi_e, max: -8.899324 at y = 0.471928, phi_e, min: -11.171729 at y = 0.648213
phi_m, max: 108.750059 at y = 0.649413./ phi_m, min: 0.000000 at y = 0.640000
phi_e, max: -7.040250 at y = 0.478782, phi_e, min: -7.649416 at y = 0.648213
phi_m, max: 92.535536 at y = 0.792857./ phi_m, min: 0.000000 at y = 0.640000
phi_e, max: -1.884639 at y = 0.478782, phi_e, min: -2.334205 at y = 0.648213
phi_m, max: 72.865358 at y = 0.792857./ phi_m, min: 0.000000 at y = 0.640000
phi_e, max: 10.144042 at y = 0.478782, phi_e, min: 9.814067 at y = 0.648213
phi_m, max: 53.334603 at y = 0.792857./ phi_m, min: 0.000000 at y = 0.640000
phi_e, max: -30.851979 at y = 0.478782, phi_e, min: -31.077134 at y = 0.648213
phi_m, max: 36.040488 at y = 0.792857./ phi_m, min: 0.000000 at y = 0.640000
phi_e, max: -5.556317 at y = 0.471534, phi_e, min: -5.767217 at y = 0.646787
phi_m, max: 15.062472 at y = 0.792857./ phi_m, min: 0.000000 at y = 0.640000
phi_e, max: -1.825739 at y = 0.644413, phi_e, min: -1.918651 at y = 0.478782
phi_m, max: 2.127801 at y = 0.792857./ phi_m, min: 0.000000 at y = 0.640000
phi_e, max: 1.046620 at y = 0.646787, phi_e, min: 1.001249 at y = 0.471928
phi_m, max: 0.016234 at y = 0.792857./ phi_m, min: -0.227864 at y = 0.468571
phi_e, max: -20.994954 at y = 0.648213, phi_e, min: -21.001914 at y = 0.471928
phi_m, max: -0.000000 at y = 0.640000./ phi_m, min: -0.389216 at y = 0.468571
phi_e, max: 41.618448 at y = 0.649413, phi_e, min: 41.615842 at y = 0.478782
phi_m, max: -0.000000 at y = 0.640000./ phi_m, min: -0.467913 at y = 0.640587
phi_e, max: 2.831853 at y = 0.648213, phi_e, min: 2.829084 at y = 0.478782
phi_m, max: -0.000000 at y = 0.640000./ phi_m, min: -0.508697 at y = 0.642542
phi_e, max: 1.632400 at y = 0.645587, phi_e, min: 1.629361 at y = 0.478782
phi_m, max: -0.000000 at y = 0.640000./ phi_m, min: -0.520775 at y = 0.645168
phi_e, max: 2.646924 at y = 0.645587, phi_e, min: 2.643797 at y = 0.478782
phi_m, max: -0.000000 at y = 0.640000./ phi_m, min: -0.510778 at y = 0.646426
phi_e, max: 1.121568 at y = 0.645587, phi_e, min: 1.118513 at y = 0.478782
phi_m, max: -0.000000 at y = 0.640000./ phi_m, min: -0.484431 at y = 0.647458
phi_e, max: 1.874644 at y = 0.645587, phi_e, min: 1.871761 at y = 0.478782
phi_m, max: -0.000000 at y = 0.640000./ phi_m, min: -0.448220 at y = 0.647458
phi_e, max: -0.727577 at y = 0.645587, phi_e, min: -0.730232 at y = 0.478782
phi_m, max: -0.000000 at y = 0.640000./ phi_m, min: -0.407093 at y = 0.647458
phi_e, max: -0.909548 at y = 0.645587, phi_e, min: -0.911950 at y = 0.478782
phi_m, max: -0.000000 at y = 0.640000./ phi_m, min: -0.364697 at y = 0.648213
phi_e, max: -0.110911 at y = 0.645587, phi_e, min: -0.113056 at y = 0.478782
phi_m, max: -0.000000 at y = 0.640000./ phi_m, min: -0.323361 at y = 0.648213
phi_e, max: -0.015336 at y = 0.645587, phi_e, min: -0.017232 at y = 0.478782


phi_m, max: -0.000000 at y = 4.000000./ phi_m, min: -0.001159 at y = 4.218213
phi_e, max: 5.619983 at y = 4.001787, phi_e, min: 5.619972 at y = 4.140489
phi_m, max: -0.000000 at y = 4.000000./ phi_m, min: -0.001168 at y = 4.218213
phi_e, max: -10.680133 at y = 4.001787, phi_e, min: -10.680145 at y = 4.140489
phi_m, max: -0.000000 at y = 4.000000./ phi_m, min: -0.001159 at y = 4.218213
phi_e, max: 2.179910 at y = 4.001787, phi_e, min: 2.179899 at y = 4.140489
phi_m, max: -0.000000 at y = 4.000000./ phi_m, min: -0.001148 at y = 4.218213
phi_e, max: -3.181349 at y = 4.001787, phi_e, min: -3.181360 at y = 4.140489
phi_m, max: -0.000000 at y = 4.000000./ phi_m, min: -0.001139 at y = 4.218213
phi_e, max: 14.397081 at y = 4.001787, phi_e, min: 14.397070 at y = 4.140489
phi_m, max: -0.000000 at y = 4.000000./ phi_m, min: -0.001130 at y = 4.218213
phi_e, max: -35.745334 at y = 4.001787, phi_e, min: -35.745346 at y = 4.142646
phi_m, max: -0.000000 at y = 4.000000./ phi_m, min: -0.001121 at y = 4.218213
phi_e, max: 0.067036 at y = 4.001787, phi_e, min: 0.067014 at y = 4.156213
phi_m, max: 0.002954 at y = 4.000000./ phi_m, min: -0.000984 at y = 4.218376
phi_e, max: -3.190686 at y = 4.000587, phi_e, min: -3.191399 at y = 4.184391
phi_m, max: 0.062853 at y = 4.000000./ phi_m, min: 0.000000 at y = 4.000000
phi_e, max: 6.032554 at y = 4.000587, phi_e, min: 6.021391 at y = 4.184785
phi_m, max: 7.468375 at y = 4.000000./ phi_m, min: 0.000000 at y = 4.000000
phi_e, max: -29.615414 at y = 4.000587, phi_e, min: -30.917936 at y = 4.184785
phi_m, max: 114.971247 at y = 4.000587./ phi_m, min: 0.000000 at y = 4.000000
phi_e, max: 49.924457 at y = 4.215587, phi_e, min: 40.753769 at y = 4.003213
phi_m, max: 116.071290 at y = 4.218376./ phi_m, min: 0.000000 at y = 4.000000
phi_e, max: 3.819160 at y = 4.134497, phi_e, min: 2.753618 at y = 4.000587
phi_m, max: 106.249479 at y = 4.219413./ phi_m, min: 0.000000 at y = 4.000000
phi_e, max: 2.214206 at y = 4.120929, phi_e, min: 1.391397 at y = 4.000587
phi_m, max: 88.424822 at y = 4.219413./ phi_m, min: 0.000000 at y = 4.000000
phi_e, max: 3.317562 at y = 4.111918, phi_e, min: 2.709004 at y = 4.000587
phi_m, max: 68.239029 at y = 4.219413./ phi_m, min: 0.000000 at y = 4.000000
phi_e, max: 1.040072 at y = 4.102276, phi_e, min: 0.505070 at y = 4.218213
phi_m, max: 49.046972 at y = 4.219413./ phi_m, min: 0.000000 at y = 4.000000
phi_e, max: 2.531947 at y = 4.105925, phi_e, min: 2.101903 at y = 4.218213
phi_m, max: 31.485179 at y = 4.220000./ phi_m, min: 0.000000 at y = 4.000000
phi_e, max: -0.808348 at y = 4.038571, phi_e, min: -1.491824 at y = 4.218213
phi_m, max: 8.791793 at y = 4.220587./ phi_m, min: 0.000000 at y = 4.000000
phi_e, max: -0.931365 at y = 4.001787, phi_e, min: -1.283945 at y = 4.218213
phi_m, max: 0.839025 at y = 4.221175./ phi_m, min: -0.139656 at y = 4.000000
phi_e, max: -0.115432 at y = 4.000587, phi_e, min: -0.157477 at y = 4.218213
phi_m, max: -0.000000 at y = 4.000000./ phi_m, min: -0.356575 at y = 4.000000
phi_e, max: -0.017866 at y = 4.000587, phi_e, min: -0.027229 at y = 4.218213


phi_m, max: 0.190458 at y = 1.060000./ phi_m, min: 0.000000 at y = 1.070000
phi_e, max: 5.632505 at y = 1.063213, phi_e, min: 5.620310 at y = 1.362358
phi_m, max: 6.364808 at y = 1.060000./ phi_m, min: 0.000000 at y = 1.070000
phi_e, max: -10.280745 at y = 1.063213, phi_e, min: -10.669249 at y = 1.362358
phi_m, max: 115.689359 at y = 1.061787./ phi_m, min: 0.000000 at y = 1.070000
phi_e, max: 2.594853 at y = 1.274413, phi_e, min: -9.503351 at y = 1.066787
phi_m, max: 115.621804 at y = 1.278213./ phi_m, min: 0.000000 at y = 1.070000
phi_e, max: -1.839447 at y = 1.154515, phi_e, min: -2.563333 at y = 1.278213
phi_m, max: 104.779568 at y = 1.279413./ phi_m, min: 0.000000 at y = 1.070000
phi_e, max: 10.174467 at y = 1.164726, phi_e, min: 9.769419 at y = 1.278213
phi_m, max: 86.894250 at y = 1.365714./ phi_m, min: 0.000000 at y = 1.070000
phi_e, max: -30.858206 at y = 1.164726, phi_e, min: -31.176820 at y = 1.278213
phi_m, max: 66.956446 at y = 1.365714./ phi_m, min: 0.000000 at y = 1.070000
phi_e, max: -5.557234 at y = 1.164726, phi_e, min: -5.786806 at y = 1.278213
phi_m, max: 48.064310 at y = 1.365714./ phi_m, min: 0.000000 at y = 1.070000
phi_e, max: -1.937380 at y = 1.175274, phi_e, min: -2.114068 at y = 1.064413
phi_m, max: 30.754905 at y = 1.365714./ phi_m, min: 0.000000 at y = 1.070000
phi_e, max: 0.942579 at y = 1.061787, phi_e, min: 0.685997 at y = 1.278213
phi_m, max: 9.379335 at y = 1.365714./ phi_m, min: 0.000000 at y = 1.070000
phi_e, max: -20.884243 at y = 1.275587, phi_e, min: -20.993460 at y = 1.137354
phi_m, max: 1.026353 at y = 1.365714./ phi_m, min: -0.182216 at y = 1.060000
phi_e, max: 41.648985 at y = 1.278213, phi_e, min: 41.617814 at y = 1.118131
phi_m, max: -0.000000 at y = 1.070000./ phi_m, min: -0.373677 at y = 1.060000
phi_e, max: 2.832747 at y = 1.279413, phi_e, min: 2.828786 at y = 1.133461
phi_m, max: -0.000000 at y = 1.070000./ phi_m, min: -0.461864 at y = 1.060587
phi_e, max: 1.630597 at y = 1.279413, phi_e, min: 1.628698 at y = 1.159071
phi_m, max: -0.000000 at y = 1.070000./ phi_m, min: -0.506081 at y = 1.061624
phi_e, max: 2.645170 at y = 1.278213, phi_e, min: 2.643084 at y = 1.164726
phi_m, max: -0.000000 at y = 1.070000./ phi_m, min: -0.520081 at y = 1.063574
phi_e, max: 1.120069 at y = 1.275587, phi_e, min: 1.117818 at y = 1.164726
phi_m, max: -0.000000 at y = 1.070000./ phi_m, min: -0.520031 at y = 1.275510
phi_e, max: 1.873392 at y = 1.275587, phi_e, min: 1.871110 at y = 1.164726
phi_m, max: -0.000000 at y = 1.070000./ phi_m, min: -0.504700 at y = 1.276787
phi_e, max: -0.728619 at y = 1.275587, phi_e, min: -0.730826 at y = 1.164726
phi_m, max: -0.000000 at y = 1.070000./ phi_m, min: -0.475107 at y = 1.277458
phi_e, max: -0.910415 at y = 1.275587, phi_e, min: -0.912484 at y = 1.164726
phi_m, max: -0.000000 at y = 1.070000./ phi_m, min: -0.437119 at y = 1.277458
phi_e, max: -0.111635 at y = 1.275587, phi_e, min: -0.113530 at y = 1.165925
phi_m, max: -0.000000 at y = 1.070000./ phi_m, min: -0.395346 at y = 1.277458
phi_e, max: -0.015942 at y = 1.275587, phi_e, min: -0.017649 at y = 1.165925


phi_m, max: -0.000000 at y = 1.938571./ phi_m, min: -0.001147 at y = 2.115168
phi_e, max: 5.619990 at y = 2.115587, phi_e, min: 5.619981 at y = 1.948782
phi_m, max: -0.000000 at y = 1.938571./ phi_m, min: -0.001093 at y = 2.117458
phi_e, max: -10.680076 at y = 1.910000, phi_e, min: -10.680152 at y = 1.956932
phi_m, max: 0.006349 at y = 1.916318./ phi_m, min: -0.000539 at y = 2.118376
phi_e, max: 2.180543 at y = 1.910000, phi_e, min: 2.179723 at y = 1.956932
phi_m, max: 0.580125 at y = 1.916318./ phi_m, min: 0.000000 at y = 1.938571
phi_e, max: -3.131556 at y = 1.910000, phi_e, min: -3.195817 at y = 1.956932
phi_m, max: 7.976606 at y = 1.910000./ phi_m, min: 0.000000 at y = 1.938571
phi_e, max: 14.721723 at y = 2.113213, phi_e, min: 14.228766 at y = 1.920211
phi_m, max: 115.887675 at y = 2.113633./ phi_m, min: 0.000000 at y = 1.938571
phi_e, max: -31.411739 at y = 1.935215, phi_e, min: -35.413574 at y = 2.118213
phi_m, max: 109.542520 at y = 2.119413./ phi_m, min: 0.000000 at y = 1.938571
phi_e, max: -5.600675 at y = 1.935215, phi_e, min: -6.305782 at y = 2.118213
phi_m, max: 93.662361 at y = 2.262857./ phi_m, min: 0.000000 at y = 1.938571
phi_e, max: -2.015944 at y = 1.941928, phi_e, min: -2.521416 at y = 2.118213
phi_m, max: 74.089451 at y = 2.262857./ phi_m, min: 0.000000 at y = 1.938571
phi_e, max: 0.732730 at y = 1.941928, phi_e, min: 0.359393 at y = 2.118213
phi_m, max: 54.457445 at y = 2.262857./ phi_m, min: 0.000000 at y = 1.938571
phi_e, max: -20.998368 at y = 1.948782, phi_e, min: -21.252915 at y = 2.118213
phi_m, max: 37.093054 at y = 2.262857./ phi_m, min: 0.000000 at y = 1.938571
phi_e, max: 41.092061 at y = 1.920211, phi_e, min: 40.856305 at y = 2.118213
phi_m, max: 16.436476 at y = 2.262857./ phi_m, min: 0.000000 at y = 1.938571
phi_e, max: 2.995012 at y = 2.113213, phi_e, min: 2.906943 at y = 1.935215
phi_m, max: 2.451141 at y = 2.262857./ phi_m, min: 0.000000 at y = 1.938571
phi_e, max: 1.706491 at y = 2.116787, phi_e, min: 1.650742 at y = 1.928360
phi_m, max: 0.060054 at y = 2.262857./ phi_m, min: -0.213772 at y = 1.910000
phi_e, max: 2.651883 at y = 2.118213, phi_e, min: 2.643166 at y = 1.935215
phi_m, max: -0.000000 at y = 1.938571./ phi_m, min: -0.384004 at y = 1.910000
phi_e, max: 1.118801 at y = 2.119413, phi_e, min: 1.115904 at y = 1.948782
phi_m, max: -0.000000 at y = 1.938571./ phi_m, min: -0.466027 at y = 1.910000
phi_e, max: 1.872426 at y = 2.118213, phi_e, min: 1.869419 at y = 1.948782
phi_m, max: -0.000000 at y = 1.938571./ phi_m, min: -0.506849 at y = 2.112542
phi_e, max: -0.728852 at y = 2.118213, phi_e, min: -0.732177 at y = 1.948782
phi_m, max: -0.000000 at y = 1.938571./ phi_m, min: -0.520510 at y = 2.115168
phi_e, max: -0.910117 at y = 2.116787, phi_e, min: -0.913546 at y = 1.948782
phi_m, max: -0.000000 at y = 1.938571./ phi_m, min: -0.511786 at y = 2.116426
phi_e, max: -0.110999 at y = 2.116787, phi_e, min: -0.114361 at y = 1.948782
phi_m, max: -0.000000 at y = 1.938571./ phi_m, min: -0.486261 at y = 2.117458
phi_e, max: -0.015121 at y = 2.116787, phi_e, min: -0.018301 at y = 1.948782


phi_m, max: -0.000000 at y = 2.291429./ phi_m, min: -0.001147 at y = 2.324832
phi_e, max: 5.619988 at y = 2.324413, phi_e, min: 5.619983 at y = 2.431918
phi_m, max: -0.000000 at y = 2.291429./ phi_m, min: -0.001154 at y = 2.535168
phi_e, max: -10.680122 at y = 2.323213, phi_e, min: -10.680132 at y = 2.450604
phi_m, max: -0.000000 at y = 2.291429./ phi_m, min: -0.001131 at y = 2.536367
phi_e, max: 2.179987 at y = 2.205714, phi_e, min: 2.179916 at y = 2.485225
phi_m, max: 0.051613 at y = 2.234286./ phi_m, min: -0.000452 at y = 2.538825
phi_e, max: -3.175581 at y = 2.205714, phi_e, min: -3.181052 at y = 2.499272
phi_m, max: 0.700428 at y = 2.234286./ phi_m, min: 0.000000 at y = 2.291429
phi_e, max: 14.473822 at y = 2.205714, phi_e, min: 14.401012 at y = 2.499272
phi_m, max: 88.834615 at y = 2.234286./ phi_m, min: 0.000000 at y = 2.291429
phi_e, max: -32.440417 at y = 2.324413, phi_e, min: -35.514668 at y = 2.491218
phi_m, max: 115.368397 at y = 2.531787./ phi_m, min: 0.000000 at y = 2.291429
phi_e, max: -5.956020 at y = 2.230929, phi_e, min: -9.645766 at y = 2.535587
phi_m, max: 111.330249 at y = 2.539413./ phi_m, min: 0.000000 at y = 2.291429
phi_e, max: -2.188073 at y = 2.422276, phi_e, min: -2.642843 at y = 2.535587
phi_m, max: 95.891732 at y = 2.539413./ phi_m, min: 0.000000 at y = 2.291429
phi_e, max: 0.587113 at y = 2.416914, phi_e, min: 0.202112 at y = 2.535587
phi_m, max: 76.342190 at y = 2.540000./ phi_m, min: 0.000000 at y = 2.291429
phi_e, max: -21.118533 at y = 2.412358, phi_e, min: -21.430561 at y = 2.535587
phi_m, max: 56.515254 at y = 2.540000./ phi_m, min: 0.000000 at y = 2.291429
phi_e, max: 40.989135 at y = 2.413557, phi_e, min: 40.769947 at y = 2.535587
phi_m, max: 38.949152 at y = 2.540000./ phi_m, min: 0.000000 at y = 2.291429
phi_e, max: 2.947139 at y = 2.205714, phi_e, min: 2.685971 at y = 2.534413
phi_m, max: 18.815293 at y = 2.540000./ phi_m, min: 0.000000 at y = 2.291429
phi_e, max: 1.717733 at y = 2.324832, phi_e, min: 1.588190 at y = 2.485225
phi_m, max: 3.172286 at y = 2.540000./ phi_m, min: 0.000000 at y = 2.291429
phi_e, max: 2.695301 at y = 2.535587, phi_e, min: 2.647587 at y = 2.230929
phi_m, max: 0.149742 at y = 2.540000./ phi_m, min: -0.302482 at y = 2.234286
phi_e, max: 1.124279 at y = 2.538213, phi_e, min: 1.117359 at y = 2.234286
phi_m, max: -0.000000 at y = 2.291429./ phi_m, min: -0.424639 at y = 2.234286
phi_e, max: 1.871888 at y = 2.320587, phi_e, min: 1.870088 at y = 2.434075
phi_m, max: -0.000000 at y = 2.291429./ phi_m, min: -0.488195 at y = 2.321175
phi_e, max: -0.729396 at y = 2.321787, phi_e, min: -0.731519 at y = 2.437967
phi_m, max: -0.000000 at y = 2.291429./ phi_m, min: -0.516521 at y = 2.323574
phi_e, max: -0.910598 at y = 2.323213, phi_e, min: -0.912789 at y = 2.434075
phi_m, max: -0.000000 at y = 2.291429./ phi_m, min: -0.519941 at y = 2.326426
phi_e, max: -0.111403 at y = 2.324413, phi_e, min: -0.113562 at y = 2.431918
phi_m, max: -0.000000 at y = 2.291429./ phi_m, min: -0.513556 at y = 2.536426
phi_e, max: -0.015457 at y = 2.324413, phi_e, min: -0.017506 at y = 2.431918


phi_m, max: 0.004478 at y = 1.365714./ phi_m, min: -0.000559 at y = 1.487458
phi_e, max: 5.620523 at y = 1.481787, phi_e, min: 5.620081 at y = 1.690000
phi_m, max: 0.185100 at y = 1.365714./ phi_m, min: 0.000000 at y = 1.451429
phi_e, max: -10.662286 at y = 1.481787, phi_e, min: -10.676793 at y = 1.690000
phi_m, max: 2.046201 at y = 1.365714./ phi_m, min: 0.000000 at y = 1.451429
phi_e, max: 2.375620 at y = 1.481787, phi_e, min: 2.216403 at y = 1.690000
phi_m, max: 114.767189 at y = 1.480587./ phi_m, min: 0.000000 at y = 1.451429
phi_e, max: -0.140884 at y = 1.690000, phi_e, min: -4.155988 at y = 1.484551
phi_m, max: 113.142496 at y = 1.690000./ phi_m, min: 0.000000 at y = 1.451429
phi_e, max: 10.379736 at y = 1.690000, phi_e, min: 9.660769 at y = 1.481787
phi_m, max: 99.314711 at y = 1.690000./ phi_m, min: 0.000000 at y = 1.451429
phi_e, max: -30.725257 at y = 1.651218, phi_e, min: -31.261819 at y = 1.481787
phi_m, max: 80.317586 at y = 1.690000./ phi_m, min: 0.000000 at y = 1.451429
phi_e, max: -5.460593 at y = 1.651218, phi_e, min: -5.850996 at y = 1.481787
phi_m, max: 60.271316 at y = 1.690000./ phi_m, min: 0.000000 at y = 1.451429
phi_e, max: -1.852700 at y = 1.651218, phi_e, min: -2.113009 at y = 1.481787
phi_m, max: 42.204270 at y = 1.690000./ phi_m, min: 0.000000 at y = 1.451429
phi_e, max: 0.855931 at y = 1.651218, phi_e, min: 0.633758 at y = 1.481787
phi_m, max: 23.394787 at y = 1.690000./ phi_m, min: 0.000000 at y = 1.451429
phi_e, max: -20.907302 at y = 1.481787, phi_e, min: -20.973233 at y = 1.690000
phi_m, max: 4.583201 at y = 1.690000./ phi_m, min: 0.000000 at y = 1.451429
phi_e, max: 41.685736 at y = 1.485587, phi_e, min: 41.590095 at y = 1.690000
phi_m, max: 0.314277 at y = 1.690000./ phi_m, min: -0.137545 at y = 1.365714
phi_e, max: 2.838001 at y = 1.486787, phi_e, min: 2.825327 at y = 1.651218
phi_m, max: -0.000000 at y = 1.451429./ phi_m, min: -0.354903 at y = 1.365714
phi_e, max: 1.631205 at y = 1.480587, phi_e, min: 1.627944 at y = 1.651218
phi_m, max: -0.000000 at y = 1.451429./ phi_m, min: -0.450610 at y = 1.480587
phi_e, max: 2.645544 at y = 1.481787, phi_e, min: 2.642375 at y = 1.690000
phi_m, max: -0.000000 at y = 1.451429./ phi_m, min: -0.501352 at y = 1.481624
phi_e, max: 1.120498 at y = 1.481787, phi_e, min: 1.116972 at y = 1.690000
phi_m, max: -0.000000 at y = 1.451429./ phi_m, min: -0.520575 at y = 1.484490
phi_e, max: 1.873853 at y = 1.483213, phi_e, min: 1.870227 at y = 1.690000
phi_m, max: -0.000000 at y = 1.451429./ phi_m, min: -0.517065 at y = 1.486426
phi_e, max: -0.728145 at y = 1.483213, phi_e, min: -0.731697 at y = 1.690000
phi_m, max: -0.000000 at y = 1.451429./ phi_m, min: -0.495068 at y = 1.487458
phi_e, max: -0.909952 at y = 1.483213, phi_e, min: -0.913309 at y = 1.690000
phi_m, max: -0.000000 at y = 1.451429./ phi_m, min: -0.461231 at y = 1.487458
phi_e, max: -0.111198 at y = 1.484413, phi_e, min: -0.114293 at y = 1.690000
phi_m, max: -0.000000 at y = 1.451429./ phi_m, min: -0.421148 at y = 1.488213
phi_e, max: -0.015539 at y = 1.484413, phi_e, min: -0.018342 at y = 1.690000


phi_m, max: 1.162121 at y = 0.764286./ phi_m, min: 0.000000 at y = 0.850000
phi_e, max: 5.746486 at y = 0.851787, phi_e, min: 5.627931 at y = 1.098571
phi_m, max: 101.329507 at y = 0.764286./ phi_m, min: 0.000000 at y = 0.850000
phi_e, max: -8.899549 at y = 0.855587, phi_e, min: -10.457722 at y = 1.011869
phi_m, max: 115.701813 at y = 1.061787./ phi_m, min: 0.000000 at y = 0.850000
phi_e, max: -7.264433 at y = 0.782646, phi_e, min: -9.482873 at y = 1.066787
phi_m, max: 110.602250 at y = 1.069413./ phi_m, min: 0.000000 at y = 0.850000
phi_e, max: -1.841198 at y = 0.961918, phi_e, min: -2.227364 at y = 0.851787
phi_m, max: 94.760776 at y = 1.069413./ phi_m, min: 0.000000 at y = 0.850000
phi_e, max: 10.162382 at y = 0.955925, phi_e, min: 9.843736 at y = 1.064413
phi_m, max: 75.102512 at y = 1.070000./ phi_m, min: 0.000000 at y = 0.850000
phi_e, max: -30.858033 at y = 0.949071, phi_e, min: -31.117220 at y = 1.064413
phi_m, max: 55.362354 at y = 1.070000./ phi_m, min: 0.000000 at y = 0.850000
phi_e, max: -5.562134 at y = 0.954726, phi_e, min: -5.742451 at y = 1.064413
phi_m, max: 37.906643 at y = 1.070000./ phi_m, min: 0.000000 at y = 0.850000
phi_e, max: -1.890465 at y = 0.764286, phi_e, min: -2.114202 at y = 1.064413
phi_m, max: 17.394693 at y = 1.070000./ phi_m, min: 0.000000 at y = 0.850000
phi_e, max: 1.049186 at y = 0.854832, phi_e, min: 0.926594 at y = 1.009176
phi_m, max: 2.791392 at y = 1.070000./ phi_m, min: 0.000000 at y = 0.850000
phi_e, max: -20.964110 at y = 1.065587, phi_e, min: -20.999254 at y = 0.782646
phi_m, max: 0.098693 at y = 1.070000./ phi_m, min: -0.313488 at y = 0.764286
phi_e, max: 41.621135 at y = 1.066787, phi_e, min: 41.616674 at y = 0.933346
phi_m, max: -0.000000 at y = 0.850000./ phi_m, min: -0.430131 at y = 0.764286
phi_e, max: 2.830825 at y = 0.850587, phi_e, min: 2.828607 at y = 0.977642
phi_m, max: -0.000000 at y = 0.850000./ phi_m, min: -0.491144 at y = 0.851175
phi_e, max: 1.631323 at y = 0.851787, phi_e, min: 1.628770 at y = 0.977642
phi_m, max: -0.000000 at y = 0.850000./ phi_m, min: -0.517633 at y = 0.853574
phi_e, max: 2.645873 at y = 0.851787, phi_e, min: 2.643249 at y = 0.974286
phi_m, max: -0.000000 at y = 0.850000./ phi_m, min: -0.520080 at y = 1.063574
phi_e, max: 1.120592 at y = 0.853213, phi_e, min: 1.118021 at y = 0.970929
phi_m, max: -0.000000 at y = 0.850000./ phi_m, min: -0.512722 at y = 1.066426
phi_e, max: 1.873758 at y = 0.853213, phi_e, min: 1.871326 at y = 0.970929
phi_m, max: -0.000000 at y = 0.850000./ phi_m, min: -0.488350 at y = 1.066787
phi_e, max: -0.728367 at y = 0.854413, phi_e, min: -0.730612 at y = 0.967967
phi_m, max: -0.000000 at y = 0.850000./ phi_m, min: -0.453327 at y = 1.067458
phi_e, max: -0.910245 at y = 0.854413, phi_e, min: -0.912280 at y = 0.967967
phi_m, max: -0.000000 at y = 0.850000./ phi_m, min: -0.412792 at y = 1.067458
phi_e, max: -0.111522 at y = 0.854413, phi_e, min: -0.113341 at y = 0.967967
phi_m, max: -0.000000 at y = 0.850000./ phi_m, min: -0.370469 at y = 1.067458
phi_e, max: -0.015868 at y = 0.854413, phi_e, min: -0.017478 at y = 0.967967


phi_m, max: -0.000000 at y = 3.160000./ phi_m, min: -0.001146 at y = 3.375587
phi_e, max: 5.619987 at y = 3.378213, phi_e, min: 5.619978 at y = 3.264726
phi_m, max: -0.000000 at y = 3.160000./ phi_m, min: -0.001155 at y = 3.375587
phi_e, max: -10.680130 at y = 3.378213, phi_e, min: -10.680138 at y = 3.264726
phi_m, max: -0.000000 at y = 3.160000./ phi_m, min: -0.001147 at y = 3.375587
phi_e, max: 2.179913 at y = 3.378213, phi_e, min: 2.179905 at y = 3.264726
phi_m, max: -0.000000 at y = 3.160000./ phi_m, min: -0.001135 at y = 3.375587
phi_e, max: -3.181344 at y = 3.163213, phi_e, min: -3.181354 at y = 3.274075
phi_m, max: -0.000000 at y = 3.160000./ phi_m, min: -0.001117 at y = 3.376367
phi_e, max: 14.397127 at y = 3.161787, phi_e, min: 14.397079 at y = 3.319176
phi_m, max: 0.021353 at y = 3.131429./ phi_m, min: -0.000604 at y = 3.378376
phi_e, max: -35.742276 at y = 3.161787, phi_e, min: -35.745356 at y = 3.402253
phi_m, max: 0.214903 at y = 3.131429./ phi_m, min: 0.000000 at y = 3.160000
phi_e, max: 0.096465 at y = 3.161787, phi_e, min: 0.066794 at y = 3.402253
phi_m, max: 14.191443 at y = 3.131429./ phi_m, min: 0.000000 at y = 3.160000
phi_e, max: -1.255651 at y = 3.161787, phi_e, min: -3.206548 at y = 3.402253
phi_m, max: 115.898083 at y = 3.165168./ phi_m, min: 0.000000 at y = 3.160000
phi_e, max: 6.018288 at y = 3.376787, phi_e, min: 0.403701 at y = 3.161787
phi_m, max: 114.549507 at y = 3.378213./ phi_m, min: 0.000000 at y = 3.160000
phi_e, max: -20.883690 at y = 3.237354, phi_e, min: -22.492196 at y = 3.379413
phi_m, max: 101.791639 at y = 3.379413./ phi_m, min: 0.000000 at y = 3.160000
phi_e, max: 41.281107 at y = 3.255714, phi_e, min: 40.521745 at y = 3.379413
phi_m, max: 83.082357 at y = 3.380000./ phi_m, min: 0.000000 at y = 3.160000
phi_e, max: 3.101231 at y = 3.252358, phi_e, min: 2.474662 at y = 3.379413
phi_m, max: 63.022105 at y = 3.408571./ phi_m, min: 0.000000 at y = 3.160000
phi_e, max: 1.649128 at y = 3.249396, phi_e, min: 1.186967 at y = 3.379413
phi_m, max: 44.646340 at y = 3.408571./ phi_m, min: 0.000000 at y = 3.160000
phi_e, max: 2.912778 at y = 3.257871, phi_e, min: 2.572649 at y = 3.378213
phi_m, max: 26.646382 at y = 3.408571./ phi_m, min: 0.000000 at y = 3.160000
phi_e, max: 1.118391 at y = 3.160587, phi_e, min: 0.561442 at y = 3.378213
phi_m, max: 6.267471 at y = 3.408571./ phi_m, min: 0.000000 at y = 3.160000
phi_e, max: 1.978125 at y = 3.378213, phi_e, min: 1.855241 at y = 3.228342
phi_m, max: 0.573015 at y = 3.408571./ phi_m, min: -0.235260 at y = 3.131429
phi_e, max: -0.700359 at y = 3.379413, phi_e, min: -0.731469 at y = 3.208782
phi_m, max: -0.000000 at y = 3.160000./ phi_m, min: -0.395762 at y = 3.131429
phi_e, max: -0.910293 at y = 3.379413, phi_e, min: -0.913857 at y = 3.255714
phi_m, max: -0.000000 at y = 3.160000./ phi_m, min: -0.474069 at y = 3.160587
phi_e, max: -0.112712 at y = 3.160587, phi_e, min: -0.115475 at y = 3.271918
phi_m, max: -0.000000 at y = 3.160000./ phi_m, min: -0.511208 at y = 3.161624
phi_e, max: -0.016476 at y = 3.379413, phi_e, min: -0.019644 at y = 3.268082


phi_m, max: -0.000000 at y = 3.790000./ phi_m, min: -0.001150 at y = 3.794832
phi_e, max: 5.619993 at y = 3.793213, phi_e, min: 5.619981 at y = 4.010000
phi_m, max: -0.000000 at y = 3.790000./ phi_m, min: -0.001159 at y = 3.794832
phi_e, max: -10.680123 at y = 3.793213, phi_e, min: -10.680135 at y = 4.010000
phi_m, max: -0.000000 at y = 3.790000./ phi_m, min: -0.001151 at y = 3.794832
phi_e, max: 2.179920 at y = 3.793213, phi_e, min: 2.179908 at y = 4.010000
phi_m, max: -0.000000 at y = 3.790000./ phi_m, min: -0.001140 at y = 3.794832
phi_e, max: -3.181339 at y = 3.793213, phi_e, min: -3.181351 at y = 4.010000
phi_m, max: -0.000000 at y = 3.790000./ phi_m, min: -0.001130 at y = 3.794832
phi_e, max: 14.397091 at y = 3.793213, phi_e, min: 14.397080 at y = 4.010000
phi_m, max: -0.000000 at y = 3.790000./ phi_m, min: -0.001115 at y = 3.795587
phi_e, max: -35.745319 at y = 3.793213, phi_e, min: -35.745336 at y = 4.010000
phi_m, max: -0.000000 at y = 3.790000./ phi_m, min: -0.001056 at y = 3.796787
phi_e, max: 0.067094 at y = 3.791787, phi_e, min: 0.067032 at y = 4.010000
phi_m, max: 0.028202 at y = 3.704286./ phi_m, min: 0.000000 at y = 3.790000
phi_e, max: -3.187585 at y = 3.791787, phi_e, min: -3.190807 at y = 4.010000
phi_m, max: 0.463353 at y = 3.704286./ phi_m, min: 0.000000 at y = 3.790000
phi_e, max: 6.081606 at y = 3.791787, phi_e, min: 6.030650 at y = 4.010000
phi_m, max: 79.007724 at y = 3.704286./ phi_m, min: 0.000000 at y = 3.790000
phi_e, max: -24.640106 at y = 3.793213, phi_e, min: -29.835984 at y = 4.010000
phi_m, max: 115.471142 at y = 3.798376./ phi_m, min: 0.000000 at y = 3.790000
phi_e, max: 41.829811 at y = 4.010000, phi_e, min: 39.925679 at y = 3.791787
phi_m, max: 105.755107 at y = 4.000000./ phi_m, min: 0.000000 at y = 3.790000
phi_e, max: 2.923958 at y = 4.010000, phi_e, min: 2.025797 at y = 3.791787
phi_m, max: 88.129765 at y = 4.000000./ phi_m, min: 0.000000 at y = 3.790000
phi_e, max: 1.534847 at y = 4.010000, phi_e, min: 0.856088 at y = 3.791787
phi_m, max: 68.087402 at y = 4.000000./ phi_m, min: 0.000000 at y = 3.790000
phi_e, max: 2.821122 at y = 4.010000, phi_e, min: 2.354172 at y = 3.791787
phi_m, max: 48.986533 at y = 4.000000./ phi_m, min: 0.000000 at y = 3.790000
phi_e, max: 0.707659 at y = 4.010000, phi_e, min: 0.368338 at y = 3.791787
phi_m, max: 31.571682 at y = 4.000000./ phi_m, min: 0.000000 at y = 3.790000
phi_e, max: 2.232963 at y = 4.010000, phi_e, min: 1.981674 at y = 3.794413
phi_m, max: 10.031159 at y = 4.000000./ phi_m, min: 0.000000 at y = 3.790000
phi_e, max: -0.614633 at y = 3.794413, phi_e, min: -0.832414 at y = 4.008825
phi_m, max: 1.053041 at y = 4.000000./ phi_m, min: 0.000000 at y = 3.790000
phi_e, max: -0.897303 at y = 3.795587, phi_e, min: -0.941024 at y = 4.010000
phi_m, max: -0.000000 at y = 3.790000./ phi_m, min: -0.295968 at y = 3.704286
phi_e, max: -0.110249 at y = 3.790587, phi_e, min: -0.116493 at y = 4.010000
phi_m, max: -0.000000 at y = 3.790000./ phi_m, min: -0.420712 at y = 3.704286
phi_e, max: -0.013890 at y = 3.790587, phi_e, min: -0.018322 at y = 4.010000



Time: 0.100000
CPU Time: 226.179154 min.
phi_m, max: -0.000000 at y = 2.950000./ phi_m, min: -0.001149 at y = 2.954832
phi_e, max: 5.619991 at y = 2.954413, phi_e, min: 5.619984 at y = 3.131429

Time: 0.200000
CPU Time: 229.022576 min.
phi_m, max: -0.000000 at y = 2.950000./ phi_m, min: -0.001158 at y = 2.954832
phi_e, max: -10.680125 at y = 2.954413, phi_e, min: -10.680132 at y = 3.131429

Time: 0.300000
CPU Time: 230.519171 min.
phi_m, max: -0.000000 at y = 2.950000./ phi_m, min: -0.001149 at y = 2.955168
phi_e, max: 2.179918 at y = 2.954413, phi_e, min: 2.179911 at y = 3.131429

Time: 0.400000
CPU Time: 230.305223 min.
phi_m, max: -0.000000 at y = 2.950000./ phi_m, min: -0.001113 at y = 2.956367
phi_e, max: -3.181324 at y = 2.953213, phi_e, min: -3.181345 at y = 3.131429

Time: 0.500000
CPU Time: 231.587102 min.
phi_m, max: 0.001731 at y = 2.807143./ phi_m, min: -0.000844 at y = 2.957458
phi_e, max: 14.397320 at y = 2.951787, phi_e, min: 14.397123 at y = 3.129272

Time: 0.600000
CPU Time: 233.287257 min.
phi_m, max: 0.193289 at y = 2.807143./ phi_m, min: 0.000000 at y = 2.950000
phi_e, max: -35.729326 at y = 2.951787, phi_e, min: -35.742456 at y = 3.129272

Time: 0.700000
CPU Time: 229.276461 min.
phi_m, max: 1.886920 at y = 2.807143./ phi_m, min: 0.000000 at y = 2.950000
phi_e, max: 0.221736 at y = 2.951787, phi_e, min: 0.094748 at y = 3.129272

Time: 0.800000
CPU Time: 218.640304 min.
phi_m, max: 114.163220 at y = 2.950587./ phi_m, min: 0.000000 at y = 2.950000
phi_e, max: -1.352408 at y = 3.128072, phi_e, min: -4.498676 at y = 2.953213

Time: 0.900000
CPU Time: 185.229565 min.
phi_m, max: 113.177929 at y = 3.131429./ phi_m, min: 0.000000 at y = 2.950000
phi_e, max: 0.476279 at y = 3.131429, phi_e, min: -0.160402 at y = 2.951787

Time: 1.000000
CPU Time: 188.330503 min.
phi_m, max: 99.605736 at y = 3.131429./ phi_m, min: 0.000000 at y = 2.950000
phi_e, max: -21.214467 at y = 3.131429, phi_e, min: -21.726633 at y = 2.951787

Time: 1.100000
CPU Time: 186.305354 min.
phi_m, max: 80.794714 at y = 3.131429./ phi_m, min: 0.000000 at y = 2.950000
phi_e, max: 40.921707 at y = 3.131429, phi_e, min: 40.547217 at y = 2.951787

Time: 1.200000
CPU Time: 185.679900 min.
phi_m, max: 60.781525 at y = 3.131429./ phi_m, min: 0.000000 at y = 2.950000
phi_e, max: 2.849251 at y = 3.131429, phi_e, min: 2.597192 at y = 2.951787

Time: 1.300000
CPU Time: 181.903559 min.
phi_m, max: 42.674095 at y = 3.131429./ phi_m, min: 0.000000 at y = 2.950000
phi_e, max: 1.472294 at y = 3.131429, phi_e, min: 1.262034 at y = 2.953213

Time: 1.400000
CPU Time: 185.788811 min.
phi_m, max: 24.089988 at y = 3.131429./ phi_m, min: 0.000000 at y = 2.950000
phi_e, max: 2.742951 at y = 2.807143, phi_e, min: 2.724305 at y = 2.959413

Time: 1.500000
CPU Time: 182.258866 min.
phi_m, max: 4.920561 at y = 3.131429./ phi_m, min: 0.000000 at y = 2.950000
phi_e, max: 1.200379 at y = 2.955587, phi_e, min: 1.118181 at y = 3.128072

Time: 1.600000
CPU Time: 126.484120 min.
phi_m, max: 0.380851 at y = 3.131429./ phi_m, min: -0.116398 at y = 2.807143
phi_e, max: 1.883077 at y = 2.956787, phi_e, min: 1.869143 at y = 3.131429

Time: 1.700000
CPU Time: 79.174296 min.
phi_m, max: -0.000000 at y = 2.950000./ phi_m, min: -0.347611 at y = 2.807143
phi_e, max: -0.727843 at y = 2.958213, phi_e, min: -0.731093 at y = 3.131429

Time: 1.800000
CPU Time: 79.287074 min.
phi_m, max: -0.000000 at y = 2.950000./ phi_m, min: -0.446768 at y = 2.807143
phi_e, max: -0.909358 at y = 2.951787, phi_e, min: -0.912207 at y = 3.131429

Time: 1.900000
CPU Time: 79.194770 min.
phi_m, max: -0.000000 at y = 2.950000./ phi_m, min: -0.498975 at y = 2.951624
phi_e, max: -0.109848 at y = 2.951787, phi_e, min: -0.113015 at y = 3.131429

Time: 2.000000
CPU Time: 78.261094 min.
phi_m, max: -0.000000 at y = 2.950000./ phi_m, min: -0.519711 at y = 2.954490
phi_e, max: -0.013707 at y = 2.953213, phi_e, min: -0.017013 at y = 3.131429


Writing: "Fiber2DEphapticPlaneL4rho4_20.chk"
phi_m, max: 115.885200 at y = 0.226426./ phi_m, min: 0.000000 at y = 0.220000
phi_e, max: 5.572332 at y = 0.497143, phi_e, min: 3.978198 at y = 0.220587
phi_m, max: 113.657914 at y = 0.438376./ phi_m, min: 0.000000 at y = 0.220000
phi_e, max: -8.088097 at y = 0.315714, phi_e, min: -9.004554 at y = 0.439413
phi_m, max: 99.931645 at y = 0.439413./ phi_m, min: 0.000000 at y = 0.220000
phi_e, max: -6.502838 at y = 0.318676, phi_e, min: -7.112208 at y = 0.438213
phi_m, max: 80.920607 at y = 0.440000./ phi_m, min: 0.000000 at y = 0.220000
phi_e, max: -1.427514 at y = 0.312358, phi_e, min: -1.939219 at y = 0.438213
phi_m, max: 60.907237 at y = 0.468571./ phi_m, min: 0.000000 at y = 0.220000
phi_e, max: 10.492657 at y = 0.305503, phi_e, min: 10.106015 at y = 0.438213
phi_m, max: 42.829641 at y = 0.468571./ phi_m, min: 0.000000 at y = 0.220000
phi_e, max: -30.536771 at y = 0.289300, phi_e, min: -30.880647 at y = 0.438213
phi_m, max: 24.293085 at y = 0.468571./ phi_m, min: 0.000000 at y = 0.220000
phi_e, max: -5.043020 at y = 0.221787, phi_e, min: -5.560993 at y = 0.497143
phi_m, max: 5.065640 at y = 0.468571./ phi_m, min: 0.000000 at y = 0.220000
phi_e, max: -1.908688 at y = 0.436787, phi_e, min: -2.001149 at y = 0.303346
phi_m, max: 0.399805 at y = 0.468571./ phi_m, min: -0.220492 at y = 0.220587
phi_e, max: 1.003114 at y = 0.438213, phi_e, min: 0.985430 at y = 0.305503
phi_m, max: -0.000000 at y = 0.220000./ phi_m, min: -0.381756 at y = 0.221624
phi_e, max: -20.996967 at y = 0.220587, phi_e, min: -21.003289 at y = 0.356654
phi_m, max: -0.000000 at y = 0.220000./ phi_m, min: -0.467576 at y = 0.222542
phi_e, max: 41.620800 at y = 0.220587, phi_e, min: 41.614780 at y = 0.362646
phi_m, max: -0.000000 at y = 0.220000./ phi_m, min: -0.509616 at y = 0.223633
phi_e, max: 2.832787 at y = 0.220587, phi_e, min: 2.827478 at y = 0.350604
phi_m, max: -0.000000 at y = 0.220000./ phi_m, min: -0.520009 at y = 0.225449
phi_e, max: 1.632002 at y = 0.221787, phi_e, min: 1.627363 at y = 0.344286
phi_m, max: -0.000000 at y = 0.220000./ phi_m, min: -0.516480 at y = 0.436259
phi_e, max: 2.645631 at y = 0.221787, phi_e, min: 2.641606 at y = 0.340929
phi_m, max: -0.000000 at y = 0.220000./ phi_m, min: -0.496467 at y = 0.436787
phi_e, max: 1.119753 at y = 0.221787, phi_e, min: 1.116279 at y = 0.335274
phi_m, max: -0.000000 at y = 0.220000./ phi_m, min: -0.464079 at y = 0.437458
phi_e, max: 1.872574 at y = 0.221787, phi_e, min: 1.869589 at y = 0.334075
phi_m, max: -0.000000 at y = 0.220000./ phi_m, min: -0.424746 at y = 0.437458
phi_e, max: -0.729718 at y = 0.221787, phi_e, min: -0.732276 at y = 0.331918
phi_m, max: -0.000000 at y = 0.220000./ phi_m, min: -0.382660 at y = 0.437458
phi_e, max: -0.911593 at y = 0.436787, phi_e, min: -0.913829 at y = 0.328082
phi_m, max: -0.000000 at y = 0.220000./ phi_m, min: -0.340770 at y = 0.438213
phi_e, max: -0.112739 at y = 0.436787, phi_e, min: -0.114755 at y = 0.328082
phi_m, max: -0.000000 at y = 0.220000./ phi_m, min: -0.300777 at y = 0.438213
phi_e, max: -0.016954 at y = 0.436787, phi_e, min: -0.018749 at y = 0.325925


phi_m, max: -0.000000 at y = 1.690000./ phi_m, min: -0.001125 at y = 1.906787
phi_e, max: 5.620104 at y = 1.632857, phi_e, min: 5.619981 at y = 1.947583
phi_m, max: 0.022215 at y = 1.661429./ phi_m, min: -0.000572 at y = 1.908376
phi_e, max: -10.676039 at y = 1.632857, phi_e, min: -10.680156 at y = 1.948782
phi_m, max: 0.253723 at y = 1.661429./ phi_m, min: 0.000000 at y = 1.690000
phi_e, max: 2.224669 at y = 1.632857, phi_e, min: 2.179681 at y = 1.948782
phi_m, max: 20.120537 at y = 1.661429./ phi_m, min: 0.000000 at y = 1.690000
phi_e, max: -0.086107 at y = 1.691787, phi_e, min: -3.199144 at y = 1.948782
phi_m, max: 115.931829 at y = 1.696426./ phi_m, min: 0.000000 at y = 1.690000
phi_e, max: 14.361148 at y = 1.908213, phi_e, min: 10.293112 at y = 1.690587
phi_m, max: 114.220238 at y = 1.908376./ phi_m, min: 0.000000 at y = 1.690000
phi_e, max: -30.244217 at y = 1.782358, phi_e, min: -31.538784 at y = 1.967143
phi_m, max: 101.058067 at y = 1.909413./ phi_m, min: 0.000000 at y = 1.690000
phi_e, max: -5.004213 at y = 1.794726, phi_e, min: -5.655750 at y = 1.909413
phi_m, max: 82.225182 at y = 1.910000./ phi_m, min: 0.000000 at y = 1.690000
phi_e, max: -1.527612 at y = 1.789071, phi_e, min: -2.059176 at y = 1.908213
phi_m, max: 62.171525 at y = 1.935215./ phi_m, min: 0.000000 at y = 1.690000
phi_e, max: 1.090590 at y = 1.789071, phi_e, min: 0.700745 at y = 1.908213
phi_m, max: 43.908693 at y = 1.935215./ phi_m, min: 0.000000 at y = 1.690000
phi_e, max: -20.734367 at y = 1.795925, phi_e, min: -21.026469 at y = 1.908213
phi_m, max: 25.697686 at y = 1.935215./ phi_m, min: 0.000000 at y = 1.690000
phi_e, max: 41.601928 at y = 1.632857, phi_e, min: 41.082661 at y = 1.908213
phi_m, max: 5.741435 at y = 1.935215./ phi_m, min: 0.000000 at y = 1.690000
phi_e, max: 2.913978 at y = 1.908213, phi_e, min: 2.807198 at y = 1.763461
phi_m, max: 0.496465 at y = 1.935215./ phi_m, min: -0.250148 at y = 1.661429
phi_e, max: 1.652602 at y = 1.967143, phi_e, min: 1.626589 at y = 1.746932
phi_m, max: -0.000000 at y = 1.690000./ phi_m, min: -0.401362 at y = 1.661429
phi_e, max: 2.643444 at y = 1.967143, phi_e, min: 2.640308 at y = 1.789071
phi_m, max: -0.000000 at y = 1.690000./ phi_m, min: -0.477174 at y = 1.690587
phi_e, max: 1.117239 at y = 1.690587, phi_e, min: 1.114039 at y = 1.810929
phi_m, max: -0.000000 at y = 1.690000./ phi_m, min: -0.512679 at y = 1.691624
phi_e, max: 1.870516 at y = 1.690587, phi_e, min: 1.867046 at y = 1.807967
phi_m, max: -0.000000 at y = 1.690000./ phi_m, min: -0.521097 at y = 1.695168
phi_e, max: -0.731388 at y = 1.691787, phi_e, min: -0.734892 at y = 1.804075
phi_m, max: -0.000000 at y = 1.690000./ phi_m, min: -0.517079 at y = 1.905510
phi_e, max: -0.913000 at y = 1.691787, phi_e, min: -0.916380 at y = 1.801918
phi_m, max: -0.000000 at y = 1.690000./ phi_m, min: -0.498091 at y = 1.906787
phi_e, max: -0.113996 at y = 1.691787, phi_e, min: -0.117157 at y = 1.801918
phi_m, max: -0.000000 at y = 1.690000./ phi_m, min: -0.466366 at y = 1.907458
phi_e, max: -0.017993 at y = 1.908213, phi_e, min: -0.020956 at y = 1.801918


phi_m, max: 112.889024 at y = 0.220000./ phi_m, min: 0.000000 at y = -0.010000
phi_e, max: 4.045667 at y = 0.220000, phi_e, min: 3.696010 at y = 0.000587
phi_m, max: 98.755024 at y = 0.220000./ phi_m, min: 0.000000 at y = -0.010000
phi_e, max: -8.561769 at y = 0.220000, phi_e, min: -8.714841 at y = 0.000587
phi_m, max: 79.667367 at y = 0.220000./ phi_m, min: 0.000000 at y = -0.010000
phi_e, max: -6.858655 at y = 0.220000, phi_e, min: -6.899140 at y = 0.000587
phi_m, max: 59.698380 at y = 0.220000./ phi_m, min: 0.000000 at y = -0.010000
phi_e, max: -1.607974 at y = 0.016787, phi_e, min: -1.662972 at y = 0.220000
phi_m, max: 41.845566 at y = 0.220000./ phi_m, min: 0.000000 at y = -0.010000
phi_e, max: 10.433197 at y = 0.016787, phi_e, min: 10.358668 at y = 0.220000
phi_m, max: 23.422324 at y = 0.220000./ phi_m, min: 0.000000 at y = -0.010000
phi_e, max: -30.364982 at y = 0.016787, phi_e, min: -30.584992 at y = 0.220000
phi_m, max: 4.593064 at y = 0.220000./ phi_m, min: 0.000000 at y = -0.010000
phi_e, max: -4.946055 at y = 0.015587, phi_e, min: -5.056647 at y = 0.220000
phi_m, max: 0.330641 at y = 0.220000./ phi_m, min: 0.000000 at y = -0.010000
phi_e, max: -1.963699 at y = 0.018213, phi_e, min: -1.971537 at y = 0.191429
phi_m, max: -0.000000 at y = -0.010000./ phi_m, min: -0.220056 at y = 0.220000
phi_e, max: 0.991991 at y = 0.220000, phi_e, min: 0.989588 at y = 0.013213
phi_m, max: -0.000000 at y = -0.010000./ phi_m, min: -0.377987 at y = 0.220000
phi_e, max: -20.997012 at y = 0.220000, phi_e, min: -20.998549 at y = 0.013213
phi_m, max: -0.000000 at y = -0.010000./ phi_m, min: -0.460338 at y = 0.220000
phi_e, max: 41.620758 at y = 0.220000, phi_e, min: 41.620213 at y = 0.013213
phi_m, max: -0.000000 at y = -0.010000./ phi_m, min: -0.498454 at y = 0.220000
phi_e, max: 2.833086 at y = 0.019413, phi_e, min: 2.832409 at y = 0.220000
phi_m, max: -0.000000 at y = -0.010000./ phi_m, min: -0.504746 at y = 0.220000
phi_e, max: 1.632685 at y = 0.019413, phi_e, min: 1.631656 at y = 0.220000
phi_m, max: -0.000000 at y = -0.010000./ phi_m, min: -0.489113 at y = 0.220000
phi_e, max: 2.646537 at y = 0.018213, phi_e, min: 2.645319 at y = 0.220000
phi_m, max: -0.000000 at y = -0.010000./ phi_m, min: -0.459554 at y = 0.220000
phi_e, max: 1.120776 at y = 0.018213, phi_e, min: 1.119475 at y = 0.220000
phi_m, max: -0.000000 at y = -0.010000./ phi_m, min: -0.422251 at y = 0.016426
phi_e, max: 1.873633 at y = 0.018213, phi_e, min: 1.872329 at y = 0.220000
phi_m, max: -0.000000 at y = -0.010000./ phi_m, min: -0.382729 at y = 0.016426
phi_e, max: -0.728677 at y = 0.016787, phi_e, min: -0.729932 at y = 0.220000
phi_m, max: -0.000000 at y = -0.010000./ phi_m, min: -0.342528 at y = 0.013633
phi_e, max: -0.910648 at y = 0.016787, phi_e, min: -0.911827 at y = 0.220000
phi_m, max: -0.000000 at y = -0.010000./ phi_m, min: -0.303709 at y = 0.011175
phi_e, max: -0.111960 at y = 0.016787, phi_e, min: -0.113045 at y = 0.220000
phi_m, max: -0.000000 at y = -0.010000./ phi_m, min: -0.267298 at y = 0.011175
phi_e, max: -0.016303 at y = 0.015587, phi_e, min: -0.017289 at y = 0.220000


phi_m, max: -0.000000 at y = 2.530000./ phi_m, min: -0.001148 at y = 2.745168
phi_e, max: 5.619990 at y = 2.745587, phi_e, min: 5.619984 at y = 2.629071
phi_m, max: -0.000000 at y = 2.530000./ phi_m, min: -0.001157 at y = 2.745168
phi_e, max: -10.680127 at y = 2.745587, phi_e, min: -10.680132 at y = 2.634726
phi_m, max: -0.000000 at y = 2.530000./ phi_m, min: -0.001147 at y = 2.745168
phi_e, max: 2.179921 at y = 2.534413, phi_e, min: 2.179913 at y = 2.655485
phi_m, max: 0.007552 at y = 2.530000./ phi_m, min: -0.001022 at y = 2.746367
phi_e, max: -3.180855 at y = 2.533213, phi_e, min: -3.181336 at y = 2.829396
phi_m, max: 0.114028 at y = 2.530000./ phi_m, min: 0.000000 at y = 2.530000
phi_e, max: 14.403599 at y = 2.533213, phi_e, min: 14.397204 at y = 2.829396
phi_m, max: 7.756563 at y = 2.530000./ phi_m, min: 0.000000 at y = 2.530000
phi_e, max: -35.307889 at y = 2.533213, phi_e, min: -35.737088 at y = 2.829396
phi_m, max: 115.332050 at y = 2.531787./ phi_m, min: 0.000000 at y = 2.530000
phi_e, max: 0.489603 at y = 2.744413, phi_e, min: -9.655536 at y = 2.536787
phi_m, max: 115.777501 at y = 2.748213./ phi_m, min: 0.000000 at y = 2.530000
phi_e, max: -2.343048 at y = 2.615503, phi_e, min: -3.182951 at y = 2.748213
phi_m, max: 105.665313 at y = 2.749413./ phi_m, min: 0.000000 at y = 2.530000
phi_e, max: 0.475980 at y = 2.626914, phi_e, min: 0.007653 at y = 2.748213
phi_m, max: 87.972268 at y = 2.835714./ phi_m, min: 0.000000 at y = 2.530000
phi_e, max: -21.214808 at y = 2.625714, phi_e, min: -21.588841 at y = 2.748213
phi_m, max: 68.067333 at y = 2.835714./ phi_m, min: 0.000000 at y = 2.530000
phi_e, max: 40.923997 at y = 2.625714, phi_e, min: 40.649419 at y = 2.748213
phi_m, max: 49.043760 at y = 2.835714./ phi_m, min: 0.000000 at y = 2.530000
phi_e, max: 2.832828 at y = 2.634726, phi_e, min: 2.656571 at y = 2.748213
phi_m, max: 31.804633 at y = 2.835714./ phi_m, min: 0.000000 at y = 2.530000
phi_e, max: 1.602563 at y = 2.571928, phi_e, min: 1.325706 at y = 2.748213
phi_m, max: 10.311108 at y = 2.835714./ phi_m, min: 0.000000 at y = 2.530000
phi_e, max: 2.776780 at y = 2.745587, phi_e, min: 2.669291 at y = 2.603705
phi_m, max: 1.188809 at y = 2.835714./ phi_m, min: -0.160839 at y = 2.530000
phi_e, max: 1.158463 at y = 2.748213, phi_e, min: 1.121359 at y = 2.501429
phi_m, max: -0.000000 at y = 2.530000./ phi_m, min: -0.365804 at y = 2.530000
phi_e, max: 1.875732 at y = 2.749413, phi_e, min: 1.870704 at y = 2.501429
phi_m, max: -0.000000 at y = 2.530000./ phi_m, min: -0.457586 at y = 2.530587
phi_e, max: -0.728905 at y = 2.749413, phi_e, min: -0.731004 at y = 2.622358
phi_m, max: -0.000000 at y = 2.530000./ phi_m, min: -0.504098 at y = 2.531624
phi_e, max: -0.910015 at y = 2.748213, phi_e, min: -0.912295 at y = 2.625714
phi_m, max: -0.000000 at y = 2.530000./ phi_m, min: -0.519728 at y = 2.533574
phi_e, max: -0.110594 at y = 2.745587, phi_e, min: -0.113073 at y = 2.626914
phi_m, max: -0.000000 at y = 2.530000./ phi_m, min: -0.519987 at y = 2.745510
phi_e, max: -0.014505 at y = 2.745587, phi_e, min: -0.017037 at y = 2.626914


 (0.00117198s, XML)
Time-integration  : 214003s
Writing: "Fiber2DEphapticPlaneL4rho4.fld"
 (0.000817824s, XML)
-------------------------------------------
Total Computation Time = 214027s
-------------------------------------------
L 2 error (variable um) : 0.0876972
L inf error (variable um) : 0.519987
L 2 error (variable ue) : 0.00614505
L inf error (variable ue) : 0.0272289
