The system is: Darwin - 23.1.0 - arm64
Compiling the C compiler identification source file "CMakeCCompilerId.c" succeeded.
Compiler: /Applications/Xcode.app/Contents/Developer/Toolchains/XcodeDefault.xctoolchain/usr/bin/cc 
Build flags: 
Id flags: -c 

The output was:
0


Compilation of the C compiler identification source "CMakeCCompilerId.c" produced "CMakeCCompilerId.o"

The C compiler identification is AppleClang, found in "/Users/schun/nektar/build/CMakeFiles/3.24.3/CompilerIdC/CMakeCCompilerId.o"

Compiling the CXX compiler identification source file "CMakeCXXCompilerId.cpp" succeeded.
Compiler: /Applications/Xcode.app/Contents/Developer/Toolchains/XcodeDefault.xctoolchain/usr/bin/c++ 
Build flags: 
Id flags: -c 

The output was:
0


Compilation of the CXX compiler identification source "CMakeCXXCompilerId.cpp" produced "CMakeCXXCompilerId.o"

The CXX compiler identification is AppleClang, found in "/Users/schun/nektar/build/CMakeFiles/3.24.3/CompilerIdCXX/CMakeCXXCompilerId.o"

Detecting C compiler ABI info compiled with the following output:
Change Dir: /Users/schun/nektar/build/CMakeFiles/CMakeTmp

Run Build Command(s):/opt/local/bin/gmake -f Makefile cmTC_ba277/fast && /opt/local/bin/gmake  -f CMakeFiles/cmTC_ba277.dir/build.make CMakeFiles/cmTC_ba277.dir/build
gmake[1]: Entering directory '/Users/schun/nektar/build/CMakeFiles/CMakeTmp'
Building C object CMakeFiles/cmTC_ba277.dir/CMakeCCompilerABI.c.o
/Applications/Xcode.app/Contents/Developer/Toolchains/XcodeDefault.xctoolchain/usr/bin/cc   -arch arm64 -isysroot /Applications/Xcode.app/Contents/Developer/Platforms/MacOSX.platform/Developer/SDKs/MacOSX14.0.sdk   -v -Wl,-v -MD -MT CMakeFiles/cmTC_ba277.dir/CMakeCCompilerABI.c.o -MF CMakeFiles/cmTC_ba277.dir/CMakeCCompilerABI.c.o.d -o CMakeFiles/cmTC_ba277.dir/CMakeCCompilerABI.c.o -c /opt/local/share/cmake-3.24/Modules/CMakeCCompilerABI.c
Apple clang version 15.0.0 (clang-1500.0.40.1)
Target: arm64-apple-darwin23.1.0
Thread model: posix
InstalledDir: /Applications/Xcode.app/Contents/Developer/Toolchains/XcodeDefault.xctoolchain/usr/bin
clang: warning: -Wl,-v: 'linker' input unused [-Wunused-command-line-argument]
 "/Applications/Xcode.app/Contents/Developer/Toolchains/XcodeDefault.xctoolchain/usr/bin/clang" -cc1 -triple arm64-apple-macosx14.0.0 -Wundef-prefix=TARGET_OS_ -Wdeprecated-objc-isa-usage -Werror=deprecated-objc-isa-usage -Werror=implicit-function-declaration -emit-obj -mrelax-all --mrelax-relocations -disable-free -clear-ast-before-backend -disable-llvm-verifier -discard-value-names -main-file-name CMakeCCompilerABI.c -mrelocation-model pic -pic-level 2 -mframe-pointer=non-leaf -fno-strict-return -ffp-contract=on -fno-rounding-math -funwind-tables=1 -fobjc-msgsend-selector-stubs -target-sdk-version=14.0 -fvisibility-inlines-hidden-static-local-var -target-cpu apple-m1 -target-feature +v8.5a -target-feature +crc -target-feature +lse -target-feature +rdm -target-feature +crypto -target-feature +dotprod -target-feature +fp-armv8 -target-feature +neon -target-feature +fp16fml -target-feature +ras -target-feature +rcpc -target-feature +zcm -target-feature +zcz -target-feature +fullfp16 -target-feature +sm4 -target-feature +sha3 -target-feature +sha2 -target-feature +aes -target-abi darwinpcs -mllvm -treat-scalable-fixed-error-as-warning -debugger-tuning=lldb -target-linker-version 1015.6 -v -fcoverage-compilation-dir=/Users/schun/nektar/build/CMakeFiles/CMakeTmp -resource-dir /Applications/Xcode.app/Contents/Developer/Toolchains/XcodeDefault.xctoolchain/usr/lib/clang/15.0.0 -dependency-file CMakeFiles/cmTC_ba277.dir/CMakeCCompilerABI.c.o.d -skip-unused-modulemap-deps -MT CMakeFiles/cmTC_ba277.dir/CMakeCCompilerABI.c.o -sys-header-deps -isysroot /Applications/Xcode.app/Contents/Developer/Platforms/MacOSX.platform/Developer/SDKs/MacOSX14.0.sdk -internal-isystem /Applications/Xcode.app/Contents/Developer/Platforms/MacOSX.platform/Developer/SDKs/MacOSX14.0.sdk/usr/local/include -internal-isystem /Applications/Xcode.app/Contents/Developer/Toolchains/XcodeDefault.xctoolchain/usr/lib/clang/15.0.0/include -internal-externc-isystem /Applications/Xcode.app/Contents/Developer/Platforms/MacOSX.platform/Developer/SDKs/MacOSX14.0.sdk/usr/include -internal-externc-isystem /Applications/Xcode.app/Contents/Developer/Toolchains/XcodeDefault.xctoolchain/usr/include -Wno-reorder-init-list -Wno-implicit-int-float-conversion -Wno-c99-designator -Wno-final-dtor-non-final-class -Wno-extra-semi-stmt -Wno-misleading-indentation -Wno-quoted-include-in-framework-header -Wno-implicit-fallthrough -Wno-enum-enum-conversion -Wno-enum-float-conversion -Wno-elaborated-enum-base -Wno-reserved-identifier -Wno-gnu-folding-constant -fdebug-compilation-dir=/Users/schun/nektar/build/CMakeFiles/CMakeTmp -ferror-limit 19 -stack-protector 1 -fstack-check -mdarwin-stkchk-strong-link -fblocks -fencode-extended-block-signature -fregister-global-dtors-with-atexit -fgnuc-version=4.2.1 -fmax-type-align=16 -fcommon -clang-vendor-feature=+disableNonDependentMemberExprInCurrentInstantiation -fno-odr-hash-protocols -clang-vendor-feature=+enableAggressiveVLAFolding -clang-vendor-feature=+revert09abecef7bbf -clang-vendor-feature=+thisNoAlignAttr -clang-vendor-feature=+thisNoNullAttr -mllvm -disable-aligned-alloc-awareness=1 -D__GCC_HAVE_DWARF2_CFI_ASM=1 -o CMakeFiles/cmTC_ba277.dir/CMakeCCompilerABI.c.o -x c /opt/local/share/cmake-3.24/Modules/CMakeCCompilerABI.c
clang -cc1 version 15.0.0 (clang-1500.0.40.1) default target arm64-apple-darwin23.1.0
ignoring nonexistent directory "/Applications/Xcode.app/Contents/Developer/Platforms/MacOSX.platform/Developer/SDKs/MacOSX14.0.sdk/usr/local/include"
ignoring nonexistent directory "/Applications/Xcode.app/Contents/Developer/Platforms/MacOSX.platform/Developer/SDKs/MacOSX14.0.sdk/Library/Frameworks"
#include "..." search starts here:
#include <...> search starts here:
 /Applications/Xcode.app/Contents/Developer/Toolchains/XcodeDefault.xctoolchain/usr/lib/clang/15.0.0/include
 /Applications/Xcode.app/Contents/Developer/Platforms/MacOSX.platform/Developer/SDKs/MacOSX14.0.sdk/usr/include
 /Applications/Xcode.app/Contents/Developer/Toolchains/XcodeDefault.xctoolchain/usr/include
 /Applications/Xcode.app/Contents/Developer/Platforms/MacOSX.platform/Developer/SDKs/MacOSX14.0.sdk/System/Library/Frameworks (framework directory)
End of search list.
Linking C executable cmTC_ba277
/opt/local/bin/cmake -E cmake_link_script CMakeFiles/cmTC_ba277.dir/link.txt --verbose=1
/Applications/Xcode.app/Contents/Developer/Toolchains/XcodeDefault.xctoolchain/usr/bin/cc  -arch arm64 -isysroot /Applications/Xcode.app/Contents/Developer/Platforms/MacOSX.platform/Developer/SDKs/MacOSX14.0.sdk -Wl,-search_paths_first -Wl,-headerpad_max_install_names  -v -Wl,-v CMakeFiles/cmTC_ba277.dir/CMakeCCompilerABI.c.o -o cmTC_ba277 
Apple clang version 15.0.0 (clang-1500.0.40.1)
Target: arm64-apple-darwin23.1.0
Thread model: posix
InstalledDir: /Applications/Xcode.app/Contents/Developer/Toolchains/XcodeDefault.xctoolchain/usr/bin
 "/Applications/Xcode.app/Contents/Developer/Toolchains/XcodeDefault.xctoolchain/usr/bin/ld" -demangle -lto_library /Applications/Xcode.app/Contents/Developer/Toolchains/XcodeDefault.xctoolchain/usr/lib/libLTO.dylib -dynamic -arch arm64 -platform_version macos 14.0.0 14.0 -syslibroot /Applications/Xcode.app/Contents/Developer/Platforms/MacOSX.platform/Developer/SDKs/MacOSX14.0.sdk -o cmTC_ba277 -search_paths_first -headerpad_max_install_names -v CMakeFiles/cmTC_ba277.dir/CMakeCCompilerABI.c.o -lSystem /Applications/Xcode.app/Contents/Developer/Toolchains/XcodeDefault.xctoolchain/usr/lib/clang/15.0.0/lib/darwin/libclang_rt.osx.a
@(#)PROGRAM:ld  PROJECT:dyld-1015.7
BUILD 16:59:34 Oct  1 2023
configured to support archs: armv6 armv7 armv7s arm64 arm64e arm64_32 i386 x86_64 x86_64h armv6m armv7k armv7m armv7em
will use ld-classic for: armv6 armv7 armv7s arm64_32 i386 armv6m armv7k armv7m armv7em
LTO support using: LLVM version 15.0.0 (static support for 29, runtime is 29)
TAPI support using: Apple TAPI version 15.0.0 (tapi-1500.0.12.3)
Library search paths:
Framework search paths:
gmake[1]: Leaving directory '/Users/schun/nektar/build/CMakeFiles/CMakeTmp'



Parsed C implicit include dir info from above output: rv=done
  found start of include info
  found start of implicit include info
    add: [/Applications/Xcode.app/Contents/Developer/Toolchains/XcodeDefault.xctoolchain/usr/lib/clang/15.0.0/include]
    add: [/Applications/Xcode.app/Contents/Developer/Platforms/MacOSX.platform/Developer/SDKs/MacOSX14.0.sdk/usr/include]
    add: [/Applications/Xcode.app/Contents/Developer/Toolchains/XcodeDefault.xctoolchain/usr/include]
  end of search list found
  collapse include dir [/Applications/Xcode.app/Contents/Developer/Toolchains/XcodeDefault.xctoolchain/usr/lib/clang/15.0.0/include] ==> [/Applications/Xcode.app/Contents/Developer/Toolchains/XcodeDefault.xctoolchain/usr/lib/clang/15.0.0/include]
  collapse include dir [/Applications/Xcode.app/Contents/Developer/Platforms/MacOSX.platform/Developer/SDKs/MacOSX14.0.sdk/usr/include] ==> [/Applications/Xcode.app/Contents/Developer/Platforms/MacOSX.platform/Developer/SDKs/MacOSX14.0.sdk/usr/include]
  collapse include dir [/Applications/Xcode.app/Contents/Developer/Toolchains/XcodeDefault.xctoolchain/usr/include] ==> [/Applications/Xcode.app/Contents/Developer/Toolchains/XcodeDefault.xctoolchain/usr/include]
  implicit include dirs: [/Applications/Xcode.app/Contents/Developer/Toolchains/XcodeDefault.xctoolchain/usr/lib/clang/15.0.0/include;/Applications/Xcode.app/Contents/Developer/Platforms/MacOSX.platform/Developer/SDKs/MacOSX14.0.sdk/usr/include;/Applications/Xcode.app/Contents/Developer/Toolchains/XcodeDefault.xctoolchain/usr/include]


Parsed C implicit link information from above output:
  link line regex: [^( *|.*[/\])(ld|CMAKE_LINK_STARTFILE-NOTFOUND|([^/\]+-)?ld|collect2)[^/\]*( |$)]
  ignore line: [Change Dir: /Users/schun/nektar/build/CMakeFiles/CMakeTmp]
  ignore line: []
  ignore line: [Run Build Command(s):/opt/local/bin/gmake -f Makefile cmTC_ba277/fast && /opt/local/bin/gmake  -f CMakeFiles/cmTC_ba277.dir/build.make CMakeFiles/cmTC_ba277.dir/build]
  ignore line: [gmake[1]: Entering directory '/Users/schun/nektar/build/CMakeFiles/CMakeTmp']
  ignore line: [Building C object CMakeFiles/cmTC_ba277.dir/CMakeCCompilerABI.c.o]
  ignore line: [/Applications/Xcode.app/Contents/Developer/Toolchains/XcodeDefault.xctoolchain/usr/bin/cc   -arch arm64 -isysroot /Applications/Xcode.app/Contents/Developer/Platforms/MacOSX.platform/Developer/SDKs/MacOSX14.0.sdk   -v -Wl -v -MD -MT CMakeFiles/cmTC_ba277.dir/CMakeCCompilerABI.c.o -MF CMakeFiles/cmTC_ba277.dir/CMakeCCompilerABI.c.o.d -o CMakeFiles/cmTC_ba277.dir/CMakeCCompilerABI.c.o -c /opt/local/share/cmake-3.24/Modules/CMakeCCompilerABI.c]
  ignore line: [Apple clang version 15.0.0 (clang-1500.0.40.1)]
  ignore line: [Target: arm64-apple-darwin23.1.0]
  ignore line: [Thread model: posix]
  ignore line: [InstalledDir: /Applications/Xcode.app/Contents/Developer/Toolchains/XcodeDefault.xctoolchain/usr/bin]
  ignore line: [clang: warning: -Wl -v: 'linker' input unused [-Wunused-command-line-argument]]
  ignore line: [ "/Applications/Xcode.app/Contents/Developer/Toolchains/XcodeDefault.xctoolchain/usr/bin/clang" -cc1 -triple arm64-apple-macosx14.0.0 -Wundef-prefix=TARGET_OS_ -Wdeprecated-objc-isa-usage -Werror=deprecated-objc-isa-usage -Werror=implicit-function-declaration -emit-obj -mrelax-all --mrelax-relocations -disable-free -clear-ast-before-backend -disable-llvm-verifier -discard-value-names -main-file-name CMakeCCompilerABI.c -mrelocation-model pic -pic-level 2 -mframe-pointer=non-leaf -fno-strict-return -ffp-contract=on -fno-rounding-math -funwind-tables=1 -fobjc-msgsend-selector-stubs -target-sdk-version=14.0 -fvisibility-inlines-hidden-static-local-var -target-cpu apple-m1 -target-feature +v8.5a -target-feature +crc -target-feature +lse -target-feature +rdm -target-feature +crypto -target-feature +dotprod -target-feature +fp-armv8 -target-feature +neon -target-feature +fp16fml -target-feature +ras -target-feature +rcpc -target-feature +zcm -target-feature +zcz -target-feature +fullfp16 -target-feature +sm4 -target-feature +sha3 -target-feature +sha2 -target-feature +aes -target-abi darwinpcs -mllvm -treat-scalable-fixed-error-as-warning -debugger-tuning=lldb -target-linker-version 1015.6 -v -fcoverage-compilation-dir=/Users/schun/nektar/build/CMakeFiles/CMakeTmp -resource-dir /Applications/Xcode.app/Contents/Developer/Toolchains/XcodeDefault.xctoolchain/usr/lib/clang/15.0.0 -dependency-file CMakeFiles/cmTC_ba277.dir/CMakeCCompilerABI.c.o.d -skip-unused-modulemap-deps -MT CMakeFiles/cmTC_ba277.dir/CMakeCCompilerABI.c.o -sys-header-deps -isysroot /Applications/Xcode.app/Contents/Developer/Platforms/MacOSX.platform/Developer/SDKs/MacOSX14.0.sdk -internal-isystem /Applications/Xcode.app/Contents/Developer/Platforms/MacOSX.platform/Developer/SDKs/MacOSX14.0.sdk/usr/local/include -internal-isystem /Applications/Xcode.app/Contents/Developer/Toolchains/XcodeDefault.xctoolchain/usr/lib/clang/15.0.0/include -internal-externc-isystem /Applications/Xcode.app/Contents/Developer/Platforms/MacOSX.platform/Developer/SDKs/MacOSX14.0.sdk/usr/include -internal-externc-isystem /Applications/Xcode.app/Contents/Developer/Toolchains/XcodeDefault.xctoolchain/usr/include -Wno-reorder-init-list -Wno-implicit-int-float-conversion -Wno-c99-designator -Wno-final-dtor-non-final-class -Wno-extra-semi-stmt -Wno-misleading-indentation -Wno-quoted-include-in-framework-header -Wno-implicit-fallthrough -Wno-enum-enum-conversion -Wno-enum-float-conversion -Wno-elaborated-enum-base -Wno-reserved-identifier -Wno-gnu-folding-constant -fdebug-compilation-dir=/Users/schun/nektar/build/CMakeFiles/CMakeTmp -ferror-limit 19 -stack-protector 1 -fstack-check -mdarwin-stkchk-strong-link -fblocks -fencode-extended-block-signature -fregister-global-dtors-with-atexit -fgnuc-version=4.2.1 -fmax-type-align=16 -fcommon -clang-vendor-feature=+disableNonDependentMemberExprInCurrentInstantiation -fno-odr-hash-protocols -clang-vendor-feature=+enableAggressiveVLAFolding -clang-vendor-feature=+revert09abecef7bbf -clang-vendor-feature=+thisNoAlignAttr -clang-vendor-feature=+thisNoNullAttr -mllvm -disable-aligned-alloc-awareness=1 -D__GCC_HAVE_DWARF2_CFI_ASM=1 -o CMakeFiles/cmTC_ba277.dir/CMakeCCompilerABI.c.o -x c /opt/local/share/cmake-3.24/Modules/CMakeCCompilerABI.c]
  ignore line: [clang -cc1 version 15.0.0 (clang-1500.0.40.1) default target arm64-apple-darwin23.1.0]
  ignore line: [ignoring nonexistent directory "/Applications/Xcode.app/Contents/Developer/Platforms/MacOSX.platform/Developer/SDKs/MacOSX14.0.sdk/usr/local/include"]
  ignore line: [ignoring nonexistent directory "/Applications/Xcode.app/Contents/Developer/Platforms/MacOSX.platform/Developer/SDKs/MacOSX14.0.sdk/Library/Frameworks"]
  ignore line: [#include "..." search starts here:]
  ignore line: [#include <...> search starts here:]
  ignore line: [ /Applications/Xcode.app/Contents/Developer/Toolchains/XcodeDefault.xctoolchain/usr/lib/clang/15.0.0/include]
  ignore line: [ /Applications/Xcode.app/Contents/Developer/Platforms/MacOSX.platform/Developer/SDKs/MacOSX14.0.sdk/usr/include]
  ignore line: [ /Applications/Xcode.app/Contents/Developer/Toolchains/XcodeDefault.xctoolchain/usr/include]
  ignore line: [ /Applications/Xcode.app/Contents/Developer/Platforms/MacOSX.platform/Developer/SDKs/MacOSX14.0.sdk/System/Library/Frameworks (framework directory)]
  ignore line: [End of search list.]
  ignore line: [Linking C executable cmTC_ba277]
  ignore line: [/opt/local/bin/cmake -E cmake_link_script CMakeFiles/cmTC_ba277.dir/link.txt --verbose=1]
  ignore line: [/Applications/Xcode.app/Contents/Developer/Toolchains/XcodeDefault.xctoolchain/usr/bin/cc  -arch arm64 -isysroot /Applications/Xcode.app/Contents/Developer/Platforms/MacOSX.platform/Developer/SDKs/MacOSX14.0.sdk -Wl -search_paths_first -Wl -headerpad_max_install_names  -v -Wl -v CMakeFiles/cmTC_ba277.dir/CMakeCCompilerABI.c.o -o cmTC_ba277 ]
  ignore line: [Apple clang version 15.0.0 (clang-1500.0.40.1)]
  ignore line: [Target: arm64-apple-darwin23.1.0]
  ignore line: [Thread model: posix]
  ignore line: [InstalledDir: /Applications/Xcode.app/Contents/Developer/Toolchains/XcodeDefault.xctoolchain/usr/bin]
  link line: [ "/Applications/Xcode.app/Contents/Developer/Toolchains/XcodeDefault.xctoolchain/usr/bin/ld" -demangle -lto_library /Applications/Xcode.app/Contents/Developer/Toolchains/XcodeDefault.xctoolchain/usr/lib/libLTO.dylib -dynamic -arch arm64 -platform_version macos 14.0.0 14.0 -syslibroot /Applications/Xcode.app/Contents/Developer/Platforms/MacOSX.platform/Developer/SDKs/MacOSX14.0.sdk -o cmTC_ba277 -search_paths_first -headerpad_max_install_names -v CMakeFiles/cmTC_ba277.dir/CMakeCCompilerABI.c.o -lSystem /Applications/Xcode.app/Contents/Developer/Toolchains/XcodeDefault.xctoolchain/usr/lib/clang/15.0.0/lib/darwin/libclang_rt.osx.a]
    arg [/Applications/Xcode.app/Contents/Developer/Toolchains/XcodeDefault.xctoolchain/usr/bin/ld] ==> ignore
    arg [-demangle] ==> ignore
    arg [-lto_library] ==> ignore, skip following value
    arg [/Applications/Xcode.app/Contents/Developer/Toolchains/XcodeDefault.xctoolchain/usr/lib/libLTO.dylib] ==> skip value of -lto_library
    arg [-dynamic] ==> ignore
    arg [-arch] ==> ignore
    arg [arm64] ==> ignore
    arg [-platform_version] ==> ignore
    arg [macos] ==> ignore
    arg [14.0.0] ==> ignore
    arg [14.0] ==> ignore
    arg [-syslibroot] ==> ignore
    arg [/Applications/Xcode.app/Contents/Developer/Platforms/MacOSX.platform/Developer/SDKs/MacOSX14.0.sdk] ==> ignore
    arg [-o] ==> ignore
    arg [cmTC_ba277] ==> ignore
    arg [-search_paths_first] ==> ignore
    arg [-headerpad_max_install_names] ==> ignore
    arg [-v] ==> ignore
    arg [CMakeFiles/cmTC_ba277.dir/CMakeCCompilerABI.c.o] ==> ignore
    arg [-lSystem] ==> lib [System]
    arg [/Applications/Xcode.app/Contents/Developer/Toolchains/XcodeDefault.xctoolchain/usr/lib/clang/15.0.0/lib/darwin/libclang_rt.osx.a] ==> lib [/Applications/Xcode.app/Contents/Developer/Toolchains/XcodeDefault.xctoolchain/usr/lib/clang/15.0.0/lib/darwin/libclang_rt.osx.a]
  remove lib [System]
  remove lib [/Applications/Xcode.app/Contents/Developer/Toolchains/XcodeDefault.xctoolchain/usr/lib/clang/15.0.0/lib/darwin/libclang_rt.osx.a]
  implicit libs: []
  implicit objs: []
  implicit dirs: []
  implicit fwks: []


Detecting CXX compiler ABI info compiled with the following output:
Change Dir: /Users/schun/nektar/build/CMakeFiles/CMakeTmp

Run Build Command(s):/opt/local/bin/gmake -f Makefile cmTC_2fa53/fast && /opt/local/bin/gmake  -f CMakeFiles/cmTC_2fa53.dir/build.make CMakeFiles/cmTC_2fa53.dir/build
gmake[1]: Entering directory '/Users/schun/nektar/build/CMakeFiles/CMakeTmp'
Building CXX object CMakeFiles/cmTC_2fa53.dir/CMakeCXXCompilerABI.cpp.o
/Applications/Xcode.app/Contents/Developer/Toolchains/XcodeDefault.xctoolchain/usr/bin/c++   -arch arm64 -isysroot /Applications/Xcode.app/Contents/Developer/Platforms/MacOSX.platform/Developer/SDKs/MacOSX14.0.sdk   -v -Wl,-v -MD -MT CMakeFiles/cmTC_2fa53.dir/CMakeCXXCompilerABI.cpp.o -MF CMakeFiles/cmTC_2fa53.dir/CMakeCXXCompilerABI.cpp.o.d -o CMakeFiles/cmTC_2fa53.dir/CMakeCXXCompilerABI.cpp.o -c /opt/local/share/cmake-3.24/Modules/CMakeCXXCompilerABI.cpp
Apple clang version 15.0.0 (clang-1500.0.40.1)
Target: arm64-apple-darwin23.1.0
Thread model: posix
InstalledDir: /Applications/Xcode.app/Contents/Developer/Toolchains/XcodeDefault.xctoolchain/usr/bin
clang: warning: -Wl,-v: 'linker' input unused [-Wunused-command-line-argument]
 "/Applications/Xcode.app/Contents/Developer/Toolchains/XcodeDefault.xctoolchain/usr/bin/clang" -cc1 -triple arm64-apple-macosx14.0.0 -Wundef-prefix=TARGET_OS_ -Wdeprecated-objc-isa-usage -Werror=deprecated-objc-isa-usage -Werror=implicit-function-declaration -emit-obj -mrelax-all --mrelax-relocations -disable-free -clear-ast-before-backend -disable-llvm-verifier -discard-value-names -main-file-name CMakeCXXCompilerABI.cpp -mrelocation-model pic -pic-level 2 -mframe-pointer=non-leaf -fno-strict-return -ffp-contract=on -fno-rounding-math -funwind-tables=1 -fobjc-msgsend-selector-stubs -target-sdk-version=14.0 -fvisibility-inlines-hidden-static-local-var -target-cpu apple-m1 -target-feature +v8.5a -target-feature +crc -target-feature +lse -target-feature +rdm -target-feature +crypto -target-feature +dotprod -target-feature +fp-armv8 -target-feature +neon -target-feature +fp16fml -target-feature +ras -target-feature +rcpc -target-feature +zcm -target-feature +zcz -target-feature +fullfp16 -target-feature +sm4 -target-feature +sha3 -target-feature +sha2 -target-feature +aes -target-abi darwinpcs -mllvm -treat-scalable-fixed-error-as-warning -debugger-tuning=lldb -target-linker-version 1015.6 -v -fcoverage-compilation-dir=/Users/schun/nektar/build/CMakeFiles/CMakeTmp -resource-dir /Applications/Xcode.app/Contents/Developer/Toolchains/XcodeDefault.xctoolchain/usr/lib/clang/15.0.0 -dependency-file CMakeFiles/cmTC_2fa53.dir/CMakeCXXCompilerABI.cpp.o.d -skip-unused-modulemap-deps -MT CMakeFiles/cmTC_2fa53.dir/CMakeCXXCompilerABI.cpp.o -sys-header-deps -isysroot /Applications/Xcode.app/Contents/Developer/Platforms/MacOSX.platform/Developer/SDKs/MacOSX14.0.sdk -internal-isystem /Applications/Xcode.app/Contents/Developer/Platforms/MacOSX.platform/Developer/SDKs/MacOSX14.0.sdk/usr/include/c++/v1 -internal-isystem /Applications/Xcode.app/Contents/Developer/Platforms/MacOSX.platform/Developer/SDKs/MacOSX14.0.sdk/usr/local/include -internal-isystem /Applications/Xcode.app/Contents/Developer/Toolchains/XcodeDefault.xctoolchain/usr/lib/clang/15.0.0/include -internal-externc-isystem /Applications/Xcode.app/Contents/Developer/Platforms/MacOSX.platform/Developer/SDKs/MacOSX14.0.sdk/usr/include -internal-externc-isystem /Applications/Xcode.app/Contents/Developer/Toolchains/XcodeDefault.xctoolchain/usr/include -Wno-reorder-init-list -Wno-implicit-int-float-conversion -Wno-c99-designator -Wno-final-dtor-non-final-class -Wno-extra-semi-stmt -Wno-misleading-indentation -Wno-quoted-include-in-framework-header -Wno-implicit-fallthrough -Wno-enum-enum-conversion -Wno-enum-float-conversion -Wno-elaborated-enum-base -Wno-reserved-identifier -Wno-gnu-folding-constant -fdeprecated-macro -fdebug-compilation-dir=/Users/schun/nektar/build/CMakeFiles/CMakeTmp -ferror-limit 19 -stack-protector 1 -fstack-check -mdarwin-stkchk-strong-link -fblocks -fencode-extended-block-signature -fregister-global-dtors-with-atexit -fgnuc-version=4.2.1 -fno-cxx-modules -fcxx-exceptions -fexceptions -fmax-type-align=16 -fcommon -clang-vendor-feature=+disableNonDependentMemberExprInCurrentInstantiation -fno-odr-hash-protocols -clang-vendor-feature=+enableAggressiveVLAFolding -clang-vendor-feature=+revert09abecef7bbf -clang-vendor-feature=+thisNoAlignAttr -clang-vendor-feature=+thisNoNullAttr -mllvm -disable-aligned-alloc-awareness=1 -D__GCC_HAVE_DWARF2_CFI_ASM=1 -o CMakeFiles/cmTC_2fa53.dir/CMakeCXXCompilerABI.cpp.o -x c++ /opt/local/share/cmake-3.24/Modules/CMakeCXXCompilerABI.cpp
clang -cc1 version 15.0.0 (clang-1500.0.40.1) default target arm64-apple-darwin23.1.0
ignoring nonexistent directory "/Applications/Xcode.app/Contents/Developer/Platforms/MacOSX.platform/Developer/SDKs/MacOSX14.0.sdk/usr/local/include"
ignoring nonexistent directory "/Applications/Xcode.app/Contents/Developer/Platforms/MacOSX.platform/Developer/SDKs/MacOSX14.0.sdk/Library/Frameworks"
#include "..." search starts here:
#include <...> search starts here:
 /Applications/Xcode.app/Contents/Developer/Platforms/MacOSX.platform/Developer/SDKs/MacOSX14.0.sdk/usr/include/c++/v1
 /Applications/Xcode.app/Contents/Developer/Toolchains/XcodeDefault.xctoolchain/usr/lib/clang/15.0.0/include
 /Applications/Xcode.app/Contents/Developer/Platforms/MacOSX.platform/Developer/SDKs/MacOSX14.0.sdk/usr/include
 /Applications/Xcode.app/Contents/Developer/Toolchains/XcodeDefault.xctoolchain/usr/include
 /Applications/Xcode.app/Contents/Developer/Platforms/MacOSX.platform/Developer/SDKs/MacOSX14.0.sdk/System/Library/Frameworks (framework directory)
End of search list.
Linking CXX executable cmTC_2fa53
/opt/local/bin/cmake -E cmake_link_script CMakeFiles/cmTC_2fa53.dir/link.txt --verbose=1
/Applications/Xcode.app/Contents/Developer/Toolchains/XcodeDefault.xctoolchain/usr/bin/c++  -arch arm64 -isysroot /Applications/Xcode.app/Contents/Developer/Platforms/MacOSX.platform/Developer/SDKs/MacOSX14.0.sdk -Wl,-search_paths_first -Wl,-headerpad_max_install_names  -v -Wl,-v CMakeFiles/cmTC_2fa53.dir/CMakeCXXCompilerABI.cpp.o -o cmTC_2fa53 
Apple clang version 15.0.0 (clang-1500.0.40.1)
Target: arm64-apple-darwin23.1.0
Thread model: posix
InstalledDir: /Applications/Xcode.app/Contents/Developer/Toolchains/XcodeDefault.xctoolchain/usr/bin
 "/Applications/Xcode.app/Contents/Developer/Toolchains/XcodeDefault.xctoolchain/usr/bin/ld" -demangle -lto_library /Applications/Xcode.app/Contents/Developer/Toolchains/XcodeDefault.xctoolchain/usr/lib/libLTO.dylib -dynamic -arch arm64 -platform_version macos 14.0.0 14.0 -syslibroot /Applications/Xcode.app/Contents/Developer/Platforms/MacOSX.platform/Developer/SDKs/MacOSX14.0.sdk -o cmTC_2fa53 -search_paths_first -headerpad_max_install_names -v CMakeFiles/cmTC_2fa53.dir/CMakeCXXCompilerABI.cpp.o -lc++ -lSystem /Applications/Xcode.app/Contents/Developer/Toolchains/XcodeDefault.xctoolchain/usr/lib/clang/15.0.0/lib/darwin/libclang_rt.osx.a
@(#)PROGRAM:ld  PROJECT:dyld-1015.7
BUILD 16:59:34 Oct  1 2023
configured to support archs: armv6 armv7 armv7s arm64 arm64e arm64_32 i386 x86_64 x86_64h armv6m armv7k armv7m armv7em
will use ld-classic for: armv6 armv7 armv7s arm64_32 i386 armv6m armv7k armv7m armv7em
LTO support using: LLVM version 15.0.0 (static support for 29, runtime is 29)
TAPI support using: Apple TAPI version 15.0.0 (tapi-1500.0.12.3)
Library search paths:
Framework search paths:
gmake[1]: Leaving directory '/Users/schun/nektar/build/CMakeFiles/CMakeTmp'



Parsed CXX implicit include dir info from above output: rv=done
  found start of include info
  found start of implicit include info
    add: [/Applications/Xcode.app/Contents/Developer/Platforms/MacOSX.platform/Developer/SDKs/MacOSX14.0.sdk/usr/include/c++/v1]
    add: [/Applications/Xcode.app/Contents/Developer/Toolchains/XcodeDefault.xctoolchain/usr/lib/clang/15.0.0/include]
    add: [/Applications/Xcode.app/Contents/Developer/Platforms/MacOSX.platform/Developer/SDKs/MacOSX14.0.sdk/usr/include]
    add: [/Applications/Xcode.app/Contents/Developer/Toolchains/XcodeDefault.xctoolchain/usr/include]
  end of search list found
  collapse include dir [/Applications/Xcode.app/Contents/Developer/Platforms/MacOSX.platform/Developer/SDKs/MacOSX14.0.sdk/usr/include/c++/v1] ==> [/Applications/Xcode.app/Contents/Developer/Platforms/MacOSX.platform/Developer/SDKs/MacOSX14.0.sdk/usr/include/c++/v1]
  collapse include dir [/Applications/Xcode.app/Contents/Developer/Toolchains/XcodeDefault.xctoolchain/usr/lib/clang/15.0.0/include] ==> [/Applications/Xcode.app/Contents/Developer/Toolchains/XcodeDefault.xctoolchain/usr/lib/clang/15.0.0/include]
  collapse include dir [/Applications/Xcode.app/Contents/Developer/Platforms/MacOSX.platform/Developer/SDKs/MacOSX14.0.sdk/usr/include] ==> [/Applications/Xcode.app/Contents/Developer/Platforms/MacOSX.platform/Developer/SDKs/MacOSX14.0.sdk/usr/include]
  collapse include dir [/Applications/Xcode.app/Contents/Developer/Toolchains/XcodeDefault.xctoolchain/usr/include] ==> [/Applications/Xcode.app/Contents/Developer/Toolchains/XcodeDefault.xctoolchain/usr/include]
  implicit include dirs: [/Applications/Xcode.app/Contents/Developer/Platforms/MacOSX.platform/Developer/SDKs/MacOSX14.0.sdk/usr/include/c++/v1;/Applications/Xcode.app/Contents/Developer/Toolchains/XcodeDefault.xctoolchain/usr/lib/clang/15.0.0/include;/Applications/Xcode.app/Contents/Developer/Platforms/MacOSX.platform/Developer/SDKs/MacOSX14.0.sdk/usr/include;/Applications/Xcode.app/Contents/Developer/Toolchains/XcodeDefault.xctoolchain/usr/include]


Parsed CXX implicit link information from above output:
  link line regex: [^( *|.*[/\])(ld|CMAKE_LINK_STARTFILE-NOTFOUND|([^/\]+-)?ld|collect2)[^/\]*( |$)]
  ignore line: [Change Dir: /Users/schun/nektar/build/CMakeFiles/CMakeTmp]
  ignore line: []
  ignore line: [Run Build Command(s):/opt/local/bin/gmake -f Makefile cmTC_2fa53/fast && /opt/local/bin/gmake  -f CMakeFiles/cmTC_2fa53.dir/build.make CMakeFiles/cmTC_2fa53.dir/build]
  ignore line: [gmake[1]: Entering directory '/Users/schun/nektar/build/CMakeFiles/CMakeTmp']
  ignore line: [Building CXX object CMakeFiles/cmTC_2fa53.dir/CMakeCXXCompilerABI.cpp.o]
  ignore line: [/Applications/Xcode.app/Contents/Developer/Toolchains/XcodeDefault.xctoolchain/usr/bin/c++   -arch arm64 -isysroot /Applications/Xcode.app/Contents/Developer/Platforms/MacOSX.platform/Developer/SDKs/MacOSX14.0.sdk   -v -Wl -v -MD -MT CMakeFiles/cmTC_2fa53.dir/CMakeCXXCompilerABI.cpp.o -MF CMakeFiles/cmTC_2fa53.dir/CMakeCXXCompilerABI.cpp.o.d -o CMakeFiles/cmTC_2fa53.dir/CMakeCXXCompilerABI.cpp.o -c /opt/local/share/cmake-3.24/Modules/CMakeCXXCompilerABI.cpp]
  ignore line: [Apple clang version 15.0.0 (clang-1500.0.40.1)]
  ignore line: [Target: arm64-apple-darwin23.1.0]
  ignore line: [Thread model: posix]
  ignore line: [InstalledDir: /Applications/Xcode.app/Contents/Developer/Toolchains/XcodeDefault.xctoolchain/usr/bin]
  ignore line: [clang: warning: -Wl -v: 'linker' input unused [-Wunused-command-line-argument]]
  ignore line: [ "/Applications/Xcode.app/Contents/Developer/Toolchains/XcodeDefault.xctoolchain/usr/bin/clang" -cc1 -triple arm64-apple-macosx14.0.0 -Wundef-prefix=TARGET_OS_ -Wdeprecated-objc-isa-usage -Werror=deprecated-objc-isa-usage -Werror=implicit-function-declaration -emit-obj -mrelax-all --mrelax-relocations -disable-free -clear-ast-before-backend -disable-llvm-verifier -discard-value-names -main-file-name CMakeCXXCompilerABI.cpp -mrelocation-model pic -pic-level 2 -mframe-pointer=non-leaf -fno-strict-return -ffp-contract=on -fno-rounding-math -funwind-tables=1 -fobjc-msgsend-selector-stubs -target-sdk-version=14.0 -fvisibility-inlines-hidden-static-local-var -target-cpu apple-m1 -target-feature +v8.5a -target-feature +crc -target-feature +lse -target-feature +rdm -target-feature +crypto -target-feature +dotprod -target-feature +fp-armv8 -target-feature +neon -target-feature +fp16fml -target-feature +ras -target-feature +rcpc -target-feature +zcm -target-feature +zcz -target-feature +fullfp16 -target-feature +sm4 -target-feature +sha3 -target-feature +sha2 -target-feature +aes -target-abi darwinpcs -mllvm -treat-scalable-fixed-error-as-warning -debugger-tuning=lldb -target-linker-version 1015.6 -v -fcoverage-compilation-dir=/Users/schun/nektar/build/CMakeFiles/CMakeTmp -resource-dir /Applications/Xcode.app/Contents/Developer/Toolchains/XcodeDefault.xctoolchain/usr/lib/clang/15.0.0 -dependency-file CMakeFiles/cmTC_2fa53.dir/CMakeCXXCompilerABI.cpp.o.d -skip-unused-modulemap-deps -MT CMakeFiles/cmTC_2fa53.dir/CMakeCXXCompilerABI.cpp.o -sys-header-deps -isysroot /Applications/Xcode.app/Contents/Developer/Platforms/MacOSX.platform/Developer/SDKs/MacOSX14.0.sdk -internal-isystem /Applications/Xcode.app/Contents/Developer/Platforms/MacOSX.platform/Developer/SDKs/MacOSX14.0.sdk/usr/include/c++/v1 -internal-isystem /Applications/Xcode.app/Contents/Developer/Platforms/MacOSX.platform/Developer/SDKs/MacOSX14.0.sdk/usr/local/include -internal-isystem /Applications/Xcode.app/Contents/Developer/Toolchains/XcodeDefault.xctoolchain/usr/lib/clang/15.0.0/include -internal-externc-isystem /Applications/Xcode.app/Contents/Developer/Platforms/MacOSX.platform/Developer/SDKs/MacOSX14.0.sdk/usr/include -internal-externc-isystem /Applications/Xcode.app/Contents/Developer/Toolchains/XcodeDefault.xctoolchain/usr/include -Wno-reorder-init-list -Wno-implicit-int-float-conversion -Wno-c99-designator -Wno-final-dtor-non-final-class -Wno-extra-semi-stmt -Wno-misleading-indentation -Wno-quoted-include-in-framework-header -Wno-implicit-fallthrough -Wno-enum-enum-conversion -Wno-enum-float-conversion -Wno-elaborated-enum-base -Wno-reserved-identifier -Wno-gnu-folding-constant -fdeprecated-macro -fdebug-compilation-dir=/Users/schun/nektar/build/CMakeFiles/CMakeTmp -ferror-limit 19 -stack-protector 1 -fstack-check -mdarwin-stkchk-strong-link -fblocks -fencode-extended-block-signature -fregister-global-dtors-with-atexit -fgnuc-version=4.2.1 -fno-cxx-modules -fcxx-exceptions -fexceptions -fmax-type-align=16 -fcommon -clang-vendor-feature=+disableNonDependentMemberExprInCurrentInstantiation -fno-odr-hash-protocols -clang-vendor-feature=+enableAggressiveVLAFolding -clang-vendor-feature=+revert09abecef7bbf -clang-vendor-feature=+thisNoAlignAttr -clang-vendor-feature=+thisNoNullAttr -mllvm -disable-aligned-alloc-awareness=1 -D__GCC_HAVE_DWARF2_CFI_ASM=1 -o CMakeFiles/cmTC_2fa53.dir/CMakeCXXCompilerABI.cpp.o -x c++ /opt/local/share/cmake-3.24/Modules/CMakeCXXCompilerABI.cpp]
  ignore line: [clang -cc1 version 15.0.0 (clang-1500.0.40.1) default target arm64-apple-darwin23.1.0]
  ignore line: [ignoring nonexistent directory "/Applications/Xcode.app/Contents/Developer/Platforms/MacOSX.platform/Developer/SDKs/MacOSX14.0.sdk/usr/local/include"]
  ignore line: [ignoring nonexistent directory "/Applications/Xcode.app/Contents/Developer/Platforms/MacOSX.platform/Developer/SDKs/MacOSX14.0.sdk/Library/Frameworks"]
  ignore line: [#include "..." search starts here:]
  ignore line: [#include <...> search starts here:]
  ignore line: [ /Applications/Xcode.app/Contents/Developer/Platforms/MacOSX.platform/Developer/SDKs/MacOSX14.0.sdk/usr/include/c++/v1]
  ignore line: [ /Applications/Xcode.app/Contents/Developer/Toolchains/XcodeDefault.xctoolchain/usr/lib/clang/15.0.0/include]
  ignore line: [ /Applications/Xcode.app/Contents/Developer/Platforms/MacOSX.platform/Developer/SDKs/MacOSX14.0.sdk/usr/include]
  ignore line: [ /Applications/Xcode.app/Contents/Developer/Toolchains/XcodeDefault.xctoolchain/usr/include]
  ignore line: [ /Applications/Xcode.app/Contents/Developer/Platforms/MacOSX.platform/Developer/SDKs/MacOSX14.0.sdk/System/Library/Frameworks (framework directory)]
  ignore line: [End of search list.]
  ignore line: [Linking CXX executable cmTC_2fa53]
  ignore line: [/opt/local/bin/cmake -E cmake_link_script CMakeFiles/cmTC_2fa53.dir/link.txt --verbose=1]
  ignore line: [/Applications/Xcode.app/Contents/Developer/Toolchains/XcodeDefault.xctoolchain/usr/bin/c++  -arch arm64 -isysroot /Applications/Xcode.app/Contents/Developer/Platforms/MacOSX.platform/Developer/SDKs/MacOSX14.0.sdk -Wl -search_paths_first -Wl -headerpad_max_install_names  -v -Wl -v CMakeFiles/cmTC_2fa53.dir/CMakeCXXCompilerABI.cpp.o -o cmTC_2fa53 ]
  ignore line: [Apple clang version 15.0.0 (clang-1500.0.40.1)]
  ignore line: [Target: arm64-apple-darwin23.1.0]
  ignore line: [Thread model: posix]
  ignore line: [InstalledDir: /Applications/Xcode.app/Contents/Developer/Toolchains/XcodeDefault.xctoolchain/usr/bin]
  link line: [ "/Applications/Xcode.app/Contents/Developer/Toolchains/XcodeDefault.xctoolchain/usr/bin/ld" -demangle -lto_library /Applications/Xcode.app/Contents/Developer/Toolchains/XcodeDefault.xctoolchain/usr/lib/libLTO.dylib -dynamic -arch arm64 -platform_version macos 14.0.0 14.0 -syslibroot /Applications/Xcode.app/Contents/Developer/Platforms/MacOSX.platform/Developer/SDKs/MacOSX14.0.sdk -o cmTC_2fa53 -search_paths_first -headerpad_max_install_names -v CMakeFiles/cmTC_2fa53.dir/CMakeCXXCompilerABI.cpp.o -lc++ -lSystem /Applications/Xcode.app/Contents/Developer/Toolchains/XcodeDefault.xctoolchain/usr/lib/clang/15.0.0/lib/darwin/libclang_rt.osx.a]
    arg [/Applications/Xcode.app/Contents/Developer/Toolchains/XcodeDefault.xctoolchain/usr/bin/ld] ==> ignore
    arg [-demangle] ==> ignore
    arg [-lto_library] ==> ignore, skip following value
    arg [/Applications/Xcode.app/Contents/Developer/Toolchains/XcodeDefault.xctoolchain/usr/lib/libLTO.dylib] ==> skip value of -lto_library
    arg [-dynamic] ==> ignore
    arg [-arch] ==> ignore
    arg [arm64] ==> ignore
    arg [-platform_version] ==> ignore
    arg [macos] ==> ignore
    arg [14.0.0] ==> ignore
    arg [14.0] ==> ignore
    arg [-syslibroot] ==> ignore
    arg [/Applications/Xcode.app/Contents/Developer/Platforms/MacOSX.platform/Developer/SDKs/MacOSX14.0.sdk] ==> ignore
    arg [-o] ==> ignore
    arg [cmTC_2fa53] ==> ignore
    arg [-search_paths_first] ==> ignore
    arg [-headerpad_max_install_names] ==> ignore
    arg [-v] ==> ignore
    arg [CMakeFiles/cmTC_2fa53.dir/CMakeCXXCompilerABI.cpp.o] ==> ignore
    arg [-lc++] ==> lib [c++]
    arg [-lSystem] ==> lib [System]
    arg [/Applications/Xcode.app/Contents/Developer/Toolchains/XcodeDefault.xctoolchain/usr/lib/clang/15.0.0/lib/darwin/libclang_rt.osx.a] ==> lib [/Applications/Xcode.app/Contents/Developer/Toolchains/XcodeDefault.xctoolchain/usr/lib/clang/15.0.0/lib/darwin/libclang_rt.osx.a]
  remove lib [System]
  remove lib [/Applications/Xcode.app/Contents/Developer/Toolchains/XcodeDefault.xctoolchain/usr/lib/clang/15.0.0/lib/darwin/libclang_rt.osx.a]
  implicit libs: [c++]
  implicit objs: []
  implicit dirs: []
  implicit fwks: []


Looking for a Fortran compiler passed with the following output:
-- The Fortran compiler identification is GNU 13.2.0
-- Checking whether Fortran compiler has -isysroot
-- Checking whether Fortran compiler has -isysroot - yes
-- Checking whether Fortran compiler supports OSX deployment target flag
-- Checking whether Fortran compiler supports OSX deployment target flag - yes
-- Detecting Fortran compiler ABI info
-- Detecting Fortran compiler ABI info - done
-- Check for working Fortran compiler: /opt/homebrew/bin/gfortran - skipped
-- Configuring done
-- Generating done
-- Build files have been written to: /Users/schun/nektar/build/CMakeFiles/CheckFortran

Compiling the Fortran compiler identification source file "CMakeFortranCompilerId.F" succeeded.
Compiler: /opt/homebrew/bin/gfortran 
Build flags: 
Id flags: -v 

The output was:
0
Driving: /opt/homebrew/bin/gfortran -v CMakeFortranCompilerId.F -mmacosx-version-min=14.0.0 -asm_macosx_version_min=14.0 -nodefaultexport -l gfortran
Using built-in specs.
COLLECT_GCC=/opt/homebrew/bin/gfortran
COLLECT_LTO_WRAPPER=/opt/homebrew/Cellar/gcc/13.2.0/bin/../libexec/gcc/aarch64-apple-darwin23/13/lto-wrapper
Target: aarch64-apple-darwin23
Configured with: ../configure --prefix=/opt/homebrew/opt/gcc --libdir=/opt/homebrew/opt/gcc/lib/gcc/current --disable-nls --enable-checking=release --with-gcc-major-version-only --enable-languages=c,c++,objc,obj-c++,fortran --program-suffix=-13 --with-gmp=/opt/homebrew/opt/gmp --with-mpfr=/opt/homebrew/opt/mpfr --with-mpc=/opt/homebrew/opt/libmpc --with-isl=/opt/homebrew/opt/isl --with-zstd=/opt/homebrew/opt/zstd --with-pkgversion='Homebrew GCC 13.2.0' --with-bugurl=https://github.com/Homebrew/homebrew-core/issues --with-system-zlib --build=aarch64-apple-darwin23 --with-sysroot=/Library/Developer/CommandLineTools/SDKs/MacOSX14.sdk --with-ld=/Library/Developer/CommandLineTools/usr/bin/ld-classic
Thread model: posix
Supported LTO compression algorithms: zlib zstd
gcc version 13.2.0 (Homebrew GCC 13.2.0) 
COLLECT_GCC_OPTIONS='-v' '-mmacosx-version-min=14.0.0' '-asm_macosx_version_min=14.0' '-nodefaultexport' '-mlittle-endian' '-mabi=lp64' '-dumpdir' 'a-'
 /opt/homebrew/Cellar/gcc/13.2.0/bin/../libexec/gcc/aarch64-apple-darwin23/13/f951 CMakeFortranCompilerId.F -ffixed-form -cpp=/var/folders/1c/n28hs3nn1595rcrvhk8k2tf00000gn/T//ccfsbkUZ.f90 -quiet -v -iprefix /opt/homebrew/Cellar/gcc/13.2.0/bin/../lib/gcc/current/gcc/aarch64-apple-darwin23/13/ -D__DYNAMIC__ CMakeFortranCompilerId.F -fPIC -quiet -dumpdir a- -dumpbase CMakeFortranCompilerId.F -dumpbase-ext .F -mmacosx-version-min=14.0.0 -mlittle-endian -mabi=lp64 -version -fintrinsic-modules-path /opt/homebrew/Cellar/gcc/13.2.0/bin/../lib/gcc/current/gcc/aarch64-apple-darwin23/13/finclude -o /var/folders/1c/n28hs3nn1595rcrvhk8k2tf00000gn/T//cc1ewSHz.s
GNU Fortran (Homebrew GCC 13.2.0) version 13.2.0 (aarch64-apple-darwin23)
	compiled by GNU C version 13.2.0, GMP version 6.2.1, MPFR version 4.2.0-p12, MPC version 1.3.1, isl version isl-0.26-GMP

warning: GMP header version 6.2.1 differs from library version 6.3.0.
warning: MPFR header version 4.2.0-p12 differs from library version 4.2.1.
GGC heuristics: --param ggc-min-expand=100 --param ggc-min-heapsize=131072
ignoring nonexistent directory "/opt/homebrew/Cellar/gcc/13.2.0/bin/../lib/gcc/current/gcc/aarch64-apple-darwin23/13/../../../../../../aarch64-apple-darwin23/include"
ignoring duplicate directory "/opt/homebrew/Cellar/gcc/13.2.0/bin/../lib/gcc/current/gcc/../../../../lib/gcc/current/gcc/aarch64-apple-darwin23/13/include"
ignoring nonexistent directory "/Library/Developer/CommandLineTools/SDKs/MacOSX14.sdk/usr/local/include"
ignoring duplicate directory "/opt/homebrew/Cellar/gcc/13.2.0/bin/../lib/gcc/current/gcc/../../../../lib/gcc/current/gcc/aarch64-apple-darwin23/13/include-fixed"
ignoring nonexistent directory "/opt/homebrew/Cellar/gcc/13.2.0/bin/../lib/gcc/current/gcc/../../../../lib/gcc/current/gcc/aarch64-apple-darwin23/13/../../../../../../aarch64-apple-darwin23/include"
#include "..." search starts here:
#include <...> search starts here:
 /opt/homebrew/Cellar/gcc/13.2.0/bin/../lib/gcc/current/gcc/aarch64-apple-darwin23/13/finclude
 /opt/homebrew/Cellar/gcc/13.2.0/bin/../lib/gcc/current/gcc/aarch64-apple-darwin23/13/include
 /opt/homebrew/Cellar/gcc/13.2.0/bin/../lib/gcc/current/gcc/aarch64-apple-darwin23/13/include-fixed
 /Library/Developer/CommandLineTools/SDKs/MacOSX14.sdk/usr/include
End of search list.
COLLECT_GCC_OPTIONS='-v' '-mmacosx-version-min=14.0.0'  '-nodefaultexport' '-mlittle-endian' '-mabi=lp64' '-dumpdir' 'a-'
 as -arch arm64 -v -mmacosx-version-min=14.0 -o /var/folders/1c/n28hs3nn1595rcrvhk8k2tf00000gn/T//ccIktiHO.o /var/folders/1c/n28hs3nn1595rcrvhk8k2tf00000gn/T//cc1ewSHz.s
Apple clang version 15.0.0 (clang-1500.0.40.1)
Target: arm64-apple-darwin23.1.0
Thread model: posix
InstalledDir: /Applications/Xcode.app/Contents/Developer/Toolchains/XcodeDefault.xctoolchain/usr/bin
 "/Applications/Xcode.app/Contents/Developer/Toolchains/XcodeDefault.xctoolchain/usr/bin/clang" -cc1as -triple arm64-apple-macosx14.0.0 -filetype obj -main-file-name cc1ewSHz.s -target-cpu apple-m1 -target-feature +v8.5a -target-feature +crc -target-feature +lse -target-feature +rdm -target-feature +crypto -target-feature +dotprod -target-feature +fp-armv8 -target-feature +neon -target-feature +fp16fml -target-feature +ras -target-feature +rcpc -target-feature +zcm -target-feature +zcz -target-feature +fullfp16 -target-feature +sm4 -target-feature +sha3 -target-feature +sha2 -target-feature +aes -fdebug-compilation-dir=/Users/schun/nektar/build/CMakeFiles/3.24.3/CompilerIdFortran -dwarf-debug-producer "Apple clang version 15.0.0 (clang-1500.0.40.1)" -dwarf-version=4 -mrelocation-model pic --mrelax-relocations -mllvm -disable-aligned-alloc-awareness=1 -o /var/folders/1c/n28hs3nn1595rcrvhk8k2tf00000gn/T//ccIktiHO.o /var/folders/1c/n28hs3nn1595rcrvhk8k2tf00000gn/T//cc1ewSHz.s
Reading specs from /opt/homebrew/Cellar/gcc/13.2.0/bin/../lib/gcc/current/gcc/aarch64-apple-darwin23/13/../../../libgfortran.spec
rename spec lib to liborig
COLLECT_GCC_OPTIONS='-v' '-mmacosx-version-min=14.0.0'  '-nodefaultexport' '-mlittle-endian' '-mabi=lp64' '-dumpdir' 'a-'
COMPILER_PATH=/opt/homebrew/Cellar/gcc/13.2.0/bin/../libexec/gcc/aarch64-apple-darwin23/13/:/opt/homebrew/Cellar/gcc/13.2.0/bin/../libexec/gcc/
LIBRARY_PATH=/opt/homebrew/Cellar/gcc/13.2.0/bin/../lib/gcc/current/gcc/aarch64-apple-darwin23/13/:/opt/homebrew/Cellar/gcc/13.2.0/bin/../lib/gcc/current/gcc/:/opt/homebrew/Cellar/gcc/13.2.0/bin/../lib/gcc/current/gcc/aarch64-apple-darwin23/13/../../../
COLLECT_GCC_OPTIONS='-v' '-mmacosx-version-min=14.0.0'  '-nodefaultexport' '-mlittle-endian' '-mabi=lp64' '-dumpdir' 'a.'
 /opt/homebrew/Cellar/gcc/13.2.0/bin/../libexec/gcc/aarch64-apple-darwin23/13/collect2 -syslibroot /Library/Developer/CommandLineTools/SDKs/MacOSX14.sdk/ -dynamic -arch arm64 -platform_version macos 14.0.0 0.0 -o a.out -L/opt/homebrew/Cellar/gcc/13.2.0/bin/../lib/gcc/current/gcc/aarch64-apple-darwin23/13 -L/opt/homebrew/Cellar/gcc/13.2.0/bin/../lib/gcc/current/gcc -L/opt/homebrew/Cellar/gcc/13.2.0/bin/../lib/gcc/current/gcc/aarch64-apple-darwin23/13/../../.. /var/folders/1c/n28hs3nn1595rcrvhk8k2tf00000gn/T//ccIktiHO.o -lgfortran -lemutls_w -lgcc -lquadmath -lemutls_w -lgcc -lSystem -lgcc -no_compact_unwind -rpath @loader_path -rpath /opt/homebrew/Cellar/gcc/13.2.0/lib/gcc/current/gcc/aarch64-apple-darwin23/13 -rpath /opt/homebrew/Cellar/gcc/13.2.0/lib/gcc/current/gcc -rpath /opt/homebrew/Cellar/gcc/13.2.0/lib/gcc/current


Compilation of the Fortran compiler identification source "CMakeFortranCompilerId.F" produced "a.out"

The Fortran compiler identification is GNU, found in "/Users/schun/nektar/build/CMakeFiles/3.24.3/CompilerIdFortran/a.out"

Detecting Fortran compiler ABI info compiled with the following output:
Change Dir: /Users/schun/nektar/build/CMakeFiles/CMakeTmp

Run Build Command(s):/opt/local/bin/gmake -f Makefile cmTC_6bf54/fast && /opt/local/bin/gmake  -f CMakeFiles/cmTC_6bf54.dir/build.make CMakeFiles/cmTC_6bf54.dir/build
gmake[1]: Entering directory '/Users/schun/nektar/build/CMakeFiles/CMakeTmp'
Building Fortran object CMakeFiles/cmTC_6bf54.dir/CMakeFortranCompilerABI.F90.o
/opt/homebrew/bin/gfortran   -isysroot /Applications/Xcode.app/Contents/Developer/Platforms/MacOSX.platform/Developer/SDKs/MacOSX14.0.sdk   -v -Wl,-v -c /opt/local/share/cmake-3.24/Modules/CMakeFortranCompilerABI.F90 -o CMakeFiles/cmTC_6bf54.dir/CMakeFortranCompilerABI.F90.o
Using built-in specs.
COLLECT_GCC=/opt/homebrew/bin/gfortran
Target: aarch64-apple-darwin23
Configured with: ../configure --prefix=/opt/homebrew/opt/gcc --libdir=/opt/homebrew/opt/gcc/lib/gcc/current --disable-nls --enable-checking=release --with-gcc-major-version-only --enable-languages=c,c++,objc,obj-c++,fortran --program-suffix=-13 --with-gmp=/opt/homebrew/opt/gmp --with-mpfr=/opt/homebrew/opt/mpfr --with-mpc=/opt/homebrew/opt/libmpc --with-isl=/opt/homebrew/opt/isl --with-zstd=/opt/homebrew/opt/zstd --with-pkgversion='Homebrew GCC 13.2.0' --with-bugurl=https://github.com/Homebrew/homebrew-core/issues --with-system-zlib --build=aarch64-apple-darwin23 --with-sysroot=/Library/Developer/CommandLineTools/SDKs/MacOSX14.sdk --with-ld=/Library/Developer/CommandLineTools/usr/bin/ld-classic
Thread model: posix
Supported LTO compression algorithms: zlib zstd
gcc version 13.2.0 (Homebrew GCC 13.2.0) 
COLLECT_GCC_OPTIONS='-isysroot' '/Applications/Xcode.app/Contents/Developer/Platforms/MacOSX.platform/Developer/SDKs/MacOSX14.0.sdk' '-v' '-c' '-o' 'CMakeFiles/cmTC_6bf54.dir/CMakeFortranCompilerABI.F90.o' '-mmacosx-version-min=14.0.0' '-asm_macosx_version_min=14.0' '-nodefaultexport' '-mlittle-endian' '-mabi=lp64' '-dumpdir' 'CMakeFiles/cmTC_6bf54.dir/'
 /opt/homebrew/Cellar/gcc/13.2.0/bin/../libexec/gcc/aarch64-apple-darwin23/13/f951 /opt/local/share/cmake-3.24/Modules/CMakeFortranCompilerABI.F90 -cpp=/var/folders/1c/n28hs3nn1595rcrvhk8k2tf00000gn/T//ccvywNzj.f90 -quiet -v -iprefix /opt/homebrew/Cellar/gcc/13.2.0/bin/../lib/gcc/current/gcc/aarch64-apple-darwin23/13/ -D__DYNAMIC__ -isysroot /Applications/Xcode.app/Contents/Developer/Platforms/MacOSX.platform/Developer/SDKs/MacOSX14.0.sdk /opt/local/share/cmake-3.24/Modules/CMakeFortranCompilerABI.F90 -fPIC -quiet -dumpdir CMakeFiles/cmTC_6bf54.dir/ -dumpbase CMakeFortranCompilerABI.F90.F90 -dumpbase-ext .F90 -mmacosx-version-min=14.0.0 -mlittle-endian -mabi=lp64 -version -fintrinsic-modules-path /opt/homebrew/Cellar/gcc/13.2.0/bin/../lib/gcc/current/gcc/aarch64-apple-darwin23/13/finclude -o /var/folders/1c/n28hs3nn1595rcrvhk8k2tf00000gn/T//ccxIPakn.s
GNU Fortran (Homebrew GCC 13.2.0) version 13.2.0 (aarch64-apple-darwin23)
	compiled by GNU C version 13.2.0, GMP version 6.2.1, MPFR version 4.2.0-p12, MPC version 1.3.1, isl version isl-0.26-GMP

warning: GMP header version 6.2.1 differs from library version 6.3.0.
warning: MPFR header version 4.2.0-p12 differs from library version 4.2.1.
GGC heuristics: --param ggc-min-expand=100 --param ggc-min-heapsize=131072
ignoring nonexistent directory "/opt/homebrew/Cellar/gcc/13.2.0/bin/../lib/gcc/current/gcc/aarch64-apple-darwin23/13/../../../../../../aarch64-apple-darwin23/include"
ignoring duplicate directory "/opt/homebrew/Cellar/gcc/13.2.0/bin/../lib/gcc/current/gcc/../../../../lib/gcc/current/gcc/aarch64-apple-darwin23/13/include"
ignoring nonexistent directory "/Applications/Xcode.app/Contents/Developer/Platforms/MacOSX.platform/Developer/SDKs/MacOSX14.0.sdk/usr/local/include"
ignoring duplicate directory "/opt/homebrew/Cellar/gcc/13.2.0/bin/../lib/gcc/current/gcc/../../../../lib/gcc/current/gcc/aarch64-apple-darwin23/13/include-fixed"
ignoring nonexistent directory "/opt/homebrew/Cellar/gcc/13.2.0/bin/../lib/gcc/current/gcc/../../../../lib/gcc/current/gcc/aarch64-apple-darwin23/13/../../../../../../aarch64-apple-darwin23/include"
#include "..." search starts here:
#include <...> search starts here:
 /opt/homebrew/Cellar/gcc/13.2.0/bin/../lib/gcc/current/gcc/aarch64-apple-darwin23/13/finclude
 /opt/homebrew/Cellar/gcc/13.2.0/bin/../lib/gcc/current/gcc/aarch64-apple-darwin23/13/include
 /opt/homebrew/Cellar/gcc/13.2.0/bin/../lib/gcc/current/gcc/aarch64-apple-darwin23/13/include-fixed
 /Applications/Xcode.app/Contents/Developer/Platforms/MacOSX.platform/Developer/SDKs/MacOSX14.0.sdk/usr/include
End of search list.
COLLECT_GCC_OPTIONS='-isysroot' '/Applications/Xcode.app/Contents/Developer/Platforms/MacOSX.platform/Developer/SDKs/MacOSX14.0.sdk' '-v' '-c' '-o' 'CMakeFiles/cmTC_6bf54.dir/CMakeFortranCompilerABI.F90.o' '-mmacosx-version-min=14.0.0'  '-nodefaultexport' '-mlittle-endian' '-mabi=lp64' '-dumpdir' 'CMakeFiles/cmTC_6bf54.dir/'
 as -arch arm64 -v -mmacosx-version-min=14.0 -o CMakeFiles/cmTC_6bf54.dir/CMakeFortranCompilerABI.F90.o /var/folders/1c/n28hs3nn1595rcrvhk8k2tf00000gn/T//ccxIPakn.s
Apple clang version 15.0.0 (clang-1500.0.40.1)
Target: arm64-apple-darwin23.1.0
Thread model: posix
InstalledDir: /Applications/Xcode.app/Contents/Developer/Toolchains/XcodeDefault.xctoolchain/usr/bin
 "/Applications/Xcode.app/Contents/Developer/Toolchains/XcodeDefault.xctoolchain/usr/bin/clang" -cc1as -triple arm64-apple-macosx14.0.0 -filetype obj -main-file-name ccxIPakn.s -target-cpu apple-m1 -target-feature +v8.5a -target-feature +crc -target-feature +lse -target-feature +rdm -target-feature +crypto -target-feature +dotprod -target-feature +fp-armv8 -target-feature +neon -target-feature +fp16fml -target-feature +ras -target-feature +rcpc -target-feature +zcm -target-feature +zcz -target-feature +fullfp16 -target-feature +sm4 -target-feature +sha3 -target-feature +sha2 -target-feature +aes -fdebug-compilation-dir=/Users/schun/nektar/build/CMakeFiles/CMakeTmp -dwarf-debug-producer "Apple clang version 15.0.0 (clang-1500.0.40.1)" -dwarf-version=4 -mrelocation-model pic --mrelax-relocations -mllvm -disable-aligned-alloc-awareness=1 -o CMakeFiles/cmTC_6bf54.dir/CMakeFortranCompilerABI.F90.o /var/folders/1c/n28hs3nn1595rcrvhk8k2tf00000gn/T//ccxIPakn.s
COMPILER_PATH=/opt/homebrew/Cellar/gcc/13.2.0/bin/../libexec/gcc/aarch64-apple-darwin23/13/:/opt/homebrew/Cellar/gcc/13.2.0/bin/../libexec/gcc/
LIBRARY_PATH=/opt/homebrew/Cellar/gcc/13.2.0/bin/../lib/gcc/current/gcc/aarch64-apple-darwin23/13/:/opt/homebrew/Cellar/gcc/13.2.0/bin/../lib/gcc/current/gcc/:/opt/homebrew/Cellar/gcc/13.2.0/bin/../lib/gcc/current/gcc/aarch64-apple-darwin23/13/../../../
COLLECT_GCC_OPTIONS='-isysroot' '/Applications/Xcode.app/Contents/Developer/Platforms/MacOSX.platform/Developer/SDKs/MacOSX14.0.sdk' '-v' '-c' '-o' 'CMakeFiles/cmTC_6bf54.dir/CMakeFortranCompilerABI.F90.o' '-mmacosx-version-min=14.0.0'  '-nodefaultexport' '-mlittle-endian' '-mabi=lp64' '-dumpdir' 'CMakeFiles/cmTC_6bf54.dir/CMakeFortranCompilerABI.F90.'
Linking Fortran executable cmTC_6bf54
/opt/local/bin/cmake -E cmake_link_script CMakeFiles/cmTC_6bf54.dir/link.txt --verbose=1
/opt/homebrew/bin/gfortran  -v -Wl,-v  -isysroot /Applications/Xcode.app/Contents/Developer/Platforms/MacOSX.platform/Developer/SDKs/MacOSX14.0.sdk CMakeFiles/cmTC_6bf54.dir/CMakeFortranCompilerABI.F90.o -o cmTC_6bf54 
Driving: /opt/homebrew/bin/gfortran -v -Wl,-v -isysroot /Applications/Xcode.app/Contents/Developer/Platforms/MacOSX.platform/Developer/SDKs/MacOSX14.0.sdk CMakeFiles/cmTC_6bf54.dir/CMakeFortranCompilerABI.F90.o -o cmTC_6bf54 -mmacosx-version-min=14.0.0 -asm_macosx_version_min=14.0 -nodefaultexport -l gfortran
Using built-in specs.
COLLECT_GCC=/opt/homebrew/bin/gfortran
COLLECT_LTO_WRAPPER=/opt/homebrew/Cellar/gcc/13.2.0/bin/../libexec/gcc/aarch64-apple-darwin23/13/lto-wrapper
Target: aarch64-apple-darwin23
Configured with: ../configure --prefix=/opt/homebrew/opt/gcc --libdir=/opt/homebrew/opt/gcc/lib/gcc/current --disable-nls --enable-checking=release --with-gcc-major-version-only --enable-languages=c,c++,objc,obj-c++,fortran --program-suffix=-13 --with-gmp=/opt/homebrew/opt/gmp --with-mpfr=/opt/homebrew/opt/mpfr --with-mpc=/opt/homebrew/opt/libmpc --with-isl=/opt/homebrew/opt/isl --with-zstd=/opt/homebrew/opt/zstd --with-pkgversion='Homebrew GCC 13.2.0' --with-bugurl=https://github.com/Homebrew/homebrew-core/issues --with-system-zlib --build=aarch64-apple-darwin23 --with-sysroot=/Library/Developer/CommandLineTools/SDKs/MacOSX14.sdk --with-ld=/Library/Developer/CommandLineTools/usr/bin/ld-classic
Thread model: posix
Supported LTO compression algorithms: zlib zstd
gcc version 13.2.0 (Homebrew GCC 13.2.0) 
Reading specs from /opt/homebrew/Cellar/gcc/13.2.0/bin/../lib/gcc/current/gcc/aarch64-apple-darwin23/13/../../../libgfortran.spec
rename spec lib to liborig
COLLECT_GCC_OPTIONS='-v' '-isysroot' '/Applications/Xcode.app/Contents/Developer/Platforms/MacOSX.platform/Developer/SDKs/MacOSX14.0.sdk' '-o' 'cmTC_6bf54' '-mmacosx-version-min=14.0.0' '-asm_macosx_version_min=14.0' '-nodefaultexport' '-mlittle-endian' '-mabi=lp64' '-dumpdir' 'cmTC_6bf54-'
COMPILER_PATH=/opt/homebrew/Cellar/gcc/13.2.0/bin/../libexec/gcc/aarch64-apple-darwin23/13/:/opt/homebrew/Cellar/gcc/13.2.0/bin/../libexec/gcc/
LIBRARY_PATH=/opt/homebrew/Cellar/gcc/13.2.0/bin/../lib/gcc/current/gcc/aarch64-apple-darwin23/13/:/opt/homebrew/Cellar/gcc/13.2.0/bin/../lib/gcc/current/gcc/:/opt/homebrew/Cellar/gcc/13.2.0/bin/../lib/gcc/current/gcc/aarch64-apple-darwin23/13/../../../
COLLECT_GCC_OPTIONS='-v' '-isysroot' '/Applications/Xcode.app/Contents/Developer/Platforms/MacOSX.platform/Developer/SDKs/MacOSX14.0.sdk' '-o' 'cmTC_6bf54' '-mmacosx-version-min=14.0.0' '-asm_macosx_version_min=14.0' '-nodefaultexport' '-mlittle-endian' '-mabi=lp64' '-dumpdir' 'cmTC_6bf54.'
 /opt/homebrew/Cellar/gcc/13.2.0/bin/../libexec/gcc/aarch64-apple-darwin23/13/collect2 -dynamic -arch arm64 -syslibroot /Applications/Xcode.app/Contents/Developer/Platforms/MacOSX.platform/Developer/SDKs/MacOSX14.0.sdk -platform_version macos 14.0.0 0.0 -o cmTC_6bf54 -L/opt/homebrew/Cellar/gcc/13.2.0/bin/../lib/gcc/current/gcc/aarch64-apple-darwin23/13 -L/opt/homebrew/Cellar/gcc/13.2.0/bin/../lib/gcc/current/gcc -L/opt/homebrew/Cellar/gcc/13.2.0/bin/../lib/gcc/current/gcc/aarch64-apple-darwin23/13/../../.. -v CMakeFiles/cmTC_6bf54.dir/CMakeFortranCompilerABI.F90.o -lgfortran -lemutls_w -lgcc -lquadmath -lemutls_w -lgcc -lSystem -lgcc -no_compact_unwind -rpath @loader_path -rpath /opt/homebrew/Cellar/gcc/13.2.0/lib/gcc/current/gcc/aarch64-apple-darwin23/13 -rpath /opt/homebrew/Cellar/gcc/13.2.0/lib/gcc/current/gcc -rpath /opt/homebrew/Cellar/gcc/13.2.0/lib/gcc/current
collect2 version 13.2.0
/Library/Developer/CommandLineTools/usr/bin/ld-classic -dynamic -arch arm64 -syslibroot /Applications/Xcode.app/Contents/Developer/Platforms/MacOSX.platform/Developer/SDKs/MacOSX14.0.sdk -platform_version macos 14.0.0 0.0 -o cmTC_6bf54 -L/opt/homebrew/Cellar/gcc/13.2.0/bin/../lib/gcc/current/gcc/aarch64-apple-darwin23/13 -L/opt/homebrew/Cellar/gcc/13.2.0/bin/../lib/gcc/current/gcc -L/opt/homebrew/Cellar/gcc/13.2.0/bin/../lib/gcc/current/gcc/aarch64-apple-darwin23/13/../../.. -v CMakeFiles/cmTC_6bf54.dir/CMakeFortranCompilerABI.F90.o -lgfortran -lemutls_w -lgcc -lquadmath -lemutls_w -lgcc -lSystem -lgcc -no_compact_unwind -rpath @loader_path -rpath /opt/homebrew/Cellar/gcc/13.2.0/lib/gcc/current/gcc/aarch64-apple-darwin23/13 -rpath /opt/homebrew/Cellar/gcc/13.2.0/lib/gcc/current/gcc -rpath /opt/homebrew/Cellar/gcc/13.2.0/lib/gcc/current
@(#)PROGRAM:ld-classic  PROJECT:ld64-907
BUILD 19:12:38 Aug 11 2023
configured to support archs: armv6 armv7 armv7s arm64 arm64e arm64_32 i386 x86_64 x86_64h armv6m armv7k armv7m armv7em
Library search paths:
	/opt/homebrew/Cellar/gcc/13.2.0/lib/gcc/current/gcc/aarch64-apple-darwin23/13
	/opt/homebrew/Cellar/gcc/13.2.0/lib/gcc/current/gcc
	/opt/homebrew/Cellar/gcc/13.2.0/lib/gcc/current
	/Applications/Xcode.app/Contents/Developer/Platforms/MacOSX.platform/Developer/SDKs/MacOSX14.0.sdk/usr/lib
Framework search paths:
	/Applications/Xcode.app/Contents/Developer/Platforms/MacOSX.platform/Developer/SDKs/MacOSX14.0.sdk/System/Library/Frameworks/
gmake[1]: Leaving directory '/Users/schun/nektar/build/CMakeFiles/CMakeTmp'



Parsed Fortran implicit include dir info from above output: rv=done
  found start of include info
  found start of implicit include info
    add: [/opt/homebrew/Cellar/gcc/13.2.0/bin/../lib/gcc/current/gcc/aarch64-apple-darwin23/13/finclude]
    add: [/opt/homebrew/Cellar/gcc/13.2.0/bin/../lib/gcc/current/gcc/aarch64-apple-darwin23/13/include]
    add: [/opt/homebrew/Cellar/gcc/13.2.0/bin/../lib/gcc/current/gcc/aarch64-apple-darwin23/13/include-fixed]
    add: [/Applications/Xcode.app/Contents/Developer/Platforms/MacOSX.platform/Developer/SDKs/MacOSX14.0.sdk/usr/include]
  end of search list found
  collapse include dir [/opt/homebrew/Cellar/gcc/13.2.0/bin/../lib/gcc/current/gcc/aarch64-apple-darwin23/13/finclude] ==> [/opt/homebrew/Cellar/gcc/13.2.0/lib/gcc/current/gcc/aarch64-apple-darwin23/13/finclude]
  collapse include dir [/opt/homebrew/Cellar/gcc/13.2.0/bin/../lib/gcc/current/gcc/aarch64-apple-darwin23/13/include] ==> [/opt/homebrew/Cellar/gcc/13.2.0/lib/gcc/current/gcc/aarch64-apple-darwin23/13/include]
  collapse include dir [/opt/homebrew/Cellar/gcc/13.2.0/bin/../lib/gcc/current/gcc/aarch64-apple-darwin23/13/include-fixed] ==> [/opt/homebrew/Cellar/gcc/13.2.0/lib/gcc/current/gcc/aarch64-apple-darwin23/13/include-fixed]
  collapse include dir [/Applications/Xcode.app/Contents/Developer/Platforms/MacOSX.platform/Developer/SDKs/MacOSX14.0.sdk/usr/include] ==> [/Applications/Xcode.app/Contents/Developer/Platforms/MacOSX.platform/Developer/SDKs/MacOSX14.0.sdk/usr/include]
  implicit include dirs: [/opt/homebrew/Cellar/gcc/13.2.0/lib/gcc/current/gcc/aarch64-apple-darwin23/13/finclude;/opt/homebrew/Cellar/gcc/13.2.0/lib/gcc/current/gcc/aarch64-apple-darwin23/13/include;/opt/homebrew/Cellar/gcc/13.2.0/lib/gcc/current/gcc/aarch64-apple-darwin23/13/include-fixed;/Applications/Xcode.app/Contents/Developer/Platforms/MacOSX.platform/Developer/SDKs/MacOSX14.0.sdk/usr/include]


Parsed Fortran implicit link information from above output:
  link line regex: [^( *|.*[/\])(ld|CMAKE_LINK_STARTFILE-NOTFOUND|([^/\]+-)?ld|collect2)[^/\]*( |$)]
  ignore line: [Change Dir: /Users/schun/nektar/build/CMakeFiles/CMakeTmp]
  ignore line: []
  ignore line: [Run Build Command(s):/opt/local/bin/gmake -f Makefile cmTC_6bf54/fast && /opt/local/bin/gmake  -f CMakeFiles/cmTC_6bf54.dir/build.make CMakeFiles/cmTC_6bf54.dir/build]
  ignore line: [gmake[1]: Entering directory '/Users/schun/nektar/build/CMakeFiles/CMakeTmp']
  ignore line: [Building Fortran object CMakeFiles/cmTC_6bf54.dir/CMakeFortranCompilerABI.F90.o]
  ignore line: [/opt/homebrew/bin/gfortran   -isysroot /Applications/Xcode.app/Contents/Developer/Platforms/MacOSX.platform/Developer/SDKs/MacOSX14.0.sdk   -v -Wl -v -c /opt/local/share/cmake-3.24/Modules/CMakeFortranCompilerABI.F90 -o CMakeFiles/cmTC_6bf54.dir/CMakeFortranCompilerABI.F90.o]
  ignore line: [Using built-in specs.]
  ignore line: [COLLECT_GCC=/opt/homebrew/bin/gfortran]
  ignore line: [Target: aarch64-apple-darwin23]
  ignore line: [Configured with: ../configure --prefix=/opt/homebrew/opt/gcc --libdir=/opt/homebrew/opt/gcc/lib/gcc/current --disable-nls --enable-checking=release --with-gcc-major-version-only --enable-languages=c,c++,objc,obj-c++,fortran --program-suffix=-13 --with-gmp=/opt/homebrew/opt/gmp --with-mpfr=/opt/homebrew/opt/mpfr --with-mpc=/opt/homebrew/opt/libmpc --with-isl=/opt/homebrew/opt/isl --with-zstd=/opt/homebrew/opt/zstd --with-pkgversion='Homebrew GCC 13.2.0' --with-bugurl=https://github.com/Homebrew/homebrew-core/issues --with-system-zlib --build=aarch64-apple-darwin23 --with-sysroot=/Library/Developer/CommandLineTools/SDKs/MacOSX14.sdk --with-ld=/Library/Developer/CommandLineTools/usr/bin/ld-classic]
  ignore line: [Thread model: posix]
  ignore line: [Supported LTO compression algorithms: zlib zstd]
  ignore line: [gcc version 13.2.0 (Homebrew GCC 13.2.0) ]
  ignore line: [COLLECT_GCC_OPTIONS='-isysroot' '/Applications/Xcode.app/Contents/Developer/Platforms/MacOSX.platform/Developer/SDKs/MacOSX14.0.sdk' '-v' '-c' '-o' 'CMakeFiles/cmTC_6bf54.dir/CMakeFortranCompilerABI.F90.o' '-mmacosx-version-min=14.0.0' '-asm_macosx_version_min=14.0' '-nodefaultexport' '-mlittle-endian' '-mabi=lp64' '-dumpdir' 'CMakeFiles/cmTC_6bf54.dir/']
  ignore line: [ /opt/homebrew/Cellar/gcc/13.2.0/bin/../libexec/gcc/aarch64-apple-darwin23/13/f951 /opt/local/share/cmake-3.24/Modules/CMakeFortranCompilerABI.F90 -cpp=/var/folders/1c/n28hs3nn1595rcrvhk8k2tf00000gn/T//ccvywNzj.f90 -quiet -v -iprefix /opt/homebrew/Cellar/gcc/13.2.0/bin/../lib/gcc/current/gcc/aarch64-apple-darwin23/13/ -D__DYNAMIC__ -isysroot /Applications/Xcode.app/Contents/Developer/Platforms/MacOSX.platform/Developer/SDKs/MacOSX14.0.sdk /opt/local/share/cmake-3.24/Modules/CMakeFortranCompilerABI.F90 -fPIC -quiet -dumpdir CMakeFiles/cmTC_6bf54.dir/ -dumpbase CMakeFortranCompilerABI.F90.F90 -dumpbase-ext .F90 -mmacosx-version-min=14.0.0 -mlittle-endian -mabi=lp64 -version -fintrinsic-modules-path /opt/homebrew/Cellar/gcc/13.2.0/bin/../lib/gcc/current/gcc/aarch64-apple-darwin23/13/finclude -o /var/folders/1c/n28hs3nn1595rcrvhk8k2tf00000gn/T//ccxIPakn.s]
  ignore line: [GNU Fortran (Homebrew GCC 13.2.0) version 13.2.0 (aarch64-apple-darwin23)]
  ignore line: [	compiled by GNU C version 13.2.0  GMP version 6.2.1  MPFR version 4.2.0-p12  MPC version 1.3.1  isl version isl-0.26-GMP]
  ignore line: []
  ignore line: [warning: GMP header version 6.2.1 differs from library version 6.3.0.]
  ignore line: [warning: MPFR header version 4.2.0-p12 differs from library version 4.2.1.]
  ignore line: [GGC heuristics: --param ggc-min-expand=100 --param ggc-min-heapsize=131072]
  ignore line: [ignoring nonexistent directory "/opt/homebrew/Cellar/gcc/13.2.0/bin/../lib/gcc/current/gcc/aarch64-apple-darwin23/13/../../../../../../aarch64-apple-darwin23/include"]
  ignore line: [ignoring duplicate directory "/opt/homebrew/Cellar/gcc/13.2.0/bin/../lib/gcc/current/gcc/../../../../lib/gcc/current/gcc/aarch64-apple-darwin23/13/include"]
  ignore line: [ignoring nonexistent directory "/Applications/Xcode.app/Contents/Developer/Platforms/MacOSX.platform/Developer/SDKs/MacOSX14.0.sdk/usr/local/include"]
  ignore line: [ignoring duplicate directory "/opt/homebrew/Cellar/gcc/13.2.0/bin/../lib/gcc/current/gcc/../../../../lib/gcc/current/gcc/aarch64-apple-darwin23/13/include-fixed"]
  ignore line: [ignoring nonexistent directory "/opt/homebrew/Cellar/gcc/13.2.0/bin/../lib/gcc/current/gcc/../../../../lib/gcc/current/gcc/aarch64-apple-darwin23/13/../../../../../../aarch64-apple-darwin23/include"]
  ignore line: [#include "..." search starts here:]
  ignore line: [#include <...> search starts here:]
  ignore line: [ /opt/homebrew/Cellar/gcc/13.2.0/bin/../lib/gcc/current/gcc/aarch64-apple-darwin23/13/finclude]
  ignore line: [ /opt/homebrew/Cellar/gcc/13.2.0/bin/../lib/gcc/current/gcc/aarch64-apple-darwin23/13/include]
  ignore line: [ /opt/homebrew/Cellar/gcc/13.2.0/bin/../lib/gcc/current/gcc/aarch64-apple-darwin23/13/include-fixed]
  ignore line: [ /Applications/Xcode.app/Contents/Developer/Platforms/MacOSX.platform/Developer/SDKs/MacOSX14.0.sdk/usr/include]
  ignore line: [End of search list.]
  ignore line: [COLLECT_GCC_OPTIONS='-isysroot' '/Applications/Xcode.app/Contents/Developer/Platforms/MacOSX.platform/Developer/SDKs/MacOSX14.0.sdk' '-v' '-c' '-o' 'CMakeFiles/cmTC_6bf54.dir/CMakeFortranCompilerABI.F90.o' '-mmacosx-version-min=14.0.0'  '-nodefaultexport' '-mlittle-endian' '-mabi=lp64' '-dumpdir' 'CMakeFiles/cmTC_6bf54.dir/']
  ignore line: [ as -arch arm64 -v -mmacosx-version-min=14.0 -o CMakeFiles/cmTC_6bf54.dir/CMakeFortranCompilerABI.F90.o /var/folders/1c/n28hs3nn1595rcrvhk8k2tf00000gn/T//ccxIPakn.s]
  ignore line: [Apple clang version 15.0.0 (clang-1500.0.40.1)]
  ignore line: [Target: arm64-apple-darwin23.1.0]
  ignore line: [Thread model: posix]
  ignore line: [InstalledDir: /Applications/Xcode.app/Contents/Developer/Toolchains/XcodeDefault.xctoolchain/usr/bin]
  ignore line: [ "/Applications/Xcode.app/Contents/Developer/Toolchains/XcodeDefault.xctoolchain/usr/bin/clang" -cc1as -triple arm64-apple-macosx14.0.0 -filetype obj -main-file-name ccxIPakn.s -target-cpu apple-m1 -target-feature +v8.5a -target-feature +crc -target-feature +lse -target-feature +rdm -target-feature +crypto -target-feature +dotprod -target-feature +fp-armv8 -target-feature +neon -target-feature +fp16fml -target-feature +ras -target-feature +rcpc -target-feature +zcm -target-feature +zcz -target-feature +fullfp16 -target-feature +sm4 -target-feature +sha3 -target-feature +sha2 -target-feature +aes -fdebug-compilation-dir=/Users/schun/nektar/build/CMakeFiles/CMakeTmp -dwarf-debug-producer "Apple clang version 15.0.0 (clang-1500.0.40.1)" -dwarf-version=4 -mrelocation-model pic --mrelax-relocations -mllvm -disable-aligned-alloc-awareness=1 -o CMakeFiles/cmTC_6bf54.dir/CMakeFortranCompilerABI.F90.o /var/folders/1c/n28hs3nn1595rcrvhk8k2tf00000gn/T//ccxIPakn.s]
  ignore line: [COMPILER_PATH=/opt/homebrew/Cellar/gcc/13.2.0/bin/../libexec/gcc/aarch64-apple-darwin23/13/:/opt/homebrew/Cellar/gcc/13.2.0/bin/../libexec/gcc/]
  ignore line: [LIBRARY_PATH=/opt/homebrew/Cellar/gcc/13.2.0/bin/../lib/gcc/current/gcc/aarch64-apple-darwin23/13/:/opt/homebrew/Cellar/gcc/13.2.0/bin/../lib/gcc/current/gcc/:/opt/homebrew/Cellar/gcc/13.2.0/bin/../lib/gcc/current/gcc/aarch64-apple-darwin23/13/../../../]
  ignore line: [COLLECT_GCC_OPTIONS='-isysroot' '/Applications/Xcode.app/Contents/Developer/Platforms/MacOSX.platform/Developer/SDKs/MacOSX14.0.sdk' '-v' '-c' '-o' 'CMakeFiles/cmTC_6bf54.dir/CMakeFortranCompilerABI.F90.o' '-mmacosx-version-min=14.0.0'  '-nodefaultexport' '-mlittle-endian' '-mabi=lp64' '-dumpdir' 'CMakeFiles/cmTC_6bf54.dir/CMakeFortranCompilerABI.F90.']
  ignore line: [Linking Fortran executable cmTC_6bf54]
  ignore line: [/opt/local/bin/cmake -E cmake_link_script CMakeFiles/cmTC_6bf54.dir/link.txt --verbose=1]
  ignore line: [/opt/homebrew/bin/gfortran  -v -Wl -v  -isysroot /Applications/Xcode.app/Contents/Developer/Platforms/MacOSX.platform/Developer/SDKs/MacOSX14.0.sdk CMakeFiles/cmTC_6bf54.dir/CMakeFortranCompilerABI.F90.o -o cmTC_6bf54 ]
  ignore line: [Driving: /opt/homebrew/bin/gfortran -v -Wl -v -isysroot /Applications/Xcode.app/Contents/Developer/Platforms/MacOSX.platform/Developer/SDKs/MacOSX14.0.sdk CMakeFiles/cmTC_6bf54.dir/CMakeFortranCompilerABI.F90.o -o cmTC_6bf54 -mmacosx-version-min=14.0.0 -asm_macosx_version_min=14.0 -nodefaultexport -l gfortran]
  ignore line: [Using built-in specs.]
  ignore line: [COLLECT_GCC=/opt/homebrew/bin/gfortran]
  ignore line: [COLLECT_LTO_WRAPPER=/opt/homebrew/Cellar/gcc/13.2.0/bin/../libexec/gcc/aarch64-apple-darwin23/13/lto-wrapper]
  ignore line: [Target: aarch64-apple-darwin23]
  ignore line: [Configured with: ../configure --prefix=/opt/homebrew/opt/gcc --libdir=/opt/homebrew/opt/gcc/lib/gcc/current --disable-nls --enable-checking=release --with-gcc-major-version-only --enable-languages=c,c++,objc,obj-c++,fortran --program-suffix=-13 --with-gmp=/opt/homebrew/opt/gmp --with-mpfr=/opt/homebrew/opt/mpfr --with-mpc=/opt/homebrew/opt/libmpc --with-isl=/opt/homebrew/opt/isl --with-zstd=/opt/homebrew/opt/zstd --with-pkgversion='Homebrew GCC 13.2.0' --with-bugurl=https://github.com/Homebrew/homebrew-core/issues --with-system-zlib --build=aarch64-apple-darwin23 --with-sysroot=/Library/Developer/CommandLineTools/SDKs/MacOSX14.sdk --with-ld=/Library/Developer/CommandLineTools/usr/bin/ld-classic]
  ignore line: [Thread model: posix]
  ignore line: [Supported LTO compression algorithms: zlib zstd]
  ignore line: [gcc version 13.2.0 (Homebrew GCC 13.2.0) ]
  ignore line: [Reading specs from /opt/homebrew/Cellar/gcc/13.2.0/bin/../lib/gcc/current/gcc/aarch64-apple-darwin23/13/../../../libgfortran.spec]
  ignore line: [rename spec lib to liborig]
  ignore line: [COLLECT_GCC_OPTIONS='-v' '-isysroot' '/Applications/Xcode.app/Contents/Developer/Platforms/MacOSX.platform/Developer/SDKs/MacOSX14.0.sdk' '-o' 'cmTC_6bf54' '-mmacosx-version-min=14.0.0' '-asm_macosx_version_min=14.0' '-nodefaultexport' '-mlittle-endian' '-mabi=lp64' '-dumpdir' 'cmTC_6bf54-']
  ignore line: [COMPILER_PATH=/opt/homebrew/Cellar/gcc/13.2.0/bin/../libexec/gcc/aarch64-apple-darwin23/13/:/opt/homebrew/Cellar/gcc/13.2.0/bin/../libexec/gcc/]
  ignore line: [LIBRARY_PATH=/opt/homebrew/Cellar/gcc/13.2.0/bin/../lib/gcc/current/gcc/aarch64-apple-darwin23/13/:/opt/homebrew/Cellar/gcc/13.2.0/bin/../lib/gcc/current/gcc/:/opt/homebrew/Cellar/gcc/13.2.0/bin/../lib/gcc/current/gcc/aarch64-apple-darwin23/13/../../../]
  ignore line: [COLLECT_GCC_OPTIONS='-v' '-isysroot' '/Applications/Xcode.app/Contents/Developer/Platforms/MacOSX.platform/Developer/SDKs/MacOSX14.0.sdk' '-o' 'cmTC_6bf54' '-mmacosx-version-min=14.0.0' '-asm_macosx_version_min=14.0' '-nodefaultexport' '-mlittle-endian' '-mabi=lp64' '-dumpdir' 'cmTC_6bf54.']
  link line: [ /opt/homebrew/Cellar/gcc/13.2.0/bin/../libexec/gcc/aarch64-apple-darwin23/13/collect2 -dynamic -arch arm64 -syslibroot /Applications/Xcode.app/Contents/Developer/Platforms/MacOSX.platform/Developer/SDKs/MacOSX14.0.sdk -platform_version macos 14.0.0 0.0 -o cmTC_6bf54 -L/opt/homebrew/Cellar/gcc/13.2.0/bin/../lib/gcc/current/gcc/aarch64-apple-darwin23/13 -L/opt/homebrew/Cellar/gcc/13.2.0/bin/../lib/gcc/current/gcc -L/opt/homebrew/Cellar/gcc/13.2.0/bin/../lib/gcc/current/gcc/aarch64-apple-darwin23/13/../../.. -v CMakeFiles/cmTC_6bf54.dir/CMakeFortranCompilerABI.F90.o -lgfortran -lemutls_w -lgcc -lquadmath -lemutls_w -lgcc -lSystem -lgcc -no_compact_unwind -rpath @loader_path -rpath /opt/homebrew/Cellar/gcc/13.2.0/lib/gcc/current/gcc/aarch64-apple-darwin23/13 -rpath /opt/homebrew/Cellar/gcc/13.2.0/lib/gcc/current/gcc -rpath /opt/homebrew/Cellar/gcc/13.2.0/lib/gcc/current]
    arg [/opt/homebrew/Cellar/gcc/13.2.0/bin/../libexec/gcc/aarch64-apple-darwin23/13/collect2] ==> ignore
    arg [-dynamic] ==> ignore
    arg [-arch] ==> ignore
    arg [arm64] ==> ignore
    arg [-syslibroot] ==> ignore
    arg [/Applications/Xcode.app/Contents/Developer/Platforms/MacOSX.platform/Developer/SDKs/MacOSX14.0.sdk] ==> ignore
    arg [-platform_version] ==> ignore
    arg [macos] ==> ignore
    arg [14.0.0] ==> ignore
    arg [0.0] ==> ignore
    arg [-o] ==> ignore
    arg [cmTC_6bf54] ==> ignore
    arg [-L/opt/homebrew/Cellar/gcc/13.2.0/bin/../lib/gcc/current/gcc/aarch64-apple-darwin23/13] ==> dir [/opt/homebrew/Cellar/gcc/13.2.0/bin/../lib/gcc/current/gcc/aarch64-apple-darwin23/13]
    arg [-L/opt/homebrew/Cellar/gcc/13.2.0/bin/../lib/gcc/current/gcc] ==> dir [/opt/homebrew/Cellar/gcc/13.2.0/bin/../lib/gcc/current/gcc]
    arg [-L/opt/homebrew/Cellar/gcc/13.2.0/bin/../lib/gcc/current/gcc/aarch64-apple-darwin23/13/../../..] ==> dir [/opt/homebrew/Cellar/gcc/13.2.0/bin/../lib/gcc/current/gcc/aarch64-apple-darwin23/13/../../..]
    arg [-v] ==> ignore
    arg [CMakeFiles/cmTC_6bf54.dir/CMakeFortranCompilerABI.F90.o] ==> ignore
    arg [-lgfortran] ==> lib [gfortran]
    arg [-lemutls_w] ==> lib [emutls_w]
    arg [-lgcc] ==> lib [gcc]
    arg [-lquadmath] ==> lib [quadmath]
    arg [-lemutls_w] ==> lib [emutls_w]
    arg [-lgcc] ==> lib [gcc]
    arg [-lSystem] ==> lib [System]
    arg [-lgcc] ==> lib [gcc]
    arg [-no_compact_unwind] ==> ignore
    arg [-rpath] ==> ignore
    arg [@loader_path] ==> ignore
    arg [-rpath] ==> ignore
    arg [/opt/homebrew/Cellar/gcc/13.2.0/lib/gcc/current/gcc/aarch64-apple-darwin23/13] ==> ignore
    arg [-rpath] ==> ignore
    arg [/opt/homebrew/Cellar/gcc/13.2.0/lib/gcc/current/gcc] ==> ignore
    arg [-rpath] ==> ignore
    arg [/opt/homebrew/Cellar/gcc/13.2.0/lib/gcc/current] ==> ignore
  Library search paths: [;/opt/homebrew/Cellar/gcc/13.2.0/lib/gcc/current/gcc/aarch64-apple-darwin23/13;/opt/homebrew/Cellar/gcc/13.2.0/lib/gcc/current/gcc;/opt/homebrew/Cellar/gcc/13.2.0/lib/gcc/current;/Applications/Xcode.app/Contents/Developer/Platforms/MacOSX.platform/Developer/SDKs/MacOSX14.0.sdk/usr/lib]
  Framework search paths: [;/Applications/Xcode.app/Contents/Developer/Platforms/MacOSX.platform/Developer/SDKs/MacOSX14.0.sdk/System/Library/Frameworks/]
  remove lib [System]
  collapse library dir [/opt/homebrew/Cellar/gcc/13.2.0/bin/../lib/gcc/current/gcc/aarch64-apple-darwin23/13] ==> [/opt/homebrew/Cellar/gcc/13.2.0/lib/gcc/current/gcc/aarch64-apple-darwin23/13]
  collapse library dir [/opt/homebrew/Cellar/gcc/13.2.0/bin/../lib/gcc/current/gcc] ==> [/opt/homebrew/Cellar/gcc/13.2.0/lib/gcc/current/gcc]
  collapse library dir [/opt/homebrew/Cellar/gcc/13.2.0/bin/../lib/gcc/current/gcc/aarch64-apple-darwin23/13/../../..] ==> [/opt/homebrew/Cellar/gcc/13.2.0/lib/gcc/current]
  collapse library dir [/opt/homebrew/Cellar/gcc/13.2.0/lib/gcc/current/gcc/aarch64-apple-darwin23/13] ==> [/opt/homebrew/Cellar/gcc/13.2.0/lib/gcc/current/gcc/aarch64-apple-darwin23/13]
  collapse library dir [/opt/homebrew/Cellar/gcc/13.2.0/lib/gcc/current/gcc] ==> [/opt/homebrew/Cellar/gcc/13.2.0/lib/gcc/current/gcc]
  collapse library dir [/opt/homebrew/Cellar/gcc/13.2.0/lib/gcc/current] ==> [/opt/homebrew/Cellar/gcc/13.2.0/lib/gcc/current]
  collapse library dir [/Applications/Xcode.app/Contents/Developer/Platforms/MacOSX.platform/Developer/SDKs/MacOSX14.0.sdk/usr/lib] ==> [/Applications/Xcode.app/Contents/Developer/Platforms/MacOSX.platform/Developer/SDKs/MacOSX14.0.sdk/usr/lib]
  collapse framework dir [/Applications/Xcode.app/Contents/Developer/Platforms/MacOSX.platform/Developer/SDKs/MacOSX14.0.sdk/System/Library/Frameworks/] ==> [/Applications/Xcode.app/Contents/Developer/Platforms/MacOSX.platform/Developer/SDKs/MacOSX14.0.sdk/System/Library/Frameworks]
  implicit libs: [gfortran;emutls_w;gcc;quadmath;emutls_w;gcc;gcc]
  implicit objs: []
  implicit dirs: [/opt/homebrew/Cellar/gcc/13.2.0/lib/gcc/current/gcc/aarch64-apple-darwin23/13;/opt/homebrew/Cellar/gcc/13.2.0/lib/gcc/current/gcc;/opt/homebrew/Cellar/gcc/13.2.0/lib/gcc/current;/Applications/Xcode.app/Contents/Developer/Platforms/MacOSX.platform/Developer/SDKs/MacOSX14.0.sdk/usr/lib]
  implicit fwks: [/Applications/Xcode.app/Contents/Developer/Platforms/MacOSX.platform/Developer/SDKs/MacOSX14.0.sdk/System/Library/Frameworks]


Performing C SOURCE FILE Test CMAKE_HAVE_LIBC_PTHREAD succeeded with the following output:
Change Dir: /Users/schun/nektar/build/CMakeFiles/CMakeTmp

Run Build Command(s):/opt/local/bin/gmake -f Makefile cmTC_0876c/fast && /opt/local/bin/gmake  -f CMakeFiles/cmTC_0876c.dir/build.make CMakeFiles/cmTC_0876c.dir/build
gmake[1]: Entering directory '/Users/schun/nektar/build/CMakeFiles/CMakeTmp'
Building C object CMakeFiles/cmTC_0876c.dir/src.c.o
/Applications/Xcode.app/Contents/Developer/Toolchains/XcodeDefault.xctoolchain/usr/bin/cc -DCMAKE_HAVE_LIBC_PTHREAD  -arch arm64 -isysroot /Applications/Xcode.app/Contents/Developer/Platforms/MacOSX.platform/Developer/SDKs/MacOSX14.0.sdk -MD -MT CMakeFiles/cmTC_0876c.dir/src.c.o -MF CMakeFiles/cmTC_0876c.dir/src.c.o.d -o CMakeFiles/cmTC_0876c.dir/src.c.o -c /Users/schun/nektar/build/CMakeFiles/CMakeTmp/src.c
Linking C executable cmTC_0876c
/opt/local/bin/cmake -E cmake_link_script CMakeFiles/cmTC_0876c.dir/link.txt --verbose=1
/Applications/Xcode.app/Contents/Developer/Toolchains/XcodeDefault.xctoolchain/usr/bin/cc  -arch arm64 -isysroot /Applications/Xcode.app/Contents/Developer/Platforms/MacOSX.platform/Developer/SDKs/MacOSX14.0.sdk -Wl,-search_paths_first -Wl,-headerpad_max_install_names CMakeFiles/cmTC_0876c.dir/src.c.o -o cmTC_0876c 
gmake[1]: Leaving directory '/Users/schun/nektar/build/CMakeFiles/CMakeTmp'


Source file was:
#include <pthread.h>

static void* test_func(void* data)
{
  return data;
}

int main(void)
{
  pthread_t thread;
  pthread_create(&thread, NULL, test_func, NULL);
  pthread_detach(thread);
  pthread_cancel(thread);
  pthread_join(thread, NULL);
  pthread_atfork(NULL, NULL, NULL);
  pthread_exit(NULL);

  return 0;
}

Determining if the Fortran dgemm exists passed with the following output:
Change Dir: /Users/schun/nektar/build/CMakeFiles/CMakeTmp

Run Build Command(s):/opt/local/bin/gmake -f Makefile cmTC_996ae/fast && /opt/local/bin/gmake  -f CMakeFiles/cmTC_996ae.dir/build.make CMakeFiles/cmTC_996ae.dir/build
gmake[1]: Entering directory '/Users/schun/nektar/build/CMakeFiles/CMakeTmp'
Building Fortran object CMakeFiles/cmTC_996ae.dir/testFortranCompiler.f.o
/opt/homebrew/bin/gfortran   -isysroot /Applications/Xcode.app/Contents/Developer/Platforms/MacOSX.platform/Developer/SDKs/MacOSX14.0.sdk -c /Users/schun/nektar/build/CMakeFiles/CMakeTmp/testFortranCompiler.f -o CMakeFiles/cmTC_996ae.dir/testFortranCompiler.f.o
Linking Fortran executable cmTC_996ae
/opt/local/bin/cmake -E cmake_link_script CMakeFiles/cmTC_996ae.dir/link.txt --verbose=1
/opt/homebrew/bin/gfortran  -isysroot /Applications/Xcode.app/Contents/Developer/Platforms/MacOSX.platform/Developer/SDKs/MacOSX14.0.sdk CMakeFiles/cmTC_996ae.dir/testFortranCompiler.f.o -o cmTC_996ae  -Wl,-framework,Accelerate 
gmake[1]: Leaving directory '/Users/schun/nektar/build/CMakeFiles/CMakeTmp'



Determining if the Fortran cheev exists passed with the following output:
Change Dir: /Users/schun/nektar/build/CMakeFiles/CMakeTmp

Run Build Command(s):/opt/local/bin/gmake -f Makefile cmTC_b4c9d/fast && /opt/local/bin/gmake  -f CMakeFiles/cmTC_b4c9d.dir/build.make CMakeFiles/cmTC_b4c9d.dir/build
gmake[1]: Entering directory '/Users/schun/nektar/build/CMakeFiles/CMakeTmp'
Building Fortran object CMakeFiles/cmTC_b4c9d.dir/testFortranCompiler.f.o
/opt/homebrew/bin/gfortran   -isysroot /Applications/Xcode.app/Contents/Developer/Platforms/MacOSX.platform/Developer/SDKs/MacOSX14.0.sdk -c /Users/schun/nektar/build/CMakeFiles/CMakeTmp/testFortranCompiler.f -o CMakeFiles/cmTC_b4c9d.dir/testFortranCompiler.f.o
Linking Fortran executable cmTC_b4c9d
/opt/local/bin/cmake -E cmake_link_script CMakeFiles/cmTC_b4c9d.dir/link.txt --verbose=1
/opt/homebrew/bin/gfortran  -isysroot /Applications/Xcode.app/Contents/Developer/Platforms/MacOSX.platform/Developer/SDKs/MacOSX14.0.sdk CMakeFiles/cmTC_b4c9d.dir/testFortranCompiler.f.o -o cmTC_b4c9d  -Wl,-framework,Accelerate -Wl,-framework,Accelerate 
gmake[1]: Leaving directory '/Users/schun/nektar/build/CMakeFiles/CMakeTmp'



The system is: Darwin - 23.1.0 - arm64
Compiling the C compiler identification source file "CMakeCCompilerId.c" succeeded.
Compiler: /Applications/Xcode.app/Contents/Developer/Toolchains/XcodeDefault.xctoolchain/usr/bin/cc 
Build flags: 
Id flags: -c 

The output was:
0


Compilation of the C compiler identification source "CMakeCCompilerId.c" produced "CMakeCCompilerId.o"

The C compiler identification is AppleClang, found in "/Users/schun/nektar/build/CMakeFiles/3.24.4/CompilerIdC/CMakeCCompilerId.o"

Compiling the CXX compiler identification source file "CMakeCXXCompilerId.cpp" succeeded.
Compiler: /Applications/Xcode.app/Contents/Developer/Toolchains/XcodeDefault.xctoolchain/usr/bin/c++ 
Build flags: 
Id flags: -c 

The output was:
0


Compilation of the CXX compiler identification source "CMakeCXXCompilerId.cpp" produced "CMakeCXXCompilerId.o"

The CXX compiler identification is AppleClang, found in "/Users/schun/nektar/build/CMakeFiles/3.24.4/CompilerIdCXX/CMakeCXXCompilerId.o"

Detecting C compiler ABI info compiled with the following output:
Change Dir: /Users/schun/nektar/build/CMakeFiles/CMakeTmp

Run Build Command(s):/opt/local/bin/gmake -f Makefile cmTC_bb4b6/fast && gmake[1]: Entering directory '/Users/schun/nektar/build/CMakeFiles/CMakeTmp'
/opt/local/bin/gmake  -f CMakeFiles/cmTC_bb4b6.dir/build.make CMakeFiles/cmTC_bb4b6.dir/build
gmake[2]: Entering directory '/Users/schun/nektar/build/CMakeFiles/CMakeTmp'
Building C object CMakeFiles/cmTC_bb4b6.dir/CMakeCCompilerABI.c.o
/Applications/Xcode.app/Contents/Developer/Toolchains/XcodeDefault.xctoolchain/usr/bin/cc   -arch arm64 -isysroot /Applications/Xcode.app/Contents/Developer/Platforms/MacOSX.platform/Developer/SDKs/MacOSX14.0.sdk   -v -Wl,-v -MD -MT CMakeFiles/cmTC_bb4b6.dir/CMakeCCompilerABI.c.o -MF CMakeFiles/cmTC_bb4b6.dir/CMakeCCompilerABI.c.o.d -o CMakeFiles/cmTC_bb4b6.dir/CMakeCCompilerABI.c.o -c /opt/local/share/cmake-3.24/Modules/CMakeCCompilerABI.c
Apple clang version 15.0.0 (clang-1500.0.40.1)
Target: arm64-apple-darwin23.1.0
Thread model: posix
InstalledDir: /Applications/Xcode.app/Contents/Developer/Toolchains/XcodeDefault.xctoolchain/usr/bin
clang: warning: -Wl,-v: 'linker' input unused [-Wunused-command-line-argument]
 "/Applications/Xcode.app/Contents/Developer/Toolchains/XcodeDefault.xctoolchain/usr/bin/clang" -cc1 -triple arm64-apple-macosx14.0.0 -Wundef-prefix=TARGET_OS_ -Wdeprecated-objc-isa-usage -Werror=deprecated-objc-isa-usage -Werror=implicit-function-declaration -emit-obj -mrelax-all --mrelax-relocations -disable-free -clear-ast-before-backend -disable-llvm-verifier -discard-value-names -main-file-name CMakeCCompilerABI.c -mrelocation-model pic -pic-level 2 -mframe-pointer=non-leaf -fno-strict-return -ffp-contract=on -fno-rounding-math -funwind-tables=1 -fobjc-msgsend-selector-stubs -target-sdk-version=14.0 -fvisibility-inlines-hidden-static-local-var -target-cpu apple-m1 -target-feature +v8.5a -target-feature +crc -target-feature +lse -target-feature +rdm -target-feature +crypto -target-feature +dotprod -target-feature +fp-armv8 -target-feature +neon -target-feature +fp16fml -target-feature +ras -target-feature +rcpc -target-feature +zcm -target-feature +zcz -target-feature +fullfp16 -target-feature +sm4 -target-feature +sha3 -target-feature +sha2 -target-feature +aes -target-abi darwinpcs -mllvm -treat-scalable-fixed-error-as-warning -debugger-tuning=lldb -target-linker-version 1015.6 -v -fcoverage-compilation-dir=/Users/schun/nektar/build/CMakeFiles/CMakeTmp -resource-dir /Applications/Xcode.app/Contents/Developer/Toolchains/XcodeDefault.xctoolchain/usr/lib/clang/15.0.0 -dependency-file CMakeFiles/cmTC_bb4b6.dir/CMakeCCompilerABI.c.o.d -skip-unused-modulemap-deps -MT CMakeFiles/cmTC_bb4b6.dir/CMakeCCompilerABI.c.o -sys-header-deps -isysroot /Applications/Xcode.app/Contents/Developer/Platforms/MacOSX.platform/Developer/SDKs/MacOSX14.0.sdk -internal-isystem /Applications/Xcode.app/Contents/Developer/Platforms/MacOSX.platform/Developer/SDKs/MacOSX14.0.sdk/usr/local/include -internal-isystem /Applications/Xcode.app/Contents/Developer/Toolchains/XcodeDefault.xctoolchain/usr/lib/clang/15.0.0/include -internal-externc-isystem /Applications/Xcode.app/Contents/Developer/Platforms/MacOSX.platform/Developer/SDKs/MacOSX14.0.sdk/usr/include -internal-externc-isystem /Applications/Xcode.app/Contents/Developer/Toolchains/XcodeDefault.xctoolchain/usr/include -Wno-reorder-init-list -Wno-implicit-int-float-conversion -Wno-c99-designator -Wno-final-dtor-non-final-class -Wno-extra-semi-stmt -Wno-misleading-indentation -Wno-quoted-include-in-framework-header -Wno-implicit-fallthrough -Wno-enum-enum-conversion -Wno-enum-float-conversion -Wno-elaborated-enum-base -Wno-reserved-identifier -Wno-gnu-folding-constant -fdebug-compilation-dir=/Users/schun/nektar/build/CMakeFiles/CMakeTmp -ferror-limit 19 -stack-protector 1 -fstack-check -mdarwin-stkchk-strong-link -fblocks -fencode-extended-block-signature -fregister-global-dtors-with-atexit -fgnuc-version=4.2.1 -fmax-type-align=16 -fcommon -clang-vendor-feature=+disableNonDependentMemberExprInCurrentInstantiation -fno-odr-hash-protocols -clang-vendor-feature=+enableAggressiveVLAFolding -clang-vendor-feature=+revert09abecef7bbf -clang-vendor-feature=+thisNoAlignAttr -clang-vendor-feature=+thisNoNullAttr -mllvm -disable-aligned-alloc-awareness=1 -D__GCC_HAVE_DWARF2_CFI_ASM=1 -o CMakeFiles/cmTC_bb4b6.dir/CMakeCCompilerABI.c.o -x c /opt/local/share/cmake-3.24/Modules/CMakeCCompilerABI.c
clang -cc1 version 15.0.0 (clang-1500.0.40.1) default target arm64-apple-darwin23.1.0
ignoring nonexistent directory "/Applications/Xcode.app/Contents/Developer/Platforms/MacOSX.platform/Developer/SDKs/MacOSX14.0.sdk/usr/local/include"
ignoring nonexistent directory "/Applications/Xcode.app/Contents/Developer/Platforms/MacOSX.platform/Developer/SDKs/MacOSX14.0.sdk/Library/Frameworks"
#include "..." search starts here:
#include <...> search starts here:
 /Applications/Xcode.app/Contents/Developer/Toolchains/XcodeDefault.xctoolchain/usr/lib/clang/15.0.0/include
 /Applications/Xcode.app/Contents/Developer/Platforms/MacOSX.platform/Developer/SDKs/MacOSX14.0.sdk/usr/include
 /Applications/Xcode.app/Contents/Developer/Toolchains/XcodeDefault.xctoolchain/usr/include
 /Applications/Xcode.app/Contents/Developer/Platforms/MacOSX.platform/Developer/SDKs/MacOSX14.0.sdk/System/Library/Frameworks (framework directory)
End of search list.
Linking C executable cmTC_bb4b6
/opt/local/bin/cmake -E cmake_link_script CMakeFiles/cmTC_bb4b6.dir/link.txt --verbose=1
/Applications/Xcode.app/Contents/Developer/Toolchains/XcodeDefault.xctoolchain/usr/bin/cc  -arch arm64 -isysroot /Applications/Xcode.app/Contents/Developer/Platforms/MacOSX.platform/Developer/SDKs/MacOSX14.0.sdk -Wl,-search_paths_first -Wl,-headerpad_max_install_names  -v -Wl,-v CMakeFiles/cmTC_bb4b6.dir/CMakeCCompilerABI.c.o -o cmTC_bb4b6 
Apple clang version 15.0.0 (clang-1500.0.40.1)
Target: arm64-apple-darwin23.1.0
Thread model: posix
InstalledDir: /Applications/Xcode.app/Contents/Developer/Toolchains/XcodeDefault.xctoolchain/usr/bin
 "/Applications/Xcode.app/Contents/Developer/Toolchains/XcodeDefault.xctoolchain/usr/bin/ld" -demangle -lto_library /Applications/Xcode.app/Contents/Developer/Toolchains/XcodeDefault.xctoolchain/usr/lib/libLTO.dylib -dynamic -arch arm64 -platform_version macos 14.0.0 14.0 -syslibroot /Applications/Xcode.app/Contents/Developer/Platforms/MacOSX.platform/Developer/SDKs/MacOSX14.0.sdk -o cmTC_bb4b6 -search_paths_first -headerpad_max_install_names -v CMakeFiles/cmTC_bb4b6.dir/CMakeCCompilerABI.c.o -lSystem /Applications/Xcode.app/Contents/Developer/Toolchains/XcodeDefault.xctoolchain/usr/lib/clang/15.0.0/lib/darwin/libclang_rt.osx.a
@(#)PROGRAM:ld  PROJECT:dyld-1015.7
BUILD 16:59:34 Oct  1 2023
configured to support archs: armv6 armv7 armv7s arm64 arm64e arm64_32 i386 x86_64 x86_64h armv6m armv7k armv7m armv7em
will use ld-classic for: armv6 armv7 armv7s arm64_32 i386 armv6m armv7k armv7m armv7em
LTO support using: LLVM version 15.0.0 (static support for 29, runtime is 29)
TAPI support using: Apple TAPI version 15.0.0 (tapi-1500.0.12.3)
Library search paths:
Framework search paths:
gmake[2]: Leaving directory '/Users/schun/nektar/build/CMakeFiles/CMakeTmp'
gmake[1]: Leaving directory '/Users/schun/nektar/build/CMakeFiles/CMakeTmp'



Parsed C implicit include dir info from above output: rv=done
  found start of include info
  found start of implicit include info
    add: [/Applications/Xcode.app/Contents/Developer/Toolchains/XcodeDefault.xctoolchain/usr/lib/clang/15.0.0/include]
    add: [/Applications/Xcode.app/Contents/Developer/Platforms/MacOSX.platform/Developer/SDKs/MacOSX14.0.sdk/usr/include]
    add: [/Applications/Xcode.app/Contents/Developer/Toolchains/XcodeDefault.xctoolchain/usr/include]
  end of search list found
  collapse include dir [/Applications/Xcode.app/Contents/Developer/Toolchains/XcodeDefault.xctoolchain/usr/lib/clang/15.0.0/include] ==> [/Applications/Xcode.app/Contents/Developer/Toolchains/XcodeDefault.xctoolchain/usr/lib/clang/15.0.0/include]
  collapse include dir [/Applications/Xcode.app/Contents/Developer/Platforms/MacOSX.platform/Developer/SDKs/MacOSX14.0.sdk/usr/include] ==> [/Applications/Xcode.app/Contents/Developer/Platforms/MacOSX.platform/Developer/SDKs/MacOSX14.0.sdk/usr/include]
  collapse include dir [/Applications/Xcode.app/Contents/Developer/Toolchains/XcodeDefault.xctoolchain/usr/include] ==> [/Applications/Xcode.app/Contents/Developer/Toolchains/XcodeDefault.xctoolchain/usr/include]
  implicit include dirs: [/Applications/Xcode.app/Contents/Developer/Toolchains/XcodeDefault.xctoolchain/usr/lib/clang/15.0.0/include;/Applications/Xcode.app/Contents/Developer/Platforms/MacOSX.platform/Developer/SDKs/MacOSX14.0.sdk/usr/include;/Applications/Xcode.app/Contents/Developer/Toolchains/XcodeDefault.xctoolchain/usr/include]


Parsed C implicit link information from above output:
  link line regex: [^( *|.*[/\])(ld|CMAKE_LINK_STARTFILE-NOTFOUND|([^/\]+-)?ld|collect2)[^/\]*( |$)]
  ignore line: [Change Dir: /Users/schun/nektar/build/CMakeFiles/CMakeTmp]
  ignore line: []
  ignore line: [Run Build Command(s):/opt/local/bin/gmake -f Makefile cmTC_bb4b6/fast && gmake[1]: Entering directory '/Users/schun/nektar/build/CMakeFiles/CMakeTmp']
  ignore line: [/opt/local/bin/gmake  -f CMakeFiles/cmTC_bb4b6.dir/build.make CMakeFiles/cmTC_bb4b6.dir/build]
  ignore line: [gmake[2]: Entering directory '/Users/schun/nektar/build/CMakeFiles/CMakeTmp']
  ignore line: [Building C object CMakeFiles/cmTC_bb4b6.dir/CMakeCCompilerABI.c.o]
  ignore line: [/Applications/Xcode.app/Contents/Developer/Toolchains/XcodeDefault.xctoolchain/usr/bin/cc   -arch arm64 -isysroot /Applications/Xcode.app/Contents/Developer/Platforms/MacOSX.platform/Developer/SDKs/MacOSX14.0.sdk   -v -Wl -v -MD -MT CMakeFiles/cmTC_bb4b6.dir/CMakeCCompilerABI.c.o -MF CMakeFiles/cmTC_bb4b6.dir/CMakeCCompilerABI.c.o.d -o CMakeFiles/cmTC_bb4b6.dir/CMakeCCompilerABI.c.o -c /opt/local/share/cmake-3.24/Modules/CMakeCCompilerABI.c]
  ignore line: [Apple clang version 15.0.0 (clang-1500.0.40.1)]
  ignore line: [Target: arm64-apple-darwin23.1.0]
  ignore line: [Thread model: posix]
  ignore line: [InstalledDir: /Applications/Xcode.app/Contents/Developer/Toolchains/XcodeDefault.xctoolchain/usr/bin]
  ignore line: [clang: warning: -Wl -v: 'linker' input unused [-Wunused-command-line-argument]]
  ignore line: [ "/Applications/Xcode.app/Contents/Developer/Toolchains/XcodeDefault.xctoolchain/usr/bin/clang" -cc1 -triple arm64-apple-macosx14.0.0 -Wundef-prefix=TARGET_OS_ -Wdeprecated-objc-isa-usage -Werror=deprecated-objc-isa-usage -Werror=implicit-function-declaration -emit-obj -mrelax-all --mrelax-relocations -disable-free -clear-ast-before-backend -disable-llvm-verifier -discard-value-names -main-file-name CMakeCCompilerABI.c -mrelocation-model pic -pic-level 2 -mframe-pointer=non-leaf -fno-strict-return -ffp-contract=on -fno-rounding-math -funwind-tables=1 -fobjc-msgsend-selector-stubs -target-sdk-version=14.0 -fvisibility-inlines-hidden-static-local-var -target-cpu apple-m1 -target-feature +v8.5a -target-feature +crc -target-feature +lse -target-feature +rdm -target-feature +crypto -target-feature +dotprod -target-feature +fp-armv8 -target-feature +neon -target-feature +fp16fml -target-feature +ras -target-feature +rcpc -target-feature +zcm -target-feature +zcz -target-feature +fullfp16 -target-feature +sm4 -target-feature +sha3 -target-feature +sha2 -target-feature +aes -target-abi darwinpcs -mllvm -treat-scalable-fixed-error-as-warning -debugger-tuning=lldb -target-linker-version 1015.6 -v -fcoverage-compilation-dir=/Users/schun/nektar/build/CMakeFiles/CMakeTmp -resource-dir /Applications/Xcode.app/Contents/Developer/Toolchains/XcodeDefault.xctoolchain/usr/lib/clang/15.0.0 -dependency-file CMakeFiles/cmTC_bb4b6.dir/CMakeCCompilerABI.c.o.d -skip-unused-modulemap-deps -MT CMakeFiles/cmTC_bb4b6.dir/CMakeCCompilerABI.c.o -sys-header-deps -isysroot /Applications/Xcode.app/Contents/Developer/Platforms/MacOSX.platform/Developer/SDKs/MacOSX14.0.sdk -internal-isystem /Applications/Xcode.app/Contents/Developer/Platforms/MacOSX.platform/Developer/SDKs/MacOSX14.0.sdk/usr/local/include -internal-isystem /Applications/Xcode.app/Contents/Developer/Toolchains/XcodeDefault.xctoolchain/usr/lib/clang/15.0.0/include -internal-externc-isystem /Applications/Xcode.app/Contents/Developer/Platforms/MacOSX.platform/Developer/SDKs/MacOSX14.0.sdk/usr/include -internal-externc-isystem /Applications/Xcode.app/Contents/Developer/Toolchains/XcodeDefault.xctoolchain/usr/include -Wno-reorder-init-list -Wno-implicit-int-float-conversion -Wno-c99-designator -Wno-final-dtor-non-final-class -Wno-extra-semi-stmt -Wno-misleading-indentation -Wno-quoted-include-in-framework-header -Wno-implicit-fallthrough -Wno-enum-enum-conversion -Wno-enum-float-conversion -Wno-elaborated-enum-base -Wno-reserved-identifier -Wno-gnu-folding-constant -fdebug-compilation-dir=/Users/schun/nektar/build/CMakeFiles/CMakeTmp -ferror-limit 19 -stack-protector 1 -fstack-check -mdarwin-stkchk-strong-link -fblocks -fencode-extended-block-signature -fregister-global-dtors-with-atexit -fgnuc-version=4.2.1 -fmax-type-align=16 -fcommon -clang-vendor-feature=+disableNonDependentMemberExprInCurrentInstantiation -fno-odr-hash-protocols -clang-vendor-feature=+enableAggressiveVLAFolding -clang-vendor-feature=+revert09abecef7bbf -clang-vendor-feature=+thisNoAlignAttr -clang-vendor-feature=+thisNoNullAttr -mllvm -disable-aligned-alloc-awareness=1 -D__GCC_HAVE_DWARF2_CFI_ASM=1 -o CMakeFiles/cmTC_bb4b6.dir/CMakeCCompilerABI.c.o -x c /opt/local/share/cmake-3.24/Modules/CMakeCCompilerABI.c]
  ignore line: [clang -cc1 version 15.0.0 (clang-1500.0.40.1) default target arm64-apple-darwin23.1.0]
  ignore line: [ignoring nonexistent directory "/Applications/Xcode.app/Contents/Developer/Platforms/MacOSX.platform/Developer/SDKs/MacOSX14.0.sdk/usr/local/include"]
  ignore line: [ignoring nonexistent directory "/Applications/Xcode.app/Contents/Developer/Platforms/MacOSX.platform/Developer/SDKs/MacOSX14.0.sdk/Library/Frameworks"]
  ignore line: [#include "..." search starts here:]
  ignore line: [#include <...> search starts here:]
  ignore line: [ /Applications/Xcode.app/Contents/Developer/Toolchains/XcodeDefault.xctoolchain/usr/lib/clang/15.0.0/include]
  ignore line: [ /Applications/Xcode.app/Contents/Developer/Platforms/MacOSX.platform/Developer/SDKs/MacOSX14.0.sdk/usr/include]
  ignore line: [ /Applications/Xcode.app/Contents/Developer/Toolchains/XcodeDefault.xctoolchain/usr/include]
  ignore line: [ /Applications/Xcode.app/Contents/Developer/Platforms/MacOSX.platform/Developer/SDKs/MacOSX14.0.sdk/System/Library/Frameworks (framework directory)]
  ignore line: [End of search list.]
  ignore line: [Linking C executable cmTC_bb4b6]
  ignore line: [/opt/local/bin/cmake -E cmake_link_script CMakeFiles/cmTC_bb4b6.dir/link.txt --verbose=1]
  ignore line: [/Applications/Xcode.app/Contents/Developer/Toolchains/XcodeDefault.xctoolchain/usr/bin/cc  -arch arm64 -isysroot /Applications/Xcode.app/Contents/Developer/Platforms/MacOSX.platform/Developer/SDKs/MacOSX14.0.sdk -Wl -search_paths_first -Wl -headerpad_max_install_names  -v -Wl -v CMakeFiles/cmTC_bb4b6.dir/CMakeCCompilerABI.c.o -o cmTC_bb4b6 ]
  ignore line: [Apple clang version 15.0.0 (clang-1500.0.40.1)]
  ignore line: [Target: arm64-apple-darwin23.1.0]
  ignore line: [Thread model: posix]
  ignore line: [InstalledDir: /Applications/Xcode.app/Contents/Developer/Toolchains/XcodeDefault.xctoolchain/usr/bin]
  link line: [ "/Applications/Xcode.app/Contents/Developer/Toolchains/XcodeDefault.xctoolchain/usr/bin/ld" -demangle -lto_library /Applications/Xcode.app/Contents/Developer/Toolchains/XcodeDefault.xctoolchain/usr/lib/libLTO.dylib -dynamic -arch arm64 -platform_version macos 14.0.0 14.0 -syslibroot /Applications/Xcode.app/Contents/Developer/Platforms/MacOSX.platform/Developer/SDKs/MacOSX14.0.sdk -o cmTC_bb4b6 -search_paths_first -headerpad_max_install_names -v CMakeFiles/cmTC_bb4b6.dir/CMakeCCompilerABI.c.o -lSystem /Applications/Xcode.app/Contents/Developer/Toolchains/XcodeDefault.xctoolchain/usr/lib/clang/15.0.0/lib/darwin/libclang_rt.osx.a]
    arg [/Applications/Xcode.app/Contents/Developer/Toolchains/XcodeDefault.xctoolchain/usr/bin/ld] ==> ignore
    arg [-demangle] ==> ignore
    arg [-lto_library] ==> ignore, skip following value
    arg [/Applications/Xcode.app/Contents/Developer/Toolchains/XcodeDefault.xctoolchain/usr/lib/libLTO.dylib] ==> skip value of -lto_library
    arg [-dynamic] ==> ignore
    arg [-arch] ==> ignore
    arg [arm64] ==> ignore
    arg [-platform_version] ==> ignore
    arg [macos] ==> ignore
    arg [14.0.0] ==> ignore
    arg [14.0] ==> ignore
    arg [-syslibroot] ==> ignore
    arg [/Applications/Xcode.app/Contents/Developer/Platforms/MacOSX.platform/Developer/SDKs/MacOSX14.0.sdk] ==> ignore
    arg [-o] ==> ignore
    arg [cmTC_bb4b6] ==> ignore
    arg [-search_paths_first] ==> ignore
    arg [-headerpad_max_install_names] ==> ignore
    arg [-v] ==> ignore
    arg [CMakeFiles/cmTC_bb4b6.dir/CMakeCCompilerABI.c.o] ==> ignore
    arg [-lSystem] ==> lib [System]
    arg [/Applications/Xcode.app/Contents/Developer/Toolchains/XcodeDefault.xctoolchain/usr/lib/clang/15.0.0/lib/darwin/libclang_rt.osx.a] ==> lib [/Applications/Xcode.app/Contents/Developer/Toolchains/XcodeDefault.xctoolchain/usr/lib/clang/15.0.0/lib/darwin/libclang_rt.osx.a]
  remove lib [System]
  remove lib [/Applications/Xcode.app/Contents/Developer/Toolchains/XcodeDefault.xctoolchain/usr/lib/clang/15.0.0/lib/darwin/libclang_rt.osx.a]
  implicit libs: []
  implicit objs: []
  implicit dirs: []
  implicit fwks: []


Detecting CXX compiler ABI info compiled with the following output:
Change Dir: /Users/schun/nektar/build/CMakeFiles/CMakeTmp

Run Build Command(s):/opt/local/bin/gmake -f Makefile cmTC_2488a/fast && gmake[1]: Entering directory '/Users/schun/nektar/build/CMakeFiles/CMakeTmp'
/opt/local/bin/gmake  -f CMakeFiles/cmTC_2488a.dir/build.make CMakeFiles/cmTC_2488a.dir/build
gmake[2]: Entering directory '/Users/schun/nektar/build/CMakeFiles/CMakeTmp'
Building CXX object CMakeFiles/cmTC_2488a.dir/CMakeCXXCompilerABI.cpp.o
/Applications/Xcode.app/Contents/Developer/Toolchains/XcodeDefault.xctoolchain/usr/bin/c++   -arch arm64 -isysroot /Applications/Xcode.app/Contents/Developer/Platforms/MacOSX.platform/Developer/SDKs/MacOSX14.0.sdk   -v -Wl,-v -MD -MT CMakeFiles/cmTC_2488a.dir/CMakeCXXCompilerABI.cpp.o -MF CMakeFiles/cmTC_2488a.dir/CMakeCXXCompilerABI.cpp.o.d -o CMakeFiles/cmTC_2488a.dir/CMakeCXXCompilerABI.cpp.o -c /opt/local/share/cmake-3.24/Modules/CMakeCXXCompilerABI.cpp
Apple clang version 15.0.0 (clang-1500.0.40.1)
Target: arm64-apple-darwin23.1.0
Thread model: posix
InstalledDir: /Applications/Xcode.app/Contents/Developer/Toolchains/XcodeDefault.xctoolchain/usr/bin
clang: warning: -Wl,-v: 'linker' input unused [-Wunused-command-line-argument]
 "/Applications/Xcode.app/Contents/Developer/Toolchains/XcodeDefault.xctoolchain/usr/bin/clang" -cc1 -triple arm64-apple-macosx14.0.0 -Wundef-prefix=TARGET_OS_ -Wdeprecated-objc-isa-usage -Werror=deprecated-objc-isa-usage -Werror=implicit-function-declaration -emit-obj -mrelax-all --mrelax-relocations -disable-free -clear-ast-before-backend -disable-llvm-verifier -discard-value-names -main-file-name CMakeCXXCompilerABI.cpp -mrelocation-model pic -pic-level 2 -mframe-pointer=non-leaf -fno-strict-return -ffp-contract=on -fno-rounding-math -funwind-tables=1 -fobjc-msgsend-selector-stubs -target-sdk-version=14.0 -fvisibility-inlines-hidden-static-local-var -target-cpu apple-m1 -target-feature +v8.5a -target-feature +crc -target-feature +lse -target-feature +rdm -target-feature +crypto -target-feature +dotprod -target-feature +fp-armv8 -target-feature +neon -target-feature +fp16fml -target-feature +ras -target-feature +rcpc -target-feature +zcm -target-feature +zcz -target-feature +fullfp16 -target-feature +sm4 -target-feature +sha3 -target-feature +sha2 -target-feature +aes -target-abi darwinpcs -mllvm -treat-scalable-fixed-error-as-warning -debugger-tuning=lldb -target-linker-version 1015.6 -v -fcoverage-compilation-dir=/Users/schun/nektar/build/CMakeFiles/CMakeTmp -resource-dir /Applications/Xcode.app/Contents/Developer/Toolchains/XcodeDefault.xctoolchain/usr/lib/clang/15.0.0 -dependency-file CMakeFiles/cmTC_2488a.dir/CMakeCXXCompilerABI.cpp.o.d -skip-unused-modulemap-deps -MT CMakeFiles/cmTC_2488a.dir/CMakeCXXCompilerABI.cpp.o -sys-header-deps -isysroot /Applications/Xcode.app/Contents/Developer/Platforms/MacOSX.platform/Developer/SDKs/MacOSX14.0.sdk -internal-isystem /Applications/Xcode.app/Contents/Developer/Platforms/MacOSX.platform/Developer/SDKs/MacOSX14.0.sdk/usr/include/c++/v1 -internal-isystem /Applications/Xcode.app/Contents/Developer/Platforms/MacOSX.platform/Developer/SDKs/MacOSX14.0.sdk/usr/local/include -internal-isystem /Applications/Xcode.app/Contents/Developer/Toolchains/XcodeDefault.xctoolchain/usr/lib/clang/15.0.0/include -internal-externc-isystem /Applications/Xcode.app/Contents/Developer/Platforms/MacOSX.platform/Developer/SDKs/MacOSX14.0.sdk/usr/include -internal-externc-isystem /Applications/Xcode.app/Contents/Developer/Toolchains/XcodeDefault.xctoolchain/usr/include -Wno-reorder-init-list -Wno-implicit-int-float-conversion -Wno-c99-designator -Wno-final-dtor-non-final-class -Wno-extra-semi-stmt -Wno-misleading-indentation -Wno-quoted-include-in-framework-header -Wno-implicit-fallthrough -Wno-enum-enum-conversion -Wno-enum-float-conversion -Wno-elaborated-enum-base -Wno-reserved-identifier -Wno-gnu-folding-constant -fdeprecated-macro -fdebug-compilation-dir=/Users/schun/nektar/build/CMakeFiles/CMakeTmp -ferror-limit 19 -stack-protector 1 -fstack-check -mdarwin-stkchk-strong-link -fblocks -fencode-extended-block-signature -fregister-global-dtors-with-atexit -fgnuc-version=4.2.1 -fno-cxx-modules -fcxx-exceptions -fexceptions -fmax-type-align=16 -fcommon -clang-vendor-feature=+disableNonDependentMemberExprInCurrentInstantiation -fno-odr-hash-protocols -clang-vendor-feature=+enableAggressiveVLAFolding -clang-vendor-feature=+revert09abecef7bbf -clang-vendor-feature=+thisNoAlignAttr -clang-vendor-feature=+thisNoNullAttr -mllvm -disable-aligned-alloc-awareness=1 -D__GCC_HAVE_DWARF2_CFI_ASM=1 -o CMakeFiles/cmTC_2488a.dir/CMakeCXXCompilerABI.cpp.o -x c++ /opt/local/share/cmake-3.24/Modules/CMakeCXXCompilerABI.cpp
clang -cc1 version 15.0.0 (clang-1500.0.40.1) default target arm64-apple-darwin23.1.0
ignoring nonexistent directory "/Applications/Xcode.app/Contents/Developer/Platforms/MacOSX.platform/Developer/SDKs/MacOSX14.0.sdk/usr/local/include"
ignoring nonexistent directory "/Applications/Xcode.app/Contents/Developer/Platforms/MacOSX.platform/Developer/SDKs/MacOSX14.0.sdk/Library/Frameworks"
#include "..." search starts here:
#include <...> search starts here:
 /Applications/Xcode.app/Contents/Developer/Platforms/MacOSX.platform/Developer/SDKs/MacOSX14.0.sdk/usr/include/c++/v1
 /Applications/Xcode.app/Contents/Developer/Toolchains/XcodeDefault.xctoolchain/usr/lib/clang/15.0.0/include
 /Applications/Xcode.app/Contents/Developer/Platforms/MacOSX.platform/Developer/SDKs/MacOSX14.0.sdk/usr/include
 /Applications/Xcode.app/Contents/Developer/Toolchains/XcodeDefault.xctoolchain/usr/include
 /Applications/Xcode.app/Contents/Developer/Platforms/MacOSX.platform/Developer/SDKs/MacOSX14.0.sdk/System/Library/Frameworks (framework directory)
End of search list.
Linking CXX executable cmTC_2488a
/opt/local/bin/cmake -E cmake_link_script CMakeFiles/cmTC_2488a.dir/link.txt --verbose=1
/Applications/Xcode.app/Contents/Developer/Toolchains/XcodeDefault.xctoolchain/usr/bin/c++  -arch arm64 -isysroot /Applications/Xcode.app/Contents/Developer/Platforms/MacOSX.platform/Developer/SDKs/MacOSX14.0.sdk -Wl,-search_paths_first -Wl,-headerpad_max_install_names  -v -Wl,-v CMakeFiles/cmTC_2488a.dir/CMakeCXXCompilerABI.cpp.o -o cmTC_2488a 
Apple clang version 15.0.0 (clang-1500.0.40.1)
Target: arm64-apple-darwin23.1.0
Thread model: posix
InstalledDir: /Applications/Xcode.app/Contents/Developer/Toolchains/XcodeDefault.xctoolchain/usr/bin
 "/Applications/Xcode.app/Contents/Developer/Toolchains/XcodeDefault.xctoolchain/usr/bin/ld" -demangle -lto_library /Applications/Xcode.app/Contents/Developer/Toolchains/XcodeDefault.xctoolchain/usr/lib/libLTO.dylib -dynamic -arch arm64 -platform_version macos 14.0.0 14.0 -syslibroot /Applications/Xcode.app/Contents/Developer/Platforms/MacOSX.platform/Developer/SDKs/MacOSX14.0.sdk -o cmTC_2488a -search_paths_first -headerpad_max_install_names -v CMakeFiles/cmTC_2488a.dir/CMakeCXXCompilerABI.cpp.o -lc++ -lSystem /Applications/Xcode.app/Contents/Developer/Toolchains/XcodeDefault.xctoolchain/usr/lib/clang/15.0.0/lib/darwin/libclang_rt.osx.a
@(#)PROGRAM:ld  PROJECT:dyld-1015.7
BUILD 16:59:34 Oct  1 2023
configured to support archs: armv6 armv7 armv7s arm64 arm64e arm64_32 i386 x86_64 x86_64h armv6m armv7k armv7m armv7em
will use ld-classic for: armv6 armv7 armv7s arm64_32 i386 armv6m armv7k armv7m armv7em
LTO support using: LLVM version 15.0.0 (static support for 29, runtime is 29)
TAPI support using: Apple TAPI version 15.0.0 (tapi-1500.0.12.3)
Library search paths:
Framework search paths:
gmake[2]: Leaving directory '/Users/schun/nektar/build/CMakeFiles/CMakeTmp'
gmake[1]: Leaving directory '/Users/schun/nektar/build/CMakeFiles/CMakeTmp'



Parsed CXX implicit include dir info from above output: rv=done
  found start of include info
  found start of implicit include info
    add: [/Applications/Xcode.app/Contents/Developer/Platforms/MacOSX.platform/Developer/SDKs/MacOSX14.0.sdk/usr/include/c++/v1]
    add: [/Applications/Xcode.app/Contents/Developer/Toolchains/XcodeDefault.xctoolchain/usr/lib/clang/15.0.0/include]
    add: [/Applications/Xcode.app/Contents/Developer/Platforms/MacOSX.platform/Developer/SDKs/MacOSX14.0.sdk/usr/include]
    add: [/Applications/Xcode.app/Contents/Developer/Toolchains/XcodeDefault.xctoolchain/usr/include]
  end of search list found
  collapse include dir [/Applications/Xcode.app/Contents/Developer/Platforms/MacOSX.platform/Developer/SDKs/MacOSX14.0.sdk/usr/include/c++/v1] ==> [/Applications/Xcode.app/Contents/Developer/Platforms/MacOSX.platform/Developer/SDKs/MacOSX14.0.sdk/usr/include/c++/v1]
  collapse include dir [/Applications/Xcode.app/Contents/Developer/Toolchains/XcodeDefault.xctoolchain/usr/lib/clang/15.0.0/include] ==> [/Applications/Xcode.app/Contents/Developer/Toolchains/XcodeDefault.xctoolchain/usr/lib/clang/15.0.0/include]
  collapse include dir [/Applications/Xcode.app/Contents/Developer/Platforms/MacOSX.platform/Developer/SDKs/MacOSX14.0.sdk/usr/include] ==> [/Applications/Xcode.app/Contents/Developer/Platforms/MacOSX.platform/Developer/SDKs/MacOSX14.0.sdk/usr/include]
  collapse include dir [/Applications/Xcode.app/Contents/Developer/Toolchains/XcodeDefault.xctoolchain/usr/include] ==> [/Applications/Xcode.app/Contents/Developer/Toolchains/XcodeDefault.xctoolchain/usr/include]
  implicit include dirs: [/Applications/Xcode.app/Contents/Developer/Platforms/MacOSX.platform/Developer/SDKs/MacOSX14.0.sdk/usr/include/c++/v1;/Applications/Xcode.app/Contents/Developer/Toolchains/XcodeDefault.xctoolchain/usr/lib/clang/15.0.0/include;/Applications/Xcode.app/Contents/Developer/Platforms/MacOSX.platform/Developer/SDKs/MacOSX14.0.sdk/usr/include;/Applications/Xcode.app/Contents/Developer/Toolchains/XcodeDefault.xctoolchain/usr/include]


Parsed CXX implicit link information from above output:
  link line regex: [^( *|.*[/\])(ld|CMAKE_LINK_STARTFILE-NOTFOUND|([^/\]+-)?ld|collect2)[^/\]*( |$)]
  ignore line: [Change Dir: /Users/schun/nektar/build/CMakeFiles/CMakeTmp]
  ignore line: []
  ignore line: [Run Build Command(s):/opt/local/bin/gmake -f Makefile cmTC_2488a/fast && gmake[1]: Entering directory '/Users/schun/nektar/build/CMakeFiles/CMakeTmp']
  ignore line: [/opt/local/bin/gmake  -f CMakeFiles/cmTC_2488a.dir/build.make CMakeFiles/cmTC_2488a.dir/build]
  ignore line: [gmake[2]: Entering directory '/Users/schun/nektar/build/CMakeFiles/CMakeTmp']
  ignore line: [Building CXX object CMakeFiles/cmTC_2488a.dir/CMakeCXXCompilerABI.cpp.o]
  ignore line: [/Applications/Xcode.app/Contents/Developer/Toolchains/XcodeDefault.xctoolchain/usr/bin/c++   -arch arm64 -isysroot /Applications/Xcode.app/Contents/Developer/Platforms/MacOSX.platform/Developer/SDKs/MacOSX14.0.sdk   -v -Wl -v -MD -MT CMakeFiles/cmTC_2488a.dir/CMakeCXXCompilerABI.cpp.o -MF CMakeFiles/cmTC_2488a.dir/CMakeCXXCompilerABI.cpp.o.d -o CMakeFiles/cmTC_2488a.dir/CMakeCXXCompilerABI.cpp.o -c /opt/local/share/cmake-3.24/Modules/CMakeCXXCompilerABI.cpp]
  ignore line: [Apple clang version 15.0.0 (clang-1500.0.40.1)]
  ignore line: [Target: arm64-apple-darwin23.1.0]
  ignore line: [Thread model: posix]
  ignore line: [InstalledDir: /Applications/Xcode.app/Contents/Developer/Toolchains/XcodeDefault.xctoolchain/usr/bin]
  ignore line: [clang: warning: -Wl -v: 'linker' input unused [-Wunused-command-line-argument]]
  ignore line: [ "/Applications/Xcode.app/Contents/Developer/Toolchains/XcodeDefault.xctoolchain/usr/bin/clang" -cc1 -triple arm64-apple-macosx14.0.0 -Wundef-prefix=TARGET_OS_ -Wdeprecated-objc-isa-usage -Werror=deprecated-objc-isa-usage -Werror=implicit-function-declaration -emit-obj -mrelax-all --mrelax-relocations -disable-free -clear-ast-before-backend -disable-llvm-verifier -discard-value-names -main-file-name CMakeCXXCompilerABI.cpp -mrelocation-model pic -pic-level 2 -mframe-pointer=non-leaf -fno-strict-return -ffp-contract=on -fno-rounding-math -funwind-tables=1 -fobjc-msgsend-selector-stubs -target-sdk-version=14.0 -fvisibility-inlines-hidden-static-local-var -target-cpu apple-m1 -target-feature +v8.5a -target-feature +crc -target-feature +lse -target-feature +rdm -target-feature +crypto -target-feature +dotprod -target-feature +fp-armv8 -target-feature +neon -target-feature +fp16fml -target-feature +ras -target-feature +rcpc -target-feature +zcm -target-feature +zcz -target-feature +fullfp16 -target-feature +sm4 -target-feature +sha3 -target-feature +sha2 -target-feature +aes -target-abi darwinpcs -mllvm -treat-scalable-fixed-error-as-warning -debugger-tuning=lldb -target-linker-version 1015.6 -v -fcoverage-compilation-dir=/Users/schun/nektar/build/CMakeFiles/CMakeTmp -resource-dir /Applications/Xcode.app/Contents/Developer/Toolchains/XcodeDefault.xctoolchain/usr/lib/clang/15.0.0 -dependency-file CMakeFiles/cmTC_2488a.dir/CMakeCXXCompilerABI.cpp.o.d -skip-unused-modulemap-deps -MT CMakeFiles/cmTC_2488a.dir/CMakeCXXCompilerABI.cpp.o -sys-header-deps -isysroot /Applications/Xcode.app/Contents/Developer/Platforms/MacOSX.platform/Developer/SDKs/MacOSX14.0.sdk -internal-isystem /Applications/Xcode.app/Contents/Developer/Platforms/MacOSX.platform/Developer/SDKs/MacOSX14.0.sdk/usr/include/c++/v1 -internal-isystem /Applications/Xcode.app/Contents/Developer/Platforms/MacOSX.platform/Developer/SDKs/MacOSX14.0.sdk/usr/local/include -internal-isystem /Applications/Xcode.app/Contents/Developer/Toolchains/XcodeDefault.xctoolchain/usr/lib/clang/15.0.0/include -internal-externc-isystem /Applications/Xcode.app/Contents/Developer/Platforms/MacOSX.platform/Developer/SDKs/MacOSX14.0.sdk/usr/include -internal-externc-isystem /Applications/Xcode.app/Contents/Developer/Toolchains/XcodeDefault.xctoolchain/usr/include -Wno-reorder-init-list -Wno-implicit-int-float-conversion -Wno-c99-designator -Wno-final-dtor-non-final-class -Wno-extra-semi-stmt -Wno-misleading-indentation -Wno-quoted-include-in-framework-header -Wno-implicit-fallthrough -Wno-enum-enum-conversion -Wno-enum-float-conversion -Wno-elaborated-enum-base -Wno-reserved-identifier -Wno-gnu-folding-constant -fdeprecated-macro -fdebug-compilation-dir=/Users/schun/nektar/build/CMakeFiles/CMakeTmp -ferror-limit 19 -stack-protector 1 -fstack-check -mdarwin-stkchk-strong-link -fblocks -fencode-extended-block-signature -fregister-global-dtors-with-atexit -fgnuc-version=4.2.1 -fno-cxx-modules -fcxx-exceptions -fexceptions -fmax-type-align=16 -fcommon -clang-vendor-feature=+disableNonDependentMemberExprInCurrentInstantiation -fno-odr-hash-protocols -clang-vendor-feature=+enableAggressiveVLAFolding -clang-vendor-feature=+revert09abecef7bbf -clang-vendor-feature=+thisNoAlignAttr -clang-vendor-feature=+thisNoNullAttr -mllvm -disable-aligned-alloc-awareness=1 -D__GCC_HAVE_DWARF2_CFI_ASM=1 -o CMakeFiles/cmTC_2488a.dir/CMakeCXXCompilerABI.cpp.o -x c++ /opt/local/share/cmake-3.24/Modules/CMakeCXXCompilerABI.cpp]
  ignore line: [clang -cc1 version 15.0.0 (clang-1500.0.40.1) default target arm64-apple-darwin23.1.0]
  ignore line: [ignoring nonexistent directory "/Applications/Xcode.app/Contents/Developer/Platforms/MacOSX.platform/Developer/SDKs/MacOSX14.0.sdk/usr/local/include"]
  ignore line: [ignoring nonexistent directory "/Applications/Xcode.app/Contents/Developer/Platforms/MacOSX.platform/Developer/SDKs/MacOSX14.0.sdk/Library/Frameworks"]
  ignore line: [#include "..." search starts here:]
  ignore line: [#include <...> search starts here:]
  ignore line: [ /Applications/Xcode.app/Contents/Developer/Platforms/MacOSX.platform/Developer/SDKs/MacOSX14.0.sdk/usr/include/c++/v1]
  ignore line: [ /Applications/Xcode.app/Contents/Developer/Toolchains/XcodeDefault.xctoolchain/usr/lib/clang/15.0.0/include]
  ignore line: [ /Applications/Xcode.app/Contents/Developer/Platforms/MacOSX.platform/Developer/SDKs/MacOSX14.0.sdk/usr/include]
  ignore line: [ /Applications/Xcode.app/Contents/Developer/Toolchains/XcodeDefault.xctoolchain/usr/include]
  ignore line: [ /Applications/Xcode.app/Contents/Developer/Platforms/MacOSX.platform/Developer/SDKs/MacOSX14.0.sdk/System/Library/Frameworks (framework directory)]
  ignore line: [End of search list.]
  ignore line: [Linking CXX executable cmTC_2488a]
  ignore line: [/opt/local/bin/cmake -E cmake_link_script CMakeFiles/cmTC_2488a.dir/link.txt --verbose=1]
  ignore line: [/Applications/Xcode.app/Contents/Developer/Toolchains/XcodeDefault.xctoolchain/usr/bin/c++  -arch arm64 -isysroot /Applications/Xcode.app/Contents/Developer/Platforms/MacOSX.platform/Developer/SDKs/MacOSX14.0.sdk -Wl -search_paths_first -Wl -headerpad_max_install_names  -v -Wl -v CMakeFiles/cmTC_2488a.dir/CMakeCXXCompilerABI.cpp.o -o cmTC_2488a ]
  ignore line: [Apple clang version 15.0.0 (clang-1500.0.40.1)]
  ignore line: [Target: arm64-apple-darwin23.1.0]
  ignore line: [Thread model: posix]
  ignore line: [InstalledDir: /Applications/Xcode.app/Contents/Developer/Toolchains/XcodeDefault.xctoolchain/usr/bin]
  link line: [ "/Applications/Xcode.app/Contents/Developer/Toolchains/XcodeDefault.xctoolchain/usr/bin/ld" -demangle -lto_library /Applications/Xcode.app/Contents/Developer/Toolchains/XcodeDefault.xctoolchain/usr/lib/libLTO.dylib -dynamic -arch arm64 -platform_version macos 14.0.0 14.0 -syslibroot /Applications/Xcode.app/Contents/Developer/Platforms/MacOSX.platform/Developer/SDKs/MacOSX14.0.sdk -o cmTC_2488a -search_paths_first -headerpad_max_install_names -v CMakeFiles/cmTC_2488a.dir/CMakeCXXCompilerABI.cpp.o -lc++ -lSystem /Applications/Xcode.app/Contents/Developer/Toolchains/XcodeDefault.xctoolchain/usr/lib/clang/15.0.0/lib/darwin/libclang_rt.osx.a]
    arg [/Applications/Xcode.app/Contents/Developer/Toolchains/XcodeDefault.xctoolchain/usr/bin/ld] ==> ignore
    arg [-demangle] ==> ignore
    arg [-lto_library] ==> ignore, skip following value
    arg [/Applications/Xcode.app/Contents/Developer/Toolchains/XcodeDefault.xctoolchain/usr/lib/libLTO.dylib] ==> skip value of -lto_library
    arg [-dynamic] ==> ignore
    arg [-arch] ==> ignore
    arg [arm64] ==> ignore
    arg [-platform_version] ==> ignore
    arg [macos] ==> ignore
    arg [14.0.0] ==> ignore
    arg [14.0] ==> ignore
    arg [-syslibroot] ==> ignore
    arg [/Applications/Xcode.app/Contents/Developer/Platforms/MacOSX.platform/Developer/SDKs/MacOSX14.0.sdk] ==> ignore
    arg [-o] ==> ignore
    arg [cmTC_2488a] ==> ignore
    arg [-search_paths_first] ==> ignore
    arg [-headerpad_max_install_names] ==> ignore
    arg [-v] ==> ignore
    arg [CMakeFiles/cmTC_2488a.dir/CMakeCXXCompilerABI.cpp.o] ==> ignore
    arg [-lc++] ==> lib [c++]
    arg [-lSystem] ==> lib [System]
    arg [/Applications/Xcode.app/Contents/Developer/Toolchains/XcodeDefault.xctoolchain/usr/lib/clang/15.0.0/lib/darwin/libclang_rt.osx.a] ==> lib [/Applications/Xcode.app/Contents/Developer/Toolchains/XcodeDefault.xctoolchain/usr/lib/clang/15.0.0/lib/darwin/libclang_rt.osx.a]
  remove lib [System]
  remove lib [/Applications/Xcode.app/Contents/Developer/Toolchains/XcodeDefault.xctoolchain/usr/lib/clang/15.0.0/lib/darwin/libclang_rt.osx.a]
  implicit libs: [c++]
  implicit objs: []
  implicit dirs: []
  implicit fwks: []


Compiling the Fortran compiler identification source file "CMakeFortranCompilerId.F" succeeded.
Compiler: /opt/homebrew/bin/gfortran 
Build flags: 
Id flags: -v 

The output was:
0
Driving: /opt/homebrew/bin/gfortran -v CMakeFortranCompilerId.F -mmacosx-version-min=14.0.0 -asm_macosx_version_min=14.0 -nodefaultexport -l gfortran
Using built-in specs.
COLLECT_GCC=/opt/homebrew/bin/gfortran
COLLECT_LTO_WRAPPER=/opt/homebrew/Cellar/gcc/13.2.0/bin/../libexec/gcc/aarch64-apple-darwin23/13/lto-wrapper
Target: aarch64-apple-darwin23
Configured with: ../configure --prefix=/opt/homebrew/opt/gcc --libdir=/opt/homebrew/opt/gcc/lib/gcc/current --disable-nls --enable-checking=release --with-gcc-major-version-only --enable-languages=c,c++,objc,obj-c++,fortran --program-suffix=-13 --with-gmp=/opt/homebrew/opt/gmp --with-mpfr=/opt/homebrew/opt/mpfr --with-mpc=/opt/homebrew/opt/libmpc --with-isl=/opt/homebrew/opt/isl --with-zstd=/opt/homebrew/opt/zstd --with-pkgversion='Homebrew GCC 13.2.0' --with-bugurl=https://github.com/Homebrew/homebrew-core/issues --with-system-zlib --build=aarch64-apple-darwin23 --with-sysroot=/Library/Developer/CommandLineTools/SDKs/MacOSX14.sdk --with-ld=/Library/Developer/CommandLineTools/usr/bin/ld-classic
Thread model: posix
Supported LTO compression algorithms: zlib zstd
gcc version 13.2.0 (Homebrew GCC 13.2.0) 
COLLECT_GCC_OPTIONS='-v' '-mmacosx-version-min=14.0.0' '-asm_macosx_version_min=14.0' '-nodefaultexport' '-mlittle-endian' '-mabi=lp64' '-dumpdir' 'a-'
 /opt/homebrew/Cellar/gcc/13.2.0/bin/../libexec/gcc/aarch64-apple-darwin23/13/f951 CMakeFortranCompilerId.F -ffixed-form -cpp=/var/folders/1c/n28hs3nn1595rcrvhk8k2tf00000gn/T//cclgmaMl.f90 -quiet -v -iprefix /opt/homebrew/Cellar/gcc/13.2.0/bin/../lib/gcc/current/gcc/aarch64-apple-darwin23/13/ -D__DYNAMIC__ CMakeFortranCompilerId.F -fPIC -quiet -dumpdir a- -dumpbase CMakeFortranCompilerId.F -dumpbase-ext .F -mmacosx-version-min=14.0.0 -mlittle-endian -mabi=lp64 -version -fintrinsic-modules-path /opt/homebrew/Cellar/gcc/13.2.0/bin/../lib/gcc/current/gcc/aarch64-apple-darwin23/13/finclude -o /var/folders/1c/n28hs3nn1595rcrvhk8k2tf00000gn/T//ccw7bqoS.s
GNU Fortran (Homebrew GCC 13.2.0) version 13.2.0 (aarch64-apple-darwin23)
	compiled by GNU C version 13.2.0, GMP version 6.2.1, MPFR version 4.2.0-p12, MPC version 1.3.1, isl version isl-0.26-GMP

warning: GMP header version 6.2.1 differs from library version 6.3.0.
warning: MPFR header version 4.2.0-p12 differs from library version 4.2.1.
GGC heuristics: --param ggc-min-expand=100 --param ggc-min-heapsize=131072
ignoring nonexistent directory "/opt/homebrew/Cellar/gcc/13.2.0/bin/../lib/gcc/current/gcc/aarch64-apple-darwin23/13/../../../../../../aarch64-apple-darwin23/include"
ignoring duplicate directory "/opt/homebrew/Cellar/gcc/13.2.0/bin/../lib/gcc/current/gcc/../../../../lib/gcc/current/gcc/aarch64-apple-darwin23/13/include"
ignoring nonexistent directory "/Library/Developer/CommandLineTools/SDKs/MacOSX14.sdk/usr/local/include"
ignoring duplicate directory "/opt/homebrew/Cellar/gcc/13.2.0/bin/../lib/gcc/current/gcc/../../../../lib/gcc/current/gcc/aarch64-apple-darwin23/13/include-fixed"
ignoring nonexistent directory "/opt/homebrew/Cellar/gcc/13.2.0/bin/../lib/gcc/current/gcc/../../../../lib/gcc/current/gcc/aarch64-apple-darwin23/13/../../../../../../aarch64-apple-darwin23/include"
#include "..." search starts here:
#include <...> search starts here:
 /opt/homebrew/Cellar/gcc/13.2.0/bin/../lib/gcc/current/gcc/aarch64-apple-darwin23/13/finclude
 /opt/homebrew/Cellar/gcc/13.2.0/bin/../lib/gcc/current/gcc/aarch64-apple-darwin23/13/include
 /opt/homebrew/Cellar/gcc/13.2.0/bin/../lib/gcc/current/gcc/aarch64-apple-darwin23/13/include-fixed
 /Library/Developer/CommandLineTools/SDKs/MacOSX14.sdk/usr/include
End of search list.
COLLECT_GCC_OPTIONS='-v' '-mmacosx-version-min=14.0.0'  '-nodefaultexport' '-mlittle-endian' '-mabi=lp64' '-dumpdir' 'a-'
 as -arch arm64 -v -mmacosx-version-min=14.0 -o /var/folders/1c/n28hs3nn1595rcrvhk8k2tf00000gn/T//ccS7eDyy.o /var/folders/1c/n28hs3nn1595rcrvhk8k2tf00000gn/T//ccw7bqoS.s
Apple clang version 15.0.0 (clang-1500.0.40.1)
Target: arm64-apple-darwin23.1.0
Thread model: posix
InstalledDir: /Applications/Xcode.app/Contents/Developer/Toolchains/XcodeDefault.xctoolchain/usr/bin
 "/Applications/Xcode.app/Contents/Developer/Toolchains/XcodeDefault.xctoolchain/usr/bin/clang" -cc1as -triple arm64-apple-macosx14.0.0 -filetype obj -main-file-name ccw7bqoS.s -target-cpu apple-m1 -target-feature +v8.5a -target-feature +crc -target-feature +lse -target-feature +rdm -target-feature +crypto -target-feature +dotprod -target-feature +fp-armv8 -target-feature +neon -target-feature +fp16fml -target-feature +ras -target-feature +rcpc -target-feature +zcm -target-feature +zcz -target-feature +fullfp16 -target-feature +sm4 -target-feature +sha3 -target-feature +sha2 -target-feature +aes -fdebug-compilation-dir=/Users/schun/nektar/build/CMakeFiles/3.24.4/CompilerIdFortran -dwarf-debug-producer "Apple clang version 15.0.0 (clang-1500.0.40.1)" -dwarf-version=4 -mrelocation-model pic --mrelax-relocations -mllvm -disable-aligned-alloc-awareness=1 -o /var/folders/1c/n28hs3nn1595rcrvhk8k2tf00000gn/T//ccS7eDyy.o /var/folders/1c/n28hs3nn1595rcrvhk8k2tf00000gn/T//ccw7bqoS.s
Reading specs from /opt/homebrew/Cellar/gcc/13.2.0/bin/../lib/gcc/current/gcc/aarch64-apple-darwin23/13/../../../libgfortran.spec
rename spec lib to liborig
COLLECT_GCC_OPTIONS='-v' '-mmacosx-version-min=14.0.0'  '-nodefaultexport' '-mlittle-endian' '-mabi=lp64' '-dumpdir' 'a-'
COMPILER_PATH=/opt/homebrew/Cellar/gcc/13.2.0/bin/../libexec/gcc/aarch64-apple-darwin23/13/:/opt/homebrew/Cellar/gcc/13.2.0/bin/../libexec/gcc/
LIBRARY_PATH=/opt/homebrew/Cellar/gcc/13.2.0/bin/../lib/gcc/current/gcc/aarch64-apple-darwin23/13/:/opt/homebrew/Cellar/gcc/13.2.0/bin/../lib/gcc/current/gcc/:/opt/homebrew/Cellar/gcc/13.2.0/bin/../lib/gcc/current/gcc/aarch64-apple-darwin23/13/../../../
COLLECT_GCC_OPTIONS='-v' '-mmacosx-version-min=14.0.0'  '-nodefaultexport' '-mlittle-endian' '-mabi=lp64' '-dumpdir' 'a.'
 /opt/homebrew/Cellar/gcc/13.2.0/bin/../libexec/gcc/aarch64-apple-darwin23/13/collect2 -syslibroot /Library/Developer/CommandLineTools/SDKs/MacOSX14.sdk/ -dynamic -arch arm64 -platform_version macos 14.0.0 0.0 -o a.out -L/opt/homebrew/Cellar/gcc/13.2.0/bin/../lib/gcc/current/gcc/aarch64-apple-darwin23/13 -L/opt/homebrew/Cellar/gcc/13.2.0/bin/../lib/gcc/current/gcc -L/opt/homebrew/Cellar/gcc/13.2.0/bin/../lib/gcc/current/gcc/aarch64-apple-darwin23/13/../../.. /var/folders/1c/n28hs3nn1595rcrvhk8k2tf00000gn/T//ccS7eDyy.o -lgfortran -lemutls_w -lgcc -lquadmath -lemutls_w -lgcc -lSystem -lgcc -no_compact_unwind -rpath @loader_path -rpath /opt/homebrew/Cellar/gcc/13.2.0/lib/gcc/current/gcc/aarch64-apple-darwin23/13 -rpath /opt/homebrew/Cellar/gcc/13.2.0/lib/gcc/current/gcc -rpath /opt/homebrew/Cellar/gcc/13.2.0/lib/gcc/current


Compilation of the Fortran compiler identification source "CMakeFortranCompilerId.F" produced "a.out"

The Fortran compiler identification is GNU, found in "/Users/schun/nektar/build/CMakeFiles/3.24.4/CompilerIdFortran/a.out"

Detecting Fortran compiler ABI info compiled with the following output:
Change Dir: /Users/schun/nektar/build/CMakeFiles/CMakeTmp

Run Build Command(s):/opt/local/bin/gmake -f Makefile cmTC_3900f/fast && gmake[1]: Entering directory '/Users/schun/nektar/build/CMakeFiles/CMakeTmp'
/opt/local/bin/gmake  -f CMakeFiles/cmTC_3900f.dir/build.make CMakeFiles/cmTC_3900f.dir/build
gmake[2]: Entering directory '/Users/schun/nektar/build/CMakeFiles/CMakeTmp'
Building Fortran object CMakeFiles/cmTC_3900f.dir/CMakeFortranCompilerABI.F90.o
/opt/homebrew/bin/gfortran   -isysroot /Applications/Xcode.app/Contents/Developer/Platforms/MacOSX.platform/Developer/SDKs/MacOSX14.0.sdk   -v -Wl,-v -c /opt/local/share/cmake-3.24/Modules/CMakeFortranCompilerABI.F90 -o CMakeFiles/cmTC_3900f.dir/CMakeFortranCompilerABI.F90.o
Using built-in specs.
COLLECT_GCC=/opt/homebrew/bin/gfortran
Target: aarch64-apple-darwin23
Configured with: ../configure --prefix=/opt/homebrew/opt/gcc --libdir=/opt/homebrew/opt/gcc/lib/gcc/current --disable-nls --enable-checking=release --with-gcc-major-version-only --enable-languages=c,c++,objc,obj-c++,fortran --program-suffix=-13 --with-gmp=/opt/homebrew/opt/gmp --with-mpfr=/opt/homebrew/opt/mpfr --with-mpc=/opt/homebrew/opt/libmpc --with-isl=/opt/homebrew/opt/isl --with-zstd=/opt/homebrew/opt/zstd --with-pkgversion='Homebrew GCC 13.2.0' --with-bugurl=https://github.com/Homebrew/homebrew-core/issues --with-system-zlib --build=aarch64-apple-darwin23 --with-sysroot=/Library/Developer/CommandLineTools/SDKs/MacOSX14.sdk --with-ld=/Library/Developer/CommandLineTools/usr/bin/ld-classic
Thread model: posix
Supported LTO compression algorithms: zlib zstd
gcc version 13.2.0 (Homebrew GCC 13.2.0) 
COLLECT_GCC_OPTIONS='-isysroot' '/Applications/Xcode.app/Contents/Developer/Platforms/MacOSX.platform/Developer/SDKs/MacOSX14.0.sdk' '-v' '-c' '-o' 'CMakeFiles/cmTC_3900f.dir/CMakeFortranCompilerABI.F90.o' '-mmacosx-version-min=14.0.0' '-asm_macosx_version_min=14.0' '-nodefaultexport' '-mlittle-endian' '-mabi=lp64' '-dumpdir' 'CMakeFiles/cmTC_3900f.dir/'
 /opt/homebrew/Cellar/gcc/13.2.0/bin/../libexec/gcc/aarch64-apple-darwin23/13/f951 /opt/local/share/cmake-3.24/Modules/CMakeFortranCompilerABI.F90 -cpp=/var/folders/1c/n28hs3nn1595rcrvhk8k2tf00000gn/T//cc1sEdJg.f90 -quiet -v -iprefix /opt/homebrew/Cellar/gcc/13.2.0/bin/../lib/gcc/current/gcc/aarch64-apple-darwin23/13/ -D__DYNAMIC__ -isysroot /Applications/Xcode.app/Contents/Developer/Platforms/MacOSX.platform/Developer/SDKs/MacOSX14.0.sdk /opt/local/share/cmake-3.24/Modules/CMakeFortranCompilerABI.F90 -fPIC -quiet -dumpdir CMakeFiles/cmTC_3900f.dir/ -dumpbase CMakeFortranCompilerABI.F90.F90 -dumpbase-ext .F90 -mmacosx-version-min=14.0.0 -mlittle-endian -mabi=lp64 -version -fintrinsic-modules-path /opt/homebrew/Cellar/gcc/13.2.0/bin/../lib/gcc/current/gcc/aarch64-apple-darwin23/13/finclude -o /var/folders/1c/n28hs3nn1595rcrvhk8k2tf00000gn/T//ccHXrTxH.s
GNU Fortran (Homebrew GCC 13.2.0) version 13.2.0 (aarch64-apple-darwin23)
	compiled by GNU C version 13.2.0, GMP version 6.2.1, MPFR version 4.2.0-p12, MPC version 1.3.1, isl version isl-0.26-GMP

warning: GMP header version 6.2.1 differs from library version 6.3.0.
warning: MPFR header version 4.2.0-p12 differs from library version 4.2.1.
GGC heuristics: --param ggc-min-expand=100 --param ggc-min-heapsize=131072
ignoring nonexistent directory "/opt/homebrew/Cellar/gcc/13.2.0/bin/../lib/gcc/current/gcc/aarch64-apple-darwin23/13/../../../../../../aarch64-apple-darwin23/include"
ignoring duplicate directory "/opt/homebrew/Cellar/gcc/13.2.0/bin/../lib/gcc/current/gcc/../../../../lib/gcc/current/gcc/aarch64-apple-darwin23/13/include"
ignoring nonexistent directory "/Applications/Xcode.app/Contents/Developer/Platforms/MacOSX.platform/Developer/SDKs/MacOSX14.0.sdk/usr/local/include"
ignoring duplicate directory "/opt/homebrew/Cellar/gcc/13.2.0/bin/../lib/gcc/current/gcc/../../../../lib/gcc/current/gcc/aarch64-apple-darwin23/13/include-fixed"
ignoring nonexistent directory "/opt/homebrew/Cellar/gcc/13.2.0/bin/../lib/gcc/current/gcc/../../../../lib/gcc/current/gcc/aarch64-apple-darwin23/13/../../../../../../aarch64-apple-darwin23/include"
#include "..." search starts here:
#include <...> search starts here:
 /opt/homebrew/Cellar/gcc/13.2.0/bin/../lib/gcc/current/gcc/aarch64-apple-darwin23/13/finclude
 /opt/homebrew/Cellar/gcc/13.2.0/bin/../lib/gcc/current/gcc/aarch64-apple-darwin23/13/include
 /opt/homebrew/Cellar/gcc/13.2.0/bin/../lib/gcc/current/gcc/aarch64-apple-darwin23/13/include-fixed
 /Applications/Xcode.app/Contents/Developer/Platforms/MacOSX.platform/Developer/SDKs/MacOSX14.0.sdk/usr/include
End of search list.
COLLECT_GCC_OPTIONS='-isysroot' '/Applications/Xcode.app/Contents/Developer/Platforms/MacOSX.platform/Developer/SDKs/MacOSX14.0.sdk' '-v' '-c' '-o' 'CMakeFiles/cmTC_3900f.dir/CMakeFortranCompilerABI.F90.o' '-mmacosx-version-min=14.0.0'  '-nodefaultexport' '-mlittle-endian' '-mabi=lp64' '-dumpdir' 'CMakeFiles/cmTC_3900f.dir/'
 as -arch arm64 -v -mmacosx-version-min=14.0 -o CMakeFiles/cmTC_3900f.dir/CMakeFortranCompilerABI.F90.o /var/folders/1c/n28hs3nn1595rcrvhk8k2tf00000gn/T//ccHXrTxH.s
Apple clang version 15.0.0 (clang-1500.0.40.1)
Target: arm64-apple-darwin23.1.0
Thread model: posix
InstalledDir: /Applications/Xcode.app/Contents/Developer/Toolchains/XcodeDefault.xctoolchain/usr/bin
 "/Applications/Xcode.app/Contents/Developer/Toolchains/XcodeDefault.xctoolchain/usr/bin/clang" -cc1as -triple arm64-apple-macosx14.0.0 -filetype obj -main-file-name ccHXrTxH.s -target-cpu apple-m1 -target-feature +v8.5a -target-feature +crc -target-feature +lse -target-feature +rdm -target-feature +crypto -target-feature +dotprod -target-feature +fp-armv8 -target-feature +neon -target-feature +fp16fml -target-feature +ras -target-feature +rcpc -target-feature +zcm -target-feature +zcz -target-feature +fullfp16 -target-feature +sm4 -target-feature +sha3 -target-feature +sha2 -target-feature +aes -fdebug-compilation-dir=/Users/schun/nektar/build/CMakeFiles/CMakeTmp -dwarf-debug-producer "Apple clang version 15.0.0 (clang-1500.0.40.1)" -dwarf-version=4 -mrelocation-model pic --mrelax-relocations -mllvm -disable-aligned-alloc-awareness=1 -o CMakeFiles/cmTC_3900f.dir/CMakeFortranCompilerABI.F90.o /var/folders/1c/n28hs3nn1595rcrvhk8k2tf00000gn/T//ccHXrTxH.s
COMPILER_PATH=/opt/homebrew/Cellar/gcc/13.2.0/bin/../libexec/gcc/aarch64-apple-darwin23/13/:/opt/homebrew/Cellar/gcc/13.2.0/bin/../libexec/gcc/
LIBRARY_PATH=/opt/homebrew/Cellar/gcc/13.2.0/bin/../lib/gcc/current/gcc/aarch64-apple-darwin23/13/:/opt/homebrew/Cellar/gcc/13.2.0/bin/../lib/gcc/current/gcc/:/opt/homebrew/Cellar/gcc/13.2.0/bin/../lib/gcc/current/gcc/aarch64-apple-darwin23/13/../../../
COLLECT_GCC_OPTIONS='-isysroot' '/Applications/Xcode.app/Contents/Developer/Platforms/MacOSX.platform/Developer/SDKs/MacOSX14.0.sdk' '-v' '-c' '-o' 'CMakeFiles/cmTC_3900f.dir/CMakeFortranCompilerABI.F90.o' '-mmacosx-version-min=14.0.0'  '-nodefaultexport' '-mlittle-endian' '-mabi=lp64' '-dumpdir' 'CMakeFiles/cmTC_3900f.dir/CMakeFortranCompilerABI.F90.'
Linking Fortran executable cmTC_3900f
/opt/local/bin/cmake -E cmake_link_script CMakeFiles/cmTC_3900f.dir/link.txt --verbose=1
/opt/homebrew/bin/gfortran  -v -Wl,-v  -isysroot /Applications/Xcode.app/Contents/Developer/Platforms/MacOSX.platform/Developer/SDKs/MacOSX14.0.sdk CMakeFiles/cmTC_3900f.dir/CMakeFortranCompilerABI.F90.o -o cmTC_3900f 
Driving: /opt/homebrew/bin/gfortran -v -Wl,-v -isysroot /Applications/Xcode.app/Contents/Developer/Platforms/MacOSX.platform/Developer/SDKs/MacOSX14.0.sdk CMakeFiles/cmTC_3900f.dir/CMakeFortranCompilerABI.F90.o -o cmTC_3900f -mmacosx-version-min=14.0.0 -asm_macosx_version_min=14.0 -nodefaultexport -l gfortran
Using built-in specs.
COLLECT_GCC=/opt/homebrew/bin/gfortran
COLLECT_LTO_WRAPPER=/opt/homebrew/Cellar/gcc/13.2.0/bin/../libexec/gcc/aarch64-apple-darwin23/13/lto-wrapper
Target: aarch64-apple-darwin23
Configured with: ../configure --prefix=/opt/homebrew/opt/gcc --libdir=/opt/homebrew/opt/gcc/lib/gcc/current --disable-nls --enable-checking=release --with-gcc-major-version-only --enable-languages=c,c++,objc,obj-c++,fortran --program-suffix=-13 --with-gmp=/opt/homebrew/opt/gmp --with-mpfr=/opt/homebrew/opt/mpfr --with-mpc=/opt/homebrew/opt/libmpc --with-isl=/opt/homebrew/opt/isl --with-zstd=/opt/homebrew/opt/zstd --with-pkgversion='Homebrew GCC 13.2.0' --with-bugurl=https://github.com/Homebrew/homebrew-core/issues --with-system-zlib --build=aarch64-apple-darwin23 --with-sysroot=/Library/Developer/CommandLineTools/SDKs/MacOSX14.sdk --with-ld=/Library/Developer/CommandLineTools/usr/bin/ld-classic
Thread model: posix
Supported LTO compression algorithms: zlib zstd
gcc version 13.2.0 (Homebrew GCC 13.2.0) 
Reading specs from /opt/homebrew/Cellar/gcc/13.2.0/bin/../lib/gcc/current/gcc/aarch64-apple-darwin23/13/../../../libgfortran.spec
rename spec lib to liborig
COLLECT_GCC_OPTIONS='-v' '-isysroot' '/Applications/Xcode.app/Contents/Developer/Platforms/MacOSX.platform/Developer/SDKs/MacOSX14.0.sdk' '-o' 'cmTC_3900f' '-mmacosx-version-min=14.0.0' '-asm_macosx_version_min=14.0' '-nodefaultexport' '-mlittle-endian' '-mabi=lp64' '-dumpdir' 'cmTC_3900f-'
COMPILER_PATH=/opt/homebrew/Cellar/gcc/13.2.0/bin/../libexec/gcc/aarch64-apple-darwin23/13/:/opt/homebrew/Cellar/gcc/13.2.0/bin/../libexec/gcc/
LIBRARY_PATH=/opt/homebrew/Cellar/gcc/13.2.0/bin/../lib/gcc/current/gcc/aarch64-apple-darwin23/13/:/opt/homebrew/Cellar/gcc/13.2.0/bin/../lib/gcc/current/gcc/:/opt/homebrew/Cellar/gcc/13.2.0/bin/../lib/gcc/current/gcc/aarch64-apple-darwin23/13/../../../
COLLECT_GCC_OPTIONS='-v' '-isysroot' '/Applications/Xcode.app/Contents/Developer/Platforms/MacOSX.platform/Developer/SDKs/MacOSX14.0.sdk' '-o' 'cmTC_3900f' '-mmacosx-version-min=14.0.0' '-asm_macosx_version_min=14.0' '-nodefaultexport' '-mlittle-endian' '-mabi=lp64' '-dumpdir' 'cmTC_3900f.'
 /opt/homebrew/Cellar/gcc/13.2.0/bin/../libexec/gcc/aarch64-apple-darwin23/13/collect2 -dynamic -arch arm64 -syslibroot /Applications/Xcode.app/Contents/Developer/Platforms/MacOSX.platform/Developer/SDKs/MacOSX14.0.sdk -platform_version macos 14.0.0 0.0 -o cmTC_3900f -L/opt/homebrew/Cellar/gcc/13.2.0/bin/../lib/gcc/current/gcc/aarch64-apple-darwin23/13 -L/opt/homebrew/Cellar/gcc/13.2.0/bin/../lib/gcc/current/gcc -L/opt/homebrew/Cellar/gcc/13.2.0/bin/../lib/gcc/current/gcc/aarch64-apple-darwin23/13/../../.. -v CMakeFiles/cmTC_3900f.dir/CMakeFortranCompilerABI.F90.o -lgfortran -lemutls_w -lgcc -lquadmath -lemutls_w -lgcc -lSystem -lgcc -no_compact_unwind -rpath @loader_path -rpath /opt/homebrew/Cellar/gcc/13.2.0/lib/gcc/current/gcc/aarch64-apple-darwin23/13 -rpath /opt/homebrew/Cellar/gcc/13.2.0/lib/gcc/current/gcc -rpath /opt/homebrew/Cellar/gcc/13.2.0/lib/gcc/current
collect2 version 13.2.0
/Library/Developer/CommandLineTools/usr/bin/ld-classic -dynamic -arch arm64 -syslibroot /Applications/Xcode.app/Contents/Developer/Platforms/MacOSX.platform/Developer/SDKs/MacOSX14.0.sdk -platform_version macos 14.0.0 0.0 -o cmTC_3900f -L/opt/homebrew/Cellar/gcc/13.2.0/bin/../lib/gcc/current/gcc/aarch64-apple-darwin23/13 -L/opt/homebrew/Cellar/gcc/13.2.0/bin/../lib/gcc/current/gcc -L/opt/homebrew/Cellar/gcc/13.2.0/bin/../lib/gcc/current/gcc/aarch64-apple-darwin23/13/../../.. -v CMakeFiles/cmTC_3900f.dir/CMakeFortranCompilerABI.F90.o -lgfortran -lemutls_w -lgcc -lquadmath -lemutls_w -lgcc -lSystem -lgcc -no_compact_unwind -rpath @loader_path -rpath /opt/homebrew/Cellar/gcc/13.2.0/lib/gcc/current/gcc/aarch64-apple-darwin23/13 -rpath /opt/homebrew/Cellar/gcc/13.2.0/lib/gcc/current/gcc -rpath /opt/homebrew/Cellar/gcc/13.2.0/lib/gcc/current
@(#)PROGRAM:ld-classic  PROJECT:ld64-907
BUILD 19:12:38 Aug 11 2023
configured to support archs: armv6 armv7 armv7s arm64 arm64e arm64_32 i386 x86_64 x86_64h armv6m armv7k armv7m armv7em
Library search paths:
	/opt/homebrew/Cellar/gcc/13.2.0/lib/gcc/current/gcc/aarch64-apple-darwin23/13
	/opt/homebrew/Cellar/gcc/13.2.0/lib/gcc/current/gcc
	/opt/homebrew/Cellar/gcc/13.2.0/lib/gcc/current
	/Applications/Xcode.app/Contents/Developer/Platforms/MacOSX.platform/Developer/SDKs/MacOSX14.0.sdk/usr/lib
Framework search paths:
	/Applications/Xcode.app/Contents/Developer/Platforms/MacOSX.platform/Developer/SDKs/MacOSX14.0.sdk/System/Library/Frameworks/
gmake[2]: Leaving directory '/Users/schun/nektar/build/CMakeFiles/CMakeTmp'
gmake[1]: Leaving directory '/Users/schun/nektar/build/CMakeFiles/CMakeTmp'



Parsed Fortran implicit include dir info from above output: rv=done
  found start of include info
  found start of implicit include info
    add: [/opt/homebrew/Cellar/gcc/13.2.0/bin/../lib/gcc/current/gcc/aarch64-apple-darwin23/13/finclude]
    add: [/opt/homebrew/Cellar/gcc/13.2.0/bin/../lib/gcc/current/gcc/aarch64-apple-darwin23/13/include]
    add: [/opt/homebrew/Cellar/gcc/13.2.0/bin/../lib/gcc/current/gcc/aarch64-apple-darwin23/13/include-fixed]
    add: [/Applications/Xcode.app/Contents/Developer/Platforms/MacOSX.platform/Developer/SDKs/MacOSX14.0.sdk/usr/include]
  end of search list found
  collapse include dir [/opt/homebrew/Cellar/gcc/13.2.0/bin/../lib/gcc/current/gcc/aarch64-apple-darwin23/13/finclude] ==> [/opt/homebrew/Cellar/gcc/13.2.0/lib/gcc/current/gcc/aarch64-apple-darwin23/13/finclude]
  collapse include dir [/opt/homebrew/Cellar/gcc/13.2.0/bin/../lib/gcc/current/gcc/aarch64-apple-darwin23/13/include] ==> [/opt/homebrew/Cellar/gcc/13.2.0/lib/gcc/current/gcc/aarch64-apple-darwin23/13/include]
  collapse include dir [/opt/homebrew/Cellar/gcc/13.2.0/bin/../lib/gcc/current/gcc/aarch64-apple-darwin23/13/include-fixed] ==> [/opt/homebrew/Cellar/gcc/13.2.0/lib/gcc/current/gcc/aarch64-apple-darwin23/13/include-fixed]
  collapse include dir [/Applications/Xcode.app/Contents/Developer/Platforms/MacOSX.platform/Developer/SDKs/MacOSX14.0.sdk/usr/include] ==> [/Applications/Xcode.app/Contents/Developer/Platforms/MacOSX.platform/Developer/SDKs/MacOSX14.0.sdk/usr/include]
  implicit include dirs: [/opt/homebrew/Cellar/gcc/13.2.0/lib/gcc/current/gcc/aarch64-apple-darwin23/13/finclude;/opt/homebrew/Cellar/gcc/13.2.0/lib/gcc/current/gcc/aarch64-apple-darwin23/13/include;/opt/homebrew/Cellar/gcc/13.2.0/lib/gcc/current/gcc/aarch64-apple-darwin23/13/include-fixed;/Applications/Xcode.app/Contents/Developer/Platforms/MacOSX.platform/Developer/SDKs/MacOSX14.0.sdk/usr/include]


Parsed Fortran implicit link information from above output:
  link line regex: [^( *|.*[/\])(ld|CMAKE_LINK_STARTFILE-NOTFOUND|([^/\]+-)?ld|collect2)[^/\]*( |$)]
  ignore line: [Change Dir: /Users/schun/nektar/build/CMakeFiles/CMakeTmp]
  ignore line: []
  ignore line: [Run Build Command(s):/opt/local/bin/gmake -f Makefile cmTC_3900f/fast && gmake[1]: Entering directory '/Users/schun/nektar/build/CMakeFiles/CMakeTmp']
  ignore line: [/opt/local/bin/gmake  -f CMakeFiles/cmTC_3900f.dir/build.make CMakeFiles/cmTC_3900f.dir/build]
  ignore line: [gmake[2]: Entering directory '/Users/schun/nektar/build/CMakeFiles/CMakeTmp']
  ignore line: [Building Fortran object CMakeFiles/cmTC_3900f.dir/CMakeFortranCompilerABI.F90.o]
  ignore line: [/opt/homebrew/bin/gfortran   -isysroot /Applications/Xcode.app/Contents/Developer/Platforms/MacOSX.platform/Developer/SDKs/MacOSX14.0.sdk   -v -Wl -v -c /opt/local/share/cmake-3.24/Modules/CMakeFortranCompilerABI.F90 -o CMakeFiles/cmTC_3900f.dir/CMakeFortranCompilerABI.F90.o]
  ignore line: [Using built-in specs.]
  ignore line: [COLLECT_GCC=/opt/homebrew/bin/gfortran]
  ignore line: [Target: aarch64-apple-darwin23]
  ignore line: [Configured with: ../configure --prefix=/opt/homebrew/opt/gcc --libdir=/opt/homebrew/opt/gcc/lib/gcc/current --disable-nls --enable-checking=release --with-gcc-major-version-only --enable-languages=c,c++,objc,obj-c++,fortran --program-suffix=-13 --with-gmp=/opt/homebrew/opt/gmp --with-mpfr=/opt/homebrew/opt/mpfr --with-mpc=/opt/homebrew/opt/libmpc --with-isl=/opt/homebrew/opt/isl --with-zstd=/opt/homebrew/opt/zstd --with-pkgversion='Homebrew GCC 13.2.0' --with-bugurl=https://github.com/Homebrew/homebrew-core/issues --with-system-zlib --build=aarch64-apple-darwin23 --with-sysroot=/Library/Developer/CommandLineTools/SDKs/MacOSX14.sdk --with-ld=/Library/Developer/CommandLineTools/usr/bin/ld-classic]
  ignore line: [Thread model: posix]
  ignore line: [Supported LTO compression algorithms: zlib zstd]
  ignore line: [gcc version 13.2.0 (Homebrew GCC 13.2.0) ]
  ignore line: [COLLECT_GCC_OPTIONS='-isysroot' '/Applications/Xcode.app/Contents/Developer/Platforms/MacOSX.platform/Developer/SDKs/MacOSX14.0.sdk' '-v' '-c' '-o' 'CMakeFiles/cmTC_3900f.dir/CMakeFortranCompilerABI.F90.o' '-mmacosx-version-min=14.0.0' '-asm_macosx_version_min=14.0' '-nodefaultexport' '-mlittle-endian' '-mabi=lp64' '-dumpdir' 'CMakeFiles/cmTC_3900f.dir/']
  ignore line: [ /opt/homebrew/Cellar/gcc/13.2.0/bin/../libexec/gcc/aarch64-apple-darwin23/13/f951 /opt/local/share/cmake-3.24/Modules/CMakeFortranCompilerABI.F90 -cpp=/var/folders/1c/n28hs3nn1595rcrvhk8k2tf00000gn/T//cc1sEdJg.f90 -quiet -v -iprefix /opt/homebrew/Cellar/gcc/13.2.0/bin/../lib/gcc/current/gcc/aarch64-apple-darwin23/13/ -D__DYNAMIC__ -isysroot /Applications/Xcode.app/Contents/Developer/Platforms/MacOSX.platform/Developer/SDKs/MacOSX14.0.sdk /opt/local/share/cmake-3.24/Modules/CMakeFortranCompilerABI.F90 -fPIC -quiet -dumpdir CMakeFiles/cmTC_3900f.dir/ -dumpbase CMakeFortranCompilerABI.F90.F90 -dumpbase-ext .F90 -mmacosx-version-min=14.0.0 -mlittle-endian -mabi=lp64 -version -fintrinsic-modules-path /opt/homebrew/Cellar/gcc/13.2.0/bin/../lib/gcc/current/gcc/aarch64-apple-darwin23/13/finclude -o /var/folders/1c/n28hs3nn1595rcrvhk8k2tf00000gn/T//ccHXrTxH.s]
  ignore line: [GNU Fortran (Homebrew GCC 13.2.0) version 13.2.0 (aarch64-apple-darwin23)]
  ignore line: [	compiled by GNU C version 13.2.0  GMP version 6.2.1  MPFR version 4.2.0-p12  MPC version 1.3.1  isl version isl-0.26-GMP]
  ignore line: []
  ignore line: [warning: GMP header version 6.2.1 differs from library version 6.3.0.]
  ignore line: [warning: MPFR header version 4.2.0-p12 differs from library version 4.2.1.]
  ignore line: [GGC heuristics: --param ggc-min-expand=100 --param ggc-min-heapsize=131072]
  ignore line: [ignoring nonexistent directory "/opt/homebrew/Cellar/gcc/13.2.0/bin/../lib/gcc/current/gcc/aarch64-apple-darwin23/13/../../../../../../aarch64-apple-darwin23/include"]
  ignore line: [ignoring duplicate directory "/opt/homebrew/Cellar/gcc/13.2.0/bin/../lib/gcc/current/gcc/../../../../lib/gcc/current/gcc/aarch64-apple-darwin23/13/include"]
  ignore line: [ignoring nonexistent directory "/Applications/Xcode.app/Contents/Developer/Platforms/MacOSX.platform/Developer/SDKs/MacOSX14.0.sdk/usr/local/include"]
  ignore line: [ignoring duplicate directory "/opt/homebrew/Cellar/gcc/13.2.0/bin/../lib/gcc/current/gcc/../../../../lib/gcc/current/gcc/aarch64-apple-darwin23/13/include-fixed"]
  ignore line: [ignoring nonexistent directory "/opt/homebrew/Cellar/gcc/13.2.0/bin/../lib/gcc/current/gcc/../../../../lib/gcc/current/gcc/aarch64-apple-darwin23/13/../../../../../../aarch64-apple-darwin23/include"]
  ignore line: [#include "..." search starts here:]
  ignore line: [#include <...> search starts here:]
  ignore line: [ /opt/homebrew/Cellar/gcc/13.2.0/bin/../lib/gcc/current/gcc/aarch64-apple-darwin23/13/finclude]
  ignore line: [ /opt/homebrew/Cellar/gcc/13.2.0/bin/../lib/gcc/current/gcc/aarch64-apple-darwin23/13/include]
  ignore line: [ /opt/homebrew/Cellar/gcc/13.2.0/bin/../lib/gcc/current/gcc/aarch64-apple-darwin23/13/include-fixed]
  ignore line: [ /Applications/Xcode.app/Contents/Developer/Platforms/MacOSX.platform/Developer/SDKs/MacOSX14.0.sdk/usr/include]
  ignore line: [End of search list.]
  ignore line: [COLLECT_GCC_OPTIONS='-isysroot' '/Applications/Xcode.app/Contents/Developer/Platforms/MacOSX.platform/Developer/SDKs/MacOSX14.0.sdk' '-v' '-c' '-o' 'CMakeFiles/cmTC_3900f.dir/CMakeFortranCompilerABI.F90.o' '-mmacosx-version-min=14.0.0'  '-nodefaultexport' '-mlittle-endian' '-mabi=lp64' '-dumpdir' 'CMakeFiles/cmTC_3900f.dir/']
  ignore line: [ as -arch arm64 -v -mmacosx-version-min=14.0 -o CMakeFiles/cmTC_3900f.dir/CMakeFortranCompilerABI.F90.o /var/folders/1c/n28hs3nn1595rcrvhk8k2tf00000gn/T//ccHXrTxH.s]
  ignore line: [Apple clang version 15.0.0 (clang-1500.0.40.1)]
  ignore line: [Target: arm64-apple-darwin23.1.0]
  ignore line: [Thread model: posix]
  ignore line: [InstalledDir: /Applications/Xcode.app/Contents/Developer/Toolchains/XcodeDefault.xctoolchain/usr/bin]
  ignore line: [ "/Applications/Xcode.app/Contents/Developer/Toolchains/XcodeDefault.xctoolchain/usr/bin/clang" -cc1as -triple arm64-apple-macosx14.0.0 -filetype obj -main-file-name ccHXrTxH.s -target-cpu apple-m1 -target-feature +v8.5a -target-feature +crc -target-feature +lse -target-feature +rdm -target-feature +crypto -target-feature +dotprod -target-feature +fp-armv8 -target-feature +neon -target-feature +fp16fml -target-feature +ras -target-feature +rcpc -target-feature +zcm -target-feature +zcz -target-feature +fullfp16 -target-feature +sm4 -target-feature +sha3 -target-feature +sha2 -target-feature +aes -fdebug-compilation-dir=/Users/schun/nektar/build/CMakeFiles/CMakeTmp -dwarf-debug-producer "Apple clang version 15.0.0 (clang-1500.0.40.1)" -dwarf-version=4 -mrelocation-model pic --mrelax-relocations -mllvm -disable-aligned-alloc-awareness=1 -o CMakeFiles/cmTC_3900f.dir/CMakeFortranCompilerABI.F90.o /var/folders/1c/n28hs3nn1595rcrvhk8k2tf00000gn/T//ccHXrTxH.s]
  ignore line: [COMPILER_PATH=/opt/homebrew/Cellar/gcc/13.2.0/bin/../libexec/gcc/aarch64-apple-darwin23/13/:/opt/homebrew/Cellar/gcc/13.2.0/bin/../libexec/gcc/]
  ignore line: [LIBRARY_PATH=/opt/homebrew/Cellar/gcc/13.2.0/bin/../lib/gcc/current/gcc/aarch64-apple-darwin23/13/:/opt/homebrew/Cellar/gcc/13.2.0/bin/../lib/gcc/current/gcc/:/opt/homebrew/Cellar/gcc/13.2.0/bin/../lib/gcc/current/gcc/aarch64-apple-darwin23/13/../../../]
  ignore line: [COLLECT_GCC_OPTIONS='-isysroot' '/Applications/Xcode.app/Contents/Developer/Platforms/MacOSX.platform/Developer/SDKs/MacOSX14.0.sdk' '-v' '-c' '-o' 'CMakeFiles/cmTC_3900f.dir/CMakeFortranCompilerABI.F90.o' '-mmacosx-version-min=14.0.0'  '-nodefaultexport' '-mlittle-endian' '-mabi=lp64' '-dumpdir' 'CMakeFiles/cmTC_3900f.dir/CMakeFortranCompilerABI.F90.']
  ignore line: [Linking Fortran executable cmTC_3900f]
  ignore line: [/opt/local/bin/cmake -E cmake_link_script CMakeFiles/cmTC_3900f.dir/link.txt --verbose=1]
  ignore line: [/opt/homebrew/bin/gfortran  -v -Wl -v  -isysroot /Applications/Xcode.app/Contents/Developer/Platforms/MacOSX.platform/Developer/SDKs/MacOSX14.0.sdk CMakeFiles/cmTC_3900f.dir/CMakeFortranCompilerABI.F90.o -o cmTC_3900f ]
  ignore line: [Driving: /opt/homebrew/bin/gfortran -v -Wl -v -isysroot /Applications/Xcode.app/Contents/Developer/Platforms/MacOSX.platform/Developer/SDKs/MacOSX14.0.sdk CMakeFiles/cmTC_3900f.dir/CMakeFortranCompilerABI.F90.o -o cmTC_3900f -mmacosx-version-min=14.0.0 -asm_macosx_version_min=14.0 -nodefaultexport -l gfortran]
  ignore line: [Using built-in specs.]
  ignore line: [COLLECT_GCC=/opt/homebrew/bin/gfortran]
  ignore line: [COLLECT_LTO_WRAPPER=/opt/homebrew/Cellar/gcc/13.2.0/bin/../libexec/gcc/aarch64-apple-darwin23/13/lto-wrapper]
  ignore line: [Target: aarch64-apple-darwin23]
  ignore line: [Configured with: ../configure --prefix=/opt/homebrew/opt/gcc --libdir=/opt/homebrew/opt/gcc/lib/gcc/current --disable-nls --enable-checking=release --with-gcc-major-version-only --enable-languages=c,c++,objc,obj-c++,fortran --program-suffix=-13 --with-gmp=/opt/homebrew/opt/gmp --with-mpfr=/opt/homebrew/opt/mpfr --with-mpc=/opt/homebrew/opt/libmpc --with-isl=/opt/homebrew/opt/isl --with-zstd=/opt/homebrew/opt/zstd --with-pkgversion='Homebrew GCC 13.2.0' --with-bugurl=https://github.com/Homebrew/homebrew-core/issues --with-system-zlib --build=aarch64-apple-darwin23 --with-sysroot=/Library/Developer/CommandLineTools/SDKs/MacOSX14.sdk --with-ld=/Library/Developer/CommandLineTools/usr/bin/ld-classic]
  ignore line: [Thread model: posix]
  ignore line: [Supported LTO compression algorithms: zlib zstd]
  ignore line: [gcc version 13.2.0 (Homebrew GCC 13.2.0) ]
  ignore line: [Reading specs from /opt/homebrew/Cellar/gcc/13.2.0/bin/../lib/gcc/current/gcc/aarch64-apple-darwin23/13/../../../libgfortran.spec]
  ignore line: [rename spec lib to liborig]
  ignore line: [COLLECT_GCC_OPTIONS='-v' '-isysroot' '/Applications/Xcode.app/Contents/Developer/Platforms/MacOSX.platform/Developer/SDKs/MacOSX14.0.sdk' '-o' 'cmTC_3900f' '-mmacosx-version-min=14.0.0' '-asm_macosx_version_min=14.0' '-nodefaultexport' '-mlittle-endian' '-mabi=lp64' '-dumpdir' 'cmTC_3900f-']
  ignore line: [COMPILER_PATH=/opt/homebrew/Cellar/gcc/13.2.0/bin/../libexec/gcc/aarch64-apple-darwin23/13/:/opt/homebrew/Cellar/gcc/13.2.0/bin/../libexec/gcc/]
  ignore line: [LIBRARY_PATH=/opt/homebrew/Cellar/gcc/13.2.0/bin/../lib/gcc/current/gcc/aarch64-apple-darwin23/13/:/opt/homebrew/Cellar/gcc/13.2.0/bin/../lib/gcc/current/gcc/:/opt/homebrew/Cellar/gcc/13.2.0/bin/../lib/gcc/current/gcc/aarch64-apple-darwin23/13/../../../]
  ignore line: [COLLECT_GCC_OPTIONS='-v' '-isysroot' '/Applications/Xcode.app/Contents/Developer/Platforms/MacOSX.platform/Developer/SDKs/MacOSX14.0.sdk' '-o' 'cmTC_3900f' '-mmacosx-version-min=14.0.0' '-asm_macosx_version_min=14.0' '-nodefaultexport' '-mlittle-endian' '-mabi=lp64' '-dumpdir' 'cmTC_3900f.']
  link line: [ /opt/homebrew/Cellar/gcc/13.2.0/bin/../libexec/gcc/aarch64-apple-darwin23/13/collect2 -dynamic -arch arm64 -syslibroot /Applications/Xcode.app/Contents/Developer/Platforms/MacOSX.platform/Developer/SDKs/MacOSX14.0.sdk -platform_version macos 14.0.0 0.0 -o cmTC_3900f -L/opt/homebrew/Cellar/gcc/13.2.0/bin/../lib/gcc/current/gcc/aarch64-apple-darwin23/13 -L/opt/homebrew/Cellar/gcc/13.2.0/bin/../lib/gcc/current/gcc -L/opt/homebrew/Cellar/gcc/13.2.0/bin/../lib/gcc/current/gcc/aarch64-apple-darwin23/13/../../.. -v CMakeFiles/cmTC_3900f.dir/CMakeFortranCompilerABI.F90.o -lgfortran -lemutls_w -lgcc -lquadmath -lemutls_w -lgcc -lSystem -lgcc -no_compact_unwind -rpath @loader_path -rpath /opt/homebrew/Cellar/gcc/13.2.0/lib/gcc/current/gcc/aarch64-apple-darwin23/13 -rpath /opt/homebrew/Cellar/gcc/13.2.0/lib/gcc/current/gcc -rpath /opt/homebrew/Cellar/gcc/13.2.0/lib/gcc/current]
    arg [/opt/homebrew/Cellar/gcc/13.2.0/bin/../libexec/gcc/aarch64-apple-darwin23/13/collect2] ==> ignore
    arg [-dynamic] ==> ignore
    arg [-arch] ==> ignore
    arg [arm64] ==> ignore
    arg [-syslibroot] ==> ignore
    arg [/Applications/Xcode.app/Contents/Developer/Platforms/MacOSX.platform/Developer/SDKs/MacOSX14.0.sdk] ==> ignore
    arg [-platform_version] ==> ignore
    arg [macos] ==> ignore
    arg [14.0.0] ==> ignore
    arg [0.0] ==> ignore
    arg [-o] ==> ignore
    arg [cmTC_3900f] ==> ignore
    arg [-L/opt/homebrew/Cellar/gcc/13.2.0/bin/../lib/gcc/current/gcc/aarch64-apple-darwin23/13] ==> dir [/opt/homebrew/Cellar/gcc/13.2.0/bin/../lib/gcc/current/gcc/aarch64-apple-darwin23/13]
    arg [-L/opt/homebrew/Cellar/gcc/13.2.0/bin/../lib/gcc/current/gcc] ==> dir [/opt/homebrew/Cellar/gcc/13.2.0/bin/../lib/gcc/current/gcc]
    arg [-L/opt/homebrew/Cellar/gcc/13.2.0/bin/../lib/gcc/current/gcc/aarch64-apple-darwin23/13/../../..] ==> dir [/opt/homebrew/Cellar/gcc/13.2.0/bin/../lib/gcc/current/gcc/aarch64-apple-darwin23/13/../../..]
    arg [-v] ==> ignore
    arg [CMakeFiles/cmTC_3900f.dir/CMakeFortranCompilerABI.F90.o] ==> ignore
    arg [-lgfortran] ==> lib [gfortran]
    arg [-lemutls_w] ==> lib [emutls_w]
    arg [-lgcc] ==> lib [gcc]
    arg [-lquadmath] ==> lib [quadmath]
    arg [-lemutls_w] ==> lib [emutls_w]
    arg [-lgcc] ==> lib [gcc]
    arg [-lSystem] ==> lib [System]
    arg [-lgcc] ==> lib [gcc]
    arg [-no_compact_unwind] ==> ignore
    arg [-rpath] ==> ignore
    arg [@loader_path] ==> ignore
    arg [-rpath] ==> ignore
    arg [/opt/homebrew/Cellar/gcc/13.2.0/lib/gcc/current/gcc/aarch64-apple-darwin23/13] ==> ignore
    arg [-rpath] ==> ignore
    arg [/opt/homebrew/Cellar/gcc/13.2.0/lib/gcc/current/gcc] ==> ignore
    arg [-rpath] ==> ignore
    arg [/opt/homebrew/Cellar/gcc/13.2.0/lib/gcc/current] ==> ignore
  Library search paths: [;/opt/homebrew/Cellar/gcc/13.2.0/lib/gcc/current/gcc/aarch64-apple-darwin23/13;/opt/homebrew/Cellar/gcc/13.2.0/lib/gcc/current/gcc;/opt/homebrew/Cellar/gcc/13.2.0/lib/gcc/current;/Applications/Xcode.app/Contents/Developer/Platforms/MacOSX.platform/Developer/SDKs/MacOSX14.0.sdk/usr/lib]
  Framework search paths: [;/Applications/Xcode.app/Contents/Developer/Platforms/MacOSX.platform/Developer/SDKs/MacOSX14.0.sdk/System/Library/Frameworks/]
  remove lib [System]
  collapse library dir [/opt/homebrew/Cellar/gcc/13.2.0/bin/../lib/gcc/current/gcc/aarch64-apple-darwin23/13] ==> [/opt/homebrew/Cellar/gcc/13.2.0/lib/gcc/current/gcc/aarch64-apple-darwin23/13]
  collapse library dir [/opt/homebrew/Cellar/gcc/13.2.0/bin/../lib/gcc/current/gcc] ==> [/opt/homebrew/Cellar/gcc/13.2.0/lib/gcc/current/gcc]
  collapse library dir [/opt/homebrew/Cellar/gcc/13.2.0/bin/../lib/gcc/current/gcc/aarch64-apple-darwin23/13/../../..] ==> [/opt/homebrew/Cellar/gcc/13.2.0/lib/gcc/current]
  collapse library dir [/opt/homebrew/Cellar/gcc/13.2.0/lib/gcc/current/gcc/aarch64-apple-darwin23/13] ==> [/opt/homebrew/Cellar/gcc/13.2.0/lib/gcc/current/gcc/aarch64-apple-darwin23/13]
  collapse library dir [/opt/homebrew/Cellar/gcc/13.2.0/lib/gcc/current/gcc] ==> [/opt/homebrew/Cellar/gcc/13.2.0/lib/gcc/current/gcc]
  collapse library dir [/opt/homebrew/Cellar/gcc/13.2.0/lib/gcc/current] ==> [/opt/homebrew/Cellar/gcc/13.2.0/lib/gcc/current]
  collapse library dir [/Applications/Xcode.app/Contents/Developer/Platforms/MacOSX.platform/Developer/SDKs/MacOSX14.0.sdk/usr/lib] ==> [/Applications/Xcode.app/Contents/Developer/Platforms/MacOSX.platform/Developer/SDKs/MacOSX14.0.sdk/usr/lib]
  collapse framework dir [/Applications/Xcode.app/Contents/Developer/Platforms/MacOSX.platform/Developer/SDKs/MacOSX14.0.sdk/System/Library/Frameworks/] ==> [/Applications/Xcode.app/Contents/Developer/Platforms/MacOSX.platform/Developer/SDKs/MacOSX14.0.sdk/System/Library/Frameworks]
  implicit libs: [gfortran;emutls_w;gcc;quadmath;emutls_w;gcc;gcc]
  implicit objs: []
  implicit dirs: [/opt/homebrew/Cellar/gcc/13.2.0/lib/gcc/current/gcc/aarch64-apple-darwin23/13;/opt/homebrew/Cellar/gcc/13.2.0/lib/gcc/current/gcc;/opt/homebrew/Cellar/gcc/13.2.0/lib/gcc/current;/Applications/Xcode.app/Contents/Developer/Platforms/MacOSX.platform/Developer/SDKs/MacOSX14.0.sdk/usr/lib]
  implicit fwks: [/Applications/Xcode.app/Contents/Developer/Platforms/MacOSX.platform/Developer/SDKs/MacOSX14.0.sdk/System/Library/Frameworks]


