Zone start = 0, end = 239, Excite zone = 240, Node zone = 480, intra zone = 1410, extra zone = 480 / nq = 1410
v_InitObject: Node = 930, Myelin = 480, extracell = 0
Max Anistrength_1  = 12.9582, Anistrength_2 = 12.9582, Min Anistrength 1 = 1, Anistrength 2 = 1
Zone start = 0, end = 0, Excite zone = 0, Node zone = 360, intra zone = 1410, extra zone = 360 / nq = 1410
v_InitObject: Node = 1050, Myelin = 360, extracell = 0
Max Anistrength_1  = 12.9582, Anistrength_2 = 12.9582, Min Anistrength 1 = 1, Anistrength 2 = 1
MMFActivation = 1410 /  1410 ( 100 % ) 
Zone start = 0, end = 0, Excite zone = 0, Node zone = 360, intra zone = 1410, extra zone = 360 / nq = 1410
v_InitObject: Node = 1050, Myelin = 360, extracell = 0
Zone start = 0, end = 0, Excite zone = 0, Node zone = 240, intra zone = 1410, extra zone = 240 / nq = 1410
v_InitObject: Node = 1170, Myelin = 240, extracell = 0
Max Anistrength_1  = 12.9582, Anistrength_2 = 12.9582, Min Anistrength 1 = 1, Anistrength 2 = 1
MMFActivation = 1410 /  1410 ( 100 % ) 
Max Anistrength_1  = 12.9582, Anistrength_2 = 12.9582, Min Anistrength 1 = 1, Anistrength 2 = 1
MMFActivation = 1410 /  1410 ( 100 % ) 
MMFActivation = 1410 /  1410 ( 100 % ) 
*** 1st Moving frames are NOT in unit length, Avg mag. = 11.8112 *** 
*** 2nd Moving frames are NOT in unit length, Avg mag. = 11.8112 *** 
*** Moving frames are Orthogonal
*** 1st Moving frames are NOT in unit length, Avg mag. = 10.54 *** 
*** 2nd Moving frames are NOT in unit length, Avg mag. = 10.54 *** 
*** Moving frames are Orthogonal
*** 1st Moving frames are NOT in unit length, Avg mag. = 11.1937 *** 
*** 2nd Moving frames are NOT in unit length, Avg mag. = 11.1937 *** 
*** Moving frames are Orthogonal
*** MF 0 = ( 0 , 11.1937 , 0 ) 
*** MF 1 = ( 11.1937 , 0 , 0 ) 
*** MF 0 = ( 0 , 11.8112 , 0 ) 
*** MF 1 = ( 11.8112 , 0 , 0 ) 
*** MF 0 = ( 0 , 10.54 , 0 ) 
*** MF 1 = ( 10.54 , 0 , 0 ) 
*** MF 2 = ( 0 , 0 , 1 ) 
MMFInitObject is done ===========================
*** 1st Moving frames are NOT in unit length, Avg mag. = 11.1937 *** 
*** 2nd Moving frames are NOT in unit length, Avg mag. = 11.1937 *** 
*** Moving frames are Orthogonal
*** MF 2 = ( 0 , 0 , 1 ) 
MMFInitObject is done ===========================
*** MF 2 = ( 0 , 0 , 1 ) 
MMFInitObject is done ===========================
*** MF 0 = ( 0 , 11.1937 , 0 ) 
*** MF 1 = ( 11.1937 , 0 , 0 ) 
*** MF 2 = ( 0 , 0 , 1 ) 
MMFInitObject is done ===========================
*** 1st Moving frames are in unit length ***
*** 2nd Moving frames are in unit length ***
*** Moving frames are Orthogonal
*** 1st Moving frames are in unit length ***
*** 2nd Moving frames are in unit length ***
*** Moving frames are Orthogonal
*** MF 0 = ( 0.694274 , 0.719711 , 0 ) 
*** MF 1 = ( 0.719711 , 0.694274 , 0 ) 
*** MF 2 = ( 0 , 0 , 1 ) 
*** MF 0 = ( 0.690922 , 0.72293 , 0 ) 
*** MF 1 = ( 0.72293 , 0.690922 , 0 ) 
*** 1st Moving frames are in unit length ***
*** 2nd Moving frames are in unit length ***
*** Moving frames are Orthogonal
*** 1st Moving frames are in unit length ***
*** 2nd Moving frames are in unit length ***
*** Moving frames are Orthogonal
*** MF 2 = ( 0 , 0 , 1 ) 
*** MF 0 = ( 0.725873 , 0.687829 , 0 ) 
*** MF 0 = ( 0.721059 , 0.692874 , 0 ) 
*** MF 1 = ( 0.692874 , 0.721059 , 0 ) 
*** MF 1 = ( 0.687829 , 0.725873 , 0 ) 
*** MF 2 = ( 0 , 0 , 1 ) 
*** MF 2 = ( 0 , 0 , 1 ) 
*** 1st Moving frames are NOT in unit length, Avg mag. = 1.41421 *** 
*** 2nd Moving frames are NOT in unit length, Avg mag. = 1.41421 *** 
*** Moving frames are Orthogonal
*** 1st Moving frames are NOT in unit length, Avg mag. = 1.41421 *** 
*** 2nd Moving frames are NOT in unit length, Avg mag. = 1.41421 *** 
*** Moving frames are Orthogonal
*** MF 0 = ( 0.981852 , 1.01782 , 0 ) 
*** 1st Moving frames are NOT in unit length, Avg mag. = 1.41421 *** 
*** 2nd Moving frames are NOT in unit length, Avg mag. = 1.41421 *** 
*** Moving frames are Orthogonal
*** 1st Moving frames are NOT in unit length, Avg mag. = 1.41421 *** 
*** 2nd Moving frames are NOT in unit length, Avg mag. = 1.41421 *** 
*** Moving frames are Orthogonal
*** MF 0 = ( 0.977111 , 1.02238 , 0 ) 
*** MF 1 = ( 1.02238 , 0.977111 , 0 ) 
*** MF 2 = ( 0 , 0 , 1 ) 
*** MF 1 = ( 1.01782 , 0.981852 , 0 ) 
*** MF 2 = ( 0 , 0 , 1 ) 
*** 1st Moving frames are NOT in unit length, Avg mag. = 1.41421 *** 
*** 2nd Moving frames are NOT in unit length, Avg mag. = 1.41421 *** 
*** Moving frames are Orthogonal
*** 1st Moving frames are NOT in unit length, Avg mag. = 1.41421 *** 
*** 2nd Moving frames are NOT in unit length, Avg mag. = 1.41421 *** 
*** MF 0 = ( 1.01973 , 0.979871 , 0 ) 
*** Moving frames are Orthogonal
*** MF 0 = ( 0.981852 , 1.01782 , 0 ) 
*** MF 1 = ( 1.01782 , 0.981852 , 0 ) 
*** MF 1 = ( 0.979871 , 1.01973 , 0 ) 
*** MF 2 = ( 0 , 0 , 1 ) 
*** MF 0 = ( 1.02654 , 0.972736 , 0 ) 
*** MF 1 = ( 0.972736 , 1.02654 , 0 ) 
*** MF 2 = ( 0 , 0 , 1 ) 
*** 1st Moving frames are NOT in unit length, Avg mag. = 1.41421 *** 
*** 2nd Moving frames are NOT in unit length, Avg mag. = 1.41421 *** 
*** Moving frames are Orthogonal
*** MF 2 = ( 0 , 0 , 1 ) 
*** MF 0 = ( 0.977111 , 1.02238 , 0 ) 
*** MF 1 = ( 1.02238 , 0.977111 , 0 ) 
*** 1st Moving frames are NOT in unit length, Avg mag. = 1.41421 *** 
*** 2nd Moving frames are NOT in unit length, Avg mag. = 1.41421 *** 
*** Moving frames are Orthogonal
*** MF 2 = ( 0 , 0 , 1 ) 
*** MF 0 = ( 1.01973 , 0.979871 , 0 ) 
*** MF 0 = ( 1.02654 , 0.972736 , 0 ) 
*** MF 1 = ( 0.972736 , 1.02654 , 0 ) 
*** MF 1 = ( 0.979871 , 1.01973 , 0 ) 
*** MF 2 = ( 0 , 0 , 1 ) 
*** MF 2 = ( 0 , 0 , 1 ) 
k = 0, m_varcoeff = ( 0 , 11.1937 , 0 , 1.65126e-12 , 144.902 ) 
k = 0, m_varcoeff = ( 0 , 10.54 , 0 , 1.57794e-12 , 136.372 ) 
k = 0, m_varcoeff = ( 0 , 11.1937 , 0 , 1.65573e-12 , 144.902 ) 
k = 0, m_varcoeff = ( 0 , 11.8112 , 0 , 1.67921e-12 , 152.958 ) 
k = 1, m_varcoeff = ( 11.1937 , 0 , 0 , 4.76478e-12 , 144.902 ) 
k = 1, m_varcoeff = ( 10.54 , 0 , 0 , 4.51364e-12 , 136.372 ) 
k = 1, m_varcoeff = ( 11.1937 , 0 , 0 , 4.82088e-12 , 144.902 ) 
k = 1, m_varcoeff = ( 11.8112 , 0 , 0 , 5.09242e-12 , 152.958 ) 
k = 2, m_varcoeff = ( 0 , 0 , 1 , 0 , 1 ) 
 ::::: 2D Varcoeff is Successfully Created ::::: 

k = 2, m_varcoeff = ( 0 , 0 , 1 , 0 , 1 ) 
 ::::: 2D Varcoeff is Successfully Created ::::: 

k = 2, m_varcoeff = ( 0 , 0 , 1 , 0 , 1 ) 
 ::::: 2D Varcoeff is Successfully Created ::::: 

k = 2, m_varcoeff = ( 0 , 0 , 1 , 0 , 1 ) 
 ::::: 2D Varcoeff is Successfully Created ::::: 

k = 0, m_varcoeff = ( 0.981852 , 1.01782 , 0 , 2.55031e-06 , 2 ) 
k = 0, m_varcoeff = ( 0.977111 , 1.02238 , 0 , 1.47244e-07 , 2 ) 
k = 0, m_varcoeff = ( 1.02654 , 0.972736 , 0 , 1.47976e-06 , 2 ) 
k = 0, m_varcoeff = ( 1.01973 , 0.979871 , 0 , 1.80334e-06 , 2 ) 
k = 1, m_varcoeff = ( 1.01782 , 0.981852 , 0 , 7.28662e-06 , 2 ) 
k = 1, m_varcoeff = ( 1.02238 , 0.977111 , 0 , 4.20693e-07 , 2 ) 
k = 1, m_varcoeff = ( 0.979871 , 1.01973 , 0 , 5.15243e-06 , 2 ) 
k = 1, m_varcoeff = ( 0.972736 , 1.02654 , 0 , 4.22792e-06 , 2 ) 
k = 2, m_varcoeff = ( 0 , 0 , 1 , 0 , 1 ) 
 ::::: 2D Varcoeff is Successfully Created ::::: 

k = 2, m_varcoeff = ( 0 , 0 , 1 , 0 , 1 ) 
 ::::: 2D Varcoeff is Successfully Created ::::: 

k = 2, m_varcoeff = ( 0 , 0 , 1 , 0 , 1 ) 
 ::::: 2D Varcoeff is Successfully Created ::::: 

k = 2, m_varcoeff = ( 0 , 0 , 1 , 0 , 1 ) 
 ::::: 2D Varcoeff is Successfully Created ::::: 

=======================================================================
	        EquationType: MMFNeuralEP
	        Session Name: NeuralEP2DmonoDWCL2mpi4
	        Spatial Dim.: 3
	  Max SEM Exp. Order: 5
	      Num. Processes: 4
	      Expansion Dim.: 2
	     Projection Type: Continuous Galerkin
	 Advect. advancement: explicit
	Diffuse. advancement: implicit
	           Time Step: 1e-07
	        No. of Steps: 10000000
	 Checkpoints (steps): 1000000
	    Integration Type: IMEX
	             Surface: Plane
	           DerivType: Euclidean
	              MMFdir: TangentY
	        NeuralEPType: NeuralEP2Dbi
	      ExtCurrentType: WithCurrent
	       GlobalSysSoln: XxtMultiLevelStaticCond
	       TimeMapScheme: DeActivated
	        TimeMapStart: 0
	          TimeMapEnd: 10000
	        Fiber Length: 0.01
	         Node Length: 0.01
	       Myelin Length: 0.2
	               Nnode: 10
	         Temperature: 24
	            diameter: 0.01
	             Helmtau: 1
=======================================================================
Initial Conditions:
  - Field um: 0
  - Field ue: 0
Initial Conditions:
  - Field um: 0
  - Field ue: 0
Writing: "NeuralEP2DmonoDWCL2mpi4_initial.chk"
 (0.000401373s, XML)
Steps: 1000000  Time: 0.1         
Writing: "NeuralEP2DmonoDWCL2mpi4_phie_1.chk"
phi_m, max: -0.002869 at y = 1.798082

phi_e, max: 1682.354621 at y = 2.120000
phi_e, min: 0.000000 at y = 1.690000

phi_m, max: -0.002869 at y = 1.798082

phi_e, max: 1682.354621 at y = 2.120000
phi_e, min: 0.000000 at y = 1.690000 
(Nodeid,phim): ( 0 , -nan ) ( 1 , -nan ) ( 2 , -nan ) ( 3 , -nan ) ( 4 , -nan ) ( 5 , -nan ) ( 6 , -nan ) ( 7 , -nan ) ( 8 , -nan ) ( 9 , -inf )  


 (0.00148577s, XML)

Time: 0.100000
CPU Time: 41.061546 min.
phi_m, max: -0.003007 at y = 0.858825

phi_e, max: 1684.343022 at y = 0.640000
phi_e, min: 0.000000 at y = 0.640000


Time: 0.100000
CPU Time: 41.061546 min.
phi_m, max: -0.003007 at y = 0.858825

phi_e, max: 1684.343022 at y = 0.640000
phi_e, min: 0.000000 at y = 0.640000 
(Nodeid,phim): ( 0 , -nan ) ( 1 , -nan ) ( 2 , -nan ) ( 3 , -nan ) ( 4 , -inf ) ( 5 , -inf ) ( 6 , -nan ) ( 7 , -nan ) ( 8 , -nan ) ( 9 , -nan )  


phi_m, max: -0.002869 at y = 1.591918

phi_e, max: 1682.323040 at y = 1.490000
phi_e, min: 0.000000 at y = 1.098571

phi_m, max: -0.002869 at y = 1.591918

phi_e, max: 1682.323040 at y = 1.490000
phi_e, min: 0.000000 at y = 1.098571 
(Nodeid,phim): ( 0 , -nan ) ( 1 , -nan ) ( 2 , -nan ) ( 3 , -nan ) ( 4 , -nan ) ( 5 , -nan ) ( 6 , -inf ) ( 7 , -inf ) ( 8 , -inf ) ( 9 , -nan )  


phi_m, max: 293.437662 at y = 0.226426

phi_e, max: 1786.395956 at y = 0.436426
phi_e, min: -498.487150 at y = 0.221175

phi_m, max: 293.437662 at y = 0.226426

phi_e, max: 1786.395956 at y = 0.436426
phi_e, min: -498.487150 at y = 0.221175 
(Nodeid,phim): ( 0 , 112.582007 ) ( 1 , 112.582388 ) ( 2 , 114.443316 ) ( 3 , 28.637662 ) ( 4 , 0.000000 ) ( 5 , 0.000000 ) ( 6 , 0.000000 ) ( 7 , 0.000000 ) ( 8 , 0.000000 ) ( 9 , 0.000000 )  


Writing: "NeuralEP2DmonoDWCL2mpi4_1.chk"
 (0.000527459s, XML)
Steps: 2000000  Time: 0.2         
Writing: "NeuralEP2DmonoDWCL2mpi4_phie_2.chk"
phi_m, max: -0.002869 at y = 1.798082

phi_e, max: 1682.354621 at y = 2.120000
phi_e, min: 0.000000 at y = 1.690000 
(Nodeid,phim): ( 0 , -nan ) ( 1 , -nan ) ( 2 , -nan ) ( 3 , -nan ) ( 4 , -nan ) ( 5 , -nan ) ( 6 , -nan ) ( 7 , -nan ) ( 8 , -nan ) ( 9 , -inf )  
phi_m, max: -0.002891 at y = 1.585925

phi_e, max: -0.000000 at y = 1.690000
phi_e, min: -7270.630530 at y = 1.690000

phi_m, max: -0.002869 at y = 1.798082

phi_e, max: 1682.354621 at y = 2.120000
phi_e, min: 0.000000 at y = 1.690000 
(Nodeid,phim): ( 0 , -nan ) ( 1 , -nan ) ( 2 , -nan ) ( 3 , -nan ) ( 4 , -nan ) ( 5 , -nan ) ( 6 , -nan ) ( 7 , -nan ) ( 8 , -nan ) ( 9 , -inf )  
phi_m, max: -0.002891 at y = 1.585925

phi_e, max: -0.000000 at y = 1.690000
phi_e, min: -7270.630530 at y = 1.690000 
(Nodeid,phim): ( 0 , -nan ) ( 1 , -nan ) ( 2 , -nan ) ( 3 , -nan ) ( 4 , -nan ) ( 5 , -nan ) ( 6 , -nan ) ( 7 , -nan ) ( 8 , -nan ) ( 9 , -inf )  


 (0.00138947s, XML)

Time: 0.100000
CPU Time: 41.061546 min.
phi_m, max: -0.003007 at y = 0.858825

phi_e, max: 1684.343022 at y = 0.640000
phi_e, min: 0.000000 at y = 0.640000 
(Nodeid,phim): ( 0 , -nan ) ( 1 , -nan ) ( 2 , -nan ) ( 3 , -nan ) ( 4 , -inf ) ( 5 , -inf ) ( 6 , -nan ) ( 7 , -nan ) ( 8 , -nan ) ( 9 , -nan )  

Time: 0.200000
CPU Time: 41.258923 min.
phi_m, max: 292.094034 at y = 0.641175

phi_e, max: -0.000000 at y = 0.640000
phi_e, min: -8907.037050 at y = 0.640587


Time: 0.100000
CPU Time: 41.061546 min.
phi_m, max: -0.003007 at y = 0.858825

phi_e, max: 1684.343022 at y = 0.640000
phi_e, min: 0.000000 at y = 0.640000 
(Nodeid,phim): ( 0 , -nan ) ( 1 , -nan ) ( 2 , -nan ) ( 3 , -nan ) ( 4 , -inf ) ( 5 , -inf ) ( 6 , -nan ) ( 7 , -nan ) ( 8 , -nan ) ( 9 , -nan )  

Time: 0.200000
CPU Time: 41.258923 min.
phi_m, max: 292.094034 at y = 0.641175

phi_e, max: -0.000000 at y = 0.640000
phi_e, min: -8907.037050 at y = 0.640587 
(Nodeid,phim): ( 0 , -nan ) ( 1 , -nan ) ( 2 , -nan ) ( 3 , -nan ) ( 4 , inf ) ( 5 , inf ) ( 6 , -nan ) ( 7 , -nan ) ( 8 , -nan ) ( 9 , -nan )  


phi_m, max: 293.437662 at y = 0.226426

phi_e, max: 1786.395956 at y = 0.436426
phi_e, min: -498.487150 at y = 0.221175 
(Nodeid,phim): ( 0 , 112.582007 ) ( 1 , 112.582388 ) ( 2 , 114.443316 ) ( 3 , 28.637662 ) ( 4 , 0.000000 ) ( 5 , 0.000000 ) ( 6 , 0.000000 ) ( 7 , 0.000000 ) ( 8 , 0.000000 ) ( 9 , 0.000000 )  
phi_m, max: 292.681887 at y = 0.438213

phi_e, max: 0.000000 at y = 0.000000
phi_e, min: -7960.516876 at y = 0.440000

phi_m, max: 293.437662 at y = 0.226426

phi_e, max: 1786.395956 at y = 0.436426
phi_e, min: -498.487150 at y = 0.221175 
(Nodeid,phim): ( 0 , 112.582007 ) ( 1 , 112.582388 ) ( 2 , 114.443316 ) ( 3 , 28.637662 ) ( 4 , 0.000000 ) ( 5 , 0.000000 ) ( 6 , 0.000000 ) ( 7 , 0.000000 ) ( 8 , 0.000000 ) ( 9 , 0.000000 )  
phi_m, max: 292.681887 at y = 0.438213

phi_e, max: 0.000000 at y = 0.000000
phi_e, min: -7960.516876 at y = 0.440000 
(Nodeid,phim): ( 0 , 97.501107 ) ( 1 , 97.574801 ) ( 2 , 104.627614 ) ( 3 , 113.593209 ) ( 4 , 0.000000 ) ( 5 , 0.000000 ) ( 6 , 0.000000 ) ( 7 , 0.000000 ) ( 8 , 0.000000 ) ( 9 , 0.000000 )  


phi_m, max: -0.002869 at y = 1.591918

phi_e, max: 1682.323040 at y = 1.490000
phi_e, min: 0.000000 at y = 1.098571 
(Nodeid,phim): ( 0 , -nan ) ( 1 , -nan ) ( 2 , -nan ) ( 3 , -nan ) ( 4 , -nan ) ( 5 , -nan ) ( 6 , -inf ) ( 7 , -inf ) ( 8 , -inf ) ( 9 , -nan )  
phi_m, max: 0.316476 at y = 1.060000

phi_e, max: -0.000000 at y = 1.098571
phi_e, min: -7271.060858 at y = 1.060000

phi_m, max: -0.002869 at y = 1.591918

phi_e, max: 1682.323040 at y = 1.490000
phi_e, min: 0.000000 at y = 1.098571 
(Nodeid,phim): ( 0 , -nan ) ( 1 , -nan ) ( 2 , -nan ) ( 3 , -nan ) ( 4 , -nan ) ( 5 , -nan ) ( 6 , -inf ) ( 7 , -inf ) ( 8 , -inf ) ( 9 , -nan )  
phi_m, max: 0.316476 at y = 1.060000

phi_e, max: -0.000000 at y = 1.098571
phi_e, min: -7271.060858 at y = 1.060000 
(Nodeid,phim): ( 0 , -nan ) ( 1 , -nan ) ( 2 , -nan ) ( 3 , -nan ) ( 4 , -nan ) ( 5 , -nan ) ( 6 , inf ) ( 7 , -inf ) ( 8 , -inf ) ( 9 , -nan )  


Writing: "NeuralEP2DmonoDWCL2mpi4_2.chk"
 (0.000499627s, XML)
Steps: 3000000  Time: 0.3         
Writing: "NeuralEP2DmonoDWCL2mpi4_phie_3.chk"
phi_m, max: -0.002869 at y = 1.591918

phi_e, max: 1682.323040 at y = 1.490000
phi_e, min: 0.000000 at y = 1.098571 
(Nodeid,phim): ( 0 , -nan ) ( 1 , -nan ) ( 2 , -nan ) ( 3 , -nan ) ( 4 , -nan ) ( 5 , -nan ) ( 6 , -inf ) ( 7 , -inf ) ( 8 , -inf ) ( 9 , -nan )  
phi_m, max: 0.316476 at y = 1.060000

phi_e, max: -0.000000 at y = 1.098571
phi_e, min: -7271.060858 at y = 1.060000 
(Nodeid,phim): ( 0 , -nan ) ( 1 , -nan ) ( 2 , -nan ) ( 3 , -nan ) ( 4 , -nan ) ( 5 , -nan ) ( 6 , inf ) ( 7 , -inf ) ( 8 , -inf ) ( 9 , -nan )  
phi_m, max: 84.887697 at y = 1.060000

phi_e, max: 1291.749034 at y = 1.490000
phi_e, min: 0.000000 at y = 1.098571

phi_m, max: -0.002869 at y = 1.591918

phi_e, max: 1682.323040 at y = 1.490000
phi_e, min: 0.000000 at y = 1.098571 
(Nodeid,phim): ( 0 , -nan ) ( 1 , -nan ) ( 2 , -nan ) ( 3 , -nan ) ( 4 , -nan ) ( 5 , -nan ) ( 6 , -inf ) ( 7 , -inf ) ( 8 , -inf ) ( 9 , -nan )  
phi_m, max: 0.316476 at y = 1.060000

phi_e, max: -0.000000 at y = 1.098571
phi_e, min: -7271.060858 at y = 1.060000 
(Nodeid,phim): ( 0 , -nan ) ( 1 , -nan ) ( 2 , -nan ) ( 3 , -nan ) ( 4 , -nan ) ( 5 , -nan ) ( 6 , inf ) ( 7 , -inf ) ( 8 , -inf ) ( 9 , -nan )  
phi_m, max: 84.887697 at y = 1.060000

phi_e, max: 1291.749034 at y = 1.490000
phi_e, min: 0.000000 at y = 1.098571 
(Nodeid,phim): ( 0 , -nan ) ( 1 , -nan ) ( 2 , -nan ) ( 3 , -nan ) ( 4 , -nan ) ( 5 , -nan ) ( 6 , inf ) ( 7 , inf ) ( 8 , -inf ) ( 9 , -nan )  


phi_m, max: 293.437662 at y = 0.226426

phi_e, max: 1786.395956 at y = 0.436426
phi_e, min: -498.487150 at y = 0.221175 
(Nodeid,phim): ( 0 , 112.582007 ) ( 1 , 112.582388 ) ( 2 , 114.443316 ) ( 3 , 28.637662 ) ( 4 , 0.000000 ) ( 5 , 0.000000 ) ( 6 , 0.000000 ) ( 7 , 0.000000 ) ( 8 , 0.000000 ) ( 9 , 0.000000 )  
phi_m, max: 292.681887 at y = 0.438213

phi_e, max: 0.000000 at y = 0.000000
phi_e, min: -7960.516876 at y = 0.440000 
(Nodeid,phim): ( 0 , 97.501107 ) ( 1 , 97.574801 ) ( 2 , 104.627614 ) ( 3 , 113.593209 ) ( 4 , 0.000000 ) ( 5 , 0.000000 ) ( 6 , 0.000000 ) ( 7 , 0.000000 ) ( 8 , 0.000000 ) ( 9 , 0.000000 )  
phi_m, max: 266.129048 at y = 0.497143

phi_e, max: 0.000000 at y = 0.000000
phi_e, min: -2834.245140 at y = 0.440000

phi_m, max: 293.437662 at y = 0.226426

phi_e, max: 1786.395956 at y = 0.436426
phi_e, min: -498.487150 at y = 0.221175 
(Nodeid,phim): ( 0 , 112.582007 ) ( 1 , 112.582388 ) ( 2 , 114.443316 ) ( 3 , 28.637662 ) ( 4 , 0.000000 ) ( 5 , 0.000000 ) ( 6 , 0.000000 ) ( 7 , 0.000000 ) ( 8 , 0.000000 ) ( 9 , 0.000000 )  
phi_m, max: 292.681887 at y = 0.438213

phi_e, max: 0.000000 at y = 0.000000
phi_e, min: -7960.516876 at y = 0.440000 
(Nodeid,phim): ( 0 , 97.501107 ) ( 1 , 97.574801 ) ( 2 , 104.627614 ) ( 3 , 113.593209 ) ( 4 , 0.000000 ) ( 5 , 0.000000 ) ( 6 , 0.000000 ) ( 7 , 0.000000 ) ( 8 , 0.000000 ) ( 9 , 0.000000 )  
phi_m, max: 266.129048 at y = 0.497143

phi_e, max: 0.000000 at y = 0.000000
phi_e, min: -2834.245140 at y = 0.440000 
(Nodeid,phim): ( 0 , 78.114400 ) ( 1 , 78.203434 ) ( 2 , 86.558508 ) ( 3 , 100.474949 ) ( 4 , 0.000000 ) ( 5 , 0.000000 ) ( 6 , 0.000000 ) ( 7 , 0.000000 ) ( 8 , 0.000000 ) ( 9 , 0.000000 )  


phi_m, max: -0.002869 at y = 1.798082

phi_e, max: 1682.354621 at y = 2.120000
phi_e, min: 0.000000 at y = 1.690000 
(Nodeid,phim): ( 0 , -nan ) ( 1 , -nan ) ( 2 , -nan ) ( 3 , -nan ) ( 4 , -nan ) ( 5 , -nan ) ( 6 , -nan ) ( 7 , -nan ) ( 8 , -nan ) ( 9 , -inf )  
phi_m, max: -0.002891 at y = 1.585925

phi_e, max: -0.000000 at y = 1.690000
phi_e, min: -7270.630530 at y = 1.690000 
(Nodeid,phim): ( 0 , -nan ) ( 1 , -nan ) ( 2 , -nan ) ( 3 , -nan ) ( 4 , -nan ) ( 5 , -nan ) ( 6 , -nan ) ( 7 , -nan ) ( 8 , -nan ) ( 9 , -inf )  
phi_m, max: -0.002711 at y = 1.579071

phi_e, max: 1291.786599 at y = 2.120000
phi_e, min: 0.000000 at y = 1.690000

phi_m, max: -0.002869 at y = 1.798082

phi_e, max: 1682.354621 at y = 2.120000
phi_e, min: 0.000000 at y = 1.690000 
(Nodeid,phim): ( 0 , -nan ) ( 1 , -nan ) ( 2 , -nan ) ( 3 , -nan ) ( 4 , -nan ) ( 5 , -nan ) ( 6 , -nan ) ( 7 , -nan ) ( 8 , -nan ) ( 9 , -inf )  
phi_m, max: -0.002891 at y = 1.585925

phi_e, max: -0.000000 at y = 1.690000
phi_e, min: -7270.630530 at y = 1.690000 
(Nodeid,phim): ( 0 , -nan ) ( 1 , -nan ) ( 2 , -nan ) ( 3 , -nan ) ( 4 , -nan ) ( 5 , -nan ) ( 6 , -nan ) ( 7 , -nan ) ( 8 , -nan ) ( 9 , -inf )  
phi_m, max: -0.002711 at y = 1.579071

phi_e, max: 1291.786599 at y = 2.120000
phi_e, min: 0.000000 at y = 1.690000 
(Nodeid,phim): ( 0 , -nan ) ( 1 , -nan ) ( 2 , -nan ) ( 3 , -nan ) ( 4 , -nan ) ( 5 , -nan ) ( 6 , -nan ) ( 7 , -nan ) ( 8 , -nan ) ( 9 , -inf )  


 (0.00149034s, XML)

Time: 0.100000
CPU Time: 41.061546 min.
phi_m, max: -0.003007 at y = 0.858825

phi_e, max: 1684.343022 at y = 0.640000
phi_e, min: 0.000000 at y = 0.640000 
(Nodeid,phim): ( 0 , -nan ) ( 1 , -nan ) ( 2 , -nan ) ( 3 , -nan ) ( 4 , -inf ) ( 5 , -inf ) ( 6 , -nan ) ( 7 , -nan ) ( 8 , -nan ) ( 9 , -nan )  

Time: 0.200000
CPU Time: 41.258923 min.
phi_m, max: 292.094034 at y = 0.641175

phi_e, max: -0.000000 at y = 0.640000
phi_e, min: -8907.037050 at y = 0.640587 
(Nodeid,phim): ( 0 , -nan ) ( 1 , -nan ) ( 2 , -nan ) ( 3 , -nan ) ( 4 , inf ) ( 5 , inf ) ( 6 , -nan ) ( 7 , -nan ) ( 8 , -nan ) ( 9 , -nan )  

Time: 0.300000
CPU Time: 41.330619 min.
phi_m, max: 294.241020 at y = 0.824785

phi_e, max: -0.000000 at y = 0.640000
phi_e, min: -3204.504391 at y = 0.645587


Time: 0.100000
CPU Time: 41.061546 min.
phi_m, max: -0.003007 at y = 0.858825

phi_e, max: 1684.343022 at y = 0.640000
phi_e, min: 0.000000 at y = 0.640000 
(Nodeid,phim): ( 0 , -nan ) ( 1 , -nan ) ( 2 , -nan ) ( 3 , -nan ) ( 4 , -inf ) ( 5 , -inf ) ( 6 , -nan ) ( 7 , -nan ) ( 8 , -nan ) ( 9 , -nan )  

Time: 0.200000
CPU Time: 41.258923 min.
phi_m, max: 292.094034 at y = 0.641175

phi_e, max: -0.000000 at y = 0.640000
phi_e, min: -8907.037050 at y = 0.640587 
(Nodeid,phim): ( 0 , -nan ) ( 1 , -nan ) ( 2 , -nan ) ( 3 , -nan ) ( 4 , inf ) ( 5 , inf ) ( 6 , -nan ) ( 7 , -nan ) ( 8 , -nan ) ( 9 , -nan )  

Time: 0.300000
CPU Time: 41.330619 min.
phi_m, max: 294.241020 at y = 0.824785

phi_e, max: -0.000000 at y = 0.640000
phi_e, min: -3204.504391 at y = 0.645587 
(Nodeid,phim): ( 0 , -nan ) ( 1 , -nan ) ( 2 , -nan ) ( 3 , -nan ) ( 4 , inf ) ( 5 , inf ) ( 6 , -nan ) ( 7 , -nan ) ( 8 , -nan ) ( 9 , -nan )  


Writing: "NeuralEP2DmonoDWCL2mpi4_3.chk"
 (0.000575059s, XML)
Steps: 4000000  Time: 0.4         
Writing: "NeuralEP2DmonoDWCL2mpi4_phie_4.chk"
phi_m, max: -0.002869 at y = 1.798082

phi_e, max: 1682.354621 at y = 2.120000
phi_e, min: 0.000000 at y = 1.690000 
(Nodeid,phim): ( 0 , -nan ) ( 1 , -nan ) ( 2 , -nan ) ( 3 , -nan ) ( 4 , -nan ) ( 5 , -nan ) ( 6 , -nan ) ( 7 , -nan ) ( 8 , -nan ) ( 9 , -inf )  
phi_m, max: -0.002891 at y = 1.585925

phi_e, max: -0.000000 at y = 1.690000
phi_e, min: -7270.630530 at y = 1.690000 
(Nodeid,phim): ( 0 , -nan ) ( 1 , -nan ) ( 2 , -nan ) ( 3 , -nan ) ( 4 , -nan ) ( 5 , -nan ) ( 6 , -nan ) ( 7 , -nan ) ( 8 , -nan ) ( 9 , -inf )  
phi_m, max: -0.002711 at y = 1.579071

phi_e, max: 1291.786599 at y = 2.120000
phi_e, min: 0.000000 at y = 1.690000 
(Nodeid,phim): ( 0 , -nan ) ( 1 , -nan ) ( 2 , -nan ) ( 3 , -nan ) ( 4 , -nan ) ( 5 , -nan ) ( 6 , -nan ) ( 7 , -nan ) ( 8 , -nan ) ( 9 , -inf )  
phi_m, max: -0.002848 at y = 2.014075

phi_e, max: -0.000000 at y = 1.690000
phi_e, min: -8189.408496 at y = 1.900587

phi_m, max: -0.002869 at y = 1.798082

phi_e, max: 1682.354621 at y = 2.120000
phi_e, min: 0.000000 at y = 1.690000 
(Nodeid,phim): ( 0 , -nan ) ( 1 , -nan ) ( 2 , -nan ) ( 3 , -nan ) ( 4 , -nan ) ( 5 , -nan ) ( 6 , -nan ) ( 7 , -nan ) ( 8 , -nan ) ( 9 , -inf )  
phi_m, max: -0.002891 at y = 1.585925

phi_e, max: -0.000000 at y = 1.690000
phi_e, min: -7270.630530 at y = 1.690000 
(Nodeid,phim): ( 0 , -nan ) ( 1 , -nan ) ( 2 , -nan ) ( 3 , -nan ) ( 4 , -nan ) ( 5 , -nan ) ( 6 , -nan ) ( 7 , -nan ) ( 8 , -nan ) ( 9 , -inf )  
phi_m, max: -0.002711 at y = 1.579071

phi_e, max: 1291.786599 at y = 2.120000
phi_e, min: 0.000000 at y = 1.690000 
(Nodeid,phim): ( 0 , -nan ) ( 1 , -nan ) ( 2 , -nan ) ( 3 , -nan ) ( 4 , -nan ) ( 5 , -nan ) ( 6 , -nan ) ( 7 , -nan ) ( 8 , -nan ) ( 9 , -inf )  
phi_m, max: -0.002848 at y = 2.014075

phi_e, max: -0.000000 at y = 1.690000
phi_e, min: -8189.408496 at y = 1.900587 
(Nodeid,phim): ( 0 , -nan ) ( 1 , -nan ) ( 2 , -nan ) ( 3 , -nan ) ( 4 , -nan ) ( 5 , -nan ) ( 6 , -nan ) ( 7 , -nan ) ( 8 , -nan ) ( 9 , -inf )  


phi_m, max: -0.002869 at y = 1.591918

phi_e, max: 1682.323040 at y = 1.490000
phi_e, min: 0.000000 at y = 1.098571 
(Nodeid,phim): ( 0 , -nan ) ( 1 , -nan ) ( 2 , -nan ) ( 3 , -nan ) ( 4 , -nan ) ( 5 , -nan ) ( 6 , -inf ) ( 7 , -inf ) ( 8 , -inf ) ( 9 , -nan )  
phi_m, max: 0.316476 at y = 1.060000

phi_e, max: -0.000000 at y = 1.098571
phi_e, min: -7271.060858 at y = 1.060000 
(Nodeid,phim): ( 0 , -nan ) ( 1 , -nan ) ( 2 , -nan ) ( 3 , -nan ) ( 4 , -nan ) ( 5 , -nan ) ( 6 , inf ) ( 7 , -inf ) ( 8 , -inf ) ( 9 , -nan )  
phi_m, max: 84.887697 at y = 1.060000

phi_e, max: 1291.749034 at y = 1.490000
phi_e, min: 0.000000 at y = 1.098571 
(Nodeid,phim): ( 0 , -nan ) ( 1 , -nan ) ( 2 , -nan ) ( 3 , -nan ) ( 4 , -nan ) ( 5 , -nan ) ( 6 , inf ) ( 7 , inf ) ( 8 , -inf ) ( 9 , -nan )  
phi_m, max: 293.419400 at y = 1.066426

phi_e, max: -0.000000 at y = 1.098571
phi_e, min: -10387.568073 at y = 1.061624

phi_m, max: -0.002869 at y = 1.591918

phi_e, max: 1682.323040 at y = 1.490000
phi_e, min: 0.000000 at y = 1.098571 
(Nodeid,phim): ( 0 , -nan ) ( 1 , -nan ) ( 2 , -nan ) ( 3 , -nan ) ( 4 , -nan ) ( 5 , -nan ) ( 6 , -inf ) ( 7 , -inf ) ( 8 , -inf ) ( 9 , -nan )  
phi_m, max: 0.316476 at y = 1.060000

phi_e, max: -0.000000 at y = 1.098571
phi_e, min: -7271.060858 at y = 1.060000 
(Nodeid,phim): ( 0 , -nan ) ( 1 , -nan ) ( 2 , -nan ) ( 3 , -nan ) ( 4 , -nan ) ( 5 , -nan ) ( 6 , inf ) ( 7 , -inf ) ( 8 , -inf ) ( 9 , -nan )  
phi_m, max: 84.887697 at y = 1.060000

phi_e, max: 1291.749034 at y = 1.490000
phi_e, min: 0.000000 at y = 1.098571 
(Nodeid,phim): ( 0 , -nan ) ( 1 , -nan ) ( 2 , -nan ) ( 3 , -nan ) ( 4 , -nan ) ( 5 , -nan ) ( 6 , inf ) ( 7 , inf ) ( 8 , -inf ) ( 9 , -nan )  
phi_m, max: 293.419400 at y = 1.066426

phi_e, max: -0.000000 at y = 1.098571
phi_e, min: -10387.568073 at y = 1.061624 
(Nodeid,phim): ( 0 , -nan ) ( 1 , -nan ) ( 2 , -nan ) ( 3 , -nan ) ( 4 , -nan ) ( 5 , -nan ) ( 6 , inf ) ( 7 , inf ) ( 8 , -inf ) ( 9 , -nan )  


phi_m, max: 293.437662 at y = 0.226426

phi_e, max: 1786.395956 at y = 0.436426
phi_e, min: -498.487150 at y = 0.221175 
(Nodeid,phim): ( 0 , 112.582007 ) ( 1 , 112.582388 ) ( 2 , 114.443316 ) ( 3 , 28.637662 ) ( 4 , 0.000000 ) ( 5 , 0.000000 ) ( 6 , 0.000000 ) ( 7 , 0.000000 ) ( 8 , 0.000000 ) ( 9 , 0.000000 )  
phi_m, max: 292.681887 at y = 0.438213

phi_e, max: 0.000000 at y = 0.000000
phi_e, min: -7960.516876 at y = 0.440000 
(Nodeid,phim): ( 0 , 97.501107 ) ( 1 , 97.574801 ) ( 2 , 104.627614 ) ( 3 , 113.593209 ) ( 4 , 0.000000 ) ( 5 , 0.000000 ) ( 6 , 0.000000 ) ( 7 , 0.000000 ) ( 8 , 0.000000 ) ( 9 , 0.000000 )  
phi_m, max: 266.129048 at y = 0.497143

phi_e, max: 0.000000 at y = 0.000000
phi_e, min: -2834.245140 at y = 0.440000 
(Nodeid,phim): ( 0 , 78.114400 ) ( 1 , 78.203434 ) ( 2 , 86.558508 ) ( 3 , 100.474949 ) ( 4 , 0.000000 ) ( 5 , 0.000000 ) ( 6 , 0.000000 ) ( 7 , 0.000000 ) ( 8 , 0.000000 ) ( 9 , 0.000000 )  
phi_m, max: 221.361988 at y = 0.497143

phi_e, max: 0.000000 at y = 0.000000
phi_e, min: -6158.486340 at y = 0.440000

phi_m, max: 293.437662 at y = 0.226426

phi_e, max: 1786.395956 at y = 0.436426
phi_e, min: -498.487150 at y = 0.221175 
(Nodeid,phim): ( 0 , 112.582007 ) ( 1 , 112.582388 ) ( 2 , 114.443316 ) ( 3 , 28.637662 ) ( 4 , 0.000000 ) ( 5 , 0.000000 ) ( 6 , 0.000000 ) ( 7 , 0.000000 ) ( 8 , 0.000000 ) ( 9 , 0.000000 )  
phi_m, max: 292.681887 at y = 0.438213

phi_e, max: 0.000000 at y = 0.000000
phi_e, min: -7960.516876 at y = 0.440000 
(Nodeid,phim): ( 0 , 97.501107 ) ( 1 , 97.574801 ) ( 2 , 104.627614 ) ( 3 , 113.593209 ) ( 4 , 0.000000 ) ( 5 , 0.000000 ) ( 6 , 0.000000 ) ( 7 , 0.000000 ) ( 8 , 0.000000 ) ( 9 , 0.000000 )  
phi_m, max: 266.129048 at y = 0.497143

phi_e, max: 0.000000 at y = 0.000000
phi_e, min: -2834.245140 at y = 0.440000 
(Nodeid,phim): ( 0 , 78.114400 ) ( 1 , 78.203434 ) ( 2 , 86.558508 ) ( 3 , 100.474949 ) ( 4 , 0.000000 ) ( 5 , 0.000000 ) ( 6 , 0.000000 ) ( 7 , 0.000000 ) ( 8 , 0.000000 ) ( 9 , 0.000000 )  
phi_m, max: 221.361988 at y = 0.497143

phi_e, max: 0.000000 at y = 0.000000
phi_e, min: -6158.486340 at y = 0.440000 
(Nodeid,phim): ( 0 , 58.168642 ) ( 1 , 58.255956 ) ( 2 , 66.440275 ) ( 3 , 81.508111 ) ( 4 , 0.000000 ) ( 5 , 0.000000 ) ( 6 , 0.000000 ) ( 7 , 0.000000 ) ( 8 , 0.000000 ) ( 9 , 0.000000 )  


 (0.00146588s, XML)

Time: 0.100000
CPU Time: 41.061546 min.
phi_m, max: -0.003007 at y = 0.858825

phi_e, max: 1684.343022 at y = 0.640000
phi_e, min: 0.000000 at y = 0.640000 
(Nodeid,phim): ( 0 , -nan ) ( 1 , -nan ) ( 2 , -nan ) ( 3 , -nan ) ( 4 , -inf ) ( 5 , -inf ) ( 6 , -nan ) ( 7 , -nan ) ( 8 , -nan ) ( 9 , -nan )  

Time: 0.200000
CPU Time: 41.258923 min.
phi_m, max: 292.094034 at y = 0.641175

phi_e, max: -0.000000 at y = 0.640000
phi_e, min: -8907.037050 at y = 0.640587 
(Nodeid,phim): ( 0 , -nan ) ( 1 , -nan ) ( 2 , -nan ) ( 3 , -nan ) ( 4 , inf ) ( 5 , inf ) ( 6 , -nan ) ( 7 , -nan ) ( 8 , -nan ) ( 9 , -nan )  

Time: 0.300000
CPU Time: 41.330619 min.
phi_m, max: 294.241020 at y = 0.824785

phi_e, max: -0.000000 at y = 0.640000
phi_e, min: -3204.504391 at y = 0.645587 
(Nodeid,phim): ( 0 , -nan ) ( 1 , -nan ) ( 2 , -nan ) ( 3 , -nan ) ( 4 , inf ) ( 5 , inf ) ( 6 , -nan ) ( 7 , -nan ) ( 8 , -nan ) ( 9 , -nan )  

Time: 0.400000
CPU Time: 39.742741 min.
phi_m, max: 284.138048 at y = 1.060000

phi_e, max: -0.000000 at y = 0.640000
phi_e, min: -9844.664998 at y = 0.860000


Time: 0.100000
CPU Time: 41.061546 min.
phi_m, max: -0.003007 at y = 0.858825

phi_e, max: 1684.343022 at y = 0.640000
phi_e, min: 0.000000 at y = 0.640000 
(Nodeid,phim): ( 0 , -nan ) ( 1 , -nan ) ( 2 , -nan ) ( 3 , -nan ) ( 4 , -inf ) ( 5 , -inf ) ( 6 , -nan ) ( 7 , -nan ) ( 8 , -nan ) ( 9 , -nan )  

Time: 0.200000
CPU Time: 41.258923 min.
phi_m, max: 292.094034 at y = 0.641175

phi_e, max: -0.000000 at y = 0.640000
phi_e, min: -8907.037050 at y = 0.640587 
(Nodeid,phim): ( 0 , -nan ) ( 1 , -nan ) ( 2 , -nan ) ( 3 , -nan ) ( 4 , inf ) ( 5 , inf ) ( 6 , -nan ) ( 7 , -nan ) ( 8 , -nan ) ( 9 , -nan )  

Time: 0.300000
CPU Time: 41.330619 min.
phi_m, max: 294.241020 at y = 0.824785

phi_e, max: -0.000000 at y = 0.640000
phi_e, min: -3204.504391 at y = 0.645587 
(Nodeid,phim): ( 0 , -nan ) ( 1 , -nan ) ( 2 , -nan ) ( 3 , -nan ) ( 4 , inf ) ( 5 , inf ) ( 6 , -nan ) ( 7 , -nan ) ( 8 , -nan ) ( 9 , -nan )  

Time: 0.400000
CPU Time: 39.742741 min.
phi_m, max: 284.138048 at y = 1.060000

phi_e, max: -0.000000 at y = 0.640000
phi_e, min: -9844.664998 at y = 0.860000 
(Nodeid,phim): ( 0 , -nan ) ( 1 , -nan ) ( 2 , -nan ) ( 3 , -nan ) ( 4 , inf ) ( 5 , inf ) ( 6 , -nan ) ( 7 , -nan ) ( 8 , -nan ) ( 9 , -nan )  


Writing: "NeuralEP2DmonoDWCL2mpi4_4.chk"
 (0.000498424s, XML)
Steps: 5000000  Time: 0.5         
Writing: "NeuralEP2DmonoDWCL2mpi4_phie_5.chk"
phi_m, max: 293.437662 at y = 0.226426

phi_e, max: 1786.395956 at y = 0.436426
phi_e, min: -498.487150 at y = 0.221175 
(Nodeid,phim): ( 0 , 112.582007 ) ( 1 , 112.582388 ) ( 2 , 114.443316 ) ( 3 , 28.637662 ) ( 4 , 0.000000 ) ( 5 , 0.000000 ) ( 6 , 0.000000 ) ( 7 , 0.000000 ) ( 8 , 0.000000 ) ( 9 , 0.000000 )  
phi_m, max: 292.681887 at y = 0.438213

phi_e, max: 0.000000 at y = 0.000000
phi_e, min: -7960.516876 at y = 0.440000 
(Nodeid,phim): ( 0 , 97.501107 ) ( 1 , 97.574801 ) ( 2 , 104.627614 ) ( 3 , 113.593209 ) ( 4 , 0.000000 ) ( 5 , 0.000000 ) ( 6 , 0.000000 ) ( 7 , 0.000000 ) ( 8 , 0.000000 ) ( 9 , 0.000000 )  
phi_m, max: 266.129048 at y = 0.497143

phi_e, max: 0.000000 at y = 0.000000
phi_e, min: -2834.245140 at y = 0.440000 
(Nodeid,phim): ( 0 , 78.114400 ) ( 1 , 78.203434 ) ( 2 , 86.558508 ) ( 3 , 100.474949 ) ( 4 , 0.000000 ) ( 5 , 0.000000 ) ( 6 , 0.000000 ) ( 7 , 0.000000 ) ( 8 , 0.000000 ) ( 9 , 0.000000 )  
phi_m, max: 221.361988 at y = 0.497143

phi_e, max: 0.000000 at y = 0.000000
phi_e, min: -6158.486340 at y = 0.440000 
(Nodeid,phim): ( 0 , 58.168642 ) ( 1 , 58.255956 ) ( 2 , 66.440275 ) ( 3 , 81.508111 ) ( 4 , 0.000000 ) ( 5 , 0.000000 ) ( 6 , 0.000000 ) ( 7 , 0.000000 ) ( 8 , 0.000000 ) ( 9 , 0.000000 )  
phi_m, max: 170.873982 at y = 0.497143

phi_e, max: 0.000000 at y = 0.000000
phi_e, min: -12677.614960 at y = 0.440000

phi_m, max: 293.437662 at y = 0.226426

phi_e, max: 1786.395956 at y = 0.436426
phi_e, min: -498.487150 at y = 0.221175 
(Nodeid,phim): ( 0 , 112.582007 ) ( 1 , 112.582388 ) ( 2 , 114.443316 ) ( 3 , 28.637662 ) ( 4 , 0.000000 ) ( 5 , 0.000000 ) ( 6 , 0.000000 ) ( 7 , 0.000000 ) ( 8 , 0.000000 ) ( 9 , 0.000000 )  
phi_m, max: 292.681887 at y = 0.438213

phi_e, max: 0.000000 at y = 0.000000
phi_e, min: -7960.516876 at y = 0.440000 
(Nodeid,phim): ( 0 , 97.501107 ) ( 1 , 97.574801 ) ( 2 , 104.627614 ) ( 3 , 113.593209 ) ( 4 , 0.000000 ) ( 5 , 0.000000 ) ( 6 , 0.000000 ) ( 7 , 0.000000 ) ( 8 , 0.000000 ) ( 9 , 0.000000 )  
phi_m, max: 266.129048 at y = 0.497143

phi_e, max: 0.000000 at y = 0.000000
phi_e, min: -2834.245140 at y = 0.440000 
(Nodeid,phim): ( 0 , 78.114400 ) ( 1 , 78.203434 ) ( 2 , 86.558508 ) ( 3 , 100.474949 ) ( 4 , 0.000000 ) ( 5 , 0.000000 ) ( 6 , 0.000000 ) ( 7 , 0.000000 ) ( 8 , 0.000000 ) ( 9 , 0.000000 )  
phi_m, max: 221.361988 at y = 0.497143

phi_e, max: 0.000000 at y = 0.000000
phi_e, min: -6158.486340 at y = 0.440000 
(Nodeid,phim): ( 0 , 58.168642 ) ( 1 , 58.255956 ) ( 2 , 66.440275 ) ( 3 , 81.508111 ) ( 4 , 0.000000 ) ( 5 , 0.000000 ) ( 6 , 0.000000 ) ( 7 , 0.000000 ) ( 8 , 0.000000 ) ( 9 , 0.000000 )  
phi_m, max: 170.873982 at y = 0.497143

phi_e, max: 0.000000 at y = 0.000000
phi_e, min: -12677.614960 at y = 0.440000 
(Nodeid,phim): ( 0 , 40.495729 ) ( 1 , 40.577070 ) ( 2 , 47.581032 ) ( 3 , 61.409924 ) ( 4 , 0.000000 ) ( 5 , 0.000000 ) ( 6 , 0.000000 ) ( 7 , 0.000000 ) ( 8 , 0.000000 ) ( 9 , 0.000000 )  


phi_m, max: -0.002869 at y = 1.798082

phi_e, max: 1682.354621 at y = 2.120000
phi_e, min: 0.000000 at y = 1.690000 
(Nodeid,phim): ( 0 , -nan ) ( 1 , -nan ) ( 2 , -nan ) ( 3 , -nan ) ( 4 , -nan ) ( 5 , -nan ) ( 6 , -nan ) ( 7 , -nan ) ( 8 , -nan ) ( 9 , -inf )  
phi_m, max: -0.002891 at y = 1.585925

phi_e, max: -0.000000 at y = 1.690000
phi_e, min: -7270.630530 at y = 1.690000 
(Nodeid,phim): ( 0 , -nan ) ( 1 , -nan ) ( 2 , -nan ) ( 3 , -nan ) ( 4 , -nan ) ( 5 , -nan ) ( 6 , -nan ) ( 7 , -nan ) ( 8 , -nan ) ( 9 , -inf )  
phi_m, max: -0.002711 at y = 1.579071

phi_e, max: 1291.786599 at y = 2.120000
phi_e, min: 0.000000 at y = 1.690000 
(Nodeid,phim): ( 0 , -nan ) ( 1 , -nan ) ( 2 , -nan ) ( 3 , -nan ) ( 4 , -nan ) ( 5 , -nan ) ( 6 , -nan ) ( 7 , -nan ) ( 8 , -nan ) ( 9 , -inf )  
phi_m, max: -0.002848 at y = 2.014075

phi_e, max: -0.000000 at y = 1.690000
phi_e, min: -8189.408496 at y = 1.900587 
(Nodeid,phim): ( 0 , -nan ) ( 1 , -nan ) ( 2 , -nan ) ( 3 , -nan ) ( 4 , -nan ) ( 5 , -nan ) ( 6 , -nan ) ( 7 , -nan ) ( 8 , -nan ) ( 9 , -inf )  
phi_m, max: 37.047401 at y = 1.579071

phi_e, max: -0.000000 at y = 1.690000
phi_e, min: -30456.946836 at y = 1.690000

phi_m, max: -0.002869 at y = 1.798082

phi_e, max: 1682.354621 at y = 2.120000
phi_e, min: 0.000000 at y = 1.690000 
(Nodeid,phim): ( 0 , -nan ) ( 1 , -nan ) ( 2 , -nan ) ( 3 , -nan ) ( 4 , -nan ) ( 5 , -nan ) ( 6 , -nan ) ( 7 , -nan ) ( 8 , -nan ) ( 9 , -inf )  
phi_m, max: -0.002891 at y = 1.585925

phi_e, max: -0.000000 at y = 1.690000
phi_e, min: -7270.630530 at y = 1.690000 
(Nodeid,phim): ( 0 , -nan ) ( 1 , -nan ) ( 2 , -nan ) ( 3 , -nan ) ( 4 , -nan ) ( 5 , -nan ) ( 6 , -nan ) ( 7 , -nan ) ( 8 , -nan ) ( 9 , -inf )  
phi_m, max: -0.002711 at y = 1.579071

phi_e, max: 1291.786599 at y = 2.120000
phi_e, min: 0.000000 at y = 1.690000 
(Nodeid,phim): ( 0 , -nan ) ( 1 , -nan ) ( 2 , -nan ) ( 3 , -nan ) ( 4 , -nan ) ( 5 , -nan ) ( 6 , -nan ) ( 7 , -nan ) ( 8 , -nan ) ( 9 , -inf )  
phi_m, max: -0.002848 at y = 2.014075

phi_e, max: -0.000000 at y = 1.690000
phi_e, min: -8189.408496 at y = 1.900587 
(Nodeid,phim): ( 0 , -nan ) ( 1 , -nan ) ( 2 , -nan ) ( 3 , -nan ) ( 4 , -nan ) ( 5 , -nan ) ( 6 , -nan ) ( 7 , -nan ) ( 8 , -nan ) ( 9 , -inf )  
phi_m, max: 37.047401 at y = 1.579071

phi_e, max: -0.000000 at y = 1.690000
phi_e, min: -30456.946836 at y = 1.690000 
(Nodeid,phim): ( 0 , -nan ) ( 1 , -nan ) ( 2 , -nan ) ( 3 , -nan ) ( 4 , -nan ) ( 5 , -nan ) ( 6 , -nan ) ( 7 , -nan ) ( 8 , -nan ) ( 9 , inf )  


phi_m, max: -0.002869 at y = 1.591918

phi_e, max: 1682.323040 at y = 1.490000
phi_e, min: 0.000000 at y = 1.098571 
(Nodeid,phim): ( 0 , -nan ) ( 1 , -nan ) ( 2 , -nan ) ( 3 , -nan ) ( 4 , -nan ) ( 5 , -nan ) ( 6 , -inf ) ( 7 , -inf ) ( 8 , -inf ) ( 9 , -nan )  
phi_m, max: 0.316476 at y = 1.060000

phi_e, max: -0.000000 at y = 1.098571
phi_e, min: -7271.060858 at y = 1.060000 
(Nodeid,phim): ( 0 , -nan ) ( 1 , -nan ) ( 2 , -nan ) ( 3 , -nan ) ( 4 , -nan ) ( 5 , -nan ) ( 6 , inf ) ( 7 , -inf ) ( 8 , -inf ) ( 9 , -nan )  
phi_m, max: 84.887697 at y = 1.060000

phi_e, max: 1291.749034 at y = 1.490000
phi_e, min: 0.000000 at y = 1.098571 
(Nodeid,phim): ( 0 , -nan ) ( 1 , -nan ) ( 2 , -nan ) ( 3 , -nan ) ( 4 , -nan ) ( 5 , -nan ) ( 6 , inf ) ( 7 , inf ) ( 8 , -inf ) ( 9 , -nan )  
phi_m, max: 293.419400 at y = 1.066426

phi_e, max: -0.000000 at y = 1.098571
phi_e, min: -10387.568073 at y = 1.061624 
(Nodeid,phim): ( 0 , -nan ) ( 1 , -nan ) ( 2 , -nan ) ( 3 , -nan ) ( 4 , -nan ) ( 5 , -nan ) ( 6 , inf ) ( 7 , inf ) ( 8 , -inf ) ( 9 , -nan )  
phi_m, max: 292.694475 at y = 1.278213

phi_e, max: -0.000000 at y = 1.098571
phi_e, min: -32045.936336 at y = 1.480587

phi_m, max: -0.002869 at y = 1.591918

phi_e, max: 1682.323040 at y = 1.490000
phi_e, min: 0.000000 at y = 1.098571 
(Nodeid,phim): ( 0 , -nan ) ( 1 , -nan ) ( 2 , -nan ) ( 3 , -nan ) ( 4 , -nan ) ( 5 , -nan ) ( 6 , -inf ) ( 7 , -inf ) ( 8 , -inf ) ( 9 , -nan )  
phi_m, max: 0.316476 at y = 1.060000

phi_e, max: -0.000000 at y = 1.098571
phi_e, min: -7271.060858 at y = 1.060000 
(Nodeid,phim): ( 0 , -nan ) ( 1 , -nan ) ( 2 , -nan ) ( 3 , -nan ) ( 4 , -nan ) ( 5 , -nan ) ( 6 , inf ) ( 7 , -inf ) ( 8 , -inf ) ( 9 , -nan )  
phi_m, max: 84.887697 at y = 1.060000

phi_e, max: 1291.749034 at y = 1.490000
phi_e, min: 0.000000 at y = 1.098571 
(Nodeid,phim): ( 0 , -nan ) ( 1 , -nan ) ( 2 , -nan ) ( 3 , -nan ) ( 4 , -nan ) ( 5 , -nan ) ( 6 , inf ) ( 7 , inf ) ( 8 , -inf ) ( 9 , -nan )  
phi_m, max: 293.419400 at y = 1.066426

phi_e, max: -0.000000 at y = 1.098571
phi_e, min: -10387.568073 at y = 1.061624 
(Nodeid,phim): ( 0 , -nan ) ( 1 , -nan ) ( 2 , -nan ) ( 3 , -nan ) ( 4 , -nan ) ( 5 , -nan ) ( 6 , inf ) ( 7 , inf ) ( 8 , -inf ) ( 9 , -nan )  
phi_m, max: 292.694475 at y = 1.278213

phi_e, max: -0.000000 at y = 1.098571
phi_e, min: -32045.936336 at y = 1.480587 
(Nodeid,phim): ( 0 , -nan ) ( 1 , -nan ) ( 2 , -nan ) ( 3 , -nan ) ( 4 , -nan ) ( 5 , -nan ) ( 6 , inf ) ( 7 , inf ) ( 8 , inf ) ( 9 , -nan )  


 (0.00149214s, XML)

Time: 0.100000
CPU Time: 41.061546 min.
phi_m, max: -0.003007 at y = 0.858825

phi_e, max: 1684.343022 at y = 0.640000
phi_e, min: 0.000000 at y = 0.640000 
(Nodeid,phim): ( 0 , -nan ) ( 1 , -nan ) ( 2 , -nan ) ( 3 , -nan ) ( 4 , -inf ) ( 5 , -inf ) ( 6 , -nan ) ( 7 , -nan ) ( 8 , -nan ) ( 9 , -nan )  

Time: 0.200000
CPU Time: 41.258923 min.
phi_m, max: 292.094034 at y = 0.641175

phi_e, max: -0.000000 at y = 0.640000
phi_e, min: -8907.037050 at y = 0.640587 
(Nodeid,phim): ( 0 , -nan ) ( 1 , -nan ) ( 2 , -nan ) ( 3 , -nan ) ( 4 , inf ) ( 5 , inf ) ( 6 , -nan ) ( 7 , -nan ) ( 8 , -nan ) ( 9 , -nan )  

Time: 0.300000
CPU Time: 41.330619 min.
phi_m, max: 294.241020 at y = 0.824785

phi_e, max: -0.000000 at y = 0.640000
phi_e, min: -3204.504391 at y = 0.645587 
(Nodeid,phim): ( 0 , -nan ) ( 1 , -nan ) ( 2 , -nan ) ( 3 , -nan ) ( 4 , inf ) ( 5 , inf ) ( 6 , -nan ) ( 7 , -nan ) ( 8 , -nan ) ( 9 , -nan )  

Time: 0.400000
CPU Time: 39.742741 min.
phi_m, max: 284.138048 at y = 1.060000

phi_e, max: -0.000000 at y = 0.640000
phi_e, min: -9844.664998 at y = 0.860000 
(Nodeid,phim): ( 0 , -nan ) ( 1 , -nan ) ( 2 , -nan ) ( 3 , -nan ) ( 4 , inf ) ( 5 , inf ) ( 6 , -nan ) ( 7 , -nan ) ( 8 , -nan ) ( 9 , -nan )  

Time: 0.500000
CPU Time: 39.640061 min.
phi_m, max: 248.522636 at y = 1.060000

phi_e, max: -0.000000 at y = 0.640000
phi_e, min: -23265.191871 at y = 0.860000


Time: 0.100000
CPU Time: 41.061546 min.
phi_m, max: -0.003007 at y = 0.858825

phi_e, max: 1684.343022 at y = 0.640000
phi_e, min: 0.000000 at y = 0.640000 
(Nodeid,phim): ( 0 , -nan ) ( 1 , -nan ) ( 2 , -nan ) ( 3 , -nan ) ( 4 , -inf ) ( 5 , -inf ) ( 6 , -nan ) ( 7 , -nan ) ( 8 , -nan ) ( 9 , -nan )  

Time: 0.200000
CPU Time: 41.258923 min.
phi_m, max: 292.094034 at y = 0.641175

phi_e, max: -0.000000 at y = 0.640000
phi_e, min: -8907.037050 at y = 0.640587 
(Nodeid,phim): ( 0 , -nan ) ( 1 , -nan ) ( 2 , -nan ) ( 3 , -nan ) ( 4 , inf ) ( 5 , inf ) ( 6 , -nan ) ( 7 , -nan ) ( 8 , -nan ) ( 9 , -nan )  

Time: 0.300000
CPU Time: 41.330619 min.
phi_m, max: 294.241020 at y = 0.824785

phi_e, max: -0.000000 at y = 0.640000
phi_e, min: -3204.504391 at y = 0.645587 
(Nodeid,phim): ( 0 , -nan ) ( 1 , -nan ) ( 2 , -nan ) ( 3 , -nan ) ( 4 , inf ) ( 5 , inf ) ( 6 , -nan ) ( 7 , -nan ) ( 8 , -nan ) ( 9 , -nan )  

Time: 0.400000
CPU Time: 39.742741 min.
phi_m, max: 284.138048 at y = 1.060000

phi_e, max: -0.000000 at y = 0.640000
phi_e, min: -9844.664998 at y = 0.860000 
(Nodeid,phim): ( 0 , -nan ) ( 1 , -nan ) ( 2 , -nan ) ( 3 , -nan ) ( 4 , inf ) ( 5 , inf ) ( 6 , -nan ) ( 7 , -nan ) ( 8 , -nan ) ( 9 , -nan )  

Time: 0.500000
CPU Time: 39.640061 min.
phi_m, max: 248.522636 at y = 1.060000

phi_e, max: -0.000000 at y = 0.640000
phi_e, min: -23265.191871 at y = 0.860000 
(Nodeid,phim): ( 0 , -nan ) ( 1 , -nan ) ( 2 , -nan ) ( 3 , -nan ) ( 4 , inf ) ( 5 , inf ) ( 6 , -nan ) ( 7 , -nan ) ( 8 , -nan ) ( 9 , -nan )  


Writing: "NeuralEP2DmonoDWCL2mpi4_5.chk"
 (0.000498095s, XML)
Steps: 6000000  Time: 0.6         
Writing: "NeuralEP2DmonoDWCL2mpi4_phie_6.chk"
phi_m, max: -0.002869 at y = 1.591918

phi_e, max: 1682.323040 at y = 1.490000
phi_e, min: 0.000000 at y = 1.098571 
(Nodeid,phim): ( 0 , -nan ) ( 1 , -nan ) ( 2 , -nan ) ( 3 , -nan ) ( 4 , -nan ) ( 5 , -nan ) ( 6 , -inf ) ( 7 , -inf ) ( 8 , -inf ) ( 9 , -nan )  
phi_m, max: 0.316476 at y = 1.060000

phi_e, max: -0.000000 at y = 1.098571
phi_e, min: -7271.060858 at y = 1.060000 
(Nodeid,phim): ( 0 , -nan ) ( 1 , -nan ) ( 2 , -nan ) ( 3 , -nan ) ( 4 , -nan ) ( 5 , -nan ) ( 6 , inf ) ( 7 , -inf ) ( 8 , -inf ) ( 9 , -nan )  
phi_m, max: 84.887697 at y = 1.060000

phi_e, max: 1291.749034 at y = 1.490000
phi_e, min: 0.000000 at y = 1.098571 
(Nodeid,phim): ( 0 , -nan ) ( 1 , -nan ) ( 2 , -nan ) ( 3 , -nan ) ( 4 , -nan ) ( 5 , -nan ) ( 6 , inf ) ( 7 , inf ) ( 8 , -inf ) ( 9 , -nan )  
phi_m, max: 293.419400 at y = 1.066426

phi_e, max: -0.000000 at y = 1.098571
phi_e, min: -10387.568073 at y = 1.061624 
(Nodeid,phim): ( 0 , -nan ) ( 1 , -nan ) ( 2 , -nan ) ( 3 , -nan ) ( 4 , -nan ) ( 5 , -nan ) ( 6 , inf ) ( 7 , inf ) ( 8 , -inf ) ( 9 , -nan )  
phi_m, max: 292.694475 at y = 1.278213

phi_e, max: -0.000000 at y = 1.098571
phi_e, min: -32045.936336 at y = 1.480587 
(Nodeid,phim): ( 0 , -nan ) ( 1 , -nan ) ( 2 , -nan ) ( 3 , -nan ) ( 4 , -nan ) ( 5 , -nan ) ( 6 , inf ) ( 7 , inf ) ( 8 , inf ) ( 9 , -nan )  
phi_m, max: 291.859068 at y = 1.604286

phi_e, max: -0.000000 at y = 1.098571
phi_e, min: -14130.524372 at y = 1.485449

phi_m, max: -0.002869 at y = 1.591918

phi_e, max: 1682.323040 at y = 1.490000
phi_e, min: 0.000000 at y = 1.098571 
(Nodeid,phim): ( 0 , -nan ) ( 1 , -nan ) ( 2 , -nan ) ( 3 , -nan ) ( 4 , -nan ) ( 5 , -nan ) ( 6 , -inf ) ( 7 , -inf ) ( 8 , -inf ) ( 9 , -nan )  
phi_m, max: 0.316476 at y = 1.060000

phi_e, max: -0.000000 at y = 1.098571
phi_e, min: -7271.060858 at y = 1.060000 
(Nodeid,phim): ( 0 , -nan ) ( 1 , -nan ) ( 2 , -nan ) ( 3 , -nan ) ( 4 , -nan ) ( 5 , -nan ) ( 6 , inf ) ( 7 , -inf ) ( 8 , -inf ) ( 9 , -nan )  
phi_m, max: 84.887697 at y = 1.060000

phi_e, max: 1291.749034 at y = 1.490000
phi_e, min: 0.000000 at y = 1.098571 
(Nodeid,phim): ( 0 , -nan ) ( 1 , -nan ) ( 2 , -nan ) ( 3 , -nan ) ( 4 , -nan ) ( 5 , -nan ) ( 6 , inf ) ( 7 , inf ) ( 8 , -inf ) ( 9 , -nan )  
phi_m, max: 293.419400 at y = 1.066426

phi_e, max: -0.000000 at y = 1.098571
phi_e, min: -10387.568073 at y = 1.061624 
(Nodeid,phim): ( 0 , -nan ) ( 1 , -nan ) ( 2 , -nan ) ( 3 , -nan ) ( 4 , -nan ) ( 5 , -nan ) ( 6 , inf ) ( 7 , inf ) ( 8 , -inf ) ( 9 , -nan )  
phi_m, max: 292.694475 at y = 1.278213

phi_e, max: -0.000000 at y = 1.098571
phi_e, min: -32045.936336 at y = 1.480587 
(Nodeid,phim): ( 0 , -nan ) ( 1 , -nan ) ( 2 , -nan ) ( 3 , -nan ) ( 4 , -nan ) ( 5 , -nan ) ( 6 , inf ) ( 7 , inf ) ( 8 , inf ) ( 9 , -nan )  
phi_m, max: 291.859068 at y = 1.604286

phi_e, max: -0.000000 at y = 1.098571
phi_e, min: -14130.524372 at y = 1.485449 
(Nodeid,phim): ( 0 , -nan ) ( 1 , -nan ) ( 2 , -nan ) ( 3 , -nan ) ( 4 , -nan ) ( 5 , -nan ) ( 6 , inf ) ( 7 , inf ) ( 8 , inf ) ( 9 , -nan )  


phi_m, max: 293.437662 at y = 0.226426

phi_e, max: 1786.395956 at y = 0.436426
phi_e, min: -498.487150 at y = 0.221175 
(Nodeid,phim): ( 0 , 112.582007 ) ( 1 , 112.582388 ) ( 2 , 114.443316 ) ( 3 , 28.637662 ) ( 4 , 0.000000 ) ( 5 , 0.000000 ) ( 6 , 0.000000 ) ( 7 , 0.000000 ) ( 8 , 0.000000 ) ( 9 , 0.000000 )  
phi_m, max: 292.681887 at y = 0.438213

phi_e, max: 0.000000 at y = 0.000000
phi_e, min: -7960.516876 at y = 0.440000 
(Nodeid,phim): ( 0 , 97.501107 ) ( 1 , 97.574801 ) ( 2 , 104.627614 ) ( 3 , 113.593209 ) ( 4 , 0.000000 ) ( 5 , 0.000000 ) ( 6 , 0.000000 ) ( 7 , 0.000000 ) ( 8 , 0.000000 ) ( 9 , 0.000000 )  
phi_m, max: 266.129048 at y = 0.497143

phi_e, max: 0.000000 at y = 0.000000
phi_e, min: -2834.245140 at y = 0.440000 
(Nodeid,phim): ( 0 , 78.114400 ) ( 1 , 78.203434 ) ( 2 , 86.558508 ) ( 3 , 100.474949 ) ( 4 , 0.000000 ) ( 5 , 0.000000 ) ( 6 , 0.000000 ) ( 7 , 0.000000 ) ( 8 , 0.000000 ) ( 9 , 0.000000 )  
phi_m, max: 221.361988 at y = 0.497143

phi_e, max: 0.000000 at y = 0.000000
phi_e, min: -6158.486340 at y = 0.440000 
(Nodeid,phim): ( 0 , 58.168642 ) ( 1 , 58.255956 ) ( 2 , 66.440275 ) ( 3 , 81.508111 ) ( 4 , 0.000000 ) ( 5 , 0.000000 ) ( 6 , 0.000000 ) ( 7 , 0.000000 ) ( 8 , 0.000000 ) ( 9 , 0.000000 )  
phi_m, max: 170.873982 at y = 0.497143

phi_e, max: 0.000000 at y = 0.000000
phi_e, min: -12677.614960 at y = 0.440000 
(Nodeid,phim): ( 0 , 40.495729 ) ( 1 , 40.577070 ) ( 2 , 47.581032 ) ( 3 , 61.409924 ) ( 4 , 0.000000 ) ( 5 , 0.000000 ) ( 6 , 0.000000 ) ( 7 , 0.000000 ) ( 8 , 0.000000 ) ( 9 , 0.000000 )  
phi_m, max: 122.952318 at y = 0.497143

phi_e, max: 0.000000 at y = 0.000000
phi_e, min: -6143.513471 at y = 0.440000

phi_m, max: 293.437662 at y = 0.226426

phi_e, max: 1786.395956 at y = 0.436426
phi_e, min: -498.487150 at y = 0.221175 
(Nodeid,phim): ( 0 , 112.582007 ) ( 1 , 112.582388 ) ( 2 , 114.443316 ) ( 3 , 28.637662 ) ( 4 , 0.000000 ) ( 5 , 0.000000 ) ( 6 , 0.000000 ) ( 7 , 0.000000 ) ( 8 , 0.000000 ) ( 9 , 0.000000 )  
phi_m, max: 292.681887 at y = 0.438213

phi_e, max: 0.000000 at y = 0.000000
phi_e, min: -7960.516876 at y = 0.440000 
(Nodeid,phim): ( 0 , 97.501107 ) ( 1 , 97.574801 ) ( 2 , 104.627614 ) ( 3 , 113.593209 ) ( 4 , 0.000000 ) ( 5 , 0.000000 ) ( 6 , 0.000000 ) ( 7 , 0.000000 ) ( 8 , 0.000000 ) ( 9 , 0.000000 )  
phi_m, max: 266.129048 at y = 0.497143

phi_e, max: 0.000000 at y = 0.000000
phi_e, min: -2834.245140 at y = 0.440000 
(Nodeid,phim): ( 0 , 78.114400 ) ( 1 , 78.203434 ) ( 2 , 86.558508 ) ( 3 , 100.474949 ) ( 4 , 0.000000 ) ( 5 , 0.000000 ) ( 6 , 0.000000 ) ( 7 , 0.000000 ) ( 8 , 0.000000 ) ( 9 , 0.000000 )  
phi_m, max: 221.361988 at y = 0.497143

phi_e, max: 0.000000 at y = 0.000000
phi_e, min: -6158.486340 at y = 0.440000 
(Nodeid,phim): ( 0 , 58.168642 ) ( 1 , 58.255956 ) ( 2 , 66.440275 ) ( 3 , 81.508111 ) ( 4 , 0.000000 ) ( 5 , 0.000000 ) ( 6 , 0.000000 ) ( 7 , 0.000000 ) ( 8 , 0.000000 ) ( 9 , 0.000000 )  
phi_m, max: 170.873982 at y = 0.497143

phi_e, max: 0.000000 at y = 0.000000
phi_e, min: -12677.614960 at y = 0.440000 
(Nodeid,phim): ( 0 , 40.495729 ) ( 1 , 40.577070 ) ( 2 , 47.581032 ) ( 3 , 61.409924 ) ( 4 , 0.000000 ) ( 5 , 0.000000 ) ( 6 , 0.000000 ) ( 7 , 0.000000 ) ( 8 , 0.000000 ) ( 9 , 0.000000 )  
phi_m, max: 122.952318 at y = 0.497143

phi_e, max: 0.000000 at y = 0.000000
phi_e, min: -6143.513471 at y = 0.440000 
(Nodeid,phim): ( 0 , 20.953172 ) ( 1 , 21.183318 ) ( 2 , 29.860621 ) ( 3 , 43.180635 ) ( 4 , 0.000000 ) ( 5 , 0.000000 ) ( 6 , 0.000000 ) ( 7 , 0.000000 ) ( 8 , 0.000000 ) ( 9 , 0.000000 )  


phi_m, max: -0.002869 at y = 1.798082

phi_e, max: 1682.354621 at y = 2.120000
phi_e, min: 0.000000 at y = 1.690000 
(Nodeid,phim): ( 0 , -nan ) ( 1 , -nan ) ( 2 , -nan ) ( 3 , -nan ) ( 4 , -nan ) ( 5 , -nan ) ( 6 , -nan ) ( 7 , -nan ) ( 8 , -nan ) ( 9 , -inf )  
phi_m, max: -0.002891 at y = 1.585925

phi_e, max: -0.000000 at y = 1.690000
phi_e, min: -7270.630530 at y = 1.690000 
(Nodeid,phim): ( 0 , -nan ) ( 1 , -nan ) ( 2 , -nan ) ( 3 , -nan ) ( 4 , -nan ) ( 5 , -nan ) ( 6 , -nan ) ( 7 , -nan ) ( 8 , -nan ) ( 9 , -inf )  
phi_m, max: -0.002711 at y = 1.579071

phi_e, max: 1291.786599 at y = 2.120000
phi_e, min: 0.000000 at y = 1.690000 
(Nodeid,phim): ( 0 , -nan ) ( 1 , -nan ) ( 2 , -nan ) ( 3 , -nan ) ( 4 , -nan ) ( 5 , -nan ) ( 6 , -nan ) ( 7 , -nan ) ( 8 , -nan ) ( 9 , -inf )  
phi_m, max: -0.002848 at y = 2.014075

phi_e, max: -0.000000 at y = 1.690000
phi_e, min: -8189.408496 at y = 1.900587 
(Nodeid,phim): ( 0 , -nan ) ( 1 , -nan ) ( 2 , -nan ) ( 3 , -nan ) ( 4 , -nan ) ( 5 , -nan ) ( 6 , -nan ) ( 7 , -nan ) ( 8 , -nan ) ( 9 , -inf )  
phi_m, max: 37.047401 at y = 1.579071

phi_e, max: -0.000000 at y = 1.690000
phi_e, min: -30456.946836 at y = 1.690000 
(Nodeid,phim): ( 0 , -nan ) ( 1 , -nan ) ( 2 , -nan ) ( 3 , -nan ) ( 4 , -nan ) ( 5 , -nan ) ( 6 , -nan ) ( 7 , -nan ) ( 8 , -nan ) ( 9 , inf )  
phi_m, max: 294.406161 at y = 1.664785

phi_e, max: -0.000000 at y = 1.690000
phi_e, min: -13945.412640 at y = 1.693574

phi_m, max: -0.002869 at y = 1.798082

phi_e, max: 1682.354621 at y = 2.120000
phi_e, min: 0.000000 at y = 1.690000 
(Nodeid,phim): ( 0 , -nan ) ( 1 , -nan ) ( 2 , -nan ) ( 3 , -nan ) ( 4 , -nan ) ( 5 , -nan ) ( 6 , -nan ) ( 7 , -nan ) ( 8 , -nan ) ( 9 , -inf )  
phi_m, max: -0.002891 at y = 1.585925

phi_e, max: -0.000000 at y = 1.690000
phi_e, min: -7270.630530 at y = 1.690000 
(Nodeid,phim): ( 0 , -nan ) ( 1 , -nan ) ( 2 , -nan ) ( 3 , -nan ) ( 4 , -nan ) ( 5 , -nan ) ( 6 , -nan ) ( 7 , -nan ) ( 8 , -nan ) ( 9 , -inf )  
phi_m, max: -0.002711 at y = 1.579071

phi_e, max: 1291.786599 at y = 2.120000
phi_e, min: 0.000000 at y = 1.690000 
(Nodeid,phim): ( 0 , -nan ) ( 1 , -nan ) ( 2 , -nan ) ( 3 , -nan ) ( 4 , -nan ) ( 5 , -nan ) ( 6 , -nan ) ( 7 , -nan ) ( 8 , -nan ) ( 9 , -inf )  
phi_m, max: -0.002848 at y = 2.014075

phi_e, max: -0.000000 at y = 1.690000
phi_e, min: -8189.408496 at y = 1.900587 
(Nodeid,phim): ( 0 , -nan ) ( 1 , -nan ) ( 2 , -nan ) ( 3 , -nan ) ( 4 , -nan ) ( 5 , -nan ) ( 6 , -nan ) ( 7 , -nan ) ( 8 , -nan ) ( 9 , -inf )  
phi_m, max: 37.047401 at y = 1.579071

phi_e, max: -0.000000 at y = 1.690000
phi_e, min: -30456.946836 at y = 1.690000 
(Nodeid,phim): ( 0 , -nan ) ( 1 , -nan ) ( 2 , -nan ) ( 3 , -nan ) ( 4 , -nan ) ( 5 , -nan ) ( 6 , -nan ) ( 7 , -nan ) ( 8 , -nan ) ( 9 , inf )  
phi_m, max: 294.406161 at y = 1.664785

phi_e, max: -0.000000 at y = 1.690000
phi_e, min: -13945.412640 at y = 1.693574 
(Nodeid,phim): ( 0 , -nan ) ( 1 , -nan ) ( 2 , -nan ) ( 3 , -nan ) ( 4 , -nan ) ( 5 , -nan ) ( 6 , -nan ) ( 7 , -nan ) ( 8 , -nan ) ( 9 , inf )  


 (0.00146318s, XML)

Time: 0.100000
CPU Time: 41.061546 min.
phi_m, max: -0.003007 at y = 0.858825

phi_e, max: 1684.343022 at y = 0.640000
phi_e, min: 0.000000 at y = 0.640000 
(Nodeid,phim): ( 0 , -nan ) ( 1 , -nan ) ( 2 , -nan ) ( 3 , -nan ) ( 4 , -inf ) ( 5 , -inf ) ( 6 , -nan ) ( 7 , -nan ) ( 8 , -nan ) ( 9 , -nan )  

Time: 0.200000
CPU Time: 41.258923 min.
phi_m, max: 292.094034 at y = 0.641175

phi_e, max: -0.000000 at y = 0.640000
phi_e, min: -8907.037050 at y = 0.640587 
(Nodeid,phim): ( 0 , -nan ) ( 1 , -nan ) ( 2 , -nan ) ( 3 , -nan ) ( 4 , inf ) ( 5 , inf ) ( 6 , -nan ) ( 7 , -nan ) ( 8 , -nan ) ( 9 , -nan )  

Time: 0.300000
CPU Time: 41.330619 min.
phi_m, max: 294.241020 at y = 0.824785

phi_e, max: -0.000000 at y = 0.640000
phi_e, min: -3204.504391 at y = 0.645587 
(Nodeid,phim): ( 0 , -nan ) ( 1 , -nan ) ( 2 , -nan ) ( 3 , -nan ) ( 4 , inf ) ( 5 , inf ) ( 6 , -nan ) ( 7 , -nan ) ( 8 , -nan ) ( 9 , -nan )  

Time: 0.400000
CPU Time: 39.742741 min.
phi_m, max: 284.138048 at y = 1.060000

phi_e, max: -0.000000 at y = 0.640000
phi_e, min: -9844.664998 at y = 0.860000 
(Nodeid,phim): ( 0 , -nan ) ( 1 , -nan ) ( 2 , -nan ) ( 3 , -nan ) ( 4 , inf ) ( 5 , inf ) ( 6 , -nan ) ( 7 , -nan ) ( 8 , -nan ) ( 9 , -nan )  

Time: 0.500000
CPU Time: 39.640061 min.
phi_m, max: 248.522636 at y = 1.060000

phi_e, max: -0.000000 at y = 0.640000
phi_e, min: -23265.191871 at y = 0.860000 
(Nodeid,phim): ( 0 , -nan ) ( 1 , -nan ) ( 2 , -nan ) ( 3 , -nan ) ( 4 , inf ) ( 5 , inf ) ( 6 , -nan ) ( 7 , -nan ) ( 8 , -nan ) ( 9 , -nan )  

Time: 0.600000
CPU Time: 39.078567 min.
phi_m, max: 200.048373 at y = 1.060000

phi_e, max: -0.000000 at y = 0.640000
phi_e, min: -10937.620623 at y = 0.860000


Time: 0.100000
CPU Time: 41.061546 min.
phi_m, max: -0.003007 at y = 0.858825

phi_e, max: 1684.343022 at y = 0.640000
phi_e, min: 0.000000 at y = 0.640000 
(Nodeid,phim): ( 0 , -nan ) ( 1 , -nan ) ( 2 , -nan ) ( 3 , -nan ) ( 4 , -inf ) ( 5 , -inf ) ( 6 , -nan ) ( 7 , -nan ) ( 8 , -nan ) ( 9 , -nan )  

Time: 0.200000
CPU Time: 41.258923 min.
phi_m, max: 292.094034 at y = 0.641175

phi_e, max: -0.000000 at y = 0.640000
phi_e, min: -8907.037050 at y = 0.640587 
(Nodeid,phim): ( 0 , -nan ) ( 1 , -nan ) ( 2 , -nan ) ( 3 , -nan ) ( 4 , inf ) ( 5 , inf ) ( 6 , -nan ) ( 7 , -nan ) ( 8 , -nan ) ( 9 , -nan )  

Time: 0.300000
CPU Time: 41.330619 min.
phi_m, max: 294.241020 at y = 0.824785

phi_e, max: -0.000000 at y = 0.640000
phi_e, min: -3204.504391 at y = 0.645587 
(Nodeid,phim): ( 0 , -nan ) ( 1 , -nan ) ( 2 , -nan ) ( 3 , -nan ) ( 4 , inf ) ( 5 , inf ) ( 6 , -nan ) ( 7 , -nan ) ( 8 , -nan ) ( 9 , -nan )  

Time: 0.400000
CPU Time: 39.742741 min.
phi_m, max: 284.138048 at y = 1.060000

phi_e, max: -0.000000 at y = 0.640000
phi_e, min: -9844.664998 at y = 0.860000 
(Nodeid,phim): ( 0 , -nan ) ( 1 , -nan ) ( 2 , -nan ) ( 3 , -nan ) ( 4 , inf ) ( 5 , inf ) ( 6 , -nan ) ( 7 , -nan ) ( 8 , -nan ) ( 9 , -nan )  

Time: 0.500000
CPU Time: 39.640061 min.
phi_m, max: 248.522636 at y = 1.060000

phi_e, max: -0.000000 at y = 0.640000
phi_e, min: -23265.191871 at y = 0.860000 
(Nodeid,phim): ( 0 , -nan ) ( 1 , -nan ) ( 2 , -nan ) ( 3 , -nan ) ( 4 , inf ) ( 5 , inf ) ( 6 , -nan ) ( 7 , -nan ) ( 8 , -nan ) ( 9 , -nan )  

Time: 0.600000
CPU Time: 39.078567 min.
phi_m, max: 200.048373 at y = 1.060000

phi_e, max: -0.000000 at y = 0.640000
phi_e, min: -10937.620623 at y = 0.860000 
(Nodeid,phim): ( 0 , -nan ) ( 1 , -nan ) ( 2 , -nan ) ( 3 , -nan ) ( 4 , inf ) ( 5 , inf ) ( 6 , -nan ) ( 7 , -nan ) ( 8 , -nan ) ( 9 , -nan )  


Writing: "NeuralEP2DmonoDWCL2mpi4_6.chk"
 (0.000468258s, XML)
Steps: 7000000  Time: 0.7         
Writing: "NeuralEP2DmonoDWCL2mpi4_phie_7.chk"
phi_m, max: 293.437662 at y = 0.226426

phi_e, max: 1786.395956 at y = 0.436426
phi_e, min: -498.487150 at y = 0.221175 
(Nodeid,phim): ( 0 , 112.582007 ) ( 1 , 112.582388 ) ( 2 , 114.443316 ) ( 3 , 28.637662 ) ( 4 , 0.000000 ) ( 5 , 0.000000 ) ( 6 , 0.000000 ) ( 7 , 0.000000 ) ( 8 , 0.000000 ) ( 9 , 0.000000 )  
phi_m, max: 292.681887 at y = 0.438213

phi_e, max: 0.000000 at y = 0.000000
phi_e, min: -7960.516876 at y = 0.440000 
(Nodeid,phim): ( 0 , 97.501107 ) ( 1 , 97.574801 ) ( 2 , 104.627614 ) ( 3 , 113.593209 ) ( 4 , 0.000000 ) ( 5 , 0.000000 ) ( 6 , 0.000000 ) ( 7 , 0.000000 ) ( 8 , 0.000000 ) ( 9 , 0.000000 )  
phi_m, max: 266.129048 at y = 0.497143

phi_e, max: 0.000000 at y = 0.000000
phi_e, min: -2834.245140 at y = 0.440000 
(Nodeid,phim): ( 0 , 78.114400 ) ( 1 , 78.203434 ) ( 2 , 86.558508 ) ( 3 , 100.474949 ) ( 4 , 0.000000 ) ( 5 , 0.000000 ) ( 6 , 0.000000 ) ( 7 , 0.000000 ) ( 8 , 0.000000 ) ( 9 , 0.000000 )  
phi_m, max: 221.361988 at y = 0.497143

phi_e, max: 0.000000 at y = 0.000000
phi_e, min: -6158.486340 at y = 0.440000 
(Nodeid,phim): ( 0 , 58.168642 ) ( 1 , 58.255956 ) ( 2 , 66.440275 ) ( 3 , 81.508111 ) ( 4 , 0.000000 ) ( 5 , 0.000000 ) ( 6 , 0.000000 ) ( 7 , 0.000000 ) ( 8 , 0.000000 ) ( 9 , 0.000000 )  
phi_m, max: 170.873982 at y = 0.497143

phi_e, max: 0.000000 at y = 0.000000
phi_e, min: -12677.614960 at y = 0.440000 
(Nodeid,phim): ( 0 , 40.495729 ) ( 1 , 40.577070 ) ( 2 , 47.581032 ) ( 3 , 61.409924 ) ( 4 , 0.000000 ) ( 5 , 0.000000 ) ( 6 , 0.000000 ) ( 7 , 0.000000 ) ( 8 , 0.000000 ) ( 9 , 0.000000 )  
phi_m, max: 122.952318 at y = 0.497143

phi_e, max: 0.000000 at y = 0.000000
phi_e, min: -6143.513471 at y = 0.440000 
(Nodeid,phim): ( 0 , 20.953172 ) ( 1 , 21.183318 ) ( 2 , 29.860621 ) ( 3 , 43.180635 ) ( 4 , 0.000000 ) ( 5 , 0.000000 ) ( 6 , 0.000000 ) ( 7 , 0.000000 ) ( 8 , 0.000000 ) ( 9 , 0.000000 )  
phi_m, max: 79.318094 at y = 0.497143

phi_e, max: 0.000000 at y = 0.000000
phi_e, min: -7396.873458 at y = 0.440000

phi_m, max: 293.437662 at y = 0.226426

phi_e, max: 1786.395956 at y = 0.436426
phi_e, min: -498.487150 at y = 0.221175 
(Nodeid,phim): ( 0 , 112.582007 ) ( 1 , 112.582388 ) ( 2 , 114.443316 ) ( 3 , 28.637662 ) ( 4 , 0.000000 ) ( 5 , 0.000000 ) ( 6 , 0.000000 ) ( 7 , 0.000000 ) ( 8 , 0.000000 ) ( 9 , 0.000000 )  
phi_m, max: 292.681887 at y = 0.438213

phi_e, max: 0.000000 at y = 0.000000
phi_e, min: -7960.516876 at y = 0.440000 
(Nodeid,phim): ( 0 , 97.501107 ) ( 1 , 97.574801 ) ( 2 , 104.627614 ) ( 3 , 113.593209 ) ( 4 , 0.000000 ) ( 5 , 0.000000 ) ( 6 , 0.000000 ) ( 7 , 0.000000 ) ( 8 , 0.000000 ) ( 9 , 0.000000 )  
phi_m, max: 266.129048 at y = 0.497143

phi_e, max: 0.000000 at y = 0.000000
phi_e, min: -2834.245140 at y = 0.440000 
(Nodeid,phim): ( 0 , 78.114400 ) ( 1 , 78.203434 ) ( 2 , 86.558508 ) ( 3 , 100.474949 ) ( 4 , 0.000000 ) ( 5 , 0.000000 ) ( 6 , 0.000000 ) ( 7 , 0.000000 ) ( 8 , 0.000000 ) ( 9 , 0.000000 )  
phi_m, max: 221.361988 at y = 0.497143

phi_e, max: 0.000000 at y = 0.000000
phi_e, min: -6158.486340 at y = 0.440000 
(Nodeid,phim): ( 0 , 58.168642 ) ( 1 , 58.255956 ) ( 2 , 66.440275 ) ( 3 , 81.508111 ) ( 4 , 0.000000 ) ( 5 , 0.000000 ) ( 6 , 0.000000 ) ( 7 , 0.000000 ) ( 8 , 0.000000 ) ( 9 , 0.000000 )  
phi_m, max: 170.873982 at y = 0.497143

phi_e, max: 0.000000 at y = 0.000000
phi_e, min: -12677.614960 at y = 0.440000 
(Nodeid,phim): ( 0 , 40.495729 ) ( 1 , 40.577070 ) ( 2 , 47.581032 ) ( 3 , 61.409924 ) ( 4 , 0.000000 ) ( 5 , 0.000000 ) ( 6 , 0.000000 ) ( 7 , 0.000000 ) ( 8 , 0.000000 ) ( 9 , 0.000000 )  
phi_m, max: 122.952318 at y = 0.497143

phi_e, max: 0.000000 at y = 0.000000
phi_e, min: -6143.513471 at y = 0.440000 
(Nodeid,phim): ( 0 , 20.953172 ) ( 1 , 21.183318 ) ( 2 , 29.860621 ) ( 3 , 43.180635 ) ( 4 , 0.000000 ) ( 5 , 0.000000 ) ( 6 , 0.000000 ) ( 7 , 0.000000 ) ( 8 , 0.000000 ) ( 9 , 0.000000 )  
phi_m, max: 79.318094 at y = 0.497143

phi_e, max: 0.000000 at y = 0.000000
phi_e, min: -7396.873458 at y = 0.440000 
(Nodeid,phim): ( 0 , 3.475615 ) ( 1 , 3.597452 ) ( 2 , 8.704106 ) ( 3 , 24.292967 ) ( 4 , 0.000000 ) ( 5 , 0.000000 ) ( 6 (0.00145386s, XML)

Time: 0.100000
CPU Time: 41.061546 min.
phi_m, max: -0.003007 at y = 0.858825

phi_e, max: 1684.343022 at y = 0.640000
phi_e, min: 0.000000 at y = 0.640000 
(Nodeid,phim): ( 0 , -nan ) ( 1 , -nan ) ( 2 , -nan ) ( 3 , -nan ) ( 4 , -inf ) ( 5 , -inf ) ( 6 , -nan ) ( 7 , -nan ) ( 8 , -nan ) ( 9 , -nan )  

Time: 0.200000
CPU Time: 41.258923 min.
phi_m, max: 292.094034 at y = 0.641175

phi_e, max: -0.000000 at y = 0.640000
phi_e, min: -8907.037050 at y = 0.640587 
(Nodeid,phim): ( 0 , -nan ) ( 1 , -nan ) ( 2 , -nan ) ( 3 , -nan ) ( 4 , inf ) ( 5 , inf ) ( 6 , -nan ) ( 7 , -nan ) ( 8 , -nan ) ( 9 , -nan )  

Time: 0.300000
CPU Time: 41.330619 min.
phi_m, max: 294.241020 at y = 0.824785

phi_e, max: -0.000000 at y = 0.640000
phi_e, min: -3204.504391 at y = 0.645587 
(Nodeid,phim): ( 0 , -nan ) ( 1 , -nan ) ( 2 , -nan ) ( 3 , -nan ) ( 4 , inf ) ( 5 , inf ) ( 6 , -nan ) ( 7 , -nan ) ( 8 , -nan ) ( 9 , -nan )  

Time: 0.400000
CPU Time: 39.742741 min.
phi_m, max: 284.138048 at y = 1.060000

phi_e, max: -0.000000 at y = 0.640000
phi_e, min: -9844.664998 at y = 0.860000 
(Nodeid,phim): ( 0 , -nan ) ( 1 , -nan ) ( 2 , -nan ) ( 3 , -nan ) ( 4 , inf ) ( 5 , inf ) ( 6 , -nan ) ( 7 , -nan ) ( 8 , -nan ) ( 9 , -nan )  

Time: 0.500000
CPU Time: 39.640061 min.
phi_m, max: 248.522636 at y = 1.060000

phi_e, max: -0.000000 at y = 0.640000
phi_e, min: -23265.191871 at y = 0.860000 
(Nodeid,phim): ( 0 , -nan ) ( 1 , -nan ) ( 2 , -nan ) ( 3 , -nan ) ( 4 , inf ) ( 5 , inf ) ( 6 , -nan ) ( 7 , -nan ) ( 8 , -nan ) ( 9 , -nan )  

Time: 0.600000
CPU Time: 39.078567 min.
phi_m, max: 200.048373 at y = 1.060000

phi_e, max: -0.000000 at y = 0.640000
phi_e, min: -10937.620623 at y = 0.860000 
(Nodeid,phim): ( 0 , -nan ) ( 1 , -nan ) ( 2 , -nan ) ( 3 , -nan ) ( 4 , inf ) ( 5 , inf ) ( 6 , -nan ) ( 7 , -nan ) ( 8 , -nan ) ( 9 , -nan )  

Time: 0.700000
CPU Time: 38.122939 min.
phi_m, max: 149.514166 at y = 1.060000

phi_e, max: -0.000000 at y = 0.640000
phi_e, min: -13919.848440 at y = 0.860000


Time: 0.100000
CPU Time: 41.061546 min.
phi_m, max: -0.003007 at y = 0.858825

phi_e, max: 1684.343022 at y = 0.640000
phi_e, min: 0.000000 at y = 0.640000 
(Nodeid,phim): ( 0 , -nan ) ( 1 , -nan ) ( 2 , -nan ) ( 3 , -nan ) ( 4 , -inf ) ( 5 , -inf ) ( 6 , -nan ) ( 7 , -nan ) ( 8 , -nan ) ( 9 , -nan )  

Time: 0.200000
CPU Time: 41.258923 min.
phi_m, max: 292.094034 at y = 0.641175

phi_e, max: -0.000000 at y = 0.640000
phi_e, min: -8907.037050 at y = 0.640587 
(Nodeid,phim): ( 0 , -nan ) ( 1 , -nan ) ( 2 , -nan ) ( 3 , -nan ) ( 4 , inf ) ( 5 , inf ) ( 6 , -nan ) ( 7 , -nan ) ( 8 , -nan ) ( 9 , -nan )  

Time: 0.300000
CPU Time: 41.330619 min.
phi_m, max: 294.241020 at y = 0.824785

phi_e, max: -0.000000 at y = 0.640000
phi_e, min: -3204.504391 at y = 0.645587 
(Nodeid,phim): ( 0 , -nan ) ( 1 , -nan ) ( 2 , -nan ) ( 3 , -nan ) ( 4 , inf ) ( 5 , inf ) ( 6 , -nan ) ( 7 , -nan ) ( 8 , -nan ) ( 9 , -nan )  

Time: 0.400000
CPU Time: 39.742741 min.
phi_m, max: 284.138048 at y = 1.060000

phi_e, max: -0.000000 at y = 0.640000
phi_e, min: -9844.664998 at y = 0.860000 
(Nodeid,phim): ( 0 , -nan ) ( 1 , -nan ) ( 2 , -nan ) ( 3 , -nan ) ( 4 , inf ) ( 5 , inf ) ( 6 , -nan ) ( 7 , -nan ) ( 8 , -nan ) ( 9 , -nan )  

Time: 0.500000
CPU Time: 39.640061 min.
phi_m, max: 248.522636 at y = 1.060000

phi_e, max: -0.000000 at y = 0.640000
phi_e, min: -23265.191871 at y = 0.860000 
(Nodeid,phim): ( 0 , -nan ) ( 1 , -nan ) ( 2 , -nan ) ( 3 , -nan ) ( 4 , inf ) ( 5 , inf ) ( 6 , -nan ) ( 7 , -nan ) ( 8 , -nan ) ( 9 , -nan )  

Time: 0.600000
CPU Time: 39.078567 min.
phi_m, max: 200.048373 at y = 1.060000

phi_e, max: -0.000000 at y = 0.640000
phi_e, min: -10937.620623 at y = 0.860000 
(Nodeid,phim): ( 0 , -nan ) ( 1 , -nan ) ( 2 , -nan ) ( 3 , -nan ) ( 4 , inf ) ( 5 , inf ) ( 6 , -nan ) ( 7 , -nan ) ( 8 , -nan ) ( 9 , -nan )  

Time: 0.700000
CPU Time: 38.122939 min.
phi_m, max: 149.514166 at y = 1.060000

phi_e, max: -0.000000 at y = 0.640000
phi_e, min: -13919.848440 at y = 0.860000 
(Nodeid,phim): ( 0 , -nan ) ( 1 , -nan ) ( 2 , -nan ) ( 3 , -nan ) ( 4 , inf phi_m, max: -0.002869 at y = 1.798082

phi_e, max: 1682.354621 at y = 2.120000
phi_e, min: 0.000000 at y = 1.690000 
(Nodeid,phim): ( 0 , -nan ) ( 1 , -nan ) ( 2 , -nan ) ( 3 , -nan ) ( 4 , -nan ) ( 5 , -nan ) ( 6 , -nan ) ( 7 , -nan ) ( 8 , -nan ) ( 9 , -inf )  
phi_m, max: -0.002891 at y = 1.585925

phi_e, max: -0.000000 at y = 1.690000
phi_e, min: -7270.630530 at y = 1.690000 
(Nodeid,phim): ( 0 , -nan ) ( 1 , -nan ) ( 2 , -nan ) ( 3 , -nan ) ( 4 , -nan ) ( 5 , -nan ) ( 6 , -nan ) ( 7 , -nan ) ( 8 , -nan ) ( 9 , -inf )  
phi_m, max: -0.002711 at y = 1.579071

phi_e, max: 1291.786599 at y = 2.120000
phi_e, min: 0.000000 at y = 1.690000 
(Nodeid,phim): ( 0 , -nan ) ( 1 , -nan ) ( 2 , -nan ) ( 3 , -nan ) ( 4 , -nan ) ( 5 , -nan ) ( 6 , -nan ) ( 7 , -nan ) ( 8 , -nan ) ( 9 , -inf )  
phi_m, max: -0.002848 at y = 2.014075

phi_e, max: -0.000000 at y = 1.690000
phi_e, min: -8189.408496 at y = 1.900587 
(Nodeid,phim): ( 0 , -nan ) ( 1 , -nan ) ( 2 , -nan ) ( 3 , -nan ) ( 4 , -nan ) ( 5 , -nan ) ( 6 , -nan ) ( 7 , -nan ) ( 8 , -nan ) ( 9 , -inf )  
phi_m, max: 37.047401 at y = 1.579071

phi_e, max: -0.000000 at y = 1.690000
phi_e, min: -30456.946836 at y = 1.690000 
(Nodeid,phim): ( 0 , -nan ) ( 1 , -nan ) ( 2 , -nan ) ( 3 , -nan ) ( 4 , -nan ) ( 5 , -nan ) ( 6 , -nan ) ( 7 , -nan ) ( 8 , -nan ) ( 9 , inf )  
phi_m, max: 294.406161 at y = 1.664785

phi_e, max: -0.000000 at y = 1.690000
phi_e, min: -13945.412640 at y = 1.693574 
(Nodeid,phim): ( 0 , -nan ) ( 1 , -nan ) ( 2 , -nan ) ( 3 , -nan ) ( 4 , -nan ) ( 5 , -nan ) ( 6 , -nan ) ( 7 , -nan ) ( 8 , -nan ) ( 9 , inf )  
phi_m, max: 293.419515 at y = 1.906426

phi_e, max: -0.000000 at y = 1.690000
phi_e, min: -21957.269312 at y = 1.900587

phi_m, max: -0.002869 at y = 1.798082

phi_e, max: 1682.354621 at y = 2.120000
phi_e, min: 0.000000 at y = 1.690000 
(Nodeid,phim): ( 0 , -nan ) ( 1 , -nan ) ( 2 , -nan ) ( 3 , -nan ) ( 4 , -nan ) ( 5 , -nan ) ( 6 , -nan ) ( 7 , -nan ) ( 8 , -nan ) ( 9 , -inf )  
phi_m, max: -0.002891 at y = 1.585925

phi_e, max: -0.000000 at y = 1.690000
phi_e, min: -7270.630530 at y = 1.690000 
(Nodeid,phim): ( 0 , -nan ) ( 1 , -nan ) ( 2 , -nan ) ( 3 , -nan ) ( 4 , -nan ) ( 5 , -nan ) ( 6 , -nan ) ( 7 , -nan ) ( 8 , -nan ) ( 9 , -inf )  
phi_m, max: -0.002711 at y = 1.579071

phi_e, max: 1291.786599 at y = 2.120000
phi_e, min: 0.000000 at y = 1.690000 
(Nodeid,phim): ( 0 , -nan ) ( 1 , -nan ) ( 2 , -nan ) ( 3 , -nan ) ( 4 , -nan ) ( 5 , -nan ) ( 6 , -nan ) ( 7 , -nan ) ( 8 , -nan ) ( 9 , -inf )  
phi_m, max: -0.002848 at y = 2.014075

phi_e, max: -0.000000 at y = 1.690000
phi_e, min: -8189.408496 at y = 1.900587 
(Nodeid,phim): ( 0 , -nan ) ( 1 , -nan ) ( 2 , -nan ) ( 3 , -nan ) ( 4 , -nan ) ( 5 , -nan ) ( 6 , -nan ) ( 7 , -nan ) ( 8 , -nan ) ( 9 , -inf )  
phi_m, max: 37.047401 at y = 1.579071

phi_e, max: -0.000000 at y = 1.690000
phi_e, min: -30456.946836 at y = 1.690000 
(Nodeid,phim): ( 0 , -nan ) ( 1 , -nan ) ( 2 , -nan ) ( 3 , -nan ) ( 4 , -nan ) ( 5 , -nan ) ( 6 , -nan ) ( 7 , -nan ) ( 8 , -nan ) ( 9 , inf )  
phi_m, max: 294.406161 at y = 1.664785

phi_e, max: -0.000000 at y = 1.690000
phi_e, min: -13945.412640 at y = 1.693574 
(Nodeid,phim): ( 0 , -nan ) ( 1 , -nan ) ( 2 , -nan ) ( 3 , -nan ) ( 4 , -nan ) ( 5 , -nan ) ( 6 , -nan ) ( 7 , -nan ) ( 8 , -nan ) ( 9 , inf )  
phi_m, max: 293.419515 at y = 1.906426

phi_e, max: -0.000000 at y = 1.690000
phi_e, min: -21957.269312 at y = 1.900587 
(Nodeid,phim): ( 0 , -nan ) ( 1 , -nan ) ( 2 , -nan ) ( 3 , -nan ) ( 4 , -nan ) ( 5 , -nan ) ( 6 , -nan ) ( 7 , -nan ) ( 8 , -nan ) ( 9 , inf )  


phi_m, max: -0.002869 at y = 1.591918

phi_e, max: 1682.323040 at y = 1.490000
phi_e, min: 0.000000 at y = 1.098571 
(Nodeid,phim): ( 0 , -nan ) ( 1 , -nan ) ( 2 , -nan ) ( 3 , -nan ) ( 4 , -nan ) ( 5 , -nan ) ( 6 , -inf ) ( 7 , -inf ) ( 8 , -inf ) ( 9 , -nan )  
phi_m, max: 0.316476 at y = 1.060000

phi_e, max: -0.000000 at y = 1.098571
phi_e, min: -7271.060858 at y = 1.060000 
(Nodeid,phim): ( 0 , -nan ) ( 1 , -nan ) ( 2 , -nan ) ( 3 , -nan ) ( 4 , -nan ) ( 5 , -nan ) ( 6 , inf ) ( 7 , -inf ) ( 8 , -inf ) ( 9 , -nan )  
phi_m, max: 84.887697 at y = 1.060000

phi_e, max: 1291.749034 at y = 1.490000
phi_e, min: 0.000000 at y = 1.098571 
(Nodeid,phim): ( 0 , -nan ) ( 1 , -nan ) ( 2 , -nan ) ( 3 , -nan ) ( 4 , -nan ) ( 5 , -nan ) ( 6 , inf ) ( 7 , inf ) ( 8 , -inf ) ( 9 , -nan )  
phi_m, max: 293.419400 at y = 1.066426

phi_e, max: -0.000000 at y = 1.098571
phi_e, min: -10387.568073 at y = 1.061624 
(Nodeid,phim): ( 0 , -nan ) ( 1 , -nan ) ( 2 , -nan ) ( 3 , -nan ) ( 4 , -nan ) ( 5 , -nan ) ( 6 , inf ) ( 7 , inf ) ( 8 , -inf ) ( 9 , -nan )  
phi_m, max: 292.694475 at y = 1.278213

phi_e, max: -0.000000 at y = 1.098571
phi_e, min: -32045.936336 at y = 1.480587 
(Nodeid,phim): ( 0 , -nan ) ( 1 , -nan ) ( 2 , -nan ) ( 3 , -nan ) ( 4 , -nan ) ( 5 , -nan ) ( 6 , inf ) ( 7 , inf ) ( 8 , inf ) ( 9 , -nan )  
phi_m, max: 291.859068 at y = 1.604286

phi_e, max: -0.000000 at y = 1.098571
phi_e, min: -14130.524372 at y = 1.485449 
(Nodeid,phim): ( 0 , -nan ) ( 1 , -nan ) ( 2 , -nan ) ( 3 , -nan ) ( 4 , -nan ) ( 5 , -nan ) ( 6 , inf ) ( 7 , inf ) ( 8 , inf ) ( 9 , -nan )  
phi_m, max: 256.830530 at y = 1.604286

phi_e, max: -0.000000 at y = 1.098571
phi_e, min: -20803.700773 at y = 1.490000

phi_m, max: -0.002869 at y = 1.591918

phi_e, max: 1682.323040 at y = 1.490000
phi_e, min: 0.000000 at y = 1.098571 
(Nodeid,phim): ( 0 , -nan ) ( 1 , -nan ) ( 2 , -nan ) ( 3 , -nan ) ( 4 , -nan ) ( 5 , -nan ) ( 6 , -inf ) ( 7 , -inf ) ( 8 , -inf ) ( 9 , -nan )  
phi_m, max: 0.316476 at y = 1.060000

phi_e, max: -0.000000 at y = 1.098571
phi_e, min: -7271.060858 at y = 1.060000 
(Nodeid,phim): ( 0 , -nan ) ( 1 , -nan ) ( 2 , -nan ) ( 3 , -nan ) ( 4 , -nan ) ( 5 , -nan ) ( 6 , inf ) ( 7 , -inf ) ( 8 , -inf ) ( 9 , -nan )  
phi_m, max: 84.887697 at y = 1.060000

phi_e, max: 1291.749034 at y = 1.490000
phi_e, min: 0.000000 at y = 1.098571 
(Nodeid,phim): ( 0 , -nan ) ( 1 , -nan ) ( 2 , -nan ) ( 3 , -nan ) ( 4 , -nan ) ( 5 , -nan ) ( 6 , inf ) ( 7 , inf ) ( 8 , -inf ) ( 9 , -nan )  
phi_m, max: 293.419400 at y = 1.066426

phi_e, max: -0.000000 at y = 1.098571
phi_e, min: -10387.568073 at y = 1.061624 
(Nodeid,phim): ( 0 , -nan ) ( 1 , -nan ) ( 2 , -nan ) ( 3 , -nan ) ( 4 , -nan ) ( 5 , -nan ) ( 6 , inf ) ( 7 , inf ) ( 8 , -inf ) ( 9 , -nan )  
phi_m, max: 292.694475 at y = 1.278213

phi_e, max: -0.000000 at y = 1.098571
phi_e, min: -32045.936336 at y = 1.480587 
(Nodeid,phim): ( 0 , -nan ) ( 1 , -nan ) ( 2 , -nan ) ( 3 , -nan ) ( 4 , -nan ) ( 5 , -nan ) ( 6 , inf ) ( 7 , inf ) ( 8 , inf ) ( 9 , -nan )  
phi_m, max: 291.859068 at y = 1.604286

phi_e, max: -0.000000 at y = 1.098571
phi_e, min: -14130.524372 at y = 1.485449 
(Nodeid,phim): ( 0 , -nan ) ( 1 , -nan ) ( 2 , -nan ) ( 3 , -nan ) ( 4 , -nan ) ( 5 , -nan ) ( 6 , inf ) ( 7 , inf ) ( 8 , inf ) ( 9 , -nan )  
phi_m, max: 256.830530 at y = 1.604286

phi_e, max: -0.000000 at y = 1.098571
phi_e, min: -20803.700773 at y = 1.490000 
(Nodeid,phim): ( 0 , -nan ) ( 1 , -nan ) ( 2 , -nan ) ( 3 , -nan ) ( 4 , -nan ) ( 5 , -nan ) ( 6 , inf ) ( 7 , inf ) ( 8 , inf ) ( 9 , -nan )  


) ( 5 , inf ) ( 6 , -nan ) ( 7 , -nan ) ( 8 , -nan ) ( 9 , -nan )  


Writing: "NeuralEP2DmonoDWCL2mpi4_7.chk"
 , 0.000000 ) ( 7 , 0.000000 ) ( 8 , 0.000000 ) ( 9 , 0.000000 )  


 (0.000499026s, XML)
Steps: 8000000  Time: 0.8         
Writing: "NeuralEP2DmonoDWCL2mpi4_phie_8.chk"
phi_m, max: 293.437662 at y = 0.226426

phi_e, max: 1786.395956 at y = 0.436426
phi_e, min: -498.487150 at y = 0.221175 
(Nodeid,phim): ( 0 , 112.582007 ) ( 1 , 112.582388 ) ( 2 , 114.443316 ) ( 3 , 28.637662 ) ( 4 , 0.000000 ) ( 5 , 0.000000 ) ( 6 , 0.000000 ) ( 7 , 0.000000 ) ( 8 , 0.000000 ) ( 9 , 0.000000 )  
phi_m, max: 292.681887 at y = 0.438213

phi_e, max: 0.000000 at y = 0.000000
phi_e, min: -7960.516876 at y = 0.440000 
(Nodeid,phim): ( 0 , 97.501107 ) ( 1 , 97.574801 ) ( 2 , 104.627614 ) ( 3 , 113.593209 ) ( 4 , 0.000000 ) ( 5 , 0.000000 ) ( 6 , 0.000000 ) ( 7 , 0.000000 ) ( 8 , 0.000000 ) ( 9 , 0.000000 )  
phi_m, max: 266.129048 at y = 0.497143

phi_e, max: 0.000000 at y = 0.000000
phi_e, min: -2834.245140 at y = 0.440000 
(Nodeid,phim): ( 0 , 78.114400 ) ( 1 , 78.203434 ) ( 2 , 86.558508 ) ( 3 , 100.474949 ) ( 4 , 0.000000 ) ( 5 , 0.000000 ) ( 6 , 0.000000 ) ( 7 , 0.000000 ) ( 8 , 0.000000 ) ( 9 , 0.000000 )  
phi_m, max: 221.361988 at y = 0.497143

phi_e, max: 0.000000 at y = 0.000000
phi_e, min: -6158.486340 at y = 0.440000 
(Nodeid,phim): ( 0 , 58.168642 ) ( 1 , 58.255956 ) ( 2 , 66.440275 ) ( 3 , 81.508111 ) ( 4 , 0.000000 ) ( 5 , 0.000000 ) ( 6 , 0.000000 ) ( 7 , 0.000000 ) ( 8 , 0.000000 ) ( 9 , 0.000000 )  
phi_m, max: 170.873982 at y = 0.497143

phi_e, max: 0.000000 at y = 0.000000
phi_e, min: -12677.614960 at y = 0.440000 
(Nodeid,phim): ( 0 , 40.495729 ) ( 1 , 40.577070 ) ( 2 , 47.581032 ) ( 3 , 61.409924 ) ( 4 , 0.000000 ) ( 5 , 0.000000 ) ( 6 , 0.000000 ) ( 7 , 0.000000 ) ( 8 , 0.000000 ) ( 9 , 0.000000 )  
phi_m, max: 122.952318 at y = 0.497143

phi_e, max: 0.000000 at y = 0.000000
phi_e, min: -6143.513471 at y = 0.440000 
(Nodeid,phim): ( 0 , 20.953172 ) ( 1 , 21.183318 ) ( 2 , 29.860621 ) ( 3 , 43.180635 ) ( 4 , 0.000000 ) ( 5 , 0.000000 ) ( 6 , 0.000000 ) ( 7 , 0.000000 ) ( 8 , 0.000000 ) ( 9 , 0.000000 )  
phi_m, max: 79.318094 at y = 0.497143

phi_e, max: 0.000000 at y = 0.000000
phi_e, min: -7396.873458 at y = 0.440000 
(Nodeid,phim): ( 0 , 3.475615 ) ( 1 , 3.597452 ) ( 2 , 8.704106 ) ( 3 , 24.292967 ) ( 4 , 0.000000 ) ( 5 , 0.000000 ) ( 6 , 0.000000 ) ( 7 , 0.000000 ) ( 8 , 0.000000 ) ( 9 , 0.000000 )  
phi_m, max: 24.681796 at y = 0.497143

phi_e, max: 0.000000 at y = 0.000000
phi_e, min: -7111.114539 at y = 0.440000

phi_m, max: 293.437662 at y = 0.226426

phi_e, max: 1786.395956 at y = 0.436426
phi_e, min: -498.487150 at y = 0.221175 
(Nodeid,phim): ( 0 , 112.582007 ) ( 1 , 112.582388 ) ( 2 , 114.443316 ) ( 3 , 28.637662 ) ( 4 , 0.000000 ) ( 5 , 0.000000 ) ( 6 , 0.000000 ) ( 7 , 0.000000 ) ( 8 , 0.000000 ) ( 9 , 0.000000 )  
phi_m, max: 292.681887 at y = 0.438213

phi_e, max: 0.000000 at y = 0.000000
phi_e, min: -7960.516876 at y = 0.440000 
(Nodeid,phim): ( 0 , 97.501107 ) ( 1 , 97.574801 ) ( 2 , 104.627614 ) ( 3 , 113.593209 ) ( 4 , 0.000000 ) ( 5 , 0.000000 ) ( 6 , 0.000000 ) ( 7 , 0.000000 ) ( 8 , 0.000000 ) ( 9 , 0.000000 )  
phi_m, max: 266.129048 at y = 0.497143

phi_e, max: 0.000000 at y = 0.000000
phi_e, min: -2834.245140 at y = 0.440000 
(Nodeid,phim): ( 0 , 78.114400 ) ( 1 , 78.203434 ) ( 2 , 86.558508 ) ( 3 , 100.474949 ) ( 4 , 0.000000 ) ( 5 , 0.000000 ) ( 6 , 0.000000 ) ( 7 , 0.000000 ) ( 8 , 0.000000 ) ( 9 , 0.000000 )  
phi_m, max: 221.361988 at y = 0.497143

phi_e, max: 0.000000 at y = 0.000000
phi_e, min: -6158.486340 at y = 0.440000 
(Nodeid,phim): ( 0 , 58.168642 ) ( 1 , 58.255956 ) ( 2 , 66.440275 ) ( 3 , 81.508111 ) ( 4 , 0.000000 ) ( 5 , 0.000000 ) ( 6 , 0.000000 ) ( 7 , 0.000000 ) ( 8 , 0.000000 ) ( 9 , 0.000000 )  
phi_m, max: 170.873982 at y = 0.497143

phi_e, max: 0.000000 at y = 0.000000
phi_e, min: -12677.614960 at y = 0.440000 
(Nodeid,phim): ( 0 , 40.495729 ) ( 1 , 40.577070 ) ( 2 , 47.581032 ) ( 3 , 61.409924 ) ( 4 , 0.000000 ) ( 5 , 0.000000 ) ( 6 , 0.000000 ) ( 7 , 0.000000 ) ( 8 , 0.000000 ) ( 9 , 0.000000 )  
phi_m, max: 122.952318 at y = 0.497143

phi_e, max: 0.000000 at y = 0.000000
phi_e, min: -6143.513471 at y = 0.440000 
(Nodeid,phim): ( 0 , 20.953172 ) ( 1 , 21.183318 ) ( 2 , 29.860621 ) ( 3 , 43.180635 ) ( 4 , 0.000000 ) ( 5 , 0.000000 ) ( 6 (0.00145846s, XML)

Time: 0.100000
CPU Time: 41.061546 min.
phi_m, max: -0.003007 at y = 0.858825

phi_e, max: 1684.343022 at y = 0.640000
phi_e, min: 0.000000 at y = 0.640000 
(Nodeid,phim): ( 0 , -nan ) ( 1 , -nan ) ( 2 , -nan ) ( 3 , -nan ) ( 4 , -inf ) ( 5 , -inf ) ( 6 , -nan ) ( 7 , -nan ) ( 8 , -nan ) ( 9 , -nan )  

Time: 0.200000
CPU Time: 41.258923 min.
phi_m, max: 292.094034 at y = 0.641175

phi_e, max: -0.000000 at y = 0.640000
phi_e, min: -8907.037050 at y = 0.640587 
(Nodeid,phim): ( 0 , -nan ) ( 1 , -nan ) ( 2 , -nan ) ( 3 , -nan ) ( 4 , inf ) ( 5 , inf ) ( 6 , -nan ) ( 7 , -nan ) ( 8 , -nan ) ( 9 , -nan )  

Time: 0.300000
CPU Time: 41.330619 min.
phi_m, max: 294.241020 at y = 0.824785

phi_e, max: -0.000000 at y = 0.640000
phi_e, min: -3204.504391 at y = 0.645587 
(Nodeid,phim): ( 0 , -nan ) ( 1 , -nan ) ( 2 , -nan ) ( 3 , -nan ) ( 4 , inf ) ( 5 , inf ) ( 6 , -nan ) ( 7 , -nan ) ( 8 , -nan ) ( 9 , -nan )  

Time: 0.400000
CPU Time: 39.742741 min.
phi_m, max: 284.138048 at y = 1.060000

phi_e, max: -0.000000 at y = 0.640000
phi_e, min: -9844.664998 at y = 0.860000 
(Nodeid,phim): ( 0 , -nan ) ( 1 , -nan ) ( 2 , -nan ) ( 3 , -nan ) ( 4 , inf ) ( 5 , inf ) ( 6 , -nan ) ( 7 , -nan ) ( 8 , -nan ) ( 9 , -nan )  

Time: 0.500000
CPU Time: 39.640061 min.
phi_m, max: 248.522636 at y = 1.060000

phi_e, max: -0.000000 at y = 0.640000
phi_e, min: -23265.191871 at y = 0.860000 
(Nodeid,phim): ( 0 , -nan ) ( 1 , -nan ) ( 2 , -nan ) ( 3 , -nan ) ( 4 , inf ) ( 5 , inf ) ( 6 , -nan ) ( 7 , -nan ) ( 8 , -nan ) ( 9 , -nan )  

Time: 0.600000
CPU Time: 39.078567 min.
phi_m, max: 200.048373 at y = 1.060000

phi_e, max: -0.000000 at y = 0.640000
phi_e, min: -10937.620623 at y = 0.860000 
(Nodeid,phim): ( 0 , -nan ) ( 1 , -nan ) ( 2 , -nan ) ( 3 , -nan ) ( 4 , inf ) ( 5 , inf ) ( 6 , -nan ) ( 7 , -nan ) ( 8 , -nan ) ( 9 , -nan )  

Time: 0.700000
CPU Time: 38.122939 min.
phi_m, max: 149.514166 at y = 1.060000

phi_e, max: -0.000000 at y = 0.640000
phi_e, min: -13919.848440 at y = 0.860000 
(Nodeid,phim): ( 0 , -nan ) ( 1 , -nan ) ( 2 , -nan ) ( 3 , -nan ) ( 4 , inf ) ( 5 , inf ) ( 6 , -nan ) ( 7 , -nan ) ( 8 , -nan ) ( 9 , -nan )  

Time: 0.800000
CPU Time: 37.984350 min.
phi_m, max: 104.381205 at y = 1.060000

phi_e, max: -0.000000 at y = 0.640000
phi_e, min: -14291.593837 at y = 0.860000


Time: 0.100000
CPU Time: 41.061546 min.
phi_m, max: -0.003007 at y = 0.858825

phi_e, max: 1684.343022 at y = 0.640000
phi_e, min: 0.000000 at y = 0.640000 
(Nodeid,phim): ( 0 , -nan ) ( 1 , -nan ) ( 2 , -nan ) ( 3 , -nan ) ( 4 , -inf ) ( 5 , -inf ) ( 6 , -nan ) ( 7 , -nan ) ( 8 , -nan ) ( 9 , -nan )  

Time: 0.200000
CPU Time: 41.258923 min.
phi_m, max: 292.094034 at y = 0.641175

phi_e, max: -0.000000 at y = 0.640000
phi_e, min: -8907.037050 at y = 0.640587 
(Nodeid,phim): ( 0 , -nan ) ( 1 , -nan ) ( 2 , -nan ) ( 3 , -nan ) ( 4 , inf ) ( 5 , inf ) ( 6 , -nan ) ( 7 , -nan ) ( 8 , -nan ) ( 9 , -nan )  

Time: 0.300000
CPU Time: 41.330619 min.
phi_m, max: 294.241020 at y = 0.824785

phi_e, max: -0.000000 at y = 0.640000
phi_e, min: -3204.504391 at y = 0.645587 
(Nodeid,phim): ( 0 , -nan ) ( 1 , -nan ) ( 2 , -nan ) ( 3 , -nan ) ( 4 , inf ) ( 5 , inf ) ( 6 , -nan ) ( 7 , -nan ) ( 8 , -nan ) ( 9 , -nan )  

Time: 0.400000
CPU Time: 39.742741 min.
phi_m, max: 284.138048 at y = 1.060000

phi_e, max: -0.000000 at y = 0.640000
phi_e, min: -9844.664998 at y = 0.860000 
(Nodeid,phim): ( 0 , -nan ) ( 1 , -nan ) ( 2 , -nan ) ( 3 , -nan ) ( 4 , inf ) ( 5 , inf ) ( 6 , -nan ) ( 7 , -nan ) ( 8 , -nan ) ( 9 , -nan )  

Time: 0.500000
CPU Time: 39.640061 min.
phi_m, max: 248.522636 at y = 1.060000

phi_e, max: -0.000000 at y = 0.640000
phi_e, min: -23265.191871 at y = 0.860000 
(Nodeid,phim): ( 0 , -nan ) ( 1 , -nan ) ( 2 , -nan ) ( 3 , -nan ) ( 4 , inf ) ( 5 , inf ) ( 6 , -nan ) ( 7 , -nan ) ( 8 , -nan ) ( 9 , -nan )  

Time: 0.600000
CPU Time: 39.078567 min.
phi_m, max: 200.048373 at y = 1.060000

phi_e, max: -0.000000 at y = 0.640000
phi_e, min: -10937.620623 at y = 0.860000 
(Nodeid,phim): ( 0 , -nan ) ( 1 , -nan ) ( 2 , -nan ) ( 3 , -nan ) ( 4 , inf phi_m, max: -0.002869 at y = 1.591918

phi_e, max: 1682.323040 at y = 1.490000
phi_e, min: 0.000000 at y = 1.098571 
(Nodeid,phim): ( 0 , -nan ) ( 1 , -nan ) ( 2 , -nan ) ( 3 , -nan ) ( 4 , -nan ) ( 5 , -nan ) ( 6 , -inf ) ( 7 , -inf ) ( 8 , -inf ) ( 9 , -nan )  
phi_m, max: 0.316476 at y = 1.060000

phi_e, max: -0.000000 at y = 1.098571
phi_e, min: -7271.060858 at y = 1.060000 
(Nodeid,phim): ( 0 , -nan ) ( 1 , -nan ) ( 2 , -nan ) ( 3 , -nan ) ( 4 , -nan ) ( 5 , -nan ) ( 6 , inf ) ( 7 , -inf ) ( 8 , -inf ) ( 9 , -nan )  
phi_m, max: 84.887697 at y = 1.060000

phi_e, max: 1291.749034 at y = 1.490000
phi_e, min: 0.000000 at y = 1.098571 
(Nodeid,phim): ( 0 , -nan ) ( 1 , -nan ) ( 2 , -nan ) ( 3 , -nan ) ( 4 , -nan ) ( 5 , -nan ) ( 6 , inf ) ( 7 , inf ) ( 8 , -inf ) ( 9 , -nan )  
phi_m, max: 293.419400 at y = 1.066426

phi_e, max: -0.000000 at y = 1.098571
phi_e, min: -10387.568073 at y = 1.061624 
(Nodeid,phim): ( 0 , -nan ) ( 1 , -nan ) ( 2 , -nan ) ( 3 , -nan ) ( 4 , -nan ) ( 5 , -nan ) ( 6 , inf ) ( 7 , inf ) ( 8 , -inf ) ( 9 , -nan )  
phi_m, max: 292.694475 at y = 1.278213

phi_e, max: -0.000000 at y = 1.098571
phi_e, min: -32045.936336 at y = 1.480587 
(Nodeid,phim): ( 0 , -nan ) ( 1 , -nan ) ( 2 , -nan ) ( 3 , -nan ) ( 4 , -nan ) ( 5 , -nan ) ( 6 , inf ) ( 7 , inf ) ( 8 , inf ) ( 9 , -nan )  
phi_m, max: 291.859068 at y = 1.604286

phi_e, max: -0.000000 at y = 1.098571
phi_e, min: -14130.524372 at y = 1.485449 
(Nodeid,phim): ( 0 , -nan ) ( 1 , -nan ) ( 2 , -nan ) ( 3 , -nan ) ( 4 , -nan ) ( 5 , -nan ) ( 6 , inf ) ( 7 , inf ) ( 8 , inf ) ( 9 , -nan )  
phi_m, max: 256.830530 at y = 1.604286

phi_e, max: -0.000000 at y = 1.098571
phi_e, min: -20803.700773 at y = 1.490000 
(Nodeid,phim): ( 0 , -nan ) ( 1 , -nan ) ( 2 , -nan ) ( 3 , -nan ) ( 4 , -nan ) ( 5 , -nan ) ( 6 , inf ) ( 7 , inf ) ( 8 , inf ) ( 9 , -nan )  
phi_m, max: 210.134220 at y = 1.604286

phi_e, max: -0.000000 at y = 1.098571
phi_e, min: -22957.696313 at y = 1.490000

phi_m, max: -0.002869 at y = 1.591918

phi_e, max: 1682.323040 at y = 1.490000
phi_e, min: 0.000000 at y = 1.098571 
(Nodeid,phim): ( 0 , -nan ) ( 1 , -nan ) ( 2 , -nan ) ( 3 , -nan ) ( 4 , -nan ) ( 5 , -nan ) ( 6 , -inf ) ( 7 , -inf ) ( 8 , -inf ) ( 9 , -nan )  
phi_m, max: 0.316476 at y = 1.060000

phi_e, max: -0.000000 at y = 1.098571
phi_e, min: -7271.060858 at y = 1.060000 
(Nodeid,phim): ( 0 , -nan ) ( 1 , -nan ) ( 2 , -nan ) ( 3 , -nan ) ( 4 , -nan ) ( 5 , -nan ) ( 6 , inf ) ( 7 , -inf ) ( 8 , -inf ) ( 9 , -nan )  
phi_m, max: 84.887697 at y = 1.060000

phi_e, max: 1291.749034 at y = 1.490000
phi_e, min: 0.000000 at y = 1.098571 
(Nodeid,phim): ( 0 , -nan ) ( 1 , -nan ) ( 2 , -nan ) ( 3 , -nan ) ( 4 , -nan ) ( 5 , -nan ) ( 6 , inf ) ( 7 , inf ) ( 8 , -inf ) ( 9 , -nan )  
phi_m, max: 293.419400 at y = 1.066426

phi_e, max: -0.000000 at y = 1.098571
phi_e, min: -10387.568073 at y = 1.061624 
(Nodeid,phim): ( 0 , -nan ) ( 1 , -nan ) ( 2 , -nan ) ( 3 , -nan ) ( 4 , -nan ) ( 5 , -nan ) ( 6 , inf ) ( 7 , inf ) ( 8 , -inf ) ( 9 , -nan )  
phi_m, max: 292.694475 at y = 1.278213

phi_e, max: -0.000000 at y = 1.098571
phi_e, min: -32045.936336 at y = 1.480587 
(Nodeid,phim): ( 0 , -nan ) ( 1 , -nan ) ( 2 , -nan ) ( 3 , -nan ) ( 4 , -nan ) ( 5 , -nan ) ( 6 , inf ) ( 7 , inf ) ( 8 , inf ) ( 9 , -nan )  
phi_m, max: 291.859068 at y = 1.604286

phi_e, max: -0.000000 at y = 1.098571
phi_e, min: -14130.524372 at y = 1.485449 
(Nodeid,phim): ( 0 , -nan ) ( 1 , -nan ) ( 2 , -nan ) ( 3 , -nan ) ( 4 , -nan ) ( 5 , -nan ) ( 6 , inf ) ( 7 , inf ) ( 8 , inf ) ( 9 , -nan )  
phi_m, max: 256.830530 at y = 1.604286

phi_e, max: -0.000000 at y = 1.098571
phi_e, min: -20803.700773 at y = 1.490000 
(Nodeid,phim): ( 0 , -nan ) ( 1 , -nan ) ( 2 , -nan ) ( 3 , -nan ) ( 4 , -nan ) ( 5 , -nan ) ( 6 , inf ) ( 7 , inf ) ( 8 , inf ) ( 9 , -nan )  
phi_m, max: 210.134220 at y = 1.604286

phi_e, max: -0.000000 at y = 1.098571
phi_e, min: -22957.696313 at y = 1.490000 
(Nodeid,phim): ( 0 , -nan ) ( 1 , -nan ) ( 2 , -nan ) ( 3 , -nan ) ( 4 , -nan ) ( 5 , -nan ) ( 6 , inf ) ( 7 , inf ) ( 8 , inf ) ( 9 , -nan )  


phi_m, max: -0.002869 at y = 1.798082

phi_e, max: 1682.354621 at y = 2.120000
phi_e, min: 0.000000 at y = 1.690000 
(Nodeid,phim): ( 0 , -nan ) ( 1 , -nan ) ( 2 , -nan ) ( 3 , -nan ) ( 4 , -nan ) ( 5 , -nan ) ( 6 , -nan ) ( 7 , -nan ) ( 8 , -nan ) ( 9 , -inf )  
phi_m, max: -0.002891 at y = 1.585925

phi_e, max: -0.000000 at y = 1.690000
phi_e, min: -7270.630530 at y = 1.690000 
(Nodeid,phim): ( 0 , -nan ) ( 1 , -nan ) ( 2 , -nan ) ( 3 , -nan ) ( 4 , -nan ) ( 5 , -nan ) ( 6 , -nan ) ( 7 , -nan ) ( 8 , -nan ) ( 9 , -inf )  
phi_m, max: -0.002711 at y = 1.579071

phi_e, max: 1291.786599 at y = 2.120000
phi_e, min: 0.000000 at y = 1.690000 
(Nodeid,phim): ( 0 , -nan ) ( 1 , -nan ) ( 2 , -nan ) ( 3 , -nan ) ( 4 , -nan ) ( 5 , -nan ) ( 6 , -nan ) ( 7 , -nan ) ( 8 , -nan ) ( 9 , -inf )  
phi_m, max: -0.002848 at y = 2.014075

phi_e, max: -0.000000 at y = 1.690000
phi_e, min: -8189.408496 at y = 1.900587 
(Nodeid,phim): ( 0 , -nan ) ( 1 , -nan ) ( 2 , -nan ) ( 3 , -nan ) ( 4 , -nan ) ( 5 , -nan ) ( 6 , -nan ) ( 7 , -nan ) ( 8 , -nan ) ( 9 , -inf )  
phi_m, max: 37.047401 at y = 1.579071

phi_e, max: -0.000000 at y = 1.690000
phi_e, min: -30456.946836 at y = 1.690000 
(Nodeid,phim): ( 0 , -nan ) ( 1 , -nan ) ( 2 , -nan ) ( 3 , -nan ) ( 4 , -nan ) ( 5 , -nan ) ( 6 , -nan ) ( 7 , -nan ) ( 8 , -nan ) ( 9 , inf )  
phi_m, max: 294.406161 at y = 1.664785

phi_e, max: -0.000000 at y = 1.690000
phi_e, min: -13945.412640 at y = 1.693574 
(Nodeid,phim): ( 0 , -nan ) ( 1 , -nan ) ( 2 , -nan ) ( 3 , -nan ) ( 4 , -nan ) ( 5 , -nan ) ( 6 , -nan ) ( 7 , -nan ) ( 8 , -nan ) ( 9 , inf )  
phi_m, max: 293.419515 at y = 1.906426

phi_e, max: -0.000000 at y = 1.690000
phi_e, min: -21957.269312 at y = 1.900587 
(Nodeid,phim): ( 0 , -nan ) ( 1 , -nan ) ( 2 , -nan ) ( 3 , -nan ) ( 4 , -nan ) ( 5 , -nan ) ( 6 , -nan ) ( 7 , -nan ) ( 8 , -nan ) ( 9 , inf )  
phi_m, max: 292.763172 at y = 2.120000

phi_e, max: -0.000000 at y = 1.690000
phi_e, min: -26797.389430 at y = 2.120000

phi_m, max: -0.002869 at y = 1.798082

phi_e, max: 1682.354621 at y = 2.120000
phi_e, min: 0.000000 at y = 1.690000 
(Nodeid,phim): ( 0 , -nan ) ( 1 , -nan ) ( 2 , -nan ) ( 3 , -nan ) ( 4 , -nan ) ( 5 , -nan ) ( 6 , -nan ) ( 7 , -nan ) ( 8 , -nan ) ( 9 , -inf )  
phi_m, max: -0.002891 at y = 1.585925

phi_e, max: -0.000000 at y = 1.690000
phi_e, min: -7270.630530 at y = 1.690000 
(Nodeid,phim): ( 0 , -nan ) ( 1 , -nan ) ( 2 , -nan ) ( 3 , -nan ) ( 4 , -nan ) ( 5 , -nan ) ( 6 , -nan ) ( 7 , -nan ) ( 8 , -nan ) ( 9 , -inf )  
phi_m, max: -0.002711 at y = 1.579071

phi_e, max: 1291.786599 at y = 2.120000
phi_e, min: 0.000000 at y = 1.690000 
(Nodeid,phim): ( 0 , -nan ) ( 1 , -nan ) ( 2 , -nan ) ( 3 , -nan ) ( 4 , -nan ) ( 5 , -nan ) ( 6 , -nan ) ( 7 , -nan ) ( 8 , -nan ) ( 9 , -inf )  
phi_m, max: -0.002848 at y = 2.014075

phi_e, max: -0.000000 at y = 1.690000
phi_e, min: -8189.408496 at y = 1.900587 
(Nodeid,phim): ( 0 , -nan ) ( 1 , -nan ) ( 2 , -nan ) ( 3 , -nan ) ( 4 , -nan ) ( 5 , -nan ) ( 6 , -nan ) ( 7 , -nan ) ( 8 , -nan ) ( 9 , -inf )  
phi_m, max: 37.047401 at y = 1.579071

phi_e, max: -0.000000 at y = 1.690000
phi_e, min: -30456.946836 at y = 1.690000 
(Nodeid,phim): ( 0 , -nan ) ( 1 , -nan ) ( 2 , -nan ) ( 3 , -nan ) ( 4 , -nan ) ( 5 , -nan ) ( 6 , -nan ) ( 7 , -nan ) ( 8 , -nan ) ( 9 , inf )  
phi_m, max: 294.406161 at y = 1.664785

phi_e, max: -0.000000 at y = 1.690000
phi_e, min: -13945.412640 at y = 1.693574 
(Nodeid,phim): ( 0 , -nan ) ( 1 , -nan ) ( 2 , -nan ) ( 3 , -nan ) ( 4 , -nan ) ( 5 , -nan ) ( 6 , -nan ) ( 7 , -nan ) ( 8 , -nan ) ( 9 , inf )  
phi_m, max: 293.419515 at y = 1.906426

phi_e, max: -0.000000 at y = 1.690000
phi_e, min: -21957.269312 at y = 1.900587 
(Nodeid,phim): ( 0 , -nan ) ( 1 , -nan ) ( 2 , -nan ) ( 3 , -nan ) ( 4 , -nan ) ( 5 , -nan ) ( 6 , -nan ) ( 7 , -nan ) ( 8 , -nan ) ( 9 , inf )  
phi_m, max: 292.763172 at y = 2.120000

phi_e, max: -0.000000 at y = 1.690000
phi_e, min: -26797.389430 at y = 2.120000 
(Nodeid,phim): ( 0 , -nan ) ( 1 , -nan ) ( 2 , -nan ) ( 3 , -nan ) ( 4 , -nan ) ( 5 , -nan ) ( 6 , -nan ) ( 7 , -nan ) ( 8 , -nan ) () ( 5 , inf ) ( 6 , -nan ) ( 7 , -nan ) ( 8 , -nan ) ( 9 , -nan )  

Time: 0.700000
CPU Time: 38.122939 min.
phi_m, max: 149.514166 at y = 1.060000

phi_e, max: -0.000000 at y = 0.640000
phi_e, min: -13919.848440 at y = 0.860000 
(Nodeid,phim): ( 0 , -nan ) ( 1 , -nan ) ( 2 , -nan ) ( 3 , -nan ) ( 4 , inf ) ( 5 , inf ) ( 6 , -nan ) ( 7 , -nan ) ( 8 , -nan ) ( 9 , -nan )  

Time: 0.800000
CPU Time: 37.984350 min.
phi_m, max: 104.381205 at y = 1.060000

phi_e, max: -0.000000 at y = 0.640000
phi_e, min: -14291.593837 at y = 0.860000 
(Nodeid,phim): ( 0 , -nan ) ( 1 , -nan ) ( 2 , -nan ) ( 3 , -nan ) ( 4 , inf ) ( 5 , inf ) ( 6 , -nan ) ( 7 , -nan ) ( 8 , -nan ) ( 9 , -nan )  


Writing: "NeuralEP2DmonoDWCL2mpi4_8.chk"
 , 0.000000 ) ( 7 , 0.000000 ) ( 8 , 0.000000 ) ( 9 , 0.000000 )  
phi_m, max: 79.318094 at y = 0.497143

phi_e, max: 0.000000 at y = 0.000000
phi_e, min: -7396.873458 at y = 0.440000 
(Nodeid,phim): ( 0 , 3.475615 ) ( 1 , 3.597452 ) ( 2 , 8.704106 ) ( 3 , 24.292967 ) ( 4 , 0.000000 ) ( 5 , 0.000000 ) ( 6 , 0.000000 ) ( 7 , 0.000000 ) ( 8 , 0.000000 ) ( 9 , 0.000000 )  
phi_m, max: 24.681796 at y = 0.497143

phi_e, max: 0.000000 at y = 0.000000
phi_e, min: -7111.114539 at y = 0.440000 
(Nodeid,phim): ( 0 , 0.273132 ) ( 1 , 0.273463 ) ( 2 , 0.909108 ) ( 3 , 5.263232 ) ( 4 , 0.000000 ) ( 5 , 0.000000 ) ( 6 , 0.000000 ) ( 7 , 0.000000 ) ( 8 , 0.000000 ) ( 9 , 0.000000 )  


 9 , inf )  


 (0.000489437s, XML)
Steps: 9000000  Time: 0.9         
Writing: "NeuralEP2DmonoDWCL2mpi4_phie_9.chk"
phi_m, max: -0.002869 at y = 1.591918

phi_e, max: 1682.323040 at y = 1.490000
phi_e, min: 0.000000 at y = 1.098571 
(Nodeid,phim): ( 0 , -nan ) ( 1 , -nan ) ( 2 , -nan ) ( 3 , -nan ) ( 4 , -nan ) ( 5 , -nan ) ( 6 , -inf ) ( 7 , -inf ) ( 8 , -inf ) ( 9 , -nan )  
phi_m, max: 0.316476 at y = 1.060000

phi_e, max: -0.000000 at y = 1.098571
phi_e, min: -7271.060858 at y = 1.060000 
(Nodeid,phim): ( 0 , -nan ) ( 1 , -nan ) ( 2 , -nan ) ( 3 , -nan ) ( 4 , -nan ) ( 5 , -nan ) ( 6 , inf ) ( 7 , -inf ) ( 8 , -inf ) ( 9 , -nan )  
phi_m, max: 84.887697 at y = 1.060000

phi_e, max: 1291.749034 at y = 1.490000
phi_e, min: 0.000000 at y = 1.098571 
(Nodeid,phim): ( 0 , -nan ) ( 1 , -nan ) ( 2 , -nan ) ( 3 , -nan ) ( 4 , -nan ) ( 5 , -nan ) ( 6 , inf ) ( 7 , inf ) ( 8 , -inf ) ( 9 , -nan )  
phi_m, max: 293.419400 at y = 1.066426

phi_e, max: -0.000000 at y = 1.098571
phi_e, min: -10387.568073 at y = 1.061624 
(Nodeid,phim): ( 0 , -nan ) ( 1 , -nan ) ( 2 , -nan ) ( 3 , -nan ) ( 4 , -nan ) ( 5 , -nan ) ( 6 , inf ) ( 7 , inf ) ( 8 , -inf ) ( 9 , -nan )  
phi_m, max: 292.694475 at y = 1.278213

phi_e, max: -0.000000 at y = 1.098571
phi_e, min: -32045.936336 at y = 1.480587 
(Nodeid,phim): ( 0 , -nan ) ( 1 , -nan ) ( 2 , -nan ) ( 3 , -nan ) ( 4 , -nan ) ( 5 , -nan ) ( 6 , inf ) ( 7 , inf ) ( 8 , inf ) ( 9 , -nan )  
phi_m, max: 291.859068 at y = 1.604286

phi_e, max: -0.000000 at y = 1.098571
phi_e, min: -14130.524372 at y = 1.485449 
(Nodeid,phim): ( 0 , -nan ) ( 1 , -nan ) ( 2 , -nan ) ( 3 , -nan ) ( 4 , -nan ) ( 5 , -nan ) ( 6 , inf ) ( 7 , inf ) ( 8 , inf ) ( 9 , -nan )  
phi_m, max: 256.830530 at y = 1.604286

phi_e, max: -0.000000 at y = 1.098571
phi_e, min: -20803.700773 at y = 1.490000 
(Nodeid,phim): ( 0 , -nan ) ( 1 , -nan ) ( 2 , -nan ) ( 3 , -nan ) ( 4 , -nan ) ( 5 , -nan ) ( 6 , inf ) ( 7 , inf ) ( 8 , inf ) ( 9 , -nan )  
phi_m, max: 210.134220 at y = 1.604286

phi_e, max: -0.000000 at y = 1.098571
phi_e, min: -22957.696313 at y = 1.490000 
(Nodeid,phim): ( 0 , -nan ) ( 1 , -nan ) ( 2 , -nan ) ( 3 , -nan ) ( 4 , -nan ) ( 5 , -nan ) ( 6 , inf ) ( 7 , inf ) ( 8 , inf ) ( 9 , -nan )  
phi_m, max: 159.535140 at y = 1.604286

phi_e, max: -0.000000 at y = 1.098571
phi_e, min: -17112.885043 at y = 1.490000

phi_m, max: -0.002869 at y = 1.591918

phi_e, max: 1682.323040 at y = 1.490000
phi_e, min: 0.000000 at y = 1.098571 
(Nodeid,phim): ( 0 , -nan ) ( 1 , -nan ) ( 2 , -nan ) ( 3 , -nan ) ( 4 , -nan ) ( 5 , -nan ) ( 6 , -inf ) ( 7 , -inf ) ( 8 , -inf ) ( 9 , -nan )  
phi_m, max: 0.316476 at y = 1.060000

phi_e, max: -0.000000 at y = 1.098571
phi_e, min: -7271.060858 at y = 1.060000 
(Nodeid,phim): ( 0 , -nan ) ( 1 , -nan ) ( 2 , -nan ) ( 3 , -nan ) ( 4 , -nan ) ( 5 , -nan ) ( 6 , inf ) ( 7 , -inf ) ( 8 , -inf ) ( 9 , -nan )  
phi_m, max: 84.887697 at y = 1.060000

phi_e, max: 1291.749034 at y = 1.490000
phi_e, min: 0.000000 at y = 1.098571 
(Nodeid,phim): ( 0 , -nan ) ( 1 , -nan ) ( 2 , -nan ) ( 3 , -nan ) ( 4 , -nan ) ( 5 , -nan ) ( 6 , inf ) ( 7 , inf ) ( 8 , -inf ) ( 9 , -nan )  
phi_m, max: 293.419400 at y = 1.066426

phi_e, max: -0.000000 at y = 1.098571
phi_e, min: -10387.568073 at y = 1.061624 
(Nodeid,phim): ( 0 , -nan ) ( 1 , -nan ) ( 2 , -nan ) ( 3 , -nan ) ( 4 , -nan ) ( 5 , -nan ) ( 6 , inf ) ( 7 , inf ) ( 8 , -inf ) ( 9 , -nan )  
phi_m, max: 292.694475 at y = 1.278213

phi_e, max: -0.000000 at y = 1.098571
phi_e, min: -32045.936336 at y = 1.480587 
(Nodeid,phim): ( 0 , -nan ) ( 1 , -nan ) ( 2 , -nan ) ( 3 , -nan ) ( 4 , -nan ) ( 5 , -nan ) ( 6 , inf ) ( 7 , inf ) ( 8 , inf ) ( 9 , -nan )  
phi_m, max: 291.859068 at y = 1.604286

phi_e, max: -0.000000 at y = 1.098571
phi_e, min: -14130.524372 at y = 1.485449 
(Nodeid,phim): ( 0 , -nan ) ( 1 , -nan ) ( 2 , -nan ) ( 3 , -nan ) ( 4 , -nan ) ( 5 , -nan ) ( 6 , inf ) ( 7 , inf ) ( 8 , inf ) ( 9 , -nan )  
phi_m, max: 256.830530 at y = 1.604286

phi_e, max: -0.000000 at y = 1.098571
phi_e, min: -20803.700773 at y = 1.490000 
(Nodeid,phim): ( 0 , -nan ) ( 1 , -nan ) ( 2 , -nan ) ( 3 , -nan ) ( 4 , -nan ) ( 5 , -nan ) ( 6 , inf ) ( 7 , inf ) ( 8 , inf ) ( 9 , -nan )  
phi_m, phi_m, max: -0.002869 at y = 1.798082

phi_e, max: 1682.354621 at y = 2.120000
phi_e, min: 0.000000 at y = 1.690000 
(Nodeid,phim): ( 0 , -nan ) ( 1 , -nan ) ( 2 , -nan ) ( 3 , -nan ) ( 4 , -nan ) ( 5 , -nan ) ( 6 , -nan ) ( 7 , -nan ) ( 8 , -nan ) ( 9 , -inf )  
phi_m, max: -0.002891 at y = 1.585925

phi_e, max: -0.000000 at y = 1.690000
phi_e, min: -7270.630530 at y = 1.690000 
(Nodeid,phim): ( 0 , -nan ) ( 1 , -nan ) ( 2 , -nan ) ( 3 , -nan ) ( 4 , -nan ) ( 5 , -nan ) ( 6 , -nan ) ( 7 , -nan ) ( 8 , -nan ) ( 9 , -inf )  
phi_m, max: -0.002711 at y = 1.579071

phi_e, max: 1291.786599 at y = 2.120000
phi_e, min: 0.000000 at y = 1.690000 
(Nodeid,phim): ( 0 , -nan ) ( 1 , -nan ) ( 2 , -nan ) ( 3 , -nan ) ( 4 , -nan ) ( 5 , -nan ) ( 6 , -nan ) ( 7 , -nan ) ( 8 , -nan ) ( 9 , -inf )  
phi_m, max: -0.002848 at y = 2.014075

phi_e, max: -0.000000 at y = 1.690000
phi_e, min: -8189.408496 at y = 1.900587 
(Nodeid,phim): ( 0 , -nan ) ( 1 , -nan ) ( 2 , -nan ) ( 3 , -nan ) ( 4 , -nan ) ( 5 , -nan ) ( 6 , -nan ) ( 7 , -nan ) ( 8 , -nan ) ( 9 , -inf )  
phi_m, max: 37.047401 at y = 1.579071

phi_e, max: -0.000000 at y = 1.690000
phi_e, min: -30456.946836 at y = 1.690000 
(Nodeid,phim): ( 0 , -nan ) ( 1 , -nan ) ( 2 , -nan ) ( 3 , -nan ) ( 4 , -nan ) ( 5 , -nan ) ( 6 , -nan ) ( 7 , -nan ) ( 8 , -nan ) ( 9 , inf )  
phi_m, max: 294.406161 at y = 1.664785

phi_e, max: -0.000000 at y = 1.690000
phi_e, min: -13945.412640 at y = 1.693574 
(Nodeid,phim): ( 0 , -nan ) ( 1 , -nan ) ( 2 , -nan ) ( 3 , -nan ) ( 4 , -nan ) ( 5 , -nan ) ( 6 , -nan ) ( 7 , -nan ) ( 8 , -nan ) ( 9 , inf )  
phi_m, max: 293.419515 at y = 1.906426

phi_e, max: -0.000000 at y = 1.690000
phi_e, min: -21957.269312 at y = 1.900587 
(Nodeid,phim): ( 0 , -nan ) ( 1 , -nan ) ( 2 , -nan ) ( 3 , -nan ) ( 4 , -nan ) ( 5 , -nan ) ( 6 , -nan ) ( 7 , -nan ) ( 8 , -nan ) ( 9 , inf )  
phi_m, max: 292.763172 at y = 2.120000

phi_e, max: -0.000000 at y = 1.690000
phi_e, min: -26797.389430 at y = 2.120000 
(Nodeid,phim): ( 0 , -nan ) ( 1 , -nan ) ( 2 , -nan ) ( 3 , -nan ) ( 4 , -nan ) ( 5 , -nan ) ( 6 , -nan ) ( 7 , -nan ) ( 8 , -nan ) ( 9 , inf )  
phi_m, max: 263.651980 at y = 2.120000

phi_e, max: -0.000000 at y = 1.690000
phi_e, min: -20630.967857 at y = 2.120000

phi_m, max: -0.002869 at y = 1.798082

phi_e, max: 1682.354621 at y = 2.120000
phi_e, min: 0.000000 at y = 1.690000 
(Nodeid,phim): ( 0 , -nan ) ( 1 , -nan ) ( 2 , -nan ) ( 3 , -nan ) ( 4 , -nan ) ( 5 , -nan ) ( 6 , -nan ) ( 7 , -nan ) ( 8 , -nan ) ( 9 , -inf )  
phi_m, max: -0.002891 at y = 1.585925

phi_e, max: -0.000000 at y = 1.690000
phi_e, min: -7270.630530 at y = 1.690000 
(Nodeid,phim): ( 0 , -nan ) ( 1 , -nan ) ( 2 , -nan ) ( 3 , -nan ) ( 4 , -nan ) ( 5 , -nan ) ( 6 , -nan ) ( 7 , -nan ) ( 8 , -nan ) ( 9 , -inf )  
phi_m, max: -0.002711 at y = 1.579071

phi_e, max: 1291.786599 at y = 2.120000
phi_e, min: 0.000000 at y = 1.690000 
(Nodeid,phim): ( 0 , -nan ) ( 1 , -nan ) ( 2 , -nan ) ( 3 , -nan ) ( 4 , -nan ) ( 5 , -nan ) ( 6 , -nan ) ( 7 , -nan ) ( 8 , -nan ) ( 9 , -inf )  
phi_m, max: -0.002848 at y = 2.014075

phi_e, max: -0.000000 at y = 1.690000
phi_e, min: -8189.408496 at y = 1.900587 
(Nodeid,phim): ( 0 , -nan ) ( 1 , -nan ) ( 2 , -nan ) ( 3 , -nan ) ( 4 , -nan ) ( 5 , -nan ) ( 6 , -nan ) ( 7 , -nan ) ( 8 , -nan ) ( 9 , -inf )  
phi_m, max: 37.047401 at y = 1.579071

phi_e, max: -0.000000 at y = 1.690000
phi_e, min: -30456.946836 at y = 1.690000 
(Nodeid,phim): ( 0 , -nan ) ( 1 , -nan ) ( 2 , -nan ) ( 3 , -nan ) ( 4 , -nan ) ( 5 , -nan ) ( 6 , -nan ) ( 7 , -nan ) ( 8 , -nan ) ( 9 , inf )  
phi_m, max: 294.406161 at y = 1.664785

phi_e, max: -0.000000 at y = 1.690000
phi_e, min: -13945.412640 at y = 1.693574 
(Nodeid,phim): ( 0 , -nan ) ( 1 , -nan ) ( 2 , -nan ) ( 3 , -nan ) ( 4 , -nan ) ( 5 , -nan ) ( 6 , -nan ) ( 7 , -nan ) ( 8 , -nan ) ( 9 , inf )  
phi_m, max: 293.419515 at y = 1.906426

phi_e, max: -0.000000 at y = 1.690000
phi_e, min: -21957.269312 at y = 1.900587 
(Nodeid,phim): ( 0 , -nan ) ( 1 , -nan ) ( 2 , -nan ) ( 3 , -nan ) ( 4 , -nan ) ( 5 , -nan ) ( 6 , -nan ) ( 7 , -nan ) ( 8 , -nan ) ( (0.00135359s, XML)

Time: 0.100000
CPU Time: 41.061546 min.
phi_m, max: -0.003007 at y = 0.858825

phi_e, max: 1684.343022 at y = 0.640000
phi_e, min: 0.000000 at y = 0.640000 
(Nodeid,phim): ( 0 , -nan ) ( 1 , -nan ) ( 2 , -nan ) ( 3 , -nan ) ( 4 , -inf ) ( 5 , -inf ) ( 6 , -nan ) ( 7 , -nan ) ( 8 , -nan ) ( 9 , -nan )  

Time: 0.200000
CPU Time: 41.258923 min.
phi_m, max: 292.094034 at y = 0.641175

phi_e, max: -0.000000 at y = 0.640000
phi_e, min: -8907.037050 at y = 0.640587 
(Nodeid,phim): ( 0 , -nan ) ( 1 , -nan ) ( 2 , -nan ) ( 3 , -nan ) ( 4 , inf ) ( 5 , inf ) ( 6 , -nan ) ( 7 , -nan ) ( 8 , -nan ) ( 9 , -nan )  

Time: 0.300000
CPU Time: 41.330619 min.
phi_m, max: 294.241020 at y = 0.824785

phi_e, max: -0.000000 at y = 0.640000
phi_e, min: -3204.504391 at y = 0.645587 
(Nodeid,phim): ( 0 , -nan ) ( 1 , -nan ) ( 2 , -nan ) ( 3 , -nan ) ( 4 , inf ) ( 5 , inf ) ( 6 , -nan ) ( 7 , -nan ) ( 8 , -nan ) ( 9 , -nan )  

Time: 0.400000
CPU Time: 39.742741 min.
phi_m, max: 284.138048 at y = 1.060000

phi_e, max: -0.000000 at y = 0.640000
phi_e, min: -9844.664998 at y = 0.860000 
(Nodeid,phim): ( 0 , -nan ) ( 1 , -nan ) ( 2 , -nan ) ( 3 , -nan ) ( 4 , inf ) ( 5 , inf ) ( 6 , -nan ) ( 7 , -nan ) ( 8 , -nan ) ( 9 , -nan )  

Time: 0.500000
CPU Time: 39.640061 min.
phi_m, max: 248.522636 at y = 1.060000

phi_e, max: -0.000000 at y = 0.640000
phi_e, min: -23265.191871 at y = 0.860000 
(Nodeid,phim): ( 0 , -nan ) ( 1 , -nan ) ( 2 , -nan ) ( 3 , -nan ) ( 4 , inf ) ( 5 , inf ) ( 6 , -nan ) ( 7 , -nan ) ( 8 , -nan ) ( 9 , -nan )  

Time: 0.600000
CPU Time: 39.078567 min.
phi_m, max: 200.048373 at y = 1.060000

phi_e, max: -0.000000 at y = 0.640000
phi_e, min: -10937.620623 at y = 0.860000 
(Nodeid,phim): ( 0 , -nan ) ( 1 , -nan ) ( 2 , -nan ) ( 3 , -nan ) ( 4 , inf ) ( 5 , inf ) ( 6 , -nan ) ( 7 , -nan ) ( 8 , -nan ) ( 9 , -nan )  

Time: 0.700000
CPU Time: 38.122939 min.
phi_m, max: 149.514166 at y = 1.060000

phi_e, max: -0.000000 at y = 0.640000
phi_e, min: -13919.848440 at y = 0.860000 
(Nodeid,phim): ( 0 , -nan ) ( 1 , -nan ) ( 2 , -nan ) ( 3 , -nan ) ( 4 , inf ) ( 5 , inf ) ( 6 , -nan ) ( 7 , -nan ) ( 8 , -nan ) ( 9 , -nan )  

Time: 0.800000
CPU Time: 37.984350 min.
phi_m, max: 104.381205 at y = 1.060000

phi_e, max: -0.000000 at y = 0.640000
phi_e, min: -14291.593837 at y = 0.860000 
(Nodeid,phim): ( 0 , -nan ) ( 1 , -nan ) ( 2 , -nan ) ( 3 , -nan ) ( 4 , inf ) ( 5 , inf ) ( 6 , -nan ) ( 7 , -nan ) ( 8 , -nan ) ( 9 , -nan )  

Time: 0.900000
CPU Time: 38.044377 min.
phi_m, max: 55.820681 at y = 1.060000

phi_e, max: -0.000000 at y = 0.640000
phi_e, min: -10019.278801 at y = 0.860000


Time: 0.100000
CPU Time: 41.061546 min.
phi_m, max: -0.003007 at y = 0.858825

phi_e, max: 1684.343022 at y = 0.640000
phi_e, min: 0.000000 at y = 0.640000 
(Nodeid,phim): ( 0 , -nan ) ( 1 , -nan ) ( 2 , -nan ) ( 3 , -nan ) ( 4 , -inf ) ( 5 , -inf ) ( 6 , -nan ) ( 7 , -nan ) ( 8 , -nan ) ( 9 , -nan )  

Time: 0.200000
CPU Time: 41.258923 min.
phi_m, max: 292.094034 at y = 0.641175

phi_e, max: -0.000000 at y = 0.640000
phi_e, min: -8907.037050 at y = 0.640587 
(Nodeid,phim): ( 0 , -nan ) ( 1 , -nan ) ( 2 , -nan ) ( 3 , -nan ) ( 4 , inf ) ( 5 , inf ) ( 6 , -nan ) ( 7 , -nan ) ( 8 , -nan ) ( 9 , -nan )  

Time: 0.300000
CPU Time: 41.330619 min.
phi_m, max: 294.241020 at y = 0.824785

phi_e, max: -0.000000 at y = 0.640000
phi_e, min: -3204.504391 at y = 0.645587 
(Nodeid,phim): ( 0 , -nan ) ( 1 , -nan ) ( 2 , -nan ) ( 3 , -nan ) ( 4 , inf ) ( 5 , inf ) ( 6 , -nan ) ( 7 , -nan ) ( 8 , -nan ) ( 9 , -nan )  

Time: 0.400000
CPU Time: 39.742741 min.
phi_m, max: 284.138048 at y = 1.060000

phi_e, max: -0.000000 at y = 0.640000
phi_e, min: -9844.664998 at y = 0.860000 
(Nodeid,phim): ( 0 , -nan ) ( 1 , -nan ) ( 2 , -nan ) ( 3 , -nan ) ( 4 , inf ) ( 5 , inf ) ( 6 , -nan ) ( 7 , -nan ) ( 8 , -nan ) ( 9 , -nan )  

Time: 0.500000
CPU Time: 39.640061 min.
phi_m, max: 248.522636 at y = 1.060000

phi_e, max: -0.000000 at y = 0.640000
phi_e, min: -23265.191871 at y = 0.860000 
(Nodeid,phim): ( 0 , -nan ) ( 1 , -nan ) ( 2 , -nan ) ( 3 , -nan ) ( 4 , inf )phi_m, max: 293.437662 at y = 0.226426

phi_e, max: 1786.395956 at y = 0.436426
phi_e, min: -498.487150 at y = 0.221175 
(Nodeid,phim): ( 0 , 112.582007 ) ( 1 , 112.582388 ) ( 2 , 114.443316 ) ( 3 , 28.637662 ) ( 4 , 0.000000 ) ( 5 , 0.000000 ) ( 6 , 0.000000 ) ( 7 , 0.000000 ) ( 8 , 0.000000 ) ( 9 , 0.000000 )  
phi_m, max: 292.681887 at y = 0.438213

phi_e, max: 0.000000 at y = 0.000000
phi_e, min: -7960.516876 at y = 0.440000 
(Nodeid,phim): ( 0 , 97.501107 ) ( 1 , 97.574801 ) ( 2 , 104.627614 ) ( 3 , 113.593209 ) ( 4 , 0.000000 ) ( 5 , 0.000000 ) ( 6 , 0.000000 ) ( 7 , 0.000000 ) ( 8 , 0.000000 ) ( 9 , 0.000000 )  
phi_m, max: 266.129048 at y = 0.497143

phi_e, max: 0.000000 at y = 0.000000
phi_e, min: -2834.245140 at y = 0.440000 
(Nodeid,phim): ( 0 , 78.114400 ) ( 1 , 78.203434 ) ( 2 , 86.558508 ) ( 3 , 100.474949 ) ( 4 , 0.000000 ) ( 5 , 0.000000 ) ( 6 , 0.000000 ) ( 7 , 0.000000 ) ( 8 , 0.000000 ) ( 9 , 0.000000 )  
phi_m, max: 221.361988 at y = 0.497143

phi_e, max: 0.000000 at y = 0.000000
phi_e, min: -6158.486340 at y = 0.440000 
(Nodeid,phim): ( 0 , 58.168642 ) ( 1 , 58.255956 ) ( 2 , 66.440275 ) ( 3 , 81.508111 ) ( 4 , 0.000000 ) ( 5 , 0.000000 ) ( 6 , 0.000000 ) ( 7 , 0.000000 ) ( 8 , 0.000000 ) ( 9 , 0.000000 )  
phi_m, max: 170.873982 at y = 0.497143

phi_e, max: 0.000000 at y = 0.000000
phi_e, min: -12677.614960 at y = 0.440000 
(Nodeid,phim): ( 0 , 40.495729 ) ( 1 , 40.577070 ) ( 2 , 47.581032 ) ( 3 , 61.409924 ) ( 4 , 0.000000 ) ( 5 , 0.000000 ) ( 6 , 0.000000 ) ( 7 , 0.000000 ) ( 8 , 0.000000 ) ( 9 , 0.000000 )  
phi_m, max: 122.952318 at y = 0.497143

phi_e, max: 0.000000 at y = 0.000000
phi_e, min: -6143.513471 at y = 0.440000 
(Nodeid,phim): ( 0 , 20.953172 ) ( 1 , 21.183318 ) ( 2 , 29.860621 ) ( 3 , 43.180635 ) ( 4 , 0.000000 ) ( 5 , 0.000000 ) ( 6 , 0.000000 ) ( 7 , 0.000000 ) ( 8 , 0.000000 ) ( 9 , 0.000000 )  
phi_m, max: 79.318094 at y = 0.497143

phi_e, max: 0.000000 at y = 0.000000
phi_e, min: -7396.873458 at y = 0.440000 
(Nodeid,phim): ( 0 , 3.475615 ) ( 1 , 3.597452 ) ( 2 , 8.704106 ) ( 3 , 24.292967 ) ( 4 , 0.000000 ) ( 5 , 0.000000 ) ( 6 , 0.000000 ) ( 7 , 0.000000 ) ( 8 , 0.000000 ) ( 9 , 0.000000 )  
phi_m, max: 24.681796 at y = 0.497143

phi_e, max: 0.000000 at y = 0.000000
phi_e, min: -7111.114539 at y = 0.440000 
(Nodeid,phim): ( 0 , 0.273132 ) ( 1 , 0.273463 ) ( 2 , 0.909108 ) ( 3 , 5.263232 ) ( 4 , 0.000000 ) ( 5 , 0.000000 ) ( 6 , 0.000000 ) ( 7 , 0.000000 ) ( 8 , 0.000000 ) ( 9 , 0.000000 )  
phi_m, max: 2.641117 at y = 0.497143

phi_e, max: 0.000000 at y = 0.000000
phi_e, min: -4995.871487 at y = 0.440000

phi_m, max: 293.437662 at y = 0.226426

phi_e, max: 1786.395956 at y = 0.436426
phi_e, min: -498.487150 at y = 0.221175 
(Nodeid,phim): ( 0 , 112.582007 ) ( 1 , 112.582388 ) ( 2 , 114.443316 ) ( 3 , 28.637662 ) ( 4 , 0.000000 ) ( 5 , 0.000000 ) ( 6 , 0.000000 ) ( 7 , 0.000000 ) ( 8 , 0.000000 ) ( 9 , 0.000000 )  
phi_m, max: 292.681887 at y = 0.438213

phi_e, max: 0.000000 at y = 0.000000
phi_e, min: -7960.516876 at y = 0.440000 
(Nodeid,phim): ( 0 , 97.501107 ) ( 1 , 97.574801 ) ( 2 , 104.627614 ) ( 3 , 113.593209 ) ( 4 , 0.000000 ) ( 5 , 0.000000 ) ( 6 , 0.000000 ) ( 7 , 0.000000 ) ( 8 , 0.000000 ) ( 9 , 0.000000 )  
phi_m, max: 266.129048 at y = 0.497143

phi_e, max: 0.000000 at y = 0.000000
phi_e, min: -2834.245140 at y = 0.440000 
(Nodeid,phim): ( 0 , 78.114400 ) ( 1 , 78.203434 ) ( 2 , 86.558508 ) ( 3 , 100.474949 ) ( 4 , 0.000000 ) ( 5 , 0.000000 ) ( 6 , 0.000000 ) ( 7 , 0.000000 ) ( 8 , 0.000000 ) ( 9 , 0.000000 )  
phi_m, max: 221.361988 at y = 0.497143

phi_e, max: 0.000000 at y = 0.000000
phi_e, min: -6158.486340 at y = 0.440000 
(Nodeid,phim): ( 0 , 58.168642 ) ( 1 , 58.255956 ) ( 2 , 66.440275 ) ( 3 , 81.508111 ) ( 4 , 0.000000 ) ( 5 , 0.000000 ) ( 6 , 0.000000 ) ( 7 , 0.000000 ) ( 8 , 0.000000 ) ( 9 , 0.000000 )  
phi_m, max: 170.873982 at y = 0.497143

phi_e, max: 0.000000 at y = 0.000000
phi_e, min: -12677.614960 at y = 0.440000 
(Nodeid,phim): ( 0 , 40.495729 ) ( 1 , 40.577070 ) ( 2 , 47.581032 ) ( 3 , 61.409924 ) ( 4 , 0.000000 ) ( 5 , 0.000000 ) ( 6 , 0.0 ( 5 , inf ) ( 6 , -nan ) ( 7 , -nan ) ( 8 , -nan ) ( 9 , -nan )  

Time: 0.600000
CPU Time: 39.078567 min.
phi_m, max: 200.048373 at y = 1.060000

phi_e, max: -0.000000 at y = 0.640000
phi_e, min: -10937.620623 at y = 0.860000 
(Nodeid,phim): ( 0 , -nan ) ( 1 , -nan ) ( 2 , -nan ) ( 3 , -nan ) ( 4 , inf ) ( 5 , inf ) ( 6 , -nan ) ( 7 , -nan ) ( 8 , -nan ) ( 9 , -nan )  

Time: 0.700000
CPU Time: 38.122939 min.
phi_m, max: 149.514166 at y = 1.060000

phi_e, max: -0.000000 at y = 0.640000
phi_e, min: -13919.848440 at y = 0.860000 
(Nodeid,phim): ( 0 , -nan ) ( 1 , -nan ) ( 2 , -nan ) ( 3 , -nan ) ( 4 , inf ) ( 5 , inf ) ( 6 , -nan ) ( 7 , -nan ) ( 8 , -nan ) ( 9 , -nan )  

Time: 0.800000
CPU Time: 37.984350 min.
phi_m, max: 104.381205 at y = 1.060000

phi_e, max: -0.000000 at y = 0.640000
phi_e, min: -14291.593837 at y = 0.860000 
(Nodeid,phim): ( 0 , -nan ) ( 1 , -nan ) ( 2 , -nan ) ( 3 , -nan ) ( 4 , inf ) ( 5 , inf ) ( 6 , -nan ) ( 7 , -nan ) ( 8 , -nan ) ( 9 , -nan )  

Time: 0.900000
CPU Time: 38.044377 min.
phi_m, max: 55.820681 at y = 1.060000

phi_e, max: -0.000000 at y = 0.640000
phi_e, min: -10019.278801 at y = 0.860000 
(Nodeid,phim): ( 0 , -nan ) ( 1 , -nan ) ( 2 , -nan ) ( 3 , -nan ) ( 4 , inf ) ( 5 , inf ) ( 6 , -nan ) ( 7 , -nan ) ( 8 , -nan ) ( 9 , -nan )  


Writing: "NeuralEP2DmonoDWCL2mpi4_9.chk"
 (0.000487544s, XML)
 9 , inf )  
phi_m, max: 292.763172 at y = 2.120000

phi_e, max: -0.000000 at y = 1.690000
phi_e, min: -26797.389430 at y = 2.120000 
(Nodeid,phim): ( 0 , -nan ) ( 1 , -nan ) ( 2 , -nan ) ( 3 , -nan ) ( 4 , -nan ) ( 5 , -nan ) ( 6 , -nan ) ( 7 , -nan ) ( 8 , -nan ) ( 9 , inf )  
phi_m, max: 263.651980 at y = 2.120000

phi_e, max: -0.000000 at y = 1.690000
phi_e, min: -20630.967857 at y = 2.120000 
(Nodeid,phim): ( 0 , -nan ) ( 1 , -nan ) ( 2 , -nan ) ( 3 , -nan ) ( 4 , -nan ) ( 5 , -nan ) ( 6 , -nan ) ( 7 , -nan ) ( 8 , -nan ) ( 9 , inf )  


max: 210.134220 at y = 1.604286

phi_e, max: -0.000000 at y = 1.098571
phi_e, min: -22957.696313 at y = 1.490000 
(Nodeid,phim): ( 0 , -nan ) ( 1 , -nan ) ( 2 , -nan ) ( 3 , -nan ) ( 4 , -nan ) ( 5 , -nan ) ( 6 , inf ) ( 7 , inf ) ( 8 , inf ) ( 9 , -nan )  
phi_m, max: 159.535140 at y = 1.604286

phi_e, max: -0.000000 at y = 1.098571
phi_e, min: -17112.885043 at y = 1.490000 
(Nodeid,phim): ( 0 , -nan ) ( 1 , -nan ) ( 2 , -nan ) ( 3 , -nan ) ( 4 , -nan ) ( 5 , -nan ) ( 6 , inf ) ( 7 , inf ) ( 8 , inf ) ( 9 , -nan )  


00000 ) ( 7 , 0.000000 ) ( 8 , 0.000000 ) ( 9 , 0.000000 )  
phi_m, max: 122.952318 at y = 0.497143

phi_e, max: 0.000000 at y = 0.000000
phi_e, min: -6143.513471 at y = 0.440000 
(Nodeid,phim): ( 0 , 20.953172 ) ( 1 , 21.183318 ) ( 2 , 29.860621 ) ( 3 , 43.180635 ) ( 4 , 0.000000 ) ( 5 , 0.000000 ) ( 6 , 0.000000 ) ( 7 , 0.000000 ) ( 8 , 0.000000 ) ( 9 , 0.000000 )  
phi_m, max: 79.318094 at y = 0.497143

phi_e, max: 0.000000 at y = 0.000000
phi_e, min: -7396.873458 at y = 0.440000 
(Nodeid,phim): ( 0 , 3.475615 ) ( 1 , 3.597452 ) ( 2 , 8.704106 ) ( 3 , 24.292967 ) ( 4 , 0.000000 ) ( 5 , 0.000000 ) ( 6 , 0.000000 ) ( 7 , 0.000000 ) ( 8 , 0.000000 ) ( 9 , 0.000000 )  
phi_m, max: 24.681796 at y = 0.497143

phi_e, max: 0.000000 at y = 0.000000
phi_e, min: -7111.114539 at y = 0.440000 
(Nodeid,phim): ( 0 , 0.273132 ) ( 1 , 0.273463 ) ( 2 , 0.909108 ) ( 3 , 5.263232 ) ( 4 , 0.000000 ) ( 5 , 0.000000 ) ( 6 , 0.000000 ) ( 7 , 0.000000 ) ( 8 , 0.000000 ) ( 9 , 0.000000 )  
phi_m, max: 2.641117 at y = 0.497143

phi_e, max: 0.000000 at y = 0.000000
phi_e, min: -4995.871487 at y = 0.440000 
(Nodeid,phim): ( 0 , -0.172700 ) ( 1 , -0.183922 ) ( 2 , -0.141282 ) ( 3 , 0.408845 ) ( 4 , 0.000000 ) ( 5 , 0.000000 ) ( 6 , 0.000000 ) ( 7 , 0.000000 ) ( 8 , 0.000000 ) ( 9 , 0.000000 )  


Steps: 10000000 Time: 1           
Writing: "NeuralEP2DmonoDWCL2mpi4_phie_10.chk"
phi_m, max: -0.002869 at y = 1.591918

phi_e, max: 1682.323040 at y = 1.490000
phi_e, min: 0.000000 at y = 1.098571 
(Nodeid,phim): ( 0 , -nan ) ( 1 , -nan ) ( 2 , -nan ) ( 3 , -nan ) ( 4 , -nan ) ( 5 , -nan ) ( 6 , -inf ) ( 7 , -inf ) ( 8 , -inf ) ( 9 , -nan )  
phi_m, max: 0.316476 at y = 1.060000

phi_e, max: -0.000000 at y = 1.098571
phi_e, min: -7271.060858 at y = 1.060000 
(Nodeid,phim): ( 0 , -nan ) ( 1 , -nan ) ( 2 , -nan ) ( 3 , -nan ) ( 4 , -nan ) ( 5 , -nan ) ( 6 , inf ) ( 7 , -inf ) ( 8 , -inf ) ( 9 , -nan )  
phi_m, max: 84.887697 at y = 1.060000

phi_e, max: 1291.749034 at y = 1.490000
phi_e, min: 0.000000 at y = 1.098571 
(Nodeid,phim): ( 0 , -nan ) ( 1 , -nan ) ( 2 , -nan ) ( 3 , -nan ) ( 4 , -nan ) ( 5 , -nan ) ( 6 , inf ) ( 7 , inf ) ( 8 , -inf ) ( 9 , -nan )  
phi_m, max: 293.419400 at y = 1.066426

phi_e, max: -0.000000 at y = 1.098571
phi_e, min: -10387.568073 at y = 1.061624 
(Nodeid,phim): ( 0 , -nan ) ( 1 , -nan ) ( 2 , -nan ) ( 3 , -nan ) ( 4 , -nan ) ( 5 , -nan ) ( 6 , inf ) ( 7 , inf ) ( 8 , -inf ) ( 9 , -nan )  
phi_m, max: 292.694475 at y = 1.278213

phi_e, max: -0.000000 at y = 1.098571
phi_e, min: -32045.936336 at y = 1.480587 
(Nodeid,phim): ( 0 , -nan ) ( 1 , -nan ) ( 2 , -nan ) ( 3 , -nan ) ( 4 , -nan ) ( 5 , -nan ) ( 6 , inf ) ( 7 , inf ) ( 8 , inf ) ( 9 , -nan )  
phi_m, max: 291.859068 at y = 1.604286

phi_e, max: -0.000000 at y = 1.098571
phi_e, min: -14130.524372 at y = 1.485449 
(Nodeid,phim): ( 0 , -nan ) ( 1 , -nan ) ( 2 , -nan ) ( 3 , -nan ) ( 4 , -nan ) ( 5 , -nan ) ( 6 , inf ) ( 7 , inf ) ( 8 , inf ) ( 9 , -nan )  
phi_m, max: 256.830530 at y = 1.604286

phi_e, max: -0.000000 at y = 1.098571
phi_e, min: -20803.700773 at y = 1.490000 
(Nodeid,phim): ( 0 , -nan ) ( 1 , -nan ) ( 2 , -nan ) ( 3 , -nan ) ( 4 , -nan ) ( 5 , -nan ) ( 6 , inf ) ( 7 , inf ) ( 8 , inf ) ( 9 , -nan )  
phi_m, max: 210.134220 at y = 1.604286

phi_e, max: -0.000000 at y = 1.098571
phi_e, min: -22957.696313 at y = 1.490000 
(Nodeid,phim): ( 0 , -nan ) ( 1 , -nan ) ( 2 , -nan ) ( 3 , -nan ) ( 4 , -nan ) ( 5 , -nan ) ( 6 , inf ) ( 7 , inf ) ( 8 , inf ) ( 9 , -nan )  
phi_m, max: 159.535140 at y = 1.604286

phi_e, max: -0.000000 at y = 1.098571
phi_e, min: -17112.885043 at y = 1.490000 
(Nodeid,phim): ( 0 , -nan ) ( 1 , -nan ) ( 2 , -nan ) ( 3 , -nan ) ( 4 , -nan ) ( 5 , -nan ) ( 6 , inf ) ( 7 , inf ) ( 8 , inf ) ( 9 , -nan )  
phi_m, max: 113.136775 at y = 1.604286

phi_e, max: -0.000000 at y = 1.098571
phi_e, min: -11630.718279 at y = 1.490000

phi_m, max: -0.002869 at y = 1.591918

phi_e, max: 1682.323040 at y = 1.490000
phi_e, min: 0.000000 at y = 1.098571 
(Nodeid,phim): ( 0 , -nan ) ( 1 , -nan ) ( 2 , -nan ) ( 3 , -nan ) ( 4 , -nan ) ( 5 , -nan ) ( 6 , -inf ) ( 7 , -inf ) ( 8 , -inf ) ( 9 , -nan )  
phi_m, max: 0.316476 at y = 1.060000

phi_e, max: -0.000000 at y = 1.098571
phi_e, min: -7271.060858 at y = 1.060000 
(Nodeid,phim): ( 0 , -nan ) ( 1 , -nan ) ( 2 , -nan ) ( 3 , -nan ) ( 4 , -nan ) ( 5 , -nan ) ( 6 , inf ) ( 7 , -inf ) ( 8 , -inf ) ( 9 , -nan )  
phi_m, max: 84.887697 at y = 1.060000

phi_e, max: 1291.749034 at y = 1.490000
phi_e, min: 0.000000 at y = 1.098571 
(Nodeid,phim): ( 0 , -nan ) ( 1 , -nan ) ( 2 , -nan ) ( 3 , -nan ) ( 4 , -nan ) ( 5 , -nan ) ( 6 , inf ) ( 7 , inf ) ( 8 , -inf ) ( 9 , -nan )  
phi_m, max: 293.419400 at y = 1.066426

phi_e, max: -0.000000 at y = 1.098571
phi_e, min: -10387.568073 at y = 1.061624 
(Nodeid,phim): ( 0 , -nan ) ( 1 , -nan ) ( 2 , -nan ) ( 3 , -nan ) ( 4 , -nan ) ( 5 , -nan ) ( 6 , inf ) ( 7 , inf ) ( 8 , -inf ) ( 9 , -nan )  
phi_m, max: 292.694475 at y = 1.278213

phi_e, max: -0.000000 at y = 1.098571
phi_e, min: -32045.936336 at y = 1.480587 
(Nodeid,phim): ( 0 , -nan ) ( 1 , -nan ) ( 2 , -nan ) ( 3 , -nan ) ( 4 , -nan ) ( 5 , -nan ) ( 6 , inf ) ( 7 , inf ) ( 8 , inf ) ( 9 , -nan )  
phi_m, max: 291.859068 at y = 1.604286

phi_e, max: -0.000000 at y = 1.098571
phi_e, min: -14130.524372 at y = 1.485449 
(Nodeid,phim): ( 0 , -nan ) ( 1 , -nan ) ( 2 , -nan ) ( 3 , -nan ) ( 4 , -nan ) ( 5 , -nan ) ( 6 , inf ) ( 7 , inf ) ( 8 , inf ) ( 9 , -nan )  
phi_m, phi_m, max: 293.437662 at y = 0.226426

phi_e, max: 1786.395956 at y = 0.436426
phi_e, min: -498.487150 at y = 0.221175 
(Nodeid,phim): ( 0 , 112.582007 ) ( 1 , 112.582388 ) ( 2 , 114.443316 ) ( 3 , 28.637662 ) ( 4 , 0.000000 ) ( 5 , 0.000000 ) ( 6 , 0.000000 ) ( 7 , 0.000000 ) ( 8 , 0.000000 ) ( 9 , 0.000000 )  
phi_m, max: 292.681887 at y = 0.438213

phi_e, max: 0.000000 at y = 0.000000
phi_e, min: -7960.516876 at y = 0.440000 
(Nodeid,phim): ( 0 , 97.501107 ) ( 1 , 97.574801 ) ( 2 , 104.627614 ) ( 3 , 113.593209 ) ( 4 , 0.000000 ) ( 5 , 0.000000 ) ( 6 , 0.000000 ) ( 7 , 0.000000 ) ( 8 , 0.000000 ) ( 9 , 0.000000 )  
phi_m, max: 266.129048 at y = 0.497143

phi_e, max: 0.000000 at y = 0.000000
phi_e, min: -2834.245140 at y = 0.440000 
(Nodeid,phim): ( 0 , 78.114400 ) ( 1 , 78.203434 ) ( 2 , 86.558508 ) ( 3 , 100.474949 ) ( 4 , 0.000000 ) ( 5 , 0.000000 ) ( 6 , 0.000000 ) ( 7 , 0.000000 ) ( 8 , 0.000000 ) ( 9 , 0.000000 )  
phi_m, max: 221.361988 at y = 0.497143

phi_e, max: 0.000000 at y = 0.000000
phi_e, min: -6158.486340 at y = 0.440000 
(Nodeid,phim): ( 0 , 58.168642 ) ( 1 , 58.255956 ) ( 2 , 66.440275 ) ( 3 , 81.508111 ) ( 4 , 0.000000 ) ( 5 , 0.000000 ) ( 6 , 0.000000 ) ( 7 , 0.000000 ) ( 8 , 0.000000 ) ( 9 , 0.000000 )  
phi_m, max: 170.873982 at y = 0.497143

phi_e, max: 0.000000 at y = 0.000000
phi_e, min: -12677.614960 at y = 0.440000 
(Nodeid,phim): ( 0 , 40.495729 ) ( 1 , 40.577070 ) ( 2 , 47.581032 ) ( 3 , 61.409924 ) ( 4 , 0.000000 ) ( 5 , 0.000000 ) ( 6 , 0.000000 ) ( 7 , 0.000000 ) ( 8 , 0.000000 ) ( 9 , 0.000000 )  
phi_m, max: 122.952318 at y = 0.497143

phi_e, max: 0.000000 at y = 0.000000
phi_e, min: -6143.513471 at y = 0.440000 
(Nodeid,phim): ( 0 , 20.953172 ) ( 1 , 21.183318 ) ( 2 , 29.860621 ) ( 3 , 43.180635 ) ( 4 , 0.000000 ) ( 5 , 0.000000 ) ( 6 , 0.000000 ) ( 7 , 0.000000 ) ( 8 , 0.000000 ) ( 9 , 0.000000 )  
phi_m, max: 79.318094 at y = 0.497143

phi_e, max: 0.000000 at y = 0.000000
phi_e, min: -7396.873458 at y = 0.440000 
(Nodeid,phim): ( 0 , 3.475615 ) ( 1 , 3.597452 ) ( 2 , 8.704106 ) ( 3 , 24.292967 ) ( 4 , 0.000000 ) ( 5 , 0.000000 ) ( 6 , 0.000000 ) ( 7 , 0.000000 ) ( 8 , 0.000000 ) ( 9 , 0.000000 )  
phi_m, max: 24.681796 at y = 0.497143

phi_e, max: 0.000000 at y = 0.000000
phi_e, min: -7111.114539 at y = 0.440000 
(Nodeid,phim): ( 0 , 0.273132 ) ( 1 , 0.273463 ) ( 2 , 0.909108 ) ( 3 , 5.263232 ) ( 4 , 0.000000 ) ( 5 , 0.000000 ) ( 6 , 0.000000 ) ( 7 , 0.000000 ) ( 8 , 0.000000 ) ( 9 , 0.000000 )  
phi_m, max: 2.641117 at y = 0.497143

phi_e, max: 0.000000 at y = 0.000000
phi_e, min: -4995.871487 at y = 0.440000 
(Nodeid,phim): ( 0 , -0.172700 ) ( 1 , -0.183922 ) ( 2 , -0.141282 ) ( 3 , 0.408845 ) ( 4 , 0.000000 ) ( 5 , 0.000000 ) ( 6 , 0.000000 ) ( 7 , 0.000000 ) ( 8 , 0.000000 ) ( 9 , 0.000000 )  
phi_m, max: -0.316986 at y = 0.497143

phi_e, max: 0.000000 at y = 0.000000
phi_e, min: -3256.904607 at y = 0.440000

phi_m, max: 293.437662 at y = 0.226426

phi_e, max: 1786.395956 at y = 0.436426
phi_e, min: -498.487150 at y = 0.221175 
(Nodeid,phim): ( 0 , 112.582007 ) ( 1 , 112.582388 ) ( 2 , 114.443316 ) ( 3 , 28.637662 ) ( 4 , 0.000000 ) ( 5 , 0.000000 ) ( 6 , 0.000000 ) ( 7 , 0.000000 ) ( 8 , 0.000000 ) ( 9 , 0.000000 )  
phi_m, max: 292.681887 at y = 0.438213

phi_e, max: 0.000000 at y = 0.000000
phi_e, min: -7960.516876 at y = 0.440000 
(Nodeid,phim): ( 0 , 97.501107 ) ( 1 , 97.574801 ) ( 2 , 104.627614 ) ( 3 , 113.593209 ) ( 4 , 0.000000 ) ( 5 , 0.000000 ) ( 6 , 0.000000 ) ( 7 , 0.000000 ) ( 8 , 0.000000 ) ( 9 , 0.000000 )  
phi_m, max: 266.129048 at y = 0.497143

phi_e, max: 0.000000 at y = 0.000000
phi_e, min: -2834.245140 at y = 0.440000 
(Nodeid,phim): ( 0 , 78.114400 ) ( 1 , 78.203434 ) ( 2 , 86.558508 ) ( 3 , 100.474949 ) ( 4 , 0.000000 ) ( 5 , 0.000000 ) ( 6 , 0.000000 ) ( 7 , 0.000000 ) ( 8 , 0.000000 ) ( 9 , 0.000000 )  
phi_m, max: 221.361988 at y = 0.497143

phi_e, max: 0.000000 at y = 0.000000
phi_e, min: -6158.486340 at y = 0.440000 
(Nodeid,phim): ( 0 , 58.168642 ) ( 1 , 58.255956 ) ( 2 , 66.440275 ) ( 3 , 81.508111 ) ( 4 , 0.000000 ) ( 5 , 0.000000 ) ( 6 , 0.0000phi_m, max: -0.002869 at y = 1.798082

phi_e, max: 1682.354621 at y = 2.120000
phi_e, min: 0.000000 at y = 1.690000 
(Nodeid,phim): ( 0 , -nan ) ( 1 , -nan ) ( 2 , -nan ) ( 3 , -nan ) ( 4 , -nan ) ( 5 , -nan ) ( 6 , -nan ) ( 7 , -nan ) ( 8 , -nan ) ( 9 , -inf )  
phi_m, max: -0.002891 at y = 1.585925

phi_e, max: -0.000000 at y = 1.690000
phi_e, min: -7270.630530 at y = 1.690000 
(Nodeid,phim): ( 0 , -nan ) ( 1 , -nan ) ( 2 , -nan ) ( 3 , -nan ) ( 4 , -nan ) ( 5 , -nan ) ( 6 , -nan ) ( 7 , -nan ) ( 8 , -nan ) ( 9 , -inf )  
phi_m, max: -0.002711 at y = 1.579071

phi_e, max: 1291.786599 at y = 2.120000
phi_e, min: 0.000000 at y = 1.690000 
(Nodeid,phim): ( 0 , -nan ) ( 1 , -nan ) ( 2 , -nan ) ( 3 , -nan ) ( 4 , -nan ) ( 5 , -nan ) ( 6 , -nan ) ( 7 , -nan ) ( 8 , -nan ) ( 9 , -inf )  
phi_m, max: -0.002848 at y = 2.014075

phi_e, max: -0.000000 at y = 1.690000
phi_e, min: -8189.408496 at y = 1.900587 
(Nodeid,phim): ( 0 , -nan ) ( 1 , -nan ) ( 2 , -nan ) ( 3 , -nan ) ( 4 , -nan ) ( 5 , -nan ) ( 6 , -nan ) ( 7 , -nan ) ( 8 , -nan ) ( 9 , -inf )  
phi_m, max: 37.047401 at y = 1.579071

phi_e, max: -0.000000 at y = 1.690000
phi_e, min: -30456.946836 at y = 1.690000 
(Nodeid,phim): ( 0 , -nan ) ( 1 , -nan ) ( 2 , -nan ) ( 3 , -nan ) ( 4 , -nan ) ( 5 , -nan ) ( 6 , -nan ) ( 7 , -nan ) ( 8 , -nan ) ( 9 , inf )  
phi_m, max: 294.406161 at y = 1.664785

phi_e, max: -0.000000 at y = 1.690000
phi_e, min: -13945.412640 at y = 1.693574 
(Nodeid,phim): ( 0 , -nan ) ( 1 , -nan ) ( 2 , -nan ) ( 3 , -nan ) ( 4 , -nan ) ( 5 , -nan ) ( 6 , -nan ) ( 7 , -nan ) ( 8 , -nan ) ( 9 , inf )  
phi_m, max: 293.419515 at y = 1.906426

phi_e, max: -0.000000 at y = 1.690000
phi_e, min: -21957.269312 at y = 1.900587 
(Nodeid,phim): ( 0 , -nan ) ( 1 , -nan ) ( 2 , -nan ) ( 3 , -nan ) ( 4 , -nan ) ( 5 , -nan ) ( 6 , -nan ) ( 7 , -nan ) ( 8 , -nan ) ( 9 , inf )  
phi_m, max: 292.763172 at y = 2.120000

phi_e, max: -0.000000 at y = 1.690000
phi_e, min: -26797.389430 at y = 2.120000 
(Nodeid,phim): ( 0 , -nan ) ( 1 , -nan ) ( 2 , -nan ) ( 3 , -nan ) ( 4 , -nan ) ( 5 , -nan ) ( 6 , -nan ) ( 7 , -nan ) ( 8 , -nan ) ( 9 , inf )  
phi_m, max: 263.651980 at y = 2.120000

phi_e, max: -0.000000 at y = 1.690000
phi_e, min: -20630.967857 at y = 2.120000 
(Nodeid,phim): ( 0 , -nan ) ( 1 , -nan ) ( 2 , -nan ) ( 3 , -nan ) ( 4 , -nan ) ( 5 , -nan ) ( 6 , -nan ) ( 7 , -nan ) ( 8 , -nan ) ( 9 , inf )  
phi_m, max: 217.271221 at y = 2.120000

phi_e, max: -0.000000 at y = 1.690000
phi_e, min: -14559.022652 at y = 2.120000

phi_m, max: -0.002869 at y = 1.798082

phi_e, max: 1682.354621 at y = 2.120000
phi_e, min: 0.000000 at y = 1.690000 
(Nodeid,phim): ( 0 , -nan ) ( 1 , -nan ) ( 2 , -nan ) ( 3 , -nan ) ( 4 , -nan ) ( 5 , -nan ) ( 6 , -nan ) ( 7 , -nan ) ( 8 , -nan ) ( 9 , -inf )  
phi_m, max: -0.002891 at y = 1.585925

phi_e, max: -0.000000 at y = 1.690000
phi_e, min: -7270.630530 at y = 1.690000 
(Nodeid,phim): ( 0 , -nan ) ( 1 , -nan ) ( 2 , -nan ) ( 3 , -nan ) ( 4 , -nan ) ( 5 , -nan ) ( 6 , -nan ) ( 7 , -nan ) ( 8 , -nan ) ( 9 , -inf )  
phi_m, max: -0.002711 at y = 1.579071

phi_e, max: 1291.786599 at y = 2.120000
phi_e, min: 0.000000 at y = 1.690000 
(Nodeid,phim): ( 0 , -nan ) ( 1 , -nan ) ( 2 , -nan ) ( 3 , -nan ) ( 4 , -nan ) ( 5 , -nan ) ( 6 , -nan ) ( 7 , -nan ) ( 8 , -nan ) ( 9 , -inf )  
phi_m, max: -0.002848 at y = 2.014075

phi_e, max: -0.000000 at y = 1.690000
phi_e, min: -8189.408496 at y = 1.900587 
(Nodeid,phim): ( 0 , -nan ) ( 1 , -nan ) ( 2 , -nan ) ( 3 , -nan ) ( 4 , -nan ) ( 5 , -nan ) ( 6 , -nan ) ( 7 , -nan ) ( 8 , -nan ) ( 9 , -inf )  
phi_m, max: 37.047401 at y = 1.579071

phi_e, max: -0.000000 at y = 1.690000
phi_e, min: -30456.946836 at y = 1.690000 
(Nodeid,phim): ( 0 , -nan ) ( 1 , -nan ) ( 2 , -nan ) ( 3 , -nan ) ( 4 , -nan ) ( 5 , -nan ) ( 6 , -nan ) ( 7 , -nan ) ( 8 , -nan ) ( 9 , inf )  
phi_m, max: 294.406161 at y = 1.664785

phi_e, max: -0.000000 at y = 1.690000
phi_e, min: -13945.412640 at y = 1.693574 
(Nodeid,phim): ( 0 , -nan ) ( 1 , -nan ) ( 2 , -nan ) ( 3 , -nan ) ( 4 , -nan ) ( 5 , -nan ) ( 6 , -nan ) ( 7 , -nan ) ( 8 , -nan ) ( (0.00140615s, XML)

Time: 0.100000
CPU Time: 41.061546 min.
phi_m, max: -0.003007 at y = 0.858825

phi_e, max: 1684.343022 at y = 0.640000
phi_e, min: 0.000000 at y = 0.640000 
(Nodeid,phim): ( 0 , -nan ) ( 1 , -nan ) ( 2 , -nan ) ( 3 , -nan ) ( 4 , -inf ) ( 5 , -inf ) ( 6 , -nan ) ( 7 , -nan ) ( 8 , -nan ) ( 9 , -nan )  

Time: 0.200000
CPU Time: 41.258923 min.
phi_m, max: 292.094034 at y = 0.641175

phi_e, max: -0.000000 at y = 0.640000
phi_e, min: -8907.037050 at y = 0.640587 
(Nodeid,phim): ( 0 , -nan ) ( 1 , -nan ) ( 2 , -nan ) ( 3 , -nan ) ( 4 , inf ) ( 5 , inf ) ( 6 , -nan ) ( 7 , -nan ) ( 8 , -nan ) ( 9 , -nan )  

Time: 0.300000
CPU Time: 41.330619 min.
phi_m, max: 294.241020 at y = 0.824785

phi_e, max: -0.000000 at y = 0.640000
phi_e, min: -3204.504391 at y = 0.645587 
(Nodeid,phim): ( 0 , -nan ) ( 1 , -nan ) ( 2 , -nan ) ( 3 , -nan ) ( 4 , inf ) ( 5 , inf ) ( 6 , -nan ) ( 7 , -nan ) ( 8 , -nan ) ( 9 , -nan )  

Time: 0.400000
CPU Time: 39.742741 min.
phi_m, max: 284.138048 at y = 1.060000

phi_e, max: -0.000000 at y = 0.640000
phi_e, min: -9844.664998 at y = 0.860000 
(Nodeid,phim): ( 0 , -nan ) ( 1 , -nan ) ( 2 , -nan ) ( 3 , -nan ) ( 4 , inf ) ( 5 , inf ) ( 6 , -nan ) ( 7 , -nan ) ( 8 , -nan ) ( 9 , -nan )  

Time: 0.500000
CPU Time: 39.640061 min.
phi_m, max: 248.522636 at y = 1.060000

phi_e, max: -0.000000 at y = 0.640000
phi_e, min: -23265.191871 at y = 0.860000 
(Nodeid,phim): ( 0 , -nan ) ( 1 , -nan ) ( 2 , -nan ) ( 3 , -nan ) ( 4 , inf ) ( 5 , inf ) ( 6 , -nan ) ( 7 , -nan ) ( 8 , -nan ) ( 9 , -nan )  

Time: 0.600000
CPU Time: 39.078567 min.
phi_m, max: 200.048373 at y = 1.060000

phi_e, max: -0.000000 at y = 0.640000
phi_e, min: -10937.620623 at y = 0.860000 
(Nodeid,phim): ( 0 , -nan ) ( 1 , -nan ) ( 2 , -nan ) ( 3 , -nan ) ( 4 , inf ) ( 5 , inf ) ( 6 , -nan ) ( 7 , -nan ) ( 8 , -nan ) ( 9 , -nan )  

Time: 0.700000
CPU Time: 38.122939 min.
phi_m, max: 149.514166 at y = 1.060000

phi_e, max: -0.000000 at y = 0.640000
phi_e, min: -13919.848440 at y = 0.860000 
(Nodeid,phim): ( 0 , -nan ) ( 1 , -nan ) ( 2 , -nan ) ( 3 , -nan ) ( 4 , inf ) ( 5 , inf ) ( 6 , -nan ) ( 7 , -nan ) ( 8 , -nan ) ( 9 , -nan )  

Time: 0.800000
CPU Time: 37.984350 min.
phi_m, max: 104.381205 at y = 1.060000

phi_e, max: -0.000000 at y = 0.640000
phi_e, min: -14291.593837 at y = 0.860000 
(Nodeid,phim): ( 0 , -nan ) ( 1 , -nan ) ( 2 , -nan ) ( 3 , -nan ) ( 4 , inf ) ( 5 , inf ) ( 6 , -nan ) ( 7 , -nan ) ( 8 , -nan ) ( 9 , -nan )  

Time: 0.900000
CPU Time: 38.044377 min.
phi_m, max: 55.820681 at y = 1.060000

phi_e, max: -0.000000 at y = 0.640000
phi_e, min: -10019.278801 at y = 0.860000 
(Nodeid,phim): ( 0 , -nan ) ( 1 , -nan ) ( 2 , -nan ) ( 3 , -nan ) ( 4 , inf ) ( 5 , inf ) ( 6 , -nan ) ( 7 , -nan ) ( 8 , -nan ) ( 9 , -nan )  

Time: 1.000000
CPU Time: 38.176239 min.
phi_m, max: 10.189648 at y = 1.060000

phi_e, max: -0.000000 at y = 0.640000
phi_e, min: -6408.449965 at y = 0.860000


Time: 0.100000
CPU Time: 41.061546 min.
phi_m, max: -0.003007 at y = 0.858825

phi_e, max: 1684.343022 at y = 0.640000
phi_e, min: 0.000000 at y = 0.640000 
(Nodeid,phim): ( 0 , -nan ) ( 1 , -nan ) ( 2 , -nan ) ( 3 , -nan ) ( 4 , -inf ) ( 5 , -inf ) ( 6 , -nan ) ( 7 , -nan ) ( 8 , -nan ) ( 9 , -nan )  

Time: 0.200000
CPU Time: 41.258923 min.
phi_m, max: 292.094034 at y = 0.641175

phi_e, max: -0.000000 at y = 0.640000
phi_e, min: -8907.037050 at y = 0.640587 
(Nodeid,phim): ( 0 , -nan ) ( 1 , -nan ) ( 2 , -nan ) ( 3 , -nan ) ( 4 , inf ) ( 5 , inf ) ( 6 , -nan ) ( 7 , -nan ) ( 8 , -nan ) ( 9 , -nan )  

Time: 0.300000
CPU Time: 41.330619 min.
phi_m, max: 294.241020 at y = 0.824785

phi_e, max: -0.000000 at y = 0.640000
phi_e, min: -3204.504391 at y = 0.645587 
(Nodeid,phim): ( 0 , -nan ) ( 1 , -nan ) ( 2 , -nan ) ( 3 , -nan ) ( 4 , inf ) ( 5 , inf ) ( 6 , -nan ) ( 7 , -nan ) ( 8 , -nan ) ( 9 , -nan )  

Time: 0.400000
CPU Time: 39.742741 min.
phi_m, max: 284.138048 at y = 1.060000

phi_e, max: -0.000000 at y = 0.640000
phi_e, min: -9844.664998 at y = 0.860000 
(Nodeid,phim): ( 0 , -nan ) ( 1 , -nan ) ( 2 , -nan ) ( 3 , -nan ) ( 4 , inf ) ( 9 , inf )  
phi_m, max: 293.419515 at y = 1.906426

phi_e, max: -0.000000 at y = 1.690000
phi_e, min: -21957.269312 at y = 1.900587 
(Nodeid,phim): ( 0 , -nan ) ( 1 , -nan ) ( 2 , -nan ) ( 3 , -nan ) ( 4 , -nan ) ( 5 , -nan ) ( 6 , -nan ) ( 7 , -nan ) ( 8 , -nan ) ( 9 , inf )  
phi_m, max: 292.763172 at y = 2.120000

phi_e, max: -0.000000 at y = 1.690000
phi_e, min: -26797.389430 at y = 2.120000 
(Nodeid,phim): ( 0 , -nan ) ( 1 , -nan ) ( 2 , -nan ) ( 3 , -nan ) ( 4 , -nan ) ( 5 , -nan ) ( 6 , -nan ) ( 7 , -nan ) ( 8 , -nan ) ( 9 , inf )  
phi_m, max: 263.651980 at y = 2.120000

phi_e, max: -0.000000 at y = 1.690000
phi_e, min: -20630.967857 at y = 2.120000 
(Nodeid,phim): ( 0 , -nan ) ( 1 , -nan ) ( 2 , -nan ) ( 3 , -nan ) ( 4 , -nan ) ( 5 , -nan ) ( 6 , -nan ) ( 7 , -nan ) ( 8 , -nan ) ( 9 , inf )  
phi_m, max: 217.271221 at y = 2.120000

phi_e, max: -0.000000 at y = 1.690000
phi_e, min: -14559.022652 at y = 2.120000 
(Nodeid,phim): ( 0 , -nan ) ( 1 , -nan ) ( 2 , -nan ) ( 3 , -nan ) ( 4 , -nan ) ( 5 , -nan ) ( 6 , -nan ) ( 7 , -nan ) ( 8 , -nan ) ( 9 , inf )  


max: 256.830530 at y = 1.604286

phi_e, max: -0.000000 at y = 1.098571
phi_e, min: -20803.700773 at y = 1.490000 
(Nodeid,phim): ( 0 , -nan ) ( 1 , -nan ) ( 2 , -nan ) ( 3 , -nan ) ( 4 , -nan ) ( 5 , -nan ) ( 6 , inf ) ( 7 , inf ) ( 8 , inf ) ( 9 , -nan )  
phi_m, max: 210.134220 at y = 1.604286

phi_e, max: -0.000000 at y = 1.098571
phi_e, min: -22957.696313 at y = 1.490000 
(Nodeid,phim): ( 0 , -nan ) ( 1 , -nan ) ( 2 , -nan ) ( 3 , -nan ) ( 4 , -nan ) ( 5 , -nan ) ( 6 , inf ) ( 7 , inf ) ( 8 , inf ) ( 9 , -nan )  
phi_m, max: 159.535140 at y = 1.604286

phi_e, max: -0.000000 at y = 1.098571
phi_e, min: -17112.885043 at y = 1.490000 
(Nodeid,phim): ( 0 , -nan ) ( 1 , -nan ) ( 2 , -nan ) ( 3 , -nan ) ( 4 , -nan ) ( 5 , -nan ) ( 6 , inf ) ( 7 , inf ) ( 8 , inf ) ( 9 , -nan )  
phi_m, max: 113.136775 at y = 1.604286

phi_e, max: -0.000000 at y = 1.098571
phi_e, min: -11630.718279 at y = 1.490000 
(Nodeid,phim): ( 0 , -nan ) ( 1 , -nan ) ( 2 , -nan ) ( 3 , -nan ) ( 4 , -nan ) ( 5 , -nan ) ( 6 , inf ) ( 7 , inf ) ( 8 , inf ) ( 9 , -nan )  


00 ) ( 7 , 0.000000 ) ( 8 , 0.000000 ) ( 9 , 0.000000 )  
phi_m, max: 170.873982 at y = 0.497143

phi_e, max: 0.000000 at y = 0.000000
phi_e, min: -12677.614960 at y = 0.440000 
(Nodeid,phim): ( 0 , 40.495729 ) ( 1 , 40.577070 ) ( 2 , 47.581032 ) ( 3 , 61.409924 ) ( 4 , 0.000000 ) ( 5 , 0.000000 ) ( 6 , 0.000000 ) ( 7 , 0.000000 ) ( 8 , 0.000000 ) ( 9 , 0.000000 )  
phi_m, max: 122.952318 at y = 0.497143

phi_e, max: 0.000000 at y = 0.000000
phi_e, min: -6143.513471 at y = 0.440000 
(Nodeid,phim): ( 0 , 20.953172 ) ( 1 , 21.183318 ) ( 2 , 29.860621 ) ( 3 , 43.180635 ) ( 4 , 0.000000 ) ( 5 , 0.000000 ) ( 6 , 0.000000 ) ( 7 , 0.000000 ) ( 8 , 0.000000 ) ( 9 , 0.000000 )  
phi_m, max: 79.318094 at y = 0.497143

phi_e, max: 0.000000 at y = 0.000000
phi_e, min: -7396.873458 at y = 0.440000 
(Nodeid,phim): ( 0 , 3.475615 ) ( 1 , 3.597452 ) ( 2 , 8.704106 ) ( 3 , 24.292967 ) ( 4 , 0.000000 ) ( 5 , 0.000000 ) ( 6 , 0.000000 ) ( 7 , 0.000000 ) ( 8 , 0.000000 ) ( 9 , 0.000000 )  
phi_m, max: 24.681796 at y = 0.497143

phi_e, max: 0.000000 at y = 0.000000
phi_e, min: -7111.114539 at y = 0.440000 
(Nodeid,phim): ( 0 , 0.273132 ) ( 1 , 0.273463 ) ( 2 , 0.909108 ) ( 3 , 5.263232 ) ( 4 , 0.000000 ) ( 5 , 0.000000 ) ( 6 , 0.000000 ) ( 7 , 0.000000 ) ( 8 , 0.000000 ) ( 9 , 0.000000 )  
phi_m, max: 2.641117 at y = 0.497143

phi_e, max: 0.000000 at y = 0.000000
phi_e, min: -4995.871487 at y = 0.440000 
(Nodeid,phim): ( 0 , -0.172700 ) ( 1 , -0.183922 ) ( 2 , -0.141282 ) ( 3 , 0.408845 ) ( 4 , 0.000000 ) ( 5 , 0.000000 ) ( 6 , 0.000000 ) ( 7 , 0.000000 ) ( 8 , 0.000000 ) ( 9 , 0.000000 )  
phi_m, max: -0.316986 at y = 0.497143

phi_e, max: 0.000000 at y = 0.000000
phi_e, min: -3256.904607 at y = 0.440000 
(Nodeid,phim): ( 0 , -0.337749 ) ( 1 , -0.347101 ) ( 2 , -0.353858 ) ( 3 , -0.224037 ) ( 4 , 0.000000 ) ( 5 , 0.000000 ) ( 6 , 0.000000 ) ( 7 , 0.000000 ) ( 8 , 0.000000 ) ( 9 , 0.000000 )  


 5 , inf ) ( 6 , -nan ) ( 7 , -nan ) ( 8 , -nan ) ( 9 , -nan )  

Time: 0.500000
CPU Time: 39.640061 min.
phi_m, max: 248.522636 at y = 1.060000

phi_e, max: -0.000000 at y = 0.640000
phi_e, min: -23265.191871 at y = 0.860000 
(Nodeid,phim): ( 0 , -nan ) ( 1 , -nan ) ( 2 , -nan ) ( 3 , -nan ) ( 4 , inf ) ( 5 , inf ) ( 6 , -nan ) ( 7 , -nan ) ( 8 , -nan ) ( 9 , -nan )  

Time: 0.600000
CPU Time: 39.078567 min.
phi_m, max: 200.048373 at y = 1.060000

phi_e, max: -0.000000 at y = 0.640000
phi_e, min: -10937.620623 at y = 0.860000 
(Nodeid,phim): ( 0 , -nan ) ( 1 , -nan ) ( 2 , -nan ) ( 3 , -nan ) ( 4 , inf ) ( 5 , inf ) ( 6 , -nan ) ( 7 , -nan ) ( 8 , -nan ) ( 9 , -nan )  

Time: 0.700000
CPU Time: 38.122939 min.
phi_m, max: 149.514166 at y = 1.060000

phi_e, max: -0.000000 at y = 0.640000
phi_e, min: -13919.848440 at y = 0.860000 
(Nodeid,phim): ( 0 , -nan ) ( 1 , -nan ) ( 2 , -nan ) ( 3 , -nan ) ( 4 , inf ) ( 5 , inf ) ( 6 , -nan ) ( 7 , -nan ) ( 8 , -nan ) ( 9 , -nan )  

Time: 0.800000
CPU Time: 37.984350 min.
phi_m, max: 104.381205 at y = 1.060000

phi_e, max: -0.000000 at y = 0.640000
phi_e, min: -14291.593837 at y = 0.860000 
(Nodeid,phim): ( 0 , -nan ) ( 1 , -nan ) ( 2 , -nan ) ( 3 , -nan ) ( 4 , inf ) ( 5 , inf ) ( 6 , -nan ) ( 7 , -nan ) ( 8 , -nan ) ( 9 , -nan )  

Time: 0.900000
CPU Time: 38.044377 min.
phi_m, max: 55.820681 at y = 1.060000

phi_e, max: -0.000000 at y = 0.640000
phi_e, min: -10019.278801 at y = 0.860000 
(Nodeid,phim): ( 0 , -nan ) ( 1 , -nan ) ( 2 , -nan ) ( 3 , -nan ) ( 4 , inf ) ( 5 , inf ) ( 6 , -nan ) ( 7 , -nan ) ( 8 , -nan ) ( 9 , -nan )  

Time: 1.000000
CPU Time: 38.176239 min.
phi_m, max: 10.189648 at y = 1.060000

phi_e, max: -0.000000 at y = 0.640000
phi_e, min: -6408.449965 at y = 0.860000 
(Nodeid,phim): ( 0 , -nan ) ( 1 , -nan ) ( 2 , -nan ) ( 3 , -nan ) ( 4 , inf ) ( 5 , inf ) ( 6 , -nan ) ( 7 , -nan ) ( 8 , -nan ) ( 9 , -nan )  


Writing: "NeuralEP2DmonoDWCL2mpi4_10.chk"
 (0.000484729s, XML)
Time-integration  : 23666.4s
Writing: "NeuralEP2DmonoDWCL2mpi4.fld"
 (0.000527359s, XML)
-------------------------------------------
Total Computation Time = 23667.9s
-------------------------------------------
L 2 error (variable um) : 5.05764
L inf error (variable um) : 85.9612
L 2 error (variable ue) : 527.032
L inf error (variable ue) : 5760.13
