Excite zone = 0, Node zone = 0.0595238, intra zone = 30.3571 %, extra zone = 76.7857 % 
npts = 30, Excite node elem. = 0, Node elem. = 1, Myelin elem. = 0, intra elem. = 17, external elem. = 43, total elem = 56
v_InitObject: Node = 390, Myelin = 120, extracell = 1170
 =======================================================================
 Moving frames 1170 / 1680 ( 69.6429 % ) are removed
 =======================================================================
Excite zone = 0, Node zone = 0.0606061, intra zone = 30.9091 %, extra zone = 76.3636 % 
npts = 30, Excite node elem. = 0, Node elem. = 1, Myelin elem. = 0, intra elem. = 17, external elem. = 42, total elem = 55
v_InitObject: Node = 390, Myelin = 120, extracell = 1140
 =======================================================================
 Moving frames 1140 / 1650 ( 69.0909 % ) are removed
 =======================================================================
Max Anistrength_1  = 167.914, Anistrength_2 = 167.914, Min Anistrength 1 = 0, Anistrength 2 = 0

MMFInitObejct Starts: ==============================================
MMFActivation = 1650 /  1650 ( 100 % ) 
Excite zone = 0, Node zone = 0.0595238, intra zone = 33.9286 %, extra zone = 73.2143 % 
npts = 30, Excite node elem. = 0, Node elem. = 1, Myelin elem. = 1, intra elem. = 19, external elem. = 41, total elem = 56
v_InitObject: Node = 450, Myelin = 120, extracell = 1110
 =======================================================================
 Moving frames 1110 / 1680 ( 66.0714 % ) are removed
 =======================================================================
Max Anistrength_1  = 167.914, Anistrength_2 = 167.914, Min Anistrength 1 = 0, Anistrength 2 = 0

MMFInitObejct Starts: ==============================================
MMFActivation = 1680 /  1680 ( 100 % ) 
Excite zone = 0, Node zone = 0, intra zone = 30.3571 %, extra zone = 69.6429 % 
npts = 30, Excite node elem. = 0, Node elem. = 0, Myelin elem. = 1, intra elem. = 17, external elem. = 39, total elem = 56
v_InitObject: Node = 510, Myelin = 0, extracell = 1170
 =======================================================================
 Moving frames 1170 / 1680 ( 69.6429 % ) are removed
 =======================================================================
Max Anistrength_1  = 167.914, Anistrength_2 = 167.914, Min Anistrength 1 = 0, Anistrength 2 = 0

MMFInitObejct Starts: ==============================================
MMFActivation = 1680 /  1680 ( 100 % ) 
Excite zone = 0, Node zone = 0.0595238, intra zone = 32.1429 %, extra zone = 75 % 
npts = 30, Excite node elem. = 0, Node elem. = 1, Myelin elem. = 1, intra elem. = 18, external elem. = 42, total elem = 56
v_InitObject: Node = 420, Myelin = 120, extracell = 1140
 =======================================================================
 Moving frames 1140 / 1680 ( 67.8571 % ) are removed
 =======================================================================
Max Anistrength_1  = 167.914, Anistrength_2 = 167.914, Min Anistrength 1 = 0, Anistrength 2 = 0

MMFInitObejct Starts: ==============================================
MMFActivation = 1680 /  1680 ( 100 % ) 
Excite zone = 0, Node zone = 0.0595238, intra zone = 33.9286 %, extra zone = 73.2143 % 
npts = 30, Excite node elem. = 0, Node elem. = 1, Myelin elem. = 1, intra elem. = 19, external elem. = 41, total elem = 56
v_InitObject: Node = 450, Myelin = 120, extracell = 1110
 =======================================================================
 Moving frames 1110 / 1680 ( 66.0714 % ) are removed
 =======================================================================
Max Anistrength_1  = 167.914, Anistrength_2 = 167.914, Min Anistrength 1 = 0, Anistrength 2 = 0

MMFInitObejct Starts: ==============================================
MMFActivation = 1680 /  1680 ( 100 % ) 
Excite zone = 0, Node zone = 0.0595238, intra zone = 32.1429 %, extra zone = 75 % 
npts = 30, Excite node elem. = 0, Node elem. = 1, Myelin elem. = 1, intra elem. = 18, external elem. = 42, total elem = 56
v_InitObject: Node = 420, Myelin = 120, extracell = 1140
 =======================================================================
 Moving frames 1140 / 1680 ( 67.8571 % ) are removed
 =======================================================================
Max Anistrength_1  = 167.914, Anistrength_2 = 167.914, Min Anistrength 1 = 0, Anistrength 2 = 0

MMFInitObejct Starts: ==============================================
MMFActivation = 1680 /  1680 ( 100 % ) 
Excite zone = 0, Node zone = 0.0606061, intra zone = 30.9091 %, extra zone = 76.3636 % 
npts = 30, Excite node elem. = 0, Node elem. = 1, Myelin elem. = 0, intra elem. = 17, external elem. = 42, total elem = 55
v_InitObject: Node = 390, Myelin = 120, extracell = 1140
 =======================================================================
 Moving frames 1140 / 1650 ( 69.0909 % ) are removed
 =======================================================================
Max Anistrength_1  = 167.914, Anistrength_2 = 167.914, Min Anistrength 1 = 0, Anistrength 2 = 0

MMFInitObejct Starts: ==============================================
Excite zone = 14.2857, Node zone = 0.119048, intra zone = 33.9286 %, extra zone = 80.3571 % 
npts = 30, Excite node elem. = 2, Node elem. = 2, Myelin elem. = 0, intra elem. = 19, external elem. = 45, total elem = 56
v_InitObject: Node = 330, Myelin = 240, extracell = 1110
 =======================================================================
 Moving frames 1110 / 1680 ( 66.0714 % ) are removed
 =======================================================================
Max Anistrength_1  = 167.914, Anistrength_2 = 167.914, Min Anistrength 1 = 0, Anistrength 2 = 0

MMFInitObejct Starts: ==============================================
Excite zone = 0, Node zone = 0, intra zone = 29.0909 %, extra zone = 74.5455 % 
npts = 30, Excite node elem. = 0, Node elem. = 0, Myelin elem. = 1, intra elem. = 16, external elem. = 41, total elem = 57
v_InitObject: Node = 420, Myelin = 60, extracell = 1170
 =======================================================================
 Moving frames 1170 / 1650 ( 70.9091 % ) are removed
 =======================================================================
Max Anistrength_1  = 167.914, Anistrength_2 = 167.914, Min Anistrength 1 = 0, Anistrength 2 = 0

MMFInitObejct Starts: ==============================================
Excite zone = 0, Node zone = 0.0595238, intra zone = 35.7143 %, extra zone = 75 % 
npts = 30, Excite node elem. = 0, Node elem. = 1, Myelin elem. = 1, intra elem. = 20, external elem. = 42, total elem = 58
v_InitObject: Node = 420, Myelin = 180, extracell = 1080
 =======================================================================
 Moving frames 1080 / 1680 ( 64.2857 % ) are removed
 =======================================================================
Max Anistrength_1  = 167.914, Anistrength_2 = 167.914, Min Anistrength 1 = 0, Anistrength 2 = 0

MMFInitObejct Starts: ==============================================
Excite zone = 0, Node zone = 0.0595238, intra zone = 35.7143 %, extra zone = 71.4286 % 
npts = 30, Excite node elem. = 0, Node elem. = 1, Myelin elem. = 1, intra elem. = 20, external elem. = 40, total elem = 56
v_InitObject: Node = 480, Myelin = 120, extracell = 1080
 =======================================================================
 Moving frames 1080 / 1680 ( 64.2857 % ) are removed
 =======================================================================
Max Anistrength_1  = 167.914, Anistrength_2 = 167.914, Min Anistrength 1 = 0, Anistrength 2 = 0

MMFInitObejct Starts: ==============================================
Excite zone = 0, Node zone = 0.0595238, intra zone = 33.9286 %, extra zone = 73.2143 % 
npts = 30, Excite node elem. = 0, Node elem. = 1, Myelin elem. = 1, intra elem. = 19, external elem. = 41, total elem = 56
v_InitObject: Node = 450, Myelin = 120, extracell = 1110
 =======================================================================
 Moving frames 1110 / 1680 ( 66.0714 % ) are removed
 =======================================================================
Max Anistrength_1  = 167.914, Anistrength_2 = 167.914, Min Anistrength 1 = 0, Anistrength 2 = 0

MMFInitObejct Starts: ==============================================
MMFActivation = 1680 /  1680 ( 100 % ) 
Excite zone = 0, Node zone = 0.0595238, intra zone = 33.9286 %, extra zone = 73.2143 % 
npts = 30, Excite node elem. = 0, Node elem. = 1, Myelin elem. = 1, intra elem. = 19, external elem. = 41, total elem = 56
v_InitObject: Node = 450, Myelin = 120, extracell = 1110
 =======================================================================
Excite zone = 0, Node zone = 0.0606061, intra zone = 34.5455 %, extra zone = 72.7273 % 
npts = 30, Excite node elem. = 0, Node elem. = 1, Myelin elem. = 1, intra elem. = 19, external elem. = 40, total elem = 55
v_InitObject: Node = 450, Myelin = 120, extracell = 1080
 =======================================================================
 Moving frames 1080 / 1650 ( 65.4545 % ) are removed
 =======================================================================
Max Anistrength_1  = 167.914, Anistrength_2 = 167.914, Min Anistrength 1 = 0, Anistrength 2 = 0

MMFInitObejct Starts: ==============================================
MMFActivation = 1650 /  1650 ( 100 % ) 
Excite zone = 0, Node zone = 0.0606061, intra zone = 34.5455 %, extra zone = 72.7273 % 
npts = 30, Excite node elem. = 0, Node elem. = 1, Myelin elem. = 1, intra elem. = 19, external elem. = 40, total elem = 55
v_InitObject: Node = 450, Myelin = 120, extracell = 1080
 =======================================================================
 Moving frames 1080 / 1650 ( 65.4545 % ) are removed
 =======================================================================
Max Anistrength_1  = 167.914, Anistrength_2 = 167.914, Min Anistrength 1 = 0, Anistrength 2 = 0

MMFInitObejct Starts: ==============================================
MMFActivation = 1650 /  1650 ( 100 % ) 
Excite zone = 0, Node zone = 0.0606061, intra zone = 34.5455 %, extra zone = 72.7273 % 
npts = 30, Excite node elem. = 0, Node elem. = 1, Myelin elem. = 1, intra elem. = 19, external elem. = 40, total elem = 55
v_InitObject: Node = 450, Myelin = 120, extracell = 1080
 =======================================================================
 Moving frames 1080 / 1650 ( 65.4545 % ) are removed
 =======================================================================
Max Anistrength_1  = 167.914, Anistrength_2 = 167.914, Min Anistrength 1 = 0, Anistrength 2 = 0

MMFInitObejct Starts: ==============================================
MMFActivation = 1650 /  1650 ( 100 % ) 
Excite zone = 0, Node zone = 0.0595238, intra zone = 33.9286 %, extra zone = 73.2143 % 
npts = 30, Excite node elem. = 0, Node elem. = 1, Myelin elem. = 1, intra elem. = 19, external elem. = 41, total elem = 56
v_InitObject: Node = 450, Myelin = 120, extracell = 1110
 =======================================================================
 Moving frames 1110 / 1680 ( 66.0714 % ) are removed
 =======================================================================
Max Anistrength_1  = 167.914, Anistrength_2 = 167.914, Min Anistrength 1 = 0, Anistrength 2 = 0

MMFInitObejct Starts: ==============================================
MMFActivation = 1680 /  1680 ( 100 % ) 
MMFActivation = 1650 /  1650 ( 100 % ) 
Excite zone = 0, Node zone = 0.0606061, intra zone = 34.5455 %, extra zone = 72.7273 % 
npts = 30, Excite node elem. = 0, Node elem. = 1, Myelin elem. = 1, intra elem. = 19, external elem. = 40, total elem = 55
v_InitObject: Node = 450, Myelin = 120, extracell = 1080
 =======================================================================
 Moving frames 1080 / 1650 ( 65.4545 % ) are removed
 =======================================================================
Max Anistrength_1  = 167.914, Anistrength_2 = 167.914, Min Anistrength 1 = 0, Anistrength 2 = 0

MMFInitObejct Starts: ==============================================
MMFActivation = 1650 /  1650 ( 100 % ) 
Max Anistrength_1  = 167.914, Anistrength_2 = 167.914, Min Anistrength 1 = 0, Anistrength 2 = 0

MMFInitObejct Starts: ==============================================
MMFActivation = 1680 /  1680 ( 100 % ) 
Excite zone = 0, Node zone = 0.0595238, intra zone = 33.9286 %, extra zone = 73.2143 % 
npts = 30, Excite node elem. = 0, Node elem. = 1, Myelin elem. = 1, intra elem. = 19, external elem. = 41, total elem = 56
v_InitObject: Node = 450, Myelin = 120, extracell = 1110
 =======================================================================
 Moving frames 1110 / 1680 ( 66.0714 % ) are removed
 =======================================================================
Max Anistrength_1  = 167.914, Anistrength_2 = 167.914, Min Anistrength 1 = 0, Anistrength 2 = 0

MMFInitObejct Starts: ==============================================
MMFActivation = 1680 /  1680 ( 100 % ) 
Excite zone = 0, Node zone = 0.0606061, intra zone = 32.7273 %, extra zone = 74.5455 % 
npts = 30, Excite node elem. = 0, Node elem. = 1, Myelin elem. = 1, intra elem. = 18, external elem. = 41, total elem = 55
v_InitObject: Node = 420, Myelin = 120, extracell = 1110
 =======================================================================
 Moving frames 1110 / 1650 ( 67.2727 % ) are removed
 =======================================================================
Max Anistrength_1  = 167.914, Anistrength_2 = 167.914, Min Anistrength 1 = 0, Anistrength 2 = 0

MMFInitObejct Starts: ==============================================
MMFActivation = 1650 /  1650 ( 100 % ) 
Excite zone = 0, Node zone = 0.0595238, intra zone = 32.1429 %, extra zone = 75 % 
npts = 30, Excite node elem. = 0, Node elem. = 1, Myelin elem. = 1, intra elem. = 18, external elem. = 42, total elem = 56
v_InitObject: Node = 420, Myelin = 120, extracell = 1140
 =======================================================================
 Moving frames 1140 / 1680 ( 67.8571 % ) are removed
 =======================================================================
Max Anistrength_1  = 167.914, Anistrength_2 = 167.914, Min Anistrength 1 = 0, Anistrength 2 = 0

MMFInitObejct Starts: ==============================================
MMFActivation = 1680 /  1680 ( 100 % ) 
Excite zone = 0, Node zone = 0.0595238, intra zone = 33.9286 %, extra zone = 76.7857 % 
npts = 30, Excite node elem. = 0, Node elem. = 1, Myelin elem. = 0, intra elem. = 19, external elem. = 43, total elem = 58
v_InitObject: Node = 390, Myelin = 180, extracell = 1110
 =======================================================================
 Moving frames 1110 / 1680 ( 66.0714 % ) are removed
 =======================================================================
Max Anistrength_1  = 167.914, Anistrength_2 = 167.914, Min Anistrength 1 = 0, Anistrength 2 = 0

MMFInitObejct Starts: ==============================================
MMFActivation = 1680 /  1680 ( 100 % ) 
Excite zone = 0, Node zone = 0.121212, intra zone = 38.1818 %, extra zone = 76.3636 % 
npts = 30, Excite node elem. = 0, Node elem. = 2, Myelin elem. = 0, intra elem. = 21, external elem. = 42, total elem = 55
v_InitObject: Node = 390, Myelin = 240, extracell = 1020
 =======================================================================
 Moving frames 1020 / 1650 ( 61.8182 % ) are removed
 =======================================================================
Max Anistrength_1  = 167.914, Anistrength_2 = 167.914, Min Anistrength 1 = 0, Anistrength 2 = 0

MMFInitObejct Starts: ==============================================
MMFActivation = 1650 /  1650 ( 100 % ) 
Excite zone = 0, Node zone = 0.0606061, intra zone = 32.7273 %, extra zone = 74.5455 % 
npts = 30, Excite node elem. = 0, Node elem. = 1, Myelin elem. = 1, intra elem. = 18, external elem. = 41, total elem = 55
v_InitObject: Node = 420, Myelin = 120, extracell = 1110
 =======================================================================
 Moving frames 1110 / 1650 ( 67.2727 % ) are removed
 =======================================================================
Max Anistrength_1  = 167.914, Anistrength_2 = 167.914, Min Anistrength 1 = 0, Anistrength 2 = 0

MMFInitObejct Starts: ==============================================
MMFActivation = 1650 /  1650 ( 100 % ) 
Excite zone = 0, Node zone = 0.0595238, intra zone = 32.1429 %, extra zone = 75 % 
npts = 30, Excite node elem. = 0, Node elem. = 1, Myelin elem. = 1, intra elem. = 18, external elem. = 42, total elem = 56
v_InitObject: Node = 420, Myelin = 120, extracell = 1140
 =======================================================================
 Moving frames 1140 / 1680 ( 67.8571 % ) are removed
 =======================================================================
Max Anistrength_1  = 167.914, Anistrength_2 = 167.914, Min Anistrength 1 = 0, Anistrength 2 = 0

MMFInitObejct Starts: ==============================================
MMFActivation = 1680 /  1680 ( 100 % ) 
Excite zone = 0, Node zone = 0.0606061, intra zone = 30.9091 %, extra zone = 76.3636 % 
npts = 30, Excite node elem. = 0, Node elem. = 1, Myelin elem. = 0, intra elem. = 17, external elem. = 42, total elem = 55
v_InitObject: Node = 390, Myelin = 120, extracell = 1140
 =======================================================================
 Moving frames 1140 / 1650 ( 69.0909 % ) are removed
 =======================================================================
Max Anistrength_1  = 167.914, Anistrength_2 = 167.914, Min Anistrength 1 = 0, Anistrength 2 = 0

MMFInitObejct Starts: ==============================================
MMFActivation = 1650 /  1650 ( 100 % ) 
Excite zone = 0, Node zone = 0.0595238, intra zone = 33.9286 %, extra zone = 73.2143 % 
npts = 30, Excite node elem. = 0, Node elem. = 1, Myelin elem. = 1, intra elem. = 19, external elem. = 41, total elem = 56
v_InitObject: Node = 450, Myelin = 120, extracell = 1110
 =======================================================================
 Moving frames 1110 / 1680 ( 66.0714 % ) are removed
 =======================================================================
Max Anistrength_1  = 167.914, Anistrength_2 = 167.914, Min Anistrength 1 = 0, Anistrength 2 = 0

MMFInitObejct Starts: ==============================================
MMFActivation = 1680 /  1680 ( 100 % ) 
Excite zone = 0, Node zone = 0.0595238, intra zone = 35.7143 %, extra zone = 75 % 
npts = 30, Excite node elem. = 0, Node elem. = 1, Myelin elem. = 1, intra elem. = 20, external elem. = 42, total elem = 58
v_InitObject: Node = 420, Myelin = 180, extracell = 1080
 =======================================================================
 Moving frames 1080 / 1680 ( 64.2857 % ) are removed
 =======================================================================
Max Anistrength_1  = 167.914, Anistrength_2 = 167.914, Min Anistrength 1 = 0, Anistrength 2 = 0

MMFInitObejct Starts: ==============================================
MMFActivation = 1680 /  1680 ( 100 % ) 
Excite zone = 0, Node zone = 0.0606061, intra zone = 34.5455 %, extra zone = 72.7273 % 
npts = 30, Excite node elem. = 0, Node elem. = 1, Myelin elem. = 1, intra elem. = 19, external elem. = 40, total elem = 55
v_InitObject: Node = 450, Myelin = 120, extracell = 1080
 =======================================================================
 Moving frames 1080 / 1650 ( 65.4545 % ) are removed
 =======================================================================
Max Anistrength_1  = 167.914, Anistrength_2 = 167.914, Min Anistrength 1 = 0, Anistrength 2 = 0

MMFInitObejct Starts: ==============================================
MMFActivation = 1650 /  1650 ( 100 % ) 
MMFActivation = 1680 /  1680 ( 100 % ) 
MMFActivation = 1650 /  1650 ( 100 % ) 
MMFActivation = 1680 /  1680 ( 100 % ) 
MMFActivation = 1680 /  1680 ( 100 % ) 
 Moving frames 1110 / 1680 ( 66.0714 % ) are removed
 =======================================================================
Max Anistrength_1  = 167.914, Anistrength_2 = 167.914, Min Anistrength 1 = 0, Anistrength 2 = 0

MMFInitObejct Starts: ==============================================
MMFActivation = 1680 /  1680 ( 100 % ) 
*** 1st Moving frames are NOT in unit length, Avg mag. = 11.342 *** 
*** 2nd Moving frames are NOT in unit length, Avg mag. = 11.342 *** 
*** Moving frames are Orthogonal
*** MF 0 = ( 0 , 6.30568 , 0 ) 
*** MF 1 = ( 6.30568 , 0 , 0 ) 
*** MF 2 = ( 0 , 0 , 1 ) 
MMFInitObject is done ==============================================

Phie Moving frames are generated with TangentY direction ===============
*** 1st Moving frames are NOT in unit length, Avg mag. = 12.9582 *** 
*** 2nd Moving frames are NOT in unit length, Avg mag. = 12.9582 *** 
*** Moving frames are Orthogonal
*** MF 0 = ( 0 , 7.13961 , 0 ) 
*** MF 1 = ( 7.13961 , 0 , 0 ) 
*** MF 2 = ( 0 , 0 , 1 ) 
MMFInitObject is done ==============================================

Phie Moving frames are generated with TangentY direction ===============
*** 1st Moving frames are NOT in unit length, Avg mag. = 11.4378 *** 
*** 2nd Moving frames are NOT in unit length, Avg mag. = 11.4378 *** 
*** Moving frames are Orthogonal
*** MF 0 = ( 0 , 6.4846 , 0 ) 
*** MF 1 = ( 6.4846 , 0 , 0 ) 
*** MF 2 = ( 0 , 0 , 1 ) 
MMFInitObject is done ==============================================

Phie Moving frames are generated with TangentY direction ===============
*** 1st Moving frames are NOT in unit length, Avg mag. = 11.5228 *** 
*** 2nd Moving frames are NOT in unit length, Avg mag. = 11.5228 *** 
*** Moving frames are Orthogonal
*** MF 0 = ( 0 , 6.71182 , 0 ) 
*** MF 1 = ( 6.71182 , 0 , 0 ) 
*** MF 2 = ( 0 , 0 , 1 ) 
MMFInitObject is done ==============================================

Phie Moving frames are generated with TangentY direction ===============
*** 1st Moving frames are NOT in unit length, Avg mag. = 11.342 *** 
*** 2nd Moving frames are NOT in unit length, Avg mag. = 11.342 *** 
*** Moving frames are Orthogonal
*** 1st Moving frames are NOT in unit length, Avg mag. = 11.5228 *** 
*** 2nd Moving frames are NOT in unit length, Avg mag. = 11.5228 *** 
*** Moving frames are Orthogonal
*** 1st Moving frames are NOT in unit length, Avg mag. = 10.8554 *** 
*** 2nd Moving frames are NOT in unit length, Avg mag. = 10.8554 *** 
*** Moving frames are Orthogonal
*** 1st Moving frames are NOT in unit length, Avg mag. = 11.4378 *** 
*** 2nd Moving frames are NOT in unit length, Avg mag. = 11.4378 *** 
*** Moving frames are Orthogonal
*** MF 0 = ( 0 , 6.24913 , 0 ) 
*** MF 1 = ( 6.24913 , 0 , 0 ) 
*** MF 2 = ( 0 , 0 , 1 ) 
MMFInitObject is done ==============================================

Phie Moving frames are generated with TangentY direction ===============
*** MF 0 = ( 0 , 6.71182 , 0 ) 
*** MF 1 = ( 6.71182 , 0 , 0 ) 
*** MF 2 = ( 0 , 0 , 1 ) 
MMFInitObject is done ==============================================

Phie Moving frames are generated with TangentY direction ===============
*** 1st Moving frames are NOT in unit length, Avg mag. = 11.5228 *** 
*** 2nd Moving frames are NOT in unit length, Avg mag. = 11.5228 *** 
*** Moving frames are Orthogonal
*** 1st Moving frames are NOT in unit length, Avg mag. = 11.5228 *** 
*** 2nd Moving frames are NOT in unit length, Avg mag. = 11.5228 *** 
*** Moving frames are Orthogonal
*** 1st Moving frames are NOT in unit length, Avg mag. = 9.88103 *** 
*** 2nd Moving frames are NOT in unit length, Avg mag. = 9.88103 *** 
*** Moving frames are Orthogonal
*** 1st Moving frames are NOT in unit length, Avg mag. = 12.1264 *** 
*** 2nd Moving frames are NOT in unit length, Avg mag. = 12.1264 *** 
*** Moving frames are Orthogonal
*** 1st Moving frames are NOT in unit length, Avg mag. = 10.8554 *** 
*** 2nd Moving frames are NOT in unit length, Avg mag. = 10.8554 *** 
*** Moving frames are Orthogonal
*** 1st Moving frames are NOT in unit length, Avg mag. = 11.5228 *** 
*** 2nd Moving frames are NOT in unit length, Avg mag. = 11.5228 *** 
*** Moving frames are Orthogonal
*** 1st Moving frames are NOT in unit length, Avg mag. = 11.5988 *** 
*** 2nd Moving frames are NOT in unit length, Avg mag. = 11.5988 *** 
*** Moving frames are Orthogonal
*** MF 0 = ( 0 , 6.48735 , 0 ) 
*** MF 1 = ( 6.48735 , 0 , 0 ) 
*** MF 2 = ( 0 , 0 , 1 ) 
MMFInitObject is done ==============================================

Phie Moving frames are generated with TangentY direction ===============
*** 1st Moving frames are NOT in unit length, Avg mag. = 11.5228 *** 
*** 2nd Moving frames are NOT in unit length, Avg mag. = 11.5228 *** 
*** Moving frames are Orthogonal
*** MF 0 = ( 0 , 6.77256 , 0 ) 
*** MF 1 = ( 6.77256 , 0 , 0 ) 
*** MF 2 = ( 0 , 0 , 1 ) 
MMFInitObject is done ==============================================

Phie Moving frames are generated with TangentY direction ===============
*** 1st Moving frames are NOT in unit length, Avg mag. = 11.5228 *** 
*** 2nd Moving frames are NOT in unit length, Avg mag. = 11.5228 *** 
*** Moving frames are Orthogonal
*** MF 0 = ( 0 , 6.77256 , 0 ) 
*** MF 1 = ( 6.77256 , 0 , 0 ) 
*** MF 2 = ( 0 , 0 , 1 ) 
MMFInitObject is done ==============================================

Phie Moving frames are generated with TangentY direction ===============
*** 1st Moving frames are NOT in unit length, Avg mag. = 11.5228 *** 
*** 2nd Moving frames are NOT in unit length, Avg mag. = 11.5228 *** 
*** Moving frames are Orthogonal
*** MF 0 = ( 0 , 6.77256 , 0 ) 
*** MF 1 = ( 6.77256 , 0 , 0 ) 
*** MF 2 = ( 0 , 0 , 1 ) 
MMFInitObject is done ==============================================

Phie Moving frames are generated with TangentY direction ===============
*** MF 0 = ( 0 , 6.4846 , 0 ) 
*** MF 1 = ( 6.4846 , 0 , 0 ) 
*** MF 2 = ( 0 , 0 , 1 ) 
MMFInitObject is done ==============================================

Phie Moving frames are generated with TangentY direction ===============
*** 1st Moving frames are NOT in unit length, Avg mag. = 11.342 *** 
*** 2nd Moving frames are NOT in unit length, Avg mag. = 11.342 *** 
*** Moving frames are Orthogonal
*** MF 0 = ( 0 , 6.30568 , 0 ) 
*** MF 1 = ( 6.30568 , 0 , 0 ) 
*** MF 2 = ( 0 , 0 , 1 ) 
MMFInitObject is done ==============================================

Phie Moving frames are generated with TangentY direction ===============
*** 1st Moving frames are NOT in unit length, Avg mag. = 11.5228 *** 
*** 2nd Moving frames are NOT in unit length, Avg mag. = 11.5228 *** 
*** Moving frames are Orthogonal
*** MF 0 = ( 0 , 6.77256 , 0 ) 
*** MF 1 = ( 6.77256 , 0 , 0 ) 
*** MF 2 = ( 0 , 0 , 1 ) 
MMFInitObject is done ==============================================

Phie Moving frames are generated with TangentY direction ===============
*** 1st Moving frames are NOT in unit length, Avg mag. = 11.5228 *** 
*** 2nd Moving frames are NOT in unit length, Avg mag. = 11.5228 *** 
*** Moving frames are Orthogonal
*** MF 0 = ( 0 , 6.71182 , 0 ) 
*** MF 1 = ( 6.71182 , 0 , 0 ) 
*** MF 2 = ( 0 , 0 , 1 ) 
MMFInitObject is done ==============================================

Phie Moving frames are generated with TangentY direction ===============
*** 1st Moving frames are NOT in unit length, Avg mag. = 11.5228 *** 
*** 2nd Moving frames are NOT in unit length, Avg mag. = 11.5228 *** 
*** Moving frames are Orthogonal
*** MF 0 = ( 0 , 6.71182 , 0 ) 
*** MF 1 = ( 6.71182 , 0 , 0 ) 
*** MF 2 = ( 0 , 0 , 1 ) 
MMFInitObject is done ==============================================

Phie Moving frames are generated with TangentY direction ===============
*** 1st Moving frames are NOT in unit length, Avg mag. = 11.342 *** 
*** 2nd Moving frames are NOT in unit length, Avg mag. = 11.342 *** 
*** Moving frames are Orthogonal
*** MF 0 = ( 0 , 6.30568 , 0 ) 
*** MF 1 = ( 6.30568 , 0 , 0 ) 
*** MF 2 = ( 0 , 0 , 1 ) 
MMFInitObject is done ==============================================

Phie Moving frames are generated with TangentY direction ===============
*** MF 0 = ( 0 , 6.54051 , 0 ) 
*** MF 1 = ( 6.54051 , 0 , 0 ) 
*** MF 2 = ( 0 , 0 , 1 ) 
MMFInitObject is done ==============================================

Phie Moving frames are generated with TangentY direction ===============
*** MF 0 = ( 0 , 6.48735 , 0 ) 
*** MF 1 = ( 6.48735 , 0 , 0 ) 
*** MF 2 = ( 0 , 0 , 1 ) 
MMFInitObject is done ==============================================

Phie Moving frames are generated with TangentY direction ===============
*** MF 0 = ( 0 , 6.71182 , 0 ) 
*** MF 1 = ( 6.71182 , 0 , 0 ) 
*** MF 2 = ( 0 , 0 , 1 ) 
MMFInitObject is done ==============================================

Phie Moving frames are generated with TangentY direction ===============
*** MF 0 = ( 0 , 6.93159 , 0 ) 
*** MF 1 = ( 6.93159 , 0 , 0 ) 
*** MF 2 = ( 0 , 0 , 1 ) 
MMFInitObject is done ==============================================

Phie Moving frames are generated with TangentY direction ===============
*** 1st Moving frames are NOT in unit length, Avg mag. = 11.4378 *** 
*** 2nd Moving frames are NOT in unit length, Avg mag. = 11.4378 *** 
*** Moving frames are Orthogonal
*** MF 0 = ( 0 , 6.54329 , 0 ) 
*** MF 1 = ( 6.54329 , 0 , 0 ) 
*** MF 2 = ( 0 , 0 , 1 ) 
MMFInitObject is done ==============================================

Phie Moving frames are generated with TangentY direction ===============
*** 1st Moving frames are NOT in unit length, Avg mag. = 11.4378 *** 
*** 2nd Moving frames are NOT in unit length, Avg mag. = 11.4378 *** 
*** Moving frames are Orthogonal
*** MF 0 = ( 0 , 6.4846 , 0 ) 
*** MF 1 = ( 6.4846 , 0 , 0 ) 
*** MF 2 = ( 0 , 0 , 1 ) 
MMFInitObject is done ==============================================

Phie Moving frames are generated with TangentY direction ===============
*** 1st Moving frames are NOT in unit length, Avg mag. = 11.5228 *** 
*** 2nd Moving frames are NOT in unit length, Avg mag. = 11.5228 *** 
*** Moving frames are Orthogonal
*** MF 0 = ( 0 , 6.71182 , 0 ) 
*** MF 1 = ( 6.71182 , 0 , 0 ) 
*** MF 2 = ( 0 , 0 , 1 ) 
MMFInitObject is done ==============================================

Phie Moving frames are generated with TangentY direction ===============
*** 1st Moving frames are NOT in unit length, Avg mag. = 10.7333 *** 
*** 2nd Moving frames are NOT in unit length, Avg mag. = 10.7333 *** 
*** Moving frames are Orthogonal
*** MF 0 = ( 0 , 6.25198 , 0 ) 
*** MF 1 = ( 6.25198 , 0 , 0 ) 
*** MF 2 = ( 0 , 0 , 1 ) 
MMFInitObject is done ==============================================

Phie Moving frames are generated with TangentY direction ===============
*** 1st Moving frames are NOT in unit length, Avg mag. = 10.2141 *** 
*** 2nd Moving frames are NOT in unit length, Avg mag. = 10.2141 *** 
*** Moving frames are Orthogonal
*** MF 0 = ( 0 , 6.31144 , 0 ) 
*** MF 1 = ( 6.31144 , 0 , 0 ) 
*** MF 2 = ( 0 , 0 , 1 ) 
MMFInitObject is done ==============================================

Phie Moving frames are generated with TangentY direction ===============
*** 1st Moving frames are NOT in unit length, Avg mag. = 11.4378 *** 
*** 2nd Moving frames are NOT in unit length, Avg mag. = 11.4378 *** 
*** Moving frames are Orthogonal
*** MF 0 = ( 0 , 6.54329 , 0 ) 
*** MF 1 = ( 6.54329 , 0 , 0 ) 
*** MF 2 = ( 0 , 0 , 1 ) 
MMFInitObject is done ==============================================

Phie Moving frames are generated with TangentY direction ===============
*** 1st Moving frames are NOT in unit length, Avg mag. = 11.4378 *** 
*** 2nd Moving frames are NOT in unit length, Avg mag. = 11.4378 *** 
*** Moving frames are Orthogonal
*** MF 0 = ( 0 , 6.4846 , 0 ) 
*** MF 1 = ( 6.4846 , 0 , 0 ) 
*** MF 2 = ( 0 , 0 , 1 ) 
MMFInitObject is done ==============================================

Phie Moving frames are generated with TangentY direction ===============
*** MF 0 = ( 0 , 6.71182 , 0 ) 
*** MF 1 = ( 6.71182 , 0 , 0 ) 
*** MF 2 = ( 0 , 0 , 1 ) 
MMFInitObject is done ==============================================

Phie Moving frames are generated with TangentY direction ===============
*** MF 0 = ( 0 , 6.77256 , 0 ) 
*** MF 1 = ( 6.77256 , 0 , 0 ) 
*** MF 2 = ( 0 , 0 , 1 ) 
MMFInitObject is done ==============================================

Phie Moving frames are generated with TangentY direction ===============
*** MF 0 = ( 0 , 5.75552 , 0 ) 
*** MF 1 = ( 5.75552 , 0 , 0 ) 
*** MF 2 = ( 0 , 0 , 1 ) 
MMFInitObject is done ==============================================

Phie Moving frames are generated with TangentY direction ===============
*** 1st Moving frames are in unit length ***
*** 2nd Moving frames are in unit length ***
*** Moving frames are Orthogonal
*** 1st Moving frames are in unit length ***
*** 2nd Moving frames are in unit length ***
*** Moving frames are Orthogonal
*** MF 0 = ( 0 , 1 , 0 ) 
*** MF 1 = ( 1 , 0 , 0 ) 
*** MF 2 = ( 0 , 0 , 1 ) 
*** MF 0 = ( 0 , 1 , 0 ) 
*** MF 1 = ( 1 , 0 , 0 ) 
*** MF 2 = ( 0 , 0 , 1 ) 
*** 1st Moving frames are in unit length ***
*** 2nd Moving frames are in unit length ***
*** Moving frames are Orthogonal
Max phieAnistrength_1  = 168.914, phieAnistrength_2 = 168.914, Min phieAnistrength 1 = 1, phieAnistrength 2 = 1
Max phieAnistrength_1  = 168.914, phieAnistrength_2 = 168.914, Min phieAnistrength 1 = 1, phieAnistrength 2 = 1
*** MF 0 = ( 0 , 1 , 0 ) 
*** MF 1 = ( 1 , 0 , 0 ) 
*** MF 2 = ( 0 , 0 , 1 ) 
Max phieAnistrength_1  = 168.914, phieAnistrength_2 = 168.914, Min phieAnistrength 1 = 1, phieAnistrength 2 = 1
*** 1st Moving frames are in unit length ***
*** 2nd Moving frames are in unit length ***
*** Moving frames are Orthogonal
Elemid = 0, Nodeid = -2, x = -0.012, y = 3.99143, e1mag = 0, e2mag = 0, phie1mag = 1, phie2mag = 1
Elemid = 1, Nodeid = -2, x = -0.008, y = 3.98, e1mag = 0, e2mag = 0, phie1mag = 1, phie2mag = 1
Elemid = 2, Nodeid = -2, x = -0.011, y = 3.90571, e1mag = 0, e2mag = 0, phie1mag = 1, phie2mag = 1
Elemid = 3, Nodeid = -2, x = -0.008, y = 3.89429, e1mag = 0, e2mag = 0, phie1mag = 1, phie2mag = 1
Elemid = 4, Nodeid = -2, x = -0.011, y = 3.93429, e1mag = 0, e2mag = 0, phie1mag = 1, phie2mag = 1
Elemid = 0, Nodeid = -2, x = -0.008, y = 0.211429, e1mag = 0, e2mag = 0, phie1mag = 1, phie2mag = 1
Elemid = 1, Nodeid = -2, x = -0.012, y = 0.2, e1mag = 0, e2mag = 0, phie1mag = 1, phie2mag = 1
Elemid = 2, Nodeid = -2, x = -0.011, y = 0.125714, e1mag = 0, e2mag = 0, phie1mag = 1, phie2mag = 1
Elemid = 3, Nodeid = -2, x = -0.008, y = 0.114286, e1mag = 0, e2mag = 0, phie1mag = 1, phie2mag = 1
Elemid = 4, Nodeid = -2, x = -0.011, y = 0.154286, e1mag = 0, e2mag = 0, phie1mag = 1, phie2mag = 1
Elemid = 5, Nodeid = -2, x = -0.008, y = 0.142857, e1mag = 0, e2mag = 0, phie1mag = 1, phie2mag = 1
Elemid = 6, Nodeid = -2, x = -0.012, y = 0.182857, e1mag = 0, e2mag = 0, phie1mag = 1, phie2mag = 1
*** MF 0 = ( 0 , 1 , 0 ) 
*** MF 1 = ( 1 , 0 , 0 ) 
*** MF 2 = ( 0 , 0 , 1 ) 
Elemid = 7, Nodeid = -2, x = -0.008, y = 0.174286, e1mag = 0, e2mag = 0, phie1mag = 1, phie2mag = 1
Elemid = 8, Nodeid = -1, x = 0.002, y = 0.211429, e1mag = 12.9582, e2mag = 12.9582, phie1mag = 12.9967, phie2mag = 12.9967
Elemid = 9, Nodeid = -1, x = -0.002, y = 0.202857, e1mag = 12.9582, e2mag = 12.9582, phie1mag = 12.9967, phie2mag = 12.9967
Elemid = 10, Nodeid = -1, x = -0.001, y = 0.154286, e1mag = 12.9582, e2mag = 12.9582, phie1mag = 12.9967, phie2mag = 12.9967
Elemid = 11, Nodeid = -1, x = 0.002, y = 0.125714, e1mag = 12.9582, e2mag = 12.9582, phie1mag = 12.9967, phie2mag = 12.9967
Elemid = 5, Nodeid = -2, x = -0.008, y = 3.92286, e1mag = 0, e2mag = 0, phie1mag = 1, phie2mag = 1
Elemid = 6, Nodeid = -2, x = -0.011, y = 3.95143, e1mag = 0, e2mag = 0, phie1mag = 1, phie2mag = 1
Elemid = 7, Nodeid = -2, x = -0.008, y = 3.96286, e1mag = 0, e2mag = 0, phie1mag = 1, phie2mag = 1
Elemid = 8, Nodeid = -1, x = -0.002, y = 3.98, e1mag = 12.9582, e2mag = 12.9582, phie1mag = 12.9967, phie2mag = 12.9967
Elemid = 9, Nodeid = -1, x = -0.001, y = 3.90571, e1mag = 12.9582, e2mag = 12.9582, phie1mag = 12.9967, phie2mag = 12.9967
Elemid = 10, Nodeid = -1, x = -0.002, y = 3.96286, e1mag = 12.9582, e2mag = 12.9582, phie1mag = 12.9967, phie2mag = 12.9967
Elemid = 12, Nodeid = -1, x = 0.002, y = 0.142857, e1mag = 12.9582, e2mag = 12.9582, phie1mag = 12.9967, phie2mag = 12.9967
Elemid = 13, Nodeid = -1, x = -0.001, y = 0.171429, e1mag = 12.9582, e2mag = 12.9582, phie1mag = 12.9967, phie2mag = 12.9967
Elemid = 14, Nodeid = -1, x = 0.002, y = 0.182857, e1mag = 12.9582, e2mag = 12.9582, phie1mag = 12.9967, phie2mag = 12.9967
Elemid = 15, Nodeid = -2, x = 0.012, y = 0.211429, e1mag = 0, e2mag = 0, phie1mag = 1, phie2mag = 1
Elemid = 16, Nodeid = -2, x = 0.009, y = 0.2, e1mag = 0, e2mag = 0, phie1mag = 1, phie2mag = 1
Elemid = 17, Nodeid = -2, x = 0.009, y = 0.125714, e1mag = 0, e2mag = 0, phie1mag = 1, phie2mag = 1
Elemid = 11, Nodeid = -2, x = -0.007, y = 4.005, e1mag = 0, e2mag = 0, phie1mag = 1, phie2mag = 1
Elemid = 12, Nodeid = -2, x = -0.01, y = 4.002, e1mag = 0, e2mag = 0, phie1mag = 1, phie2mag = 1
Elemid = 13, Nodeid = -2, x = -0.01, y = 4.008, e1mag = 0, e2mag = 0, phie1mag = 1, phie2mag = 1
Elemid = 14, Nodeid = -2, x = -0.013, y = 4.005, e1mag = 0, e2mag = 0, phie1mag = 1, phie2mag = 1
Elemid = 15, Nodeid = -2, x = -0.012, y = 4.01857, e1mag = 0, e2mag = 0, phie1mag = 1, phie2mag = 1
Elemid = 16, Nodeid = -2, x = -0.008, y = 4.03, e1mag = 0, e2mag = 0, phie1mag = 1, phie2mag = 1
Elemid = 18, Nodeid = -2, x = 0.009, y = 0.154286, e1mag = 0, e2mag = 0, phie1mag = 1, phie2mag = 1
Elemid = 19, Nodeid = -2, x = 0.012, y = 0.142857, e1mag = 0, e2mag = 0, phie1mag = 1, phie2mag = 1
Elemid = 20, Nodeid = -2, x = 0.009, y = 0.182857, e1mag = 0, e2mag = 0, phie1mag = 1, phie2mag = 1
Elemid = 21, Nodeid = -2, x = 0.012, y = 0.171429, e1mag = 0, e2mag = 0, phie1mag = 1, phie2mag = 1
Elemid = 22, Nodeid = -2, x = -0.013, y = 0.225, e1mag = 0, e2mag = 0, phie1mag = 1, phie2mag = 1
Elemid = 23, Nodeid = -2, x = -0.007, y = 0.225, e1mag = 0, e2mag = 0, phie1mag = 1, phie2mag = 1
Elemid = 17, Nodeid = -2, x = -0.008, y = 4.20143, e1mag = 0, e2mag = 0, phie1mag = 1, phie2mag = 1
Elemid = 18, Nodeid = -2, x = -0.011, y = 4.19, e1mag = 0, e2mag = 0, phie1mag = 1, phie2mag = 1
Elemid = 19, Nodeid = -2, x = -0.011, y = 4.05857, e1mag = 0, e2mag = 0, phie1mag = 1, phie2mag = 1
Elemid = 20, Nodeid = -2, x = -0.008, y = 4.04714, e1mag = 0, e2mag = 0, phie1mag = 1, phie2mag = 1
Elemid = 21, Nodeid = -2, x = -0.012, y = 4.08714, e1mag = 0, e2mag = 0, phie1mag = 1, phie2mag = 1
Elemid = 22, Nodeid = -2, x = -0.008, y = 4.07571, e1mag = 0, e2mag = 0, phie1mag = 1, phie2mag = 1
Max phieAnistrength_1  = 168.914, phieAnistrength_2 = 168.914, Min phieAnistrength 1 = 1, phieAnistrength 2 = 1
Elemid = 24, Nodeid = -2, x = -0.01, y = 0.228, e1mag = 0, e2mag = 0, phie1mag = 1, phie2mag = 1
Elemid = 25, Nodeid = -2, x = -0.01, y = 0.222, e1mag = 0, e2mag = 0, phie1mag = 1, phie2mag = 1
Elemid = 26, Nodeid = 2, x = -0.003, y = 0.225, e1mag = 1, e2mag = 1, phie1mag = 1.41421, phie2mag = 1.41421
Elemid = 27, Nodeid = 2, x = 0.003, y = 0.225, e1mag = 1, e2mag = 1, phie1mag = 1.41421, phie2mag = 1.41421
Elemid = 28, Nodeid = 2, x = -2.14182e-15, y = 0.222, e1mag = 1, e2mag = 1, phie1mag = 1.41421, phie2mag = 1.41421
Elemid = 29, Nodeid = 2, x = -2.1399e-15, y = 0.228, e1mag = 1, e2mag = 1, phie1mag = 1.41421, phie2mag = 1.41421
Elemid = 30, Nodeid = -2, x = 0.007, y = 0.225, e1mag = 0, e2mag = 0, phie1mag = 1, phie2mag = 1
Elemid = 23, Nodeid = -2, x = -0.012, y = 4.10429, e1mag = 0, e2mag = 0, phie1mag = 1, phie2mag = 1
Elemid = 24, Nodeid = -2, x = -0.011, y = 4.14429, e1mag = 0, e2mag = 0, phie1mag = 1, phie2mag = 1
Elemid = 25, Nodeid = -2, x = -0.008, y = 4.11286, e1mag = 0, e2mag = 0, phie1mag = 1, phie2mag = 1
Elemid = 26, Nodeid = -2, x = -0.008, y = 4.13286, e1mag = 0, e2mag = 0, phie1mag = 1, phie2mag = 1
Elemid = 27, Nodeid = -2, x = -0.011, y = 4.17286, e1mag = 0, e2mag = 0, phie1mag = 1, phie2mag = 1
Elemid = 28, Nodeid = -2, x = -0.008, y = 4.16143, e1mag = 0, e2mag = 0, phie1mag = 1, phie2mag = 1
Elemid = 29, Nodeid = -1, x = -0.002, y = 4.01857, e1mag = 12.9582, e2mag = 12.9582, phie1mag = 12.9967, phie2mag = 12.9967
Elemid = 30, Nodeid = -1, x = 0.002, y = 4.02714, e1mag = 12.9582, e2mag = 12.9582, phie1mag = 12.9967, phie2mag = 12.9967
Elemid = 31, Nodeid = -1, x = 0.002, y = 4.20143, e1mag = 12.9582, e2mag = 12.9582, phie1mag = 12.9967, phie2mag = 12.9967
Elemid = 0, Nodeid = -2, x = -0.01, y = 4.638, e1mag = 0, e2mag = 0, phie1mag = 1, phie2mag = 1
Elemid = 1, Nodeid = -2, x = -0.01, y = 4.632, e1mag = 0, e2mag = 0, phie1mag = 1, phie2mag = 1
Elemid = 2, Nodeid = -2, x = -0.013, y = 4.635, e1mag = 0, e2mag = 0, phie1mag = 1, phie2mag = 1
Elemid = 3, Nodeid = -2, x = -0.007, y = 4.635, e1mag = 0, e2mag = 0, phie1mag = 1, phie2mag = 1
Elemid = 4, Nodeid = 23, x = -2.14185e-15, y = 4.638, e1mag = 1, e2mag = 1, phie1mag = 1.41421, phie2mag = 1.41421
Elemid = 5, Nodeid = 23, x = -2.13985e-15, y = 4.632, e1mag = 1, e2mag = 1, phie1mag = 1.41421, phie2mag = 1.41421
Elemid = 32, Nodeid = -1, x = -0.001, y = 4.19, e1mag = 12.9582, e2mag = 12.9582, phie1mag = 12.9967, phie2mag = 12.9967
Elemid = 33, Nodeid = -1, x = -0.001, y = 4.04714, e1mag = 12.9582, e2mag = 12.9582, phie1mag = 12.9967, phie2mag = 12.9967
Elemid = 34, Nodeid = -1, x = -0.002, y = 4.08714, e1mag = 12.9582, e2mag = 12.9582, phie1mag = 12.9967, phie2mag = 12.9967
Elemid = 35, Nodeid = -1, x = 0.002, y = 4.05857, e1mag = 12.9582, e2mag = 12.9582, phie1mag = 12.9967, phie2mag = 12.9967
Elemid = 36, Nodeid = -1, x = 0.002, y = 4.07571, e1mag = 12.9582, e2mag = 12.9582, phie1mag = 12.9967, phie2mag = 12.9967
Elemid = 31, Nodeid = -2, x = 0.013, y = 0.225, e1mag = 0, e2mag = 0, phie1mag = 1, phie2mag = 1
Elemid = 32, Nodeid = -2, x = 0.01, y = 0.222, e1mag = 0, e2mag = 0, phie1mag = 1, phie2mag = 1
Elemid = 33, Nodeid = -2, x = 0.01, y = 0.228, e1mag = 0, e2mag = 0, phie1mag = 1, phie2mag = 1
Elemid = 34, Nodeid = -2, x = -0.012, y = 0.238571, e1mag = 0, e2mag = 0, phie1mag = 1, phie2mag = 1
Elemid = 35, Nodeid = -2, x = -0.008, y = 0.247143, e1mag = 0, e2mag = 0, phie1mag = 1, phie2mag = 1
Elemid = 36, Nodeid = -2, x = -0.011, y = 0.278571, e1mag = 0, e2mag = 0, phie1mag = 1, phie2mag = 1
Elemid = 37, Nodeid = -2, x = -0.008, y = 0.267143, e1mag = 0, e2mag = 0, phie1mag = 1, phie2mag = 1
Elemid = 38, Nodeid = -2, x = -0.011, y = 0.307143, e1mag = 0, e2mag = 0, phie1mag = 1, phie2mag = 1
Elemid = 6, Nodeid = 23, x = -0.003, y = 4.635, e1mag = 1, e2mag = 1, phie1mag = 1.41421, phie2mag = 1.41421
Elemid = 7, Nodeid = 23, x = 0.003, y = 4.635, e1mag = 1, e2mag = 1, phie1mag = 1.41421, phie2mag = 1.41421
Elemid = 8, Nodeid = -2, x = 0.01, y = 4.638, e1mag = 0, e2mag = 0, phie1mag = 1, phie2mag = 1
Elemid = 9, Nodeid = -2, x = 0.007, y = 4.635, e1mag = 0, e2mag = 0, phie1mag = 1, phie2mag = 1
Elemid = 10, Nodeid = -2, x = -0.012, y = 4.64857, e1mag = 0, e2mag = 0, phie1mag = 1, phie2mag = 1
Elemid = 11, Nodeid = -2, x = -0.008, y = 4.65714, e1mag = 0, e2mag = 0, phie1mag = 1, phie2mag = 1
Elemid = 39, Nodeid = -2, x = -0.008, y = 0.295714, e1mag = 0, e2mag = 0, phie1mag = 1, phie2mag = 1
Elemid = 40, Nodeid = -1, x = -0.002, y = 0.238571, e1mag = 12.9582, e2mag = 12.9582, phie1mag = 12.9967, phie2mag = 12.9967
Elemid = 41, Nodeid = -1, x = 0.002, y = 0.25, e1mag = 12.9582, e2mag = 12.9582, phie1mag = 12.9967, phie2mag = 12.9967
Elemid = 42, Nodeid = -1, x = -0.002, y = 0.278571, e1mag = 12.9582, e2mag = 12.9582, phie1mag = 12.9967, phie2mag = 12.9967
Elemid = 43, Nodeid = -1, x = 0.002, y = 0.267143, e1mag = 12.9582, e2mag = 12.9582, phie1mag = 12.9967, phie2mag = 12.9967
Elemid = 44, Nodeid = -1, x = -0.002, y = 0.295714, e1mag = 12.9582, e2mag = 12.9582, phie1mag = 12.9967, phie2mag = 12.9967
Elemid = 37, Nodeid = -1, x = -0.002, y = 4.10429, e1mag = 12.9582, e2mag = 12.9582, phie1mag = 12.9967, phie2mag = 12.9967
Elemid = 38, Nodeid = -1, x = -0.002, y = 4.14143, e1mag = 12.9582, e2mag = 12.9582, phie1mag = 12.9967, phie2mag = 12.9967
Elemid = 39, Nodeid = -1, x = 0.002, y = 4.11571, e1mag = 12.9582, e2mag = 12.9582, phie1mag = 12.9967, phie2mag = 12.9967
Elemid = 40, Nodeid = -1, x = 0.002, y = 4.13286, e1mag = 12.9582, e2mag = 12.9582, phie1mag = 12.9967, phie2mag = 12.9967
Elemid = 41, Nodeid = -1, x = -0.001, y = 4.16143, e1mag = 12.9582, e2mag = 12.9582, phie1mag = 12.9967, phie2mag = 12.9967
Elemid = 42, Nodeid = -1, x = 0.002, y = 4.17286, e1mag = 12.9582, e2mag = 12.9582, phie1mag = 12.9967, phie2mag = 12.9967
Elemid = 43, Nodeid = -2, x = 0.008, y = 4.01857, e1mag = 0, e2mag = 0, phie1mag = 1, phie2mag = 1
Elemid = 44, Nodeid = -2, x = 0.012, y = 4.03, e1mag = 0, e2mag = 0, phie1mag = 1, phie2mag = 1
Elemid = 12, Nodeid = -2, x = -0.008, y = 4.83143, e1mag = 0, e2mag = 0, phie1mag = 1, phie2mag = 1
Elemid = 13, Nodeid = -2, x = -0.011, y = 4.82, e1mag = 0, e2mag = 0, phie1mag = 1, phie2mag = 1
Elemid = 14, Nodeid = -2, x = -0.011, y = 4.67714, e1mag = 0, e2mag = 0, phie1mag = 1, phie2mag = 1
Elemid = 15, Nodeid = -2, x = -0.011, y = 4.71714, e1mag = 0, e2mag = 0, phie1mag = 1, phie2mag = 1
Elemid = 16, Nodeid = -2, x = -0.008, y = 4.68857, e1mag = 0, e2mag = 0, phie1mag = 1, phie2mag = 1
Elemid = 17, Nodeid = -2, x = -0.008, y = 4.70571, e1mag = 0, e2mag = 0, phie1mag = 1, phie2mag = 1
Elemid = 18, Nodeid = -2, x = -0.012, y = 4.74571, e1mag = 0, e2mag = 0, phie1mag = 1, phie2mag = 1
Elemid = 19, Nodeid = -2, x = -0.008, y = 4.73429, e1mag = 0, e2mag = 0, phie1mag = 1, phie2mag = 1
Elemid = 20, Nodeid = -2, x = -0.012, y = 4.76286, e1mag = 0, e2mag = 0, phie1mag = 1, phie2mag = 1
Elemid = 21, Nodeid = -2, x = -0.012, y = 4.79143, e1mag = 0, e2mag = 0, phie1mag = 1, phie2mag = 1
Elemid = 22, Nodeid = -2, x = -0.009, y = 4.77429, e1mag = 0, e2mag = 0, phie1mag = 1, phie2mag = 1
Elemid = 45, Nodeid = -2, x = 0.009, y = 4.19, e1mag = 0, e2mag = 0, phie1mag = 1, phie2mag = 1
Elemid = 46, Nodeid = -2, x = 0.008, y = 4.05857, e1mag = 0, e2mag = 0, phie1mag = 1, phie2mag = 1
Elemid = 47, Nodeid = -2, x = 0.012, y = 4.04714, e1mag = 0, e2mag = 0, phie1mag = 1, phie2mag = 1
Elemid = 48, Nodeid = -2, x = 0.008, y = 4.07571, e1mag = 0, e2mag = 0, phie1mag = 1, phie2mag = 1
Elemid = 49, Nodeid = -2, x = 0.009, y = 4.11571, e1mag = 0, e2mag = 0, phie1mag = 1, phie2mag = 1
Elemid = 50, Nodeid = -2, x = 0.012, y = 4.08429, e1mag = 0, e2mag = 0, phie1mag = 1, phie2mag = 1
Elemid = 51, Nodeid = -2, x = 0.012, y = 4.10429, e1mag = 0, e2mag = 0, phie1mag = 1, phie2mag = 1
Elemid = 52, Nodeid = -2, x = 0.009, y = 4.14429, e1mag = 0, e2mag = 0, phie1mag = 1, phie2mag = 1
Elemid = 45, Nodeid = -1, x = -0.001, y = 0.335714, e1mag = 12.9582, e2mag = 12.9582, phie1mag = 12.9967, phie2mag = 12.9967
Elemid = 46, Nodeid = -1, x = 0.002, y = 0.304286, e1mag = 12.9582, e2mag = 12.9582, phie1mag = 12.9967, phie2mag = 12.9967
Elemid = 47, Nodeid = -1, x = 0.002, y = 0.324286, e1mag = 12.9582, e2mag = 12.9582, phie1mag = 12.9967, phie2mag = 12.9967
Elemid = 48, Nodeid = -2, x = 0.008, y = 0.238571, e1mag = 0, e2mag = 0, phie1mag = 1, phie2mag = 1
Elemid = 49, Nodeid = -2, x = 0.012, y = 0.247143, e1mag = 0, e2mag = 0, phie1mag = 1, phie2mag = 1
Elemid = 50, Nodeid = -2, x = 0.009, y = 0.267143, e1mag = 0, e2mag = 0, phie1mag = 1, phie2mag = 1
Elemid = 51, Nodeid = -2, x = 0.009, y = 0.307143, e1mag = 0, e2mag = 0, phie1mag = 1, phie2mag = 1
Elemid = 52, Nodeid = -2, x = 0.012, y = 0.278571, e1mag = 0, e2mag = 0, phie1mag = 1, phie2mag = 1
Elemid = 23, Nodeid = -2, x = -0.008, y = 4.80286, e1mag = 0, e2mag = 0, phie1mag = 1, phie2mag = 1
Elemid = 24, Nodeid = -1, x = -0.002, y = 4.64857, e1mag = 12.9582, e2mag = 12.9582, phie1mag = 12.9967, phie2mag = 12.9967
Elemid = 25, Nodeid = -1, x = 0.002, y = 4.65714, e1mag = 12.9582, e2mag = 12.9582, phie1mag = 12.9967, phie2mag = 12.9967
Elemid = 26, Nodeid = -1, x = 0.002, y = 4.83143, e1mag = 12.9582, e2mag = 12.9582, phie1mag = 12.9967, phie2mag = 12.9967
Elemid = 27, Nodeid = -1, x = -0.002, y = 4.82286, e1mag = 12.9582, e2mag = 12.9582, phie1mag = 12.9967, phie2mag = 12.9967
Elemid = 53, Nodeid = -2, x = 0.012, y = 4.13286, e1mag = 0, e2mag = 0, phie1mag = 1, phie2mag = 1
Elemid = 54, Nodeid = -2, x = 0.009, y = 4.16143, e1mag = 0, e2mag = 0, phie1mag = 1, phie2mag = 1
Elemid = 55, Nodeid = -2, x = 0.012, y = 4.17286, e1mag = 0, e2mag = 0, phie1mag = 1, phie2mag = 1

Generating m_varcoeff ================================= 
Elemid = 53, Nodeid = -2, x = 0.012, y = 0.295714, e1mag = 0, e2mag = 0, phie1mag = 1, phie2mag = 1
Elemid = 54, Nodeid = -2, x = 0.009, y = 0.335714, e1mag = 0, e2mag = 0, phie1mag = 1, phie2mag = 1
Elemid = 55, Nodeid = -2, x = 0.012, y = 0.324286, e1mag = 0, e2mag = 0, phie1mag = 1, phie2mag = 1

Generating m_varcoeff ================================= 
Elemid = 28, Nodeid = -1, x = -0.001, y = 4.68857, e1mag = 12.9582, e2mag = 12.9582, phie1mag = 12.9967, phie2mag = 12.9967
Elemid = 29, Nodeid = -1, x = 0.002, y = 4.67714, e1mag = 12.9582, e2mag = 12.9582, phie1mag = 12.9967, phie2mag = 12.9967
Elemid = 30, Nodeid = -1, x = -0.001, y = 4.71714, e1mag = 12.9582, e2mag = 12.9582, phie1mag = 12.9967, phie2mag = 12.9967
Elemid = 31, Nodeid = -1, x = 0.002, y = 4.70571, e1mag = 12.9582, e2mag = 12.9582, phie1mag = 12.9967, phie2mag = 12.9967
Elemid = 32, Nodeid = -1, x = -0.001, y = 4.73429, e1mag = 12.9582, e2mag = 12.9582, phie1mag = 12.9967, phie2mag = 12.9967
Elemid = 0, Nodeid = -2, x = -0.011, y = 6.30143, e1mag = 0, e2mag = 0, phie1mag = 1, phie2mag = 1
Elemid = 1, Nodeid = -2, x = -0.008, y = 6.29, e1mag = 0, e2mag = 0, phie1mag = 1, phie2mag = 1
Elemid = 2, Nodeid = -2, x = -0.012, y = 6.15857, e1mag = 0, e2mag = 0, phie1mag = 1, phie2mag = 1
*** 1st Moving frames are in unit length ***
*** 2nd Moving frames are in unit length ***
*** Moving frames are Orthogonal
Elemid = 33, Nodeid = -1, x = -0.001, y = 4.77429, e1mag = 12.9582, e2mag = 12.9582, phie1mag = 12.9967, phie2mag = 12.9967
Elemid = 34, Nodeid = -1, x = 0.002, y = 4.74571, e1mag = 12.9582, e2mag = 12.9582, phie1mag = 12.9967, phie2mag = 12.9967
Elemid = 35, Nodeid = -1, x = 0.002, y = 4.76286, e1mag = 12.9582, e2mag = 12.9582, phie1mag = 12.9967, phie2mag = 12.9967
Elemid = 36, Nodeid = -1, x = -0.001, y = 4.79143, e1mag = 12.9582, e2mag = 12.9582, phie1mag = 12.9967, phie2mag = 12.9967
Elemid = 37, Nodeid = -1, x = 0.002, y = 4.80286, e1mag = 12.9582, e2mag = 12.9582, phie1mag = 12.9967, phie2mag = 12.9967
Elemid = 38, Nodeid = -2, x = 0.008, y = 4.64857, e1mag = 0, e2mag = 0, phie1mag = 1, phie2mag = 1
*** 1st Moving frames are in unit length ***
*** 2nd Moving frames are in unit length ***
*** Moving frames are Orthogonal
Elemid = 3, Nodeid = -2, x = -0.008, y = 6.14714, e1mag = 0, e2mag = 0, phie1mag = 1, phie2mag = 1
Elemid = 4, Nodeid = -2, x = -0.012, y = 6.17571, e1mag = 0, e2mag = 0, phie1mag = 1, phie2mag = 1
Elemid = 5, Nodeid = -2, x = -0.011, y = 6.20429, e1mag = 0, e2mag = 0, phie1mag = 1, phie2mag = 1
Elemid = 6, Nodeid = -2, x = -0.008, y = 6.18429, e1mag = 0, e2mag = 0, phie1mag = 1, phie2mag = 1
Elemid = 7, Nodeid = -2, x = -0.011, y = 6.24429, e1mag = 0, e2mag = 0, phie1mag = 1, phie2mag = 1
Elemid = 8, Nodeid = -2, x = -0.008, y = 6.21571, e1mag = 0, e2mag = 0, phie1mag = 1, phie2mag = 1
Elemid = 9, Nodeid = -2, x = -0.008, y = 6.23286, e1mag = 0, e2mag = 0, phie1mag = 1, phie2mag = 1
*** 1st Moving frames are in unit length ***
*** 2nd Moving frames are in unit length ***
*** Moving frames are Orthogonal
*** 1st Moving frames are in unit length ***
*** 2nd Moving frames are in unit length ***
*** Moving frames are Orthogonal
Elemid = 39, Nodeid = -2, x = 0.012, y = 4.65714, e1mag = 0, e2mag = 0, phie1mag = 1, phie2mag = 1
Elemid = 40, Nodeid = -2, x = 0.012, y = 4.83143, e1mag = 0, e2mag = 0, phie1mag = 1, phie2mag = 1
Elemid = 41, Nodeid = -2, x = 0.009, y = 4.82, e1mag = 0, e2mag = 0, phie1mag = 1, phie2mag = 1
Elemid = 42, Nodeid = -2, x = 0.009, y = 4.68857, e1mag = 0, e2mag = 0, phie1mag = 1, phie2mag = 1
Elemid = 43, Nodeid = -2, x = 0.012, y = 4.67714, e1mag = 0, e2mag = 0, phie1mag = 1, phie2mag = 1
Elemid = 44, Nodeid = -2, x = 0.009, y = 4.71714, e1mag = 0, e2mag = 0, phie1mag = 1, phie2mag = 1
Elemid = 10, Nodeid = -2, x = -0.011, y = 6.26143, e1mag = 0, e2mag = 0, phie1mag = 1, phie2mag = 1
Elemid = 11, Nodeid = -2, x = -0.008, y = 6.27286, e1mag = 0, e2mag = 0, phie1mag = 1, phie2mag = 1
Elemid = 12, Nodeid = -1, x = 0.002, y = 6.13, e1mag = 12.9582, e2mag = 12.9582, phie1mag = 12.9967, phie2mag = 12.9967
Elemid = 45, Nodeid = -2, x = 0.012, y = 4.70571, e1mag = 0, e2mag = 0, phie1mag = 1, phie2mag = 1
Elemid = 46, Nodeid = -2, x = 0.009, y = 4.74571, e1mag = 0, e2mag = 0, phie1mag = 1, phie2mag = 1
Elemid = 47, Nodeid = -2, x = 0.012, y = 4.73429, e1mag = 0, e2mag = 0, phie1mag = 1, phie2mag = 1
Elemid = 48, Nodeid = -2, x = 0.009, y = 4.77429, e1mag = 0, e2mag = 0, phie1mag = 1, phie2mag = 1
*** 1st Moving frames are in unit length ***
*** 2nd Moving frames are in unit length ***
*** Moving frames are Orthogonal
*** MF 0 = ( 0 , 1 , 0 ) 
*** MF 1 = ( 1 , 0 , 0 ) 
*** MF 2 = ( 0 , 0 , 1 ) 
Elemid = 13, Nodeid = -1, x = 0.002, y = 6.30143, e1mag = 12.9582, e2mag = 12.9582, phie1mag = 12.9967, phie2mag = 12.9967
Elemid = 14, Nodeid = -1, x = -0.001, y = 6.29, e1mag = 12.9582, e2mag = 12.9582, phie1mag = 12.9967, phie2mag = 12.9967
Elemid = 15, Nodeid = -1, x = -0.001, y = 6.14714, e1mag = 12.9582, e2mag = 12.9582, phie1mag = 12.9967, phie2mag = 12.9967
Elemid = 16, Nodeid = -1, x = -0.001, y = 6.18714, e1mag = 12.9582, e2mag = 12.9582, phie1mag = 12.9967, phie2mag = 12.9967
*** 1st Moving frames are in unit length ***
*** 2nd Moving frames are in unit length ***
*** Moving frames are Orthogonal
*** 1st Moving frames are in unit length ***
*** 2nd Moving frames are in unit length ***
*** Moving frames are Orthogonal
Elemid = 49, Nodeid = -2, x = 0.012, y = 4.76286, e1mag = 0, e2mag = 0, phie1mag = 1, phie2mag = 1
Elemid = 50, Nodeid = -2, x = 0.009, y = 4.80286, e1mag = 0, e2mag = 0, phie1mag = 1, phie2mag = 1
Elemid = 51, Nodeid = -2, x = 0.012, y = 4.79143, e1mag = 0, e2mag = 0, phie1mag = 1, phie2mag = 1
Elemid = 52, Nodeid = -2, x = 0.01, y = 4.848, e1mag = 0, e2mag = 0, phie1mag = 1, phie2mag = 1
Elemid = 53, Nodeid = -2, x = 0.01, y = 4.842, e1mag = 0, e2mag = 0, phie1mag = 1, phie2mag = 1
Elemid = 54, Nodeid = -2, x = 0.007, y = 4.845, e1mag = 0, e2mag = 0, phie1mag = 1, phie2mag = 1
Elemid = 55, Nodeid = -2, x = 0.013, y = 4.845, e1mag = 0, e2mag = 0, phie1mag = 1, phie2mag = 1

Generating m_varcoeff ================================= 
*** MF 0 = ( 0 , 1 , 0 ) 
*** MF 1 = ( 1 , 0 , 0 ) 
*** MF 2 = ( 0 , 0 , 1 ) 
*** MF 0 = ( 0 , 1 , 0 ) 
*** MF 1 = ( 1 , 0 , 0 ) 
*** MF 2 = ( 0 , 0 , 1 ) 
*** 1st Moving frames are in unit length ***
*** 2nd Moving frames are in unit length ***
*** Moving frames are Orthogonal
*** MF 0 = ( 0 , 1 , 0 ) 
*** MF 1 = ( 1 , 0 , 0 ) 
*** MF 2 = ( 0 , 0 , 1 ) 
*** 1st Moving frames are in unit length ***
*** 2nd Moving frames are in unit length ***
*** Moving frames are Orthogonal
*** 1st Moving frames are in unit length ***
*** 2nd Moving frames are in unit length ***
*** Moving frames are Orthogonal
*** MF 0 = ( 0 , 1 , 0 ) 
*** MF 1 = ( 1 , 0 , 0 ) 
*** MF 2 = ( 0 , 0 , 1 ) 
*** 1st Moving frames are in unit length ***
*** 2nd Moving frames are in unit length ***
*** Moving frames are Orthogonal
*** MF 0 = ( 0 , 1 , 0 ) 
*** 1st Moving frames are in unit length ***
*** 2nd Moving frames are in unit length ***
*** Moving frames are Orthogonal
Elemid = 17, Nodeid = -1, x = 0.002, y = 6.15857, e1mag = 12.9582, e2mag = 12.9582, phie1mag = 12.9967, phie2mag = 12.9967
Elemid = 18, Nodeid = -1, x = 0.002, y = 6.17571, e1mag = 12.9582, e2mag = 12.9582, phie1mag = 12.9967, phie2mag = 12.9967
Elemid = 19, Nodeid = -1, x = -0.001, y = 6.21571, e1mag = 12.9582, e2mag = 12.9582, phie1mag = 12.9967, phie2mag = 12.9967
Elemid = 20, Nodeid = -1, x = 0.002, y = 6.20429, e1mag = 12.9582, e2mag = 12.9582, phie1mag = 12.9967, phie2mag = 12.9967
Elemid = 21, Nodeid = -1, x = -0.002, y = 6.24429, e1mag = 12.9582, e2mag = 12.9582, phie1mag = 12.9967, phie2mag = 12.9967
Elemid = 22, Nodeid = -1, x = 0.002, y = 6.23286, e1mag = 12.9582, e2mag = 12.9582, phie1mag = 12.9967, phie2mag = 12.9967
Elemid = 23, Nodeid = -1, x = -0.002, y = 6.26143, e1mag = 12.9582, e2mag = 12.9582, phie1mag = 12.9967, phie2mag = 12.9967
Elemid = 24, Nodeid = -1, x = 0.002, y = 6.27286, e1mag = 12.9582, e2mag = 12.9582, phie1mag = 12.9967, phie2mag = 12.9967
Elemid = 25, Nodeid = -2, x = 0.008, y = 6.11857, e1mag = 0, e2mag = 0, phie1mag = 1, phie2mag = 1
Elemid = 26, Nodeid = -2, x = 0.012, y = 6.12714, e1mag = 0, e2mag = 0, phie1mag = 1, phie2mag = 1
Elemid = 27, Nodeid = -2, x = 0.012, y = 6.30143, e1mag = 0, e2mag = 0, phie1mag = 1, phie2mag = 1
Elemid = 28, Nodeid = -2, x = 0.008, y = 6.29, e1mag = 0, e2mag = 0, phie1mag = 1, phie2mag = 1
Elemid = 29, Nodeid = -2, x = 0.009, y = 6.15857, e1mag = 0, e2mag = 0, phie1mag = 1, phie2mag = 1
Elemid = 30, Nodeid = -2, x = 0.012, y = 6.14714, e1mag = 0, e2mag = 0, phie1mag = 1, phie2mag = 1
*** 1st Moving frames are in unit length ***
*** 2nd Moving frames are in unit length ***
*** Moving frames are Orthogonal
*** MF 0 = ( 0 , 1 , 0 ) 
*** 1st Moving frames are in unit length ***
*** 2nd Moving frames are in unit length ***
*** Moving frames are Orthogonal
*** 1st Moving frames are in unit length ***
*** 2nd Moving frames are in unit length ***
*** Moving frames are Orthogonal
*** MF 0 = ( 0 , 1 , 0 ) 
*** MF 1 = ( 1 , 0 , 0 ) 
*** MF 2 = ( 0 , 0 , 1 ) 
*** 1st Moving frames are in unit length ***
*** 2nd Moving frames are in unit length ***
*** Moving frames are Orthogonal
*** 1st Moving frames are in unit length ***
*** 2nd Moving frames are in unit length ***
*** Moving frames are Orthogonal
*** MF 0 = ( 0 , 1 , 0 ) 
Elemid = 31, Nodeid = -2, x = 0.009, y = 6.18714, e1mag = 0, e2mag = 0, phie1mag = 1, phie2mag = 1
Elemid = 32, Nodeid = -2, x = 0.012, y = 6.17571, e1mag = 0, e2mag = 0, phie1mag = 1, phie2mag = 1
Elemid = 33, Nodeid = -2, x = 0.009, y = 6.20429, e1mag = 0, e2mag = 0, phie1mag = 1, phie2mag = 1
Elemid = 34, Nodeid = -2, x = 0.008, y = 6.24429, e1mag = 0, e2mag = 0, phie1mag = 1, phie2mag = 1
Elemid = 35, Nodeid = -2, x = 0.012, y = 6.21571, e1mag = 0, e2mag = 0, phie1mag = 1, phie2mag = 1
Elemid = 36, Nodeid = -2, x = 0.012, y = 6.23286, e1mag = 0, e2mag = 0, phie1mag = 1, phie2mag = 1
Elemid = 37, Nodeid = -2, x = 0.008, y = 6.26143, e1mag = 0, e2mag = 0, phie1mag = 1, phie2mag = 1
Elemid = 38, Nodeid = -2, x = 0.011, y = 6.27286, e1mag = 0, e2mag = 0, phie1mag = 1, phie2mag = 1
Elemid = 39, Nodeid = -2, x = -0.01, y = 6.312, e1mag = 0, e2mag = 0, phie1mag = 1, phie2mag = 1
Elemid = 40, Nodeid = -2, x = -0.01, y = 6.318, e1mag = 0, e2mag = 0, phie1mag = 1, phie2mag = 1
Elemid = 41, Nodeid = -2, x = -0.013, y = 6.315, e1mag = 0, e2mag = 0, phie1mag = 1, phie2mag = 1
Elemid = 42, Nodeid = -2, x = -0.007, y = 6.315, e1mag = 0, e2mag = 0, phie1mag = 1, phie2mag = 1
*** MF 1 = ( 1 , 0 , 0 ) 
*** MF 2 = ( 0 , 0 , 1 ) 
*** 1st Moving frames are in unit length ***
*** 2nd Moving frames are in unit length ***
*** Moving frames are Orthogonal
*** MF 0 = ( 0 , 1 , 0 ) 
*** MF 1 = ( 1 , 0 , 0 ) 
*** MF 2 = ( 0 , 0 , 1 ) 
*** 1st Moving frames are in unit length ***
*** 2nd Moving frames are in unit length ***
*** Moving frames are Orthogonal
*** MF 0 = ( 0 , 1 , 0 ) 
*** MF 1 = ( 1 , 0 , 0 ) 
*** MF 2 = ( 0 , 0 , 1 ) 
*** 1st Moving frames are in unit length ***
*** 2nd Moving frames are in unit length ***
*** Moving frames are Orthogonal
*** MF 0 = ( 0 , 1 , 0 ) 
*** MF 1 = ( 1 , 0 , 0 ) 
*** MF 2 = ( 0 , 0 , 1 ) 
Max phieAnistrength_1  = 168.914, phieAnistrength_2 = 168.914, Min phieAnistrength 1 = 1, phieAnistrength 2 = 1
*** MF 0 = ( 0 , 1 , 0 ) 
*** MF 1 = ( 1 , 0 , 0 ) 
*** MF 2 = ( 0 , 0 , 1 ) 
*** MF 0 = ( 0 , 1 , 0 ) 
*** MF 1 = ( 1 , 0 , 0 ) 
*** MF 2 = ( 0 , 0 , 1 ) 
*** MF 0 = ( 0 , 1 , 0 ) 
*** MF 1 = ( 1 , 0 , 0 ) 
*** MF 2 = ( 0 , 0 , 1 ) 
k = 0, m_varcoeff = ( 0 , 7.13961 , 0 , 9.96618e-13 , 92.5163 ) 
*** MF 0 = ( 0 , 1 , 0 ) 
*** MF 1 = ( 1 , 0 , 0 ) 
*** MF 2 = ( 0 , 0 , 1 ) 
k = 0, m_varcoeff = ( 0 , 6.71182 , 0 , 9.48428e-13 , 86.9044 ) 
Max phieAnistrength_1  = 168.914, phieAnistrength_2 = 168.914, Min phieAnistrength 1 = 1, phieAnistrength 2 = 1
Max phieAnistrength_1  = 168.914, phieAnistrength_2 = 168.914, Min phieAnistrength 1 = 1, phieAnistrength 2 = 1
*** 1st Moving frames are in unit length ***
*** 2nd Moving frames are in unit length ***
*** Moving frames are Orthogonal
*** MF 0 = ( 0 , 1 , 0 ) 
*** MF 1 = ( 1 , 0 , 0 ) 
*** MF 2 = ( 0 , 0 , 1 ) 
*** MF 0 = ( 0 , 1 , 0 ) 
*** MF 1 = ( 1 , 0 , 0 ) 
*** MF 2 = ( 0 , 0 , 1 ) 
*** 1st Moving frames are in unit length ***
*** 2nd Moving frames are in unit length ***
*** Moving frames are Orthogonal
*** MF 0 = ( 0 , 1 , 0 ) 
*** MF 1 = ( 1 , 0 , 0 ) 
*** MF 2 = ( 0 , 0 , 1 ) 
*** MF 0 = ( 0 , 1 , 0 ) 
*** MF 1 = ( 1 , 0 , 0 ) 
*** MF 2 = ( 0 , 0 , 1 ) 
Max phieAnistrength_1  = 168.914, phieAnistrength_2 = 168.914, Min phieAnistrength 1 = 1, phieAnistrength 2 = 1
*** 1st Moving frames are in unit length ***
*** 2nd Moving frames are in unit length ***
*** Moving frames are Orthogonal
*** MF 0 = ( 0 , 1 , 0 ) 
*** MF 1 = ( 1 , 0 , 0 ) 
*** MF 2 = ( 0 , 0 , 1 ) 
*** 1st Moving frames are in unit length ***
*** 2nd Moving frames are in unit length ***
*** Moving frames are Orthogonal
*** MF 0 = ( 0 , 1 , 0 ) 
*** MF 1 = ( 1 , 0 , 0 ) 
*** MF 2 = ( 0 , 0 , 1 ) 
*** MF 0 = ( 0 , 1 , 0 ) 
*** MF 1 = ( 1 , 0 , 0 ) 
*** MF 2 = ( 0 , 0 , 1 ) 
Max phieAnistrength_1  = 168.914, phieAnistrength_2 = 168.914, Min phieAnistrength 1 = 1, phieAnistrength 2 = 1
Max phieAnistrength_1  = 168.914, phieAnistrength_2 = 168.914, Min phieAnistrength 1 = 1, phieAnistrength 2 = 1
*** MF 1 = ( 1 , 0 , 0 ) 
*** MF 2 = ( 0 , 0 , 1 ) 
Max phieAnistrength_1  = 168.914, phieAnistrength_2 = 168.914, Min phieAnistrength 1 = 1, phieAnistrength 2 = 1
*** MF 1 = ( 1 , 0 , 0 ) 
*** MF 2 = ( 0 , 0 , 1 ) 
Max phieAnistrength_1  = 168.914, phieAnistrength_2 = 168.914, Min phieAnistrength 1 = 1, phieAnistrength 2 = 1
*** 1st Moving frames are in unit length ***
*** 2nd Moving frames are in unit length ***
*** Moving frames are Orthogonal
*** MF 0 = ( 0 , 1 , 0 ) 
*** MF 1 = ( 1 , 0 , 0 ) 
*** MF 2 = ( 0 , 0 , 1 ) 
Max phieAnistrength_1  = 168.914, phieAnistrength_2 = 168.914, Min phieAnistrength 1 = 1, phieAnistrength 2 = 1
*** 1st Moving frames are in unit length ***
*** 2nd Moving frames are in unit length ***
*** Moving frames are Orthogonal
*** MF 0 = ( 0 , 1 , 0 ) 
*** MF 1 = ( 1 , 0 , 0 ) 
*** MF 2 = ( 0 , 0 , 1 ) 
Max phieAnistrength_1  = 168.914, phieAnistrength_2 = 168.914, Min phieAnistrength 1 = 1, phieAnistrength 2 = 1
Max phieAnistrength_1  = 168.914, phieAnistrength_2 = 168.914, Min phieAnistrength 1 = 1, phieAnistrength 2 = 1
Max phieAnistrength_1  = 168.914, phieAnistrength_2 = 168.914, Min phieAnistrength 1 = 1, phieAnistrength 2 = 1
Max phieAnistrength_1  = 168.914, phieAnistrength_2 = 168.914, Min phieAnistrength 1 = 1, phieAnistrength 2 = 1
k = 1, m_varcoeff = ( 7.13961 , 0 , 0 , 2.73028e-12 , 92.5163 ) 
Max phieAnistrength_1  = 168.914, phieAnistrength_2 = 168.914, Min phieAnistrength 1 = 1, phieAnistrength 2 = 1
k = 1, m_varcoeff = ( 6.71182 , 0 , 0 , 2.56468e-12 , 86.9044 ) 
Max phieAnistrength_1  = 168.914, phieAnistrength_2 = 168.914, Min phieAnistrength 1 = 1, phieAnistrength 2 = 1
Max phieAnistrength_1  = 168.914, phieAnistrength_2 = 168.914, Min phieAnistrength 1 = 1, phieAnistrength 2 = 1
Max phieAnistrength_1  = 168.914, phieAnistrength_2 = 168.914, Min phieAnistrength 1 = 1, phieAnistrength 2 = 1
Max phieAnistrength_1  = 168.914, phieAnistrength_2 = 168.914, Min phieAnistrength 1 = 1, phieAnistrength 2 = 1
Elemid = 43, Nodeid = 31, x = -2.13985e-15, y = 6.312, e1mag = 1, e2mag = 1, phie1mag = 1.41421, phie2mag = 1.41421
Elemid = 44, Nodeid = 31, x = -2.14185e-15, y = 6.318, e1mag = 1, e2mag = 1, phie1mag = 1.41421, phie2mag = 1.41421
Elemid = 45, Nodeid = 31, x = -0.003, y = 6.315, e1mag = 1, e2mag = 1, phie1mag = 1.41421, phie2mag = 1.41421
Elemid = 46, Nodeid = 31, x = 0.003, y = 6.315, e1mag = 1, e2mag = 1, phie1mag = 1.41421, phie2mag = 1.41421
Elemid = 47, Nodeid = -2, x = 0.01, y = 6.318, e1mag = 0, e2mag = 0, phie1mag = 1, phie2mag = 1
Elemid = 48, Nodeid = -2, x = 0.01, y = 6.312, e1mag = 0, e2mag = 0, phie1mag = 1, phie2mag = 1
Elemid = 49, Nodeid = -2, x = 0.007, y = 6.315, e1mag = 0, e2mag = 0, phie1mag = 1, phie2mag = 1
Elemid = 50, Nodeid = -2, x = 0.013, y = 6.315, e1mag = 0, e2mag = 0, phie1mag = 1, phie2mag = 1
Elemid = 51, Nodeid = -2, x = 0.01, y = 6.322, e1mag = 0, e2mag = 0, phie1mag = 1, phie2mag = 1
Elemid = 52, Nodeid = -2, x = 0.01, y = 6.328, e1mag = 0, e2mag = 0, phie1mag = 1, phie2mag = 1
Elemid = 53, Nodeid = -2, x = 0.007, y = 6.325, e1mag = 0, e2mag = 0, phie1mag = 1, phie2mag = 1
Elemid = 54, Nodeid = -2, x = 0.013, y = 6.325, e1mag = 0, e2mag = 0, phie1mag = 1, phie2mag = 1

Generating m_varcoeff ================================= 
Max phieAnistrength_1  = 168.914, phieAnistrength_2 = 168.914, Min phieAnistrength 1 = 1, phieAnistrength 2 = 1
*** MF 0 = ( 0 , 1 , 0 ) 
*** MF 1 = ( 1 , 0 , 0 ) 
*** MF 2 = ( 0 , 0 , 1 ) 
Max phieAnistrength_1  = 168.914, phieAnistrength_2 = 168.914, Min phieAnistrength 1 = 1, phieAnistrength 2 = 1
Elemid = 0, Nodeid = -2, x = -0.011, y = 3.57143, e1mag = 0, e2mag = 0, phie1mag = 1, phie2mag = 1
Elemid = 1, Nodeid = -2, x = -0.008, y = 3.56, e1mag = 0, e2mag = 0, phie1mag = 1, phie2mag = 1
Elemid = 2, Nodeid = -1, x = -0.001, y = 3.57143, e1mag = 12.9582, e2mag = 12.9582, phie1mag = 12.9967, phie2mag = 12.9967
Elemid = 3, Nodeid = -1, x = 0.002, y = 3.56, e1mag = 12.9582, e2mag = 12.9582, phie1mag = 12.9967, phie2mag = 12.9967
Elemid = 4, Nodeid = -2, x = 0.009, y = 3.57143, e1mag = 0, e2mag = 0, phie1mag = 1, phie2mag = 1
Elemid = 5, Nodeid = -2, x = 0.012, y = 3.56, e1mag = 0, e2mag = 0, phie1mag = 1, phie2mag = 1
Elemid = 6, Nodeid = -2, x = -0.01, y = 3.582, e1mag = 0, e2mag = 0, phie1mag = 1, phie2mag = 1
Elemid = 7, Nodeid = -2, x = -0.01, y = 3.588, e1mag = 0, e2mag = 0, phie1mag = 1, phie2mag = 1
Elemid = 8, Nodeid = -2, x = -0.013, y = 3.585, e1mag = 0, e2mag = 0, phie1mag = 1, phie2mag = 1
Elemid = 9, Nodeid = -2, x = -0.007, y = 3.585, e1mag = 0, e2mag = 0, phie1mag = 1, phie2mag = 1
Elemid = 10, Nodeid = 18, x = -2.13985e-15, y = 3.582, e1mag = 1, e2mag = 1, phie1mag = 1.41421, phie2mag = 1.41421
Elemid = 11, Nodeid = 18, x = -2.14185e-15, y = 3.588, e1mag = 1, e2mag = 1, phie1mag = 1.41421, phie2mag = 1.41421
Elemid = 12, Nodeid = 18, x = -0.003, y = 3.585, e1mag = 1, e2mag = 1, phie1mag = 1.41421, phie2mag = 1.41421
Elemid = 13, Nodeid = 18, x = 0.003, y = 3.585, e1mag = 1, e2mag = 1, phie1mag = 1.41421, phie2mag = 1.41421
Elemid = 14, Nodeid = -2, x = 0.01, y = 3.588, e1mag = 0, e2mag = 0, phie1mag = 1, phie2mag = 1
Elemid = 15, Nodeid = -2, x = 0.01, y = 3.582, e1mag = 0, e2mag = 0, phie1mag = 1, phie2mag = 1
Elemid = 16, Nodeid = -2, x = 0.007, y = 3.585, e1mag = 0, e2mag = 0, phie1mag = 1, phie2mag = 1
Elemid = 17, Nodeid = -2, x = 0.013, y = 3.585, e1mag = 0, e2mag = 0, phie1mag = 1, phie2mag = 1
Elemid = 18, Nodeid = -2, x = -0.012, y = 3.59857, e1mag = 0, e2mag = 0, phie1mag = 1, phie2mag = 1
Elemid = 19, Nodeid = -2, x = -0.008, y = 3.60714, e1mag = 0, e2mag = 0, phie1mag = 1, phie2mag = 1
Elemid = 20, Nodeid = -2, x = -0.012, y = 3.63571, e1mag = 0, e2mag = 0, phie1mag = 1, phie2mag = 1
Elemid = 21, Nodeid = -2, x = -0.008, y = 3.62714, e1mag = 0, e2mag = 0, phie1mag = 1, phie2mag = 1
Elemid = 22, Nodeid = -2, x = -0.012, y = 3.65571, e1mag = 0, e2mag = 0, phie1mag = 1, phie2mag = 1
Elemid = 23, Nodeid = -2, x = -0.011, y = 3.69571, e1mag = 0, e2mag = 0, phie1mag = 1, phie2mag = 1
Elemid = 24, Nodeid = -2, x = -0.008, y = 3.66714, e1mag = 0, e2mag = 0, phie1mag = 1, phie2mag = 1
Elemid = 25, Nodeid = -2, x = -0.008, y = 3.68429, e1mag = 0, e2mag = 0, phie1mag = 1, phie2mag = 1
Elemid = 26, Nodeid = -2, x = -0.011, y = 3.72429, e1mag = 0, e2mag = 0, phie1mag = 1, phie2mag = 1
Elemid = 27, Nodeid = -2, x = -0.008, y = 3.71286, e1mag = 0, e2mag = 0, phie1mag = 1, phie2mag = 1
Elemid = 28, Nodeid = -2, x = -0.011, y = 3.75286, e1mag = 0, e2mag = 0, phie1mag = 1, phie2mag = 1
Elemid = 29, Nodeid = -2, x = -0.008, y = 3.74143, e1mag = 0, e2mag = 0, phie1mag = 1, phie2mag = 1
Elemid = 30, Nodeid = -1, x = -0.002, y = 3.59857, e1mag = 12.9582, e2mag = 12.9582, phie1mag = 12.9967, phie2mag = 12.9967
Elemid = 31, Nodeid = -1, x = 0.002, y = 3.61, e1mag = 12.9582, e2mag = 12.9582, phie1mag = 12.9967, phie2mag = 12.9967
Elemid = 32, Nodeid = -1, x = -0.001, y = 3.63857, e1mag = 12.9582, e2mag = 12.9582, phie1mag = 12.9967, phie2mag = 12.9967
Elemid = 33, Nodeid = -1, x = 0.002, y = 3.62714, e1mag = 12.9582, e2mag = 12.9582, phie1mag = 12.9967, phie2mag = 12.9967
Elemid = 34, Nodeid = -1, x = -0.001, y = 3.66714, e1mag = 12.9582, e2mag = 12.9582, phie1mag = 12.9967, phie2mag = 12.9967
Elemid = 35, Nodeid = -1, x = 0.002, y = 3.65571, e1mag = 12.9582, e2mag = 12.9582, phie1mag = 12.9967, phie2mag = 12.9967
Elemid = 36, Nodeid = -1, x = -0.002, y = 3.69571, e1mag = 12.9582, e2mag = 12.9582, phie1mag = 12.9967, phie2mag = 12.9967
Elemid = 37, Nodeid = -1, x = 0.002, y = 3.68429, e1mag = 12.9582, e2mag = 12.9582, phie1mag = 12.9967, phie2mag = 12.9967
Elemid = 38, Nodeid = -1, x = -0.002, y = 3.71286, e1mag Max phieAnistrength_1  = 168.914, phieAnistrength_2 = 168.914, Min phieAnistrength 1 = 1, phieAnistrength 2 = 1
Elemid = 0, Nodeid = -2, x = -0.008, y = 0.421429, e1mag = 0, e2mag = 0, phie1mag = 1, phie2mag = 1
Elemid = 1, Nodeid = -2, x = -0.011, y = 0.41, e1mag = 0, e2mag = 0, phie1mag = 1, phie2mag = 1
Elemid = 2, Nodeid = -2, x = -0.011, y = 0.324286, e1mag = 0, e2mag = 0, phie1mag = 1, phie2mag = 1
Elemid = 3, Nodeid = -2, x = -0.011, y = 0.364286, e1mag = 0, e2mag = 0, phie1mag = 1, phie2mag = 1
Elemid = 4, Nodeid = -2, x = -0.008, y = 0.335714, e1mag = 0, e2mag = 0, phie1mag = 1, phie2mag = 1
Elemid = 5, Nodeid = -2, x = -0.008, y = 0.352857, e1mag = 0, e2mag = 0, phie1mag = 1, phie2mag = 1
Elemid = 6, Nodeid = -2, x = -0.011, y = 0.381429, e1mag = 0, e2mag = 0, phie1mag = 1, phie2mag = 1
Elemid = 7, Nodeid = -2, x = -0.008, y = 0.392857, e1mag = 0, e2mag = 0, phie1mag = 1, phie2mag = 1
Elemid = 8, Nodeid = -1, x = 0.002, y = 0.421429, e1mag = 12.9582, e2mag = 12.9582, phie1mag = 12.9967, phie2mag = 12.9967
Elemid = 9, Nodeid = -1, x = -0.001, y = 0.41, e1mag = 12.9582, e2mag = 12.9582, phie1mag = 12.9967, phie2mag = 12.9967
Elemid = 10, Nodeid = -1, x = -0.001, y = 0.364286, e1mag = 12.9582, e2mag = 12.9582, phie1mag = 12.9967, phie2mag = 12.9967
Elemid = 11, Nodeid = -1, x = 0.002, y = 0.352857, e1mag = 12.9582, e2mag = 12.9582, phie1mag = 12.9967, phie2mag = 12.9967
Elemid = 12, Nodeid = -1, x = -0.001, y = 0.381429, e1mag = 12.9582, e2mag = 12.9582, phie1mag = 12.9967, phie2mag = 12.9967
Elemid = 13, Nodeid = -1, x = 0.002, y = 0.392857, e1mag = 12.9582, e2mag = 12.9582, phie1mag = 12.9967, phie2mag = 12.9967
Elemid = 14, Nodeid = -2, x = 0.008, y = 0.421429, e1mag = 0, e2mag = 0, phie1mag = 1, phie2mag = 1
Elemid = 15, Nodeid = -2, x = 0.012, y = 0.412857, e1mag = 0, e2mag = 0, phie1mag = 1, phie2mag = 1
Elemid = 16, Nodeid = -2, x = 0.009, y = 0.364286, e1mag = 0, e2mag = 0, phie1mag = 1, phie2mag = 1
Elemid = 17, Nodeid = -2, x = 0.012, y = 0.352857, e1mag = 0, e2mag = 0, phie1mag = 1, phie2mag = 1
Elemid = 18, Nodeid = -2, x = 0.009, y = 0.381429, e1mag = 0, e2mag = 0, phie1mag = 1, phie2mag = 1
Elemid = 19, Nodeid = -2, x = 0.012, y = 0.392857, e1mag = 0, e2mag = 0, phie1mag = 1, phie2mag = 1
Elemid = 20, Nodeid = -2, x = -0.013, y = 0.435, e1mag = 0, e2mag = 0, phie1mag = 1, phie2mag = 1
Elemid = 21, Nodeid = -2, x = -0.007, y = 0.435, e1mag = 0, e2mag = 0, phie1mag = 1, phie2mag = 1
Elemid = 22, Nodeid = -2, x = -0.01, y = 0.438, e1mag = 0, e2mag = 0, phie1mag = 1, phie2mag = 1
Elemid = 23, Nodeid = -2, x = -0.01, y = 0.432, e1mag = 0, e2mag = 0, phie1mag = 1, phie2mag = 1
Elemid = 24, Nodeid = 3, x = -0.003, y = 0.435, e1mag = 1, e2mag = 1, phie1mag = 1.41421, phie2mag = 1.41421
Elemid = 25, Nodeid = 3, x = 0.003, y = 0.435, e1mag = 1, e2mag = 1, phie1mag = 1.41421, phie2mag = 1.41421
Elemid = 26, Nodeid = 3, x = -2.14182e-15, y = 0.432, e1mag = 1, e2mag = 1, phie1mag = 1.41421, phie2mag = 1.41421
Elemid = 27, Nodeid = 3, x = -2.1399e-15, y = 0.438, e1mag = 1, e2mag = 1, phie1mag = 1.41421, phie2mag = 1.41421
Elemid = 28, Nodeid = -2, x = 0.007, y = 0.435, e1mag = 0, e2mag = 0, phie1mag = 1, phie2mag = 1
Elemid = 29, Nodeid = -2, x = 0.01, y = 0.432, e1mag = 0, e2mag = 0, phie1mag = 1, phie2mag = 1
Elemid = 30, Nodeid = -2, x = -0.011, y = 3.21857, e1mag = 0, e2mag = 0, phie1mag = 1, phie2mag = 1
Elemid = 31, Nodeid = -2, x = -0.008, y = 3.20714, e1mag = 0, e2mag = 0, phie1mag = 1, phie2mag = 1
Elemid = 32, Nodeid = -2, x = -0.011, y = 3.24714, e1mag = 0, e2mag = 0, phie1mag = 1, phie2mag = 1
Elemid = 33, Nodeid = -2, x = -0.008, y = 3.23571, e1mag = 0, e2mag = 0, phie1mag = 1, phie2mag = 1
Elemid = 34, Nodeid = -2, x = -0.011, y = 3.26429, e1mag = 0, e2mag = 0, phie1mag = 1, phie2mag = 1
Elemid = 35, Nodeid = -2, x = -0.011, y = 3.30429, e1mag = 0, e2mag = 0, phie1mag = 1, phie2mag = 1
Elemid = 36, Nodeid = -2, x = -0.008, y = 3.27571, e1mag = 0, e2mag = 0, phie1mag = 1, phie2mag = 1
Elemid = 37, Nodeid = -2, x = -0.008, y = 3.29286, e1mag = 0, e2mag = 0, phie1mag = 1, phie2mag = 1
Elemid = 38, NodeElemid = 0, Nodeid = -2, x = 0.012, y = 4.20143, e1mag = 0, e2mag = 0, phie1mag = 1, phie2mag = 1
Elemid = 1, Nodeid = -2, x = -0.01, y = 4.218, e1mag = 0, e2mag = 0, phie1mag = 1, phie2mag = 1
Elemid = 2, Nodeid = -2, x = -0.01, y = 4.212, e1mag = 0, e2mag = 0, phie1mag = 1, phie2mag = 1
Elemid = 3, Nodeid = -2, x = -0.013, y = 4.215, e1mag = 0, e2mag = 0, phie1mag = 1, phie2mag = 1
Elemid = 4, Nodeid = -2, x = -0.007, y = 4.215, e1mag = 0, e2mag = 0, phie1mag = 1, phie2mag = 1
Elemid = 5, Nodeid = 21, x = -2.13985e-15, y = 4.212, e1mag = 1, e2mag = 1, phie1mag = 1.41421, phie2mag = 1.41421
Elemid = 6, Nodeid = 21, x = -2.14185e-15, y = 4.218, e1mag = 1, e2mag = 1, phie1mag = 1.41421, phie2mag = 1.41421
Elemid = 7, Nodeid = 21, x = -0.003, y = 4.215, e1mag = 1, e2mag = 1, phie1mag = 1.41421, phie2mag = 1.41421
Elemid = 8, Nodeid = 21, x = 0.003, y = 4.215, e1mag = 1, e2mag = 1, phie1mag = 1.41421, phie2mag = 1.41421
Elemid = 9, Nodeid = -2, x = 0.01, y = 4.212, e1mag = 0, e2mag = 0, phie1mag = 1, phie2mag = 1
Elemid = 10, Nodeid = -2, x = 0.01, y = 4.218, e1mag = 0, e2mag = 0, phie1mag = 1, phie2mag = 1
Elemid = 11, Nodeid = -2, x = 0.007, y = 4.215, e1mag = 0, e2mag = 0, phie1mag = 1, phie2mag = 1
Elemid = 12, Nodeid = -2, x = 0.013, y = 4.215, e1mag = 0, e2mag = 0, phie1mag = 1, phie2mag = 1
Elemid = 13, Nodeid = -2, x = -0.012, y = 4.22857, e1mag = 0, e2mag = 0, phie1mag = 1, phie2mag = 1
Elemid = 14, Nodeid = -2, x = -0.008, y = 4.24, e1mag = 0, e2mag = 0, phie1mag = 1, phie2mag = 1
Elemid = 15, Nodeid = -2, x = -0.011, y = 4.26857, e1mag = 0, e2mag = 0, phie1mag = 1, phie2mag = 1
Elemid = 16, Nodeid = -2, x = -0.008, y = 4.25714, e1mag = 0, e2mag = 0, phie1mag = 1, phie2mag = 1
Elemid = 17, Nodeid = -2, x = -0.011, y = 4.28571, e1mag = 0, e2mag = 0, phie1mag = 1, phie2mag = 1
Elemid = 18, Nodeid = -2, x = -0.012, y = 4.32571, e1mag = 0, e2mag = 0, phie1mag = 1, phie2mag = 1
Elemid = 19, Nodeid = -2, x = -0.008, y = 4.29714, e1mag = 0, e2mag = 0, phie1mag = 1, phie2mag = 1
Elemid = 20, Nodeid = -2, x = -0.008, y = 4.31429, e1mag = 0, e2mag = 0, phie1mag = 1, phie2mag = 1
Elemid = 21, Nodeid = -2, x = -0.012, y = 4.35429, e1mag = 0, e2mag = 0, phie1mag = 1, phie2mag = 1
Elemid = 22, Nodeid = -2, x = -0.009, y = 4.34286, e1mag = 0, e2mag = 0, phie1mag = 1, phie2mag = 1
Elemid = 23, Nodeid = -2, x = -0.012, y = 4.37143, e1mag = 0, e2mag = 0, phie1mag = 1, phie2mag = 1
Elemid = 24, Nodeid = -1, x = -0.002, y = 4.22857, e1mag = 12.9582, e2mag = 12.9582, phie1mag = 12.9967, phie2mag = 12.9967
Elemid = 25, Nodeid = -1, x = 0.002, y = 4.23714, e1mag = 12.9582, e2mag = 12.9582, phie1mag = 12.9967, phie2mag = 12.9967
Elemid = 26, Nodeid = -1, x = 0.002, y = 4.4, e1mag = 12.9582, e2mag = 12.9582, phie1mag = 12.9967, phie2mag = 12.9967
Elemid = 27, Nodeid = -1, x = -0.002, y = 4.26857, e1mag = 12.9582, e2mag = 12.9582, phie1mag = 12.9967, phie2mag = 12.9967
Elemid = 28, Nodeid = -1, x = 0.002, y = 4.25714, e1mag = 12.9582, e2mag = 12.9582, phie1mag = 12.9967, phie2mag = 12.9967
Elemid = 29, Nodeid = -1, x = -0.002, y = 4.28571, e1mag = 12.9582, e2mag = 12.9582, phie1mag = 12.9967, phie2mag = 12.9967
Elemid = 30, Nodeid = -1, x = -0.001, y = 4.32571, e1mag = 12.9582, e2mag = 12.9582, phie1mag = 12.9967, phie2mag = 12.9967
Elemid = 31, Nodeid = -1, x = 0.002, y = 4.29429, e1mag = 12.9582, e2mag = 12.9582, phie1mag = 12.9967, phie2mag = 12.9967
Elemid = 32, Nodeid = -1, x = 0.002, y = 4.31429, e1mag = 12.9582, e2mag = 12.9582, phie1mag = 12.9967, phie2mag = 12.9967
Elemid = 33, Nodeid = -1, x = -0.002, y = 4.35429, e1mag = 12.9582, e2mag = 12.9582, phie1mag = 12.9967, phie2mag = 12.9967
Elemid = 34, Nodeid = -1, x = 0.002, y = 4.34286, e1mag = 12.9582, e2mag = 12.9582, phie1mag = 12.9967, phie2mag = 12.9967
Elemid = 35, Nodeid = -1, x = -0.002, y = 4.37143, e1mag = 12.9582, e2mag = 12.9582, phie1mag = 12.9967, phie2mag = 12.9967
Elemid = 36, Nodeid = -1, x = 0.002, y = 4.38286, e1mag = 12.9582, e2mag = 12.9582, phie1mag = 12.9967, phie2mag = 12.9967
Elemid = 37, Nodeid = -2, x = 0.008, y = 4.22857, e1mag = 0, e2mag = 0, phie1mag Max phieAnistrength_1  = 168.914, phieAnistrength_2 = 168.914, Min phieAnistrength 1 = 1, phieAnistrength 2 = 1
Elemid = 0, Nodeid = 4, x = 0.003, y = 0.645, e1mag = 1, e2mag = 1, phie1mag = 1.41421, phie2mag = 1.41421
Elemid = 1, Nodeid = 4, x = -2.1399e-15, y = 0.648, e1mag = 1, e2mag = 1, phie1mag = 1.41421, phie2mag = 1.41421
Elemid = 2, Nodeid = -2, x = 0.007, y = 0.645, e1mag = 0, e2mag = 0, phie1mag = 1, phie2mag = 1
Elemid = 3, Nodeid = -2, x = 0.013, y = 0.645, e1mag = 0, e2mag = 0, phie1mag = 1, phie2mag = 1
Elemid = 4, Nodeid = -2, x = 0.01, y = 0.642, e1mag = 0, e2mag = 0, phie1mag = 1, phie2mag = 1
Elemid = 5, Nodeid = -2, x = 0.01, y = 0.648, e1mag = 0, e2mag = 0, phie1mag = 1, phie2mag = 1
Elemid = 6, Nodeid = -2, x = -0.012, y = 0.658571, e1mag = 0, e2mag = 0, phie1mag = 1, phie2mag = 1
Elemid = 7, Nodeid = -2, x = -0.008, y = 0.667143, e1mag = 0, e2mag = 0, phie1mag = 1, phie2mag = 1
Elemid = 8, Nodeid = -2, x = -0.012, y = 0.841429, e1mag = 0, e2mag = 0, phie1mag = 1, phie2mag = 1
Elemid = 9, Nodeid = -2, x = -0.008, y = 0.832857, e1mag = 0, e2mag = 0, phie1mag = 1, phie2mag = 1
Elemid = 10, Nodeid = -2, x = -0.011, y = 0.698571, e1mag = 0, e2mag = 0, phie1mag = 1, phie2mag = 1
Elemid = 11, Nodeid = -2, x = -0.008, y = 0.687143, e1mag = 0, e2mag = 0, phie1mag = 1, phie2mag = 1
Elemid = 12, Nodeid = -2, x = -0.011, y = 0.727143, e1mag = 0, e2mag = 0, phie1mag = 1, phie2mag = 1
Elemid = 13, Nodeid = -2, x = -0.008, y = 0.715714, e1mag = 0, e2mag = 0, phie1mag = 1, phie2mag = 1
Elemid = 14, Nodeid = -2, x = -0.011, y = 0.755714, e1mag = 0, e2mag = 0, phie1mag = 1, phie2mag = 1
Elemid = 15, Nodeid = -2, x = -0.008, y = 0.744286, e1mag = 0, e2mag = 0, phie1mag = 1, phie2mag = 1
Elemid = 16, Nodeid = -2, x = -0.011, y = 0.784286, e1mag = 0, e2mag = 0, phie1mag = 1, phie2mag = 1
Elemid = 17, Nodeid = -2, x = -0.008, y = 0.772857, e1mag = 0, e2mag = 0, phie1mag = 1, phie2mag = 1
Elemid = 18, Nodeid = -2, x = -0.011, y = 0.812857, e1mag = 0, e2mag = 0, phie1mag = 1, phie2mag = 1
Elemid = 19, Nodeid = -2, x = -0.008, y = 0.801429, e1mag = 0, e2mag = 0, phie1mag = 1, phie2mag = 1
Elemid = 20, Nodeid = -1, x = -0.002, y = 0.658571, e1mag = 12.9582, e2mag = 12.9582, phie1mag = 12.9967, phie2mag = 12.9967
Elemid = 21, Nodeid = -1, x = 0.002, y = 0.667143, e1mag = 12.9582, e2mag = 12.9582, phie1mag = 12.9967, phie2mag = 12.9967
Elemid = 22, Nodeid = -1, x = -0.001, y = 0.841429, e1mag = 12.9582, e2mag = 12.9582, phie1mag = 12.9967, phie2mag = 12.9967
Elemid = 23, Nodeid = -1, x = 0.002, y = 0.83, e1mag = 12.9582, e2mag = 12.9582, phie1mag = 12.9967, phie2mag = 12.9967
Elemid = 24, Nodeid = -1, x = -0.002, y = 0.698571, e1mag = 12.9582, e2mag = 12.9582, phie1mag = 12.9967, phie2mag = 12.9967
Elemid = 25, Nodeid = -1, x = 0.002, y = 0.687143, e1mag = 12.9582, e2mag = 12.9582, phie1mag = 12.9967, phie2mag = 12.9967
Elemid = 26, Nodeid = -1, x = -0.002, y = 0.715714, e1mag = 12.9582, e2mag = 12.9582, phie1mag = 12.9967, phie2mag = 12.9967
Elemid = 27, Nodeid = -1, x = -0.001, y = 0.755714, e1mag = 12.9582, e2mag = 12.9582, phie1mag = 12.9967, phie2mag = 12.9967
Elemid = 28, Nodeid = -1, x = 0.002, y = 0.727143, e1mag = 12.9582, e2mag = 12.9582, phie1mag = 12.9967, phie2mag = 12.9967
Elemid = 29, Nodeid = -1, x = 0.002, y = 0.744286, e1mag = 12.9582, e2mag = 12.9582, phie1mag = 12.9967, phie2mag = 12.9967
Elemid = 30, Nodeid = -1, x = -0.001, y = 0.784286, e1mag = 12.9582, e2mag = 12.9582, phie1mag = 12.9967, phie2mag = 12.9967
Elemid = 31, Nodeid = -1, x = 0.002, y = 0.772857, e1mag = 12.9582, e2mag = 12.9582, phie1mag = 12.9967, phie2mag = 12.9967
Elemid = 32, Nodeid = -1, x = -0.001, y = 0.801429, e1mag = 12.9582, e2mag = 12.9582, phie1mag = 12.9967, phie2mag = 12.9967
Elemid = 33, Nodeid = -1, x = 0.002, y = 0.812857, e1mag = 12.9582, e2mag = 12.9582, phie1mag = 12.9967, phie2mag = 12.9967
Elemid = 34, Nodeid = -2, x = 0.008, y = 0.658571, e1mag = 0, e2mag = 0, phie1mag = 1, phie2mag = 1
Elemid = 35, Nodeid = -2, x = 0.012, y = 0.67, e1mag = 0, e2mag = 0, phie1mag = 1, phie2mag = 1
Elemid = 36, Nodeid = -2, x = 0.012,Elemid = 0, Nodeid = -2, x = -0.008, y = 2.73143, e1mag = 0, e2mag = 0, phie1mag = 1, phie2mag = 1
Elemid = 1, Nodeid = -2, x = -0.011, y = 2.72, e1mag = 0, e2mag = 0, phie1mag = 1, phie2mag = 1
Elemid = 2, Nodeid = -2, x = -0.011, y = 2.63429, e1mag = 0, e2mag = 0, phie1mag = 1, phie2mag = 1
Elemid = 3, Nodeid = -2, x = -0.011, y = 2.67429, e1mag = 0, e2mag = 0, phie1mag = 1, phie2mag = 1
Elemid = 4, Nodeid = -2, x = -0.008, y = 2.64571, e1mag = 0, e2mag = 0, phie1mag = 1, phie2mag = 1
Elemid = 5, Nodeid = -2, x = -0.008, y = 2.66286, e1mag = 0, e2mag = 0, phie1mag = 1, phie2mag = 1
Elemid = 6, Nodeid = -2, x = -0.011, y = 2.69143, e1mag = 0, e2mag = 0, phie1mag = 1, phie2mag = 1
Elemid = 7, Nodeid = -2, x = -0.008, y = 2.70286, e1mag = 0, e2mag = 0, phie1mag = 1, phie2mag = 1
Elemid = 8, Nodeid = -1, x = 0.002, y = 2.73143, e1mag = 12.9582, e2mag = 12.9582, phie1mag = 12.9967, phie2mag = 12.9967
Elemid = 9, Nodeid = -1, x = -0.001, y = 2.72, e1mag = 12.9582, e2mag = 12.9582, phie1mag = 12.9967, phie2mag = 12.9967
Elemid = 10, Nodeid = -1, x = -0.002, y = 2.60571, e1mag = 12.9582, e2mag = 12.9582, phie1mag = 12.9967, phie2mag = 12.9967
Elemid = 11, Nodeid = -1, x = -0.001, y = 2.64571, e1mag = 12.9582, e2mag = 12.9582, phie1mag = 12.9967, phie2mag = 12.9967
Elemid = 12, Nodeid = -1, x = 0.002, y = 2.61429, e1mag = 12.9582, e2mag = 12.9582, phie1mag = 12.9967, phie2mag = 12.9967
Elemid = 13, Nodeid = -1, x = 0.002, y = 2.63429, e1mag = 12.9582, e2mag = 12.9582, phie1mag = 12.9967, phie2mag = 12.9967
Elemid = 14, Nodeid = -1, x = -0.001, y = 2.67429, e1mag = 12.9582, e2mag = 12.9582, phie1mag = 12.9967, phie2mag = 12.9967
Elemid = 15, Nodeid = -1, x = 0.002, y = 2.66286, e1mag = 12.9582, e2mag = 12.9582, phie1mag = 12.9967, phie2mag = 12.9967
Elemid = 16, Nodeid = -1, x = -0.001, y = 2.69143, e1mag = 12.9582, e2mag = 12.9582, phie1mag = 12.9967, phie2mag = 12.9967
Elemid = 17, Nodeid = -1, x = 0.002, y = 2.70286, e1mag = 12.9582, e2mag = 12.9582, phie1mag = 12.9967, phie2mag = 12.9967
Elemid = 18, Nodeid = -2, x = 0.012, y = 2.73143, e1mag = 0, e2mag = 0, phie1mag = 1, phie2mag = 1
Elemid = 19, Nodeid = -2, x = 0.008, y = 2.72286, e1mag = 0, e2mag = 0, phie1mag = 1, phie2mag = 1
Elemid = 20, Nodeid = -2, x = 0.009, y = 2.60571, e1mag = 0, e2mag = 0, phie1mag = 1, phie2mag = 1
Elemid = 21, Nodeid = -2, x = 0.009, y = 2.64571, e1mag = 0, e2mag = 0, phie1mag = 1, phie2mag = 1
Elemid = 22, Nodeid = -2, x = 0.012, y = 2.61714, e1mag = 0, e2mag = 0, phie1mag = 1, phie2mag = 1
Elemid = 23, Nodeid = -2, x = 0.012, y = 2.63429, e1mag = 0, e2mag = 0, phie1mag = 1, phie2mag = 1
Elemid = 24, Nodeid = -2, x = 0.009, y = 2.67429, e1mag = 0, e2mag = 0, phie1mag = 1, phie2mag = 1
Elemid = 25, Nodeid = -2, x = 0.012, y = 2.66286, e1mag = 0, e2mag = 0, phie1mag = 1, phie2mag = 1
Elemid = 26, Nodeid = -2, x = 0.009, y = 2.69143, e1mag = 0, e2mag = 0, phie1mag = 1, phie2mag = 1
Elemid = 27, Nodeid = -2, x = 0.012, y = 2.70286, e1mag = 0, e2mag = 0, phie1mag = 1, phie2mag = 1
Elemid = 28, Nodeid = -2, x = -0.01, y = 2.748, e1mag = 0, e2mag = 0, phie1mag = 1, phie2mag = 1
Elemid = 29, Nodeid = -2, x = -0.01, y = 2.742, e1mag = 0, e2mag = 0, phie1mag = 1, phie2mag = 1
Elemid = 30, Nodeid = -2, x = -0.013, y = 2.745, e1mag = 0, e2mag = 0, phie1mag = 1, phie2mag = 1
Elemid = 31, Nodeid = -2, x = -0.007, y = 2.745, e1mag = 0, e2mag = 0, phie1mag = 1, phie2mag = 1
Elemid = 32, Nodeid = 14, x = -2.14185e-15, y = 2.748, e1mag = 1, e2mag = 1, phie1mag = 1.41421, phie2mag = 1.41421
Elemid = 33, Nodeid = 14, x = -2.13985e-15, y = 2.742, e1mag = 1, e2mag = 1, phie1mag = 1.41421, phie2mag = 1.41421
Elemid = 34, Nodeid = 14, x = -0.003, y = 2.745, e1mag = 1, e2mag = 1, phie1mag = 1.41421, phie2mag = 1.41421
Elemid = 35, Nodeid = 14, x = 0.003, y = 2.745, e1mag = 1, e2mag = 1, phie1mag = 1.41421, phie2mag = 1.41421
Elemid = 36, Nodeid = -2, x = 0.01, y = 2.742, e1mag = 0, e2mag = 0, phie1mag = 1, phie2mag = 1
Elemid = 37, Nodeid = -2, x = 0.01, y = 2.748, e1mag = 0, e2mag = 0, phie1mag = 1, phie2mag = 1
Elemid = 38, Nodeid = -2, x = 0.007, y = 2.745, e1magElemid = 0, Nodeid = -2, x = 0.013, y = 0.435, e1mag = 0, e2mag = 0, phie1mag = 1, phie2mag = 1
Elemid = 1, Nodeid = -2, x = 0.01, y = 0.438, e1mag = 0, e2mag = 0, phie1mag = 1, phie2mag = 1
Elemid = 2, Nodeid = -2, x = -0.012, y = 0.448571, e1mag = 0, e2mag = 0, phie1mag = 1, phie2mag = 1
Elemid = 3, Nodeid = -2, x = -0.008, y = 0.457143, e1mag = 0, e2mag = 0, phie1mag = 1, phie2mag = 1
Elemid = 4, Nodeid = -2, x = -0.011, y = 0.631429, e1mag = 0, e2mag = 0, phie1mag = 1, phie2mag = 1
Elemid = 5, Nodeid = -2, x = -0.008, y = 0.62, e1mag = 0, e2mag = 0, phie1mag = 1, phie2mag = 1
Elemid = 6, Nodeid = -2, x = -0.012, y = 0.488571, e1mag = 0, e2mag = 0, phie1mag = 1, phie2mag = 1
Elemid = 7, Nodeid = -2, x = -0.008, y = 0.48, e1mag = 0, e2mag = 0, phie1mag = 1, phie2mag = 1
Elemid = 8, Nodeid = -2, x = -0.012, y = 0.505714, e1mag = 0, e2mag = 0, phie1mag = 1, phie2mag = 1
Elemid = 9, Nodeid = -2, x = -0.011, y = 0.545714, e1mag = 0, e2mag = 0, phie1mag = 1, phie2mag = 1
Elemid = 10, Nodeid = -2, x = -0.008, y = 0.514286, e1mag = 0, e2mag = 0, phie1mag = 1, phie2mag = 1
Elemid = 11, Nodeid = -2, x = -0.008, y = 0.534286, e1mag = 0, e2mag = 0, phie1mag = 1, phie2mag = 1
Elemid = 12, Nodeid = -2, x = -0.011, y = 0.574286, e1mag = 0, e2mag = 0, phie1mag = 1, phie2mag = 1
Elemid = 13, Nodeid = -2, x = -0.008, y = 0.562857, e1mag = 0, e2mag = 0, phie1mag = 1, phie2mag = 1
Elemid = 14, Nodeid = -2, x = -0.011, y = 0.591429, e1mag = 0, e2mag = 0, phie1mag = 1, phie2mag = 1
Elemid = 15, Nodeid = -2, x = -0.008, y = 0.602857, e1mag = 0, e2mag = 0, phie1mag = 1, phie2mag = 1
Elemid = 16, Nodeid = -1, x = -0.002, y = 0.448571, e1mag = 12.9582, e2mag = 12.9582, phie1mag = 12.9967, phie2mag = 12.9967
Elemid = 17, Nodeid = -1, x = 0.002, y = 0.457143, e1mag = 12.9582, e2mag = 12.9582, phie1mag = 12.9967, phie2mag = 12.9967
Elemid = 18, Nodeid = -1, x = 0.002, y = 0.631429, e1mag = 12.9582, e2mag = 12.9582, phie1mag = 12.9967, phie2mag = 12.9967
Elemid = 19, Nodeid = -1, x = -0.001, y = 0.62, e1mag = 12.9582, e2mag = 12.9582, phie1mag = 12.9967, phie2mag = 12.9967
Elemid = 20, Nodeid = -1, x = -0.001, y = 0.488571, e1mag = 12.9582, e2mag = 12.9582, phie1mag = 12.9967, phie2mag = 12.9967
Elemid = 21, Nodeid = -1, x = 0.002, y = 0.477143, e1mag = 12.9582, e2mag = 12.9582, phie1mag = 12.9967, phie2mag = 12.9967
Elemid = 22, Nodeid = -1, x = -0.001, y = 0.505714, e1mag = 12.9582, e2mag = 12.9582, phie1mag = 12.9967, phie2mag = 12.9967
Elemid = 23, Nodeid = -1, x = -0.001, y = 0.545714, e1mag = 12.9582, e2mag = 12.9582, phie1mag = 12.9967, phie2mag = 12.9967
Elemid = 24, Nodeid = -1, x = 0.002, y = 0.517143, e1mag = 12.9582, e2mag = 12.9582, phie1mag = 12.9967, phie2mag = 12.9967
Elemid = 25, Nodeid = -1, x = 0.002, y = 0.534286, e1mag = 12.9582, e2mag = 12.9582, phie1mag = 12.9967, phie2mag = 12.9967
Elemid = 26, Nodeid = -1, x = -0.001, y = 0.574286, e1mag = 12.9582, e2mag = 12.9582, phie1mag = 12.9967, phie2mag = 12.9967
Elemid = 27, Nodeid = -1, x = 0.002, y = 0.562857, e1mag = 12.9582, e2mag = 12.9582, phie1mag = 12.9967, phie2mag = 12.9967
Elemid = 28, Nodeid = -1, x = -0.001, y = 0.602857, e1mag = 12.9582, e2mag = 12.9582, phie1mag = 12.9967, phie2mag = 12.9967
Elemid = 29, Nodeid = -1, x = 0.002, y = 0.591429, e1mag = 12.9582, e2mag = 12.9582, phie1mag = 12.9967, phie2mag = 12.9967
Elemid = 30, Nodeid = -2, x = 0.008, y = 0.448571, e1mag = 0, e2mag = 0, phie1mag = 1, phie2mag = 1
Elemid = 31, Nodeid = -2, x = 0.012, y = 0.46, e1mag = 0, e2mag = 0, phie1mag = 1, phie2mag = 1
Elemid = 32, Nodeid = -2, x = 0.009, y = 0.631429, e1mag = 0, e2mag = 0, phie1mag = 1, phie2mag = 1
Elemid = 33, Nodeid = -2, x = 0.012, y = 0.62, e1mag = 0, e2mag = 0, phie1mag = 1, phie2mag = 1
Elemid = 34, Nodeid = -2, x = 0.009, y = 0.488571, e1mag = 0, e2mag = 0, phie1mag = 1, phie2mag = 1
Elemid = 35, Nodeid = -2, x = 0.012, y = 0.477143, e1mag = 0, e2mag = 0, phie1mag = 1, phie2mag = 1
Elemid = 36, Nodeid = -2, x = 0.009, y = 0.517143, e1mag = 0, e2mag = 0, phie1mag = 1, phie2mag = 1
Elemid = 37, Nodeid = -2, x = 0.012, y = 0.505714, e1mag = 0, e2mag = 0, phElemid = 0, Nodeid = -2, x = -0.008, y = 4.41143, e1mag = 0, e2mag = 0, phie1mag = 1, phie2mag = 1
Elemid = 1, Nodeid = -2, x = -0.012, y = 4.40286, e1mag = 0, e2mag = 0, phie1mag = 1, phie2mag = 1
Elemid = 2, Nodeid = -2, x = -0.008, y = 4.38286, e1mag = 0, e2mag = 0, phie1mag = 1, phie2mag = 1
Elemid = 3, Nodeid = -1, x = -0.001, y = 4.41143, e1mag = 12.9582, e2mag = 12.9582, phie1mag = 12.9967, phie2mag = 12.9967
Elemid = 4, Nodeid = -2, x = -0.01, y = 4.428, e1mag = 0, e2mag = 0, phie1mag = 1, phie2mag = 1
Elemid = 5, Nodeid = -2, x = -0.01, y = 4.422, e1mag = 0, e2mag = 0, phie1mag = 1, phie2mag = 1
Elemid = 6, Nodeid = -2, x = -0.013, y = 4.425, e1mag = 0, e2mag = 0, phie1mag = 1, phie2mag = 1
Elemid = 7, Nodeid = -2, x = -0.007, y = 4.425, e1mag = 0, e2mag = 0, phie1mag = 1, phie2mag = 1
Elemid = 8, Nodeid = 22, x = -2.14185e-15, y = 4.428, e1mag = 1, e2mag = 1, phie1mag = 1.41421, phie2mag = 1.41421
Elemid = 9, Nodeid = 22, x = -2.13985e-15, y = 4.422, e1mag = 1, e2mag = 1, phie1mag = 1.41421, phie2mag = 1.41421
Elemid = 10, Nodeid = 22, x = -0.003, y = 4.425, e1mag = 1, e2mag = 1, phie1mag = 1.41421, phie2mag = 1.41421
Elemid = 11, Nodeid = 22, x = 0.003, y = 4.425, e1mag = 1, e2mag = 1, phie1mag = 1.41421, phie2mag = 1.41421
Elemid = 12, Nodeid = -2, x = -0.008, y = 4.43857, e1mag = 0, e2mag = 0, phie1mag = 1, phie2mag = 1
Elemid = 13, Nodeid = -2, x = -0.011, y = 4.45, e1mag = 0, e2mag = 0, phie1mag = 1, phie2mag = 1
Elemid = 14, Nodeid = -2, x = -0.008, y = 4.62143, e1mag = 0, e2mag = 0, phie1mag = 1, phie2mag = 1
Elemid = 15, Nodeid = -2, x = -0.012, y = 4.61286, e1mag = 0, e2mag = 0, phie1mag = 1, phie2mag = 1
Elemid = 16, Nodeid = -2, x = -0.011, y = 4.47857, e1mag = 0, e2mag = 0, phie1mag = 1, phie2mag = 1
Elemid = 17, Nodeid = -2, x = -0.008, y = 4.46714, e1mag = 0, e2mag = 0, phie1mag = 1, phie2mag = 1
Elemid = 18, Nodeid = -2, x = -0.012, y = 4.50714, e1mag = 0, e2mag = 0, phie1mag = 1, phie2mag = 1
Elemid = 19, Nodeid = -2, x = -0.008, y = 4.49571, e1mag = 0, e2mag = 0, phie1mag = 1, phie2mag = 1
Elemid = 20, Nodeid = -2, x = -0.012, y = 4.52429, e1mag = 0, e2mag = 0, phie1mag = 1, phie2mag = 1
Elemid = 21, Nodeid = -2, x = -0.011, y = 4.56429, e1mag = 0, e2mag = 0, phie1mag = 1, phie2mag = 1
Elemid = 22, Nodeid = -2, x = -0.008, y = 4.53286, e1mag = 0, e2mag = 0, phie1mag = 1, phie2mag = 1
Elemid = 23, Nodeid = -2, x = -0.008, y = 4.55286, e1mag = 0, e2mag = 0, phie1mag = 1, phie2mag = 1
Elemid = 24, Nodeid = -2, x = -0.012, y = 4.59286, e1mag = 0, e2mag = 0, phie1mag = 1, phie2mag = 1
Elemid = 25, Nodeid = -2, x = -0.008, y = 4.58429, e1mag = 0, e2mag = 0, phie1mag = 1, phie2mag = 1
Elemid = 26, Nodeid = -1, x = -0.002, y = 4.43857, e1mag = 12.9582, e2mag = 12.9582, phie1mag = 12.9967, phie2mag = 12.9967
Elemid = 27, Nodeid = -1, x = 0.002, y = 4.45, e1mag = 12.9582, e2mag = 12.9582, phie1mag = 12.9967, phie2mag = 12.9967
Elemid = 28, Nodeid = -1, x = -0.002, y = 4.62143, e1mag = 12.9582, e2mag = 12.9582, phie1mag = 12.9967, phie2mag = 12.9967
Elemid = 29, Nodeid = -1, x = 0.002, y = 4.61286, e1mag = 12.9582, e2mag = 12.9582, phie1mag = 12.9967, phie2mag = 12.9967
Elemid = 30, Nodeid = -1, x = -0.001, y = 4.47857, e1mag = 12.9582, e2mag = 12.9582, phie1mag = 12.9967, phie2mag = 12.9967
Elemid = 31, Nodeid = -1, x = 0.002, y = 4.46714, e1mag = 12.9582, e2mag = 12.9582, phie1mag = 12.9967, phie2mag = 12.9967
Elemid = 32, Nodeid = -1, x = -0.001, y = 4.50714, e1mag = 12.9582, e2mag = 12.9582, phie1mag = 12.9967, phie2mag = 12.9967
Elemid = 33, Nodeid = -1, x = 0.002, y = 4.49571, e1mag = 12.9582, e2mag = 12.9582, phie1mag = 12.9967, phie2mag = 12.9967
Elemid = 34, Nodeid = -1, x = -0.001, y = 4.53571, e1mag = 12.9582, e2mag = 12.9582, phie1mag = 12.9967, phie2mag = 12.9967
Elemid = 35, Nodeid = -1, x = 0.002, y = 4.52429, e1mag = 12.9582, e2mag = 12.9582, phie1mag = 12.9967, phie2mag = 12.9967
Elemid = 36, Nodeid = -1, x = -0.001, y = 4.56429, e1mag = 12.9582, e2mag = 12.9582, phie1mag = 12.9967, phie2mag = 12.9967
Elemid = 37, Nodeid = -1, x = 0.002, y = 4.55286, e1mag = 12.9582, e2mag = 12.9582, phiElemid = 0, Nodeid = -2, x = -0.007, y = -0.005, e1mag = 0, e2mag = 0, phie1mag = 1, phie2mag = 1
Elemid = 1, Nodeid = -2, x = -0.013, y = -0.005, e1mag = 0, e2mag = 0, phie1mag = 1, phie2mag = 1
Elemid = 2, Nodeid = -2, x = -0.01, y = -0.008, e1mag = 0, e2mag = 0, phie1mag = 1, phie2mag = 1
Elemid = 3, Nodeid = -2, x = -0.01, y = -0.002, e1mag = 0, e2mag = 0, phie1mag = 1, phie2mag = 1
Elemid = 4, Nodeid = -1, x = -0.003, y = -0.005, e1mag = 12.9582, e2mag = 12.9582, phie1mag = 12.9967, phie2mag = 12.9967
Elemid = 5, Nodeid = -1, x = 0.003, y = -0.005, e1mag = 12.9582, e2mag = 12.9582, phie1mag = 12.9967, phie2mag = 12.9967
Elemid = 6, Nodeid = -1, x = -2.14254e-15, y = -0.008, e1mag = 12.9582, e2mag = 12.9582, phie1mag = 12.9967, phie2mag = 12.9967
Elemid = 7, Nodeid = -1, x = -2.1399e-15, y = -0.002, e1mag = 12.9582, e2mag = 12.9582, phie1mag = 12.9967, phie2mag = 12.9967
Elemid = 8, Nodeid = -2, x = 0.007, y = -0.005, e1mag = 0, e2mag = 0, phie1mag = 1, phie2mag = 1
Elemid = 9, Nodeid = -2, x = 0.013, y = -0.005, e1mag = 0, e2mag = 0, phie1mag = 1, phie2mag = 1
Elemid = 10, Nodeid = -2, x = 0.01, y = -0.008, e1mag = 0, e2mag = 0, phie1mag = 1, phie2mag = 1
Elemid = 11, Nodeid = -2, x = 0.01, y = -0.002, e1mag = 0, e2mag = 0, phie1mag = 1, phie2mag = 1
Elemid = 12, Nodeid = -2, x = -0.013, y = 0.005, e1mag = 0, e2mag = 0, phie1mag = 1, phie2mag = 1
Elemid = 13, Nodeid = -2, x = -0.007, y = 0.005, e1mag = 0, e2mag = 0, phie1mag = 1, phie2mag = 1
Elemid = 14, Nodeid = -2, x = -0.01, y = 0.002, e1mag = 0, e2mag = 0, phie1mag = 1, phie2mag = 1
Elemid = 15, Nodeid = -2, x = -0.01, y = 0.008, e1mag = 0, e2mag = 0, phie1mag = 1, phie2mag = 1
Elemid = 16, Nodeid = 0, x = -0.003, y = 0.005, e1mag = 1, e2mag = 1, phie1mag = 1.41421, phie2mag = 1.41421
Elemid = 17, Nodeid = 0, x = 0.003, y = 0.005, e1mag = 1, e2mag = 1, phie1mag = 1.41421, phie2mag = 1.41421
Elemid = 18, Nodeid = 0, x = -2.14182e-15, y = 0.002, e1mag = 1, e2mag = 1, phie1mag = 1.41421, phie2mag = 1.41421
Elemid = 19, Nodeid = 0, x = -2.1399e-15, y = 0.008, e1mag = 1, e2mag = 1, phie1mag = 1.41421, phie2mag = 1.41421
Elemid = 20, Nodeid = -2, x = 0.007, y = 0.005, e1mag = 0, e2mag = 0, phie1mag = 1, phie2mag = 1
Elemid = 21, Nodeid = -2, x = 0.013, y = 0.005, e1mag = 0, e2mag = 0, phie1mag = 1, phie2mag = 1
Elemid = 22, Nodeid = -2, x = 0.01, y = 0.008, e1mag = 0, e2mag = 0, phie1mag = 1, phie2mag = 1
Elemid = 23, Nodeid = -2, x = 0.01, y = 0.002, e1mag = 0, e2mag = 0, phie1mag = 1, phie2mag = 1
Elemid = 24, Nodeid = -2, x = -0.01, y = 0.012, e1mag = 0, e2mag = 0, phie1mag = 1, phie2mag = 1
Elemid = 25, Nodeid = -2, x = -0.013, y = 0.015, e1mag = 0, e2mag = 0, phie1mag = 1, phie2mag = 1
Elemid = 26, Nodeid = -2, x = -0.007, y = 0.015, e1mag = 0, e2mag = 0, phie1mag = 1, phie2mag = 1
Elemid = 27, Nodeid = -2, x = -0.01, y = 0.018, e1mag = 0, e2mag = 0, phie1mag = 1, phie2mag = 1
Elemid = 28, Nodeid = 1, x = -2.13985e-15, y = 0.012, e1mag = 1, e2mag = 1, phie1mag = 1.41421, phie2mag = 1.41421
Elemid = 29, Nodeid = 1, x = -2.14185e-15, y = 0.018, e1mag = 1, e2mag = 1, phie1mag = 1.41421, phie2mag = 1.41421
Elemid = 30, Nodeid = 1, x = 0.003, y = 0.015, e1mag = 1, e2mag = 1, phie1mag = 1.41421, phie2mag = 1.41421
Elemid = 31, Nodeid = 1, x = -0.003, y = 0.015, e1mag = 1, e2mag = 1, phie1mag = 1.41421, phie2mag = 1.41421
Elemid = 32, Nodeid = -2, x = 0.013, y = 0.015, e1mag = 0, e2mag = 0, phie1mag = 1, phie2mag = 1
Elemid = 33, Nodeid = -2, x = 0.007, y = 0.015, e1mag = 0, e2mag = 0, phie1mag = 1, phie2mag = 1
Elemid = 34, Nodeid = -2, x = 0.01, y = 0.018, e1mag = 0, e2mag = 0, phie1mag = 1, phie2mag = 1
Elemid = 35, Nodeid = -2, x = 0.01, y = 0.012, e1mag = 0, e2mag = 0, phie1mag = 1, phie2mag = 1
Elemid = 36, Nodeid = -2, x = -0.008, y = 0.0285714, e1mag = 0, e2mag = 0, phie1mag = 1, phie2mag = 1
Elemid = 37, Nodeid = -2, x = -0.011, y = 0.04, e1mag = 0, e2mag = 0, phie1mag = 1, phie2mag = 1
Elemid = 38, Nodeid = -2, x = -0.011, y = 0.0685714, e1mag = 0, e2mag = 0, phie1mag = 1, phie2mag = 1
Elemid = 39, Nodeid = -2, x = -0.008, y = 0.0571429, e1mag = 0, e2mag = 0Elemid = 0, Nodeid = -2, x = -0.008, y = 1.49857, e1mag = 0, e2mag = 0, phie1mag = 1, phie2mag = 1
Elemid = 1, Nodeid = -2, x = -0.011, y = 1.51, e1mag = 0, e2mag = 0, phie1mag = 1, phie2mag = 1
Elemid = 2, Nodeid = -2, x = -0.011, y = 1.68143, e1mag = 0, e2mag = 0, phie1mag = 1, phie2mag = 1
Elemid = 3, Nodeid = -2, x = -0.008, y = 1.67, e1mag = 0, e2mag = 0, phie1mag = 1, phie2mag = 1
Elemid = 4, Nodeid = -2, x = -0.012, y = 1.53, e1mag = 0, e2mag = 0, phie1mag = 1, phie2mag = 1
Elemid = 5, Nodeid = -2, x = -0.012, y = 1.56429, e1mag = 0, e2mag = 0, phie1mag = 1, phie2mag = 1
Elemid = 6, Nodeid = -2, x = -0.008, y = 1.53857, e1mag = 0, e2mag = 0, phie1mag = 1, phie2mag = 1
Elemid = 7, Nodeid = -2, x = -0.008, y = 1.55571, e1mag = 0, e2mag = 0, phie1mag = 1, phie2mag = 1
Elemid = 8, Nodeid = -2, x = -0.011, y = 1.59571, e1mag = 0, e2mag = 0, phie1mag = 1, phie2mag = 1
Elemid = 9, Nodeid = -2, x = -0.008, y = 1.58429, e1mag = 0, e2mag = 0, phie1mag = 1, phie2mag = 1
Elemid = 10, Nodeid = -2, x = -0.011, y = 1.62429, e1mag = 0, e2mag = 0, phie1mag = 1, phie2mag = 1
Elemid = 11, Nodeid = -2, x = -0.008, y = 1.61286, e1mag = 0, e2mag = 0, phie1mag = 1, phie2mag = 1
Elemid = 12, Nodeid = -2, x = -0.011, y = 1.64143, e1mag = 0, e2mag = 0, phie1mag = 1, phie2mag = 1
Elemid = 13, Nodeid = -2, x = -0.008, y = 1.65286, e1mag = 0, e2mag = 0, phie1mag = 1, phie2mag = 1
Elemid = 14, Nodeid = -1, x = -0.001, y = 1.51, e1mag = 12.9582, e2mag = 12.9582, phie1mag = 12.9967, phie2mag = 12.9967
Elemid = 15, Nodeid = -1, x = 0.002, y = 1.68143, e1mag = 12.9582, e2mag = 12.9582, phie1mag = 12.9967, phie2mag = 12.9967
Elemid = 16, Nodeid = -1, x = -0.001, y = 1.67, e1mag = 12.9582, e2mag = 12.9582, phie1mag = 12.9967, phie2mag = 12.9967
Elemid = 17, Nodeid = -1, x = -0.001, y = 1.53857, e1mag = 12.9582, e2mag = 12.9582, phie1mag = 12.9967, phie2mag = 12.9967
Elemid = 18, Nodeid = -1, x = 0.002, y = 1.52714, e1mag = 12.9582, e2mag = 12.9582, phie1mag = 12.9967, phie2mag = 12.9967
Elemid = 19, Nodeid = -1, x = -0.002, y = 1.56714, e1mag = 12.9582, e2mag = 12.9582, phie1mag = 12.9967, phie2mag = 12.9967
Elemid = 20, Nodeid = -1, x = 0.002, y = 1.55857, e1mag = 12.9582, e2mag = 12.9582, phie1mag = 12.9967, phie2mag = 12.9967
Elemid = 21, Nodeid = -1, x = -0.002, y = 1.58429, e1mag = 12.9582, e2mag = 12.9582, phie1mag = 12.9967, phie2mag = 12.9967
Elemid = 22, Nodeid = -1, x = -0.001, y = 1.62429, e1mag = 12.9582, e2mag = 12.9582, phie1mag = 12.9967, phie2mag = 12.9967
Elemid = 23, Nodeid = -1, x = 0.002, y = 1.59286, e1mag = 12.9582, e2mag = 12.9582, phie1mag = 12.9967, phie2mag = 12.9967
Elemid = 24, Nodeid = -1, x = 0.002, y = 1.61286, e1mag = 12.9582, e2mag = 12.9582, phie1mag = 12.9967, phie2mag = 12.9967
Elemid = 25, Nodeid = -1, x = -0.002, y = 1.64429, e1mag = 12.9582, e2mag = 12.9582, phie1mag = 12.9967, phie2mag = 12.9967
Elemid = 26, Nodeid = -1, x = 0.002, y = 1.65286, e1mag = 12.9582, e2mag = 12.9582, phie1mag = 12.9967, phie2mag = 12.9967
Elemid = 27, Nodeid = -2, x = 0.012, y = 1.68143, e1mag = 0, e2mag = 0, phie1mag = 1, phie2mag = 1
Elemid = 28, Nodeid = -2, x = 0.008, y = 1.67286, e1mag = 0, e2mag = 0, phie1mag = 1, phie2mag = 1
Elemid = 29, Nodeid = -2, x = 0.009, y = 1.56714, e1mag = 0, e2mag = 0, phie1mag = 1, phie2mag = 1
Elemid = 30, Nodeid = -2, x = 0.009, y = 1.58429, e1mag = 0, e2mag = 0, phie1mag = 1, phie2mag = 1
Elemid = 31, Nodeid = -2, x = 0.009, y = 1.62429, e1mag = 0, e2mag = 0, phie1mag = 1, phie2mag = 1
Elemid = 32, Nodeid = -2, x = 0.012, y = 1.59571, e1mag = 0, e2mag = 0, phie1mag = 1, phie2mag = 1
Elemid = 33, Nodeid = -2, x = 0.012, y = 1.61286, e1mag = 0, e2mag = 0, phie1mag = 1, phie2mag = 1
Elemid = 34, Nodeid = -2, x = 0.009, y = 1.64143, e1mag = 0, e2mag = 0, phie1mag = 1, phie2mag = 1
Elemid = 35, Nodeid = -2, x = 0.012, y = 1.65286, e1mag = 0, e2mag = 0, phie1mag = 1, phie2mag = 1
Elemid = 36, Nodeid = -2, x = -0.013, y = 1.695, e1mag = 0, e2mag = 0, phie1mag = 1, phie2mag = 1
Elemid = 37, Nodeid = -2, x = -0.007, y = 1.695, e1mag = 0, e2mag = 0, phie1mag = 1, phie2mag = 1
Elemid = 38, Nodeid = -2, xElemid = 0, Nodeid = -2, x = -0.008, y = 1.89143, e1mag = 0, e2mag = 0, phie1mag = 1, phie2mag = 1
Elemid = 1, Nodeid = -2, x = -0.011, y = 1.88, e1mag = 0, e2mag = 0, phie1mag = 1, phie2mag = 1
Elemid = 2, Nodeid = -2, x = -0.011, y = 1.74857, e1mag = 0, e2mag = 0, phie1mag = 1, phie2mag = 1
Elemid = 3, Nodeid = -2, x = -0.008, y = 1.73714, e1mag = 0, e2mag = 0, phie1mag = 1, phie2mag = 1
Elemid = 4, Nodeid = -2, x = -0.011, y = 1.77714, e1mag = 0, e2mag = 0, phie1mag = 1, phie2mag = 1
Elemid = 5, Nodeid = -2, x = -0.008, y = 1.76571, e1mag = 0, e2mag = 0, phie1mag = 1, phie2mag = 1
Elemid = 6, Nodeid = -2, x = -0.012, y = 1.80571, e1mag = 0, e2mag = 0, phie1mag = 1, phie2mag = 1
Elemid = 7, Nodeid = -2, x = -0.008, y = 1.79429, e1mag = 0, e2mag = 0, phie1mag = 1, phie2mag = 1
Elemid = 8, Nodeid = -2, x = -0.012, y = 1.82286, e1mag = 0, e2mag = 0, phie1mag = 1, phie2mag = 1
Elemid = 9, Nodeid = -2, x = -0.011, y = 1.86286, e1mag = 0, e2mag = 0, phie1mag = 1, phie2mag = 1
Elemid = 10, Nodeid = -2, x = -0.008, y = 1.83143, e1mag = 0, e2mag = 0, phie1mag = 1, phie2mag = 1
Elemid = 11, Nodeid = -2, x = -0.008, y = 1.85143, e1mag = 0, e2mag = 0, phie1mag = 1, phie2mag = 1
Elemid = 12, Nodeid = -1, x = 0.002, y = 1.89143, e1mag = 12.9582, e2mag = 12.9582, phie1mag = 12.9967, phie2mag = 12.9967
Elemid = 13, Nodeid = -1, x = -0.001, y = 1.88, e1mag = 12.9582, e2mag = 12.9582, phie1mag = 12.9967, phie2mag = 12.9967
Elemid = 14, Nodeid = -1, x = -0.001, y = 1.74857, e1mag = 12.9582, e2mag = 12.9582, phie1mag = 12.9967, phie2mag = 12.9967
Elemid = 15, Nodeid = -1, x = 0.002, y = 1.73714, e1mag = 12.9582, e2mag = 12.9582, phie1mag = 12.9967, phie2mag = 12.9967
Elemid = 16, Nodeid = -1, x = -0.001, y = 1.77714, e1mag = 12.9582, e2mag = 12.9582, phie1mag = 12.9967, phie2mag = 12.9967
Elemid = 17, Nodeid = -1, x = 0.002, y = 1.76571, e1mag = 12.9582, e2mag = 12.9582, phie1mag = 12.9967, phie2mag = 12.9967
Elemid = 18, Nodeid = -1, x = -0.002, y = 1.80571, e1mag = 12.9582, e2mag = 12.9582, phie1mag = 12.9967, phie2mag = 12.9967
Elemid = 19, Nodeid = -1, x = 0.002, y = 1.79714, e1mag = 12.9582, e2mag = 12.9582, phie1mag = 12.9967, phie2mag = 12.9967
Elemid = 20, Nodeid = -1, x = -0.002, y = 1.82286, e1mag = 12.9582, e2mag = 12.9582, phie1mag = 12.9967, phie2mag = 12.9967
Elemid = 21, Nodeid = -1, x = -0.002, y = 1.85143, e1mag = 12.9582, e2mag = 12.9582, phie1mag = 12.9967, phie2mag = 12.9967
Elemid = 22, Nodeid = -1, x = 0.002, y = 1.83143, e1mag = 12.9582, e2mag = 12.9582, phie1mag = 12.9967, phie2mag = 12.9967
Elemid = 23, Nodeid = -1, x = 0.002, y = 1.86286, e1mag = 12.9582, e2mag = 12.9582, phie1mag = 12.9967, phie2mag = 12.9967
Elemid = 24, Nodeid = -2, x = 0.012, y = 1.89143, e1mag = 0, e2mag = 0, phie1mag = 1, phie2mag = 1
Elemid = 25, Nodeid = -2, x = 0.009, y = 1.88, e1mag = 0, e2mag = 0, phie1mag = 1, phie2mag = 1
Elemid = 26, Nodeid = -2, x = 0.008, y = 1.74857, e1mag = 0, e2mag = 0, phie1mag = 1, phie2mag = 1
Elemid = 27, Nodeid = -2, x = 0.008, y = 1.76571, e1mag = 0, e2mag = 0, phie1mag = 1, phie2mag = 1
Elemid = 28, Nodeid = -2, x = 0.009, y = 1.80571, e1mag = 0, e2mag = 0, phie1mag = 1, phie2mag = 1
Elemid = 29, Nodeid = -2, x = 0.012, y = 1.77429, e1mag = 0, e2mag = 0, phie1mag = 1, phie2mag = 1
Elemid = 30, Nodeid = -2, x = 0.012, y = 1.79429, e1mag = 0, e2mag = 0, phie1mag = 1, phie2mag = 1
Elemid = 31, Nodeid = -2, x = 0.009, y = 1.83429, e1mag = 0, e2mag = 0, phie1mag = 1, phie2mag = 1
Elemid = 32, Nodeid = -2, x = 0.012, y = 1.82286, e1mag = 0, e2mag = 0, phie1mag = 1, phie2mag = 1
Elemid = 33, Nodeid = -2, x = 0.009, y = 1.85143, e1mag = 0, e2mag = 0, phie1mag = 1, phie2mag = 1
Elemid = 34, Nodeid = -2, x = 0.012, y = 1.86286, e1mag = 0, e2mag = 0, phie1mag = 1, phie2mag = 1
Elemid = 35, Nodeid = -2, x = -0.013, y = 1.905, e1mag = 0, e2mag = 0, phie1mag = 1, phie2mag = 1
Elemid = 36, Nodeid = -2, x = -0.007, y = 1.905, e1mag = 0, e2mag = 0, phie1mag = 1, phie2mag = 1
Elemid = 37, Nodeid = -2, x = -0.01, y = 1.908, e1mag = 0, e2mag = 0, phie1mag = 1, phie2mag = 1
Elemid = 38, Nodeid = -2, x = -0.01, y = 1.902, e1k = 0, m_varcoeff = ( 0 , 6.30568 , 0 , 9.20231e-13 , 81.6358 ) 
k = 1, m_varcoeff = ( 6.30568 , 0 , 0 , 2.34429e-12 , 81.6358 ) 
k = 2, m_varcoeff = ( 0 , 0 , 1 , 0 , 1 ) 
 ::::: 2D Varcoeff is Successfully Created ::::: 

Generating m_phievarcoeff ================================= 
k = 0, m_varcoeff = ( 0 , 6.38448 , 0 , 1.48077e-12 , 82.1275 ) 
Elemid = 0, Nodeid = -2, x = -0.008, y = 0.88, e1mag = 0, e2mag = 0, phie1mag = 1, phie2mag = 1
Elemid = 1, Nodeid = -2, x = -0.008, y = 1.05143, e1mag = 0, e2mag = 0, phie1mag = 1, phie2mag = 1
Elemid = 2, Nodeid = -2, x = -0.012, y = 1.04286, e1mag = 0, e2mag = 0, phie1mag = 1, phie2mag = 1
Elemid = 3, Nodeid = -2, x = -0.011, y = 0.908571, e1mag = 0, e2mag = 0, phie1mag = 1, phie2mag = 1
Elemid = 4, Nodeid = -2, x = -0.008, y = 0.897143, e1mag = 0, e2mag = 0, phie1mag = 1, phie2mag = 1
Elemid = 5, Nodeid = -2, x = -0.011, y = 0.937143, e1mag = 0, e2mag = 0, phie1mag = 1, phie2mag = 1
Elemid = 6, Nodeid = -2, x = -0.008, y = 0.925714, e1mag = 0, e2mag = 0, phie1mag = 1, phie2mag = 1
Elemid = 7, Nodeid = -2, x = -0.011, y = 0.954286, e1mag = 0, e2mag = 0, phie1mag = 1, phie2mag = 1
Elemid = 8, Nodeid = -2, x = -0.011, y = 0.994286, e1mag = 0, e2mag = 0, phie1mag = 1, phie2mag = 1
Elemid = 9, Nodeid = -2, x = -0.008, y = 0.965714, e1mag = 0, e2mag = 0, phie1mag = 1, phie2mag = 1
Elemid = 10, Nodeid = -2, x = -0.008, y = 0.982857, e1mag = 0, e2mag = 0, phie1mag = 1, phie2mag = 1
Elemid = 11, Nodeid = -2, x = -0.011, y = 1.01143, e1mag = 0, e2mag = 0, phie1mag = 1, phie2mag = 1
Elemid = 12, Nodeid = -2, x = -0.008, y = 1.02286, e1mag = 0, e2mag = 0, phie1mag = 1, phie2mag = 1
Elemid = 13, Nodeid = -1, x = -0.002, y = 0.868571, e1mag = 12.9582, e2mag = 12.9582, phie1mag = 12.9967, phie2mag = 12.9967
Elemid = 14, Nodeid = -1, x = 0.002, y = 0.877143, e1mag = 12.9582, e2mag = 12.9582, phie1mag = 12.9967, phie2mag = 12.9967
Elemid = 15, Nodeid = -1, x = 0.002, y = 1.05143, e1mag = 12.9582, e2mag = 12.9582, phie1mag = 12.9967, phie2mag = 12.9967
Elemid = 16, Nodeid = -1, x = -0.001, y = 1.04, e1mag = 12.9582, e2mag = 12.9582, phie1mag = 12.9967, phie2mag = 12.9967
Elemid = 17, Nodeid = -1, x = -0.001, y = 0.897143, e1mag = 12.9582, e2mag = 12.9582, phie1mag = 12.9967, phie2mag = 12.9967
Elemid = 18, Nodeid = -1, x = -0.001, y = 0.937143, e1mag = 12.9582, e2mag = 12.9582, phie1mag = 12.9967, phie2mag = 12.9967
Elemid = 19, Nodeid = -1, x = 0.002, y = 0.908571, e1mag = 12.9582, e2mag = 12.9582, phie1mag = 12.9967, phie2mag = 12.9967
Elemid = 20, Nodeid = -1, x = 0.002, y = 0.925714, e1mag = 12.9582, e2mag = 12.9582, phie1mag = 12.9967, phie2mag = 12.9967
Elemid = 21, Nodeid = -1, x = -0.001, y = 0.965714, e1mag = 12.9582, e2mag = 12.9582, phie1mag = 12.9967, phie2mag = 12.9967
Elemid = 22, Nodeid = -1, x = 0.002, y = 0.954286, e1mag = 12.9582, e2mag = 12.9582, phie1mag = 12.9967, phie2mag = 12.9967
Elemid = 23, Nodeid = -1, x = -0.001, y = 0.982857, e1mag = 12.9582, e2mag = 12.9582, phie1mag = 12.9967, phie2mag = 12.9967
Elemid = 24, Nodeid = -1, x = -0.001, y = 1.02286, e1mag = 12.9582, e2mag = 12.9582, phie1mag = 12.9967, phie2mag = 12.9967
Elemid = 25, Nodeid = -1, x = 0.002, y = 0.994286, e1mag = 12.9582, e2mag = 12.9582, phie1mag = 12.9967, phie2mag = 12.9967
Elemid = 26, Nodeid = -1, x = 0.002, y = 1.01143, e1mag = 12.9582, e2mag = 12.9582, phie1mag = 12.9967, phie2mag = 12.9967
Elemid = 27, Nodeid = -2, x = 0.009, y = 0.868571, e1mag = 0, e2mag = 0, phie1mag = 1, phie2mag = 1
Elemid = 28, Nodeid = -2, x = 0.012, y = 0.88, e1mag = 0, e2mag = 0, phie1mag = 1, phie2mag = 1
Elemid = 29, Nodeid = -2, x = 0.012, y = 1.05143, e1mag = 0, e2mag = 0, phie1mag = 1, phie2mag = 1
Elemid = 30, Nodeid = -2, x = 0.008, y = 1.04, e1mag = 0, e2mag = 0, phie1mag = 1, phie2mag = 1
Elemid = 31, Nodeid = -2, x = 0.009, y = 0.908571, e1mag = 0, e2mag = 0, phie1mag = 1, phie2mag = 1
Elemid = 32, Nodeid = -2, x = 0.012, y = 0.897143, e1mag = 0, e2mag = 0, phie1mag = 1, phie2mag = 1
Elemid = 33, Nodeid = -2, x = 0.009, y = 0.937143, e1mag = 0, e2mag = 0, phie1mag = 1, phie2mag = 1
Elemid = 34, Nodeid = -2, x = 0.012, y = 0.925714, e1mag = 0, e2mag = 0, phie1mag = 1, phie2mag = 1
Elemid = 35, Nodeid = -2, x = 0.009, y = 0.954286, e1mag = 0, e2mag = 0, phie1mag = 1, phie2mag = 1
Elemid = 36, Nodeid = -2, x = 0.008, y = 0.994286, e1mag = 0, e2mag = 0, phie1mag = 1, phie2mag = 1
Elemid = 37, Nodeid = -2, x = 0.012, y = 0.965714, e1mag = 0, e2mag = 0, Elemid = 0, Nodeid = -2, x = -0.008, y = 3.78143, e1mag = 0, e2mag = 0, phie1mag = 1, phie2mag = 1
Elemid = 1, Nodeid = -2, x = -0.011, y = 3.77, e1mag = 0, e2mag = 0, phie1mag = 1, phie2mag = 1
Elemid = 2, Nodeid = -1, x = 0.002, y = 3.78143, e1mag = 12.9582, e2mag = 12.9582, phie1mag = 12.9967, phie2mag = 12.9967
Elemid = 3, Nodeid = -1, x = -0.002, y = 3.77286, e1mag = 12.9582, e2mag = 12.9582, phie1mag = 12.9967, phie2mag = 12.9967
Elemid = 4, Nodeid = -2, x = -0.01, y = 3.798, e1mag = 0, e2mag = 0, phie1mag = 1, phie2mag = 1
Elemid = 5, Nodeid = -2, x = -0.01, y = 3.792, e1mag = 0, e2mag = 0, phie1mag = 1, phie2mag = 1
Elemid = 6, Nodeid = -2, x = -0.013, y = 3.795, e1mag = 0, e2mag = 0, phie1mag = 1, phie2mag = 1
Elemid = 7, Nodeid = -2, x = -0.007, y = 3.795, e1mag = 0, e2mag = 0, phie1mag = 1, phie2mag = 1
Elemid = 8, Nodeid = 19, x = -2.13985e-15, y = 3.792, e1mag = 1, e2mag = 1, phie1mag = 1.41421, phie2mag = 1.41421
Elemid = 9, Nodeid = 19, x = -2.14185e-15, y = 3.798, e1mag = 1, e2mag = 1, phie1mag = 1.41421, phie2mag = 1.41421
Elemid = 10, Nodeid = 19, x = -0.003, y = 3.795, e1mag = 1, e2mag = 1, phie1mag = 1.41421, phie2mag = 1.41421
Elemid = 11, Nodeid = 19, x = 0.003, y = 3.795, e1mag = 1, e2mag = 1, phie1mag = 1.41421, phie2mag = 1.41421
Elemid = 12, Nodeid = -2, x = 0.01, y = 3.798, e1mag = 0, e2mag = 0, phie1mag = 1, phie2mag = 1
Elemid = 13, Nodeid = -2, x = 0.01, y = 3.792, e1mag = 0, e2mag = 0, phie1mag = 1, phie2mag = 1
Elemid = 14, Nodeid = -2, x = 0.007, y = 3.795, e1mag = 0, e2mag = 0, phie1mag = 1, phie2mag = 1
Elemid = 15, Nodeid = -2, x = 0.013, y = 3.795, e1mag = 0, e2mag = 0, phie1mag = 1, phie2mag = 1
Elemid = 16, Nodeid = -2, x = -0.012, y = 3.80857, e1mag = 0, e2mag = 0, phie1mag = 1, phie2mag = 1
Elemid = 17, Nodeid = -2, x = -0.008, y = 3.82, e1mag = 0, e2mag = 0, phie1mag = 1, phie2mag = 1
Elemid = 18, Nodeid = -2, x = -0.012, y = 3.84857, e1mag = 0, e2mag = 0, phie1mag = 1, phie2mag = 1
Elemid = 19, Nodeid = -2, x = -0.008, y = 3.83714, e1mag = 0, e2mag = 0, phie1mag = 1, phie2mag = 1
Elemid = 20, Nodeid = -2, x = -0.012, y = 3.86571, e1mag = 0, e2mag = 0, phie1mag = 1, phie2mag = 1
Elemid = 21, Nodeid = -2, x = -0.008, y = 3.87429, e1mag = 0, e2mag = 0, phie1mag = 1, phie2mag = 1
Elemid = 22, Nodeid = -1, x = -0.001, y = 3.80857, e1mag = 12.9582, e2mag = 12.9582, phie1mag = 12.9967, phie2mag = 12.9967
Elemid = 23, Nodeid = -1, x = 0.002, y = 3.82, e1mag = 12.9582, e2mag = 12.9582, phie1mag = 12.9967, phie2mag = 12.9967
Elemid = 24, Nodeid = -1, x = 0.002, y = 3.99143, e1mag = 12.9582, e2mag = 12.9582, phie1mag = 12.9967, phie2mag = 12.9967
Elemid = 25, Nodeid = -1, x = -0.001, y = 3.84857, e1mag = 12.9582, e2mag = 12.9582, phie1mag = 12.9967, phie2mag = 12.9967
Elemid = 26, Nodeid = -1, x = 0.002, y = 3.83714, e1mag = 12.9582, e2mag = 12.9582, phie1mag = 12.9967, phie2mag = 12.9967
Elemid = 27, Nodeid = -1, x = -0.001, y = 3.86571, e1mag = 12.9582, e2mag = 12.9582, phie1mag = 12.9967, phie2mag = 12.9967
Elemid = 28, Nodeid = -1, x = 0.002, y = 3.87714, e1mag = 12.9582, e2mag = 12.9582, phie1mag = 12.9967, phie2mag = 12.9967
Elemid = 29, Nodeid = -1, x = 0.002, y = 3.89429, e1mag = 12.9582, e2mag = 12.9582, phie1mag = 12.9967, phie2mag = 12.9967
Elemid = 30, Nodeid = -1, x = -0.002, y = 3.93429, e1mag = 12.9582, e2mag = 12.9582, phie1mag = 12.9967, phie2mag = 12.9967
Elemid = 31, Nodeid = -1, x = 0.002, y = 3.92286, e1mag = 12.9582, e2mag = 12.9582, phie1mag = 12.9967, phie2mag = 12.9967
Elemid = 32, Nodeid = -1, x = 0.002, y = 3.95429, e1mag = 12.9582, e2mag = 12.9582, phie1mag = 12.9967, phie2mag = 12.9967
Elemid = 33, Nodeid = -2, x = 0.008, y = 3.80857, e1mag = 0, e2mag = 0, phie1mag = 1, phie2mag = 1
Elemid = 34, Nodeid = -2, x = 0.012, y = 3.82, e1mag = 0, e2mag = 0, phie1mag = 1, phie2mag = 1
Elemid = 35, Nodeid = -2, x = 0.012, y = 3.99143, e1mag = 0, e2mag = 0, phie1mag = 1, phie2mag = 1
Elemid = 36, Nodeid = -2, x = 0.008, y = 3.98, e1mag = 0, e2mag = 0, phie1mag = 1, phie2mag = 1
Elemid = 37, Nodeid = -2, x = 0.009, y = 3.84857, e1mag = 0, e2mag = 0, phie1mag = 1, phie2maMax phieAnistrength_1  = 168.914, phieAnistrength_2 = 168.914, Min phieAnistrength 1 = 1, phieAnistrength 2 = 1
Elemid = 0, Nodeid = -2, x = -0.011, y = 1.26143, e1mag = 0, e2mag = 0, phie1mag = 1, phie2mag = 1
Elemid = 1, Nodeid = -2, x = -0.008, y = 1.25, e1mag = 0, e2mag = 0, phie1mag = 1, phie2mag = 1
Elemid = 2, Nodeid = -2, x = -0.012, y = 1.11857, e1mag = 0, e2mag = 0, phie1mag = 1, phie2mag = 1
Elemid = 3, Nodeid = -2, x = -0.012, y = 1.13571, e1mag = 0, e2mag = 0, phie1mag = 1, phie2mag = 1
Elemid = 4, Nodeid = -2, x = -0.011, y = 1.17571, e1mag = 0, e2mag = 0, phie1mag = 1, phie2mag = 1
Elemid = 5, Nodeid = -2, x = -0.008, y = 1.14429, e1mag = 0, e2mag = 0, phie1mag = 1, phie2mag = 1
Elemid = 6, Nodeid = -2, x = -0.008, y = 1.16429, e1mag = 0, e2mag = 0, phie1mag = 1, phie2mag = 1
Elemid = 7, Nodeid = -2, x = -0.011, y = 1.20429, e1mag = 0, e2mag = 0, phie1mag = 1, phie2mag = 1
Elemid = 8, Nodeid = -2, x = -0.008, y = 1.19286, e1mag = 0, e2mag = 0, phie1mag = 1, phie2mag = 1
Elemid = 9, Nodeid = -2, x = -0.011, y = 1.22143, e1mag = 0, e2mag = 0, phie1mag = 1, phie2mag = 1
Elemid = 10, Nodeid = -2, x = -0.008, y = 1.23286, e1mag = 0, e2mag = 0, phie1mag = 1, phie2mag = 1
Elemid = 11, Nodeid = -1, x = 0.002, y = 1.07857, e1mag = 12.9582, e2mag = 12.9582, phie1mag = 12.9967, phie2mag = 12.9967
Elemid = 12, Nodeid = -1, x = -0.001, y = 1.09, e1mag = 12.9582, e2mag = 12.9582, phie1mag = 12.9967, phie2mag = 12.9967
Elemid = 13, Nodeid = -1, x = 0.002, y = 1.26143, e1mag = 12.9582, e2mag = 12.9582, phie1mag = 12.9967, phie2mag = 12.9967
Elemid = 14, Nodeid = -1, x = -0.001, y = 1.25, e1mag = 12.9582, e2mag = 12.9582, phie1mag = 12.9967, phie2mag = 12.9967
Elemid = 15, Nodeid = -1, x = -0.001, y = 1.11857, e1mag = 12.9582, e2mag = 12.9582, phie1mag = 12.9967, phie2mag = 12.9967
Elemid = 16, Nodeid = -1, x = 0.002, y = 1.10714, e1mag = 12.9582, e2mag = 12.9582, phie1mag = 12.9967, phie2mag = 12.9967
Elemid = 17, Nodeid = -1, x = -0.002, y = 1.14714, e1mag = 12.9582, e2mag = 12.9582, phie1mag = 12.9967, phie2mag = 12.9967
Elemid = 18, Nodeid = -1, x = 0.002, y = 1.13857, e1mag = 12.9582, e2mag = 12.9582, phie1mag = 12.9967, phie2mag = 12.9967
Elemid = 19, Nodeid = -1, x = -0.002, y = 1.16429, e1mag = 12.9582, e2mag = 12.9582, phie1mag = 12.9967, phie2mag = 12.9967
Elemid = 20, Nodeid = -1, x = -0.001, y = 1.20429, e1mag = 12.9582, e2mag = 12.9582, phie1mag = 12.9967, phie2mag = 12.9967
Elemid = 21, Nodeid = -1, x = 0.002, y = 1.17286, e1mag = 12.9582, e2mag = 12.9582, phie1mag = 12.9967, phie2mag = 12.9967
Elemid = 22, Nodeid = -1, x = 0.002, y = 1.19286, e1mag = 12.9582, e2mag = 12.9582, phie1mag = 12.9967, phie2mag = 12.9967
Elemid = 23, Nodeid = -1, x = -0.001, y = 1.22143, e1mag = 12.9582, e2mag = 12.9582, phie1mag = 12.9967, phie2mag = 12.9967
Elemid = 24, Nodeid = -1, x = 0.002, y = 1.23286, e1mag = 12.9582, e2mag = 12.9582, phie1mag = 12.9967, phie2mag = 12.9967
Elemid = 25, Nodeid = -2, x = 0.008, y = 1.07857, e1mag = 0, e2mag = 0, phie1mag = 1, phie2mag = 1
Elemid = 26, Nodeid = -2, x = 0.012, y = 1.08714, e1mag = 0, e2mag = 0, phie1mag = 1, phie2mag = 1
Elemid = 27, Nodeid = -2, x = 0.009, y = 1.26143, e1mag = 0, e2mag = 0, phie1mag = 1, phie2mag = 1
Elemid = 28, Nodeid = -2, x = 0.012, y = 1.25, e1mag = 0, e2mag = 0, phie1mag = 1, phie2mag = 1
Elemid = 29, Nodeid = -2, x = 0.008, y = 1.11857, e1mag = 0, e2mag = 0, phie1mag = 1, phie2mag = 1
Elemid = 30, Nodeid = -2, x = 0.012, y = 1.10714, e1mag = 0, e2mag = 0, phie1mag = 1, phie2mag = 1
Elemid = 31, Nodeid = -2, x = 0.008, y = 1.14714, e1mag = 0, e2mag = 0, phie1mag = 1, phie2mag = 1
Elemid = 32, Nodeid = -2, x = 0.011, y = 1.13571, e1mag = 0, e2mag = 0, phie1mag = 1, phie2mag = 1
Elemid = 33, Nodeid = -2, x = 0.008, y = 1.16429, e1mag = 0, e2mag = 0, phie1mag = 1, phie2mag = 1
Elemid = 34, Nodeid = -2, x = 0.008, y = 1.19286, e1mag = 0, e2mag = 0, phie1mag = 1, phie2mag = 1
Elemid = 35, Nodeid = -2, x = 0.011, y = 1.17571, e1mag = 0, e2mag = 0, phie1mag = 1, phie2mag = 1
Elemid = 36, Nodeid = -2, x = 0.009, y = 1.22143, e1mag = 0, e2mag = 0, phie1mag = 1, pMax phieAnistrength_1  = 168.914, phieAnistrength_2 = 168.914, Min phieAnistrength 1 = 1, phieAnistrength 2 = 1
Elemid = 0, Nodeid = -2, x = 0.01, y = 5.478, e1mag = 0, e2mag = 0, phie1mag = 1, phie2mag = 1
Elemid = 1, Nodeid = -2, x = 0.013, y = 5.475, e1mag = 0, e2mag = 0, phie1mag = 1, phie2mag = 1
Elemid = 2, Nodeid = -2, x = -0.012, y = 5.48857, e1mag = 0, e2mag = 0, phie1mag = 1, phie2mag = 1
Elemid = 3, Nodeid = -2, x = -0.008, y = 5.49714, e1mag = 0, e2mag = 0, phie1mag = 1, phie2mag = 1
Elemid = 4, Nodeid = -2, x = -0.008, y = 5.67143, e1mag = 0, e2mag = 0, phie1mag = 1, phie2mag = 1
Elemid = 5, Nodeid = -2, x = -0.012, y = 5.66286, e1mag = 0, e2mag = 0, phie1mag = 1, phie2mag = 1
Elemid = 6, Nodeid = -2, x = -0.011, y = 5.52857, e1mag = 0, e2mag = 0, phie1mag = 1, phie2mag = 1
Elemid = 7, Nodeid = -2, x = -0.008, y = 5.51714, e1mag = 0, e2mag = 0, phie1mag = 1, phie2mag = 1
Elemid = 8, Nodeid = -2, x = -0.011, y = 5.55714, e1mag = 0, e2mag = 0, phie1mag = 1, phie2mag = 1
Elemid = 9, Nodeid = -2, x = -0.008, y = 5.54571, e1mag = 0, e2mag = 0, phie1mag = 1, phie2mag = 1
Elemid = 10, Nodeid = -2, x = -0.011, y = 5.57429, e1mag = 0, e2mag = 0, phie1mag = 1, phie2mag = 1
Elemid = 11, Nodeid = -2, x = -0.011, y = 5.61429, e1mag = 0, e2mag = 0, phie1mag = 1, phie2mag = 1
Elemid = 12, Nodeid = -2, x = -0.008, y = 5.58571, e1mag = 0, e2mag = 0, phie1mag = 1, phie2mag = 1
Elemid = 13, Nodeid = -2, x = -0.008, y = 5.60286, e1mag = 0, e2mag = 0, phie1mag = 1, phie2mag = 1
Elemid = 14, Nodeid = -2, x = -0.011, y = 5.63143, e1mag = 0, e2mag = 0, phie1mag = 1, phie2mag = 1
Elemid = 15, Nodeid = -2, x = -0.008, y = 5.64286, e1mag = 0, e2mag = 0, phie1mag = 1, phie2mag = 1
Elemid = 16, Nodeid = -1, x = -0.002, y = 5.48857, e1mag = 12.9582, e2mag = 12.9582, phie1mag = 12.9967, phie2mag = 12.9967
Elemid = 17, Nodeid = -1, x = 0.002, y = 5.5, e1mag = 12.9582, e2mag = 12.9582, phie1mag = 12.9967, phie2mag = 12.9967
Elemid = 18, Nodeid = -1, x = 0.002, y = 5.67143, e1mag = 12.9582, e2mag = 12.9582, phie1mag = 12.9967, phie2mag = 12.9967
Elemid = 19, Nodeid = -1, x = -0.001, y = 5.66, e1mag = 12.9582, e2mag = 12.9582, phie1mag = 12.9967, phie2mag = 12.9967
Elemid = 20, Nodeid = -1, x = -0.002, y = 5.52571, e1mag = 12.9582, e2mag = 12.9582, phie1mag = 12.9967, phie2mag = 12.9967
Elemid = 21, Nodeid = -1, x = 0.002, y = 5.51714, e1mag = 12.9582, e2mag = 12.9582, phie1mag = 12.9967, phie2mag = 12.9967
Elemid = 22, Nodeid = -1, x = -0.002, y = 5.54571, e1mag = 12.9582, e2mag = 12.9582, phie1mag = 12.9967, phie2mag = 12.9967
Elemid = 23, Nodeid = -1, x = -0.001, y = 5.58571, e1mag = 12.9582, e2mag = 12.9582, phie1mag = 12.9967, phie2mag = 12.9967
Elemid = 24, Nodeid = -1, x = 0.002, y = 5.55714, e1mag = 12.9582, e2mag = 12.9582, phie1mag = 12.9967, phie2mag = 12.9967
Elemid = 25, Nodeid = -1, x = 0.002, y = 5.57429, e1mag = 12.9582, e2mag = 12.9582, phie1mag = 12.9967, phie2mag = 12.9967
Elemid = 26, Nodeid = -1, x = -0.001, y = 5.61429, e1mag = 12.9582, e2mag = 12.9582, phie1mag = 12.9967, phie2mag = 12.9967
Elemid = 27, Nodeid = -1, x = 0.002, y = 5.60286, e1mag = 12.9582, e2mag = 12.9582, phie1mag = 12.9967, phie2mag = 12.9967
Elemid = 28, Nodeid = -1, x = -0.001, y = 5.64286, e1mag = 12.9582, e2mag = 12.9582, phie1mag = 12.9967, phie2mag = 12.9967
Elemid = 29, Nodeid = -1, x = 0.002, y = 5.63143, e1mag = 12.9582, e2mag = 12.9582, phie1mag = 12.9967, phie2mag = 12.9967
Elemid = 30, Nodeid = -2, x = 0.012, y = 5.48857, e1mag = 0, e2mag = 0, phie1mag = 1, phie2mag = 1
Elemid = 31, Nodeid = -2, x = 0.009, y = 5.5, e1mag = 0, e2mag = 0, phie1mag = 1, phie2mag = 1
Elemid = 32, Nodeid = -2, x = 0.012, y = 5.67143, e1mag = 0, e2mag = 0, phie1mag = 1, phie2mag = 1
Elemid = 33, Nodeid = -2, x = 0.009, y = 5.66, e1mag = 0, e2mag = 0, phie1mag = 1, phie2mag = 1
Elemid = 34, Nodeid = -2, x = 0.009, y = 5.51714, e1mag = 0, e2mag = 0, phie1mag = 1, phie2mag = 1
Elemid = 35, Nodeid = -2, x = 0.009, y = 5.55714, e1mag = 0, e2mag = 0, phie1mag = 1, phie2mag = 1
Elemid = 36, Nodeid = -2, x = 0.012, y = 5.52857, e1mag = 0, e2mag = 0, phie1mag = 1, phie2Elemid = 0, Nodeid = -2, x = -0.008, y = 1.47143, e1mag = 0, e2mag = 0, phie1mag = 1, phie2mag = 1
Elemid = 1, Nodeid = -2, x = -0.011, y = 1.46, e1mag = 0, e2mag = 0, phie1mag = 1, phie2mag = 1
Elemid = 2, Nodeid = -2, x = -0.011, y = 1.32857, e1mag = 0, e2mag = 0, phie1mag = 1, phie2mag = 1
Elemid = 3, Nodeid = -2, x = -0.008, y = 1.31714, e1mag = 0, e2mag = 0, phie1mag = 1, phie2mag = 1
Elemid = 4, Nodeid = -2, x = -0.012, y = 1.35429, e1mag = 0, e2mag = 0, phie1mag = 1, phie2mag = 1
Elemid = 5, Nodeid = -2, x = -0.008, y = 1.34571, e1mag = 0, e2mag = 0, phie1mag = 1, phie2mag = 1
Elemid = 6, Nodeid = -2, x = -0.011, y = 1.37429, e1mag = 0, e2mag = 0, phie1mag = 1, phie2mag = 1
Elemid = 7, Nodeid = -2, x = -0.011, y = 1.41429, e1mag = 0, e2mag = 0, phie1mag = 1, phie2mag = 1
Elemid = 8, Nodeid = -2, x = -0.008, y = 1.38571, e1mag = 0, e2mag = 0, phie1mag = 1, phie2mag = 1
Elemid = 9, Nodeid = -2, x = -0.008, y = 1.40286, e1mag = 0, e2mag = 0, phie1mag = 1, phie2mag = 1
Elemid = 10, Nodeid = -2, x = -0.011, y = 1.44286, e1mag = 0, e2mag = 0, phie1mag = 1, phie2mag = 1
Elemid = 11, Nodeid = -2, x = -0.008, y = 1.43143, e1mag = 0, e2mag = 0, phie1mag = 1, phie2mag = 1
Elemid = 12, Nodeid = -1, x = 0.002, y = 1.47143, e1mag = 12.9582, e2mag = 12.9582, phie1mag = 12.9967, phie2mag = 12.9967
Elemid = 13, Nodeid = -1, x = -0.002, y = 1.46286, e1mag = 12.9582, e2mag = 12.9582, phie1mag = 12.9967, phie2mag = 12.9967
Elemid = 14, Nodeid = -1, x = -0.001, y = 1.32857, e1mag = 12.9582, e2mag = 12.9582, phie1mag = 12.9967, phie2mag = 12.9967
Elemid = 15, Nodeid = -1, x = 0.002, y = 1.31714, e1mag = 12.9582, e2mag = 12.9582, phie1mag = 12.9967, phie2mag = 12.9967
Elemid = 16, Nodeid = -1, x = -0.001, y = 1.35714, e1mag = 12.9582, e2mag = 12.9582, phie1mag = 12.9967, phie2mag = 12.9967
Elemid = 17, Nodeid = -1, x = 0.002, y = 1.34571, e1mag = 12.9582, e2mag = 12.9582, phie1mag = 12.9967, phie2mag = 12.9967
Elemid = 18, Nodeid = -1, x = -0.001, y = 1.38571, e1mag = 12.9582, e2mag = 12.9582, phie1mag = 12.9967, phie2mag = 12.9967
Elemid = 19, Nodeid = -1, x = 0.002, y = 1.37429, e1mag = 12.9582, e2mag = 12.9582, phie1mag = 12.9967, phie2mag = 12.9967
Elemid = 20, Nodeid = -1, x = -0.002, y = 1.41429, e1mag = 12.9582, e2mag = 12.9582, phie1mag = 12.9967, phie2mag = 12.9967
Elemid = 21, Nodeid = -1, x = 0.002, y = 1.40286, e1mag = 12.9582, e2mag = 12.9582, phie1mag = 12.9967, phie2mag = 12.9967
Elemid = 22, Nodeid = -1, x = -0.002, y = 1.43143, e1mag = 12.9582, e2mag = 12.9582, phie1mag = 12.9967, phie2mag = 12.9967
Elemid = 23, Nodeid = -1, x = 0.002, y = 1.44286, e1mag = 12.9582, e2mag = 12.9582, phie1mag = 12.9967, phie2mag = 12.9967
Elemid = 24, Nodeid = -2, x = 0.012, y = 1.29714, e1mag = 0, e2mag = 0, phie1mag = 1, phie2mag = 1
Elemid = 25, Nodeid = -2, x = 0.012, y = 1.47143, e1mag = 0, e2mag = 0, phie1mag = 1, phie2mag = 1
Elemid = 26, Nodeid = -2, x = 0.008, y = 1.46, e1mag = 0, e2mag = 0, phie1mag = 1, phie2mag = 1
Elemid = 27, Nodeid = -2, x = 0.009, y = 1.31714, e1mag = 0, e2mag = 0, phie1mag = 1, phie2mag = 1
Elemid = 28, Nodeid = -2, x = 0.009, y = 1.35714, e1mag = 0, e2mag = 0, phie1mag = 1, phie2mag = 1
Elemid = 29, Nodeid = -2, x = 0.012, y = 1.32857, e1mag = 0, e2mag = 0, phie1mag = 1, phie2mag = 1
Elemid = 30, Nodeid = -2, x = 0.012, y = 1.34571, e1mag = 0, e2mag = 0, phie1mag = 1, phie2mag = 1
Elemid = 31, Nodeid = -2, x = 0.009, y = 1.38571, e1mag = 0, e2mag = 0, phie1mag = 1, phie2mag = 1
Elemid = 32, Nodeid = -2, x = 0.012, y = 1.37429, e1mag = 0, e2mag = 0, phie1mag = 1, phie2mag = 1
Elemid = 33, Nodeid = -2, x = 0.008, y = 1.41429, e1mag = 0, e2mag = 0, phie1mag = 1, phie2mag = 1
Elemid = 34, Nodeid = -2, x = 0.012, y = 1.40286, e1mag = 0, e2mag = 0, phie1mag = 1, phie2mag = 1
Elemid = 35, Nodeid = -2, x = 0.008, y = 1.43143, e1mag = 0, e2mag = 0, phie1mag = 1, phie2mag = 1
Elemid = 36, Nodeid = -2, x = 0.011, y = 1.44286, e1mag = 0, e2mag = 0, phie1mag = 1, phie2mag = 1
Elemid = 37, Nodeid = -2, x = -0.013, y = 1.485, e1mag = 0, e2mag = 0, phie1mag = 1, phie2mag = 1
Elemid = 38, Nodeid = -2, x = -0.007, y = 1.Max phieAnistrength_1  = 168.914, phieAnistrength_2 = 168.914, Min phieAnistrength 1 = 1, phieAnistrength 2 = 1
Elemid = 0, Nodeid = -2, x = 0.01, y = 5.688, e1mag = 0, e2mag = 0, phie1mag = 1, phie2mag = 1
Elemid = 1, Nodeid = -2, x = -0.008, y = 5.69857, e1mag = 0, e2mag = 0, phie1mag = 1, phie2mag = 1
Elemid = 2, Nodeid = -2, x = -0.011, y = 5.71, e1mag = 0, e2mag = 0, phie1mag = 1, phie2mag = 1
Elemid = 3, Nodeid = -2, x = -0.008, y = 5.88143, e1mag = 0, e2mag = 0, phie1mag = 1, phie2mag = 1
Elemid = 4, Nodeid = -2, x = -0.011, y = 5.87, e1mag = 0, e2mag = 0, phie1mag = 1, phie2mag = 1
Elemid = 5, Nodeid = -2, x = -0.012, y = 5.73857, e1mag = 0, e2mag = 0, phie1mag = 1, phie2mag = 1
Elemid = 6, Nodeid = -2, x = -0.008, y = 5.73, e1mag = 0, e2mag = 0, phie1mag = 1, phie2mag = 1
Elemid = 7, Nodeid = -2, x = -0.012, y = 5.75571, e1mag = 0, e2mag = 0, phie1mag = 1, phie2mag = 1
Elemid = 8, Nodeid = -2, x = -0.011, y = 5.79571, e1mag = 0, e2mag = 0, phie1mag = 1, phie2mag = 1
Elemid = 9, Nodeid = -2, x = -0.008, y = 5.76429, e1mag = 0, e2mag = 0, phie1mag = 1, phie2mag = 1
Elemid = 10, Nodeid = -2, x = -0.008, y = 5.78429, e1mag = 0, e2mag = 0, phie1mag = 1, phie2mag = 1
Elemid = 11, Nodeid = -2, x = -0.011, y = 5.82429, e1mag = 0, e2mag = 0, phie1mag = 1, phie2mag = 1
Elemid = 12, Nodeid = -2, x = -0.008, y = 5.81286, e1mag = 0, e2mag = 0, phie1mag = 1, phie2mag = 1
Elemid = 13, Nodeid = -2, x = -0.011, y = 5.84143, e1mag = 0, e2mag = 0, phie1mag = 1, phie2mag = 1
Elemid = 14, Nodeid = -2, x = -0.008, y = 5.85286, e1mag = 0, e2mag = 0, phie1mag = 1, phie2mag = 1
Elemid = 15, Nodeid = -1, x = -0.002, y = 5.69857, e1mag = 12.9582, e2mag = 12.9582, phie1mag = 12.9967, phie2mag = 12.9967
Elemid = 16, Nodeid = -1, x = 0.002, y = 5.70714, e1mag = 12.9582, e2mag = 12.9582, phie1mag = 12.9967, phie2mag = 12.9967
Elemid = 17, Nodeid = -1, x = -0.002, y = 5.88143, e1mag = 12.9582, e2mag = 12.9582, phie1mag = 12.9967, phie2mag = 12.9967
Elemid = 18, Nodeid = -1, x = 0.002, y = 5.87, e1mag = 12.9582, e2mag = 12.9582, phie1mag = 12.9967, phie2mag = 12.9967
Elemid = 19, Nodeid = -1, x = -0.001, y = 5.73857, e1mag = 12.9582, e2mag = 12.9582, phie1mag = 12.9967, phie2mag = 12.9967
Elemid = 20, Nodeid = -1, x = 0.002, y = 5.72714, e1mag = 12.9582, e2mag = 12.9582, phie1mag = 12.9967, phie2mag = 12.9967
Elemid = 21, Nodeid = -1, x = -0.001, y = 5.75571, e1mag = 12.9582, e2mag = 12.9582, phie1mag = 12.9967, phie2mag = 12.9967
Elemid = 22, Nodeid = -1, x = -0.001, y = 5.79571, e1mag = 12.9582, e2mag = 12.9582, phie1mag = 12.9967, phie2mag = 12.9967
Elemid = 23, Nodeid = -1, x = 0.002, y = 5.76714, e1mag = 12.9582, e2mag = 12.9582, phie1mag = 12.9967, phie2mag = 12.9967
Elemid = 24, Nodeid = -1, x = 0.002, y = 5.78429, e1mag = 12.9582, e2mag = 12.9582, phie1mag = 12.9967, phie2mag = 12.9967
Elemid = 25, Nodeid = -1, x = -0.001, y = 5.82429, e1mag = 12.9582, e2mag = 12.9582, phie1mag = 12.9967, phie2mag = 12.9967
Elemid = 26, Nodeid = -1, x = 0.002, y = 5.81286, e1mag = 12.9582, e2mag = 12.9582, phie1mag = 12.9967, phie2mag = 12.9967
Elemid = 27, Nodeid = -1, x = -0.001, y = 5.84143, e1mag = 12.9582, e2mag = 12.9582, phie1mag = 12.9967, phie2mag = 12.9967
Elemid = 28, Nodeid = -1, x = 0.002, y = 5.85286, e1mag = 12.9582, e2mag = 12.9582, phie1mag = 12.9967, phie2mag = 12.9967
Elemid = 29, Nodeid = -2, x = 0.012, y = 5.69857, e1mag = 0, e2mag = 0, phie1mag = 1, phie2mag = 1
Elemid = 30, Nodeid = -2, x = 0.009, y = 5.71, e1mag = 0, e2mag = 0, phie1mag = 1, phie2mag = 1
Elemid = 31, Nodeid = -2, x = 0.012, y = 5.88143, e1mag = 0, e2mag = 0, phie1mag = 1, phie2mag = 1
Elemid = 32, Nodeid = -2, x = 0.008, y = 5.87, e1mag = 0, e2mag = 0, phie1mag = 1, phie2mag = 1
Elemid = 33, Nodeid = -2, x = 0.008, y = 5.73857, e1mag = 0, e2mag = 0, phie1mag = 1, phie2mag = 1
Elemid = 34, Nodeid = -2, x = 0.012, y = 5.72714, e1mag = 0, e2mag = 0, phie1mag = 1, phie2mag = 1
Elemid = 35, Nodeid = -2, x = 0.008, y = 5.75571, e1mag = 0, e2mag = 0, phie1mag = 1, phie2mag = 1
Elemid = 36, Nodeid = -2, x = 0.009, y = 5.79571, e1mag = 0, e2mag = 0, phie1mag = 1, phie2maMax phieAnistrength_1  = 168.914, phieAnistrength_2 = 168.914, Min phieAnistrength 1 = 1, phieAnistrength 2 = 1
Elemid = 0, Nodeid = -2, x = -0.008, y = 2.10143, e1mag = 0, e2mag = 0, phie1mag = 1, phie2mag = 1
Elemid = 1, Nodeid = -2, x = -0.012, y = 2.09, e1mag = 0, e2mag = 0, phie1mag = 1, phie2mag = 1
Elemid = 2, Nodeid = -2, x = -0.011, y = 1.95857, e1mag = 0, e2mag = 0, phie1mag = 1, phie2mag = 1
Elemid = 3, Nodeid = -2, x = -0.008, y = 1.94714, e1mag = 0, e2mag = 0, phie1mag = 1, phie2mag = 1
Elemid = 4, Nodeid = -2, x = -0.011, y = 1.97571, e1mag = 0, e2mag = 0, phie1mag = 1, phie2mag = 1
Elemid = 5, Nodeid = -2, x = -0.011, y = 2.01571, e1mag = 0, e2mag = 0, phie1mag = 1, phie2mag = 1
Elemid = 6, Nodeid = -2, x = -0.008, y = 1.98714, e1mag = 0, e2mag = 0, phie1mag = 1, phie2mag = 1
Elemid = 7, Nodeid = -2, x = -0.008, y = 2.00429, e1mag = 0, e2mag = 0, phie1mag = 1, phie2mag = 1
Elemid = 8, Nodeid = -2, x = -0.012, y = 2.04429, e1mag = 0, e2mag = 0, phie1mag = 1, phie2mag = 1
Elemid = 9, Nodeid = -2, x = -0.008, y = 2.03286, e1mag = 0, e2mag = 0, phie1mag = 1, phie2mag = 1
Elemid = 10, Nodeid = -2, x = -0.012, y = 2.07286, e1mag = 0, e2mag = 0, phie1mag = 1, phie2mag = 1
Elemid = 11, Nodeid = -2, x = -0.009, y = 2.06143, e1mag = 0, e2mag = 0, phie1mag = 1, phie2mag = 1
Elemid = 12, Nodeid = -1, x = 0.002, y = 2.09857, e1mag = 12.9582, e2mag = 12.9582, phie1mag = 12.9967, phie2mag = 12.9967
Elemid = 13, Nodeid = -1, x = -0.002, y = 2.09, e1mag = 12.9582, e2mag = 12.9582, phie1mag = 12.9967, phie2mag = 12.9967
Elemid = 14, Nodeid = -1, x = -0.002, y = 1.95857, e1mag = 12.9582, e2mag = 12.9582, phie1mag = 12.9967, phie2mag = 12.9967
Elemid = 15, Nodeid = -1, x = -0.002, y = 1.97571, e1mag = 12.9582, e2mag = 12.9582, phie1mag = 12.9967, phie2mag = 12.9967
Elemid = 16, Nodeid = -1, x = -0.001, y = 2.01571, e1mag = 12.9582, e2mag = 12.9582, phie1mag = 12.9967, phie2mag = 12.9967
Elemid = 17, Nodeid = -1, x = 0.002, y = 1.98429, e1mag = 12.9582, e2mag = 12.9582, phie1mag = 12.9967, phie2mag = 12.9967
Elemid = 18, Nodeid = -1, x = 0.002, y = 2.00429, e1mag = 12.9582, e2mag = 12.9582, phie1mag = 12.9967, phie2mag = 12.9967
Elemid = 19, Nodeid = -1, x = -0.001, y = 2.04429, e1mag = 12.9582, e2mag = 12.9582, phie1mag = 12.9967, phie2mag = 12.9967
Elemid = 20, Nodeid = -1, x = 0.002, y = 2.03286, e1mag = 12.9582, e2mag = 12.9582, phie1mag = 12.9967, phie2mag = 12.9967
Elemid = 21, Nodeid = -1, x = -0.002, y = 2.07286, e1mag = 12.9582, e2mag = 12.9582, phie1mag = 12.9967, phie2mag = 12.9967
Elemid = 22, Nodeid = -1, x = 0.002, y = 2.06429, e1mag = 12.9582, e2mag = 12.9582, phie1mag = 12.9967, phie2mag = 12.9967
Elemid = 23, Nodeid = -2, x = 0.012, y = 2.10143, e1mag = 0, e2mag = 0, phie1mag = 1, phie2mag = 1
Elemid = 24, Nodeid = -2, x = 0.009, y = 2.09, e1mag = 0, e2mag = 0, phie1mag = 1, phie2mag = 1
Elemid = 25, Nodeid = -2, x = 0.009, y = 1.97571, e1mag = 0, e2mag = 0, phie1mag = 1, phie2mag = 1
Elemid = 26, Nodeid = -2, x = 0.009, y = 2.01571, e1mag = 0, e2mag = 0, phie1mag = 1, phie2mag = 1
Elemid = 27, Nodeid = -2, x = 0.012, y = 1.98714, e1mag = 0, e2mag = 0, phie1mag = 1, phie2mag = 1
Elemid = 28, Nodeid = -2, x = 0.012, y = 2.00429, e1mag = 0, e2mag = 0, phie1mag = 1, phie2mag = 1
Elemid = 29, Nodeid = -2, x = 0.009, y = 2.04429, e1mag = 0, e2mag = 0, phie1mag = 1, phie2mag = 1
Elemid = 30, Nodeid = -2, x = 0.012, y = 2.03286, e1mag = 0, e2mag = 0, phie1mag = 1, phie2mag = 1
Elemid = 31, Nodeid = -2, x = 0.009, y = 2.07286, e1mag = 0, e2mag = 0, phie1mag = 1, phie2mag = 1
Elemid = 32, Nodeid = -2, x = 0.012, y = 2.06143, e1mag = 0, e2mag = 0, phie1mag = 1, phie2mag = 1
Elemid = 33, Nodeid = -2, x = -0.01, y = 2.112, e1mag = 0, e2mag = 0, phie1mag = 1, phie2mag = 1
Elemid = 34, Nodeid = -2, x = -0.01, y = 2.118, e1mag = 0, e2mag = 0, phie1mag = 1, phie2mag = 1
Elemid = 35, Nodeid = -2, x = -0.013, y = 2.115, e1mag = 0, e2mag = 0, phie1mag = 1, phie2mag = 1
Elemid = 36, Nodeid = -2, x = -0.007, y = 2.115, e1mag = 0, e2mag = 0, phie1mag = 1, phie2mag = 1
Elemid = 37, Nodeid = 11, x = -2.13985e-15, y = 2.112, e1mag = Elemid = 0, Nodeid = -2, x = -0.011, y = 2.35, e1mag = 0, e2mag = 0, phie1mag = 1, phie2mag = 1
Elemid = 1, Nodeid = -2, x = -0.008, y = 2.52143, e1mag = 0, e2mag = 0, phie1mag = 1, phie2mag = 1
Elemid = 2, Nodeid = -2, x = -0.012, y = 2.51, e1mag = 0, e2mag = 0, phie1mag = 1, phie2mag = 1
Elemid = 3, Nodeid = -2, x = -0.011, y = 2.37857, e1mag = 0, e2mag = 0, phie1mag = 1, phie2mag = 1
Elemid = 4, Nodeid = -2, x = -0.008, y = 2.36714, e1mag = 0, e2mag = 0, phie1mag = 1, phie2mag = 1
Elemid = 5, Nodeid = -2, x = -0.011, y = 2.39571, e1mag = 0, e2mag = 0, phie1mag = 1, phie2mag = 1
Elemid = 6, Nodeid = -2, x = -0.011, y = 2.43571, e1mag = 0, e2mag = 0, phie1mag = 1, phie2mag = 1
Elemid = 7, Nodeid = -2, x = -0.008, y = 2.40714, e1mag = 0, e2mag = 0, phie1mag = 1, phie2mag = 1
Elemid = 8, Nodeid = -2, x = -0.008, y = 2.42429, e1mag = 0, e2mag = 0, phie1mag = 1, phie2mag = 1
Elemid = 9, Nodeid = -2, x = -0.012, y = 2.46429, e1mag = 0, e2mag = 0, phie1mag = 1, phie2mag = 1
Elemid = 10, Nodeid = -2, x = -0.008, y = 2.45286, e1mag = 0, e2mag = 0, phie1mag = 1, phie2mag = 1
Elemid = 11, Nodeid = -2, x = -0.012, y = 2.49286, e1mag = 0, e2mag = 0, phie1mag = 1, phie2mag = 1
Elemid = 12, Nodeid = -2, x = -0.009, y = 2.48143, e1mag = 0, e2mag = 0, phie1mag = 1, phie2mag = 1
Elemid = 13, Nodeid = -1, x = 0.002, y = 2.52143, e1mag = 12.9582, e2mag = 12.9582, phie1mag = 12.9967, phie2mag = 12.9967
Elemid = 14, Nodeid = -1, x = -0.002, y = 2.51286, e1mag = 12.9582, e2mag = 12.9582, phie1mag = 12.9967, phie2mag = 12.9967
Elemid = 15, Nodeid = -1, x = -0.001, y = 2.40714, e1mag = 12.9582, e2mag = 12.9582, phie1mag = 12.9967, phie2mag = 12.9967
Elemid = 16, Nodeid = -1, x = -0.001, y = 2.42429, e1mag = 12.9582, e2mag = 12.9582, phie1mag = 12.9967, phie2mag = 12.9967
Elemid = 17, Nodeid = -1, x = -0.001, y = 2.46429, e1mag = 12.9582, e2mag = 12.9582, phie1mag = 12.9967, phie2mag = 12.9967
Elemid = 18, Nodeid = -1, x = 0.002, y = 2.43571, e1mag = 12.9582, e2mag = 12.9582, phie1mag = 12.9967, phie2mag = 12.9967
Elemid = 19, Nodeid = -1, x = 0.002, y = 2.45286, e1mag = 12.9582, e2mag = 12.9582, phie1mag = 12.9967, phie2mag = 12.9967
Elemid = 20, Nodeid = -1, x = -0.001, y = 2.48143, e1mag = 12.9582, e2mag = 12.9582, phie1mag = 12.9967, phie2mag = 12.9967
Elemid = 21, Nodeid = -1, x = 0.002, y = 2.49286, e1mag = 12.9582, e2mag = 12.9582, phie1mag = 12.9967, phie2mag = 12.9967
Elemid = 22, Nodeid = -2, x = 0.012, y = 2.52143, e1mag = 0, e2mag = 0, phie1mag = 1, phie2mag = 1
Elemid = 23, Nodeid = -2, x = 0.009, y = 2.51, e1mag = 0, e2mag = 0, phie1mag = 1, phie2mag = 1
Elemid = 24, Nodeid = -2, x = 0.009, y = 2.43571, e1mag = 0, e2mag = 0, phie1mag = 1, phie2mag = 1
Elemid = 25, Nodeid = -2, x = 0.012, y = 2.42429, e1mag = 0, e2mag = 0, phie1mag = 1, phie2mag = 1
Elemid = 26, Nodeid = -2, x = 0.009, y = 2.46429, e1mag = 0, e2mag = 0, phie1mag = 1, phie2mag = 1
Elemid = 27, Nodeid = -2, x = 0.012, y = 2.45286, e1mag = 0, e2mag = 0, phie1mag = 1, phie2mag = 1
Elemid = 28, Nodeid = -2, x = 0.009, y = 2.49286, e1mag = 0, e2mag = 0, phie1mag = 1, phie2mag = 1
Elemid = 29, Nodeid = -2, x = 0.012, y = 2.48143, e1mag = 0, e2mag = 0, phie1mag = 1, phie2mag = 1
Elemid = 30, Nodeid = -2, x = -0.01, y = 2.532, e1mag = 0, e2mag = 0, phie1mag = 1, phie2mag = 1
Elemid = 31, Nodeid = -2, x = -0.01, y = 2.538, e1mag = 0, e2mag = 0, phie1mag = 1, phie2mag = 1
Elemid = 32, Nodeid = -2, x = -0.013, y = 2.535, e1mag = 0, e2mag = 0, phie1mag = 1, phie2mag = 1
Elemid = 33, Nodeid = -2, x = -0.007, y = 2.535, e1mag = 0, e2mag = 0, phie1mag = 1, phie2mag = 1
Elemid = 34, Nodeid = 13, x = -2.13985e-15, y = 2.532, e1mag = 1, e2mag = 1, phie1mag = 1.41421, phie2mag = 1.41421
Elemid = 35, Nodeid = 13, x = -2.14185e-15, y = 2.538, e1mag = 1, e2mag = 1, phie1mag = 1.41421, phie2mag = 1.41421
Elemid = 36, Nodeid = 13, x = -0.003, y = 2.535, e1mag = 1, e2mag = 1, phie1mag = 1.41421, phie2mag = 1.41421
Elemid = 37, Nodeid = 13, x = 0.003, y = 2.535, e1mag = 1, e2mag = 1, phie1mag = 1.41421, phie2mag = 1.41421
Elemid = 38, Nodeid = -2, x = 0.01, y = 2.538, e1mag = 0, e2mag = 0, Elemid = 0, Nodeid = -2, x = -0.012, y = 3.15143, e1mag = 0, e2mag = 0, phie1mag = 1, phie2mag = 1
Elemid = 1, Nodeid = -2, x = -0.008, y = 3.14286, e1mag = 0, e2mag = 0, phie1mag = 1, phie2mag = 1
Elemid = 2, Nodeid = -2, x = -0.011, y = 3.03714, e1mag = 0, e2mag = 0, phie1mag = 1, phie2mag = 1
Elemid = 3, Nodeid = -2, x = -0.011, y = 3.06571, e1mag = 0, e2mag = 0, phie1mag = 1, phie2mag = 1
Elemid = 4, Nodeid = -2, x = -0.008, y = 3.05429, e1mag = 0, e2mag = 0, phie1mag = 1, phie2mag = 1
Elemid = 5, Nodeid = -2, x = -0.011, y = 3.09429, e1mag = 0, e2mag = 0, phie1mag = 1, phie2mag = 1
Elemid = 6, Nodeid = -2, x = -0.008, y = 3.08286, e1mag = 0, e2mag = 0, phie1mag = 1, phie2mag = 1
Elemid = 7, Nodeid = -2, x = -0.011, y = 3.12286, e1mag = 0, e2mag = 0, phie1mag = 1, phie2mag = 1
Elemid = 8, Nodeid = -2, x = -0.008, y = 3.11143, e1mag = 0, e2mag = 0, phie1mag = 1, phie2mag = 1
Elemid = 9, Nodeid = -1, x = 0.002, y = 3.15143, e1mag = 12.9582, e2mag = 12.9582, phie1mag = 12.9967, phie2mag = 12.9967
Elemid = 10, Nodeid = -1, x = -0.001, y = 3.14, e1mag = 12.9582, e2mag = 12.9582, phie1mag = 12.9967, phie2mag = 12.9967
Elemid = 11, Nodeid = -1, x = -0.001, y = 3.06571, e1mag = 12.9582, e2mag = 12.9582, phie1mag = 12.9967, phie2mag = 12.9967
Elemid = 12, Nodeid = -1, x = 0.002, y = 3.05429, e1mag = 12.9582, e2mag = 12.9582, phie1mag = 12.9967, phie2mag = 12.9967
Elemid = 13, Nodeid = -1, x = -0.001, y = 3.09429, e1mag = 12.9582, e2mag = 12.9582, phie1mag = 12.9967, phie2mag = 12.9967
Elemid = 14, Nodeid = -1, x = 0.002, y = 3.08286, e1mag = 12.9582, e2mag = 12.9582, phie1mag = 12.9967, phie2mag = 12.9967
Elemid = 15, Nodeid = -1, x = -0.001, y = 3.11143, e1mag = 12.9582, e2mag = 12.9582, phie1mag = 12.9967, phie2mag = 12.9967
Elemid = 16, Nodeid = -1, x = 0.002, y = 3.12286, e1mag = 12.9582, e2mag = 12.9582, phie1mag = 12.9967, phie2mag = 12.9967
Elemid = 17, Nodeid = -2, x = 0.012, y = 3.15143, e1mag = 0, e2mag = 0, phie1mag = 1, phie2mag = 1
Elemid = 18, Nodeid = -2, x = 0.009, y = 3.14, e1mag = 0, e2mag = 0, phie1mag = 1, phie2mag = 1
Elemid = 19, Nodeid = -2, x = 0.008, y = 3.05429, e1mag = 0, e2mag = 0, phie1mag = 1, phie2mag = 1
Elemid = 20, Nodeid = -2, x = 0.009, y = 3.09429, e1mag = 0, e2mag = 0, phie1mag = 1, phie2mag = 1
Elemid = 21, Nodeid = -2, x = 0.012, y = 3.06286, e1mag = 0, e2mag = 0, phie1mag = 1, phie2mag = 1
Elemid = 22, Nodeid = -2, x = 0.012, y = 3.08286, e1mag = 0, e2mag = 0, phie1mag = 1, phie2mag = 1
Elemid = 23, Nodeid = -2, x = 0.009, y = 3.11143, e1mag = 0, e2mag = 0, phie1mag = 1, phie2mag = 1
Elemid = 24, Nodeid = -2, x = 0.012, y = 3.12286, e1mag = 0, e2mag = 0, phie1mag = 1, phie2mag = 1
Elemid = 25, Nodeid = -2, x = -0.01, y = 3.168, e1mag = 0, e2mag = 0, phie1mag = 1, phie2mag = 1
Elemid = 26, Nodeid = -2, x = -0.01, y = 3.162, e1mag = 0, e2mag = 0, phie1mag = 1, phie2mag = 1
Elemid = 27, Nodeid = -2, x = -0.013, y = 3.165, e1mag = 0, e2mag = 0, phie1mag = 1, phie2mag = 1
Elemid = 28, Nodeid = -2, x = -0.007, y = 3.165, e1mag = 0, e2mag = 0, phie1mag = 1, phie2mag = 1
Elemid = 29, Nodeid = 16, x = -2.13985e-15, y = 3.162, e1mag = 1, e2mag = 1, phie1mag = 1.41421, phie2mag = 1.41421
Elemid = 30, Nodeid = 16, x = -2.14185e-15, y = 3.168, e1mag = 1, e2mag = 1, phie1mag = 1.41421, phie2mag = 1.41421
Elemid = 31, Nodeid = 16, x = -0.003, y = 3.165, e1mag = 1, e2mag = 1, phie1mag = 1.41421, phie2mag = 1.41421
Elemid = 32, Nodeid = 16, x = 0.003, y = 3.165, e1mag = 1, e2mag = 1, phie1mag = 1.41421, phie2mag = 1.41421
Elemid = 33, Nodeid = -2, x = 0.01, y = 3.162, e1mag = 0, e2mag = 0, phie1mag = 1, phie2mag = 1
Elemid = 34, Nodeid = -2, x = 0.01, y = 3.168, e1mag = 0, e2mag = 0, phie1mag = 1, phie2mag = 1
Elemid = 35, Nodeid = -2, x = 0.007, y = 3.165, e1mag = 0, e2mag = 0, phie1mag = 1, phie2mag = 1
Elemid = 36, Nodeid = -2, x = 0.013, y = 3.165, e1mag = 0, e2mag = 0, phie1mag = 1, phie2mag = 1
Elemid = 37, Nodeid = -2, x = -0.012, y = 3.17857, e1mag = 0, e2mag = 0, phie1mag = 1, phie2mag = 1
Elemid = 38, Nodeid = -2, x = -0.008, y = 3.18714, e1mag = 0, e2mag = 0, phie1mag = 1, phie2mag = 1
ElemElemid = 0, Nodeid = -2, x = 0.012, y = 5.04143, e1mag = 0, e2mag = 0, phie1mag = 1, phie2mag = 1
Elemid = 1, Nodeid = 25, x = -2.14185e-15, y = 5.058, e1mag = 1, e2mag = 1, phie1mag = 1.41421, phie2mag = 1.41421
Elemid = 2, Nodeid = 25, x = 0.003, y = 5.055, e1mag = 1, e2mag = 1, phie1mag = 1.41421, phie2mag = 1.41421
Elemid = 3, Nodeid = -2, x = 0.01, y = 5.052, e1mag = 0, e2mag = 0, phie1mag = 1, phie2mag = 1
Elemid = 4, Nodeid = -2, x = 0.01, y = 5.058, e1mag = 0, e2mag = 0, phie1mag = 1, phie2mag = 1
Elemid = 5, Nodeid = -2, x = 0.007, y = 5.055, e1mag = 0, e2mag = 0, phie1mag = 1, phie2mag = 1
Elemid = 6, Nodeid = -2, x = 0.013, y = 5.055, e1mag = 0, e2mag = 0, phie1mag = 1, phie2mag = 1
Elemid = 7, Nodeid = -2, x = -0.008, y = 5.08, e1mag = 0, e2mag = 0, phie1mag = 1, phie2mag = 1
Elemid = 8, Nodeid = -2, x = -0.008, y = 5.09714, e1mag = 0, e2mag = 0, phie1mag = 1, phie2mag = 1
Elemid = 9, Nodeid = -1, x = -0.002, y = 5.06857, e1mag = 12.9582, e2mag = 12.9582, phie1mag = 12.9967, phie2mag = 12.9967
Elemid = 10, Nodeid = -2, x = -0.012, y = 5.46143, e1mag = 0, e2mag = 0, phie1mag = 1, phie2mag = 1
Elemid = 11, Nodeid = -2, x = -0.008, y = 5.45286, e1mag = 0, e2mag = 0, phie1mag = 1, phie2mag = 1
Elemid = 12, Nodeid = -2, x = -0.011, y = 5.31857, e1mag = 0, e2mag = 0, phie1mag = 1, phie2mag = 1
Elemid = 13, Nodeid = -2, x = -0.008, y = 5.30714, e1mag = 0, e2mag = 0, phie1mag = 1, phie2mag = 1
Elemid = 14, Nodeid = -2, x = -0.011, y = 5.34714, e1mag = 0, e2mag = 0, phie1mag = 1, phie2mag = 1
Elemid = 15, Nodeid = -2, x = -0.008, y = 5.33571, e1mag = 0, e2mag = 0, phie1mag = 1, phie2mag = 1
Elemid = 16, Nodeid = -2, x = -0.011, y = 5.37571, e1mag = 0, e2mag = 0, phie1mag = 1, phie2mag = 1
Elemid = 17, Nodeid = -2, x = -0.008, y = 5.36429, e1mag = 0, e2mag = 0, phie1mag = 1, phie2mag = 1
Elemid = 18, Nodeid = -2, x = -0.011, y = 5.40429, e1mag = 0, e2mag = 0, phie1mag = 1, phie2mag = 1
Elemid = 19, Nodeid = -2, x = -0.008, y = 5.39286, e1mag = 0, e2mag = 0, phie1mag = 1, phie2mag = 1
Elemid = 20, Nodeid = -2, x = -0.011, y = 5.43286, e1mag = 0, e2mag = 0, phie1mag = 1, phie2mag = 1
Elemid = 21, Nodeid = -2, x = -0.008, y = 5.42143, e1mag = 0, e2mag = 0, phie1mag = 1, phie2mag = 1
Elemid = 22, Nodeid = -1, x = -0.001, y = 5.46143, e1mag = 12.9582, e2mag = 12.9582, phie1mag = 12.9967, phie2mag = 12.9967
Elemid = 23, Nodeid = -1, x = 0.002, y = 5.45, e1mag = 12.9582, e2mag = 12.9582, phie1mag = 12.9967, phie2mag = 12.9967
Elemid = 24, Nodeid = -1, x = -0.002, y = 5.31857, e1mag = 12.9582, e2mag = 12.9582, phie1mag = 12.9967, phie2mag = 12.9967
Elemid = 25, Nodeid = -1, x = 0.002, y = 5.30714, e1mag = 12.9582, e2mag = 12.9582, phie1mag = 12.9967, phie2mag = 12.9967
Elemid = 26, Nodeid = -1, x = -0.002, y = 5.33571, e1mag = 12.9582, e2mag = 12.9582, phie1mag = 12.9967, phie2mag = 12.9967
Elemid = 27, Nodeid = -1, x = -0.001, y = 5.37571, e1mag = 12.9582, e2mag = 12.9582, phie1mag = 12.9967, phie2mag = 12.9967
Elemid = 28, Nodeid = -1, x = 0.002, y = 5.34429, e1mag = 12.9582, e2mag = 12.9582, phie1mag = 12.9967, phie2mag = 12.9967
Elemid = 29, Nodeid = -1, x = 0.002, y = 5.36429, e1mag = 12.9582, e2mag = 12.9582, phie1mag = 12.9967, phie2mag = 12.9967
Elemid = 30, Nodeid = -1, x = -0.001, y = 5.40429, e1mag = 12.9582, e2mag = 12.9582, phie1mag = 12.9967, phie2mag = 12.9967
Elemid = 31, Nodeid = -1, x = 0.002, y = 5.39286, e1mag = 12.9582, e2mag = 12.9582, phie1mag = 12.9967, phie2mag = 12.9967
Elemid = 32, Nodeid = -1, x = -0.001, y = 5.42143, e1mag = 12.9582, e2mag = 12.9582, phie1mag = 12.9967, phie2mag = 12.9967
Elemid = 33, Nodeid = -1, x = 0.002, y = 5.43286, e1mag = 12.9582, e2mag = 12.9582, phie1mag = 12.9967, phie2mag = 12.9967
Elemid = 34, Nodeid = -2, x = 0.009, y = 5.46143, e1mag = 0, e2mag = 0, phie1mag = 1, phie2mag = 1
Elemid = 35, Nodeid = -2, x = 0.012, y = 5.45, e1mag = 0, e2mag = 0, phie1mag = 1, phie2mag = 1
Elemid = 36, Nodeid = -2, x = 0.009, y = 5.30714, e1mag = 0, e2mag = 0, phie1mag = 1, phie2mag = 1
Elemid = 37, Nodeid = -2, x = 0.009, y = 5.33571, e1mag = 0, e2mag = 0, phie1mag = 1, phie2mag = 1
ElElemid = 0, Nodeid = -2, x = -0.008, y = 2.31143, e1mag = 0, e2mag = 0, phie1mag = 1, phie2mag = 1
Elemid = 1, Nodeid = -2, x = -0.012, y = 2.30286, e1mag = 0, e2mag = 0, phie1mag = 1, phie2mag = 1
Elemid = 2, Nodeid = -2, x = -0.011, y = 2.16857, e1mag = 0, e2mag = 0, phie1mag = 1, phie2mag = 1
Elemid = 3, Nodeid = -2, x = -0.012, y = 2.19714, e1mag = 0, e2mag = 0, phie1mag = 1, phie2mag = 1
Elemid = 4, Nodeid = -2, x = -0.008, y = 2.18571, e1mag = 0, e2mag = 0, phie1mag = 1, phie2mag = 1
Elemid = 5, Nodeid = -2, x = -0.012, y = 2.21429, e1mag = 0, e2mag = 0, phie1mag = 1, phie2mag = 1
Elemid = 6, Nodeid = -2, x = -0.012, y = 2.24286, e1mag = 0, e2mag = 0, phie1mag = 1, phie2mag = 1
Elemid = 7, Nodeid = -2, x = -0.009, y = 2.22571, e1mag = 0, e2mag = 0, phie1mag = 1, phie2mag = 1
Elemid = 8, Nodeid = -2, x = -0.011, y = 2.27143, e1mag = 0, e2mag = 0, phie1mag = 1, phie2mag = 1
Elemid = 9, Nodeid = -2, x = -0.008, y = 2.25143, e1mag = 0, e2mag = 0, phie1mag = 1, phie2mag = 1
Elemid = 10, Nodeid = -2, x = -0.008, y = 2.28286, e1mag = 0, e2mag = 0, phie1mag = 1, phie2mag = 1
Elemid = 11, Nodeid = -1, x = -0.002, y = 2.31143, e1mag = 12.9582, e2mag = 12.9582, phie1mag = 12.9967, phie2mag = 12.9967
Elemid = 12, Nodeid = -1, x = 0.002, y = 2.30286, e1mag = 12.9582, e2mag = 12.9582, phie1mag = 12.9967, phie2mag = 12.9967
Elemid = 13, Nodeid = -1, x = -0.001, y = 2.19714, e1mag = 12.9582, e2mag = 12.9582, phie1mag = 12.9967, phie2mag = 12.9967
Elemid = 14, Nodeid = -1, x = 0.002, y = 2.18571, e1mag = 12.9582, e2mag = 12.9582, phie1mag = 12.9967, phie2mag = 12.9967
Elemid = 15, Nodeid = -1, x = -0.001, y = 2.22571, e1mag = 12.9582, e2mag = 12.9582, phie1mag = 12.9967, phie2mag = 12.9967
Elemid = 16, Nodeid = -1, x = 0.002, y = 2.21429, e1mag = 12.9582, e2mag = 12.9582, phie1mag = 12.9967, phie2mag = 12.9967
Elemid = 17, Nodeid = -1, x = -0.001, y = 2.25429, e1mag = 12.9582, e2mag = 12.9582, phie1mag = 12.9967, phie2mag = 12.9967
Elemid = 18, Nodeid = -1, x = 0.002, y = 2.24286, e1mag = 12.9582, e2mag = 12.9582, phie1mag = 12.9967, phie2mag = 12.9967
Elemid = 19, Nodeid = -1, x = -0.001, y = 2.28286, e1mag = 12.9582, e2mag = 12.9582, phie1mag = 12.9967, phie2mag = 12.9967
Elemid = 20, Nodeid = -1, x = 0.002, y = 2.27143, e1mag = 12.9582, e2mag = 12.9582, phie1mag = 12.9967, phie2mag = 12.9967
Elemid = 21, Nodeid = -2, x = 0.012, y = 2.31143, e1mag = 0, e2mag = 0, phie1mag = 1, phie2mag = 1
Elemid = 22, Nodeid = -2, x = 0.009, y = 2.3, e1mag = 0, e2mag = 0, phie1mag = 1, phie2mag = 1
Elemid = 23, Nodeid = -2, x = 0.008, y = 2.18571, e1mag = 0, e2mag = 0, phie1mag = 1, phie2mag = 1
Elemid = 24, Nodeid = -2, x = 0.009, y = 2.22571, e1mag = 0, e2mag = 0, phie1mag = 1, phie2mag = 1
Elemid = 25, Nodeid = -2, x = 0.012, y = 2.19429, e1mag = 0, e2mag = 0, phie1mag = 1, phie2mag = 1
Elemid = 26, Nodeid = -2, x = 0.012, y = 2.21429, e1mag = 0, e2mag = 0, phie1mag = 1, phie2mag = 1
Elemid = 27, Nodeid = -2, x = 0.009, y = 2.25429, e1mag = 0, e2mag = 0, phie1mag = 1, phie2mag = 1
Elemid = 28, Nodeid = -2, x = 0.012, y = 2.24286, e1mag = 0, e2mag = 0, phie1mag = 1, phie2mag = 1
Elemid = 29, Nodeid = -2, x = 0.009, y = 2.27143, e1mag = 0, e2mag = 0, phie1mag = 1, phie2mag = 1
Elemid = 30, Nodeid = -2, x = 0.012, y = 2.28286, e1mag = 0, e2mag = 0, phie1mag = 1, phie2mag = 1
Elemid = 31, Nodeid = -2, x = -0.01, y = 2.322, e1mag = 0, e2mag = 0, phie1mag = 1, phie2mag = 1
Elemid = 32, Nodeid = -2, x = -0.01, y = 2.328, e1mag = 0, e2mag = 0, phie1mag = 1, phie2mag = 1
Elemid = 33, Nodeid = -2, x = -0.013, y = 2.325, e1mag = 0, e2mag = 0, phie1mag = 1, phie2mag = 1
Elemid = 34, Nodeid = -2, x = -0.007, y = 2.325, e1mag = 0, e2mag = 0, phie1mag = 1, phie2mag = 1
Elemid = 35, Nodeid = 12, x = -2.14185e-15, y = 2.328, e1mag = 1, e2mag = 1, phie1mag = 1.41421, phie2mag = 1.41421
Elemid = 36, Nodeid = 12, x = -2.13985e-15, y = 2.322, e1mag = 1, e2mag = 1, phie1mag = 1.41421, phie2mag = 1.41421
Elemid = 37, Nodeid = 12, x = -0.003, y = 2.325, e1mag = 1, e2mag = 1, phie1mag = 1.41421, phie2mag = 1.41421
Elemid = 38, Nodeid = 12, x = 0.003, y = 2.325, e1maElemid = 0, Nodeid = -2, x = -0.008, y = 3.36143, e1mag = 0, e2mag = 0, phie1mag = 1, phie2mag = 1
Elemid = 1, Nodeid = -2, x = -0.012, y = 3.35286, e1mag = 0, e2mag = 0, phie1mag = 1, phie2mag = 1
Elemid = 2, Nodeid = -1, x = 0.002, y = 3.36143, e1mag = 12.9582, e2mag = 12.9582, phie1mag = 12.9967, phie2mag = 12.9967
Elemid = 3, Nodeid = -1, x = -0.001, y = 3.35, e1mag = 12.9582, e2mag = 12.9582, phie1mag = 12.9967, phie2mag = 12.9967
Elemid = 4, Nodeid = -2, x = 0.012, y = 3.36143, e1mag = 0, e2mag = 0, phie1mag = 1, phie2mag = 1
Elemid = 5, Nodeid = -2, x = 0.009, y = 3.35, e1mag = 0, e2mag = 0, phie1mag = 1, phie2mag = 1
Elemid = 6, Nodeid = -2, x = 0.012, y = 3.33286, e1mag = 0, e2mag = 0, phie1mag = 1, phie2mag = 1
Elemid = 7, Nodeid = -2, x = -0.01, y = 3.372, e1mag = 0, e2mag = 0, phie1mag = 1, phie2mag = 1
Elemid = 8, Nodeid = -2, x = -0.01, y = 3.378, e1mag = 0, e2mag = 0, phie1mag = 1, phie2mag = 1
Elemid = 9, Nodeid = -2, x = -0.013, y = 3.375, e1mag = 0, e2mag = 0, phie1mag = 1, phie2mag = 1
Elemid = 10, Nodeid = -2, x = -0.007, y = 3.375, e1mag = 0, e2mag = 0, phie1mag = 1, phie2mag = 1
Elemid = 11, Nodeid = 17, x = -2.13985e-15, y = 3.372, e1mag = 1, e2mag = 1, phie1mag = 1.41421, phie2mag = 1.41421
Elemid = 12, Nodeid = 17, x = -2.14185e-15, y = 3.378, e1mag = 1, e2mag = 1, phie1mag = 1.41421, phie2mag = 1.41421
Elemid = 13, Nodeid = 17, x = -0.003, y = 3.375, e1mag = 1, e2mag = 1, phie1mag = 1.41421, phie2mag = 1.41421
Elemid = 14, Nodeid = 17, x = 0.003, y = 3.375, e1mag = 1, e2mag = 1, phie1mag = 1.41421, phie2mag = 1.41421
Elemid = 15, Nodeid = -2, x = 0.01, y = 3.372, e1mag = 0, e2mag = 0, phie1mag = 1, phie2mag = 1
Elemid = 16, Nodeid = -2, x = 0.01, y = 3.378, e1mag = 0, e2mag = 0, phie1mag = 1, phie2mag = 1
Elemid = 17, Nodeid = -2, x = 0.007, y = 3.375, e1mag = 0, e2mag = 0, phie1mag = 1, phie2mag = 1
Elemid = 18, Nodeid = -2, x = 0.013, y = 3.375, e1mag = 0, e2mag = 0, phie1mag = 1, phie2mag = 1
Elemid = 19, Nodeid = -2, x = -0.012, y = 3.38857, e1mag = 0, e2mag = 0, phie1mag = 1, phie2mag = 1
Elemid = 20, Nodeid = -2, x = -0.008, y = 3.4, e1mag = 0, e2mag = 0, phie1mag = 1, phie2mag = 1
Elemid = 21, Nodeid = -2, x = -0.012, y = 3.42857, e1mag = 0, e2mag = 0, phie1mag = 1, phie2mag = 1
Elemid = 22, Nodeid = -2, x = -0.008, y = 3.41714, e1mag = 0, e2mag = 0, phie1mag = 1, phie2mag = 1
Elemid = 23, Nodeid = -2, x = -0.012, y = 3.44571, e1mag = 0, e2mag = 0, phie1mag = 1, phie2mag = 1
Elemid = 24, Nodeid = -2, x = -0.011, y = 3.48571, e1mag = 0, e2mag = 0, phie1mag = 1, phie2mag = 1
Elemid = 25, Nodeid = -2, x = -0.008, y = 3.45429, e1mag = 0, e2mag = 0, phie1mag = 1, phie2mag = 1
Elemid = 26, Nodeid = -2, x = -0.008, y = 3.47429, e1mag = 0, e2mag = 0, phie1mag = 1, phie2mag = 1
Elemid = 27, Nodeid = -2, x = -0.011, y = 3.51429, e1mag = 0, e2mag = 0, phie1mag = 1, phie2mag = 1
Elemid = 28, Nodeid = -2, x = -0.008, y = 3.50286, e1mag = 0, e2mag = 0, phie1mag = 1, phie2mag = 1
Elemid = 29, Nodeid = -2, x = -0.011, y = 3.53143, e1mag = 0, e2mag = 0, phie1mag = 1, phie2mag = 1
Elemid = 30, Nodeid = -2, x = -0.008, y = 3.54286, e1mag = 0, e2mag = 0, phie1mag = 1, phie2mag = 1
Elemid = 31, Nodeid = -1, x = -0.002, y = 3.38857, e1mag = 12.9582, e2mag = 12.9582, phie1mag = 12.9967, phie2mag = 12.9967
Elemid = 32, Nodeid = -1, x = 0.002, y = 3.4, e1mag = 12.9582, e2mag = 12.9582, phie1mag = 12.9967, phie2mag = 12.9967
Elemid = 33, Nodeid = -1, x = -0.001, y = 3.42857, e1mag = 12.9582, e2mag = 12.9582, phie1mag = 12.9967, phie2mag = 12.9967
Elemid = 34, Nodeid = -1, x = 0.002, y = 3.41714, e1mag = 12.9582, e2mag = 12.9582, phie1mag = 12.9967, phie2mag = 12.9967
Elemid = 35, Nodeid = -1, x = -0.001, y = 3.44571, e1mag = 12.9582, e2mag = 12.9582, phie1mag = 12.9967, phie2mag = 12.9967
Elemid = 36, Nodeid = -1, x = -0.001, y = 3.48571, e1mag = 12.9582, e2mag = 12.9582, phie1mag = 12.9967, phie2mag = 12.9967
Elemid = 37, Nodeid = -1, x = 0.002, y = 3.45714, e1mag = 12.9582, e2mag = 12.9582, phie1mag = 12.9967, phie2mag = 12.9967
Elemid = 38, Nodeid = -1, x = 0.002, y = 3.47429, e1mag = 12.9582, e2mag = 12.9582,k = 0, m_varcoeff = ( 0 , 6.4846 , 0 , 9.47513e-13 , 83.9576 ) 
k = 1, m_varcoeff = ( 6.4846 , 0 , 0 , 2.49264e-12 , 83.9576 ) 
k = 2, m_varcoeff = ( 0 , 0 , 1 , 0 , 1 ) 
 ::::: 2D Varcoeff is Successfully Created ::::: 

Generating m_phievarcoeff ================================= 
k = 0, m_varcoeff = ( 0 , 6.56125 , 0 , 1.52244e-12 , 84.4629 ) 
k = 1, m_varcoeff = ( 6.56125 , 0 , 0 , 3.82853e-12 , 84.4629 ) 
k = 2, m_varcoeff = ( 0 , 0 , 1 , 0 , 1 ) 
 ::::: 2D Varcoeff is Successfully Created ::::: 


k = 2, m_varcoeff = ( 0 , 0 , 1 , 0 , 1 ) 
 ::::: 2D Varcoeff is Successfully Created ::::: 

Generating m_phievarcoeff ================================= 
k = 0, m_varcoeff = ( 0 , 7.2093 , 0 , 1.56394e-12 , 93.0711 ) 
k = 1, m_varcoeff = ( 7.2093 , 0 , 0 , 4.16908e-12 , 93.0711 ) 
k = 2, m_varcoeff = ( 0 , 0 , 1 , 0 , 1 ) 
 ::::: 2D Varcoeff is Successfully Created ::::: 


Elemid = 0, Nodeid = -2, x = -0.011, y = 5.25143, e1mag = 0, e2mag = 0, phie1mag = 1, phie2mag = 1
Elemid = 1, Nodeid = -2, x = -0.008, y = 5.24, e1mag = 0, e2mag = 0, phie1mag = 1, phie2mag = 1
Elemid = 2, Nodeid = -2, x = -0.012, y = 5.10857, e1mag = 0, e2mag = 0, phie1mag = 1, phie2mag = 1
Elemid = 3, Nodeid = -2, x = -0.012, y = 5.12571, e1mag = 0, e2mag = 0, phie1mag = 1, phie2mag = 1
Elemid = 4, Nodeid = -2, x = -0.011, y = 5.16571, e1mag = 0, e2mag = 0, phie1mag = 1, phie2mag = 1
Elemid = 5, Nodeid = -2, x = -0.008, y = 5.13429, e1mag = 0, e2mag = 0, phie1mag = 1, phie2mag = 1
Elemid = 6, Nodeid = -2, x = -0.008, y = 5.15429, e1mag = 0, e2mag = 0, phie1mag = 1, phie2mag = 1
Elemid = 7, Nodeid = -2, x = -0.011, y = 5.19429, e1mag = 0, e2mag = 0, phie1mag = 1, phie2mag = 1
Elemid = 8, Nodeid = -2, x = -0.008, y = 5.18286, e1mag = 0, e2mag = 0, phie1mag = 1, phie2mag = 1
Elemid = 9, Nodeid = -2, x = -0.011, y = 5.21143, e1mag = 0, e2mag = 0, phie1mag = 1, phie2mag = 1
Elemid = 10, Nodeid = -2, x = -0.008, y = 5.22286, e1mag = 0, e2mag = 0, phie1mag = 1, phie2mag = 1
Elemid = 11, Nodeid = -1, x = 0.002, y = 5.07714, e1mag = 12.9582, e2mag = 12.9582, phie1mag = 12.9967, phie2mag = 12.9967
Elemid = 12, Nodeid = -1, x = 0.002, y = 5.25143, e1mag = 12.9582, e2mag = 12.9582, phie1mag = 12.9967, phie2mag = 12.9967
Elemid = 13, Nodeid = -1, x = -0.001, y = 5.24, e1mag = 12.9582, e2mag = 12.9582, phie1mag = 12.9967, phie2mag = 12.9967
Elemid = 14, Nodeid = -1, x = -0.001, y = 5.09714, e1mag = 12.9582, e2mag = 12.9582, phie1mag = 12.9967, phie2mag = 12.9967
Elemid = 15, Nodeid = -1, x = -0.001, y = 5.12571, e1mag = 12.9582, e2mag = 12.9582, phie1mag = 12.9967, phie2mag = 12.9967
Elemid = 16, Nodeid = -1, x = 0.002, y = 5.10857, e1mag = 12.9582, e2mag = 12.9582, phie1mag = 12.9967, phie2mag = 12.9967
Elemid = 17, Nodeid = -1, x = -0.001, y = 5.16571, e1mag = 12.9582, e2mag = 12.9582, phie1mag = 12.9967, phie2mag = 12.9967
Elemid = 18, Nodeid = -1, x = 0.002, y = 5.13714, e1mag = 12.9582, e2mag = 12.9582, phie1mag = 12.9967, phie2mag = 12.9967
Elemid = 19, Nodeid = -1, x = 0.002, y = 5.15429, e1mag = 12.9582, e2mag = 12.9582, phie1mag = 12.9967, phie2mag = 12.9967
Elemid = 20, Nodeid = -1, x = -0.001, y = 5.19429, e1mag = 12.9582, e2mag = 12.9582, phie1mag = 12.9967, phie2mag = 12.9967
Elemid = 21, Nodeid = -1, x = 0.002, y = 5.18286, e1mag = 12.9582, e2mag = 12.9582, phie1mag = 12.9967, phie2mag = 12.9967
Elemid = 22, Nodeid = -1, x = -0.001, y = 5.22286, e1mag = 12.9582, e2mag = 12.9582, phie1mag = 12.9967, phie2mag = 12.9967
Elemid = 23, Nodeid = -1, x = 0.002, y = 5.21143, e1mag = 12.9582, e2mag = 12.9582, phie1mag = 12.9967, phie2mag = 12.9967
Elemid = 24, Nodeid = -2, x = 0.008, y = 5.06857, e1mag = 0, e2mag = 0, phie1mag = 1, phie2mag = 1
Elemid = 25, Nodeid = -2, x = 0.012, y = 5.07714, e1mag = 0, e2mag = 0, phie1mag = 1, phie2mag = 1
Elemid = 26, Nodeid = -2, x = 0.012, y = 5.25143, e1mag = 0, e2mag = 0, phie1mag = 1, phie2mag = 1
Elemid = 27, Nodeid = -2, x = 0.008, y = 5.24286, e1mag = 0, e2mag = 0, phie1mag = 1, phie2mag = 1
Elemid = 28, Nodeid = -2, x = 0.009, y = 5.10857, e1mag = 0, e2mag = 0, phie1mag = 1, phie2mag = 1
Elemid = 29, Nodeid = -2, x = 0.012, y = 5.09714, e1mag = 0, e2mag = 0, phie1mag = 1, phie2mag = 1
Elemid = 30, Nodeid = -2, x = 0.009, y = 5.13714, e1mag = 0, e2mag = 0, phie1mag = 1, phie2mag = 1
Elemid = 31, Nodeid = -2, x = 0.012, y = 5.12571, e1mag = 0, e2mag = 0, phie1mag = 1, phie2mag = 1
Elemid = 32, Nodeid = -2, x = 0.009, y = 5.15429, e1mag = 0, e2mag = 0, phie1mag = 1, phie2mag = 1
Elemid = 33, Nodeid = -2, x = 0.009, y = 5.19429, e1mag = 0, e2mag = 0, phie1mag = 1, phie2mag = 1
Elemid = 34, Nodeid = -2, x = 0.012, y = 5.16571, e1mag = 0, e2mag = 0, phie1mag = 1, phie2mag = 1
Elemid = 35, Nodeid = -2, x = 0.012, y = 5.18286, e1mag = 0, e2mag = 0, phie1mag = 1, phie2mag = 1
Elemid = 36, Nodeid = -2, x = 0.009, y = 5.21143, e1mag = 0, e2mag = 0, phie1mag = 1, phie2mag = 1
Elemid = 37, Nodeid = -2, x = 0.012, y = 5.22286, e1mag = 0, e2mag = 0, phie1mag = 1, phie2mag = 1
Elemid = 38, Nodeid Elemid = 0, Nodeid = -2, x = -0.01, y = 4.848, e1mag = 0, e2mag = 0, phie1mag = 1, phie2mag = 1
Elemid = 1, Nodeid = -2, x = -0.01, y = 4.842, e1mag = 0, e2mag = 0, phie1mag = 1, phie2mag = 1
Elemid = 2, Nodeid = -2, x = -0.013, y = 4.845, e1mag = 0, e2mag = 0, phie1mag = 1, phie2mag = 1
Elemid = 3, Nodeid = -2, x = -0.007, y = 4.845, e1mag = 0, e2mag = 0, phie1mag = 1, phie2mag = 1
Elemid = 4, Nodeid = 24, x = -2.14185e-15, y = 4.848, e1mag = 1, e2mag = 1, phie1mag = 1.41421, phie2mag = 1.41421
Elemid = 5, Nodeid = 24, x = -2.13985e-15, y = 4.842, e1mag = 1, e2mag = 1, phie1mag = 1.41421, phie2mag = 1.41421
Elemid = 6, Nodeid = 24, x = -0.003, y = 4.845, e1mag = 1, e2mag = 1, phie1mag = 1.41421, phie2mag = 1.41421
Elemid = 7, Nodeid = 24, x = 0.003, y = 4.845, e1mag = 1, e2mag = 1, phie1mag = 1.41421, phie2mag = 1.41421
Elemid = 8, Nodeid = -2, x = -0.012, y = 4.85857, e1mag = 0, e2mag = 0, phie1mag = 1, phie2mag = 1
Elemid = 9, Nodeid = -2, x = -0.008, y = 4.86714, e1mag = 0, e2mag = 0, phie1mag = 1, phie2mag = 1
Elemid = 10, Nodeid = -2, x = -0.008, y = 5.04143, e1mag = 0, e2mag = 0, phie1mag = 1, phie2mag = 1
Elemid = 11, Nodeid = -2, x = -0.012, y = 5.03, e1mag = 0, e2mag = 0, phie1mag = 1, phie2mag = 1
Elemid = 12, Nodeid = -2, x = -0.011, y = 4.89857, e1mag = 0, e2mag = 0, phie1mag = 1, phie2mag = 1
Elemid = 13, Nodeid = -2, x = -0.008, y = 4.88714, e1mag = 0, e2mag = 0, phie1mag = 1, phie2mag = 1
Elemid = 14, Nodeid = -2, x = -0.011, y = 4.92714, e1mag = 0, e2mag = 0, phie1mag = 1, phie2mag = 1
Elemid = 15, Nodeid = -2, x = -0.008, y = 4.91571, e1mag = 0, e2mag = 0, phie1mag = 1, phie2mag = 1
Elemid = 16, Nodeid = -2, x = -0.011, y = 4.94429, e1mag = 0, e2mag = 0, phie1mag = 1, phie2mag = 1
Elemid = 17, Nodeid = -2, x = -0.011, y = 4.98429, e1mag = 0, e2mag = 0, phie1mag = 1, phie2mag = 1
Elemid = 18, Nodeid = -2, x = -0.008, y = 4.95571, e1mag = 0, e2mag = 0, phie1mag = 1, phie2mag = 1
Elemid = 19, Nodeid = -2, x = -0.008, y = 4.97286, e1mag = 0, e2mag = 0, phie1mag = 1, phie2mag = 1
Elemid = 20, Nodeid = -2, x = -0.012, y = 5.01286, e1mag = 0, e2mag = 0, phie1mag = 1, phie2mag = 1
Elemid = 21, Nodeid = -2, x = -0.008, y = 5.00429, e1mag = 0, e2mag = 0, phie1mag = 1, phie2mag = 1
Elemid = 22, Nodeid = -1, x = -0.002, y = 4.85857, e1mag = 12.9582, e2mag = 12.9582, phie1mag = 12.9967, phie2mag = 12.9967
Elemid = 23, Nodeid = -1, x = 0.002, y = 4.87, e1mag = 12.9582, e2mag = 12.9582, phie1mag = 12.9967, phie2mag = 12.9967
Elemid = 24, Nodeid = -1, x = 0.002, y = 5.04143, e1mag = 12.9582, e2mag = 12.9582, phie1mag = 12.9967, phie2mag = 12.9967
Elemid = 25, Nodeid = -1, x = -0.001, y = 5.03, e1mag = 12.9582, e2mag = 12.9582, phie1mag = 12.9967, phie2mag = 12.9967
Elemid = 26, Nodeid = -1, x = -0.002, y = 4.89857, e1mag = 12.9582, e2mag = 12.9582, phie1mag = 12.9967, phie2mag = 12.9967
Elemid = 27, Nodeid = -1, x = 0.002, y = 4.88714, e1mag = 12.9582, e2mag = 12.9582, phie1mag = 12.9967, phie2mag = 12.9967
Elemid = 28, Nodeid = -1, x = -0.002, y = 4.91571, e1mag = 12.9582, e2mag = 12.9582, phie1mag = 12.9967, phie2mag = 12.9967
Elemid = 29, Nodeid = -1, x = -0.001, y = 4.95571, e1mag = 12.9582, e2mag = 12.9582, phie1mag = 12.9967, phie2mag = 12.9967
Elemid = 30, Nodeid = -1, x = 0.002, y = 4.92429, e1mag = 12.9582, e2mag = 12.9582, phie1mag = 12.9967, phie2mag = 12.9967
Elemid = 31, Nodeid = -1, x = 0.002, y = 4.94429, e1mag = 12.9582, e2mag = 12.9582, phie1mag = 12.9967, phie2mag = 12.9967
Elemid = 32, Nodeid = -1, x = -0.001, y = 4.98429, e1mag = 12.9582, e2mag = 12.9582, phie1mag = 12.9967, phie2mag = 12.9967
Elemid = 33, Nodeid = -1, x = 0.002, y = 4.97286, e1mag = 12.9582, e2mag = 12.9582, phie1mag = 12.9967, phie2mag = 12.9967
Elemid = 34, Nodeid = -1, x = -0.001, y = 5.00143, e1mag = 12.9582, e2mag = 12.9582, phie1mag = 12.9967, phie2mag = 12.9967
Elemid = 35, Nodeid = -1, x = 0.002, y = 5.01286, e1mag = 12.9582, e2mag = 12.9582, phie1mag = 12.9967, phie2mag = 12.9967
Elemid = 36, Nodeid = -2, x = 0.008, y = 4.85857, e1mag = 0, e2mag = 0, phie1mag = 1, phie2mag = 1
Elemid = 37, Nodeid = -2, x = 0.012, y = 4.86Elemid = 0, Nodeid = -2, x = -0.008, y = 5.91714, e1mag = 0, e2mag = 0, phie1mag = 1, phie2mag = 1
Elemid = 1, Nodeid = -2, x = -0.008, y = 6.09143, e1mag = 0, e2mag = 0, phie1mag = 1, phie2mag = 1
Elemid = 2, Nodeid = -2, x = -0.011, y = 6.08, e1mag = 0, e2mag = 0, phie1mag = 1, phie2mag = 1
Elemid = 3, Nodeid = -2, x = -0.012, y = 5.93714, e1mag = 0, e2mag = 0, phie1mag = 1, phie2mag = 1
Elemid = 4, Nodeid = -2, x = -0.011, y = 5.96571, e1mag = 0, e2mag = 0, phie1mag = 1, phie2mag = 1
Elemid = 5, Nodeid = -2, x = -0.008, y = 5.94857, e1mag = 0, e2mag = 0, phie1mag = 1, phie2mag = 1
Elemid = 6, Nodeid = -2, x = -0.011, y = 6.00571, e1mag = 0, e2mag = 0, phie1mag = 1, phie2mag = 1
Elemid = 7, Nodeid = -2, x = -0.008, y = 5.97714, e1mag = 0, e2mag = 0, phie1mag = 1, phie2mag = 1
Elemid = 8, Nodeid = -2, x = -0.008, y = 5.99429, e1mag = 0, e2mag = 0, phie1mag = 1, phie2mag = 1
Elemid = 9, Nodeid = -2, x = -0.011, y = 6.03429, e1mag = 0, e2mag = 0, phie1mag = 1, phie2mag = 1
Elemid = 10, Nodeid = -2, x = -0.008, y = 6.02286, e1mag = 0, e2mag = 0, phie1mag = 1, phie2mag = 1
Elemid = 11, Nodeid = -2, x = -0.011, y = 6.06286, e1mag = 0, e2mag = 0, phie1mag = 1, phie2mag = 1
Elemid = 12, Nodeid = -2, x = -0.008, y = 6.05143, e1mag = 0, e2mag = 0, phie1mag = 1, phie2mag = 1
Elemid = 13, Nodeid = -1, x = -0.002, y = 5.90857, e1mag = 12.9582, e2mag = 12.9582, phie1mag = 12.9967, phie2mag = 12.9967
Elemid = 14, Nodeid = -1, x = 0.002, y = 5.92, e1mag = 12.9582, e2mag = 12.9582, phie1mag = 12.9967, phie2mag = 12.9967
Elemid = 15, Nodeid = -1, x = 0.002, y = 6.09143, e1mag = 12.9582, e2mag = 12.9582, phie1mag = 12.9967, phie2mag = 12.9967
Elemid = 16, Nodeid = -1, x = -0.002, y = 6.08286, e1mag = 12.9582, e2mag = 12.9582, phie1mag = 12.9967, phie2mag = 12.9967
Elemid = 17, Nodeid = -1, x = -0.001, y = 5.94857, e1mag = 12.9582, e2mag = 12.9582, phie1mag = 12.9967, phie2mag = 12.9967
Elemid = 18, Nodeid = -1, x = 0.002, y = 5.93714, e1mag = 12.9582, e2mag = 12.9582, phie1mag = 12.9967, phie2mag = 12.9967
Elemid = 19, Nodeid = -1, x = -0.002, y = 5.97714, e1mag = 12.9582, e2mag = 12.9582, phie1mag = 12.9967, phie2mag = 12.9967
Elemid = 20, Nodeid = -1, x = 0.002, y = 5.96571, e1mag = 12.9582, e2mag = 12.9582, phie1mag = 12.9967, phie2mag = 12.9967
Elemid = 21, Nodeid = -1, x = -0.002, y = 5.99429, e1mag = 12.9582, e2mag = 12.9582, phie1mag = 12.9967, phie2mag = 12.9967
Elemid = 22, Nodeid = -1, x = -0.001, y = 6.03429, e1mag = 12.9582, e2mag = 12.9582, phie1mag = 12.9967, phie2mag = 12.9967
Elemid = 23, Nodeid = -1, x = 0.002, y = 6.00286, e1mag = 12.9582, e2mag = 12.9582, phie1mag = 12.9967, phie2mag = 12.9967
Elemid = 24, Nodeid = -1, x = 0.002, y = 6.02286, e1mag = 12.9582, e2mag = 12.9582, phie1mag = 12.9967, phie2mag = 12.9967
Elemid = 25, Nodeid = -1, x = -0.001, y = 6.05143, e1mag = 12.9582, e2mag = 12.9582, phie1mag = 12.9967, phie2mag = 12.9967
Elemid = 26, Nodeid = -1, x = 0.002, y = 6.06286, e1mag = 12.9582, e2mag = 12.9582, phie1mag = 12.9967, phie2mag = 12.9967
Elemid = 27, Nodeid = -2, x = 0.008, y = 5.90857, e1mag = 0, e2mag = 0, phie1mag = 1, phie2mag = 1
Elemid = 28, Nodeid = -2, x = 0.012, y = 5.92, e1mag = 0, e2mag = 0, phie1mag = 1, phie2mag = 1
Elemid = 29, Nodeid = -2, x = 0.008, y = 6.09143, e1mag = 0, e2mag = 0, phie1mag = 1, phie2mag = 1
Elemid = 30, Nodeid = -2, x = 0.012, y = 6.08286, e1mag = 0, e2mag = 0, phie1mag = 1, phie2mag = 1
Elemid = 31, Nodeid = -2, x = 0.009, y = 5.94857, e1mag = 0, e2mag = 0, phie1mag = 1, phie2mag = 1
Elemid = 32, Nodeid = -2, x = 0.012, y = 5.93714, e1mag = 0, e2mag = 0, phie1mag = 1, phie2mag = 1
Elemid = 33, Nodeid = -2, x = 0.008, y = 5.97714, e1mag = 0, e2mag = 0, phie1mag = 1, phie2mag = 1
Elemid = 34, Nodeid = -2, x = 0.012, y = 5.96571, e1mag = 0, e2mag = 0, phie1mag = 1, phie2mag = 1
Elemid = 35, Nodeid = -2, x = 0.008, y = 5.99429, e1mag = 0, e2mag = 0, phie1mag = 1, phie2mag = 1
Elemid = 36, Nodeid = -2, x = 0.008, y = 6.02286, e1mag = 0, e2mag = 0, phie1mag = 1, phie2mag = 1
Elemid = 37, Nodeid = -2, x = 0.011, y = 6.00571, e1mag = 0, e2mag = 0, phie1mag = 1, phie2mag k = 2, m_varcoeff = ( 0 , 0 , 1 , 0 , 1 ) 
 ::::: 2D Varcoeff is Successfully Created ::::: 

Generating m_phievarcoeff ================================= 
k = 0, m_varcoeff = ( 0 , 6.78591 , 0 , 1.48707e-12 , 87.4269 ) 
k = 1, m_varcoeff = ( 6.78591 , 0 , 0 , 3.93053e-12 , 87.4269 ) 
k = 2, m_varcoeff = ( 0 , 0 , 1 , 0 , 1 ) 
 ::::: 2D Varcoeff is Successfully Created ::::: 


Elemid = 0, Nodeid = -2, x = -0.011, y = 2.94143, e1mag = 0, e2mag = 0, phie1mag = 1, phie2mag = 1
Elemid = 1, Nodeid = -2, x = -0.008, y = 2.93, e1mag = 0, e2mag = 0, phie1mag = 1, phie2mag = 1
Elemid = 2, Nodeid = -2, x = -0.011, y = 2.85571, e1mag = 0, e2mag = 0, phie1mag = 1, phie2mag = 1
Elemid = 3, Nodeid = -2, x = -0.008, y = 2.84429, e1mag = 0, e2mag = 0, phie1mag = 1, phie2mag = 1
Elemid = 4, Nodeid = -2, x = -0.011, y = 2.88429, e1mag = 0, e2mag = 0, phie1mag = 1, phie2mag = 1
Elemid = 5, Nodeid = -2, x = -0.008, y = 2.87286, e1mag = 0, e2mag = 0, phie1mag = 1, phie2mag = 1
Elemid = 6, Nodeid = -2, x = -0.011, y = 2.90143, e1mag = 0, e2mag = 0, phie1mag = 1, phie2mag = 1
Elemid = 7, Nodeid = -2, x = -0.008, y = 2.91286, e1mag = 0, e2mag = 0, phie1mag = 1, phie2mag = 1
Elemid = 8, Nodeid = -1, x = 0.002, y = 2.94143, e1mag = 12.9582, e2mag = 12.9582, phie1mag = 12.9967, phie2mag = 12.9967
Elemid = 9, Nodeid = -1, x = -0.001, y = 2.93, e1mag = 12.9582, e2mag = 12.9582, phie1mag = 12.9967, phie2mag = 12.9967
Elemid = 10, Nodeid = -1, x = -0.001, y = 2.85571, e1mag = 12.9582, e2mag = 12.9582, phie1mag = 12.9967, phie2mag = 12.9967
Elemid = 11, Nodeid = -1, x = 0.002, y = 2.82714, e1mag = 12.9582, e2mag = 12.9582, phie1mag = 12.9967, phie2mag = 12.9967
Elemid = 12, Nodeid = -1, x = 0.002, y = 2.84429, e1mag = 12.9582, e2mag = 12.9582, phie1mag = 12.9967, phie2mag = 12.9967
Elemid = 13, Nodeid = -1, x = -0.001, y = 2.88429, e1mag = 12.9582, e2mag = 12.9582, phie1mag = 12.9967, phie2mag = 12.9967
Elemid = 14, Nodeid = -1, x = 0.002, y = 2.87286, e1mag = 12.9582, e2mag = 12.9582, phie1mag = 12.9967, phie2mag = 12.9967
Elemid = 15, Nodeid = -1, x = -0.001, y = 2.91286, e1mag = 12.9582, e2mag = 12.9582, phie1mag = 12.9967, phie2mag = 12.9967
Elemid = 16, Nodeid = -1, x = 0.002, y = 2.90143, e1mag = 12.9582, e2mag = 12.9582, phie1mag = 12.9967, phie2mag = 12.9967
Elemid = 17, Nodeid = -2, x = 0.008, y = 2.94143, e1mag = 0, e2mag = 0, phie1mag = 1, phie2mag = 1
Elemid = 18, Nodeid = -2, x = 0.012, y = 2.93, e1mag = 0, e2mag = 0, phie1mag = 1, phie2mag = 1
Elemid = 19, Nodeid = -2, x = 0.009, y = 2.82714, e1mag = 0, e2mag = 0, phie1mag = 1, phie2mag = 1
Elemid = 20, Nodeid = -2, x = 0.012, y = 2.81571, e1mag = 0, e2mag = 0, phie1mag = 1, phie2mag = 1
Elemid = 21, Nodeid = -2, x = 0.009, y = 2.85571, e1mag = 0, e2mag = 0, phie1mag = 1, phie2mag = 1
Elemid = 22, Nodeid = -2, x = 0.012, y = 2.84429, e1mag = 0, e2mag = 0, phie1mag = 1, phie2mag = 1
Elemid = 23, Nodeid = -2, x = 0.009, y = 2.88429, e1mag = 0, e2mag = 0, phie1mag = 1, phie2mag = 1
Elemid = 24, Nodeid = -2, x = 0.012, y = 2.87286, e1mag = 0, e2mag = 0, phie1mag = 1, phie2mag = 1
Elemid = 25, Nodeid = -2, x = 0.009, y = 2.90143, e1mag = 0, e2mag = 0, phie1mag = 1, phie2mag = 1
Elemid = 26, Nodeid = -2, x = 0.012, y = 2.91286, e1mag = 0, e2mag = 0, phie1mag = 1, phie2mag = 1
Elemid = 27, Nodeid = -2, x = -0.01, y = 2.958, e1mag = 0, e2mag = 0, phie1mag = 1, phie2mag = 1
Elemid = 28, Nodeid = -2, x = -0.01, y = 2.952, e1mag = 0, e2mag = 0, phie1mag = 1, phie2mag = 1
Elemid = 29, Nodeid = -2, x = -0.013, y = 2.955, e1mag = 0, e2mag = 0, phie1mag = 1, phie2mag = 1
Elemid = 30, Nodeid = -2, x = -0.007, y = 2.955, e1mag = 0, e2mag = 0, phie1mag = 1, phie2mag = 1
Elemid = 31, Nodeid = 15, x = -2.14185e-15, y = 2.958, e1mag = 1, e2mag = 1, phie1mag = 1.41421, phie2mag = 1.41421
Elemid = 32, Nodeid = 15, x = -2.13985e-15, y = 2.952, e1mag = 1, e2mag = 1, phie1mag = 1.41421, phie2mag = 1.41421
Elemid = 33, Nodeid = 15, x = -0.003, y = 2.955, e1mag = 1, e2mag = 1, phie1mag = 1.41421, phie2mag = 1.41421
Elemid = 34, Nodeid = 15, x = 0.003, y = 2.955, e1mag = 1, e2mag = 1, phie1mag = 1.41421, phie2mag = 1.41421
Elemid = 35, Nodeid = -2, x = 0.01, y = 2.958, e1mag = 0, e2mag = 0, phie1mag = 1, phie2mag = 1
Elemid = 36, Nodeid = -2, x = 0.01, y = 2.952, e1mag = 0, e2mag = 0, phie1mag = 1, phie2mag = 1
Elemid = 37, Nodeid = -2, x = 0.007, y = 2.955, e1mag = 0, e2mag = 0, phie1mag = 1, phie2mag = 1
Elemid = 38, Nodeid = -2, x = 0.013, y = 2.955, e1mag = 0, e2mag = 0, phie1mag = 1,hie2mag = 1
Elemid = 37, Nodeid = -2, x = 0.012, y = 1.20143, e1mag = 0, e2mag = 0, phie1mag = 1, phie2mag = 1
Elemid = 38, Nodeid = -2, x = 0.012, y = 1.23286, e1mag = 0, e2mag = 0, phie1mag = 1, phie2mag = 1
Elemid = 39, Nodeid = -2, x = -0.013, y = 1.275, e1mag = 0, e2mag = 0, phie1mag = 1, phie2mag = 1
Elemid = 40, Nodeid = -2, x = -0.007, y = 1.275, e1mag = 0, e2mag = 0, phie1mag = 1, phie2mag = 1
Elemid = 41, Nodeid = -2, x = -0.01, y = 1.272, e1mag = 0, e2mag = 0, phie1mag = 1, phie2mag = 1
Elemid = 42, Nodeid = -2, x = -0.01, y = 1.278, e1mag = 0, e2mag = 0, phie1mag = 1, phie2mag = 1
Elemid = 43, Nodeid = 7, x = -0.003, y = 1.275, e1mag = 1, e2mag = 1, phie1mag = 1.41421, phie2mag = 1.41421
Elemid = 44, Nodeid = 7, x = 0.003, y = 1.275, e1mag = 1, e2mag = 1, phie1mag = 1.41421, phie2mag = 1.41421
Elemid = 45, Nodeid = 7, x = -2.14182e-15, y = 1.272, e1mag = 1, e2mag = 1, phie1mag = 1.41421, phie2mag = 1.41421
Elemid = 46, Nodeid = 7, x = -2.1399e-15, y = 1.278, e1mag = 1, e2mag = 1, phie1mag = 1.41421, phie2mag = 1.41421
Elemid = 47, Nodeid = -2, x = 0.007, y = 1.275, e1mag = 0, e2mag = 0, phie1mag = 1, phie2mag = 1
Elemid = 48, Nodeid = -2, x = 0.01, y = 1.278, e1mag = 0, e2mag = 0, phie1mag = 1, phie2mag = 1
Elemid = 49, Nodeid = -2, x = 0.01, y = 1.272, e1mag = 0, e2mag = 0, phie1mag = 1, phie2mag = 1
Elemid = 50, Nodeid = -2, x = 0.013, y = 1.275, e1mag = 0, e2mag = 0, phie1mag = 1, phie2mag = 1
Elemid = 51, Nodeid = -2, x = -0.012, y = 1.28857, e1mag = 0, e2mag = 0, phie1mag = 1, phie2mag = 1
Elemid = 52, Nodeid = -2, x = -0.008, y = 1.29714, e1mag = 0, e2mag = 0, phie1mag = 1, phie2mag = 1
Elemid = 53, Nodeid = -1, x = -0.002, y = 1.28857, e1mag = 12.9582, e2mag = 12.9582, phie1mag = 12.9967, phie2mag = 12.9967
Elemid = 54, Nodeid = -1, x = 0.002, y = 1.3, e1mag = 12.9582, e2mag = 12.9582, phie1mag = 12.9967, phie2mag = 12.9967
Elemid = 55, Nodeid = -2, x = 0.008, y = 1.28857, e1mag = 0, e2mag = 0, phie1mag = 1, phie2mag = 1

Generating m_varcoeff ================================= 
mag = 1
Elemid = 37, Nodeid = -2, x = 0.012, y = 5.54571, e1mag = 0, e2mag = 0, phie1mag = 1, phie2mag = 1
Elemid = 38, Nodeid = -2, x = 0.008, y = 5.58571, e1mag = 0, e2mag = 0, phie1mag = 1, phie2mag = 1
Elemid = 39, Nodeid = -2, x = 0.012, y = 5.57714, e1mag = 0, e2mag = 0, phie1mag = 1, phie2mag = 1
Elemid = 40, Nodeid = -2, x = 0.008, y = 5.60286, e1mag = 0, e2mag = 0, phie1mag = 1, phie2mag = 1
Elemid = 41, Nodeid = -2, x = 0.009, y = 5.63143, e1mag = 0, e2mag = 0, phie1mag = 1, phie2mag = 1
Elemid = 42, Nodeid = -2, x = 0.012, y = 5.61143, e1mag = 0, e2mag = 0, phie1mag = 1, phie2mag = 1
Elemid = 43, Nodeid = -2, x = 0.012, y = 5.64286, e1mag = 0, e2mag = 0, phie1mag = 1, phie2mag = 1
Elemid = 44, Nodeid = -2, x = -0.01, y = 5.682, e1mag = 0, e2mag = 0, phie1mag = 1, phie2mag = 1
Elemid = 45, Nodeid = -2, x = -0.01, y = 5.688, e1mag = 0, e2mag = 0, phie1mag = 1, phie2mag = 1
Elemid = 46, Nodeid = -2, x = -0.013, y = 5.685, e1mag = 0, e2mag = 0, phie1mag = 1, phie2mag = 1
Elemid = 47, Nodeid = -2, x = -0.007, y = 5.685, e1mag = 0, e2mag = 0, phie1mag = 1, phie2mag = 1
Elemid = 48, Nodeid = 28, x = -2.13985e-15, y = 5.682, e1mag = 1, e2mag = 1, phie1mag = 1.41421, phie2mag = 1.41421
Elemid = 49, Nodeid = 28, x = -2.14185e-15, y = 5.688, e1mag = 1, e2mag = 1, phie1mag = 1.41421, phie2mag = 1.41421
Elemid = 50, Nodeid = 28, x = -0.003, y = 5.685, e1mag = 1, e2mag = 1, phie1mag = 1.41421, phie2mag = 1.41421
Elemid = 51, Nodeid = 28, x = 0.003, y = 5.685, e1mag = 1, e2mag = 1, phie1mag = 1.41421, phie2mag = 1.41421
Elemid = 52, Nodeid = -2, x = 0.01, y = 5.682, e1mag = 0, e2mag = 0, phie1mag = 1, phie2mag = 1
Elemid = 53, Nodeid = -2, x = 0.007, y = 5.685, e1mag = 0, e2mag = 0, phie1mag = 1, phie2mag = 1
Elemid = 54, Nodeid = -2, x = 0.013, y = 5.685, e1mag = 0, e2mag = 0, phie1mag = 1, phie2mag = 1

Generating m_varcoeff ================================= 
k = 0, m_varcoeff = ( 0 , 6.54329 , 0 , 9.51255e-13 , 84.7175 ) 
485, e1mag = 0, e2mag = 0, phie1mag = 1, phie2mag = 1
Elemid = 39, Nodeid = -2, x = -0.01, y = 1.482, e1mag = 0, e2mag = 0, phie1mag = 1, phie2mag = 1
Elemid = 40, Nodeid = -2, x = -0.01, y = 1.488, e1mag = 0, e2mag = 0, phie1mag = 1, phie2mag = 1
Elemid = 41, Nodeid = 8, x = -0.003, y = 1.485, e1mag = 1, e2mag = 1, phie1mag = 1.41421, phie2mag = 1.41421
Elemid = 42, Nodeid = 8, x = 0.003, y = 1.485, e1mag = 1, e2mag = 1, phie1mag = 1.41421, phie2mag = 1.41421
Elemid = 43, Nodeid = 8, x = -2.1399e-15, y = 1.488, e1mag = 1, e2mag = 1, phie1mag = 1.41421, phie2mag = 1.41421
Elemid = 44, Nodeid = 8, x = -2.14182e-15, y = 1.482, e1mag = 1, e2mag = 1, phie1mag = 1.41421, phie2mag = 1.41421
Elemid = 45, Nodeid = -2, x = 0.007, y = 1.485, e1mag = 0, e2mag = 0, phie1mag = 1, phie2mag = 1
Elemid = 46, Nodeid = -2, x = 0.01, y = 1.488, e1mag = 0, e2mag = 0, phie1mag = 1, phie2mag = 1
Elemid = 47, Nodeid = -2, x = 0.01, y = 1.482, e1mag = 0, e2mag = 0, phie1mag = 1, phie2mag = 1
Elemid = 48, Nodeid = -2, x = 0.013, y = 1.485, e1mag = 0, e2mag = 0, phie1mag = 1, phie2mag = 1
Elemid = 49, Nodeid = -1, x = 0.002, y = 1.49857, e1mag = 12.9582, e2mag = 12.9582, phie1mag = 12.9967, phie2mag = 12.9967
Elemid = 50, Nodeid = -2, x = 0.008, y = 1.49857, e1mag = 0, e2mag = 0, phie1mag = 1, phie2mag = 1
Elemid = 51, Nodeid = -2, x = 0.012, y = 1.50714, e1mag = 0, e2mag = 0, phie1mag = 1, phie2mag = 1
Elemid = 52, Nodeid = -2, x = 0.009, y = 1.53857, e1mag = 0, e2mag = 0, phie1mag = 1, phie2mag = 1
Elemid = 53, Nodeid = -2, x = 0.012, y = 1.52714, e1mag = 0, e2mag = 0, phie1mag = 1, phie2mag = 1
Elemid = 54, Nodeid = -2, x = 0.012, y = 1.55571, e1mag = 0, e2mag = 0, phie1mag = 1, phie2mag = 1

Generating m_varcoeff ================================= 
k = 0, m_varcoeff = ( 0 , 6.30568 , 0 , 8.87202e-13 , 81.6358 ) 
g = 1
Elemid = 37, Nodeid = -2, x = 0.012, y = 5.76429, e1mag = 0, e2mag = 0, phie1mag = 1, phie2mag = 1
Elemid = 38, Nodeid = -2, x = 0.012, y = 5.78429, e1mag = 0, e2mag = 0, phie1mag = 1, phie2mag = 1
Elemid = 39, Nodeid = -2, x = 0.008, y = 5.82429, e1mag = 0, e2mag = 0, phie1mag = 1, phie2mag = 1
Elemid = 40, Nodeid = -2, x = 0.012, y = 5.81286, e1mag = 0, e2mag = 0, phie1mag = 1, phie2mag = 1
Elemid = 41, Nodeid = -2, x = 0.008, y = 5.85286, e1mag = 0, e2mag = 0, phie1mag = 1, phie2mag = 1
Elemid = 42, Nodeid = -2, x = 0.012, y = 5.84429, e1mag = 0, e2mag = 0, phie1mag = 1, phie2mag = 1
Elemid = 43, Nodeid = -2, x = -0.01, y = 5.892, e1mag = 0, e2mag = 0, phie1mag = 1, phie2mag = 1
Elemid = 44, Nodeid = -2, x = -0.01, y = 5.898, e1mag = 0, e2mag = 0, phie1mag = 1, phie2mag = 1
Elemid = 45, Nodeid = -2, x = -0.013, y = 5.895, e1mag = 0, e2mag = 0, phie1mag = 1, phie2mag = 1
Elemid = 46, Nodeid = -2, x = -0.007, y = 5.895, e1mag = 0, e2mag = 0, phie1mag = 1, phie2mag = 1
Elemid = 47, Nodeid = 29, x = -2.13985e-15, y = 5.892, e1mag = 1, e2mag = 1, phie1mag = 1.41421, phie2mag = 1.41421
Elemid = 48, Nodeid = 29, x = -2.14185e-15, y = 5.898, e1mag = 1, e2mag = 1, phie1mag = 1.41421, phie2mag = 1.41421
Elemid = 49, Nodeid = 29, x = -0.003, y = 5.895, e1mag = 1, e2mag = 1, phie1mag = 1.41421, phie2mag = 1.41421
Elemid = 50, Nodeid = 29, x = 0.003, y = 5.895, e1mag = 1, e2mag = 1, phie1mag = 1.41421, phie2mag = 1.41421
Elemid = 51, Nodeid = -2, x = 0.01, y = 5.898, e1mag = 0, e2mag = 0, phie1mag = 1, phie2mag = 1
Elemid = 52, Nodeid = -2, x = 0.01, y = 5.892, e1mag = 0, e2mag = 0, phie1mag = 1, phie2mag = 1
Elemid = 53, Nodeid = -2, x = 0.007, y = 5.895, e1mag = 0, e2mag = 0, phie1mag = 1, phie2mag = 1
Elemid = 54, Nodeid = -2, x = 0.013, y = 5.895, e1mag = 0, e2mag = 0, phie1mag = 1, phie2mag = 1
Elemid = 55, Nodeid = -2, x = -0.012, y = 5.90857, e1mag = 0, e2mag = 0, phie1mag = 1, phie2mag = 1

Generating m_varcoeff ================================= 
1, e2mag = 1, phie1mag = 1.41421, phie2mag = 1.41421
Elemid = 38, Nodeid = 11, x = -2.14185e-15, y = 2.118, e1mag = 1, e2mag = 1, phie1mag = 1.41421, phie2mag = 1.41421
Elemid = 39, Nodeid = 11, x = -0.003, y = 2.115, e1mag = 1, e2mag = 1, phie1mag = 1.41421, phie2mag = 1.41421
Elemid = 40, Nodeid = 11, x = 0.003, y = 2.115, e1mag = 1, e2mag = 1, phie1mag = 1.41421, phie2mag = 1.41421
Elemid = 41, Nodeid = -2, x = 0.01, y = 2.112, e1mag = 0, e2mag = 0, phie1mag = 1, phie2mag = 1
Elemid = 42, Nodeid = -2, x = 0.01, y = 2.118, e1mag = 0, e2mag = 0, phie1mag = 1, phie2mag = 1
Elemid = 43, Nodeid = -2, x = 0.007, y = 2.115, e1mag = 0, e2mag = 0, phie1mag = 1, phie2mag = 1
Elemid = 44, Nodeid = -2, x = 0.013, y = 2.115, e1mag = 0, e2mag = 0, phie1mag = 1, phie2mag = 1
Elemid = 45, Nodeid = -2, x = -0.012, y = 2.12857, e1mag = 0, e2mag = 0, phie1mag = 1, phie2mag = 1
Elemid = 46, Nodeid = -2, x = -0.008, y = 2.13714, e1mag = 0, e2mag = 0, phie1mag = 1, phie2mag = 1
Elemid = 47, Nodeid = -2, x = -0.008, y = 2.15714, e1mag = 0, e2mag = 0, phie1mag = 1, phie2mag = 1
Elemid = 48, Nodeid = -1, x = -0.002, y = 2.12857, e1mag = 12.9582, e2mag = 12.9582, phie1mag = 12.9967, phie2mag = 12.9967
Elemid = 49, Nodeid = -1, x = 0.002, y = 2.13714, e1mag = 12.9582, e2mag = 12.9582, phie1mag = 12.9967, phie2mag = 12.9967
Elemid = 50, Nodeid = -1, x = -0.001, y = 2.16857, e1mag = 12.9582, e2mag = 12.9582, phie1mag = 12.9967, phie2mag = 12.9967
Elemid = 51, Nodeid = -1, x = 0.002, y = 2.15714, e1mag = 12.9582, e2mag = 12.9582, phie1mag = 12.9967, phie2mag = 12.9967
Elemid = 52, Nodeid = -2, x = 0.008, y = 2.12857, e1mag = 0, e2mag = 0, phie1mag = 1, phie2mag = 1
Elemid = 53, Nodeid = -2, x = 0.012, y = 2.13714, e1mag = 0, e2mag = 0, phie1mag = 1, phie2mag = 1
Elemid = 54, Nodeid = -2, x = 0.008, y = 2.16857, e1mag = 0, e2mag = 0, phie1mag = 1, phie2mag = 1
Elemid = 55, Nodeid = -2, x = 0.012, y = 2.15714, e1mag = 0, e2mag = 0, phie1mag = 1, phie2mag = 1

Generating m_varcoeff ================================= 
phie1mag = 1, phie2mag = 1
Elemid = 39, Nodeid = -2, x = 0.01, y = 2.532, e1mag = 0, e2mag = 0, phie1mag = 1, phie2mag = 1
Elemid = 40, Nodeid = -2, x = 0.007, y = 2.535, e1mag = 0, e2mag = 0, phie1mag = 1, phie2mag = 1
Elemid = 41, Nodeid = -2, x = 0.013, y = 2.535, e1mag = 0, e2mag = 0, phie1mag = 1, phie2mag = 1
Elemid = 42, Nodeid = -2, x = -0.012, y = 2.54857, e1mag = 0, e2mag = 0, phie1mag = 1, phie2mag = 1
Elemid = 43, Nodeid = -2, x = -0.008, y = 2.55714, e1mag = 0, e2mag = 0, phie1mag = 1, phie2mag = 1
Elemid = 44, Nodeid = -2, x = -0.011, y = 2.57714, e1mag = 0, e2mag = 0, phie1mag = 1, phie2mag = 1
Elemid = 45, Nodeid = -2, x = -0.011, y = 2.61714, e1mag = 0, e2mag = 0, phie1mag = 1, phie2mag = 1
Elemid = 46, Nodeid = -2, x = -0.008, y = 2.58857, e1mag = 0, e2mag = 0, phie1mag = 1, phie2mag = 1
Elemid = 47, Nodeid = -2, x = -0.008, y = 2.60571, e1mag = 0, e2mag = 0, phie1mag = 1, phie2mag = 1
Elemid = 48, Nodeid = -1, x = -0.002, y = 2.54857, e1mag = 12.9582, e2mag = 12.9582, phie1mag = 12.9967, phie2mag = 12.9967
Elemid = 49, Nodeid = -1, x = 0.002, y = 2.56, e1mag = 12.9582, e2mag = 12.9582, phie1mag = 12.9967, phie2mag = 12.9967
Elemid = 50, Nodeid = -1, x = -0.002, y = 2.58857, e1mag = 12.9582, e2mag = 12.9582, phie1mag = 12.9967, phie2mag = 12.9967
Elemid = 51, Nodeid = -1, x = 0.002, y = 2.57714, e1mag = 12.9582, e2mag = 12.9582, phie1mag = 12.9967, phie2mag = 12.9967
Elemid = 52, Nodeid = -2, x = 0.008, y = 2.54857, e1mag = 0, e2mag = 0, phie1mag = 1, phie2mag = 1
Elemid = 53, Nodeid = -2, x = 0.012, y = 2.55714, e1mag = 0, e2mag = 0, phie1mag = 1, phie2mag = 1
Elemid = 54, Nodeid = -2, x = 0.009, y = 2.58857, e1mag = 0, e2mag = 0, phie1mag = 1, phie2mag = 1
Elemid = 55, Nodeid = -2, x = 0.012, y = 2.57714, e1mag = 0, e2mag = 0, phie1mag = 1, phie2mag = 1

Generating m_varcoeff ================================= 
k = 0, m_varcoeff = ( 0 , 6.24913 , 0 , 9.11977e-13 , 80.9036 ) 
k = 1, m_varcoeff = ( 6.24913 , 0 , 0 , 2.36065e-12 , 80.9036 ) 
id = 39, Nodeid = -1, x = -0.002, y = 3.17857, e1mag = 12.9582, e2mag = 12.9582, phie1mag = 12.9967, phie2mag = 12.9967
Elemid = 40, Nodeid = -1, x = 0.002, y = 3.18714, e1mag = 12.9582, e2mag = 12.9582, phie1mag = 12.9967, phie2mag = 12.9967
Elemid = 41, Nodeid = -1, x = 0.002, y = 3.20714, e1mag = 12.9582, e2mag = 12.9582, phie1mag = 12.9967, phie2mag = 12.9967
Elemid = 42, Nodeid = -2, x = 0.008, y = 3.17857, e1mag = 0, e2mag = 0, phie1mag = 1, phie2mag = 1
Elemid = 43, Nodeid = -2, x = 0.012, y = 3.19, e1mag = 0, e2mag = 0, phie1mag = 1, phie2mag = 1
Elemid = 44, Nodeid = -2, x = 0.009, y = 3.21857, e1mag = 0, e2mag = 0, phie1mag = 1, phie2mag = 1
Elemid = 45, Nodeid = -2, x = 0.012, y = 3.20714, e1mag = 0, e2mag = 0, phie1mag = 1, phie2mag = 1
Elemid = 46, Nodeid = -2, x = 0.012, y = 3.23571, e1mag = 0, e2mag = 0, phie1mag = 1, phie2mag = 1
Elemid = 47, Nodeid = -2, x = -0.01, y = 6.328, e1mag = 0, e2mag = 0, phie1mag = 1, phie2mag = 1
Elemid = 48, Nodeid = -2, x = -0.01, y = 6.322, e1mag = 0, e2mag = 0, phie1mag = 1, phie2mag = 1
Elemid = 49, Nodeid = -2, x = -0.013, y = 6.325, e1mag = 0, e2mag = 0, phie1mag = 1, phie2mag = 1
Elemid = 50, Nodeid = -2, x = -0.007, y = 6.325, e1mag = 0, e2mag = 0, phie1mag = 1, phie2mag = 1
Elemid = 51, Nodeid = -1, x = -2.13985e-15, y = 6.322, e1mag = 12.9582, e2mag = 12.9582, phie1mag = 12.9967, phie2mag = 12.9967
Elemid = 52, Nodeid = -1, x = -2.14185e-15, y = 6.328, e1mag = 12.9582, e2mag = 12.9582, phie1mag = 12.9967, phie2mag = 12.9967
Elemid = 53, Nodeid = -1, x = -0.003, y = 6.325, e1mag = 12.9582, e2mag = 12.9582, phie1mag = 12.9967, phie2mag = 12.9967
Elemid = 54, Nodeid = -1, x = 0.003, y = 6.325, e1mag = 12.9582, e2mag = 12.9582, phie1mag = 12.9967, phie2mag = 12.9967

Generating m_varcoeff ================================= 
k = 0, m_varcoeff = ( 0 , 6.77256 , 0 , 2.02742e-12 , 87.6909 ) 
k = 1, m_varcoeff = ( 6.77256 , 0 , 0 , 2.88302e-12 , 87.6909 ) 
emid = 38, Nodeid = -2, x = 0.012, y = 5.31857, e1mag = 0, e2mag = 0, phie1mag = 1, phie2mag = 1
Elemid = 39, Nodeid = -2, x = 0.009, y = 5.37571, e1mag = 0, e2mag = 0, phie1mag = 1, phie2mag = 1
Elemid = 40, Nodeid = -2, x = 0.012, y = 5.34714, e1mag = 0, e2mag = 0, phie1mag = 1, phie2mag = 1
Elemid = 41, Nodeid = -2, x = 0.012, y = 5.36429, e1mag = 0, e2mag = 0, phie1mag = 1, phie2mag = 1
Elemid = 42, Nodeid = -2, x = 0.009, y = 5.40429, e1mag = 0, e2mag = 0, phie1mag = 1, phie2mag = 1
Elemid = 43, Nodeid = -2, x = 0.012, y = 5.39286, e1mag = 0, e2mag = 0, phie1mag = 1, phie2mag = 1
Elemid = 44, Nodeid = -2, x = 0.009, y = 5.42143, e1mag = 0, e2mag = 0, phie1mag = 1, phie2mag = 1
Elemid = 45, Nodeid = -2, x = 0.012, y = 5.43286, e1mag = 0, e2mag = 0, phie1mag = 1, phie2mag = 1
Elemid = 46, Nodeid = -2, x = -0.01, y = 5.472, e1mag = 0, e2mag = 0, phie1mag = 1, phie2mag = 1
Elemid = 47, Nodeid = -2, x = -0.01, y = 5.478, e1mag = 0, e2mag = 0, phie1mag = 1, phie2mag = 1
Elemid = 48, Nodeid = -2, x = -0.013, y = 5.475, e1mag = 0, e2mag = 0, phie1mag = 1, phie2mag = 1
Elemid = 49, Nodeid = -2, x = -0.007, y = 5.475, e1mag = 0, e2mag = 0, phie1mag = 1, phie2mag = 1
Elemid = 50, Nodeid = 27, x = -2.13985e-15, y = 5.472, e1mag = 1, e2mag = 1, phie1mag = 1.41421, phie2mag = 1.41421
Elemid = 51, Nodeid = 27, x = -2.14185e-15, y = 5.478, e1mag = 1, e2mag = 1, phie1mag = 1.41421, phie2mag = 1.41421
Elemid = 52, Nodeid = 27, x = -0.003, y = 5.475, e1mag = 1, e2mag = 1, phie1mag = 1.41421, phie2mag = 1.41421
Elemid = 53, Nodeid = 27, x = 0.003, y = 5.475, e1mag = 1, e2mag = 1, phie1mag = 1.41421, phie2mag = 1.41421
Elemid = 54, Nodeid = -2, x = 0.01, y = 5.472, e1mag = 0, e2mag = 0, phie1mag = 1, phie2mag = 1
Elemid = 55, Nodeid = -2, x = 0.007, y = 5.475, e1mag = 0, e2mag = 0, phie1mag = 1, phie2mag = 1

Generating m_varcoeff ================================= 
k = 0, m_varcoeff = ( 0 , 6.25198 , 0 , 9.13233e-13 , 80.9039 ) 
g = 1, e2mag = 1, phie1mag = 1.41421, phie2mag = 1.41421
Elemid = 39, Nodeid = -2, x = 0.01, y = 2.328, e1mag = 0, e2mag = 0, phie1mag = 1, phie2mag = 1
Elemid = 40, Nodeid = -2, x = 0.01, y = 2.322, e1mag = 0, e2mag = 0, phie1mag = 1, phie2mag = 1
Elemid = 41, Nodeid = -2, x = 0.007, y = 2.325, e1mag = 0, e2mag = 0, phie1mag = 1, phie2mag = 1
Elemid = 42, Nodeid = -2, x = 0.013, y = 2.325, e1mag = 0, e2mag = 0, phie1mag = 1, phie2mag = 1
Elemid = 43, Nodeid = -2, x = -0.008, y = 2.33857, e1mag = 0, e2mag = 0, phie1mag = 1, phie2mag = 1
Elemid = 44, Nodeid = -1, x = -0.002, y = 2.33857, e1mag = 12.9582, e2mag = 12.9582, phie1mag = 12.9967, phie2mag = 12.9967
Elemid = 45, Nodeid = -1, x = 0.002, y = 2.35, e1mag = 12.9582, e2mag = 12.9582, phie1mag = 12.9967, phie2mag = 12.9967
Elemid = 46, Nodeid = -1, x = -0.001, y = 2.37857, e1mag = 12.9582, e2mag = 12.9582, phie1mag = 12.9967, phie2mag = 12.9967
Elemid = 47, Nodeid = -1, x = 0.002, y = 2.36714, e1mag = 12.9582, e2mag = 12.9582, phie1mag = 12.9967, phie2mag = 12.9967
Elemid = 48, Nodeid = -1, x = 0.002, y = 2.39571, e1mag = 12.9582, e2mag = 12.9582, phie1mag = 12.9967, phie2mag = 12.9967
Elemid = 49, Nodeid = -2, x = 0.008, y = 2.33857, e1mag = 0, e2mag = 0, phie1mag = 1, phie2mag = 1
Elemid = 50, Nodeid = -2, x = 0.012, y = 2.34714, e1mag = 0, e2mag = 0, phie1mag = 1, phie2mag = 1
Elemid = 51, Nodeid = -2, x = 0.009, y = 2.36714, e1mag = 0, e2mag = 0, phie1mag = 1, phie2mag = 1
Elemid = 52, Nodeid = -2, x = 0.009, y = 2.40714, e1mag = 0, e2mag = 0, phie1mag = 1, phie2mag = 1
Elemid = 53, Nodeid = -2, x = 0.012, y = 2.37857, e1mag = 0, e2mag = 0, phie1mag = 1, phie2mag = 1
Elemid = 54, Nodeid = -2, x = 0.012, y = 2.39571, e1mag = 0, e2mag = 0, phie1mag = 1, phie2mag = 1

Generating m_varcoeff ================================= 
k = 0, m_varcoeff = ( 0 , 6.77256 , 0 , 9.73102e-13 , 87.6909 ) 
 phie1mag = 12.9967, phie2mag = 12.9967
Elemid = 39, Nodeid = -1, x = -0.001, y = 3.51429, e1mag = 12.9582, e2mag = 12.9582, phie1mag = 12.9967, phie2mag = 12.9967
Elemid = 40, Nodeid = -1, x = 0.002, y = 3.50286, e1mag = 12.9582, e2mag = 12.9582, phie1mag = 12.9967, phie2mag = 12.9967
Elemid = 41, Nodeid = -1, x = -0.001, y = 3.53143, e1mag = 12.9582, e2mag = 12.9582, phie1mag = 12.9967, phie2mag = 12.9967
Elemid = 42, Nodeid = -1, x = 0.002, y = 3.54286, e1mag = 12.9582, e2mag = 12.9582, phie1mag = 12.9967, phie2mag = 12.9967
Elemid = 43, Nodeid = -2, x = 0.008, y = 3.38857, e1mag = 0, e2mag = 0, phie1mag = 1, phie2mag = 1
Elemid = 44, Nodeid = -2, x = 0.012, y = 3.39714, e1mag = 0, e2mag = 0, phie1mag = 1, phie2mag = 1
Elemid = 45, Nodeid = -2, x = 0.008, y = 3.42857, e1mag = 0, e2mag = 0, phie1mag = 1, phie2mag = 1
Elemid = 46, Nodeid = -2, x = 0.012, y = 3.42, e1mag = 0, e2mag = 0, phie1mag = 1, phie2mag = 1
Elemid = 47, Nodeid = -2, x = 0.008, y = 3.44571, e1mag = 0, e2mag = 0, phie1mag = 1, phie2mag = 1
Elemid = 48, Nodeid = -2, x = 0.008, y = 3.47429, e1mag = 0, e2mag = 0, phie1mag = 1, phie2mag = 1
Elemid = 49, Nodeid = -2, x = 0.012, y = 3.45429, e1mag = 0, e2mag = 0, phie1mag = 1, phie2mag = 1
Elemid = 50, Nodeid = -2, x = 0.009, y = 3.51429, e1mag = 0, e2mag = 0, phie1mag = 1, phie2mag = 1
Elemid = 51, Nodeid = -2, x = 0.012, y = 3.48286, e1mag = 0, e2mag = 0, phie1mag = 1, phie2mag = 1
Elemid = 52, Nodeid = -2, x = 0.012, y = 3.50286, e1mag = 0, e2mag = 0, phie1mag = 1, phie2mag = 1
Elemid = 53, Nodeid = -2, x = 0.008, y = 3.53429, e1mag = 0, e2mag = 0, phie1mag = 1, phie2mag = 1
Elemid = 54, Nodeid = -2, x = 0.012, y = 3.54286, e1mag = 0, e2mag = 0, phie1mag = 1, phie2mag = 1

Generating m_varcoeff ================================= 
k = 0, m_varcoeff = ( 0 , 6.54329 , 0 , 9.80399e-13 , 84.7175 ) 
= -2, x = -0.01, y = 5.268, e1mag = 0, e2mag = 0, phie1mag = 1, phie2mag = 1
Elemid = 39, Nodeid = -2, x = -0.01, y = 5.262, e1mag = 0, e2mag = 0, phie1mag = 1, phie2mag = 1
Elemid = 40, Nodeid = -2, x = -0.013, y = 5.265, e1mag = 0, e2mag = 0, phie1mag = 1, phie2mag = 1
Elemid = 41, Nodeid = -2, x = -0.007, y = 5.265, e1mag = 0, e2mag = 0, phie1mag = 1, phie2mag = 1
Elemid = 42, Nodeid = 26, x = -2.13985e-15, y = 5.262, e1mag = 1, e2mag = 1, phie1mag = 1.41421, phie2mag = 1.41421
Elemid = 43, Nodeid = 26, x = -2.14185e-15, y = 5.268, e1mag = 1, e2mag = 1, phie1mag = 1.41421, phie2mag = 1.41421
Elemid = 44, Nodeid = 26, x = -0.003, y = 5.265, e1mag = 1, e2mag = 1, phie1mag = 1.41421, phie2mag = 1.41421
Elemid = 45, Nodeid = 26, x = 0.003, y = 5.265, e1mag = 1, e2mag = 1, phie1mag = 1.41421, phie2mag = 1.41421
Elemid = 46, Nodeid = -2, x = 0.01, y = 5.268, e1mag = 0, e2mag = 0, phie1mag = 1, phie2mag = 1
Elemid = 47, Nodeid = -2, x = 0.01, y = 5.262, e1mag = 0, e2mag = 0, phie1mag = 1, phie2mag = 1
Elemid = 48, Nodeid = -2, x = 0.007, y = 5.265, e1mag = 0, e2mag = 0, phie1mag = 1, phie2mag = 1
Elemid = 49, Nodeid = -2, x = 0.013, y = 5.265, e1mag = 0, e2mag = 0, phie1mag = 1, phie2mag = 1
Elemid = 50, Nodeid = -2, x = -0.012, y = 5.27857, e1mag = 0, e2mag = 0, phie1mag = 1, phie2mag = 1
Elemid = 51, Nodeid = -2, x = -0.008, y = 5.28714, e1mag = 0, e2mag = 0, phie1mag = 1, phie2mag = 1
Elemid = 52, Nodeid = -1, x = -0.002, y = 5.27857, e1mag = 12.9582, e2mag = 12.9582, phie1mag = 12.9967, phie2mag = 12.9967
Elemid = 53, Nodeid = -1, x = 0.002, y = 5.28714, e1mag = 12.9582, e2mag = 12.9582, phie1mag = 12.9967, phie2mag = 12.9967
Elemid = 54, Nodeid = -2, x = 0.012, y = 5.27857, e1mag = 0, e2mag = 0, phie1mag = 1, phie2mag = 1
Elemid = 55, Nodeid = -2, x = 0.008, y = 5.28714, e1mag = 0, e2mag = 0, phie1mag = 1, phie2mag = 1

Generating m_varcoeff ================================= 
k = 0, m_varcoeff = ( 0 , 6.71182 , 0 , 9.88056e-13 , 86.9044 ) 
714, e1mag = 0, e2mag = 0, phie1mag = 1, phie2mag = 1
Elemid = 38, Nodeid = -2, x = 0.008, y = 5.03286, e1mag = 0, e2mag = 0, phie1mag = 1, phie2mag = 1
Elemid = 39, Nodeid = -2, x = 0.009, y = 4.88714, e1mag = 0, e2mag = 0, phie1mag = 1, phie2mag = 1
Elemid = 40, Nodeid = -2, x = 0.009, y = 4.91571, e1mag = 0, e2mag = 0, phie1mag = 1, phie2mag = 1
Elemid = 41, Nodeid = -2, x = 0.012, y = 4.89857, e1mag = 0, e2mag = 0, phie1mag = 1, phie2mag = 1
Elemid = 42, Nodeid = -2, x = 0.009, y = 4.95571, e1mag = 0, e2mag = 0, phie1mag = 1, phie2mag = 1
Elemid = 43, Nodeid = -2, x = 0.012, y = 4.92714, e1mag = 0, e2mag = 0, phie1mag = 1, phie2mag = 1
Elemid = 44, Nodeid = -2, x = 0.012, y = 4.94429, e1mag = 0, e2mag = 0, phie1mag = 1, phie2mag = 1
Elemid = 45, Nodeid = -2, x = 0.009, y = 4.98429, e1mag = 0, e2mag = 0, phie1mag = 1, phie2mag = 1
Elemid = 46, Nodeid = -2, x = 0.012, y = 4.97286, e1mag = 0, e2mag = 0, phie1mag = 1, phie2mag = 1
Elemid = 47, Nodeid = -2, x = 0.009, y = 5.00143, e1mag = 0, e2mag = 0, phie1mag = 1, phie2mag = 1
Elemid = 48, Nodeid = -2, x = 0.012, y = 5.01286, e1mag = 0, e2mag = 0, phie1mag = 1, phie2mag = 1
Elemid = 49, Nodeid = -2, x = -0.01, y = 5.052, e1mag = 0, e2mag = 0, phie1mag = 1, phie2mag = 1
Elemid = 50, Nodeid = -2, x = -0.01, y = 5.058, e1mag = 0, e2mag = 0, phie1mag = 1, phie2mag = 1
Elemid = 51, Nodeid = -2, x = -0.013, y = 5.055, e1mag = 0, e2mag = 0, phie1mag = 1, phie2mag = 1
Elemid = 52, Nodeid = -2, x = -0.007, y = 5.055, e1mag = 0, e2mag = 0, phie1mag = 1, phie2mag = 1
Elemid = 53, Nodeid = 25, x = -2.13985e-15, y = 5.052, e1mag = 1, e2mag = 1, phie1mag = 1.41421, phie2mag = 1.41421
Elemid = 54, Nodeid = 25, x = -0.003, y = 5.055, e1mag = 1, e2mag = 1, phie1mag = 1.41421, phie2mag = 1.41421
Elemid = 55, Nodeid = -2, x = -0.012, y = 5.06857, e1mag = 0, e2mag = 0, phie1mag = 1, phie2mag = 1

Generating m_varcoeff ================================= 
k = 0, m_varcoeff = ( 0 , 6.48735 , 0 , 9.50481e-13 , 83.9579 ) 
k = 1, m_varcoeff = ( 6.48735 , 0 , 0 , 2.46277e-12 , 83.9579 ) 
= 1
Elemid = 38, Nodeid = -2, x = 0.009, y = 6.06286, e1mag = 0, e2mag = 0, phie1mag = 1, phie2mag = 1
Elemid = 39, Nodeid = -2, x = 0.012, y = 6.03143, e1mag = 0, e2mag = 0, phie1mag = 1, phie2mag = 1
Elemid = 40, Nodeid = -2, x = 0.012, y = 6.05143, e1mag = 0, e2mag = 0, phie1mag = 1, phie2mag = 1
Elemid = 41, Nodeid = -2, x = -0.01, y = 6.102, e1mag = 0, e2mag = 0, phie1mag = 1, phie2mag = 1
Elemid = 42, Nodeid = -2, x = -0.01, y = 6.108, e1mag = 0, e2mag = 0, phie1mag = 1, phie2mag = 1
Elemid = 43, Nodeid = -2, x = -0.013, y = 6.105, e1mag = 0, e2mag = 0, phie1mag = 1, phie2mag = 1
Elemid = 44, Nodeid = -2, x = -0.007, y = 6.105, e1mag = 0, e2mag = 0, phie1mag = 1, phie2mag = 1
Elemid = 45, Nodeid = 30, x = -2.14185e-15, y = 6.108, e1mag = 1, e2mag = 1, phie1mag = 1.41421, phie2mag = 1.41421
Elemid = 46, Nodeid = 30, x = -2.13985e-15, y = 6.102, e1mag = 1, e2mag = 1, phie1mag = 1.41421, phie2mag = 1.41421
Elemid = 47, Nodeid = 30, x = -0.003, y = 6.105, e1mag = 1, e2mag = 1, phie1mag = 1.41421, phie2mag = 1.41421
Elemid = 48, Nodeid = 30, x = 0.003, y = 6.105, e1mag = 1, e2mag = 1, phie1mag = 1.41421, phie2mag = 1.41421
Elemid = 49, Nodeid = -2, x = 0.01, y = 6.102, e1mag = 0, e2mag = 0, phie1mag = 1, phie2mag = 1
Elemid = 50, Nodeid = -2, x = 0.01, y = 6.108, e1mag = 0, e2mag = 0, phie1mag = 1, phie2mag = 1
Elemid = 51, Nodeid = -2, x = 0.007, y = 6.105, e1mag = 0, e2mag = 0, phie1mag = 1, phie2mag = 1
Elemid = 52, Nodeid = -2, x = 0.013, y = 6.105, e1mag = 0, e2mag = 0, phie1mag = 1, phie2mag = 1
Elemid = 53, Nodeid = -2, x = -0.012, y = 6.11857, e1mag = 0, e2mag = 0, phie1mag = 1, phie2mag = 1
Elemid = 54, Nodeid = -2, x = -0.008, y = 6.13, e1mag = 0, e2mag = 0, phie1mag = 1, phie2mag = 1
Elemid = 55, Nodeid = -1, x = -0.002, y = 6.11857, e1mag = 12.9582, e2mag = 12.9582, phie1mag = 12.9967, phie2mag = 12.9967

Generating m_varcoeff ================================= 
k = 0, m_varcoeff = ( 0 , 6.71182 , 0 , 9.48428e-13 , 86.9044 ) 
k = 1, m_varcoeff = ( 6.71182 , 0 , 0 , 2.56468e-12 , 86.9044 ) 
e1mag = 12.9967, phie2mag = 12.9967
Elemid = 38, Nodeid = -1, x = -0.001, y = 4.59286, e1mag = 12.9582, e2mag = 12.9582, phie1mag = 12.9967, phie2mag = 12.9967
Elemid = 39, Nodeid = -1, x = 0.002, y = 4.58143, e1mag = 12.9582, e2mag = 12.9582, phie1mag = 12.9967, phie2mag = 12.9967
Elemid = 40, Nodeid = -2, x = 0.008, y = 4.43857, e1mag = 0, e2mag = 0, phie1mag = 1, phie2mag = 1
Elemid = 41, Nodeid = -2, x = 0.012, y = 4.44714, e1mag = 0, e2mag = 0, phie1mag = 1, phie2mag = 1
Elemid = 42, Nodeid = -2, x = 0.012, y = 4.62143, e1mag = 0, e2mag = 0, phie1mag = 1, phie2mag = 1
Elemid = 43, Nodeid = -2, x = 0.009, y = 4.61, e1mag = 0, e2mag = 0, phie1mag = 1, phie2mag = 1
Elemid = 44, Nodeid = -2, x = 0.008, y = 4.47, e1mag = 0, e2mag = 0, phie1mag = 1, phie2mag = 1
Elemid = 45, Nodeid = -2, x = 0.008, y = 4.50429, e1mag = 0, e2mag = 0, phie1mag = 1, phie2mag = 1
Elemid = 46, Nodeid = -2, x = 0.012, y = 4.47857, e1mag = 0, e2mag = 0, phie1mag = 1, phie2mag = 1
Elemid = 47, Nodeid = -2, x = 0.012, y = 4.49571, e1mag = 0, e2mag = 0, phie1mag = 1, phie2mag = 1
Elemid = 48, Nodeid = -2, x = 0.009, y = 4.53571, e1mag = 0, e2mag = 0, phie1mag = 1, phie2mag = 1
Elemid = 49, Nodeid = -2, x = 0.012, y = 4.52429, e1mag = 0, e2mag = 0, phie1mag = 1, phie2mag = 1
Elemid = 50, Nodeid = -2, x = 0.009, y = 4.56429, e1mag = 0, e2mag = 0, phie1mag = 1, phie2mag = 1
Elemid = 51, Nodeid = -2, x = 0.012, y = 4.55286, e1mag = 0, e2mag = 0, phie1mag = 1, phie2mag = 1
Elemid = 52, Nodeid = -2, x = 0.009, y = 4.58143, e1mag = 0, e2mag = 0, phie1mag = 1, phie2mag = 1
Elemid = 53, Nodeid = -2, x = 0.012, y = 4.59286, e1mag = 0, e2mag = 0, phie1mag = 1, phie2mag = 1
Elemid = 54, Nodeid = -2, x = 0.01, y = 4.632, e1mag = 0, e2mag = 0, phie1mag = 1, phie2mag = 1
Elemid = 55, Nodeid = -2, x = 0.013, y = 4.635, e1mag = 0, e2mag = 0, phie1mag = 1, phie2mag = 1

Generating m_varcoeff ================================= 
k = 0, m_varcoeff = ( 0 , 6.71182 , 0 , 9.81764e-13 , 86.9044 ) 
k = 1, m_varcoeff = ( 6.71182 , 0 , 0 , 2.53032e-12 , 86.9044 ) 
= 12.9582, e2mag = 12.9582, phie1mag = 12.9967, phie2mag = 12.9967
Elemid = 39, Nodeid = -1, x = -0.001, y = 3.74143, e1mag = 12.9582, e2mag = 12.9582, phie1mag = 12.9967, phie2mag = 12.9967
Elemid = 40, Nodeid = -1, x = 0.002, y = 3.72143, e1mag = 12.9582, e2mag = 12.9582, phie1mag = 12.9967, phie2mag = 12.9967
Elemid = 41, Nodeid = -1, x = 0.002, y = 3.75286, e1mag = 12.9582, e2mag = 12.9582, phie1mag = 12.9967, phie2mag = 12.9967
Elemid = 42, Nodeid = -2, x = 0.008, y = 3.59857, e1mag = 0, e2mag = 0, phie1mag = 1, phie2mag = 1
Elemid = 43, Nodeid = -2, x = 0.012, y = 3.60714, e1mag = 0, e2mag = 0, phie1mag = 1, phie2mag = 1
Elemid = 44, Nodeid = -2, x = 0.008, y = 3.78143, e1mag = 0, e2mag = 0, phie1mag = 1, phie2mag = 1
Elemid = 45, Nodeid = -2, x = 0.012, y = 3.77286, e1mag = 0, e2mag = 0, phie1mag = 1, phie2mag = 1
Elemid = 46, Nodeid = -2, x = 0.009, y = 3.63857, e1mag = 0, e2mag = 0, phie1mag = 1, phie2mag = 1
Elemid = 47, Nodeid = -2, x = 0.012, y = 3.62714, e1mag = 0, e2mag = 0, phie1mag = 1, phie2mag = 1
Elemid = 48, Nodeid = -2, x = 0.009, y = 3.66714, e1mag = 0, e2mag = 0, phie1mag = 1, phie2mag = 1
Elemid = 49, Nodeid = -2, x = 0.012, y = 3.65571, e1mag = 0, e2mag = 0, phie1mag = 1, phie2mag = 1
Elemid = 50, Nodeid = -2, x = 0.008, y = 3.69571, e1mag = 0, e2mag = 0, phie1mag = 1, phie2mag = 1
Elemid = 51, Nodeid = -2, x = 0.012, y = 3.68429, e1mag = 0, e2mag = 0, phie1mag = 1, phie2mag = 1
Elemid = 52, Nodeid = -2, x = 0.008, y = 3.71286, e1mag = 0, e2mag = 0, phie1mag = 1, phie2mag = 1
Elemid = 53, Nodeid = -2, x = 0.008, y = 3.74143, e1mag = 0, e2mag = 0, phie1mag = 1, phie2mag = 1
Elemid = 54, Nodeid = -2, x = 0.011, y = 3.72429, e1mag = 0, e2mag = 0, phie1mag = 1, phie2mag = 1
Elemid = 55, Nodeid = -2, x = 0.012, y = 3.75, e1mag = 0, e2mag = 0, phie1mag = 1, phie2mag = 1

Generating m_varcoeff ================================= 
k = 0, m_varcoeff = ( 0 , 6.4846 , 0 , 9.29483e-13 , 83.9576 ) 
id = -2, x = -0.011, y = 3.32143, e1mag = 0, e2mag = 0, phie1mag = 1, phie2mag = 1
Elemid = 39, Nodeid = -2, x = -0.008, y = 3.33286, e1mag = 0, e2mag = 0, phie1mag = 1, phie2mag = 1
Elemid = 40, Nodeid = -1, x = -0.001, y = 3.21857, e1mag = 12.9582, e2mag = 12.9582, phie1mag = 12.9967, phie2mag = 12.9967
Elemid = 41, Nodeid = -1, x = -0.002, y = 3.24429, e1mag = 12.9582, e2mag = 12.9582, phie1mag = 12.9967, phie2mag = 12.9967
Elemid = 42, Nodeid = -1, x = 0.002, y = 3.23571, e1mag = 12.9582, e2mag = 12.9582, phie1mag = 12.9967, phie2mag = 12.9967
Elemid = 43, Nodeid = -1, x = -0.001, y = 3.26429, e1mag = 12.9582, e2mag = 12.9582, phie1mag = 12.9967, phie2mag = 12.9967
Elemid = 44, Nodeid = -1, x = -0.001, y = 3.30429, e1mag = 12.9582, e2mag = 12.9582, phie1mag = 12.9967, phie2mag = 12.9967
Elemid = 45, Nodeid = -1, x = 0.002, y = 3.27571, e1mag = 12.9582, e2mag = 12.9582, phie1mag = 12.9967, phie2mag = 12.9967
Elemid = 46, Nodeid = -1, x = 0.002, y = 3.29286, e1mag = 12.9582, e2mag = 12.9582, phie1mag = 12.9967, phie2mag = 12.9967
Elemid = 47, Nodeid = -1, x = -0.001, y = 3.33286, e1mag = 12.9582, e2mag = 12.9582, phie1mag = 12.9967, phie2mag = 12.9967
Elemid = 48, Nodeid = -1, x = 0.002, y = 3.32143, e1mag = 12.9582, e2mag = 12.9582, phie1mag = 12.9967, phie2mag = 12.9967
Elemid = 49, Nodeid = -2, x = 0.009, y = 3.24714, e1mag = 0, e2mag = 0, phie1mag = 1, phie2mag = 1
Elemid = 50, Nodeid = -2, x = 0.009, y = 3.26429, e1mag = 0, e2mag = 0, phie1mag = 1, phie2mag = 1
Elemid = 51, Nodeid = -2, x = 0.008, y = 3.30429, e1mag = 0, e2mag = 0, phie1mag = 1, phie2mag = 1
Elemid = 52, Nodeid = -2, x = 0.012, y = 3.27571, e1mag = 0, e2mag = 0, phie1mag = 1, phie2mag = 1
Elemid = 53, Nodeid = -2, x = 0.012, y = 3.29286, e1mag = 0, e2mag = 0, phie1mag = 1, phie2mag = 1
Elemid = 54, Nodeid = -2, x = 0.008, y = 3.32143, e1mag = 0, e2mag = 0, phie1mag = 1, phie2mag = 1

Generating m_varcoeff ================================= 
k = 0, m_varcoeff = ( 0 , 6.77256 , 0 , 1.01413e-12 , 87.6909 ) 
= 1, phie2mag = 1
Elemid = 38, Nodeid = -2, x = 0.012, y = 4.23714, e1mag = 0, e2mag = 0, phie1mag = 1, phie2mag = 1
Elemid = 39, Nodeid = -2, x = 0.012, y = 4.41143, e1mag = 0, e2mag = 0, phie1mag = 1, phie2mag = 1
Elemid = 40, Nodeid = -2, x = 0.009, y = 4.4, e1mag = 0, e2mag = 0, phie1mag = 1, phie2mag = 1
Elemid = 41, Nodeid = -2, x = 0.009, y = 4.26857, e1mag = 0, e2mag = 0, phie1mag = 1, phie2mag = 1
Elemid = 42, Nodeid = -2, x = 0.012, y = 4.25714, e1mag = 0, e2mag = 0, phie1mag = 1, phie2mag = 1
Elemid = 43, Nodeid = -2, x = 0.009, y = 4.28571, e1mag = 0, e2mag = 0, phie1mag = 1, phie2mag = 1
Elemid = 44, Nodeid = -2, x = 0.009, y = 4.32571, e1mag = 0, e2mag = 0, phie1mag = 1, phie2mag = 1
Elemid = 45, Nodeid = -2, x = 0.012, y = 4.29714, e1mag = 0, e2mag = 0, phie1mag = 1, phie2mag = 1
Elemid = 46, Nodeid = -2, x = 0.012, y = 4.31429, e1mag = 0, e2mag = 0, phie1mag = 1, phie2mag = 1
Elemid = 47, Nodeid = -2, x = 0.009, y = 4.35429, e1mag = 0, e2mag = 0, phie1mag = 1, phie2mag = 1
Elemid = 48, Nodeid = -2, x = 0.012, y = 4.34286, e1mag = 0, e2mag = 0, phie1mag = 1, phie2mag = 1
Elemid = 49, Nodeid = -2, x = 0.009, y = 4.38286, e1mag = 0, e2mag = 0, phie1mag = 1, phie2mag = 1
Elemid = 50, Nodeid = -2, x = 0.012, y = 4.37143, e1mag = 0, e2mag = 0, phie1mag = 1, phie2mag = 1
Elemid = 51, Nodeid = -2, x = 0.01, y = 4.422, e1mag = 0, e2mag = 0, phie1mag = 1, phie2mag = 1
Elemid = 52, Nodeid = -2, x = 0.01, y = 4.428, e1mag = 0, e2mag = 0, phie1mag = 1, phie2mag = 1
Elemid = 53, Nodeid = -2, x = 0.007, y = 4.425, e1mag = 0, e2mag = 0, phie1mag = 1, phie2mag = 1
Elemid = 54, Nodeid = -2, x = 0.013, y = 4.425, e1mag = 0, e2mag = 0, phie1mag = 1, phie2mag = 1

Generating m_varcoeff ================================= 
k = 0, m_varcoeff = ( 0 , 6.30568 , 0 , 8.54887e-13 , 81.6358 ) 
k = 1, m_varcoeff = ( 6.30568 , 0 , 0 , 2.46136e-12 , 81.6358 ) 
 y = 0.841429, e1mag = 0, e2mag = 0, phie1mag = 1, phie2mag = 1
Elemid = 37, Nodeid = -2, x = 0.009, y = 0.83, e1mag = 0, e2mag = 0, phie1mag = 1, phie2mag = 1
Elemid = 38, Nodeid = -2, x = 0.009, y = 0.698571, e1mag = 0, e2mag = 0, phie1mag = 1, phie2mag = 1
Elemid = 39, Nodeid = -2, x = 0.012, y = 0.687143, e1mag = 0, e2mag = 0, phie1mag = 1, phie2mag = 1
Elemid = 40, Nodeid = -2, x = 0.009, y = 0.727143, e1mag = 0, e2mag = 0, phie1mag = 1, phie2mag = 1
Elemid = 41, Nodeid = -2, x = 0.012, y = 0.715714, e1mag = 0, e2mag = 0, phie1mag = 1, phie2mag = 1
Elemid = 42, Nodeid = -2, x = 0.008, y = 0.755714, e1mag = 0, e2mag = 0, phie1mag = 1, phie2mag = 1
Elemid = 43, Nodeid = -2, x = 0.012, y = 0.744286, e1mag = 0, e2mag = 0, phie1mag = 1, phie2mag = 1
Elemid = 44, Nodeid = -2, x = 0.008, y = 0.772857, e1mag = 0, e2mag = 0, phie1mag = 1, phie2mag = 1
Elemid = 45, Nodeid = -2, x = 0.009, y = 0.801429, e1mag = 0, e2mag = 0, phie1mag = 1, phie2mag = 1
Elemid = 46, Nodeid = -2, x = 0.012, y = 0.781429, e1mag = 0, e2mag = 0, phie1mag = 1, phie2mag = 1
Elemid = 47, Nodeid = -2, x = 0.012, y = 0.812857, e1mag = 0, e2mag = 0, phie1mag = 1, phie2mag = 1
Elemid = 48, Nodeid = 5, x = -0.003, y = 0.855, e1mag = 1, e2mag = 1, phie1mag = 1.41421, phie2mag = 1.41421
Elemid = 49, Nodeid = 5, x = 0.003, y = 0.855, e1mag = 1, e2mag = 1, phie1mag = 1.41421, phie2mag = 1.41421
Elemid = 50, Nodeid = 5, x = -2.1399e-15, y = 0.858, e1mag = 1, e2mag = 1, phie1mag = 1.41421, phie2mag = 1.41421
Elemid = 51, Nodeid = 5, x = -2.14182e-15, y = 0.852, e1mag = 1, e2mag = 1, phie1mag = 1.41421, phie2mag = 1.41421
Elemid = 52, Nodeid = -2, x = 0.007, y = 0.855, e1mag = 0, e2mag = 0, phie1mag = 1, phie2mag = 1
Elemid = 53, Nodeid = -2, x = 0.013, y = 0.855, e1mag = 0, e2mag = 0, phie1mag = 1, phie2mag = 1
Elemid = 54, Nodeid = -2, x = 0.01, y = 0.852, e1mag = 0, e2mag = 0, phie1mag = 1, phie2mag = 1
Elemid = 55, Nodeid = -2, x = 0.01, y = 0.858, e1mag = 0, e2mag = 0, phie1mag = 1, phie2mag = 1

Generating m_varcoeff ================================= 
k = 0, m_varcoeff = ( 0 , 6.48735 , 0 , 9.43938e-13 , 83.9579 ) 
 = 0, e2mag = 0, phie1mag = 1, phie2mag = 1
Elemid = 39, Nodeid = -2, x = 0.013, y = 2.745, e1mag = 0, e2mag = 0, phie1mag = 1, phie2mag = 1
Elemid = 40, Nodeid = -2, x = -0.012, y = 2.75857, e1mag = 0, e2mag = 0, phie1mag = 1, phie2mag = 1
Elemid = 41, Nodeid = -2, x = -0.008, y = 2.76714, e1mag = 0, e2mag = 0, phie1mag = 1, phie2mag = 1
Elemid = 42, Nodeid = -2, x = -0.012, y = 2.79857, e1mag = 0, e2mag = 0, phie1mag = 1, phie2mag = 1
Elemid = 43, Nodeid = -2, x = -0.008, y = 2.78714, e1mag = 0, e2mag = 0, phie1mag = 1, phie2mag = 1
Elemid = 44, Nodeid = -2, x = -0.012, y = 2.81571, e1mag = 0, e2mag = 0, phie1mag = 1, phie2mag = 1
Elemid = 45, Nodeid = -2, x = -0.008, y = 2.82429, e1mag = 0, e2mag = 0, phie1mag = 1, phie2mag = 1
Elemid = 46, Nodeid = -1, x = -0.002, y = 2.75857, e1mag = 12.9582, e2mag = 12.9582, phie1mag = 12.9967, phie2mag = 12.9967
Elemid = 47, Nodeid = -1, x = 0.002, y = 2.76714, e1mag = 12.9582, e2mag = 12.9582, phie1mag = 12.9967, phie2mag = 12.9967
Elemid = 48, Nodeid = -1, x = -0.001, y = 2.79857, e1mag = 12.9582, e2mag = 12.9582, phie1mag = 12.9967, phie2mag = 12.9967
Elemid = 49, Nodeid = -1, x = 0.002, y = 2.78714, e1mag = 12.9582, e2mag = 12.9582, phie1mag = 12.9967, phie2mag = 12.9967
Elemid = 50, Nodeid = -1, x = -0.001, y = 2.81571, e1mag = 12.9582, e2mag = 12.9582, phie1mag = 12.9967, phie2mag = 12.9967
Elemid = 51, Nodeid = -2, x = 0.008, y = 2.75857, e1mag = 0, e2mag = 0, phie1mag = 1, phie2mag = 1
Elemid = 52, Nodeid = -2, x = 0.012, y = 2.77, e1mag = 0, e2mag = 0, phie1mag = 1, phie2mag = 1
Elemid = 53, Nodeid = -2, x = 0.009, y = 2.79857, e1mag = 0, e2mag = 0, phie1mag = 1, phie2mag = 1
Elemid = 54, Nodeid = -2, x = 0.012, y = 2.78714, e1mag = 0, e2mag = 0, phie1mag = 1, phie2mag = 1

Generating m_varcoeff ================================= 
k = 0, m_varcoeff = ( 0 , 6.77256 , 0 , 9.96998e-13 , 87.6909 ) 
k = 1, m_varcoeff = ( 6.77256 , 0 , 0 , 2.60772e-12 , 87.6909 ) 
ie1mag = 1, phie2mag = 1
Elemid = 38, Nodeid = -2, x = 0.009, y = 0.545714, e1mag = 0, e2mag = 0, phie1mag = 1, phie2mag = 1
Elemid = 39, Nodeid = -2, x = 0.012, y = 0.534286, e1mag = 0, e2mag = 0, phie1mag = 1, phie2mag = 1
Elemid = 40, Nodeid = -2, x = 0.009, y = 0.574286, e1mag = 0, e2mag = 0, phie1mag = 1, phie2mag = 1
Elemid = 41, Nodeid = -2, x = 0.012, y = 0.562857, e1mag = 0, e2mag = 0, phie1mag = 1, phie2mag = 1
Elemid = 42, Nodeid = -2, x = 0.009, y = 0.591429, e1mag = 0, e2mag = 0, phie1mag = 1, phie2mag = 1
Elemid = 43, Nodeid = -2, x = 0.012, y = 0.602857, e1mag = 0, e2mag = 0, phie1mag = 1, phie2mag = 1
Elemid = 44, Nodeid = -2, x = -0.013, y = 0.645, e1mag = 0, e2mag = 0, phie1mag = 1, phie2mag = 1
Elemid = 45, Nodeid = -2, x = -0.007, y = 0.645, e1mag = 0, e2mag = 0, phie1mag = 1, phie2mag = 1
Elemid = 46, Nodeid = -2, x = -0.01, y = 0.642, e1mag = 0, e2mag = 0, phie1mag = 1, phie2mag = 1
Elemid = 47, Nodeid = -2, x = -0.01, y = 0.648, e1mag = 0, e2mag = 0, phie1mag = 1, phie2mag = 1
Elemid = 48, Nodeid = 4, x = -0.003, y = 0.645, e1mag = 1, e2mag = 1, phie1mag = 1.41421, phie2mag = 1.41421
Elemid = 49, Nodeid = 4, x = -2.14182e-15, y = 0.642, e1mag = 1, e2mag = 1, phie1mag = 1.41421, phie2mag = 1.41421
Elemid = 50, Nodeid = -2, x = -0.013, y = 0.855, e1mag = 0, e2mag = 0, phie1mag = 1, phie2mag = 1
Elemid = 51, Nodeid = -2, x = -0.007, y = 0.855, e1mag = 0, e2mag = 0, phie1mag = 1, phie2mag = 1
Elemid = 52, Nodeid = -2, x = -0.01, y = 0.852, e1mag = 0, e2mag = 0, phie1mag = 1, phie2mag = 1
Elemid = 53, Nodeid = -2, x = -0.01, y = 0.858, e1mag = 0, e2mag = 0, phie1mag = 1, phie2mag = 1
Elemid = 54, Nodeid = -2, x = -0.012, y = 0.868571, e1mag = 0, e2mag = 0, phie1mag = 1, phie2mag = 1

Generating m_varcoeff ================================= 
k = 0, m_varcoeff = ( 0 , 6.54051 , 0 , 9.53085e-13 , 84.7172 ) 
k = 1, m_varcoeff = ( 6.54051 , 0 , 0 , 2.47394e-12 , 84.7172 ) 
 phie2mag = 1
Elemid = 39, Nodeid = -2, x = -0.012, y = 2.96857, e1mag = 0, e2mag = 0, phie1mag = 1, phie2mag = 1
Elemid = 40, Nodeid = -2, x = -0.008, y = 2.98, e1mag = 0, e2mag = 0, phie1mag = 1, phie2mag = 1
Elemid = 41, Nodeid = -2, x = -0.011, y = 3.00857, e1mag = 0, e2mag = 0, phie1mag = 1, phie2mag = 1
Elemid = 42, Nodeid = -2, x = -0.008, y = 2.99714, e1mag = 0, e2mag = 0, phie1mag = 1, phie2mag = 1
Elemid = 43, Nodeid = -2, x = -0.008, y = 3.02571, e1mag = 0, e2mag = 0, phie1mag = 1, phie2mag = 1
Elemid = 44, Nodeid = -1, x = -0.002, y = 2.96857, e1mag = 12.9582, e2mag = 12.9582, phie1mag = 12.9967, phie2mag = 12.9967
Elemid = 45, Nodeid = -1, x = 0.002, y = 2.97714, e1mag = 12.9582, e2mag = 12.9582, phie1mag = 12.9967, phie2mag = 12.9967
Elemid = 46, Nodeid = -1, x = -0.002, y = 3, e1mag = 12.9582, e2mag = 12.9582, phie1mag = 12.9967, phie2mag = 12.9967
Elemid = 47, Nodeid = -1, x = -0.002, y = 3.03429, e1mag = 12.9582, e2mag = 12.9582, phie1mag = 12.9967, phie2mag = 12.9967
Elemid = 48, Nodeid = -1, x = 0.002, y = 3.00857, e1mag = 12.9582, e2mag = 12.9582, phie1mag = 12.9967, phie2mag = 12.9967
Elemid = 49, Nodeid = -1, x = 0.002, y = 3.02571, e1mag = 12.9582, e2mag = 12.9582, phie1mag = 12.9967, phie2mag = 12.9967
Elemid = 50, Nodeid = -2, x = 0.012, y = 2.96857, e1mag = 0, e2mag = 0, phie1mag = 1, phie2mag = 1
Elemid = 51, Nodeid = -2, x = 0.009, y = 2.98, e1mag = 0, e2mag = 0, phie1mag = 1, phie2mag = 1
Elemid = 52, Nodeid = -2, x = 0.009, y = 3.00857, e1mag = 0, e2mag = 0, phie1mag = 1, phie2mag = 1
Elemid = 53, Nodeid = -2, x = 0.012, y = 2.99714, e1mag = 0, e2mag = 0, phie1mag = 1, phie2mag = 1
Elemid = 54, Nodeid = -2, x = 0.008, y = 3.03714, e1mag = 0, e2mag = 0, phie1mag = 1, phie2mag = 1
Elemid = 55, Nodeid = -2, x = 0.012, y = 3.02857, e1mag = 0, e2mag = 0, phie1mag = 1, phie2mag = 1

Generating m_varcoeff ================================= 
k = 0, m_varcoeff = ( 0 , 6.71182 , 0 , 9.59669e-13 , 86.9044 ) 
, phie1mag = 1, phie2mag = 1
Elemid = 40, Nodeid = -2, x = -0.011, y = 0.0857143, e1mag = 0, e2mag = 0, phie1mag = 1, phie2mag = 1
Elemid = 41, Nodeid = -2, x = -0.008, y = 0.0971429, e1mag = 0, e2mag = 0, phie1mag = 1, phie2mag = 1
Elemid = 42, Nodeid = -1, x = -0.002, y = 0.0285714, e1mag = 12.9582, e2mag = 12.9582, phie1mag = 12.9967, phie2mag = 12.9967
Elemid = 43, Nodeid = -1, x = 0.002, y = 0.0371429, e1mag = 12.9582, e2mag = 12.9582, phie1mag = 12.9967, phie2mag = 12.9967
Elemid = 44, Nodeid = -1, x = -0.001, y = 0.0685714, e1mag = 12.9582, e2mag = 12.9582, phie1mag = 12.9967, phie2mag = 12.9967
Elemid = 45, Nodeid = -1, x = 0.002, y = 0.0571429, e1mag = 12.9582, e2mag = 12.9582, phie1mag = 12.9967, phie2mag = 12.9967
Elemid = 46, Nodeid = -1, x = -0.001, y = 0.0971429, e1mag = 12.9582, e2mag = 12.9582, phie1mag = 12.9967, phie2mag = 12.9967
Elemid = 47, Nodeid = -1, x = 0.002, y = 0.0857143, e1mag = 12.9582, e2mag = 12.9582, phie1mag = 12.9967, phie2mag = 12.9967
Elemid = 48, Nodeid = -1, x = -0.001, y = 0.114286, e1mag = 12.9582, e2mag = 12.9582, phie1mag = 12.9967, phie2mag = 12.9967
Elemid = 49, Nodeid = -2, x = 0.008, y = 0.0285714, e1mag = 0, e2mag = 0, phie1mag = 1, phie2mag = 1
Elemid = 50, Nodeid = -2, x = 0.012, y = 0.0371429, e1mag = 0, e2mag = 0, phie1mag = 1, phie2mag = 1
Elemid = 51, Nodeid = -2, x = 0.008, y = 0.0571429, e1mag = 0, e2mag = 0, phie1mag = 1, phie2mag = 1
Elemid = 52, Nodeid = -2, x = 0.009, y = 0.0971429, e1mag = 0, e2mag = 0, phie1mag = 1, phie2mag = 1
Elemid = 53, Nodeid = -2, x = 0.012, y = 0.0685714, e1mag = 0, e2mag = 0, phie1mag = 1, phie2mag = 1
Elemid = 54, Nodeid = -2, x = 0.012, y = 0.0857143, e1mag = 0, e2mag = 0, phie1mag = 1, phie2mag = 1
Elemid = 55, Nodeid = -2, x = 0.012, y = 0.114286, e1mag = 0, e2mag = 0, phie1mag = 1, phie2mag = 1

Generating m_varcoeff ================================= 
k = 0, m_varcoeff = ( 0 , 5.75552 , 0 , 1.96317e-12 , 74.4211 ) 
 = -0.01, y = 1.692, e1mag = 0, e2mag = 0, phie1mag = 1, phie2mag = 1
Elemid = 39, Nodeid = -2, x = -0.01, y = 1.698, e1mag = 0, e2mag = 0, phie1mag = 1, phie2mag = 1
Elemid = 40, Nodeid = 9, x = -0.003, y = 1.695, e1mag = 1, e2mag = 1, phie1mag = 1.41421, phie2mag = 1.41421
Elemid = 41, Nodeid = 9, x = 0.003, y = 1.695, e1mag = 1, e2mag = 1, phie1mag = 1.41421, phie2mag = 1.41421
Elemid = 42, Nodeid = 9, x = -2.14182e-15, y = 1.692, e1mag = 1, e2mag = 1, phie1mag = 1.41421, phie2mag = 1.41421
Elemid = 43, Nodeid = 9, x = -2.1399e-15, y = 1.698, e1mag = 1, e2mag = 1, phie1mag = 1.41421, phie2mag = 1.41421
Elemid = 44, Nodeid = -2, x = 0.007, y = 1.695, e1mag = 0, e2mag = 0, phie1mag = 1, phie2mag = 1
Elemid = 45, Nodeid = -2, x = 0.01, y = 1.692, e1mag = 0, e2mag = 0, phie1mag = 1, phie2mag = 1
Elemid = 46, Nodeid = -2, x = 0.01, y = 1.698, e1mag = 0, e2mag = 0, phie1mag = 1, phie2mag = 1
Elemid = 47, Nodeid = -2, x = 0.013, y = 1.695, e1mag = 0, e2mag = 0, phie1mag = 1, phie2mag = 1
Elemid = 48, Nodeid = -2, x = -0.012, y = 1.70857, e1mag = 0, e2mag = 0, phie1mag = 1, phie2mag = 1
Elemid = 49, Nodeid = -2, x = -0.008, y = 1.72, e1mag = 0, e2mag = 0, phie1mag = 1, phie2mag = 1
Elemid = 50, Nodeid = -1, x = -0.002, y = 1.70857, e1mag = 12.9582, e2mag = 12.9582, phie1mag = 12.9967, phie2mag = 12.9967
Elemid = 51, Nodeid = -1, x = 0.002, y = 1.71714, e1mag = 12.9582, e2mag = 12.9582, phie1mag = 12.9967, phie2mag = 12.9967
Elemid = 52, Nodeid = -2, x = 0.008, y = 1.70857, e1mag = 0, e2mag = 0, phie1mag = 1, phie2mag = 1
Elemid = 53, Nodeid = -2, x = 0.012, y = 1.72, e1mag = 0, e2mag = 0, phie1mag = 1, phie2mag = 1
Elemid = 54, Nodeid = -2, x = 0.012, y = 1.73714, e1mag = 0, e2mag = 0, phie1mag = 1, phie2mag = 1

Generating m_varcoeff ================================= 
k = 0, m_varcoeff = ( 0 , 6.77256 , 0 , 9.68354e-13 , 87.6909 ) 
k = 1, m_varcoeff = ( 6.77256 , 0 , 0 , 2.67521e-12 , 87.6909 ) 
mag = 0, e2mag = 0, phie1mag = 1, phie2mag = 1
Elemid = 39, Nodeid = 10, x = -0.003, y = 1.905, e1mag = 1, e2mag = 1, phie1mag = 1.41421, phie2mag = 1.41421
Elemid = 40, Nodeid = 10, x = 0.003, y = 1.905, e1mag = 1, e2mag = 1, phie1mag = 1.41421, phie2mag = 1.41421
Elemid = 41, Nodeid = 10, x = -2.14182e-15, y = 1.902, e1mag = 1, e2mag = 1, phie1mag = 1.41421, phie2mag = 1.41421
Elemid = 42, Nodeid = 10, x = -2.1399e-15, y = 1.908, e1mag = 1, e2mag = 1, phie1mag = 1.41421, phie2mag = 1.41421
Elemid = 43, Nodeid = -2, x = 0.007, y = 1.905, e1mag = 0, e2mag = 0, phie1mag = 1, phie2mag = 1
Elemid = 44, Nodeid = -2, x = 0.01, y = 1.902, e1mag = 0, e2mag = 0, phie1mag = 1, phie2mag = 1
Elemid = 45, Nodeid = -2, x = 0.01, y = 1.908, e1mag = 0, e2mag = 0, phie1mag = 1, phie2mag = 1
Elemid = 46, Nodeid = -2, x = 0.013, y = 1.905, e1mag = 0, e2mag = 0, phie1mag = 1, phie2mag = 1
Elemid = 47, Nodeid = -2, x = -0.011, y = 1.91857, e1mag = 0, e2mag = 0, phie1mag = 1, phie2mag = 1
Elemid = 48, Nodeid = -2, x = -0.008, y = 1.93, e1mag = 0, e2mag = 0, phie1mag = 1, phie2mag = 1
Elemid = 49, Nodeid = -1, x = -0.002, y = 1.91857, e1mag = 12.9582, e2mag = 12.9582, phie1mag = 12.9967, phie2mag = 12.9967
Elemid = 50, Nodeid = -1, x = 0.002, y = 1.92714, e1mag = 12.9582, e2mag = 12.9582, phie1mag = 12.9967, phie2mag = 12.9967
Elemid = 51, Nodeid = -1, x = 0.002, y = 1.95, e1mag = 12.9582, e2mag = 12.9582, phie1mag = 12.9967, phie2mag = 12.9967
Elemid = 52, Nodeid = -2, x = 0.008, y = 1.91857, e1mag = 0, e2mag = 0, phie1mag = 1, phie2mag = 1
Elemid = 53, Nodeid = -2, x = 0.012, y = 1.92714, e1mag = 0, e2mag = 0, phie1mag = 1, phie2mag = 1
Elemid = 54, Nodeid = -2, x = 0.009, y = 1.95857, e1mag = 0, e2mag = 0, phie1mag = 1, phie2mag = 1
Elemid = 55, Nodeid = -2, x = 0.012, y = 1.94714, e1mag = 0, e2mag = 0, phie1mag = 1, phie2mag = 1

Generating m_varcoeff ================================= 
k = 0, m_varcoeff = ( 0 , 6.71182 , 0 , 9.5494e-13 , 86.9044 ) 
k = 1, m_varcoeff = ( 6.38448 , 0 , 0 , 3.52159e-12 , 82.1275 ) 
k = 2, m_varcoeff = ( 0 , 0 , 1 , 0 , 1 ) 
 ::::: 2D Varcoeff is Successfully Created ::::: 


phie1mag = 1, phie2mag = 1
Elemid = 38, Nodeid = -2, x = 0.012, y = 0.982857, e1mag = 0, e2mag = 0, phie1mag = 1, phie2mag = 1
Elemid = 39, Nodeid = -2, x = 0.008, y = 1.02286, e1mag = 0, e2mag = 0, phie1mag = 1, phie2mag = 1
Elemid = 40, Nodeid = -2, x = 0.012, y = 1.01429, e1mag = 0, e2mag = 0, phie1mag = 1, phie2mag = 1
Elemid = 41, Nodeid = -2, x = -0.013, y = 1.065, e1mag = 0, e2mag = 0, phie1mag = 1, phie2mag = 1
Elemid = 42, Nodeid = -2, x = -0.007, y = 1.065, e1mag = 0, e2mag = 0, phie1mag = 1, phie2mag = 1
Elemid = 43, Nodeid = -2, x = -0.01, y = 1.068, e1mag = 0, e2mag = 0, phie1mag = 1, phie2mag = 1
Elemid = 44, Nodeid = -2, x = -0.01, y = 1.062, e1mag = 0, e2mag = 0, phie1mag = 1, phie2mag = 1
Elemid = 45, Nodeid = 6, x = -0.003, y = 1.065, e1mag = 1, e2mag = 1, phie1mag = 1.41421, phie2mag = 1.41421
Elemid = 46, Nodeid = 6, x = 0.003, y = 1.065, e1mag = 1, e2mag = 1, phie1mag = 1.41421, phie2mag = 1.41421
Elemid = 47, Nodeid = 6, x = -2.14182e-15, y = 1.062, e1mag = 1, e2mag = 1, phie1mag = 1.41421, phie2mag = 1.41421
Elemid = 48, Nodeid = 6, x = -2.1399e-15, y = 1.068, e1mag = 1, e2mag = 1, phie1mag = 1.41421, phie2mag = 1.41421
Elemid = 49, Nodeid = -2, x = 0.007, y = 1.065, e1mag = 0, e2mag = 0, phie1mag = 1, phie2mag = 1
Elemid = 50, Nodeid = -2, x = 0.01, y = 1.062, e1mag = 0, e2mag = 0, phie1mag = 1, phie2mag = 1
Elemid = 51, Nodeid = -2, x = 0.01, y = 1.068, e1mag = 0, e2mag = 0, phie1mag = 1, phie2mag = 1
Elemid = 52, Nodeid = -2, x = 0.013, y = 1.065, e1mag = 0, e2mag = 0, phie1mag = 1, phie2mag = 1
Elemid = 53, Nodeid = -2, x = -0.012, y = 1.07857, e1mag = 0, e2mag = 0, phie1mag = 1, phie2mag = 1
Elemid = 54, Nodeid = -2, x = -0.008, y = 1.08714, e1mag = 0, e2mag = 0, phie1mag = 1, phie2mag = 1
Elemid = 55, Nodeid = -2, x = -0.008, y = 1.11, e1mag = 0, e2mag = 0, phie1mag = 1, phie2mag = 1

Generating m_varcoeff ================================= 
k = 0, m_varcoeff = ( 0 , 6.4846 , 0 , 9.65207e-13 , 83.9576 ) 
k = 1, m_varcoeff = ( 6.4846 , 0 , 0 , 2.45727e-12 , 83.9576 ) 
g = 1
Elemid = 38, Nodeid = -2, x = 0.012, y = 3.83714, e1mag = 0, e2mag = 0, phie1mag = 1, phie2mag = 1
Elemid = 39, Nodeid = -2, x = 0.009, y = 3.87714, e1mag = 0, e2mag = 0, phie1mag = 1, phie2mag = 1
Elemid = 40, Nodeid = -2, x = 0.012, y = 3.86571, e1mag = 0, e2mag = 0, phie1mag = 1, phie2mag = 1
Elemid = 41, Nodeid = -2, x = 0.009, y = 3.89429, e1mag = 0, e2mag = 0, phie1mag = 1, phie2mag = 1
Elemid = 42, Nodeid = -2, x = 0.009, y = 3.93429, e1mag = 0, e2mag = 0, phie1mag = 1, phie2mag = 1
Elemid = 43, Nodeid = -2, x = 0.012, y = 3.90571, e1mag = 0, e2mag = 0, phie1mag = 1, phie2mag = 1
Elemid = 44, Nodeid = -2, x = 0.012, y = 3.92286, e1mag = 0, e2mag = 0, phie1mag = 1, phie2mag = 1
Elemid = 45, Nodeid = -2, x = 0.008, y = 3.96286, e1mag = 0, e2mag = 0, phie1mag = 1, phie2mag = 1
Elemid = 46, Nodeid = -2, x = 0.012, y = 3.95429, e1mag = 0, e2mag = 0, phie1mag = 1, phie2mag = 1
Elemid = 47, Nodeid = 20, x = 0.003, y = 4.005, e1mag = 1, e2mag = 1, phie1mag = 1.41421, phie2mag = 1.41421
Elemid = 48, Nodeid = 20, x = -2.14085e-15, y = 4.002, e1mag = 1, e2mag = 1, phie1mag = 1.41421, phie2mag = 1.41421
Elemid = 49, Nodeid = 20, x = -2.14089e-15, y = 4.008, e1mag = 1, e2mag = 1, phie1mag = 1.41421, phie2mag = 1.41421
Elemid = 50, Nodeid = 20, x = -0.003, y = 4.005, e1mag = 1, e2mag = 1, phie1mag = 1.41421, phie2mag = 1.41421
Elemid = 51, Nodeid = -2, x = 0.013, y = 4.005, e1mag = 0, e2mag = 0, phie1mag = 1, phie2mag = 1
Elemid = 52, Nodeid = -2, x = 0.01, y = 4.002, e1mag = 0, e2mag = 0, phie1mag = 1, phie2mag = 1
Elemid = 53, Nodeid = -2, x = 0.01, y = 4.008, e1mag = 0, e2mag = 0, phie1mag = 1, phie2mag = 1
Elemid = 54, Nodeid = -2, x = 0.007, y = 4.005, e1mag = 0, e2mag = 0, phie1mag = 1, phie2mag = 1

Generating m_varcoeff ================================= 
k = 0, m_varcoeff = ( 0 , 6.31144 , 0 , 9.31404e-13 , 81.6363 ) 
k = 1, m_varcoeff = ( 6.31144 , 0 , 0 , 2.47253e-12 , 81.6363 ) 
k = 1, m_varcoeff = ( 6.30568 , 0 , 0 , 2.40354e-12 , 81.6358 ) 
k = 0, m_varcoeff = ( 0 , 6.4846 , 0 , 9.4095e-13 , 83.9576 ) 
k = 1, m_varcoeff = ( 6.4846 , 0 , 0 , 2.47777e-12 , 83.9576 ) 
k = 0, m_varcoeff = ( 0 , 6.71182 , 0 , 9.35269e-13 , 86.9044 ) 
k = 2, m_varcoeff = ( 0 , 0 , 1 , 0 , 1 ) 
 ::::: 2D Varcoeff is Successfully Created ::::: 

Generating m_phievarcoeff ================================= 
k = 2, m_varcoeff = ( 0 , 0 , 1 , 0 , 1 ) 
 ::::: 2D Varcoeff is Successfully Created ::::: 

Generating m_phievarcoeff ================================= 
k = 1, m_varcoeff = ( 6.25198 , 0 , 0 , 2.38766e-12 , 80.9039 ) 
k = 1, m_varcoeff = ( 6.77256 , 0 , 0 , 2.57331e-12 , 87.6909 ) 
k = 1, m_varcoeff = ( 6.54329 , 0 , 0 , 2.42212e-12 , 84.7175 ) 
k = 1, m_varcoeff = ( 6.71182 , 0 , 0 , 2.58433e-12 , 86.9044 ) 
k = 2, m_varcoeff = ( 0 , 0 , 1 , 0 , 1 ) 
 ::::: 2D Varcoeff is Successfully Created ::::: 

Generating m_phievarcoeff ================================= 
k = 2, m_varcoeff = ( 0 , 0 , 1 , 0 , 1 ) 
 ::::: 2D Varcoeff is Successfully Created ::::: 

Generating m_phievarcoeff ================================= 
k = 1, m_varcoeff = ( 6.4846 , 0 , 0 , 2.45727e-12 , 83.9576 ) 
k = 1, m_varcoeff = ( 6.77256 , 0 , 0 , 2.57331e-12 , 87.6909 ) 
k = 1, m_varcoeff = ( 6.71182 , 0 , 0 , 2.65121e-12 , 86.9044 ) 
k = 0, m_varcoeff = ( 0 , 6.93159 , 0 , 1.0059e-12 , 89.7544 ) 
k = 1, m_varcoeff = ( 6.54329 , 0 , 0 , 2.45864e-12 , 84.7175 ) 
k = 2, m_varcoeff = ( 0 , 0 , 1 , 0 , 1 ) 
 ::::: 2D Varcoeff is Successfully Created ::::: 

Generating m_phievarcoeff ================================= 
k = 1, m_varcoeff = ( 6.48735 , 0 , 0 , 2.46277e-12 , 83.9579 ) 
k = 2, m_varcoeff = ( 0 , 0 , 1 , 0 , 1 ) 
 ::::: 2D Varcoeff is Successfully Created ::::: 

Generating m_phievarcoeff ================================= 
k = 1, m_varcoeff = ( 6.71182 , 0 , 0 , 2.61798e-12 , 86.9044 ) 
k = 1, m_varcoeff = ( 5.75552 , 0 , 0 , 2.56083e-12 , 74.4211 ) 
k = 2, m_varcoeff = ( 0 , 0 , 1 , 0 , 1 ) 
 ::::: 2D Varcoeff is Successfully Created ::::: 

Generating m_phievarcoeff ================================= 
k = 1, m_varcoeff = ( 6.93159 , 0 , 0 , 2.65388e-12 , 89.7544 ) 
k = 2, m_varcoeff = ( 0 , 0 , 1 , 0 , 1 ) 
 ::::: 2D Varcoeff is Successfully Created ::::: 

Generating m_phievarcoeff ================================= 
k = 2, m_varcoeff = ( 0 , 0 , 1 , 0 , 1 ) 
 ::::: 2D Varcoeff is Successfully Created ::::: 

Generating m_phievarcoeff ================================= 
k = 2, m_varcoeff = ( 0 , 0 , 1 , 0 , 1 ) 
 ::::: 2D Varcoeff is Successfully Created ::::: 

Generating m_phievarcoeff ================================= 
k = 1, m_varcoeff = ( 6.71182 , 0 , 0 , 2.67023e-12 , 86.9044 ) 
k = 0, m_varcoeff = ( 0 , 6.84599 , 0 , 3.06e-12 , 88.218 ) 
k = 2, m_varcoeff = ( 0 , 0 , 1 , 0 , 1 ) 
 ::::: 2D Varcoeff is Successfully Created ::::: 

Generating m_phievarcoeff ================================= 
k = 2, m_varcoeff = ( 0 , 0 , 1 , 0 , 1 ) 
 ::::: 2D Varcoeff is Successfully Created ::::: 

Generating m_phievarcoeff ================================= 
k = 2, m_varcoeff = ( 0 , 0 , 1 , 0 , 1 ) 
 ::::: 2D Varcoeff is Successfully Created ::::: 

Generating m_phievarcoeff ================================= 
k = 2, m_varcoeff = ( 0 , 0 , 1 , 0 , 1 ) 
 ::::: 2D Varcoeff is Successfully Created ::::: 

Generating m_phievarcoeff ================================= 
k = 2, m_varcoeff = ( 0 , 0 , 1 , 0 , 1 ) 
 ::::: 2D Varcoeff is Successfully Created ::::: 

Generating m_phievarcoeff ================================= 
k = 2, m_varcoeff = ( 0 , 0 , 1 , 0 , 1 ) 
 ::::: 2D Varcoeff is Successfully Created ::::: 

Generating m_phievarcoeff ================================= 
k = 0, m_varcoeff = ( 0 , 6.32863 , 0 , 1.45169e-12 , 81.391 ) 
k = 2, m_varcoeff = ( 0 , 0 , 1 , 0 , 1 ) 
 ::::: 2D Varcoeff is Successfully Created ::::: 

Generating m_phievarcoeff ================================= 
k = 0, m_varcoeff = ( 0 , 6.56397 , 0 , 1.49714e-12 , 84.4636 ) 
k = 2, m_varcoeff = ( 0 , 0 , 1 , 0 , 1 ) 
 ::::: 2D Varcoeff is Successfully Created ::::: 

Generating m_phievarcoeff ================================= 
k = 2, m_varcoeff = ( 0 , 0 , 1 , 0 , 1 ) 
 ::::: 2D Varcoeff is Successfully Created ::::: 

Generating m_phievarcoeff ================================= 
k = 2, m_varcoeff = ( 0 , 0 , 1 , 0 , 1 ) 
 ::::: 2D Varcoeff is Successfully Created ::::: 

Generating m_phievarcoeff ================================= 
k = 0, m_varcoeff = ( 0 , 6.78591 , 0 , 1.56591e-12 , 87.4269 ) 
k = 2, m_varcoeff = ( 0 , 0 , 1 , 0 , 1 ) 
 ::::: 2D Varcoeff is Successfully Created ::::: 

Generating m_phievarcoeff ================================= 
k = 2, m_varcoeff = ( 0 , 0 , 1 , 0 , 1 ) 
 ::::: 2D Varcoeff is Successfully Created ::::: 

Generating m_phievarcoeff ================================= 
k = 0, m_varcoeff = ( 0 , 6.78591 , 0 , 1.48593e-12 , 87.4269 ) 
k = 0, m_varcoeff = ( 0 , 6.84599 , 0 , 1.59684e-12 , 88.218 ) 
k = 2, m_varcoeff = ( 0 , 0 , 1 , 0 , 1 ) 
 ::::: 2D Varcoeff is Successfully Created ::::: 

Generating m_phievarcoeff ================================= 
k = 0, m_varcoeff = ( 0 , 6.84599 , 0 , 1.55048e-12 , 88.218 ) 
k = 2, m_varcoeff = ( 0 , 0 , 1 , 0 , 1 ) 
 ::::: 2D Varcoeff is Successfully Created ::::: 

Generating m_phievarcoeff ================================= 
k = 0, m_varcoeff = ( 0 , 6.61651 , 0 , 1.55237e-12 , 85.2266 ) 
k = 0, m_varcoeff = ( 0 , 6.38448 , 0 , 1.34512e-12 , 82.1275 ) 
k = 2, m_varcoeff = ( 0 , 0 , 1 , 0 , 1 ) 
 ::::: 2D Varcoeff is Successfully Created ::::: 

Generating m_phievarcoeff ================================= 
k = 2, m_varcoeff = ( 0 , 0 , 1 , 0 , 1 ) 
 ::::: 2D Varcoeff is Successfully Created ::::: 

Generating m_phievarcoeff ================================= 
k = 1, m_varcoeff = ( 6.84599 , 0 , 0 , 4.35203e-12 , 88.218 ) 
k = 0, m_varcoeff = ( 0 , 6.84599 , 0 , 1.52957e-12 , 88.218 ) 
k = 0, m_varcoeff = ( 0 , 6.39017 , 0 , 1.46704e-12 , 82.1288 ) 
k = 0, m_varcoeff = ( 0 , 6.33145 , 0 , 1.45539e-12 , 81.3917 ) 
k = 1, m_varcoeff = ( 6.32863 , 0 , 0 , 3.59129e-12 , 81.391 ) 
k = 0, m_varcoeff = ( 0 , 6.61926 , 0 , 1.57318e-12 , 85.2272 ) 
k = 0, m_varcoeff = ( 0 , 6.38448 , 0 , 1.40331e-12 , 82.1275 ) 
k = 0, m_varcoeff = ( 0 , 6.61926 , 0 , 1.51059e-12 , 85.2272 ) 
k = 0, m_varcoeff = ( 0 , 6.56125 , 0 , 1.47469e-12 , 84.4629 ) 
k = 0, m_varcoeff = ( 0 , 6.56125 , 0 , 1.5517e-12 , 84.4629 ) 
k = 1, m_varcoeff = ( 6.56397 , 0 , 0 , 3.73575e-12 , 84.4636 ) 
k = 0, m_varcoeff = ( 0 , 6.84599 , 0 , 1.62674e-12 , 88.218 ) 
k = 0, m_varcoeff = ( 0 , 6.78591 , 0 , 1.49588e-12 , 87.4269 ) 
k = 0, m_varcoeff = ( 0 , 6.56125 , 0 , 1.50863e-12 , 84.4629 ) 
k = 1, m_varcoeff = ( 6.78591 , 0 , 0 , 3.83754e-12 , 87.4269 ) 
k = 0, m_varcoeff = ( 0 , 6.56397 , 0 , 1.48848e-12 , 84.4636 ) 
k = 0, m_varcoeff = ( 0 , 6.78591 , 0 , 1.51721e-12 , 87.4269 ) 
k = 1, m_varcoeff = ( 6.61651 , 0 , 0 , 3.76189e-12 , 85.2266 ) 
k = 1, m_varcoeff = ( 6.78591 , 0 , 0 , 3.93053e-12 , 87.4269 ) 
k = 1, m_varcoeff = ( 6.84599 , 0 , 0 , 3.99316e-12 , 88.218 ) 
k = 1, m_varcoeff = ( 6.84599 , 0 , 0 , 3.89927e-12 , 88.218 ) 
k = 0, m_varcoeff = ( 0 , 5.84175 , 0 , 2.97765e-12 , 74.8716 ) 
k = 0, m_varcoeff = ( 0 , 7.00336 , 0 , 1.59367e-12 , 90.2937 ) 
k = 1, m_varcoeff = ( 6.38448 , 0 , 0 , 3.78678e-12 , 82.1275 ) 
k = 2, m_varcoeff = ( 0 , 0 , 1 , 0 , 1 ) 
 ::::: 2D Varcoeff is Successfully Created ::::: 


k = 0, m_varcoeff = ( 0 , 6.78591 , 0 , 1.46841e-12 , 87.4269 ) 
k = 1, m_varcoeff = ( 6.84599 , 0 , 0 , 4.17629e-12 , 88.218 ) 
k = 1, m_varcoeff = ( 6.39017 , 0 , 0 , 3.7955e-12 , 82.1288 ) 
k = 1, m_varcoeff = ( 6.33145 , 0 , 0 , 3.626e-12 , 81.3917 ) 
k = 1, m_varcoeff = ( 6.56125 , 0 , 0 , 3.73229e-12 , 84.4629 ) 
k = 1, m_varcoeff = ( 6.61926 , 0 , 0 , 3.63694e-12 , 85.2272 ) 
k = 1, m_varcoeff = ( 6.38448 , 0 , 0 , 3.65374e-12 , 82.1275 ) 
k = 2, m_varcoeff = ( 0 , 0 , 1 , 0 , 1 ) 
 ::::: 2D Varcoeff is Successfully Created ::::: 


k = 1, m_varcoeff = ( 6.61926 , 0 , 0 , 3.73549e-12 , 85.2272 ) 
k = 1, m_varcoeff = ( 6.56125 , 0 , 0 , 3.73157e-12 , 84.4629 ) 
k = 0, m_varcoeff = ( 0 , 6.78591 , 0 , 1.58306e-12 , 87.4269 ) 
k = 1, m_varcoeff = ( 6.56125 , 0 , 0 , 3.76123e-12 , 84.4629 ) 
k = 2, m_varcoeff = ( 0 , 0 , 1 , 0 , 1 ) 
 ::::: 2D Varcoeff is Successfully Created ::::: 


k = 1, m_varcoeff = ( 6.84599 , 0 , 0 , 3.89425e-12 , 88.218 ) 
k = 1, m_varcoeff = ( 6.78591 , 0 , 0 , 4.13877e-12 , 87.4269 ) 
k = 2, m_varcoeff = ( 0 , 0 , 1 , 0 , 1 ) 
 ::::: 2D Varcoeff is Successfully Created ::::: 


k = 1, m_varcoeff = ( 6.78591 , 0 , 0 , 4.04718e-12 , 87.4269 ) 
k = 1, m_varcoeff = ( 6.56397 , 0 , 0 , 3.73425e-12 , 84.4636 ) 
k = 2, m_varcoeff = ( 0 , 0 , 1 , 0 , 1 ) 
 ::::: 2D Varcoeff is Successfully Created ::::: 


k = 2, m_varcoeff = ( 0 , 0 , 1 , 0 , 1 ) 
 ::::: 2D Varcoeff is Successfully Created ::::: 


k = 2, m_varcoeff = ( 0 , 0 , 1 , 0 , 1 ) 
 ::::: 2D Varcoeff is Successfully Created ::::: 


k = 2, m_varcoeff = ( 0 , 0 , 1 , 0 , 1 ) 
 ::::: 2D Varcoeff is Successfully Created ::::: 


k = 2, m_varcoeff = ( 0 , 0 , 1 , 0 , 1 ) 
 ::::: 2D Varcoeff is Successfully Created ::::: 


k = 1, m_varcoeff = ( 5.84175 , 0 , 0 , 3.8873e-12 , 74.8716 ) 
k = 1, m_varcoeff = ( 7.00336 , 0 , 0 , 4.05807e-12 , 90.2937 ) 
k = 1, m_varcoeff = ( 6.78591 , 0 , 0 , 4.16425e-12 , 87.4269 ) 
k = 2, m_varcoeff = ( 0 , 0 , 1 , 0 , 1 ) 
 ::::: 2D Varcoeff is Successfully Created ::::: 


k = 2, m_varcoeff = ( 0 , 0 , 1 , 0 , 1 ) 
 ::::: 2D Varcoeff is Successfully Created ::::: 


k = 2, m_varcoeff = ( 0 , 0 , 1 , 0 , 1 ) 
 ::::: 2D Varcoeff is Successfully Created ::::: 


k = 2, m_varcoeff = ( 0 , 0 , 1 , 0 , 1 ) 
 ::::: 2D Varcoeff is Successfully Created ::::: 


k = 2, m_varcoeff = ( 0 , 0 , 1 , 0 , 1 ) 
 ::::: 2D Varcoeff is Successfully Created ::::: 


=======================================================================
	        EquationType: MMFNeuralEP
	        Session Name: Fiber2DEphapticPlaneL6Isolated
	        Spatial Dim.: 3
	  Max SEM Exp. Order: 5
	      Num. Processes: 30
	      Expansion Dim.: 2
	     Projection Type: Continuous Galerkin
	 Advect. advancement: explicit
	Diffuse. advancement: implicit
	           Time Step: 1e-07
	        No. of Steps: 20000000
	 Checkpoints (steps): 1000000
	    Integration Type: IMEX
	             Surface: Line
	           DerivType: Euclidean
	              MMFdir: TangentY
	        NeuralEPType: NeuralEP2Dbi
	      ExtCurrentType: Isolated
	       GlobalSysSoln: XxtMultiLevelStaticCond
	          Fiber Type: SingleLinear
	         ExtFieldStr: 1
	        Fiber Length: 0.01
	         Node Length: 0.01
	       Myelin Length: 0.2
	   Total_Number_Node: 30
	    Element_per_Node: 4
	  Element_per_Myelin: 14
	         Temperature: 24
	            diameter: 0.01
k = 2, m_varcoeff = ( 0 , 0 , 1 , 0 , 1 ) 
 ::::: 2D Varcoeff is Successfully Created ::::: 


k = 2, m_varcoeff = ( 0 , 0 , 1 , 0 , 1 ) 
 ::::: 2D Varcoeff is Successfully Created ::::: 


k = 2, m_varcoeff = ( 0 , 0 , 1 , 0 , 1 ) 
 ::::: 2D Varcoeff is Successfully Created ::::: 


k = 2, m_varcoeff = ( 0 , 0 , 1 , 0 , 1 ) 
 ::::: 2D Varcoeff is Successfully Created ::::: 


k = 2, m_varcoeff = ( 0 , 0 , 1 , 0 , 1 ) 
 ::::: 2D Varcoeff is Successfully Created ::::: 


k = 2, m_varcoeff = ( 0 , 0 , 1 , 0 , 1 ) 
 ::::: 2D Varcoeff is Successfully Created ::::: 


	             Helmtau: 1
	                  nq: 1650
	                npts: 30
=======================================================================
k = 2, m_varcoeff = ( 0 , 0 , 1 , 0 , 1 ) 
 ::::: 2D Varcoeff is Successfully Created ::::: 


k = 1, m_varcoeff = ( 6.78591 , 0 , 0 , 3.95975e-12 , 87.4269 ) 
k = 2, m_varcoeff = ( 0 , 0 , 1 , 0 , 1 ) 
 ::::: 2D Varcoeff is Successfully Created ::::: 


k = 2, m_varcoeff = ( 0 , 0 , 1 , 0 , 1 ) 
 ::::: 2D Varcoeff is Successfully Created ::::: 


k = 2, m_varcoeff = ( 0 , 0 , 1 , 0 , 1 ) 
 ::::: 2D Varcoeff is Successfully Created ::::: 


k = 2, m_varcoeff = ( 0 , 0 , 1 , 0 , 1 ) 
 ::::: 2D Varcoeff is Successfully Created ::::: 


Initial Conditions:
k = 2, m_varcoeff = ( 0 , 0 , 1 , 0 , 1 ) 
 ::::: 2D Varcoeff is Successfully Created ::::: 


  - Field um: 0
  - Field ue: 0
Initial Conditions:
  - Field um: 0
  - Field ue: 0
Writing: "Fiber2DEphapticPlaneL6Isolated_initial.chk"
 (0.00194513s, XML)
phi_m, max: -0.000000 at y = 3.971429./ phi_m, min: -0.001126 at y = 4.000000


phi_m, max: -0.000000 at y = 4.420000./ phi_m, min: -0.001153 at y = 4.424832


phi_m, max: -0.000000 at y = 5.690000./ phi_m, min: -0.001153 at y = 5.895168


phi_m, max: -0.000000 at y = 2.320000./ phi_m, min: -0.001153 at y = 2.324832


phi_m, max: -0.000000 at y = 4.640000./ phi_m, min: -0.001153 at y = 4.634832


phi_m, max: 18.893457 at y = 0.640000./ phi_m, min: 0.000000 at y = 0.650000


phi_m, max: -0.000000 at y = 3.580000./ phi_m, min: -0.001153 at y = 3.584832


phi_m, max: -0.000000 at y = 1.900000./ phi_m, min: -0.001153 at y = 1.905168


phi_m, max: -0.000000 at y = 3.370000./ phi_m, min: -0.001153 at y = 3.375168


phi_m, max: -0.000000 at y = 3.790000./ phi_m, min: -0.001153 at y = 4.004832


phi_m, max: -0.000000 at y = 2.110000./ phi_m, min: -0.001153 at y = 2.115168


phi_m, max: -0.000000 at y = 1.480000./ phi_m, min: -0.001152 at y = 1.485168


phi_m, max: -0.000000 at y = 2.950000./ phi_m, min: -0.001153 at y = 2.954832


phi_m, max: -0.000000 at y = 2.740000./ phi_m, min: -0.001153 at y = 2.744832


phi_m, max: 27.072587 at y = 0.440000./ phi_m, min: 0.000000 at y = 0.430000


phi_m, max: -0.000000 at y = 5.928571./ phi_m, min: -0.001153 at y = 6.105168


phi_m, max: -0.000000 at y = 5.480000./ phi_m, min: -0.001153 at y = 5.685168


phi_m, max: -0.000000 at y = 4.210000./ phi_m, min: -0.001153 at y = 4.215168


phi_m, max: 0.015271 at y = 0.860000./ phi_m, min: -0.000723 at y = 1.070000


phi_m, max: -0.000000 at y = 4.850000./ phi_m, min: -0.001153 at y = 5.055168


phi_m, max: 112.624926 at y = 0.018213./ phi_m, min: 0.000000 at y = -0.010000


phi_m, max: -0.000000 at y = 5.050000./ phi_m, min: -0.001153 at y = 5.055168


Steps: 1000000  Time: 0.1         

Time: 0.100000
CPU Time: 74.486909 min.
phi_m, max: -0.000000 at y = 3.131429./ phi_m, min: -0.001161 at y = 6.320000


phi_m, max: -0.000000 at y = 1.270000./ phi_m, min: -0.001127 at y = 1.278213


phi_m, max: 115.829979 at y = 0.228213./ phi_m, min: 0.000000 at y = 0.220000


phi_m, max: -0.000000 at y = 1.518571./ phi_m, min: -0.001153 at y = 1.695168


phi_m, max: -0.000000 at y = 2.358571./ phi_m, min: -0.001153 at y = 2.535168


phi_m, max: 114.270515 at y = 0.430587./ phi_m, min: -0.001124 at y = 3.198571


phi_m, max: -0.000000 at y = 6.310000./ phi_m, min: -0.001162 at y = 6.318213


phi_m, max: -0.000000 at y = 5.260000./ phi_m, min: -0.001153 at y = 5.264832


Writing: "Fiber2DEphapticPlaneL6Isolated_1.chk"
 (0.00840843s, XML)
phi_m, max: -0.000000 at y = 4.420000./ phi_m, min: -0.001153 at y = 4.424832
phi_m, max: -0.000000 at y = 4.420000./ phi_m, min: -0.001162 at y = 4.425168


phi_m, max: -0.000000 at y = 3.580000./ phi_m, min: -0.001153 at y = 3.584832
phi_m, max: -0.000000 at y = 3.580000./ phi_m, min: -0.001162 at y = 3.585168


phi_m, max: -0.000000 at y = 1.900000./ phi_m, min: -0.001153 at y = 1.905168
phi_m, max: -0.000000 at y = 1.900000./ phi_m, min: -0.001162 at y = 1.905168


phi_m, max: -0.000000 at y = 3.370000./ phi_m, min: -0.001153 at y = 3.375168
phi_m, max: -0.000000 at y = 3.370000./ phi_m, min: -0.001162 at y = 3.374832


phi_m, max: -0.000000 at y = 3.790000./ phi_m, min: -0.001153 at y = 4.004832
phi_m, max: -0.000000 at y = 3.790000./ phi_m, min: -0.001162 at y = 3.794832


phi_m, max: -0.000000 at y = 2.110000./ phi_m, min: -0.001153 at y = 2.115168
phi_m, max: -0.000000 at y = 2.110000./ phi_m, min: -0.001162 at y = 2.115168


phi_m, max: -0.000000 at y = 1.480000./ phi_m, min: -0.001152 at y = 1.485168
phi_m, max: 0.005816 at y = 1.308571./ phi_m, min: -0.000962 at y = 1.518571


phi_m, max: -0.000000 at y = 2.950000./ phi_m, min: -0.001153 at y = 2.954832
phi_m, max: -0.000000 at y = 2.950000./ phi_m, min: -0.001162 at y = 2.955168


phi_m, max: -0.000000 at y = 2.740000./ phi_m, min: -0.001153 at y = 2.744832
phi_m, max: -0.000000 at y = 2.740000./ phi_m, min: -0.001162 at y = 2.745168


phi_m, max: -0.000000 at y = 1.518571./ phi_m, min: -0.001153 at y = 1.695168
phi_m, max: -0.000000 at y = 1.518571./ phi_m, min: -0.001147 at y = 1.696787


phi_m, max: -0.000000 at y = 2.358571./ phi_m, min: -0.001153 at y = 2.535168
phi_m, max: -0.000000 at y = 2.358571./ phi_m, min: -0.001162 at y = 2.535168


phi_m, max: 114.270515 at y = 0.430587./ phi_m, min: -0.001124 at y = 3.198571
phi_m, max: 112.995228 at y = 0.439413./ phi_m, min: -0.001133 at y = 3.341429


phi_m, max: 27.072587 at y = 0.440000./ phi_m, min: 0.000000 at y = 0.430000
phi_m, max: 115.962318 at y = 0.646426./ phi_m, min: 0.000000 at y = 0.430000


phi_m, max: -0.000000 at y = 6.310000./ phi_m, min: -0.001162 at y = 6.318213
phi_m, max: -0.000000 at y = 6.310000./ phi_m, min: -0.001171 at y = 6.318213


phi_m, max: -0.000000 at y = 5.928571./ phi_m, min: -0.001153 at y = 6.105168
phi_m, max: -0.000000 at y = 5.928571./ phi_m, min: -0.001162 at y = 6.105168


phi_m, max: -0.000000 at y = 5.480000./ phi_m, min: -0.001153 at y = 5.685168
phi_m, max: -0.000000 at y = 5.480000./ phi_m, min: -0.001162 at y = 5.685168


phi_m, max: -0.000000 at y = 3.971429./ phi_m, min: -0.001126 at y = 4.000000
phi_m, max: -0.000000 at y = 3.971429./ phi_m, min: -0.001135 at y = 4.210000


phi_m, max: -0.000000 at y = 4.210000./ phi_m, min: -0.001153 at y = 4.215168
phi_m, max: -0.000000 at y = 4.210000./ phi_m, min: -0.001162 at y = 4.214832


phi_m, max: 0.015271 at y = 0.860000./ phi_m, min: -0.000723 at y = 1.070000
phi_m, max: 12.013272 at y = 0.860000./ phi_m, min: 0.000000 at y = 0.888571


phi_m, max: -0.000000 at y = 4.850000./ phi_m, min: -0.001153 at y = 5.055168
phi_m, max: -0.000000 at y = 4.850000./ phi_m, min: -0.001162 at y = 4.844832


Steps: 2000000  Time: 0.2         

Time: 0.100000
CPU Time: 74.486909 min.
phi_m, max: -0.000000 at y = 3.131429./ phi_m, min: -0.001161 at y = 6.320000

Time: 0.200000
CPU Time: 74.595730 min.
phi_m, max: -0.000000 at y = 3.131429./ phi_m, min: -0.001170 at y = 6.320000


phi_m, max: -0.000000 at y = 5.690000./ phi_m, min: -0.001153 at y = 5.895168
phi_m, max: -0.000000 at y = 5.690000./ phi_m, min: -0.001162 at y = 5.895168


phi_m, max: -0.000000 at y = 2.320000./ phi_m, min: -0.001153 at y = 2.324832
phi_m, max: -0.000000 at y = 2.320000./ phi_m, min: -0.001162 at y = 2.325168


phi_m, max: -0.000000 at y = 5.050000./ phi_m, min: -0.001153 at y = 5.055168
phi_m, max: -0.000000 at y = 5.050000./ phi_m, min: -0.001162 at y = 5.475168


phi_m, max: -0.000000 at y = 4.640000./ phi_m, min: -0.001153 at y = 4.634832
phi_m, max: -0.000000 at y = 4.640000./ phi_m, min: -0.001162 at y = 4.635168


phi_m, max: -0.000000 at y = 5.260000./ phi_m, min: -0.001153 at y = 5.264832
phi_m, max: -0.000000 at y = 5.260000./ phi_m, min: -0.001162 at y = 5.265168


phi_m, max: 18.893457 at y = 0.640000./ phi_m, min: 0.000000 at y = 0.650000
phi_m, max: 115.962318 at y = 0.646426./ phi_m, min: 0.000000 at y = 0.650000


phi_m, max: -0.000000 at y = 1.270000./ phi_m, min: -0.001127 at y = 1.278213
phi_m, max: 0.294549 at y = 1.070000./ phi_m, min: 0.000000 at y = 1.270000


phi_m, max: 112.624926 at y = 0.018213./ phi_m, min: 0.000000 at y = -0.010000
phi_m, max: 97.591567 at y = 0.018213./ phi_m, min: 0.000000 at y = -0.010000


phi_m, max: 115.829979 at y = 0.228213./ phi_m, min: 0.000000 at y = 0.220000
phi_m, max: 105.912401 at y = 0.344286./ phi_m, min: 0.000000 at y = 0.220000


Writing: "Fiber2DEphapticPlaneL6Isolated_2.chk"
 (0.00834893s, XML)
phi_m, max: -0.000000 at y = 4.420000./ phi_m, min: -0.001153 at y = 4.424832
phi_m, max: -0.000000 at y = 4.420000./ phi_m, min: -0.001162 at y = 4.425168
phi_m, max: -0.000000 at y = 4.420000./ phi_m, min: -0.001153 at y = 4.425168


phi_m, max: -0.000000 at y = 4.850000./ phi_m, min: -0.001153 at y = 5.055168
phi_m, max: -0.000000 at y = 4.850000./ phi_m, min: -0.001162 at y = 4.844832
phi_m, max: -0.000000 at y = 4.850000./ phi_m, min: -0.001153 at y = 4.844832


phi_m, max: -0.000000 at y = 6.310000./ phi_m, min: -0.001162 at y = 6.318213
phi_m, max: -0.000000 at y = 6.310000./ phi_m, min: -0.001171 at y = 6.318213
phi_m, max: -0.000000 at y = 6.310000./ phi_m, min: -0.001162 at y = 6.318213


phi_m, max: -0.000000 at y = 5.928571./ phi_m, min: -0.001153 at y = 6.105168
phi_m, max: -0.000000 at y = 5.928571./ phi_m, min: -0.001162 at y = 6.105168
phi_m, max: -0.000000 at y = 5.928571./ phi_m, min: -0.001154 at y = 6.105168


phi_m, max: -0.000000 at y = 5.480000./ phi_m, min: -0.001153 at y = 5.685168
phi_m, max: -0.000000 at y = 5.480000./ phi_m, min: -0.001162 at y = 5.685168
phi_m, max: -0.000000 at y = 5.480000./ phi_m, min: -0.001153 at y = 5.685168


phi_m, max: -0.000000 at y = 3.971429./ phi_m, min: -0.001126 at y = 4.000000
phi_m, max: -0.000000 at y = 3.971429./ phi_m, min: -0.001135 at y = 4.210000
phi_m, max: -0.000000 at y = 3.971429./ phi_m, min: -0.001127 at y = 4.210000


phi_m, max: -0.000000 at y = 4.210000./ phi_m, min: -0.001153 at y = 4.215168
phi_m, max: -0.000000 at y = 4.210000./ phi_m, min: -0.001162 at y = 4.214832
phi_m, max: -0.000000 at y = 4.210000./ phi_m, min: -0.001153 at y = 4.214832


phi_m, max: 0.015271 at y = 0.860000./ phi_m, min: -0.000723 at y = 1.070000
phi_m, max: 12.013272 at y = 0.860000./ phi_m, min: 0.000000 at y = 0.888571
phi_m, max: 115.904112 at y = 1.063633./ phi_m, min: 0.000000 at y = 0.888571


phi_m, max: -0.000000 at y = 1.270000./ phi_m, min: -0.001127 at y = 1.278213
phi_m, max: 0.294549 at y = 1.070000./ phi_m, min: 0.000000 at y = 1.270000
phi_m, max: 104.482222 at y = 1.070000./ phi_m, min: 0.000000 at y = 1.270000


phi_m, max: -0.000000 at y = 5.690000./ phi_m, min: -0.001153 at y = 5.895168
phi_m, max: -0.000000 at y = 5.690000./ phi_m, min: -0.001162 at y = 5.895168
phi_m, max: -0.000000 at y = 5.690000./ phi_m, min: -0.001153 at y = 5.895168


phi_m, max: -0.000000 at y = 2.320000./ phi_m, min: -0.001153 at y = 2.324832
phi_m, max: -0.000000 at y = 2.320000./ phi_m, min: -0.001162 at y = 2.325168
phi_m, max: -0.000000 at y = 2.320000./ phi_m, min: -0.001153 at y = 2.325168


phi_m, max: -0.000000 at y = 5.050000./ phi_m, min: -0.001153 at y = 5.055168
phi_m, max: -0.000000 at y = 5.050000./ phi_m, min: -0.001162 at y = 5.475168
phi_m, max: -0.000000 at y = 5.050000./ phi_m, min: -0.001153 at y = 5.475168


phi_m, max: -0.000000 at y = 4.640000./ phi_m, min: -0.001153 at y = 4.634832
phi_m, max: -0.000000 at y = 4.640000./ phi_m, min: -0.001162 at y = 4.635168
phi_m, max: -0.000000 at y = 4.640000./ phi_m, min: -0.001153 at y = 4.635168


phi_m, max: -0.000000 at y = 5.260000./ phi_m, min: -0.001153 at y = 5.264832
phi_m, max: -0.000000 at y = 5.260000./ phi_m, min: -0.001162 at y = 5.265168
phi_m, max: -0.000000 at y = 5.260000./ phi_m, min: -0.001153 at y = 5.265168


phi_m, max: 18.893457 at y = 0.640000./ phi_m, min: 0.000000 at y = 0.650000
phi_m, max: 115.962318 at y = 0.646426./ phi_m, min: 0.000000 at y = 0.650000
phi_m, max: 114.048495 at y = 0.859413./ phi_m, min: 0.000000 at y = 0.650000


phi_m, max: 112.624926 at y = 0.018213./ phi_m, min: 0.000000 at y = -0.010000
phi_m, max: 97.591567 at y = 0.018213./ phi_m, min: 0.000000 at y = -0.010000
phi_m, max: 78.306002 at y = 0.134286./ phi_m, min: 0.000000 at y = -0.010000


Steps: 3000000  Time: 0.3         

Time: 0.100000
CPU Time: 74.486909 min.
phi_m, max: -0.000000 at y = 3.131429./ phi_m, min: -0.001161 at y = 6.320000

Time: 0.200000
CPU Time: 74.595730 min.
phi_m, max: -0.000000 at y = 3.131429./ phi_m, min: -0.001170 at y = 6.320000

Time: 0.300000
CPU Time: 74.501474 min.
phi_m, max: -0.000000 at y = 3.131429./ phi_m, min: -0.001161 at y = 6.320000


phi_m, max: -0.000000 at y = 3.580000./ phi_m, min: -0.001153 at y = 3.584832
phi_m, max: -0.000000 at y = 3.580000./ phi_m, min: -0.001162 at y = 3.585168
phi_m, max: -0.000000 at y = 3.580000./ phi_m, min: -0.001153 at y = 3.585168


phi_m, max: -0.000000 at y = 1.900000./ phi_m, min: -0.001153 at y = 1.905168
phi_m, max: -0.000000 at y = 1.900000./ phi_m, min: -0.001162 at y = 1.905168
phi_m, max: 0.001996 at y = 1.728571./ phi_m, min: -0.001050 at y = 1.963787


phi_m, max: -0.000000 at y = 3.370000./ phi_m, min: -0.001153 at y = 3.375168
phi_m, max: -0.000000 at y = 3.370000./ phi_m, min: -0.001162 at y = 3.374832
phi_m, max: -0.000000 at y = 3.370000./ phi_m, min: -0.001153 at y = 3.374832


phi_m, max: -0.000000 at y = 3.790000./ phi_m, min: -0.001153 at y = 4.004832
phi_m, max: -0.000000 at y = 3.790000./ phi_m, min: -0.001162 at y = 3.794832
phi_m, max: -0.000000 at y = 3.790000./ phi_m, min: -0.001153 at y = 3.794832


phi_m, max: -0.000000 at y = 2.110000./ phi_m, min: -0.001153 at y = 2.115168
phi_m, max: -0.000000 at y = 2.110000./ phi_m, min: -0.001162 at y = 2.115168
phi_m, max: -0.000000 at y = 2.110000./ phi_m, min: -0.001146 at y = 2.116367


phi_m, max: -0.000000 at y = 2.950000./ phi_m, min: -0.001153 at y = 2.954832
phi_m, max: -0.000000 at y = 2.950000./ phi_m, min: -0.001162 at y = 2.955168
phi_m, max: -0.000000 at y = 2.950000./ phi_m, min: -0.001153 at y = 2.955168


phi_m, max: -0.000000 at y = 2.740000./ phi_m, min: -0.001153 at y = 2.744832
phi_m, max: -0.000000 at y = 2.740000./ phi_m, min: -0.001162 at y = 2.745168
phi_m, max: -0.000000 at y = 2.740000./ phi_m, min: -0.001153 at y = 2.745168


phi_m, max: -0.000000 at y = 1.518571./ phi_m, min: -0.001153 at y = 1.695168
phi_m, max: -0.000000 at y = 1.518571./ phi_m, min: -0.001147 at y = 1.696787
phi_m, max: 0.131643 at y = 1.490000./ phi_m, min: 0.000000 at y = 1.518571


phi_m, max: -0.000000 at y = 2.358571./ phi_m, min: -0.001153 at y = 2.535168
phi_m, max: -0.000000 at y = 2.358571./ phi_m, min: -0.001162 at y = 2.535168
phi_m, max: -0.000000 at y = 2.358571./ phi_m, min: -0.001153 at y = 2.535168


phi_m, max: 114.270515 at y = 0.430587./ phi_m, min: -0.001124 at y = 3.198571
phi_m, max: 112.995228 at y = 0.439413./ phi_m, min: -0.001133 at y = 3.341429
phi_m, max: 98.507055 at y = 0.440000./ phi_m, min: -0.001125 at y = 3.341429


phi_m, max: 27.072587 at y = 0.440000./ phi_m, min: 0.000000 at y = 0.430000
phi_m, max: 115.962318 at y = 0.646426./ phi_m, min: 0.000000 at y = 0.430000
phi_m, max: 107.497158 at y = 0.649413./ phi_m, min: 0.000000 at y = 0.430000


phi_m, max: -0.000000 at y = 1.480000./ phi_m, min: -0.001152 at y = 1.485168
phi_m, max: 0.005816 at y = 1.308571./ phi_m, min: -0.000962 at y = 1.518571
phi_m, max: 5.150036 at y = 1.308571./ phi_m, min: 0.000000 at y = 1.480000


phi_m, max: 115.829979 at y = 0.228213./ phi_m, min: 0.000000 at y = 0.220000
phi_m, max: 105.912401 at y = 0.344286./ phi_m, min: 0.000000 at y = 0.220000
phi_m, max: 88.488870 at y = 0.344286./ phi_m, min: 0.000000 at y = 0.220000


Writing: "Fiber2DEphapticPlaneL6Isolated_3.chk"
 (0.00834739s, XML)
phi_m, max: -0.000000 at y = 4.850000./ phi_m, min: -0.001153 at y = 5.055168
phi_m, max: -0.000000 at y = 4.850000./ phi_m, min: -0.001162 at y = 4.844832
phi_m, max: -0.000000 at y = 4.850000./ phi_m, min: -0.001153 at y = 4.844832
phi_m, max: -0.000000 at y = 4.850000./ phi_m, min: -0.001143 at y = 4.844832


phi_m, max: -0.000000 at y = 4.420000./ phi_m, min: -0.001153 at y = 4.424832
phi_m, max: -0.000000 at y = 4.420000./ phi_m, min: -0.001162 at y = 4.425168
phi_m, max: -0.000000 at y = 4.420000./ phi_m, min: -0.001153 at y = 4.425168
phi_m, max: -0.000000 at y = 4.420000./ phi_m, min: -0.001143 at y = 4.425168


phi_m, max: -0.000000 at y = 3.370000./ phi_m, min: -0.001153 at y = 3.375168
phi_m, max: -0.000000 at y = 3.370000./ phi_m, min: -0.001162 at y = 3.374832
phi_m, max: -0.000000 at y = 3.370000./ phi_m, min: -0.001153 at y = 3.374832
phi_m, max: -0.000000 at y = 3.370000./ phi_m, min: -0.001143 at y = 3.375168


phi_m, max: -0.000000 at y = 3.790000./ phi_m, min: -0.001153 at y = 4.004832
phi_m, max: -0.000000 at y = 3.790000./ phi_m, min: -0.001162 at y = 3.794832
phi_m, max: -0.000000 at y = 3.790000./ phi_m, min: -0.001153 at y = 3.794832
phi_m, max: -0.000000 at y = 3.790000./ phi_m, min: -0.001143 at y = 3.794832


phi_m, max: 27.072587 at y = 0.440000./ phi_m, min: 0.000000 at y = 0.430000
phi_m, max: 115.962318 at y = 0.646426./ phi_m, min: 0.000000 at y = 0.430000
phi_m, max: 107.497158 at y = 0.649413./ phi_m, min: 0.000000 at y = 0.430000
phi_m, max: 90.342674 at y = 0.650000./ phi_m, min: 0.000000 at y = 0.430000


phi_m, max: -0.000000 at y = 2.110000./ phi_m, min: -0.001153 at y = 2.115168
phi_m, max: -0.000000 at y = 2.110000./ phi_m, min: -0.001162 at y = 2.115168
phi_m, max: -0.000000 at y = 2.110000./ phi_m, min: -0.001146 at y = 2.116367
phi_m, max: 0.057853 at y = 1.938571./ phi_m, min: 0.000000 at y = 2.110000


phi_m, max: -0.000000 at y = 2.950000./ phi_m, min: -0.001153 at y = 2.954832
phi_m, max: -0.000000 at y = 2.950000./ phi_m, min: -0.001162 at y = 2.955168
phi_m, max: -0.000000 at y = 2.950000./ phi_m, min: -0.001153 at y = 2.955168
phi_m, max: -0.000000 at y = 2.950000./ phi_m, min: -0.001143 at y = 2.955168


phi_m, max: -0.000000 at y = 2.740000./ phi_m, min: -0.001153 at y = 2.744832
phi_m, max: -0.000000 at y = 2.740000./ phi_m, min: -0.001162 at y = 2.745168
phi_m, max: -0.000000 at y = 2.740000./ phi_m, min: -0.001153 at y = 2.745168
phi_m, max: -0.000000 at y = 2.740000./ phi_m, min: -0.001143 at y = 2.745168


phi_m, max: -0.000000 at y = 1.518571./ phi_m, min: -0.001153 at y = 1.695168
phi_m, max: -0.000000 at y = 1.518571./ phi_m, min: -0.001147 at y = 1.696787
phi_m, max: 0.131643 at y = 1.490000./ phi_m, min: 0.000000 at y = 1.518571
phi_m, max: 83.454072 at y = 1.490000./ phi_m, min: 0.000000 at y = 1.518571


phi_m, max: -0.000000 at y = 2.358571./ phi_m, min: -0.001153 at y = 2.535168
phi_m, max: -0.000000 at y = 2.358571./ phi_m, min: -0.001162 at y = 2.535168
phi_m, max: -0.000000 at y = 2.358571./ phi_m, min: -0.001153 at y = 2.535168
phi_m, max: -0.000000 at y = 2.358571./ phi_m, min: -0.001139 at y = 2.535587


phi_m, max: 114.270515 at y = 0.430587./ phi_m, min: -0.001124 at y = 3.198571
phi_m, max: 112.995228 at y = 0.439413./ phi_m, min: -0.001133 at y = 3.341429
phi_m, max: 98.507055 at y = 0.440000./ phi_m, min: -0.001125 at y = 3.341429
phi_m, max: 79.334432 at y = 0.440000./ phi_m, min: -0.001114 at y = 3.341429


Steps: 4000000  Time: 0.4         

Time: 0.100000
CPU Time: 74.486909 min.
phi_m, max: -0.000000 at y = 3.131429./ phi_m, min: -0.001161 at y = 6.320000

Time: 0.200000
CPU Time: 74.595730 min.
phi_m, max: -0.000000 at y = 3.131429./ phi_m, min: -0.001170 at y = 6.320000

Time: 0.300000
CPU Time: 74.501474 min.
phi_m, max: -0.000000 at y = 3.131429./ phi_m, min: -0.001161 at y = 6.320000

Time: 0.400000
CPU Time: 74.544145 min.
phi_m, max: -0.000000 at y = 3.131429./ phi_m, min: -0.001150 at y = 6.320000


phi_m, max: -0.000000 at y = 6.310000./ phi_m, min: -0.001162 at y = 6.318213
phi_m, max: -0.000000 at y = 6.310000./ phi_m, min: -0.001171 at y = 6.318213
phi_m, max: -0.000000 at y = 6.310000./ phi_m, min: -0.001162 at y = 6.318213
phi_m, max: -0.000000 at y = 6.310000./ phi_m, min: -0.001152 at y = 6.318213


phi_m, max: -0.000000 at y = 5.928571./ phi_m, min: -0.001153 at y = 6.105168
phi_m, max: -0.000000 at y = 5.928571./ phi_m, min: -0.001162 at y = 6.105168
phi_m, max: -0.000000 at y = 5.928571./ phi_m, min: -0.001154 at y = 6.105168
phi_m, max: -0.000000 at y = 5.928571./ phi_m, min: -0.001143 at y = 6.105168


phi_m, max: -0.000000 at y = 5.480000./ phi_m, min: -0.001153 at y = 5.685168
phi_m, max: -0.000000 at y = 5.480000./ phi_m, min: -0.001162 at y = 5.685168
phi_m, max: -0.000000 at y = 5.480000./ phi_m, min: -0.001153 at y = 5.685168
phi_m, max: -0.000000 at y = 5.480000./ phi_m, min: -0.001143 at y = 5.685168


phi_m, max: -0.000000 at y = 3.971429./ phi_m, min: -0.001126 at y = 4.000000
phi_m, max: -0.000000 at y = 3.971429./ phi_m, min: -0.001135 at y = 4.210000
phi_m, max: -0.000000 at y = 3.971429./ phi_m, min: -0.001127 at y = 4.210000
phi_m, max: -0.000000 at y = 3.971429./ phi_m, min: -0.001116 at y = 4.210000


phi_m, max: -0.000000 at y = 4.210000./ phi_m, min: -0.001153 at y = 4.215168
phi_m, max: -0.000000 at y = 4.210000./ phi_m, min: -0.001162 at y = 4.214832
phi_m, max: -0.000000 at y = 4.210000./ phi_m, min: -0.001153 at y = 4.214832
phi_m, max: -0.000000 at y = 4.210000./ phi_m, min: -0.001143 at y = 4.214832


phi_m, max: -0.000000 at y = 1.480000./ phi_m, min: -0.001152 at y = 1.485168
phi_m, max: 0.005816 at y = 1.308571./ phi_m, min: -0.000962 at y = 1.518571
phi_m, max: 5.150036 at y = 1.308571./ phi_m, min: 0.000000 at y = 1.480000
phi_m, max: 115.881761 at y = 1.481624./ phi_m, min: 0.000000 at y = 1.480000


phi_m, max: 0.015271 at y = 0.860000./ phi_m, min: -0.000723 at y = 1.070000
phi_m, max: 12.013272 at y = 0.860000./ phi_m, min: 0.000000 at y = 0.888571
phi_m, max: 115.904112 at y = 1.063633./ phi_m, min: 0.000000 at y = 0.888571
phi_m, max: 109.137075 at y = 1.069413./ phi_m, min: 0.000000 at y = 0.888571


phi_m, max: -0.000000 at y = 1.270000./ phi_m, min: -0.001127 at y = 1.278213
phi_m, max: 0.294549 at y = 1.070000./ phi_m, min: 0.000000 at y = 1.270000
phi_m, max: 104.482222 at y = 1.070000./ phi_m, min: 0.000000 at y = 1.270000
phi_m, max: 114.883380 at y = 1.278376./ phi_m, min: 0.000000 at y = 1.270000


phi_m, max: -0.000000 at y = 5.690000./ phi_m, min: -0.001153 at y = 5.895168
phi_m, max: -0.000000 at y = 5.690000./ phi_m, min: -0.001162 at y = 5.895168
phi_m, max: -0.000000 at y = 5.690000./ phi_m, min: -0.001153 at y = 5.895168
phi_m, max: -0.000000 at y = 5.690000./ phi_m, min: -0.001143 at y = 5.895168


phi_m, max: -0.000000 at y = 2.320000./ phi_m, min: -0.001153 at y = 2.324832
phi_m, max: -0.000000 at y = 2.320000./ phi_m, min: -0.001162 at y = 2.325168
phi_m, max: -0.000000 at y = 2.320000./ phi_m, min: -0.001153 at y = 2.325168
phi_m, max: 0.000273 at y = 2.177143./ phi_m, min: -0.001080 at y = 2.415714


phi_m, max: -0.000000 at y = 5.050000./ phi_m, min: -0.001153 at y = 5.055168
phi_m, max: -0.000000 at y = 5.050000./ phi_m, min: -0.001162 at y = 5.475168
phi_m, max: -0.000000 at y = 5.050000./ phi_m, min: -0.001153 at y = 5.475168
phi_m, max: -0.000000 at y = 5.050000./ phi_m, min: -0.001143 at y = 5.475168


phi_m, max: -0.000000 at y = 4.640000./ phi_m, min: -0.001153 at y = 4.634832
phi_m, max: -0.000000 at y = 4.640000./ phi_m, min: -0.001162 at y = 4.635168
phi_m, max: -0.000000 at y = 4.640000./ phi_m, min: -0.001153 at y = 4.635168
phi_m, max: -0.000000 at y = 4.640000./ phi_m, min: -0.001143 at y = 4.635168


phi_m, max: -0.000000 at y = 5.260000./ phi_m, min: -0.001153 at y = 5.264832
phi_m, max: -0.000000 at y = 5.260000./ phi_m, min: -0.001162 at y = 5.265168
phi_m, max: -0.000000 at y = 5.260000./ phi_m, min: -0.001153 at y = 5.265168
phi_m, max: -0.000000 at y = 5.260000./ phi_m, min: -0.001143 at y = 5.265168


phi_m, max: 18.893457 at y = 0.640000./ phi_m, min: 0.000000 at y = 0.650000
phi_m, max: 115.962318 at y = 0.646426./ phi_m, min: 0.000000 at y = 0.650000
phi_m, max: 114.048495 at y = 0.859413./ phi_m, min: 0.000000 at y = 0.650000
phi_m, max: 100.508078 at y = 0.860000./ phi_m, min: 0.000000 at y = 0.650000


phi_m, max: -0.000000 at y = 3.580000./ phi_m, min: -0.001153 at y = 3.584832
phi_m, max: -0.000000 at y = 3.580000./ phi_m, min: -0.001162 at y = 3.585168
phi_m, max: -0.000000 at y = 3.580000./ phi_m, min: -0.001153 at y = 3.585168
phi_m, max: -0.000000 at y = 3.580000./ phi_m, min: -0.001143 at y = 3.585168


phi_m, max: -0.000000 at y = 1.900000./ phi_m, min: -0.001153 at y = 1.905168
phi_m, max: -0.000000 at y = 1.900000./ phi_m, min: -0.001162 at y = 1.905168
phi_m, max: 0.001996 at y = 1.728571./ phi_m, min: -0.001050 at y = 1.963787
phi_m, max: 2.391697 at y = 1.728571./ phi_m, min: 0.000000 at y = 1.900000


phi_m, max: 112.624926 at y = 0.018213./ phi_m, min: 0.000000 at y = -0.010000
phi_m, max: 97.591567 at y = 0.018213./ phi_m, min: 0.000000 at y = -0.010000
phi_m, max: 78.306002 at y = 0.134286./ phi_m, min: 0.000000 at y = -0.010000
phi_m, max: 58.476535 at y = 0.134286./ phi_m, min: 0.000000 at y = -0.010000


phi_m, max: 115.829979 at y = 0.228213./ phi_m, min: 0.000000 at y = 0.220000
phi_m, max: 105.912401 at y = 0.344286./ phi_m, min: 0.000000 at y = 0.220000
phi_m, max: 88.488870 at y = 0.344286./ phi_m, min: 0.000000 at y = 0.220000
phi_m, max: 68.543274 at y = 0.344286./ phi_m, min: 0.000000 at y = 0.220000


Writing: "Fiber2DEphapticPlaneL6Isolated_4.chk"
 (0.00173761s, XML)
phi_m, max: -0.000000 at y = 3.790000./ phi_m, min: -0.001153 at y = 4.004832
phi_m, max: -0.000000 at y = 3.790000./ phi_m, min: -0.001162 at y = 3.794832
phi_m, max: -0.000000 at y = 3.790000./ phi_m, min: -0.001153 at y = 3.794832
phi_m, max: -0.000000 at y = 3.790000./ phi_m, min: -0.001143 at y = 3.794832
phi_m, max: -0.000000 at y = 3.790000./ phi_m, min: -0.001133 at y = 4.005168


phi_m, max: 115.829979 at y = 0.228213./ phi_m, min: 0.000000 at y = 0.220000
phi_m, max: 105.912401 at y = 0.344286./ phi_m, min: 0.000000 at y = 0.220000
phi_m, max: 88.488870 at y = 0.344286./ phi_m, min: 0.000000 at y = 0.220000
phi_m, max: 68.543274 at y = 0.344286./ phi_m, min: 0.000000 at y = 0.220000
phi_m, max: 49.456652 at y = 0.344286./ phi_m, min: 0.000000 at y = 0.220000


phi_m, max: -0.000000 at y = 3.580000./ phi_m, min: -0.001153 at y = 3.584832
phi_m, max: -0.000000 at y = 3.580000./ phi_m, min: -0.001162 at y = 3.585168
phi_m, max: -0.000000 at y = 3.580000./ phi_m, min: -0.001153 at y = 3.585168
phi_m, max: -0.000000 at y = 3.580000./ phi_m, min: -0.001143 at y = 3.585168
phi_m, max: -0.000000 at y = 3.580000./ phi_m, min: -0.001133 at y = 3.585168


phi_m, max: -0.000000 at y = 4.420000./ phi_m, min: -0.001153 at y = 4.424832
phi_m, max: -0.000000 at y = 4.420000./ phi_m, min: -0.001162 at y = 4.425168
phi_m, max: -0.000000 at y = 4.420000./ phi_m, min: -0.001153 at y = 4.425168
phi_m, max: -0.000000 at y = 4.420000./ phi_m, min: -0.001143 at y = 4.425168
phi_m, max: -0.000000 at y = 4.420000./ phi_m, min: -0.001133 at y = 4.425168


phi_m, max: -0.000000 at y = 3.370000./ phi_m, min: -0.001153 at y = 3.375168
phi_m, max: -0.000000 at y = 3.370000./ phi_m, min: -0.001162 at y = 3.374832
phi_m, max: -0.000000 at y = 3.370000./ phi_m, min: -0.001153 at y = 3.374832
phi_m, max: -0.000000 at y = 3.370000./ phi_m, min: -0.001143 at y = 3.375168
phi_m, max: -0.000000 at y = 3.370000./ phi_m, min: -0.001133 at y = 3.375168


Steps: 5000000  Time: 0.5         

Time: 0.100000
CPU Time: 74.486909 min.
phi_m, max: -0.000000 at y = 3.131429./ phi_m, min: -0.001161 at y = 6.320000

Time: 0.200000
CPU Time: 74.595730 min.
phi_m, max: -0.000000 at y = 3.131429./ phi_m, min: -0.001170 at y = 6.320000

Time: 0.300000
CPU Time: 74.501474 min.
phi_m, max: -0.000000 at y = 3.131429./ phi_m, min: -0.001161 at y = 6.320000

Time: 0.400000
CPU Time: 74.544145 min.
phi_m, max: -0.000000 at y = 3.131429./ phi_m, min: -0.001150 at y = 6.320000

Time: 0.500000
CPU Time: 75.202637 min.
phi_m, max: -0.000000 at y = 3.131429./ phi_m, min: -0.001141 at y = 6.320000


phi_m, max: 27.072587 at y = 0.440000./ phi_m, min: 0.000000 at y = 0.430000
phi_m, max: 115.962318 at y = 0.646426./ phi_m, min: 0.000000 at y = 0.430000
phi_m, max: 107.497158 at y = 0.649413./ phi_m, min: 0.000000 at y = 0.430000
phi_m, max: 90.342674 at y = 0.650000./ phi_m, min: 0.000000 at y = 0.430000
phi_m, max: 70.397993 at y = 0.650000./ phi_m, min: 0.000000 at y = 0.430000


phi_m, max: -0.000000 at y = 2.110000./ phi_m, min: -0.001153 at y = 2.115168
phi_m, max: -0.000000 at y = 2.110000./ phi_m, min: -0.001162 at y = 2.115168
phi_m, max: -0.000000 at y = 2.110000./ phi_m, min: -0.001146 at y = 2.116367
phi_m, max: 0.057853 at y = 1.938571./ phi_m, min: 0.000000 at y = 2.110000
phi_m, max: 49.175436 at y = 1.938571./ phi_m, min: 0.000000 at y = 2.110000


phi_m, max: -0.000000 at y = 2.950000./ phi_m, min: -0.001153 at y = 2.954832
phi_m, max: -0.000000 at y = 2.950000./ phi_m, min: -0.001162 at y = 2.955168
phi_m, max: -0.000000 at y = 2.950000./ phi_m, min: -0.001153 at y = 2.955168
phi_m, max: -0.000000 at y = 2.950000./ phi_m, min: -0.001143 at y = 2.955168
phi_m, max: -0.000000 at y = 2.950000./ phi_m, min: -0.001131 at y = 2.955449


phi_m, max: -0.000000 at y = 2.740000./ phi_m, min: -0.001153 at y = 2.744832
phi_m, max: -0.000000 at y = 2.740000./ phi_m, min: -0.001162 at y = 2.745168
phi_m, max: -0.000000 at y = 2.740000./ phi_m, min: -0.001153 at y = 2.745168
phi_m, max: -0.000000 at y = 2.740000./ phi_m, min: -0.001143 at y = 2.745168
phi_m, max: -0.000000 at y = 2.740000./ phi_m, min: -0.001093 at y = 2.748825


phi_m, max: -0.000000 at y = 1.518571./ phi_m, min: -0.001153 at y = 1.695168
phi_m, max: -0.000000 at y = 1.518571./ phi_m, min: -0.001147 at y = 1.696787
phi_m, max: 0.131643 at y = 1.490000./ phi_m, min: 0.000000 at y = 1.518571
phi_m, max: 83.454072 at y = 1.490000./ phi_m, min: 0.000000 at y = 1.518571
phi_m, max: 115.553562 at y = 1.698376./ phi_m, min: 0.000000 at y = 1.518571


phi_m, max: -0.000000 at y = 2.358571./ phi_m, min: -0.001153 at y = 2.535168
phi_m, max: -0.000000 at y = 2.358571./ phi_m, min: -0.001162 at y = 2.535168
phi_m, max: -0.000000 at y = 2.358571./ phi_m, min: -0.001153 at y = 2.535168
phi_m, max: -0.000000 at y = 2.358571./ phi_m, min: -0.001139 at y = 2.535587
phi_m, max: 0.027657 at y = 2.387143./ phi_m, min: -0.000395 at y = 2.597143


phi_m, max: 114.270515 at y = 0.430587./ phi_m, min: -0.001124 at y = 3.198571
phi_m, max: 112.995228 at y = 0.439413./ phi_m, min: -0.001133 at y = 3.341429
phi_m, max: 98.507055 at y = 0.440000./ phi_m, min: -0.001125 at y = 3.341429
phi_m, max: 79.334432 at y = 0.440000./ phi_m, min: -0.001114 at y = 3.341429
phi_m, max: 59.322314 at y = 0.440000./ phi_m, min: -0.001105 at y = 3.341429


phi_m, max: -0.000000 at y = 6.310000./ phi_m, min: -0.001162 at y = 6.318213
phi_m, max: -0.000000 at y = 6.310000./ phi_m, min: -0.001171 at y = 6.318213
phi_m, max: -0.000000 at y = 6.310000./ phi_m, min: -0.001162 at y = 6.318213
phi_m, max: -0.000000 at y = 6.310000./ phi_m, min: -0.001152 at y = 6.318213
phi_m, max: -0.000000 at y = 6.310000./ phi_m, min: -0.001142 at y = 6.318213


phi_m, max: -0.000000 at y = 5.928571./ phi_m, min: -0.001153 at y = 6.105168
phi_m, max: -0.000000 at y = 5.928571./ phi_m, min: -0.001162 at y = 6.105168
phi_m, max: -0.000000 at y = 5.928571./ phi_m, min: -0.001154 at y = 6.105168
phi_m, max: -0.000000 at y = 5.928571./ phi_m, min: -0.001143 at y = 6.105168
phi_m, max: -0.000000 at y = 5.928571./ phi_m, min: -0.001133 at y = 6.105168


phi_m, max: -0.000000 at y = 5.480000./ phi_m, min: -0.001153 at y = 5.685168
phi_m, max: -0.000000 at y = 5.480000./ phi_m, min: -0.001162 at y = 5.685168
phi_m, max: -0.000000 at y = 5.480000./ phi_m, min: -0.001153 at y = 5.685168
phi_m, max: -0.000000 at y = 5.480000./ phi_m, min: -0.001143 at y = 5.685168
phi_m, max: -0.000000 at y = 5.480000./ phi_m, min: -0.001133 at y = 5.685168


phi_m, max: -0.000000 at y = 3.971429./ phi_m, min: -0.001126 at y = 4.000000
phi_m, max: -0.000000 at y = 3.971429./ phi_m, min: -0.001135 at y = 4.210000
phi_m, max: -0.000000 at y = 3.971429./ phi_m, min: -0.001127 at y = 4.210000
phi_m, max: -0.000000 at y = 3.971429./ phi_m, min: -0.001116 at y = 4.210000
phi_m, max: -0.000000 at y = 3.971429./ phi_m, min: -0.001107 at y = 4.210000


phi_m, max: -0.000000 at y = 4.850000./ phi_m, min: -0.001153 at y = 5.055168
phi_m, max: -0.000000 at y = 4.850000./ phi_m, min: -0.001162 at y = 4.844832
phi_m, max: -0.000000 at y = 4.850000./ phi_m, min: -0.001153 at y = 4.844832
phi_m, max: -0.000000 at y = 4.850000./ phi_m, min: -0.001143 at y = 4.844832
phi_m, max: -0.000000 at y = 4.850000./ phi_m, min: -0.001133 at y = 4.844832


phi_m, max: -0.000000 at y = 4.210000./ phi_m, min: -0.001153 at y = 4.215168
phi_m, max: -0.000000 at y = 4.210000./ phi_m, min: -0.001162 at y = 4.214832
phi_m, max: -0.000000 at y = 4.210000./ phi_m, min: -0.001153 at y = 4.214832
phi_m, max: -0.000000 at y = 4.210000./ phi_m, min: -0.001143 at y = 4.214832
phi_m, max: -0.000000 at y = 4.210000./ phi_m, min: -0.001133 at y = 4.214832


phi_m, max: -0.000000 at y = 1.480000./ phi_m, min: -0.001152 at y = 1.485168
phi_m, max: 0.005816 at y = 1.308571./ phi_m, min: -0.000962 at y = 1.518571
phi_m, max: 5.150036 at y = 1.308571./ phi_m, min: 0.000000 at y = 1.480000
phi_m, max: 115.881761 at y = 1.481624./ phi_m, min: 0.000000 at y = 1.480000
phi_m, max: 110.628864 at y = 1.489413./ phi_m, min: 0.000000 at y = 1.480000


phi_m, max: 0.015271 at y = 0.860000./ phi_m, min: -0.000723 at y = 1.070000
phi_m, max: 12.013272 at y = 0.860000./ phi_m, min: 0.000000 at y = 0.888571
phi_m, max: 115.904112 at y = 1.063633./ phi_m, min: 0.000000 at y = 0.888571
phi_m, max: 109.137075 at y = 1.069413./ phi_m, min: 0.000000 at y = 0.888571
phi_m, max: 92.540970 at y = 1.070000./ phi_m, min: 0.000000 at y = 0.888571


phi_m, max: -0.000000 at y = 1.270000./ phi_m, min: -0.001127 at y = 1.278213
phi_m, max: 0.294549 at y = 1.070000./ phi_m, min: 0.000000 at y = 1.270000
phi_m, max: 104.482222 at y = 1.070000./ phi_m, min: 0.000000 at y = 1.270000
phi_m, max: 114.883380 at y = 1.278376./ phi_m, min: 0.000000 at y = 1.270000
phi_m, max: 102.444573 at y = 1.279413./ phi_m, min: 0.000000 at y = 1.270000


phi_m, max: -0.000000 at y = 5.690000./ phi_m, min: -0.001153 at y = 5.895168
phi_m, max: -0.000000 at y = 5.690000./ phi_m, min: -0.001162 at y = 5.895168
phi_m, max: -0.000000 at y = 5.690000./ phi_m, min: -0.001153 at y = 5.895168
phi_m, max: -0.000000 at y = 5.690000./ phi_m, min: -0.001143 at y = 5.895168
phi_m, max: -0.000000 at y = 5.690000./ phi_m, min: -0.001133 at y = 5.895168


phi_m, max: -0.000000 at y = 2.320000./ phi_m, min: -0.001153 at y = 2.324832
phi_m, max: -0.000000 at y = 2.320000./ phi_m, min: -0.001162 at y = 2.325168
phi_m, max: -0.000000 at y = 2.320000./ phi_m, min: -0.001153 at y = 2.325168
phi_m, max: 0.000273 at y = 2.177143./ phi_m, min: -0.001080 at y = 2.415714
phi_m, max: 1.166355 at y = 2.177143./ phi_m, min: 0.000000 at y = 2.320000


phi_m, max: -0.000000 at y = 5.050000./ phi_m, min: -0.001153 at y = 5.055168
phi_m, max: -0.000000 at y = 5.050000./ phi_m, min: -0.001162 at y = 5.475168
phi_m, max: -0.000000 at y = 5.050000./ phi_m, min: -0.001153 at y = 5.475168
phi_m, max: -0.000000 at y = 5.050000./ phi_m, min: -0.001143 at y = 5.475168
phi_m, max: -0.000000 at y = 5.050000./ phi_m, min: -0.001133 at y = 5.475168


phi_m, max: -0.000000 at y = 4.640000./ phi_m, min: -0.001153 at y = 4.634832
phi_m, max: -0.000000 at y = 4.640000./ phi_m, min: -0.001162 at y = 4.635168
phi_m, max: -0.000000 at y = 4.640000./ phi_m, min: -0.001153 at y = 4.635168
phi_m, max: -0.000000 at y = 4.640000./ phi_m, min: -0.001143 at y = 4.635168
phi_m, max: -0.000000 at y = 4.640000./ phi_m, min: -0.001133 at y = 4.635168


phi_m, max: -0.000000 at y = 5.260000./ phi_m, min: -0.001153 at y = 5.264832
phi_m, max: -0.000000 at y = 5.260000./ phi_m, min: -0.001162 at y = 5.265168
phi_m, max: -0.000000 at y = 5.260000./ phi_m, min: -0.001153 at y = 5.265168
phi_m, max: -0.000000 at y = 5.260000./ phi_m, min: -0.001143 at y = 5.265168
phi_m, max: -0.000000 at y = 5.260000./ phi_m, min: -0.001133 at y = 5.265168


phi_m, max: -0.000000 at y = 1.900000./ phi_m, min: -0.001153 at y = 1.905168
phi_m, max: -0.000000 at y = 1.900000./ phi_m, min: -0.001162 at y = 1.905168
phi_m, max: 0.001996 at y = 1.728571./ phi_m, min: -0.001050 at y = 1.963787
phi_m, max: 2.391697 at y = 1.728571./ phi_m, min: 0.000000 at y = 1.900000
phi_m, max: 115.332297 at y = 1.900587./ phi_m, min: 0.000000 at y = 1.900000


phi_m, max: 18.893457 at y = 0.640000./ phi_m, min: 0.000000 at y = 0.650000
phi_m, max: 115.962318 at y = 0.646426./ phi_m, min: 0.000000 at y = 0.650000
phi_m, max: 114.048495 at y = 0.859413./ phi_m, min: 0.000000 at y = 0.650000
phi_m, max: 100.508078 at y = 0.860000./ phi_m, min: 0.000000 at y = 0.650000
phi_m, max: 81.653519 at y = 0.860000./ phi_m, min: 0.000000 at y = 0.650000


phi_m, max: 112.624926 at y = 0.018213./ phi_m, min: 0.000000 at y = -0.010000
phi_m, max: 97.591567 at y = 0.018213./ phi_m, min: 0.000000 at y = -0.010000
phi_m, max: 78.306002 at y = 0.134286./ phi_m, min: 0.000000 at y = -0.010000
phi_m, max: 58.476535 at y = 0.134286./ phi_m, min: 0.000000 at y = -0.010000
phi_m, max: 40.847335 at y = 0.134286./ phi_m, min: 0.000000 at y = -0.010000


Writing: "Fiber2DEphapticPlaneL6Isolated_5.chk"
 (0.00203603s, XML)
phi_m, max: -0.000000 at y = 4.420000./ phi_m, min: -0.001153 at y = 4.424832
phi_m, max: -0.000000 at y = 4.420000./ phi_m, min: -0.001162 at y = 4.425168
phi_m, max: -0.000000 at y = 4.420000./ phi_m, min: -0.001153 at y = 4.425168
phi_m, max: -0.000000 at y = 4.420000./ phi_m, min: -0.001143 at y = 4.425168
phi_m, max: -0.000000 at y = 4.420000./ phi_m, min: -0.001133 at y = 4.425168
phi_m, max: -0.000000 at y = 4.420000./ phi_m, min: -0.001125 at y = 4.425168


Steps: 6000000  Time: 0.6         

Time: 0.100000
CPU Time: 74.486909 min.
phi_m, max: -0.000000 at y = 3.131429./ phi_m, min: -0.001161 at y = 6.320000

Time: 0.200000
CPU Time: 74.595730 min.
phi_m, max: -0.000000 at y = 3.131429./ phi_m, min: -0.001170 at y = 6.320000

Time: 0.300000
CPU Time: 74.501474 min.
phi_m, max: -0.000000 at y = 3.131429./ phi_m, min: -0.001161 at y = 6.320000

Time: 0.400000
CPU Time: 74.544145 min.
phi_m, max: -0.000000 at y = 3.131429./ phi_m, min: -0.001150 at y = 6.320000

Time: 0.500000
CPU Time: 75.202637 min.
phi_m, max: -0.000000 at y = 3.131429./ phi_m, min: -0.001141 at y = 6.320000

Time: 0.600000
CPU Time: 75.424555 min.
phi_m, max: -0.000000 at y = 3.131429./ phi_m, min: -0.001132 at y = 6.320000


phi_m, max: -0.000000 at y = 3.370000./ phi_m, min: -0.001153 at y = 3.375168
phi_m, max: -0.000000 at y = 3.370000./ phi_m, min: -0.001162 at y = 3.374832
phi_m, max: -0.000000 at y = 3.370000./ phi_m, min: -0.001153 at y = 3.374832
phi_m, max: -0.000000 at y = 3.370000./ phi_m, min: -0.001143 at y = 3.375168
phi_m, max: -0.000000 at y = 3.370000./ phi_m, min: -0.001133 at y = 3.375168
phi_m, max: -0.000000 at y = 3.370000./ phi_m, min: -0.001124 at y = 3.375168


phi_m, max: 27.072587 at y = 0.440000./ phi_m, min: 0.000000 at y = 0.430000
phi_m, max: 115.962318 at y = 0.646426./ phi_m, min: 0.000000 at y = 0.430000
phi_m, max: 107.497158 at y = 0.649413./ phi_m, min: 0.000000 at y = 0.430000
phi_m, max: 90.342674 at y = 0.650000./ phi_m, min: 0.000000 at y = 0.430000
phi_m, max: 70.397993 at y = 0.650000./ phi_m, min: 0.000000 at y = 0.430000
phi_m, max: 51.059040 at y = 0.650000./ phi_m, min: 0.000000 at y = 0.430000


phi_m, max: -0.000000 at y = 2.110000./ phi_m, min: -0.001153 at y = 2.115168
phi_m, max: -0.000000 at y = 2.110000./ phi_m, min: -0.001162 at y = 2.115168
phi_m, max: -0.000000 at y = 2.110000./ phi_m, min: -0.001146 at y = 2.116367
phi_m, max: 0.057853 at y = 1.938571./ phi_m, min: 0.000000 at y = 2.110000
phi_m, max: 49.175436 at y = 1.938571./ phi_m, min: 0.000000 at y = 2.110000
phi_m, max: 115.860600 at y = 2.117458./ phi_m, min: 0.000000 at y = 2.110000


phi_m, max: -0.000000 at y = 2.950000./ phi_m, min: -0.001153 at y = 2.954832
phi_m, max: -0.000000 at y = 2.950000./ phi_m, min: -0.001162 at y = 2.955168
phi_m, max: -0.000000 at y = 2.950000./ phi_m, min: -0.001153 at y = 2.955168
phi_m, max: -0.000000 at y = 2.950000./ phi_m, min: -0.001143 at y = 2.955168
phi_m, max: -0.000000 at y = 2.950000./ phi_m, min: -0.001131 at y = 2.955449
phi_m, max: 0.011849 at y = 2.807143./ phi_m, min: -0.000792 at y = 3.045714


phi_m, max: -0.000000 at y = 2.740000./ phi_m, min: -0.001153 at y = 2.744832
phi_m, max: -0.000000 at y = 2.740000./ phi_m, min: -0.001162 at y = 2.745168
phi_m, max: -0.000000 at y = 2.740000./ phi_m, min: -0.001153 at y = 2.745168
phi_m, max: -0.000000 at y = 2.740000./ phi_m, min: -0.001143 at y = 2.745168
phi_m, max: -0.000000 at y = 2.740000./ phi_m, min: -0.001093 at y = 2.748825
phi_m, max: 0.524967 at y = 2.597143./ phi_m, min: 0.000000 at y = 2.740000


phi_m, max: -0.000000 at y = 1.518571./ phi_m, min: -0.001153 at y = 1.695168
phi_m, max: -0.000000 at y = 1.518571./ phi_m, min: -0.001147 at y = 1.696787
phi_m, max: 0.131643 at y = 1.490000./ phi_m, min: 0.000000 at y = 1.518571
phi_m, max: 83.454072 at y = 1.490000./ phi_m, min: 0.000000 at y = 1.518571
phi_m, max: 115.553562 at y = 1.698376./ phi_m, min: 0.000000 at y = 1.518571
phi_m, max: 104.324704 at y = 1.699413./ phi_m, min: 0.000000 at y = 1.518571


phi_m, max: -0.000000 at y = 2.358571./ phi_m, min: -0.001153 at y = 2.535168
phi_m, max: -0.000000 at y = 2.358571./ phi_m, min: -0.001162 at y = 2.535168
phi_m, max: -0.000000 at y = 2.358571./ phi_m, min: -0.001153 at y = 2.535168
phi_m, max: -0.000000 at y = 2.358571./ phi_m, min: -0.001139 at y = 2.535587
phi_m, max: 0.027657 at y = 2.387143./ phi_m, min: -0.000395 at y = 2.597143
phi_m, max: 21.375315 at y = 2.387143./ phi_m, min: 0.000000 at y = 2.358571


phi_m, max: -0.000000 at y = 3.790000./ phi_m, min: -0.001153 at y = 4.004832
phi_m, max: -0.000000 at y = 3.790000./ phi_m, min: -0.001162 at y = 3.794832
phi_m, max: -0.000000 at y = 3.790000./ phi_m, min: -0.001153 at y = 3.794832
phi_m, max: -0.000000 at y = 3.790000./ phi_m, min: -0.001143 at y = 3.794832
phi_m, max: -0.000000 at y = 3.790000./ phi_m, min: -0.001133 at y = 4.005168
phi_m, max: -0.000000 at y = 3.790000./ phi_m, min: -0.001125 at y = 4.005168


phi_m, max: 114.270515 at y = 0.430587./ phi_m, min: -0.001124 at y = 3.198571
phi_m, max: 112.995228 at y = 0.439413./ phi_m, min: -0.001133 at y = 3.341429
phi_m, max: 98.507055 at y = 0.440000./ phi_m, min: -0.001125 at y = 3.341429
phi_m, max: 79.334432 at y = 0.440000./ phi_m, min: -0.001114 at y = 3.341429
phi_m, max: 59.322314 at y = 0.440000./ phi_m, min: -0.001105 at y = 3.341429
phi_m, max: 41.434949 at y = 0.440000./ phi_m, min: -0.001090 at y = 3.341429


phi_m, max: -0.000000 at y = 6.310000./ phi_m, min: -0.001162 at y = 6.318213
phi_m, max: -0.000000 at y = 6.310000./ phi_m, min: -0.001171 at y = 6.318213
phi_m, max: -0.000000 at y = 6.310000./ phi_m, min: -0.001162 at y = 6.318213
phi_m, max: -0.000000 at y = 6.310000./ phi_m, min: -0.001152 at y = 6.318213
phi_m, max: -0.000000 at y = 6.310000./ phi_m, min: -0.001142 at y = 6.318213
phi_m, max: -0.000000 at y = 6.310000./ phi_m, min: -0.001133 at y = 6.318213


phi_m, max: -0.000000 at y = 5.928571./ phi_m, min: -0.001153 at y = 6.105168
phi_m, max: -0.000000 at y = 5.928571./ phi_m, min: -0.001162 at y = 6.105168
phi_m, max: -0.000000 at y = 5.928571./ phi_m, min: -0.001154 at y = 6.105168
phi_m, max: -0.000000 at y = 5.928571./ phi_m, min: -0.001143 at y = 6.105168
phi_m, max: -0.000000 at y = 5.928571./ phi_m, min: -0.001133 at y = 6.105168
phi_m, max: -0.000000 at y = 5.928571./ phi_m, min: -0.001125 at y = 6.105168


phi_m, max: -0.000000 at y = 5.480000./ phi_m, min: -0.001153 at y = 5.685168
phi_m, max: -0.000000 at y = 5.480000./ phi_m, min: -0.001162 at y = 5.685168
phi_m, max: -0.000000 at y = 5.480000./ phi_m, min: -0.001153 at y = 5.685168
phi_m, max: -0.000000 at y = 5.480000./ phi_m, min: -0.001143 at y = 5.685168
phi_m, max: -0.000000 at y = 5.480000./ phi_m, min: -0.001133 at y = 5.685168
phi_m, max: -0.000000 at y = 5.480000./ phi_m, min: -0.001125 at y = 5.685168


phi_m, max: -0.000000 at y = 3.971429./ phi_m, min: -0.001126 at y = 4.000000
phi_m, max: -0.000000 at y = 3.971429./ phi_m, min: -0.001135 at y = 4.210000
phi_m, max: -0.000000 at y = 3.971429./ phi_m, min: -0.001127 at y = 4.210000
phi_m, max: -0.000000 at y = 3.971429./ phi_m, min: -0.001116 at y = 4.210000
phi_m, max: -0.000000 at y = 3.971429./ phi_m, min: -0.001107 at y = 4.210000
phi_m, max: -0.000000 at y = 3.971429./ phi_m, min: -0.001099 at y = 4.210000


phi_m, max: -0.000000 at y = 4.850000./ phi_m, min: -0.001153 at y = 5.055168
phi_m, max: -0.000000 at y = 4.850000./ phi_m, min: -0.001162 at y = 4.844832
phi_m, max: -0.000000 at y = 4.850000./ phi_m, min: -0.001153 at y = 4.844832
phi_m, max: -0.000000 at y = 4.850000./ phi_m, min: -0.001143 at y = 4.844832
phi_m, max: -0.000000 at y = 4.850000./ phi_m, min: -0.001133 at y = 4.844832
phi_m, max: -0.000000 at y = 4.850000./ phi_m, min: -0.001125 at y = 4.844832


phi_m, max: -0.000000 at y = 4.210000./ phi_m, min: -0.001153 at y = 4.215168
phi_m, max: -0.000000 at y = 4.210000./ phi_m, min: -0.001162 at y = 4.214832
phi_m, max: -0.000000 at y = 4.210000./ phi_m, min: -0.001153 at y = 4.214832
phi_m, max: -0.000000 at y = 4.210000./ phi_m, min: -0.001143 at y = 4.214832
phi_m, max: -0.000000 at y = 4.210000./ phi_m, min: -0.001133 at y = 4.214832
phi_m, max: -0.000000 at y = 4.210000./ phi_m, min: -0.001125 at y = 4.215168


phi_m, max: -0.000000 at y = 1.480000./ phi_m, min: -0.001152 at y = 1.485168
phi_m, max: 0.005816 at y = 1.308571./ phi_m, min: -0.000962 at y = 1.518571
phi_m, max: 5.150036 at y = 1.308571./ phi_m, min: 0.000000 at y = 1.480000
phi_m, max: 115.881761 at y = 1.481624./ phi_m, min: 0.000000 at y = 1.480000
phi_m, max: 110.628864 at y = 1.489413./ phi_m, min: 0.000000 at y = 1.480000
phi_m, max: 94.697881 at y = 1.490000./ phi_m, min: 0.000000 at y = 1.480000


phi_m, max: 0.015271 at y = 0.860000./ phi_m, min: -0.000723 at y = 1.070000
phi_m, max: 12.013272 at y = 0.860000./ phi_m, min: 0.000000 at y = 0.888571
phi_m, max: 115.904112 at y = 1.063633./ phi_m, min: 0.000000 at y = 0.888571
phi_m, max: 109.137075 at y = 1.069413./ phi_m, min: 0.000000 at y = 0.888571
phi_m, max: 92.540970 at y = 1.070000./ phi_m, min: 0.000000 at y = 0.888571
phi_m, max: 72.734563 at y = 1.070000./ phi_m, min: 0.000000 at y = 0.888571


phi_m, max: -0.000000 at y = 1.270000./ phi_m, min: -0.001127 at y = 1.278213
phi_m, max: 0.294549 at y = 1.070000./ phi_m, min: 0.000000 at y = 1.270000
phi_m, max: 104.482222 at y = 1.070000./ phi_m, min: 0.000000 at y = 1.270000
phi_m, max: 114.883380 at y = 1.278376./ phi_m, min: 0.000000 at y = 1.270000
phi_m, max: 102.444573 at y = 1.279413./ phi_m, min: 0.000000 at y = 1.270000
phi_m, max: 83.985286 at y = 1.308571./ phi_m, min: 0.000000 at y = 1.270000


phi_m, max: -0.000000 at y = 5.690000./ phi_m, min: -0.001153 at y = 5.895168
phi_m, max: -0.000000 at y = 5.690000./ phi_m, min: -0.001162 at y = 5.895168
phi_m, max: -0.000000 at y = 5.690000./ phi_m, min: -0.001153 at y = 5.895168
phi_m, max: -0.000000 at y = 5.690000./ phi_m, min: -0.001143 at y = 5.895168
phi_m, max: -0.000000 at y = 5.690000./ phi_m, min: -0.001133 at y = 5.895168
phi_m, max: -0.000000 at y = 5.690000./ phi_m, min: -0.001125 at y = 5.895168


phi_m, max: -0.000000 at y = 2.320000./ phi_m, min: -0.001153 at y = 2.324832
phi_m, max: -0.000000 at y = 2.320000./ phi_m, min: -0.001162 at y = 2.325168
phi_m, max: -0.000000 at y = 2.320000./ phi_m, min: -0.001153 at y = 2.325168
phi_m, max: 0.000273 at y = 2.177143./ phi_m, min: -0.001080 at y = 2.415714
phi_m, max: 1.166355 at y = 2.177143./ phi_m, min: 0.000000 at y = 2.320000
phi_m, max: 113.944591 at y = 2.177143./ phi_m, min: 0.000000 at y = 2.320000


phi_m, max: -0.000000 at y = 5.050000./ phi_m, min: -0.001153 at y = 5.055168
phi_m, max: -0.000000 at y = 5.050000./ phi_m, min: -0.001162 at y = 5.475168
phi_m, max: -0.000000 at y = 5.050000./ phi_m, min: -0.001153 at y = 5.475168
phi_m, max: -0.000000 at y = 5.050000./ phi_m, min: -0.001143 at y = 5.475168
phi_m, max: -0.000000 at y = 5.050000./ phi_m, min: -0.001133 at y = 5.475168
phi_m, max: -0.000000 at y = 5.050000./ phi_m, min: -0.001125 at y = 5.475168


phi_m, max: -0.000000 at y = 4.640000./ phi_m, min: -0.001153 at y = 4.634832
phi_m, max: -0.000000 at y = 4.640000./ phi_m, min: -0.001162 at y = 4.635168
phi_m, max: -0.000000 at y = 4.640000./ phi_m, min: -0.001153 at y = 4.635168
phi_m, max: -0.000000 at y = 4.640000./ phi_m, min: -0.001143 at y = 4.635168
phi_m, max: -0.000000 at y = 4.640000./ phi_m, min: -0.001133 at y = 4.635168
phi_m, max: -0.000000 at y = 4.640000./ phi_m, min: -0.001125 at y = 4.635168


phi_m, max: -0.000000 at y = 5.260000./ phi_m, min: -0.001153 at y = 5.264832
phi_m, max: -0.000000 at y = 5.260000./ phi_m, min: -0.001162 at y = 5.265168
phi_m, max: -0.000000 at y = 5.260000./ phi_m, min: -0.001153 at y = 5.265168
phi_m, max: -0.000000 at y = 5.260000./ phi_m, min: -0.001143 at y = 5.265168
phi_m, max: -0.000000 at y = 5.260000./ phi_m, min: -0.001133 at y = 5.265168
phi_m, max: -0.000000 at y = 5.260000./ phi_m, min: -0.001125 at y = 5.265168


phi_m, max: 18.893457 at y = 0.640000./ phi_m, min: 0.000000 at y = 0.650000
phi_m, max: 115.962318 at y = 0.646426./ phi_m, min: 0.000000 at y = 0.650000
phi_m, max: 114.048495 at y = 0.859413./ phi_m, min: 0.000000 at y = 0.650000
phi_m, max: 100.508078 at y = 0.860000./ phi_m, min: 0.000000 at y = 0.650000
phi_m, max: 81.653519 at y = 0.860000./ phi_m, min: 0.000000 at y = 0.650000
phi_m, max: 61.572365 at y = 0.860000./ phi_m, min: 0.000000 at y = 0.650000


phi_m, max: -0.000000 at y = 1.900000./ phi_m, min: -0.001153 at y = 1.905168
phi_m, max: -0.000000 at y = 1.900000./ phi_m, min: -0.001162 at y = 1.905168
phi_m, max: 0.001996 at y = 1.728571./ phi_m, min: -0.001050 at y = 1.963787
phi_m, max: 2.391697 at y = 1.728571./ phi_m, min: 0.000000 at y = 1.900000
phi_m, max: 115.332297 at y = 1.900587./ phi_m, min: 0.000000 at y = 1.900000
phi_m, max: 111.987642 at y = 1.909413./ phi_m, min: 0.000000 at y = 1.900000


phi_m, max: 115.829979 at y = 0.228213./ phi_m, min: 0.000000 at y = 0.220000
phi_m, max: 105.912401 at y = 0.344286./ phi_m, min: 0.000000 at y = 0.220000
phi_m, max: 88.488870 at y = 0.344286./ phi_m, min: 0.000000 at y = 0.220000
phi_m, max: 68.543274 at y = 0.344286./ phi_m, min: 0.000000 at y = 0.220000
phi_m, max: 49.456652 at y = 0.344286./ phi_m, min: 0.000000 at y = 0.220000
phi_m, max: 32.251607 at y = 0.344286./ phi_m, min: 0.000000 at y = 0.220000


phi_m, max: -0.000000 at y = 3.580000./ phi_m, min: -0.001153 at y = 3.584832
phi_m, max: -0.000000 at y = 3.580000./ phi_m, min: -0.001162 at y = 3.585168
phi_m, max: -0.000000 at y = 3.580000./ phi_m, min: -0.001153 at y = 3.585168
phi_m, max: -0.000000 at y = 3.580000./ phi_m, min: -0.001143 at y = 3.585168
phi_m, max: -0.000000 at y = 3.580000./ phi_m, min: -0.001133 at y = 3.585168
phi_m, max: -0.000000 at y = 3.580000./ phi_m, min: -0.001125 at y = 3.585168


Writing: "Fiber2DEphapticPlaneL6Isolated_6.chk"
phi_m, max: 112.624926 at y = 0.018213./ phi_m, min: 0.000000 at y = -0.010000
phi_m, max: 97.591567 at y = 0.018213./ phi_m, min: 0.000000 at y = -0.010000
phi_m, max: 78.306002 at y = 0.134286./ phi_m, min: 0.000000 at y = -0.010000
phi_m, max: 58.476535 at y = 0.134286./ phi_m, min: 0.000000 at y = -0.010000
phi_m, max: 40.847335 at y = 0.134286./ phi_m, min: 0.000000 at y = -0.010000
phi_m, max: 22.173906 at y = 0.134286./ phi_m, min: 0.000000 at y = -0.010000


 (0.00854061s, XML)
phi_m, max: 112.624926 at y = 0.018213./ phi_m, min: 0.000000 at y = -0.010000
phi_m, max: 97.591567 at y = 0.018213./ phi_m, min: 0.000000 at y = -0.010000
phi_m, max: 78.306002 at y = 0.134286./ phi_m, min: 0.000000 at y = -0.010000
phi_m, max: 58.476535 at y = 0.134286./ phi_m, min: 0.000000 at y = -0.010000
phi_m, max: 40.847335 at y = 0.134286./ phi_m, min: 0.000000 at y = -0.010000
phi_m, max: 22.173906 at y = 0.134286./ phi_m, min: 0.000000 at y = -0.010000
phi_m, max: 4.093920 at y = 0.134286./ phi_m, min: 0.000000 at y = -0.010000


phi_m, max: -0.000000 at y = 2.110000./ phi_m, min: -0.001153 at y = 2.115168
phi_m, max: -0.000000 at y = 2.110000./ phi_m, min: -0.001162 at y = 2.115168
phi_m, max: -0.000000 at y = 2.110000./ phi_m, min: -0.001146 at y = 2.116367
phi_m, max: 0.057853 at y = 1.938571./ phi_m, min: 0.000000 at y = 2.110000
phi_m, max: 49.175436 at y = 1.938571./ phi_m, min: 0.000000 at y = 2.110000
phi_m, max: 115.860600 at y = 2.117458./ phi_m, min: 0.000000 at y = 2.110000
phi_m, max: 106.118442 at y = 2.119413./ phi_m, min: 0.000000 at y = 2.110000


phi_m, max: -0.000000 at y = 2.950000./ phi_m, min: -0.001153 at y = 2.954832
phi_m, max: -0.000000 at y = 2.950000./ phi_m, min: -0.001162 at y = 2.955168
phi_m, max: -0.000000 at y = 2.950000./ phi_m, min: -0.001153 at y = 2.955168
phi_m, max: -0.000000 at y = 2.950000./ phi_m, min: -0.001143 at y = 2.955168
phi_m, max: -0.000000 at y = 2.950000./ phi_m, min: -0.001131 at y = 2.955449
phi_m, max: 0.011849 at y = 2.807143./ phi_m, min: -0.000792 at y = 3.045714
phi_m, max: 9.518874 at y = 2.807143./ phi_m, min: 0.000000 at y = 2.950000


phi_m, max: -0.000000 at y = 2.740000./ phi_m, min: -0.001153 at y = 2.744832
phi_m, max: -0.000000 at y = 2.740000./ phi_m, min: -0.001162 at y = 2.745168
phi_m, max: -0.000000 at y = 2.740000./ phi_m, min: -0.001153 at y = 2.745168
phi_m, max: -0.000000 at y = 2.740000./ phi_m, min: -0.001143 at y = 2.745168
phi_m, max: -0.000000 at y = 2.740000./ phi_m, min: -0.001093 at y = 2.748825
phi_m, max: 0.524967 at y = 2.597143./ phi_m, min: 0.000000 at y = 2.740000
phi_m, max: 110.624607 at y = 2.597143./ phi_m, min: 0.000000 at y = 2.740000


phi_m, max: -0.000000 at y = 1.518571./ phi_m, min: -0.001153 at y = 1.695168
phi_m, max: -0.000000 at y = 1.518571./ phi_m, min: -0.001147 at y = 1.696787
phi_m, max: 0.131643 at y = 1.490000./ phi_m, min: 0.000000 at y = 1.518571
phi_m, max: 83.454072 at y = 1.490000./ phi_m, min: 0.000000 at y = 1.518571
phi_m, max: 115.553562 at y = 1.698376./ phi_m, min: 0.000000 at y = 1.518571
phi_m, max: 104.324704 at y = 1.699413./ phi_m, min: 0.000000 at y = 1.518571
phi_m, max: 86.263429 at y = 1.728571./ phi_m, min: 0.000000 at y = 1.518571


phi_m, max: -0.000000 at y = 2.358571./ phi_m, min: -0.001153 at y = 2.535168
phi_m, max: -0.000000 at y = 2.358571./ phi_m, min: -0.001162 at y = 2.535168
phi_m, max: -0.000000 at y = 2.358571./ phi_m, min: -0.001153 at y = 2.535168
phi_m, max: -0.000000 at y = 2.358571./ phi_m, min: -0.001139 at y = 2.535587
phi_m, max: 0.027657 at y = 2.387143./ phi_m, min: -0.000395 at y = 2.597143
phi_m, max: 21.375315 at y = 2.387143./ phi_m, min: 0.000000 at y = 2.358571
phi_m, max: 115.959152 at y = 2.536426./ phi_m, min: 0.000000 at y = 2.358571


phi_m, max: -0.000000 at y = 3.790000./ phi_m, min: -0.001153 at y = 4.004832
phi_m, max: -0.000000 at y = 3.790000./ phi_m, min: -0.001162 at y = 3.794832
phi_m, max: -0.000000 at y = 3.790000./ phi_m, min: -0.001153 at y = 3.794832
phi_m, max: -0.000000 at y = 3.790000./ phi_m, min: -0.001143 at y = 3.794832
phi_m, max: -0.000000 at y = 3.790000./ phi_m, min: -0.001133 at y = 4.005168
phi_m, max: -0.000000 at y = 3.790000./ phi_m, min: -0.001125 at y = 4.005168
phi_m, max: -0.000000 at y = 3.790000./ phi_m, min: -0.001117 at y = 4.005168


phi_m, max: 114.270515 at y = 0.430587./ phi_m, min: -0.001124 at y = 3.198571
phi_m, max: 112.995228 at y = 0.439413./ phi_m, min: -0.001133 at y = 3.341429
phi_m, max: 98.507055 at y = 0.440000./ phi_m, min: -0.001125 at y = 3.341429
phi_m, max: 79.334432 at y = 0.440000./ phi_m, min: -0.001114 at y = 3.341429
phi_m, max: 59.322314 at y = 0.440000./ phi_m, min: -0.001105 at y = 3.341429
phi_m, max: 41.434949 at y = 0.440000./ phi_m, min: -0.001090 at y = 3.341429
phi_m, max: 22.296643 at y = 0.440000./ phi_m, min: 0.000000 at y = 0.430000


phi_m, max: -0.000000 at y = 6.310000./ phi_m, min: -0.001162 at y = 6.318213
phi_m, max: -0.000000 at y = 6.310000./ phi_m, min: -0.001171 at y = 6.318213
phi_m, max: -0.000000 at y = 6.310000./ phi_m, min: -0.001162 at y = 6.318213
phi_m, max: -0.000000 at y = 6.310000./ phi_m, min: -0.001152 at y = 6.318213
phi_m, max: -0.000000 at y = 6.310000./ phi_m, min: -0.001142 at y = 6.318213
phi_m, max: -0.000000 at y = 6.310000./ phi_m, min: -0.001133 at y = 6.318213
phi_m, max: -0.000000 at y = 6.310000./ phi_m, min: -0.001126 at y = 6.318213


phi_m, max: -0.000000 at y = 5.928571./ phi_m, min: -0.001153 at y = 6.105168
phi_m, max: -0.000000 at y = 5.928571./ phi_m, min: -0.001162 at y = 6.105168
phi_m, max: -0.000000 at y = 5.928571./ phi_m, min: -0.001154 at y = 6.105168
phi_m, max: -0.000000 at y = 5.928571./ phi_m, min: -0.001143 at y = 6.105168
phi_m, max: -0.000000 at y = 5.928571./ phi_m, min: -0.001133 at y = 6.105168
phi_m, max: -0.000000 at y = 5.928571./ phi_m, min: -0.001125 at y = 6.105168
phi_m, max: -0.000000 at y = 5.928571./ phi_m, min: -0.001118 at y = 6.105168


phi_m, max: -0.000000 at y = 5.480000./ phi_m, min: -0.001153 at y = 5.685168
phi_m, max: -0.000000 at y = 5.480000./ phi_m, min: -0.001162 at y = 5.685168
phi_m, max: -0.000000 at y = 5.480000./ phi_m, min: -0.001153 at y = 5.685168
phi_m, max: -0.000000 at y = 5.480000./ phi_m, min: -0.001143 at y = 5.685168
phi_m, max: -0.000000 at y = 5.480000./ phi_m, min: -0.001133 at y = 5.685168
phi_m, max: -0.000000 at y = 5.480000./ phi_m, min: -0.001125 at y = 5.685168
phi_m, max: -0.000000 at y = 5.480000./ phi_m, min: -0.001117 at y = 5.685168


phi_m, max: -0.000000 at y = 3.971429./ phi_m, min: -0.001126 at y = 4.000000
phi_m, max: -0.000000 at y = 3.971429./ phi_m, min: -0.001135 at y = 4.210000
phi_m, max: -0.000000 at y = 3.971429./ phi_m, min: -0.001127 at y = 4.210000
phi_m, max: -0.000000 at y = 3.971429./ phi_m, min: -0.001116 at y = 4.210000
phi_m, max: -0.000000 at y = 3.971429./ phi_m, min: -0.001107 at y = 4.210000
phi_m, max: -0.000000 at y = 3.971429./ phi_m, min: -0.001099 at y = 4.210000
phi_m, max: -0.000000 at y = 3.971429./ phi_m, min: -0.001091 at y = 4.210000


phi_m, max: -0.000000 at y = 4.850000./ phi_m, min: -0.001153 at y = 5.055168
phi_m, max: -0.000000 at y = 4.850000./ phi_m, min: -0.001162 at y = 4.844832
phi_m, max: -0.000000 at y = 4.850000./ phi_m, min: -0.001153 at y = 4.844832
phi_m, max: -0.000000 at y = 4.850000./ phi_m, min: -0.001143 at y = 4.844832
phi_m, max: -0.000000 at y = 4.850000./ phi_m, min: -0.001133 at y = 4.844832
phi_m, max: -0.000000 at y = 4.850000./ phi_m, min: -0.001125 at y = 4.844832
phi_m, max: -0.000000 at y = 4.850000./ phi_m, min: -0.001117 at y = 4.844832


phi_m, max: -0.000000 at y = 4.210000./ phi_m, min: -0.001153 at y = 4.215168
phi_m, max: -0.000000 at y = 4.210000./ phi_m, min: -0.001162 at y = 4.214832
phi_m, max: -0.000000 at y = 4.210000./ phi_m, min: -0.001153 at y = 4.214832
phi_m, max: -0.000000 at y = 4.210000./ phi_m, min: -0.001143 at y = 4.214832
phi_m, max: -0.000000 at y = 4.210000./ phi_m, min: -0.001133 at y = 4.214832
phi_m, max: -0.000000 at y = 4.210000./ phi_m, min: -0.001125 at y = 4.215168
phi_m, max: -0.000000 at y = 4.210000./ phi_m, min: -0.001117 at y = 4.215168


phi_m, max: -0.000000 at y = 1.480000./ phi_m, min: -0.001152 at y = 1.485168
phi_m, max: 0.005816 at y = 1.308571./ phi_m, min: -0.000962 at y = 1.518571
phi_m, max: 5.150036 at y = 1.308571./ phi_m, min: 0.000000 at y = 1.480000
phi_m, max: 115.881761 at y = 1.481624./ phi_m, min: 0.000000 at y = 1.480000
phi_m, max: 110.628864 at y = 1.489413./ phi_m, min: 0.000000 at y = 1.480000
phi_m, max: 94.697881 at y = 1.490000./ phi_m, min: 0.000000 at y = 1.480000
phi_m, max: 75.119998 at y = 1.518571./ phi_m, min: 0.000000 at y = 1.480000


phi_m, max: 0.015271 at y = 0.860000./ phi_m, min: -0.000723 at y = 1.070000
phi_m, max: 12.013272 at y = 0.860000./ phi_m, min: 0.000000 at y = 0.888571
phi_m, max: 115.904112 at y = 1.063633./ phi_m, min: 0.000000 at y = 0.888571
phi_m, max: 109.137075 at y = 1.069413./ phi_m, min: 0.000000 at y = 0.888571
phi_m, max: 92.540970 at y = 1.070000./ phi_m, min: 0.000000 at y = 0.888571
phi_m, max: 72.734563 at y = 1.070000./ phi_m, min: 0.000000 at y = 0.888571
phi_m, max: 53.159701 at y = 1.070000./ phi_m, min: 0.000000 at y = 0.888571


phi_m, max: -0.000000 at y = 1.270000./ phi_m, min: -0.001127 at y = 1.278213
phi_m, max: 0.294549 at y = 1.070000./ phi_m, min: 0.000000 at y = 1.270000
phi_m, max: 104.482222 at y = 1.070000./ phi_m, min: 0.000000 at y = 1.270000
phi_m, max: 114.883380 at y = 1.278376./ phi_m, min: 0.000000 at y = 1.270000
phi_m, max: 102.444573 at y = 1.279413./ phi_m, min: 0.000000 at y = 1.270000
phi_m, max: 83.985286 at y = 1.308571./ phi_m, min: 0.000000 at y = 1.270000
phi_m, max: 63.914494 at y = 1.308571./ phi_m, min: 0.000000 at y = 1.270000


phi_m, max: -0.000000 at y = 5.690000./ phi_m, min: -0.001153 at y = 5.895168
phi_m, max: -0.000000 at y = 5.690000./ phi_m, min: -0.001162 at y = 5.895168
phi_m, max: -0.000000 at y = 5.690000./ phi_m, min: -0.001153 at y = 5.895168
phi_m, max: -0.000000 at y = 5.690000./ phi_m, min: -0.001143 at y = 5.895168
phi_m, max: -0.000000 at y = 5.690000./ phi_m, min: -0.001133 at y = 5.895168
phi_m, max: -0.000000 at y = 5.690000./ phi_m, min: -0.001125 at y = 5.895168
phi_m, max: -0.000000 at y = 5.690000./ phi_m, min: -0.001117 at y = 5.895168


phi_m, max: -0.000000 at y = 2.320000./ phi_m, min: -0.001153 at y = 2.324832
phi_m, max: -0.000000 at y = 2.320000./ phi_m, min: -0.001162 at y = 2.325168
phi_m, max: -0.000000 at y = 2.320000./ phi_m, min: -0.001153 at y = 2.325168
phi_m, max: 0.000273 at y = 2.177143./ phi_m, min: -0.001080 at y = 2.415714
phi_m, max: 1.166355 at y = 2.177143./ phi_m, min: 0.000000 at y = 2.320000
phi_m, max: 113.944591 at y = 2.177143./ phi_m, min: 0.000000 at y = 2.320000
phi_m, max: 113.192391 at y = 2.329413./ phi_m, min: 0.000000 at y = 2.320000


phi_m, max: -0.000000 at y = 5.050000./ phi_m, min: -0.001153 at y = 5.055168
phi_m, max: -0.000000 at y = 5.050000./ phi_m, min: -0.001162 at y = 5.475168
phi_m, max: -0.000000 at y = 5.050000./ phi_m, min: -0.001153 at y = 5.475168
phi_m, max: -0.000000 at y = 5.050000./ phi_m, min: -0.001143 at y = 5.475168
phi_m, max: -0.000000 at y = 5.050000./ phi_m, min: -0.001133 at y = 5.475168
phi_m, max: -0.000000 at y = 5.050000./ phi_m, min: -0.001125 at y = 5.475168
phi_m, max: -0.000000 at y = 5.050000./ phi_m, min: -0.001117 at y = 5.475168


phi_m, max: -0.000000 at y = 4.640000./ phi_m, min: -0.001153 at y = 4.634832
phi_m, max: -0.000000 at y = 4.640000./ phi_m, min: -0.001162 at y = 4.635168
phi_m, max: -0.000000 at y = 4.640000./ phi_m, min: -0.001153 at y = 4.635168
phi_m, max: -0.000000 at y = 4.640000./ phi_m, min: -0.001143 at y = 4.635168
phi_m, max: -0.000000 at y = 4.640000./ phi_m, min: -0.001133 at y = 4.635168
phi_m, max: -0.000000 at y = 4.640000./ phi_m, min: -0.001125 at y = 4.635168
phi_m, max: -0.000000 at y = 4.640000./ phi_m, min: -0.001117 at y = 4.635168


phi_m, max: -0.000000 at y = 5.260000./ phi_m, min: -0.001153 at y = 5.264832
phi_m, max: -0.000000 at y = 5.260000./ phi_m, min: -0.001162 at y = 5.265168
phi_m, max: -0.000000 at y = 5.260000./ phi_m, min: -0.001153 at y = 5.265168
phi_m, max: -0.000000 at y = 5.260000./ phi_m, min: -0.001143 at y = 5.265168
phi_m, max: -0.000000 at y = 5.260000./ phi_m, min: -0.001133 at y = 5.265168
phi_m, max: -0.000000 at y = 5.260000./ phi_m, min: -0.001125 at y = 5.265168
phi_m, max: -0.000000 at y = 5.260000./ phi_m, min: -0.001117 at y = 5.265168


phi_m, max: 18.893457 at y = 0.640000./ phi_m, min: 0.000000 at y = 0.650000
phi_m, max: 115.962318 at y = 0.646426./ phi_m, min: 0.000000 at y = 0.650000
phi_m, max: 114.048495 at y = 0.859413./ phi_m, min: 0.000000 at y = 0.650000
phi_m, max: 100.508078 at y = 0.860000./ phi_m, min: 0.000000 at y = 0.650000
phi_m, max: 81.653519 at y = 0.860000./ phi_m, min: 0.000000 at y = 0.650000
phi_m, max: 61.572365 at y = 0.860000./ phi_m, min: 0.000000 at y = 0.650000
phi_m, max: 43.380144 at y = 0.860000./ phi_m, min: 0.000000 at y = 0.650000


phi_m, max: -0.000000 at y = 1.900000./ phi_m, min: -0.001153 at y = 1.905168
phi_m, max: -0.000000 at y = 1.900000./ phi_m, min: -0.001162 at y = 1.905168
phi_m, max: 0.001996 at y = 1.728571./ phi_m, min: -0.001050 at y = 1.963787
phi_m, max: 2.391697 at y = 1.728571./ phi_m, min: 0.000000 at y = 1.900000
phi_m, max: 115.332297 at y = 1.900587./ phi_m, min: 0.000000 at y = 1.900000
phi_m, max: 111.987642 at y = 1.909413./ phi_m, min: 0.000000 at y = 1.900000
phi_m, max: 96.831898 at y = 1.963787./ phi_m, min: 0.000000 at y = 1.900000


phi_m, max: 115.829979 at y = 0.228213./ phi_m, min: 0.000000 at y = 0.220000
phi_m, max: 105.912401 at y = 0.344286./ phi_m, min: 0.000000 at y = 0.220000
phi_m, max: 88.488870 at y = 0.344286./ phi_m, min: 0.000000 at y = 0.220000
phi_m, max: 68.543274 at y = 0.344286./ phi_m, min: 0.000000 at y = 0.220000
phi_m, max: 49.456652 at y = 0.344286./ phi_m, min: 0.000000 at y = 0.220000
phi_m, max: 32.251607 at y = 0.344286./ phi_m, min: 0.000000 at y = 0.220000
phi_m, max: 10.619790 at y = 0.344286./ phi_m, min: 0.000000 at y = 0.220000


phi_m, max: -0.000000 at y = 4.420000./ phi_m, min: -0.001153 at y = 4.424832
phi_m, max: -0.000000 at y = 4.420000./ phi_m, min: -0.001162 at y = 4.425168
phi_m, max: -0.000000 at y = 4.420000./ phi_m, min: -0.001153 at y = 4.425168
phi_m, max: -0.000000 at y = 4.420000./ phi_m, min: -0.001143 at y = 4.425168
phi_m, max: -0.000000 at y = 4.420000./ phi_m, min: -0.001133 at y = 4.425168
phi_m, max: -0.000000 at y = 4.420000./ phi_m, min: -0.001125 at y = 4.425168
phi_m, max: -0.000000 at y = 4.420000./ phi_m, min: -0.001117 at y = 4.425168


phi_m, max: -0.000000 at y = 3.580000./ phi_m, min: -0.001153 at y = 3.584832
phi_m, max: -0.000000 at y = 3.580000./ phi_m, min: -0.001162 at y = 3.585168
phi_m, max: -0.000000 at y = 3.580000./ phi_m, min: -0.001153 at y = 3.585168
phi_m, max: -0.000000 at y = 3.580000./ phi_m, min: -0.001143 at y = 3.585168
phi_m, max: -0.000000 at y = 3.580000./ phi_m, min: -0.001133 at y = 3.585168
phi_m, max: -0.000000 at y = 3.580000./ phi_m, min: -0.001125 at y = 3.585168
phi_m, max: -0.000000 at y = 3.580000./ phi_m, min: -0.001104 at y = 3.586787


Steps: 7000000  Time: 0.7         

Time: 0.100000
CPU Time: 74.486909 min.
phi_m, max: -0.000000 at y = 3.131429./ phi_m, min: -0.001161 at y = 6.320000

Time: 0.200000
CPU Time: 74.595730 min.
phi_m, max: -0.000000 at y = 3.131429./ phi_m, min: -0.001170 at y = 6.320000

Time: 0.300000
CPU Time: 74.501474 min.
phi_m, max: -0.000000 at y = 3.131429./ phi_m, min: -0.001161 at y = 6.320000

Time: 0.400000
CPU Time: 74.544145 min.
phi_m, max: -0.000000 at y = 3.131429./ phi_m, min: -0.001150 at y = 6.320000

Time: 0.500000
CPU Time: 75.202637 min.
phi_m, max: -0.000000 at y = 3.131429./ phi_m, min: -0.001141 at y = 6.320000

Time: 0.600000
CPU Time: 75.424555 min.
phi_m, max: -0.000000 at y = 3.131429./ phi_m, min: -0.001132 at y = 6.320000

Time: 0.700000
CPU Time: 75.120902 min.
phi_m, max: 0.221976 at y = 3.045714./ phi_m, min: -0.001125 at y = 6.320000


phi_m, max: -0.000000 at y = 3.370000./ phi_m, min: -0.001153 at y = 3.375168
phi_m, max: -0.000000 at y = 3.370000./ phi_m, min: -0.001162 at y = 3.374832
phi_m, max: -0.000000 at y = 3.370000./ phi_m, min: -0.001153 at y = 3.374832
phi_m, max: -0.000000 at y = 3.370000./ phi_m, min: -0.001143 at y = 3.375168
phi_m, max: -0.000000 at y = 3.370000./ phi_m, min: -0.001133 at y = 3.375168
phi_m, max: -0.000000 at y = 3.370000./ phi_m, min: -0.001124 at y = 3.375168
phi_m, max: 0.003593 at y = 3.341429./ phi_m, min: -0.000974 at y = 3.551429


phi_m, max: 27.072587 at y = 0.440000./ phi_m, min: 0.000000 at y = 0.430000
phi_m, max: 115.962318 at y = 0.646426./ phi_m, min: 0.000000 at y = 0.430000
phi_m, max: 107.497158 at y = 0.649413./ phi_m, min: 0.000000 at y = 0.430000
phi_m, max: 90.342674 at y = 0.650000./ phi_m, min: 0.000000 at y = 0.430000
phi_m, max: 70.397993 at y = 0.650000./ phi_m, min: 0.000000 at y = 0.430000
phi_m, max: 51.059040 at y = 0.650000./ phi_m, min: 0.000000 at y = 0.430000
phi_m, max: 33.834448 at y = 0.650000./ phi_m, min: 0.000000 at y = 0.430000


Writing: "Fiber2DEphapticPlaneL6Isolated_7.chk"
 (0.00845705s, XML)
phi_m, max: -0.000000 at y = 1.518571./ phi_m, min: -0.001153 at y = 1.695168
phi_m, max: -0.000000 at y = 1.518571./ phi_m, min: -0.001147 at y = 1.696787
phi_m, max: 0.131643 at y = 1.490000./ phi_m, min: 0.000000 at y = 1.518571
phi_m, max: 83.454072 at y = 1.490000./ phi_m, min: 0.000000 at y = 1.518571
phi_m, max: 115.553562 at y = 1.698376./ phi_m, min: 0.000000 at y = 1.518571
phi_m, max: 104.324704 at y = 1.699413./ phi_m, min: 0.000000 at y = 1.518571
phi_m, max: 86.263429 at y = 1.728571./ phi_m, min: 0.000000 at y = 1.518571
phi_m, max: 66.214197 at y = 1.728571./ phi_m, min: 0.000000 at y = 1.518571


phi_m, max: 115.829979 at y = 0.228213./ phi_m, min: 0.000000 at y = 0.220000
phi_m, max: 105.912401 at y = 0.344286./ phi_m, min: 0.000000 at y = 0.220000
phi_m, max: 88.488870 at y = 0.344286./ phi_m, min: 0.000000 at y = 0.220000
phi_m, max: 68.543274 at y = 0.344286./ phi_m, min: 0.000000 at y = 0.220000
phi_m, max: 49.456652 at y = 0.344286./ phi_m, min: 0.000000 at y = 0.220000
phi_m, max: 32.251607 at y = 0.344286./ phi_m, min: 0.000000 at y = 0.220000
phi_m, max: 10.619790 at y = 0.344286./ phi_m, min: 0.000000 at y = 0.220000
phi_m, max: 1.168794 at y = 0.344286./ phi_m, min: 0.000000 at y = 0.220000


phi_m, max: 114.270515 at y = 0.430587./ phi_m, min: -0.001124 at y = 3.198571
phi_m, max: 112.995228 at y = 0.439413./ phi_m, min: -0.001133 at y = 3.341429
phi_m, max: 98.507055 at y = 0.440000./ phi_m, min: -0.001125 at y = 3.341429
phi_m, max: 79.334432 at y = 0.440000./ phi_m, min: -0.001114 at y = 3.341429
phi_m, max: 59.322314 at y = 0.440000./ phi_m, min: -0.001105 at y = 3.341429
phi_m, max: 41.434949 at y = 0.440000./ phi_m, min: -0.001090 at y = 3.341429
phi_m, max: 22.296643 at y = 0.440000./ phi_m, min: 0.000000 at y = 0.430000
phi_m, max: 4.480422 at y = 3.198571./ phi_m, min: 0.000000 at y = 0.430000


phi_m, max: -0.000000 at y = 6.310000./ phi_m, min: -0.001162 at y = 6.318213
phi_m, max: -0.000000 at y = 6.310000./ phi_m, min: -0.001171 at y = 6.318213
phi_m, max: -0.000000 at y = 6.310000./ phi_m, min: -0.001162 at y = 6.318213
phi_m, max: -0.000000 at y = 6.310000./ phi_m, min: -0.001152 at y = 6.318213
phi_m, max: -0.000000 at y = 6.310000./ phi_m, min: -0.001142 at y = 6.318213
phi_m, max: -0.000000 at y = 6.310000./ phi_m, min: -0.001133 at y = 6.318213
phi_m, max: -0.000000 at y = 6.310000./ phi_m, min: -0.001126 at y = 6.318213
phi_m, max: -0.000000 at y = 6.310000./ phi_m, min: -0.001120 at y = 6.318213


phi_m, max: -0.000000 at y = 5.928571./ phi_m, min: -0.001153 at y = 6.105168
phi_m, max: -0.000000 at y = 5.928571./ phi_m, min: -0.001162 at y = 6.105168
phi_m, max: -0.000000 at y = 5.928571./ phi_m, min: -0.001154 at y = 6.105168
phi_m, max: -0.000000 at y = 5.928571./ phi_m, min: -0.001143 at y = 6.105168
phi_m, max: -0.000000 at y = 5.928571./ phi_m, min: -0.001133 at y = 6.105168
phi_m, max: -0.000000 at y = 5.928571./ phi_m, min: -0.001125 at y = 6.105168
phi_m, max: -0.000000 at y = 5.928571./ phi_m, min: -0.001118 at y = 6.105168
phi_m, max: -0.000000 at y = 5.928571./ phi_m, min: -0.001111 at y = 6.105168


phi_m, max: -0.000000 at y = 5.480000./ phi_m, min: -0.001153 at y = 5.685168
phi_m, max: -0.000000 at y = 5.480000./ phi_m, min: -0.001162 at y = 5.685168
phi_m, max: -0.000000 at y = 5.480000./ phi_m, min: -0.001153 at y = 5.685168
phi_m, max: -0.000000 at y = 5.480000./ phi_m, min: -0.001143 at y = 5.685168
phi_m, max: -0.000000 at y = 5.480000./ phi_m, min: -0.001133 at y = 5.685168
phi_m, max: -0.000000 at y = 5.480000./ phi_m, min: -0.001125 at y = 5.685168
phi_m, max: -0.000000 at y = 5.480000./ phi_m, min: -0.001117 at y = 5.685168
phi_m, max: -0.000000 at y = 5.480000./ phi_m, min: -0.001111 at y = 5.685168


phi_m, max: -0.000000 at y = 3.971429./ phi_m, min: -0.001126 at y = 4.000000
phi_m, max: -0.000000 at y = 3.971429./ phi_m, min: -0.001135 at y = 4.210000
phi_m, max: -0.000000 at y = 3.971429./ phi_m, min: -0.001127 at y = 4.210000
phi_m, max: -0.000000 at y = 3.971429./ phi_m, min: -0.001116 at y = 4.210000
phi_m, max: -0.000000 at y = 3.971429./ phi_m, min: -0.001107 at y = 4.210000
phi_m, max: -0.000000 at y = 3.971429./ phi_m, min: -0.001099 at y = 4.210000
phi_m, max: -0.000000 at y = 3.971429./ phi_m, min: -0.001091 at y = 4.210000
phi_m, max: -0.000000 at y = 3.971429./ phi_m, min: -0.001084 at y = 4.210000


phi_m, max: -0.000000 at y = 4.850000./ phi_m, min: -0.001153 at y = 5.055168
phi_m, max: -0.000000 at y = 4.850000./ phi_m, min: -0.001162 at y = 4.844832
phi_m, max: -0.000000 at y = 4.850000./ phi_m, min: -0.001153 at y = 4.844832
phi_m, max: -0.000000 at y = 4.850000./ phi_m, min: -0.001143 at y = 4.844832
phi_m, max: -0.000000 at y = 4.850000./ phi_m, min: -0.001133 at y = 4.844832
phi_m, max: -0.000000 at y = 4.850000./ phi_m, min: -0.001125 at y = 4.844832
phi_m, max: -0.000000 at y = 4.850000./ phi_m, min: -0.001117 at y = 4.844832
phi_m, max: -0.000000 at y = 4.850000./ phi_m, min: -0.001111 at y = 5.054832


phi_m, max: -0.000000 at y = 4.210000./ phi_m, min: -0.001153 at y = 4.215168
phi_m, max: -0.000000 at y = 4.210000./ phi_m, min: -0.001162 at y = 4.214832
phi_m, max: -0.000000 at y = 4.210000./ phi_m, min: -0.001153 at y = 4.214832
phi_m, max: -0.000000 at y = 4.210000./ phi_m, min: -0.001143 at y = 4.214832
phi_m, max: -0.000000 at y = 4.210000./ phi_m, min: -0.001133 at y = 4.214832
phi_m, max: -0.000000 at y = 4.210000./ phi_m, min: -0.001125 at y = 4.215168
phi_m, max: -0.000000 at y = 4.210000./ phi_m, min: -0.001117 at y = 4.215168
phi_m, max: -0.000000 at y = 4.210000./ phi_m, min: -0.001111 at y = 4.215168


phi_m, max: -0.000000 at y = 1.480000./ phi_m, min: -0.001152 at y = 1.485168
phi_m, max: 0.005816 at y = 1.308571./ phi_m, min: -0.000962 at y = 1.518571
phi_m, max: 5.150036 at y = 1.308571./ phi_m, min: 0.000000 at y = 1.480000
phi_m, max: 115.881761 at y = 1.481624./ phi_m, min: 0.000000 at y = 1.480000
phi_m, max: 110.628864 at y = 1.489413./ phi_m, min: 0.000000 at y = 1.480000
phi_m, max: 94.697881 at y = 1.490000./ phi_m, min: 0.000000 at y = 1.480000
phi_m, max: 75.119998 at y = 1.518571./ phi_m, min: 0.000000 at y = 1.480000
phi_m, max: 55.371945 at y = 1.518571./ phi_m, min: 0.000000 at y = 1.480000


phi_m, max: 0.015271 at y = 0.860000./ phi_m, min: -0.000723 at y = 1.070000
phi_m, max: 12.013272 at y = 0.860000./ phi_m, min: 0.000000 at y = 0.888571
phi_m, max: 115.904112 at y = 1.063633./ phi_m, min: 0.000000 at y = 0.888571
phi_m, max: 109.137075 at y = 1.069413./ phi_m, min: 0.000000 at y = 0.888571
phi_m, max: 92.540970 at y = 1.070000./ phi_m, min: 0.000000 at y = 0.888571
phi_m, max: 72.734563 at y = 1.070000./ phi_m, min: 0.000000 at y = 0.888571
phi_m, max: 53.159701 at y = 1.070000./ phi_m, min: 0.000000 at y = 0.888571
phi_m, max: 35.884004 at y = 1.070000./ phi_m, min: 0.000000 at y = 0.888571


phi_m, max: -0.000000 at y = 1.270000./ phi_m, min: -0.001127 at y = 1.278213
phi_m, max: 0.294549 at y = 1.070000./ phi_m, min: 0.000000 at y = 1.270000
phi_m, max: 104.482222 at y = 1.070000./ phi_m, min: 0.000000 at y = 1.270000
phi_m, max: 114.883380 at y = 1.278376./ phi_m, min: 0.000000 at y = 1.270000
phi_m, max: 102.444573 at y = 1.279413./ phi_m, min: 0.000000 at y = 1.270000
phi_m, max: 83.985286 at y = 1.308571./ phi_m, min: 0.000000 at y = 1.270000
phi_m, max: 63.914494 at y = 1.308571./ phi_m, min: 0.000000 at y = 1.270000
phi_m, max: 45.412957 at y = 1.308571./ phi_m, min: 0.000000 at y = 1.270000


phi_m, max: -0.000000 at y = 5.690000./ phi_m, min: -0.001153 at y = 5.895168
phi_m, max: -0.000000 at y = 5.690000./ phi_m, min: -0.001162 at y = 5.895168
phi_m, max: -0.000000 at y = 5.690000./ phi_m, min: -0.001153 at y = 5.895168
phi_m, max: -0.000000 at y = 5.690000./ phi_m, min: -0.001143 at y = 5.895168
phi_m, max: -0.000000 at y = 5.690000./ phi_m, min: -0.001133 at y = 5.895168
phi_m, max: -0.000000 at y = 5.690000./ phi_m, min: -0.001125 at y = 5.895168
phi_m, max: -0.000000 at y = 5.690000./ phi_m, min: -0.001117 at y = 5.895168
phi_m, max: -0.000000 at y = 5.690000./ phi_m, min: -0.001111 at y = 5.895168


phi_m, max: -0.000000 at y = 2.320000./ phi_m, min: -0.001153 at y = 2.324832
phi_m, max: -0.000000 at y = 2.320000./ phi_m, min: -0.001162 at y = 2.325168
phi_m, max: -0.000000 at y = 2.320000./ phi_m, min: -0.001153 at y = 2.325168
phi_m, max: 0.000273 at y = 2.177143./ phi_m, min: -0.001080 at y = 2.415714
phi_m, max: 1.166355 at y = 2.177143./ phi_m, min: 0.000000 at y = 2.320000
phi_m, max: 113.944591 at y = 2.177143./ phi_m, min: 0.000000 at y = 2.320000
phi_m, max: 113.192391 at y = 2.329413./ phi_m, min: 0.000000 at y = 2.320000
phi_m, max: 98.972318 at y = 2.415714./ phi_m, min: 0.000000 at y = 2.320000


phi_m, max: -0.000000 at y = 5.050000./ phi_m, min: -0.001153 at y = 5.055168
phi_m, max: -0.000000 at y = 5.050000./ phi_m, min: -0.001162 at y = 5.475168
phi_m, max: -0.000000 at y = 5.050000./ phi_m, min: -0.001153 at y = 5.475168
phi_m, max: -0.000000 at y = 5.050000./ phi_m, min: -0.001143 at y = 5.475168
phi_m, max: -0.000000 at y = 5.050000./ phi_m, min: -0.001133 at y = 5.475168
phi_m, max: -0.000000 at y = 5.050000./ phi_m, min: -0.001125 at y = 5.475168
phi_m, max: -0.000000 at y = 5.050000./ phi_m, min: -0.001117 at y = 5.475168
phi_m, max: -0.000000 at y = 5.050000./ phi_m, min: -0.001111 at y = 5.475168


phi_m, max: -0.000000 at y = 4.640000./ phi_m, min: -0.001153 at y = 4.634832
phi_m, max: -0.000000 at y = 4.640000./ phi_m, min: -0.001162 at y = 4.635168
phi_m, max: -0.000000 at y = 4.640000./ phi_m, min: -0.001153 at y = 4.635168
phi_m, max: -0.000000 at y = 4.640000./ phi_m, min: -0.001143 at y = 4.635168
phi_m, max: -0.000000 at y = 4.640000./ phi_m, min: -0.001133 at y = 4.635168
phi_m, max: -0.000000 at y = 4.640000./ phi_m, min: -0.001125 at y = 4.635168
phi_m, max: -0.000000 at y = 4.640000./ phi_m, min: -0.001117 at y = 4.635168
phi_m, max: -0.000000 at y = 4.640000./ phi_m, min: -0.001111 at y = 4.635168


phi_m, max: -0.000000 at y = 5.260000./ phi_m, min: -0.001153 at y = 5.264832
phi_m, max: -0.000000 at y = 5.260000./ phi_m, min: -0.001162 at y = 5.265168
phi_m, max: -0.000000 at y = 5.260000./ phi_m, min: -0.001153 at y = 5.265168
phi_m, max: -0.000000 at y = 5.260000./ phi_m, min: -0.001143 at y = 5.265168
phi_m, max: -0.000000 at y = 5.260000./ phi_m, min: -0.001133 at y = 5.265168
phi_m, max: -0.000000 at y = 5.260000./ phi_m, min: -0.001125 at y = 5.265168
phi_m, max: -0.000000 at y = 5.260000./ phi_m, min: -0.001117 at y = 5.265168
phi_m, max: -0.000000 at y = 5.260000./ phi_m, min: -0.001111 at y = 5.265168


phi_m, max: 18.893457 at y = 0.640000./ phi_m, min: 0.000000 at y = 0.650000
phi_m, max: 115.962318 at y = 0.646426./ phi_m, min: 0.000000 at y = 0.650000
phi_m, max: 114.048495 at y = 0.859413./ phi_m, min: 0.000000 at y = 0.650000
phi_m, max: 100.508078 at y = 0.860000./ phi_m, min: 0.000000 at y = 0.650000
phi_m, max: 81.653519 at y = 0.860000./ phi_m, min: 0.000000 at y = 0.650000
phi_m, max: 61.572365 at y = 0.860000./ phi_m, min: 0.000000 at y = 0.650000
phi_m, max: 43.380144 at y = 0.860000./ phi_m, min: 0.000000 at y = 0.650000
phi_m, max: 24.950151 at y = 0.860000./ phi_m, min: 0.000000 at y = 0.650000


phi_m, max: -0.000000 at y = 1.900000./ phi_m, min: -0.001153 at y = 1.905168
phi_m, max: -0.000000 at y = 1.900000./ phi_m, min: -0.001162 at y = 1.905168
phi_m, max: 0.001996 at y = 1.728571./ phi_m, min: -0.001050 at y = 1.963787
phi_m, max: 2.391697 at y = 1.728571./ phi_m, min: 0.000000 at y = 1.900000
phi_m, max: 115.332297 at y = 1.900587./ phi_m, min: 0.000000 at y = 1.900000
phi_m, max: 111.987642 at y = 1.909413./ phi_m, min: 0.000000 at y = 1.900000
phi_m, max: 96.831898 at y = 1.963787./ phi_m, min: 0.000000 at y = 1.900000
phi_m, max: 77.525785 at y = 1.963787./ phi_m, min: 0.000000 at y = 1.900000


phi_m, max: -0.000000 at y = 3.580000./ phi_m, min: -0.001153 at y = 3.584832
phi_m, max: -0.000000 at y = 3.580000./ phi_m, min: -0.001162 at y = 3.585168
phi_m, max: -0.000000 at y = 3.580000./ phi_m, min: -0.001153 at y = 3.585168
phi_m, max: -0.000000 at y = 3.580000./ phi_m, min: -0.001143 at y = 3.585168
phi_m, max: -0.000000 at y = 3.580000./ phi_m, min: -0.001133 at y = 3.585168
phi_m, max: -0.000000 at y = 3.580000./ phi_m, min: -0.001125 at y = 3.585168
phi_m, max: -0.000000 at y = 3.580000./ phi_m, min: -0.001104 at y = 3.586787
phi_m, max: 0.084311 at y = 3.551429./ phi_m, min: 0.000000 at y = 3.580000


phi_m, max: 27.072587 at y = 0.440000./ phi_m, min: 0.000000 at y = 0.430000
phi_m, max: 115.962318 at y = 0.646426./ phi_m, min: 0.000000 at y = 0.430000
phi_m, max: 107.497158 at y = 0.649413./ phi_m, min: 0.000000 at y = 0.430000
phi_m, max: 90.342674 at y = 0.650000./ phi_m, min: 0.000000 at y = 0.430000
phi_m, max: 70.397993 at y = 0.650000./ phi_m, min: 0.000000 at y = 0.430000
phi_m, max: 51.059040 at y = 0.650000./ phi_m, min: 0.000000 at y = 0.430000
phi_m, max: 33.834448 at y = 0.650000./ phi_m, min: 0.000000 at y = 0.430000
phi_m, max: 12.186847 at y = 0.650000./ phi_m, min: 0.000000 at y = 0.430000


phi_m, max: -0.000000 at y = 3.370000./ phi_m, min: -0.001153 at y = 3.375168
phi_m, max: -0.000000 at y = 3.370000./ phi_m, min: -0.001162 at y = 3.374832
phi_m, max: -0.000000 at y = 3.370000./ phi_m, min: -0.001153 at y = 3.374832
phi_m, max: -0.000000 at y = 3.370000./ phi_m, min: -0.001143 at y = 3.375168
phi_m, max: -0.000000 at y = 3.370000./ phi_m, min: -0.001133 at y = 3.375168
phi_m, max: -0.000000 at y = 3.370000./ phi_m, min: -0.001124 at y = 3.375168
phi_m, max: 0.003593 at y = 3.341429./ phi_m, min: -0.000974 at y = 3.551429
phi_m, max: 3.468323 at y = 3.341429./ phi_m, min: 0.000000 at y = 3.370000


phi_m, max: 112.624926 at y = 0.018213./ phi_m, min: 0.000000 at y = -0.010000
phi_m, max: 97.591567 at y = 0.018213./ phi_m, min: 0.000000 at y = -0.010000
phi_m, max: 78.306002 at y = 0.134286./ phi_m, min: 0.000000 at y = -0.010000
phi_m, max: 58.476535 at y = 0.134286./ phi_m, min: 0.000000 at y = -0.010000
phi_m, max: 40.847335 at y = 0.134286./ phi_m, min: 0.000000 at y = -0.010000
phi_m, max: 22.173906 at y = 0.134286./ phi_m, min: 0.000000 at y = -0.010000
phi_m, max: 4.093920 at y = 0.134286./ phi_m, min: 0.000000 at y = -0.010000
phi_m, max: 0.290113 at y = 0.006787./ phi_m, min: 0.000000 at y = -0.010000


phi_m, max: -0.000000 at y = 2.110000./ phi_m, min: -0.001153 at y = 2.115168
phi_m, max: -0.000000 at y = 2.110000./ phi_m, min: -0.001162 at y = 2.115168
phi_m, max: -0.000000 at y = 2.110000./ phi_m, min: -0.001146 at y = 2.116367
phi_m, max: 0.057853 at y = 1.938571./ phi_m, min: 0.000000 at y = 2.110000
phi_m, max: 49.175436 at y = 1.938571./ phi_m, min: 0.000000 at y = 2.110000
phi_m, max: 115.860600 at y = 2.117458./ phi_m, min: 0.000000 at y = 2.110000
phi_m, max: 106.118442 at y = 2.119413./ phi_m, min: 0.000000 at y = 2.110000
phi_m, max: 88.582685 at y = 2.177143./ phi_m, min: 0.000000 at y = 2.110000


phi_m, max: -0.000000 at y = 2.950000./ phi_m, min: -0.001153 at y = 2.954832
phi_m, max: -0.000000 at y = 2.950000./ phi_m, min: -0.001162 at y = 2.955168
phi_m, max: -0.000000 at y = 2.950000./ phi_m, min: -0.001153 at y = 2.955168
phi_m, max: -0.000000 at y = 2.950000./ phi_m, min: -0.001143 at y = 2.955168
phi_m, max: -0.000000 at y = 2.950000./ phi_m, min: -0.001131 at y = 2.955449
phi_m, max: 0.011849 at y = 2.807143./ phi_m, min: -0.000792 at y = 3.045714
phi_m, max: 9.518874 at y = 2.807143./ phi_m, min: 0.000000 at y = 2.950000
phi_m, max: 115.909075 at y = 2.953633./ phi_m, min: 0.000000 at y = 2.950000


phi_m, max: -0.000000 at y = 2.740000./ phi_m, min: -0.001153 at y = 2.744832
phi_m, max: -0.000000 at y = 2.740000./ phi_m, min: -0.001162 at y = 2.745168
phi_m, max: -0.000000 at y = 2.740000./ phi_m, min: -0.001153 at y = 2.745168
phi_m, max: -0.000000 at y = 2.740000./ phi_m, min: -0.001143 at y = 2.745168
phi_m, max: -0.000000 at y = 2.740000./ phi_m, min: -0.001093 at y = 2.748825
phi_m, max: 0.524967 at y = 2.597143./ phi_m, min: 0.000000 at y = 2.740000
phi_m, max: 110.624607 at y = 2.597143./ phi_m, min: 0.000000 at y = 2.740000
phi_m, max: 114.210398 at y = 2.749413./ phi_m, min: 0.000000 at y = 2.740000


Steps: 8000000  Time: 0.8         

Time: 0.100000
CPU Time: 74.486909 min.
phi_m, max: -0.000000 at y = 3.131429./ phi_m, min: -0.001161 at y = 6.320000

Time: 0.200000
CPU Time: 74.595730 min.
phi_m, max: -0.000000 at y = 3.131429./ phi_m, min: -0.001170 at y = 6.320000

Time: 0.300000
CPU Time: 74.501474 min.
phi_m, max: -0.000000 at y = 3.131429./ phi_m, min: -0.001161 at y = 6.320000

Time: 0.400000
CPU Time: 74.544145 min.
phi_m, max: -0.000000 at y = 3.131429./ phi_m, min: -0.001150 at y = 6.320000

Time: 0.500000
CPU Time: 75.202637 min.
phi_m, max: -0.000000 at y = 3.131429./ phi_m, min: -0.001141 at y = 6.320000

Time: 0.600000
CPU Time: 75.424555 min.
phi_m, max: -0.000000 at y = 3.131429./ phi_m, min: -0.001132 at y = 6.320000

Time: 0.700000
CPU Time: 75.120902 min.
phi_m, max: 0.221976 at y = 3.045714./ phi_m, min: -0.001125 at y = 6.320000

Time: 0.800000
CPU Time: 74.630763 min.
phi_m, max: 96.525729 at y = 3.045714./ phi_m, min: -0.001118 at y = 6.320000


phi_m, max: -0.000000 at y = 2.358571./ phi_m, min: -0.001153 at y = 2.535168
phi_m, max: -0.000000 at y = 2.358571./ phi_m, min: -0.001162 at y = 2.535168
phi_m, max: -0.000000 at y = 2.358571./ phi_m, min: -0.001153 at y = 2.535168
phi_m, max: -0.000000 at y = 2.358571./ phi_m, min: -0.001139 at y = 2.535587
phi_m, max: 0.027657 at y = 2.387143./ phi_m, min: -0.000395 at y = 2.597143
phi_m, max: 21.375315 at y = 2.387143./ phi_m, min: 0.000000 at y = 2.358571
phi_m, max: 115.959152 at y = 2.536426./ phi_m, min: 0.000000 at y = 2.358571
phi_m, max: 107.815821 at y = 2.539413./ phi_m, min: 0.000000 at y = 2.358571


phi_m, max: -0.000000 at y = 3.790000./ phi_m, min: -0.001153 at y = 4.004832
phi_m, max: -0.000000 at y = 3.790000./ phi_m, min: -0.001162 at y = 3.794832
phi_m, max: -0.000000 at y = 3.790000./ phi_m, min: -0.001153 at y = 3.794832
phi_m, max: -0.000000 at y = 3.790000./ phi_m, min: -0.001143 at y = 3.794832
phi_m, max: -0.000000 at y = 3.790000./ phi_m, min: -0.001133 at y = 4.005168
phi_m, max: -0.000000 at y = 3.790000./ phi_m, min: -0.001125 at y = 4.005168
phi_m, max: -0.000000 at y = 3.790000./ phi_m, min: -0.001117 at y = 4.005168
phi_m, max: 0.001019 at y = 3.761429./ phi_m, min: -0.001104 at y = 4.006367


phi_m, max: -0.000000 at y = 4.420000./ phi_m, min: -0.001153 at y = 4.424832
phi_m, max: -0.000000 at y = 4.420000./ phi_m, min: -0.001162 at y = 4.425168
phi_m, max: -0.000000 at y = 4.420000./ phi_m, min: -0.001153 at y = 4.425168
phi_m, max: -0.000000 at y = 4.420000./ phi_m, min: -0.001143 at y = 4.425168
phi_m, max: -0.000000 at y = 4.420000./ phi_m, min: -0.001133 at y = 4.425168
phi_m, max: -0.000000 at y = 4.420000./ phi_m, min: -0.001125 at y = 4.425168
phi_m, max: -0.000000 at y = 4.420000./ phi_m, min: -0.001117 at y = 4.425168
phi_m, max: -0.000000 at y = 4.420000./ phi_m, min: -0.001111 at y = 4.425168


Writing: "Fiber2DEphapticPlaneL6Isolated_8.chk"
 (0.00841565s, XML)
phi_m, max: -0.000000 at y = 2.110000./ phi_m, min: -0.001153 at y = 2.115168
phi_m, max: -0.000000 at y = 2.110000./ phi_m, min: -0.001162 at y = 2.115168
phi_m, max: -0.000000 at y = 2.110000./ phi_m, min: -0.001146 at y = 2.116367
phi_m, max: 0.057853 at y = 1.938571./ phi_m, min: 0.000000 at y = 2.110000
phi_m, max: 49.175436 at y = 1.938571./ phi_m, min: 0.000000 at y = 2.110000
phi_m, max: 115.860600 at y = 2.117458./ phi_m, min: 0.000000 at y = 2.110000
phi_m, max: 106.118442 at y = 2.119413./ phi_m, min: 0.000000 at y = 2.110000
phi_m, max: 88.582685 at y = 2.177143./ phi_m, min: 0.000000 at y = 2.110000
phi_m, max: 68.627146 at y = 2.177143./ phi_m, min: 0.000000 at y = 2.110000


phi_m, max: -0.000000 at y = 2.950000./ phi_m, min: -0.001153 at y = 2.954832
phi_m, max: -0.000000 at y = 2.950000./ phi_m, min: -0.001162 at y = 2.955168
phi_m, max: -0.000000 at y = 2.950000./ phi_m, min: -0.001153 at y = 2.955168
phi_m, max: -0.000000 at y = 2.950000./ phi_m, min: -0.001143 at y = 2.955168
phi_m, max: -0.000000 at y = 2.950000./ phi_m, min: -0.001131 at y = 2.955449
phi_m, max: 0.011849 at y = 2.807143./ phi_m, min: -0.000792 at y = 3.045714
phi_m, max: 9.518874 at y = 2.807143./ phi_m, min: 0.000000 at y = 2.950000
phi_m, max: 115.909075 at y = 2.953633./ phi_m, min: 0.000000 at y = 2.950000
phi_m, max: 109.405803 at y = 2.959413./ phi_m, min: 0.000000 at y = 2.950000


phi_m, max: -0.000000 at y = 2.740000./ phi_m, min: -0.001153 at y = 2.744832
phi_m, max: -0.000000 at y = 2.740000./ phi_m, min: -0.001162 at y = 2.745168
phi_m, max: -0.000000 at y = 2.740000./ phi_m, min: -0.001153 at y = 2.745168
phi_m, max: -0.000000 at y = 2.740000./ phi_m, min: -0.001143 at y = 2.745168
phi_m, max: -0.000000 at y = 2.740000./ phi_m, min: -0.001093 at y = 2.748825
phi_m, max: 0.524967 at y = 2.597143./ phi_m, min: 0.000000 at y = 2.740000
phi_m, max: 110.624607 at y = 2.597143./ phi_m, min: 0.000000 at y = 2.740000
phi_m, max: 114.210398 at y = 2.749413./ phi_m, min: 0.000000 at y = 2.740000
phi_m, max: 100.939700 at y = 2.835714./ phi_m, min: 0.000000 at y = 2.740000


phi_m, max: -0.000000 at y = 4.420000./ phi_m, min: -0.001153 at y = 4.424832
phi_m, max: -0.000000 at y = 4.420000./ phi_m, min: -0.001162 at y = 4.425168
phi_m, max: -0.000000 at y = 4.420000./ phi_m, min: -0.001153 at y = 4.425168
phi_m, max: -0.000000 at y = 4.420000./ phi_m, min: -0.001143 at y = 4.425168
phi_m, max: -0.000000 at y = 4.420000./ phi_m, min: -0.001133 at y = 4.425168
phi_m, max: -0.000000 at y = 4.420000./ phi_m, min: -0.001125 at y = 4.425168
phi_m, max: -0.000000 at y = 4.420000./ phi_m, min: -0.001117 at y = 4.425168
phi_m, max: -0.000000 at y = 4.420000./ phi_m, min: -0.001111 at y = 4.425168
phi_m, max: -0.000000 at y = 4.420000./ phi_m, min: -0.001102 at y = 4.425587


phi_m, max: -0.000000 at y = 2.358571./ phi_m, min: -0.001153 at y = 2.535168
phi_m, max: -0.000000 at y = 2.358571./ phi_m, min: -0.001162 at y = 2.535168
phi_m, max: -0.000000 at y = 2.358571./ phi_m, min: -0.001153 at y = 2.535168
phi_m, max: -0.000000 at y = 2.358571./ phi_m, min: -0.001139 at y = 2.535587
phi_m, max: 0.027657 at y = 2.387143./ phi_m, min: -0.000395 at y = 2.597143
phi_m, max: 21.375315 at y = 2.387143./ phi_m, min: 0.000000 at y = 2.358571
phi_m, max: 115.959152 at y = 2.536426./ phi_m, min: 0.000000 at y = 2.358571
phi_m, max: 107.815821 at y = 2.539413./ phi_m, min: 0.000000 at y = 2.358571
phi_m, max: 90.799157 at y = 2.597143./ phi_m, min: 0.000000 at y = 2.358571


phi_m, max: 115.829979 at y = 0.228213./ phi_m, min: 0.000000 at y = 0.220000
phi_m, max: 105.912401 at y = 0.344286./ phi_m, min: 0.000000 at y = 0.220000
phi_m, max: 88.488870 at y = 0.344286./ phi_m, min: 0.000000 at y = 0.220000
phi_m, max: 68.543274 at y = 0.344286./ phi_m, min: 0.000000 at y = 0.220000
phi_m, max: 49.456652 at y = 0.344286./ phi_m, min: 0.000000 at y = 0.220000
phi_m, max: 32.251607 at y = 0.344286./ phi_m, min: 0.000000 at y = 0.220000
phi_m, max: 10.619790 at y = 0.344286./ phi_m, min: 0.000000 at y = 0.220000
phi_m, max: 1.168794 at y = 0.344286./ phi_m, min: 0.000000 at y = 0.220000
phi_m, max: -0.000000 at y = 0.220000./ phi_m, min: -0.218211 at y = 0.221175


phi_m, max: 114.270515 at y = 0.430587./ phi_m, min: -0.001124 at y = 3.198571
phi_m, max: 112.995228 at y = 0.439413./ phi_m, min: -0.001133 at y = 3.341429
phi_m, max: 98.507055 at y = 0.440000./ phi_m, min: -0.001125 at y = 3.341429
phi_m, max: 79.334432 at y = 0.440000./ phi_m, min: -0.001114 at y = 3.341429
phi_m, max: 59.322314 at y = 0.440000./ phi_m, min: -0.001105 at y = 3.341429
phi_m, max: 41.434949 at y = 0.440000./ phi_m, min: -0.001090 at y = 3.341429
phi_m, max: 22.296643 at y = 0.440000./ phi_m, min: 0.000000 at y = 0.430000
phi_m, max: 4.480422 at y = 3.198571./ phi_m, min: 0.000000 at y = 0.430000
phi_m, max: 114.584028 at y = 3.341429./ phi_m, min: -0.112950 at y = 0.344286


phi_m, max: -0.000000 at y = 6.310000./ phi_m, min: -0.001162 at y = 6.318213
phi_m, max: -0.000000 at y = 6.310000./ phi_m, min: -0.001171 at y = 6.318213
phi_m, max: -0.000000 at y = 6.310000./ phi_m, min: -0.001162 at y = 6.318213
phi_m, max: -0.000000 at y = 6.310000./ phi_m, min: -0.001152 at y = 6.318213
phi_m, max: -0.000000 at y = 6.310000./ phi_m, min: -0.001142 at y = 6.318213
phi_m, max: -0.000000 at y = 6.310000./ phi_m, min: -0.001133 at y = 6.318213
phi_m, max: -0.000000 at y = 6.310000./ phi_m, min: -0.001126 at y = 6.318213
phi_m, max: -0.000000 at y = 6.310000./ phi_m, min: -0.001120 at y = 6.318213
phi_m, max: -0.000000 at y = 6.310000./ phi_m, min: -0.001114 at y = 6.318213


phi_m, max: -0.000000 at y = 5.928571./ phi_m, min: -0.001153 at y = 6.105168
phi_m, max: -0.000000 at y = 5.928571./ phi_m, min: -0.001162 at y = 6.105168
phi_m, max: -0.000000 at y = 5.928571./ phi_m, min: -0.001154 at y = 6.105168
phi_m, max: -0.000000 at y = 5.928571./ phi_m, min: -0.001143 at y = 6.105168
phi_m, max: -0.000000 at y = 5.928571./ phi_m, min: -0.001133 at y = 6.105168
phi_m, max: -0.000000 at y = 5.928571./ phi_m, min: -0.001125 at y = 6.105168
phi_m, max: -0.000000 at y = 5.928571./ phi_m, min: -0.001118 at y = 6.105168
phi_m, max: -0.000000 at y = 5.928571./ phi_m, min: -0.001111 at y = 6.105168
phi_m, max: -0.000000 at y = 5.928571./ phi_m, min: -0.001106 at y = 6.105168


phi_m, max: -0.000000 at y = 5.480000./ phi_m, min: -0.001153 at y = 5.685168
phi_m, max: -0.000000 at y = 5.480000./ phi_m, min: -0.001162 at y = 5.685168
phi_m, max: -0.000000 at y = 5.480000./ phi_m, min: -0.001153 at y = 5.685168
phi_m, max: -0.000000 at y = 5.480000./ phi_m, min: -0.001143 at y = 5.685168
phi_m, max: -0.000000 at y = 5.480000./ phi_m, min: -0.001133 at y = 5.685168
phi_m, max: -0.000000 at y = 5.480000./ phi_m, min: -0.001125 at y = 5.685168
phi_m, max: -0.000000 at y = 5.480000./ phi_m, min: -0.001117 at y = 5.685168
phi_m, max: -0.000000 at y = 5.480000./ phi_m, min: -0.001111 at y = 5.685168
phi_m, max: -0.000000 at y = 5.480000./ phi_m, min: -0.001106 at y = 5.685168


phi_m, max: -0.000000 at y = 3.971429./ phi_m, min: -0.001126 at y = 4.000000
phi_m, max: -0.000000 at y = 3.971429./ phi_m, min: -0.001135 at y = 4.210000
phi_m, max: -0.000000 at y = 3.971429./ phi_m, min: -0.001127 at y = 4.210000
phi_m, max: -0.000000 at y = 3.971429./ phi_m, min: -0.001116 at y = 4.210000
phi_m, max: -0.000000 at y = 3.971429./ phi_m, min: -0.001107 at y = 4.210000
phi_m, max: -0.000000 at y = 3.971429./ phi_m, min: -0.001099 at y = 4.210000
phi_m, max: -0.000000 at y = 3.971429./ phi_m, min: -0.001091 at y = 4.210000
phi_m, max: -0.000000 at y = 3.971429./ phi_m, min: -0.001084 at y = 4.210000
phi_m, max: 0.046448 at y = 3.885714./ phi_m, min: -0.000136 at y = 4.210000


phi_m, max: -0.000000 at y = 4.850000./ phi_m, min: -0.001153 at y = 5.055168
phi_m, max: -0.000000 at y = 4.850000./ phi_m, min: -0.001162 at y = 4.844832
phi_m, max: -0.000000 at y = 4.850000./ phi_m, min: -0.001153 at y = 4.844832
phi_m, max: -0.000000 at y = 4.850000./ phi_m, min: -0.001143 at y = 4.844832
phi_m, max: -0.000000 at y = 4.850000./ phi_m, min: -0.001133 at y = 4.844832
phi_m, max: -0.000000 at y = 4.850000./ phi_m, min: -0.001125 at y = 4.844832
phi_m, max: -0.000000 at y = 4.850000./ phi_m, min: -0.001117 at y = 4.844832
phi_m, max: -0.000000 at y = 4.850000./ phi_m, min: -0.001111 at y = 5.054832
phi_m, max: -0.000000 at y = 4.850000./ phi_m, min: -0.001106 at y = 5.055168


phi_m, max: -0.000000 at y = 4.210000./ phi_m, min: -0.001153 at y = 4.215168
phi_m, max: -0.000000 at y = 4.210000./ phi_m, min: -0.001162 at y = 4.214832
phi_m, max: -0.000000 at y = 4.210000./ phi_m, min: -0.001153 at y = 4.214832
phi_m, max: -0.000000 at y = 4.210000./ phi_m, min: -0.001143 at y = 4.214832
phi_m, max: -0.000000 at y = 4.210000./ phi_m, min: -0.001133 at y = 4.214832
phi_m, max: -0.000000 at y = 4.210000./ phi_m, min: -0.001125 at y = 4.215168
phi_m, max: -0.000000 at y = 4.210000./ phi_m, min: -0.001117 at y = 4.215168
phi_m, max: -0.000000 at y = 4.210000./ phi_m, min: -0.001111 at y = 4.215168
phi_m, max: -0.000000 at y = 4.210000./ phi_m, min: -0.001057 at y = 4.420000


phi_m, max: -0.000000 at y = 1.480000./ phi_m, min: -0.001152 at y = 1.485168
phi_m, max: 0.005816 at y = 1.308571./ phi_m, min: -0.000962 at y = 1.518571
phi_m, max: 5.150036 at y = 1.308571./ phi_m, min: 0.000000 at y = 1.480000
phi_m, max: 115.881761 at y = 1.481624./ phi_m, min: 0.000000 at y = 1.480000
phi_m, max: 110.628864 at y = 1.489413./ phi_m, min: 0.000000 at y = 1.480000
phi_m, max: 94.697881 at y = 1.490000./ phi_m, min: 0.000000 at y = 1.480000
phi_m, max: 75.119998 at y = 1.518571./ phi_m, min: 0.000000 at y = 1.480000
phi_m, max: 55.371945 at y = 1.518571./ phi_m, min: 0.000000 at y = 1.480000
phi_m, max: 37.955804 at y = 1.518571./ phi_m, min: 0.000000 at y = 1.480000


phi_m, max: 0.015271 at y = 0.860000./ phi_m, min: -0.000723 at y = 1.070000
phi_m, max: 12.013272 at y = 0.860000./ phi_m, min: 0.000000 at y = 0.888571
phi_m, max: 115.904112 at y = 1.063633./ phi_m, min: 0.000000 at y = 0.888571
phi_m, max: 109.137075 at y = 1.069413./ phi_m, min: 0.000000 at y = 0.888571
phi_m, max: 92.540970 at y = 1.070000./ phi_m, min: 0.000000 at y = 0.888571
phi_m, max: 72.734563 at y = 1.070000./ phi_m, min: 0.000000 at y = 0.888571
phi_m, max: 53.159701 at y = 1.070000./ phi_m, min: 0.000000 at y = 0.888571
phi_m, max: 35.884004 at y = 1.070000./ phi_m, min: 0.000000 at y = 0.888571
phi_m, max: 14.654216 at y = 1.070000./ phi_m, min: 0.000000 at y = 0.888571


phi_m, max: -0.000000 at y = 1.270000./ phi_m, min: -0.001127 at y = 1.278213
phi_m, max: 0.294549 at y = 1.070000./ phi_m, min: 0.000000 at y = 1.270000
phi_m, max: 104.482222 at y = 1.070000./ phi_m, min: 0.000000 at y = 1.270000
phi_m, max: 114.883380 at y = 1.278376./ phi_m, min: 0.000000 at y = 1.270000
phi_m, max: 102.444573 at y = 1.279413./ phi_m, min: 0.000000 at y = 1.270000
phi_m, max: 83.985286 at y = 1.308571./ phi_m, min: 0.000000 at y = 1.270000
phi_m, max: 63.914494 at y = 1.308571./ phi_m, min: 0.000000 at y = 1.270000
phi_m, max: 45.412957 at y = 1.308571./ phi_m, min: 0.000000 at y = 1.270000
phi_m, max: 27.604317 at y = 1.308571./ phi_m, min: 0.000000 at y = 1.270000


phi_m, max: -0.000000 at y = 5.690000./ phi_m, min: -0.001153 at y = 5.895168
phi_m, max: -0.000000 at y = 5.690000./ phi_m, min: -0.001162 at y = 5.895168
phi_m, max: -0.000000 at y = 5.690000./ phi_m, min: -0.001153 at y = 5.895168
phi_m, max: -0.000000 at y = 5.690000./ phi_m, min: -0.001143 at y = 5.895168
phi_m, max: -0.000000 at y = 5.690000./ phi_m, min: -0.001133 at y = 5.895168
phi_m, max: -0.000000 at y = 5.690000./ phi_m, min: -0.001125 at y = 5.895168
phi_m, max: -0.000000 at y = 5.690000./ phi_m, min: -0.001117 at y = 5.895168
phi_m, max: -0.000000 at y = 5.690000./ phi_m, min: -0.001111 at y = 5.895168
phi_m, max: -0.000000 at y = 5.690000./ phi_m, min: -0.001106 at y = 5.895168


phi_m, max: -0.000000 at y = 2.320000./ phi_m, min: -0.001153 at y = 2.324832
phi_m, max: -0.000000 at y = 2.320000./ phi_m, min: -0.001162 at y = 2.325168
phi_m, max: -0.000000 at y = 2.320000./ phi_m, min: -0.001153 at y = 2.325168
phi_m, max: 0.000273 at y = 2.177143./ phi_m, min: -0.001080 at y = 2.415714
phi_m, max: 1.166355 at y = 2.177143./ phi_m, min: 0.000000 at y = 2.320000
phi_m, max: 113.944591 at y = 2.177143./ phi_m, min: 0.000000 at y = 2.320000
phi_m, max: 113.192391 at y = 2.329413./ phi_m, min: 0.000000 at y = 2.320000
phi_m, max: 98.972318 at y = 2.415714./ phi_m, min: 0.000000 at y = 2.320000
phi_m, max: 79.987674 at y = 2.415714./ phi_m, min: 0.000000 at y = 2.320000


phi_m, max: -0.000000 at y = 5.050000./ phi_m, min: -0.001153 at y = 5.055168
phi_m, max: -0.000000 at y = 5.050000./ phi_m, min: -0.001162 at y = 5.475168
phi_m, max: -0.000000 at y = 5.050000./ phi_m, min: -0.001153 at y = 5.475168
phi_m, max: -0.000000 at y = 5.050000./ phi_m, min: -0.001143 at y = 5.475168
phi_m, max: -0.000000 at y = 5.050000./ phi_m, min: -0.001133 at y = 5.475168
phi_m, max: -0.000000 at y = 5.050000./ phi_m, min: -0.001125 at y = 5.475168
phi_m, max: -0.000000 at y = 5.050000./ phi_m, min: -0.001117 at y = 5.475168
phi_m, max: -0.000000 at y = 5.050000./ phi_m, min: -0.001111 at y = 5.475168
phi_m, max: -0.000000 at y = 5.050000./ phi_m, min: -0.001106 at y = 5.475168


phi_m, max: -0.000000 at y = 4.640000./ phi_m, min: -0.001153 at y = 4.634832
phi_m, max: -0.000000 at y = 4.640000./ phi_m, min: -0.001162 at y = 4.635168
phi_m, max: -0.000000 at y = 4.640000./ phi_m, min: -0.001153 at y = 4.635168
phi_m, max: -0.000000 at y = 4.640000./ phi_m, min: -0.001143 at y = 4.635168
phi_m, max: -0.000000 at y = 4.640000./ phi_m, min: -0.001133 at y = 4.635168
phi_m, max: -0.000000 at y = 4.640000./ phi_m, min: -0.001125 at y = 4.635168
phi_m, max: -0.000000 at y = 4.640000./ phi_m, min: -0.001117 at y = 4.635168
phi_m, max: -0.000000 at y = 4.640000./ phi_m, min: -0.001111 at y = 4.635168
phi_m, max: -0.000000 at y = 4.640000./ phi_m, min: -0.001105 at y = 4.635168


phi_m, max: -0.000000 at y = 5.260000./ phi_m, min: -0.001153 at y = 5.264832
phi_m, max: -0.000000 at y = 5.260000./ phi_m, min: -0.001162 at y = 5.265168
phi_m, max: -0.000000 at y = 5.260000./ phi_m, min: -0.001153 at y = 5.265168
phi_m, max: -0.000000 at y = 5.260000./ phi_m, min: -0.001143 at y = 5.265168
phi_m, max: -0.000000 at y = 5.260000./ phi_m, min: -0.001133 at y = 5.265168
phi_m, max: -0.000000 at y = 5.260000./ phi_m, min: -0.001125 at y = 5.265168
phi_m, max: -0.000000 at y = 5.260000./ phi_m, min: -0.001117 at y = 5.265168
phi_m, max: -0.000000 at y = 5.260000./ phi_m, min: -0.001111 at y = 5.265168
phi_m, max: -0.000000 at y = 5.260000./ phi_m, min: -0.001106 at y = 5.265168


phi_m, max: 18.893457 at y = 0.640000./ phi_m, min: 0.000000 at y = 0.650000
phi_m, max: 115.962318 at y = 0.646426./ phi_m, min: 0.000000 at y = 0.650000
phi_m, max: 114.048495 at y = 0.859413./ phi_m, min: 0.000000 at y = 0.650000
phi_m, max: 100.508078 at y = 0.860000./ phi_m, min: 0.000000 at y = 0.650000
phi_m, max: 81.653519 at y = 0.860000./ phi_m, min: 0.000000 at y = 0.650000
phi_m, max: 61.572365 at y = 0.860000./ phi_m, min: 0.000000 at y = 0.650000
phi_m, max: 43.380144 at y = 0.860000./ phi_m, min: 0.000000 at y = 0.650000
phi_m, max: 24.950151 at y = 0.860000./ phi_m, min: 0.000000 at y = 0.650000
phi_m, max: 5.252657 at y = 0.860000./ phi_m, min: 0.000000 at y = 0.650000


phi_m, max: -0.000000 at y = 1.518571./ phi_m, min: -0.001153 at y = 1.695168
phi_m, max: -0.000000 at y = 1.518571./ phi_m, min: -0.001147 at y = 1.696787
phi_m, max: 0.131643 at y = 1.490000./ phi_m, min: 0.000000 at y = 1.518571
phi_m, max: 83.454072 at y = 1.490000./ phi_m, min: 0.000000 at y = 1.518571
phi_m, max: 115.553562 at y = 1.698376./ phi_m, min: 0.000000 at y = 1.518571
phi_m, max: 104.324704 at y = 1.699413./ phi_m, min: 0.000000 at y = 1.518571
phi_m, max: 86.263429 at y = 1.728571./ phi_m, min: 0.000000 at y = 1.518571
phi_m, max: 66.214197 at y = 1.728571./ phi_m, min: 0.000000 at y = 1.518571
phi_m, max: 47.401587 at y = 1.728571./ phi_m, min: 0.000000 at y = 1.518571


Steps: 9000000  Time: 0.9         

Time: 0.100000
CPU Time: 74.486909 min.
phi_m, max: -0.000000 at y = 3.131429./ phi_m, min: -0.001161 at y = 6.320000

Time: 0.200000
CPU Time: 74.595730 min.
phi_m, max: -0.000000 at y = 3.131429./ phi_m, min: -0.001170 at y = 6.320000

Time: 0.300000
CPU Time: 74.501474 min.
phi_m, max: -0.000000 at y = 3.131429./ phi_m, min: -0.001161 at y = 6.320000

Time: 0.400000
CPU Time: 74.544145 min.
phi_m, max: -0.000000 at y = 3.131429./ phi_m, min: -0.001150 at y = 6.320000

Time: 0.500000
CPU Time: 75.202637 min.
phi_m, max: -0.000000 at y = 3.131429./ phi_m, min: -0.001141 at y = 6.320000

Time: 0.600000
CPU Time: 75.424555 min.
phi_m, max: -0.000000 at y = 3.131429./ phi_m, min: -0.001132 at y = 6.320000

Time: 0.700000
CPU Time: 75.120902 min.
phi_m, max: 0.221976 at y = 3.045714./ phi_m, min: -0.001125 at y = 6.320000

Time: 0.800000
CPU Time: 74.630763 min.
phi_m, max: 96.525729 at y = 3.045714./ phi_m, min: -0.001118 at y = 6.320000

Time: 0.900000
CPU Time: 74.039679 min.
phi_m, max: 115.022059 at y = 3.168376./ phi_m, min: -0.001113 at y = 6.320000


Writing: "Fiber2DEphapticPlaneL6Isolated_9.chk"
phi_m, max: -0.000000 at y = 3.790000./ phi_m, min: -0.001153 at y = 4.004832
phi_m, max: -0.000000 at y = 3.790000./ phi_m, min: -0.001162 at y = 3.794832
phi_m, max: -0.000000 at y = 3.790000./ phi_m, min: -0.001153 at y = 3.794832
phi_m, max: -0.000000 at y = 3.790000./ phi_m, min: -0.001143 at y = 3.794832
phi_m, max: -0.000000 at y = 3.790000./ phi_m, min: -0.001133 at y = 4.005168
phi_m, max: -0.000000 at y = 3.790000./ phi_m, min: -0.001125 at y = 4.005168
phi_m, max: -0.000000 at y = 3.790000./ phi_m, min: -0.001117 at y = 4.005168
phi_m, max: 0.001019 at y = 3.761429./ phi_m, min: -0.001104 at y = 4.006367
phi_m, max: 1.643203 at y = 3.761429./ phi_m, min: 0.000000 at y = 3.790000


phi_m, max: -0.000000 at y = 1.900000./ phi_m, min: -0.001153 at y = 1.905168
phi_m, max: -0.000000 at y = 1.900000./ phi_m, min: -0.001162 at y = 1.905168
phi_m, max: 0.001996 at y = 1.728571./ phi_m, min: -0.001050 at y = 1.963787
phi_m, max: 2.391697 at y = 1.728571./ phi_m, min: 0.000000 at y = 1.900000
phi_m, max: 115.332297 at y = 1.900587./ phi_m, min: 0.000000 at y = 1.900000
phi_m, max: 111.987642 at y = 1.909413./ phi_m, min: 0.000000 at y = 1.900000
phi_m, max: 96.831898 at y = 1.963787./ phi_m, min: 0.000000 at y = 1.900000
phi_m, max: 77.525785 at y = 1.963787./ phi_m, min: 0.000000 at y = 1.900000
phi_m, max: 57.643122 at y = 1.963787./ phi_m, min: 0.000000 at y = 1.900000


phi_m, max: -0.000000 at y = 3.580000./ phi_m, min: -0.001153 at y = 3.584832
phi_m, max: -0.000000 at y = 3.580000./ phi_m, min: -0.001162 at y = 3.585168
phi_m, max: -0.000000 at y = 3.580000./ phi_m, min: -0.001153 at y = 3.585168
phi_m, max: -0.000000 at y = 3.580000./ phi_m, min: -0.001143 at y = 3.585168
phi_m, max: -0.000000 at y = 3.580000./ phi_m, min: -0.001133 at y = 3.585168
phi_m, max: -0.000000 at y = 3.580000./ phi_m, min: -0.001125 at y = 3.585168
phi_m, max: -0.000000 at y = 3.580000./ phi_m, min: -0.001104 at y = 3.586787
phi_m, max: 0.084311 at y = 3.551429./ phi_m, min: 0.000000 at y = 3.580000
phi_m, max: 61.606778 at y = 3.551429./ phi_m, min: 0.000000 at y = 3.580000


phi_m, max: 27.072587 at y = 0.440000./ phi_m, min: 0.000000 at y = 0.430000
phi_m, max: 115.962318 at y = 0.646426./ phi_m, min: 0.000000 at y = 0.430000
phi_m, max: 107.497158 at y = 0.649413./ phi_m, min: 0.000000 at y = 0.430000
phi_m, max: 90.342674 at y = 0.650000./ phi_m, min: 0.000000 at y = 0.430000
phi_m, max: 70.397993 at y = 0.650000./ phi_m, min: 0.000000 at y = 0.430000
phi_m, max: 51.059040 at y = 0.650000./ phi_m, min: 0.000000 at y = 0.430000
phi_m, max: 33.834448 at y = 0.650000./ phi_m, min: 0.000000 at y = 0.430000
phi_m, max: 12.186847 at y = 0.650000./ phi_m, min: 0.000000 at y = 0.430000
phi_m, max: 1.438481 at y = 0.650000./ phi_m, min: -0.000000 at y = 0.430000


phi_m, max: -0.000000 at y = 3.370000./ phi_m, min: -0.001153 at y = 3.375168
phi_m, max: -0.000000 at y = 3.370000./ phi_m, min: -0.001162 at y = 3.374832
phi_m, max: -0.000000 at y = 3.370000./ phi_m, min: -0.001153 at y = 3.374832
phi_m, max: -0.000000 at y = 3.370000./ phi_m, min: -0.001143 at y = 3.375168
phi_m, max: -0.000000 at y = 3.370000./ phi_m, min: -0.001133 at y = 3.375168
phi_m, max: -0.000000 at y = 3.370000./ phi_m, min: -0.001124 at y = 3.375168
phi_m, max: 0.003593 at y = 3.341429./ phi_m, min: -0.000974 at y = 3.551429
phi_m, max: 3.468323 at y = 3.341429./ phi_m, min: 0.000000 at y = 3.370000
phi_m, max: 115.812488 at y = 3.371624./ phi_m, min: 0.000000 at y = 3.370000


phi_m, max: 112.624926 at y = 0.018213./ phi_m, min: 0.000000 at y = -0.010000
phi_m, max: 97.591567 at y = 0.018213./ phi_m, min: 0.000000 at y = -0.010000
phi_m, max: 78.306002 at y = 0.134286./ phi_m, min: 0.000000 at y = -0.010000
phi_m, max: 58.476535 at y = 0.134286./ phi_m, min: 0.000000 at y = -0.010000
phi_m, max: 40.847335 at y = 0.134286./ phi_m, min: 0.000000 at y = -0.010000
phi_m, max: 22.173906 at y = 0.134286./ phi_m, min: 0.000000 at y = -0.010000
phi_m, max: 4.093920 at y = 0.134286./ phi_m, min: 0.000000 at y = -0.010000
phi_m, max: 0.290113 at y = 0.006787./ phi_m, min: 0.000000 at y = -0.010000
phi_m, max: -0.000000 at y = -0.010000./ phi_m, min: -0.210813 at y = 0.134286


 (0.00835966s, XML)
phi_m, max: -0.000000 at y = 5.928571./ phi_m, min: -0.001153 at y = 6.105168
phi_m, max: -0.000000 at y = 5.928571./ phi_m, min: -0.001162 at y = 6.105168
phi_m, max: -0.000000 at y = 5.928571./ phi_m, min: -0.001154 at y = 6.105168
phi_m, max: -0.000000 at y = 5.928571./ phi_m, min: -0.001143 at y = 6.105168
phi_m, max: -0.000000 at y = 5.928571./ phi_m, min: -0.001133 at y = 6.105168
phi_m, max: -0.000000 at y = 5.928571./ phi_m, min: -0.001125 at y = 6.105168
phi_m, max: -0.000000 at y = 5.928571./ phi_m, min: -0.001118 at y = 6.105168
phi_m, max: -0.000000 at y = 5.928571./ phi_m, min: -0.001111 at y = 6.105168
phi_m, max: -0.000000 at y = 5.928571./ phi_m, min: -0.001106 at y = 6.105168
phi_m, max: -0.000000 at y = 5.928571./ phi_m, min: -0.001101 at y = 6.105168


Steps: 10000000 Time: 1           
phi_m, max: 114.270515 at y = 0.430587./ phi_m, min: -0.001124 at y = 3.198571
phi_m, max: 112.995228 at y = 0.439413./ phi_m, min: -0.001133 at y = 3.341429
phi_m, max: 98.507055 at y = 0.440000./ phi_m, min: -0.001125 at y = 3.341429
phi_m, max: 79.334432 at y = 0.440000./ phi_m, min: -0.001114 at y = 3.341429
phi_m, max: 59.322314 at y = 0.440000./ phi_m, min: -0.001105 at y = 3.341429
phi_m, max: 41.434949 at y = 0.440000./ phi_m, min: -0.001090 at y = 3.341429
phi_m, max: 22.296643 at y = 0.440000./ phi_m, min: 0.000000 at y = 0.430000
phi_m, max: 4.480422 at y = 3.198571./ phi_m, min: 0.000000 at y = 0.430000
phi_m, max: 114.584028 at y = 3.341429./ phi_m, min: -0.112950 at y = 0.344286
phi_m, max: 103.430016 at y = 3.341429./ phi_m, min: -0.342296 at y = 0.344286


phi_m, max: -0.000000 at y = 6.310000./ phi_m, min: -0.001162 at y = 6.318213
phi_m, max: -0.000000 at y = 6.310000./ phi_m, min: -0.001171 at y = 6.318213
phi_m, max: -0.000000 at y = 6.310000./ phi_m, min: -0.001162 at y = 6.318213
phi_m, max: -0.000000 at y = 6.310000./ phi_m, min: -0.001152 at y = 6.318213
phi_m, max: -0.000000 at y = 6.310000./ phi_m, min: -0.001142 at y = 6.318213
phi_m, max: -0.000000 at y = 6.310000./ phi_m, min: -0.001133 at y = 6.318213
phi_m, max: -0.000000 at y = 6.310000./ phi_m, min: -0.001126 at y = 6.318213
phi_m, max: -0.000000 at y = 6.310000./ phi_m, min: -0.001120 at y = 6.318213
phi_m, max: -0.000000 at y = 6.310000./ phi_m, min: -0.001114 at y = 6.318213
phi_m, max: -0.000000 at y = 6.310000./ phi_m, min: -0.001109 at y = 6.318213


phi_m, max: -0.000000 at y = 5.480000./ phi_m, min: -0.001153 at y = 5.685168
phi_m, max: -0.000000 at y = 5.480000./ phi_m, min: -0.001162 at y = 5.685168
phi_m, max: -0.000000 at y = 5.480000./ phi_m, min: -0.001153 at y = 5.685168
phi_m, max: -0.000000 at y = 5.480000./ phi_m, min: -0.001143 at y = 5.685168
phi_m, max: -0.000000 at y = 5.480000./ phi_m, min: -0.001133 at y = 5.685168
phi_m, max: -0.000000 at y = 5.480000./ phi_m, min: -0.001125 at y = 5.685168
phi_m, max: -0.000000 at y = 5.480000./ phi_m, min: -0.001117 at y = 5.685168
phi_m, max: -0.000000 at y = 5.480000./ phi_m, min: -0.001111 at y = 5.685168
phi_m, max: -0.000000 at y = 5.480000./ phi_m, min: -0.001106 at y = 5.685168
phi_m, max: -0.000000 at y = 5.480000./ phi_m, min: -0.001101 at y = 5.685168


phi_m, max: -0.000000 at y = 3.971429./ phi_m, min: -0.001126 at y = 4.000000
phi_m, max: -0.000000 at y = 3.971429./ phi_m, min: -0.001135 at y = 4.210000
phi_m, max: -0.000000 at y = 3.971429./ phi_m, min: -0.001127 at y = 4.210000
phi_m, max: -0.000000 at y = 3.971429./ phi_m, min: -0.001116 at y = 4.210000
phi_m, max: -0.000000 at y = 3.971429./ phi_m, min: -0.001107 at y = 4.210000
phi_m, max: -0.000000 at y = 3.971429./ phi_m, min: -0.001099 at y = 4.210000
phi_m, max: -0.000000 at y = 3.971429./ phi_m, min: -0.001091 at y = 4.210000
phi_m, max: -0.000000 at y = 3.971429./ phi_m, min: -0.001084 at y = 4.210000
phi_m, max: 0.046448 at y = 3.885714./ phi_m, min: -0.000136 at y = 4.210000
phi_m, max: 39.483976 at y = 3.885714./ phi_m, min: 0.000000 at y = 3.971429


phi_m, max: -0.000000 at y = 4.850000./ phi_m, min: -0.001153 at y = 5.055168
phi_m, max: -0.000000 at y = 4.850000./ phi_m, min: -0.001162 at y = 4.844832
phi_m, max: -0.000000 at y = 4.850000./ phi_m, min: -0.001153 at y = 4.844832
phi_m, max: -0.000000 at y = 4.850000./ phi_m, min: -0.001143 at y = 4.844832
phi_m, max: -0.000000 at y = 4.850000./ phi_m, min: -0.001133 at y = 4.844832
phi_m, max: -0.000000 at y = 4.850000./ phi_m, min: -0.001125 at y = 4.844832
phi_m, max: -0.000000 at y = 4.850000./ phi_m, min: -0.001117 at y = 4.844832
phi_m, max: -0.000000 at y = 4.850000./ phi_m, min: -0.001111 at y = 5.054832
phi_m, max: -0.000000 at y = 4.850000./ phi_m, min: -0.001106 at y = 5.055168
phi_m, max: -0.000000 at y = 4.850000./ phi_m, min: -0.001101 at y = 5.055168


phi_m, max: -0.000000 at y = 4.210000./ phi_m, min: -0.001153 at y = 4.215168
phi_m, max: -0.000000 at y = 4.210000./ phi_m, min: -0.001162 at y = 4.214832
phi_m, max: -0.000000 at y = 4.210000./ phi_m, min: -0.001153 at y = 4.214832
phi_m, max: -0.000000 at y = 4.210000./ phi_m, min: -0.001143 at y = 4.214832
phi_m, max: -0.000000 at y = 4.210000./ phi_m, min: -0.001133 at y = 4.214832
phi_m, max: -0.000000 at y = 4.210000./ phi_m, min: -0.001125 at y = 4.215168
phi_m, max: -0.000000 at y = 4.210000./ phi_m, min: -0.001117 at y = 4.215168
phi_m, max: -0.000000 at y = 4.210000./ phi_m, min: -0.001111 at y = 4.215168
phi_m, max: -0.000000 at y = 4.210000./ phi_m, min: -0.001057 at y = 4.420000
phi_m, max: 0.785040 at y = 4.210000./ phi_m, min: 0.000000 at y = 4.210000


phi_m, max: -0.000000 at y = 1.480000./ phi_m, min: -0.001152 at y = 1.485168
phi_m, max: 0.005816 at y = 1.308571./ phi_m, min: -0.000962 at y = 1.518571
phi_m, max: 5.150036 at y = 1.308571./ phi_m, min: 0.000000 at y = 1.480000
phi_m, max: 115.881761 at y = 1.481624./ phi_m, min: 0.000000 at y = 1.480000
phi_m, max: 110.628864 at y = 1.489413./ phi_m, min: 0.000000 at y = 1.480000
phi_m, max: 94.697881 at y = 1.490000./ phi_m, min: 0.000000 at y = 1.480000
phi_m, max: 75.119998 at y = 1.518571./ phi_m, min: 0.000000 at y = 1.480000
phi_m, max: 55.371945 at y = 1.518571./ phi_m, min: 0.000000 at y = 1.480000
phi_m, max: 37.955804 at y = 1.518571./ phi_m, min: 0.000000 at y = 1.480000
phi_m, max: 17.479702 at y = 1.518571./ phi_m, min: 0.000000 at y = 1.480000


phi_m, max: 0.015271 at y = 0.860000./ phi_m, min: -0.000723 at y = 1.070000
phi_m, max: 12.013272 at y = 0.860000./ phi_m, min: 0.000000 at y = 0.888571
phi_m, max: 115.904112 at y = 1.063633./ phi_m, min: 0.000000 at y = 0.888571
phi_m, max: 109.137075 at y = 1.069413./ phi_m, min: 0.000000 at y = 0.888571
phi_m, max: 92.540970 at y = 1.070000./ phi_m, min: 0.000000 at y = 0.888571
phi_m, max: 72.734563 at y = 1.070000./ phi_m, min: 0.000000 at y = 0.888571
phi_m, max: 53.159701 at y = 1.070000./ phi_m, min: 0.000000 at y = 0.888571
phi_m, max: 35.884004 at y = 1.070000./ phi_m, min: 0.000000 at y = 0.888571
phi_m, max: 14.654216 at y = 1.070000./ phi_m, min: 0.000000 at y = 0.888571
phi_m, max: 1.922336 at y = 1.070000./ phi_m, min: 0.000000 at y = 0.888571


phi_m, max: -0.000000 at y = 1.270000./ phi_m, min: -0.001127 at y = 1.278213
phi_m, max: 0.294549 at y = 1.070000./ phi_m, min: 0.000000 at y = 1.270000
phi_m, max: 104.482222 at y = 1.070000./ phi_m, min: 0.000000 at y = 1.270000
phi_m, max: 114.883380 at y = 1.278376./ phi_m, min: 0.000000 at y = 1.270000
phi_m, max: 102.444573 at y = 1.279413./ phi_m, min: 0.000000 at y = 1.270000
phi_m, max: 83.985286 at y = 1.308571./ phi_m, min: 0.000000 at y = 1.270000
phi_m, max: 63.914494 at y = 1.308571./ phi_m, min: 0.000000 at y = 1.270000
phi_m, max: 45.412957 at y = 1.308571./ phi_m, min: 0.000000 at y = 1.270000
phi_m, max: 27.604317 at y = 1.308571./ phi_m, min: 0.000000 at y = 1.270000
phi_m, max: 6.773419 at y = 1.308571./ phi_m, min: 0.000000 at y = 1.270000


phi_m, max: -0.000000 at y = 5.690000./ phi_m, min: -0.001153 at y = 5.895168
phi_m, max: -0.000000 at y = 5.690000./ phi_m, min: -0.001162 at y = 5.895168
phi_m, max: -0.000000 at y = 5.690000./ phi_m, min: -0.001153 at y = 5.895168
phi_m, max: -0.000000 at y = 5.690000./ phi_m, min: -0.001143 at y = 5.895168
phi_m, max: -0.000000 at y = 5.690000./ phi_m, min: -0.001133 at y = 5.895168
phi_m, max: -0.000000 at y = 5.690000./ phi_m, min: -0.001125 at y = 5.895168
phi_m, max: -0.000000 at y = 5.690000./ phi_m, min: -0.001117 at y = 5.895168
phi_m, max: -0.000000 at y = 5.690000./ phi_m, min: -0.001111 at y = 5.895168
phi_m, max: -0.000000 at y = 5.690000./ phi_m, min: -0.001106 at y = 5.895168
phi_m, max: -0.000000 at y = 5.690000./ phi_m, min: -0.001101 at y = 5.895168


phi_m, max: -0.000000 at y = 2.320000./ phi_m, min: -0.001153 at y = 2.324832
phi_m, max: -0.000000 at y = 2.320000./ phi_m, min: -0.001162 at y = 2.325168
phi_m, max: -0.000000 at y = 2.320000./ phi_m, min: -0.001153 at y = 2.325168
phi_m, max: 0.000273 at y = 2.177143./ phi_m, min: -0.001080 at y = 2.415714
phi_m, max: 1.166355 at y = 2.177143./ phi_m, min: 0.000000 at y = 2.320000
phi_m, max: 113.944591 at y = 2.177143./ phi_m, min: 0.000000 at y = 2.320000
phi_m, max: 113.192391 at y = 2.329413./ phi_m, min: 0.000000 at y = 2.320000
phi_m, max: 98.972318 at y = 2.415714./ phi_m, min: 0.000000 at y = 2.320000
phi_m, max: 79.987674 at y = 2.415714./ phi_m, min: 0.000000 at y = 2.320000
phi_m, max: 60.012911 at y = 2.415714./ phi_m, min: 0.000000 at y = 2.320000


phi_m, max: -0.000000 at y = 5.050000./ phi_m, min: -0.001153 at y = 5.055168
phi_m, max: -0.000000 at y = 5.050000./ phi_m, min: -0.001162 at y = 5.475168
phi_m, max: -0.000000 at y = 5.050000./ phi_m, min: -0.001153 at y = 5.475168
phi_m, max: -0.000000 at y = 5.050000./ phi_m, min: -0.001143 at y = 5.475168
phi_m, max: -0.000000 at y = 5.050000./ phi_m, min: -0.001133 at y = 5.475168
phi_m, max: -0.000000 at y = 5.050000./ phi_m, min: -0.001125 at y = 5.475168
phi_m, max: -0.000000 at y = 5.050000./ phi_m, min: -0.001117 at y = 5.475168
phi_m, max: -0.000000 at y = 5.050000./ phi_m, min: -0.001111 at y = 5.475168
phi_m, max: -0.000000 at y = 5.050000./ phi_m, min: -0.001106 at y = 5.475168
phi_m, max: -0.000000 at y = 5.050000./ phi_m, min: -0.001101 at y = 5.475168


phi_m, max: -0.000000 at y = 4.640000./ phi_m, min: -0.001153 at y = 4.634832
phi_m, max: -0.000000 at y = 4.640000./ phi_m, min: -0.001162 at y = 4.635168
phi_m, max: -0.000000 at y = 4.640000./ phi_m, min: -0.001153 at y = 4.635168
phi_m, max: -0.000000 at y = 4.640000./ phi_m, min: -0.001143 at y = 4.635168
phi_m, max: -0.000000 at y = 4.640000./ phi_m, min: -0.001133 at y = 4.635168
phi_m, max: -0.000000 at y = 4.640000./ phi_m, min: -0.001125 at y = 4.635168
phi_m, max: -0.000000 at y = 4.640000./ phi_m, min: -0.001117 at y = 4.635168
phi_m, max: -0.000000 at y = 4.640000./ phi_m, min: -0.001111 at y = 4.635168
phi_m, max: -0.000000 at y = 4.640000./ phi_m, min: -0.001105 at y = 4.635168
phi_m, max: -0.000000 at y = 4.640000./ phi_m, min: -0.001064 at y = 4.638825


phi_m, max: -0.000000 at y = 5.260000./ phi_m, min: -0.001153 at y = 5.264832
phi_m, max: -0.000000 at y = 5.260000./ phi_m, min: -0.001162 at y = 5.265168
phi_m, max: -0.000000 at y = 5.260000./ phi_m, min: -0.001153 at y = 5.265168
phi_m, max: -0.000000 at y = 5.260000./ phi_m, min: -0.001143 at y = 5.265168
phi_m, max: -0.000000 at y = 5.260000./ phi_m, min: -0.001133 at y = 5.265168
phi_m, max: -0.000000 at y = 5.260000./ phi_m, min: -0.001125 at y = 5.265168
phi_m, max: -0.000000 at y = 5.260000./ phi_m, min: -0.001117 at y = 5.265168
phi_m, max: -0.000000 at y = 5.260000./ phi_m, min: -0.001111 at y = 5.265168
phi_m, max: -0.000000 at y = 5.260000./ phi_m, min: -0.001106 at y = 5.265168
phi_m, max: -0.000000 at y = 5.260000./ phi_m, min: -0.001101 at y = 5.265168


phi_m, max: 18.893457 at y = 0.640000./ phi_m, min: 0.000000 at y = 0.650000
phi_m, max: 115.962318 at y = 0.646426./ phi_m, min: 0.000000 at y = 0.650000
phi_m, max: 114.048495 at y = 0.859413./ phi_m, min: 0.000000 at y = 0.650000
phi_m, max: 100.508078 at y = 0.860000./ phi_m, min: 0.000000 at y = 0.650000
phi_m, max: 81.653519 at y = 0.860000./ phi_m, min: 0.000000 at y = 0.650000
phi_m, max: 61.572365 at y = 0.860000./ phi_m, min: 0.000000 at y = 0.650000
phi_m, max: 43.380144 at y = 0.860000./ phi_m, min: 0.000000 at y = 0.650000
phi_m, max: 24.950151 at y = 0.860000./ phi_m, min: 0.000000 at y = 0.650000
phi_m, max: 5.252657 at y = 0.860000./ phi_m, min: 0.000000 at y = 0.650000
phi_m, max: 0.387205 at y = 0.860000./ phi_m, min: -0.241736 at y = 0.640000



Time: 0.100000
CPU Time: 74.486909 min.
phi_m, max: -0.000000 at y = 3.131429./ phi_m, min: -0.001161 at y = 6.320000

Time: 0.200000
CPU Time: 74.595730 min.
phi_m, max: -0.000000 at y = 3.131429./ phi_m, min: -0.001170 at y = 6.320000

Time: 0.300000
CPU Time: 74.501474 min.
phi_m, max: -0.000000 at y = 3.131429./ phi_m, min: -0.001161 at y = 6.320000

Time: 0.400000
CPU Time: 74.544145 min.
phi_m, max: -0.000000 at y = 3.131429./ phi_m, min: -0.001150 at y = 6.320000

Time: 0.500000
CPU Time: 75.202637 min.
phi_m, max: -0.000000 at y = 3.131429./ phi_m, min: -0.001141 at y = 6.320000

Time: 0.600000
CPU Time: 75.424555 min.
phi_m, max: -0.000000 at y = 3.131429./ phi_m, min: -0.001132 at y = 6.320000

Time: 0.700000
CPU Time: 75.120902 min.
phi_m, max: 0.221976 at y = 3.045714./ phi_m, min: -0.001125 at y = 6.320000

Time: 0.800000
CPU Time: 74.630763 min.
phi_m, max: 96.525729 at y = 3.045714./ phi_m, min: -0.001118 at y = 6.320000

Time: 0.900000
CPU Time: 74.039679 min.
phi_m, max: 115.022059 at y = 3.168376./ phi_m, min: -0.001113 at y = 6.320000

Time: 1.000000
CPU Time: 74.307984 min.
phi_m, max: 102.777951 at y = 3.169413./ phi_m, min: -0.001108 at y = 6.320000


phi_m, max: -0.000000 at y = 3.790000./ phi_m, min: -0.001153 at y = 4.004832
phi_m, max: -0.000000 at y = 3.790000./ phi_m, min: -0.001162 at y = 3.794832
phi_m, max: -0.000000 at y = 3.790000./ phi_m, min: -0.001153 at y = 3.794832
phi_m, max: -0.000000 at y = 3.790000./ phi_m, min: -0.001143 at y = 3.794832
phi_m, max: -0.000000 at y = 3.790000./ phi_m, min: -0.001133 at y = 4.005168
phi_m, max: -0.000000 at y = 3.790000./ phi_m, min: -0.001125 at y = 4.005168
phi_m, max: -0.000000 at y = 3.790000./ phi_m, min: -0.001117 at y = 4.005168
phi_m, max: 0.001019 at y = 3.761429./ phi_m, min: -0.001104 at y = 4.006367
phi_m, max: 1.643203 at y = 3.761429./ phi_m, min: 0.000000 at y = 3.790000
phi_m, max: 115.222757 at y = 3.790587./ phi_m, min: 0.000000 at y = 3.790000


phi_m, max: -0.000000 at y = 1.900000./ phi_m, min: -0.001153 at y = 1.905168
phi_m, max: -0.000000 at y = 1.900000./ phi_m, min: -0.001162 at y = 1.905168
phi_m, max: 0.001996 at y = 1.728571./ phi_m, min: -0.001050 at y = 1.963787
phi_m, max: 2.391697 at y = 1.728571./ phi_m, min: 0.000000 at y = 1.900000
phi_m, max: 115.332297 at y = 1.900587./ phi_m, min: 0.000000 at y = 1.900000
phi_m, max: 111.987642 at y = 1.909413./ phi_m, min: 0.000000 at y = 1.900000
phi_m, max: 96.831898 at y = 1.963787./ phi_m, min: 0.000000 at y = 1.900000
phi_m, max: 77.525785 at y = 1.963787./ phi_m, min: 0.000000 at y = 1.900000
phi_m, max: 57.643122 at y = 1.963787./ phi_m, min: 0.000000 at y = 1.900000
phi_m, max: 39.994060 at y = 1.963787./ phi_m, min: 0.000000 at y = 1.900000


phi_m, max: -0.000000 at y = 3.580000./ phi_m, min: -0.001153 at y = 3.584832
phi_m, max: -0.000000 at y = 3.580000./ phi_m, min: -0.001162 at y = 3.585168
phi_m, max: -0.000000 at y = 3.580000./ phi_m, min: -0.001153 at y = 3.585168
phi_m, max: -0.000000 at y = 3.580000./ phi_m, min: -0.001143 at y = 3.585168
phi_m, max: -0.000000 at y = 3.580000./ phi_m, min: -0.001133 at y = 3.585168
phi_m, max: -0.000000 at y = 3.580000./ phi_m, min: -0.001125 at y = 3.585168
phi_m, max: -0.000000 at y = 3.580000./ phi_m, min: -0.001104 at y = 3.586787
phi_m, max: 0.084311 at y = 3.551429./ phi_m, min: 0.000000 at y = 3.580000
phi_m, max: 61.606778 at y = 3.551429./ phi_m, min: 0.000000 at y = 3.580000
phi_m, max: 115.633616 at y = 3.588376./ phi_m, min: 0.000000 at y = 3.580000


phi_m, max: 27.072587 at y = 0.440000./ phi_m, min: 0.000000 at y = 0.430000
phi_m, max: 115.962318 at y = 0.646426./ phi_m, min: 0.000000 at y = 0.430000
phi_m, max: 107.497158 at y = 0.649413./ phi_m, min: 0.000000 at y = 0.430000
phi_m, max: 90.342674 at y = 0.650000./ phi_m, min: 0.000000 at y = 0.430000
phi_m, max: 70.397993 at y = 0.650000./ phi_m, min: 0.000000 at y = 0.430000
phi_m, max: 51.059040 at y = 0.650000./ phi_m, min: 0.000000 at y = 0.430000
phi_m, max: 33.834448 at y = 0.650000./ phi_m, min: 0.000000 at y = 0.430000
phi_m, max: 12.186847 at y = 0.650000./ phi_m, min: 0.000000 at y = 0.430000
phi_m, max: 1.438481 at y = 0.650000./ phi_m, min: -0.000000 at y = 0.430000
phi_m, max: -0.000000 at y = 0.430000./ phi_m, min: -0.254718 at y = 0.440000


phi_m, max: -0.000000 at y = 3.370000./ phi_m, min: -0.001153 at y = 3.375168
phi_m, max: -0.000000 at y = 3.370000./ phi_m, min: -0.001162 at y = 3.374832
phi_m, max: -0.000000 at y = 3.370000./ phi_m, min: -0.001153 at y = 3.374832
phi_m, max: -0.000000 at y = 3.370000./ phi_m, min: -0.001143 at y = 3.375168
phi_m, max: -0.000000 at y = 3.370000./ phi_m, min: -0.001133 at y = 3.375168
phi_m, max: -0.000000 at y = 3.370000./ phi_m, min: -0.001124 at y = 3.375168
phi_m, max: 0.003593 at y = 3.341429./ phi_m, min: -0.000974 at y = 3.551429
phi_m, max: 3.468323 at y = 3.341429./ phi_m, min: 0.000000 at y = 3.370000
phi_m, max: 115.812488 at y = 3.371624./ phi_m, min: 0.000000 at y = 3.370000
phi_m, max: 111.118954 at y = 3.551429./ phi_m, min: 0.000000 at y = 3.370000


phi_m, max: -0.000000 at y = 1.518571./ phi_m, min: -0.001153 at y = 1.695168
phi_m, max: -0.000000 at y = 1.518571./ phi_m, min: -0.001147 at y = 1.696787
phi_m, max: 0.131643 at y = 1.490000./ phi_m, min: 0.000000 at y = 1.518571
phi_m, max: 83.454072 at y = 1.490000./ phi_m, min: 0.000000 at y = 1.518571
phi_m, max: 115.553562 at y = 1.698376./ phi_m, min: 0.000000 at y = 1.518571
phi_m, max: 104.324704 at y = 1.699413./ phi_m, min: 0.000000 at y = 1.518571
phi_m, max: 86.263429 at y = 1.728571./ phi_m, min: 0.000000 at y = 1.518571
phi_m, max: 66.214197 at y = 1.728571./ phi_m, min: 0.000000 at y = 1.518571
phi_m, max: 47.401587 at y = 1.728571./ phi_m, min: 0.000000 at y = 1.518571
phi_m, max: 29.961206 at y = 1.728571./ phi_m, min: 0.000000 at y = 1.518571


phi_m, max: -0.000000 at y = 2.110000./ phi_m, min: -0.001153 at y = 2.115168
phi_m, max: -0.000000 at y = 2.110000./ phi_m, min: -0.001162 at y = 2.115168
phi_m, max: -0.000000 at y = 2.110000./ phi_m, min: -0.001146 at y = 2.116367
phi_m, max: 0.057853 at y = 1.938571./ phi_m, min: 0.000000 at y = 2.110000
phi_m, max: 49.175436 at y = 1.938571./ phi_m, min: 0.000000 at y = 2.110000
phi_m, max: 115.860600 at y = 2.117458./ phi_m, min: 0.000000 at y = 2.110000
phi_m, max: 106.118442 at y = 2.119413./ phi_m, min: 0.000000 at y = 2.110000
phi_m, max: 88.582685 at y = 2.177143./ phi_m, min: 0.000000 at y = 2.110000
phi_m, max: 68.627146 at y = 2.177143./ phi_m, min: 0.000000 at y = 2.110000
phi_m, max: 49.523746 at y = 2.177143./ phi_m, min: 0.000000 at y = 2.110000


phi_m, max: -0.000000 at y = 2.950000./ phi_m, min: -0.001153 at y = 2.954832
phi_m, max: -0.000000 at y = 2.950000./ phi_m, min: -0.001162 at y = 2.955168
phi_m, max: -0.000000 at y = 2.950000./ phi_m, min: -0.001153 at y = 2.955168
phi_m, max: -0.000000 at y = 2.950000./ phi_m, min: -0.001143 at y = 2.955168
phi_m, max: -0.000000 at y = 2.950000./ phi_m, min: -0.001131 at y = 2.955449
phi_m, max: 0.011849 at y = 2.807143./ phi_m, min: -0.000792 at y = 3.045714
phi_m, max: 9.518874 at y = 2.807143./ phi_m, min: 0.000000 at y = 2.950000
phi_m, max: 115.909075 at y = 2.953633./ phi_m, min: 0.000000 at y = 2.950000
phi_m, max: 109.405803 at y = 2.959413./ phi_m, min: 0.000000 at y = 2.950000
phi_m, max: 93.087542 at y = 3.045714./ phi_m, min: 0.000000 at y = 2.950000


phi_m, max: -0.000000 at y = 2.740000./ phi_m, min: -0.001153 at y = 2.744832
phi_m, max: -0.000000 at y = 2.740000./ phi_m, min: -0.001162 at y = 2.745168
phi_m, max: -0.000000 at y = 2.740000./ phi_m, min: -0.001153 at y = 2.745168
phi_m, max: -0.000000 at y = 2.740000./ phi_m, min: -0.001143 at y = 2.745168
phi_m, max: -0.000000 at y = 2.740000./ phi_m, min: -0.001093 at y = 2.748825
phi_m, max: 0.524967 at y = 2.597143./ phi_m, min: 0.000000 at y = 2.740000
phi_m, max: 110.624607 at y = 2.597143./ phi_m, min: 0.000000 at y = 2.740000
phi_m, max: 114.210398 at y = 2.749413./ phi_m, min: 0.000000 at y = 2.740000
phi_m, max: 100.939700 at y = 2.835714./ phi_m, min: 0.000000 at y = 2.740000
phi_m, max: 82.293646 at y = 2.835714./ phi_m, min: 0.000000 at y = 2.740000


phi_m, max: -0.000000 at y = 4.420000./ phi_m, min: -0.001153 at y = 4.424832
phi_m, max: -0.000000 at y = 4.420000./ phi_m, min: -0.001162 at y = 4.425168
phi_m, max: -0.000000 at y = 4.420000./ phi_m, min: -0.001153 at y = 4.425168
phi_m, max: -0.000000 at y = 4.420000./ phi_m, min: -0.001143 at y = 4.425168
phi_m, max: -0.000000 at y = 4.420000./ phi_m, min: -0.001133 at y = 4.425168
phi_m, max: -0.000000 at y = 4.420000./ phi_m, min: -0.001125 at y = 4.425168
phi_m, max: -0.000000 at y = 4.420000./ phi_m, min: -0.001117 at y = 4.425168
phi_m, max: -0.000000 at y = 4.420000./ phi_m, min: -0.001111 at y = 4.425168
phi_m, max: -0.000000 at y = 4.420000./ phi_m, min: -0.001102 at y = 4.425587
phi_m, max: 0.019432 at y = 4.391429./ phi_m, min: -0.000599 at y = 4.630000


phi_m, max: -0.000000 at y = 2.358571./ phi_m, min: -0.001153 at y = 2.535168
phi_m, max: -0.000000 at y = 2.358571./ phi_m, min: -0.001162 at y = 2.535168
phi_m, max: -0.000000 at y = 2.358571./ phi_m, min: -0.001153 at y = 2.535168
phi_m, max: -0.000000 at y = 2.358571./ phi_m, min: -0.001139 at y = 2.535587
phi_m, max: 0.027657 at y = 2.387143./ phi_m, min: -0.000395 at y = 2.597143
phi_m, max: 21.375315 at y = 2.387143./ phi_m, min: 0.000000 at y = 2.358571
phi_m, max: 115.959152 at y = 2.536426./ phi_m, min: 0.000000 at y = 2.358571
phi_m, max: 107.815821 at y = 2.539413./ phi_m, min: 0.000000 at y = 2.358571
phi_m, max: 90.799157 at y = 2.597143./ phi_m, min: 0.000000 at y = 2.358571
phi_m, max: 70.952776 at y = 2.597143./ phi_m, min: 0.000000 at y = 2.358571


phi_m, max: 112.624926 at y = 0.018213./ phi_m, min: 0.000000 at y = -0.010000
phi_m, max: 97.591567 at y = 0.018213./ phi_m, min: 0.000000 at y = -0.010000
phi_m, max: 78.306002 at y = 0.134286./ phi_m, min: 0.000000 at y = -0.010000
phi_m, max: 58.476535 at y = 0.134286./ phi_m, min: 0.000000 at y = -0.010000
phi_m, max: 40.847335 at y = 0.134286./ phi_m, min: 0.000000 at y = -0.010000
phi_m, max: 22.173906 at y = 0.134286./ phi_m, min: 0.000000 at y = -0.010000
phi_m, max: 4.093920 at y = 0.134286./ phi_m, min: 0.000000 at y = -0.010000
phi_m, max: 0.290113 at y = 0.006787./ phi_m, min: 0.000000 at y = -0.010000
phi_m, max: -0.000000 at y = -0.010000./ phi_m, min: -0.210813 at y = 0.134286
phi_m, max: -0.000000 at y = -0.010000./ phi_m, min: -0.366509 at y = 0.134286


phi_m, max: 115.829979 at y = 0.228213./ phi_m, min: 0.000000 at y = 0.220000
phi_m, max: 105.912401 at y = 0.344286./ phi_m, min: 0.000000 at y = 0.220000
phi_m, max: 88.488870 at y = 0.344286./ phi_m, min: 0.000000 at y = 0.220000
phi_m, max: 68.543274 at y = 0.344286./ phi_m, min: 0.000000 at y = 0.220000
phi_m, max: 49.456652 at y = 0.344286./ phi_m, min: 0.000000 at y = 0.220000
phi_m, max: 32.251607 at y = 0.344286./ phi_m, min: 0.000000 at y = 0.220000
phi_m, max: 10.619790 at y = 0.344286./ phi_m, min: 0.000000 at y = 0.220000
phi_m, max: 1.168794 at y = 0.344286./ phi_m, min: 0.000000 at y = 0.220000
phi_m, max: -0.000000 at y = 0.220000./ phi_m, min: -0.218211 at y = 0.221175
phi_m, max: -0.000000 at y = 0.220000./ phi_m, min: -0.379595 at y = 0.221787


Writing: "Fiber2DEphapticPlaneL6Isolated_10.chk"
 (0.00849401s, XML)
Steps: 11000000 Time: 1.1         

Time: 0.100000
CPU Time: 74.486909 min.
phi_m, max: -0.000000 at y = 3.131429./ phi_m, min: -0.001161 at y = 6.320000

Time: 0.200000
CPU Time: 74.595730 min.
phi_m, max: -0.000000 at y = 3.131429./ phi_m, min: -0.001170 at y = 6.320000

Time: 0.300000
CPU Time: 74.501474 min.
phi_m, max: -0.000000 at y = 3.131429./ phi_m, min: -0.001161 at y = 6.320000

Time: 0.400000
CPU Time: 74.544145 min.
phi_m, max: -0.000000 at y = 3.131429./ phi_m, min: -0.001150 at y = 6.320000

Time: 0.500000
CPU Time: 75.202637 min.
phi_m, max: -0.000000 at y = 3.131429./ phi_m, min: -0.001141 at y = 6.320000

Time: 0.600000
CPU Time: 75.424555 min.
phi_m, max: -0.000000 at y = 3.131429./ phi_m, min: -0.001132 at y = 6.320000

Time: 0.700000
CPU Time: 75.120902 min.
phi_m, max: 0.221976 at y = 3.045714./ phi_m, min: -0.001125 at y = 6.320000

Time: 0.800000
CPU Time: 74.630763 min.
phi_m, max: 96.525729 at y = 3.045714./ phi_m, min: -0.001118 at y = 6.320000

Time: 0.900000
CPU Time: 74.039679 min.
phi_m, max: 115.022059 at y = 3.168376./ phi_m, min: -0.001113 at y = 6.320000

Time: 1.000000
CPU Time: 74.307984 min.
phi_m, max: 102.777951 at y = 3.169413./ phi_m, min: -0.001108 at y = 6.320000

Time: 1.100000
CPU Time: 74.713297 min.
phi_m, max: 84.458962 at y = 3.227143./ phi_m, min: -0.001104 at y = 6.320000


phi_m, max: 18.893457 at y = 0.640000./ phi_m, min: 0.000000 at y = 0.650000
phi_m, max: 115.962318 at y = 0.646426./ phi_m, min: 0.000000 at y = 0.650000
phi_m, max: 114.048495 at y = 0.859413./ phi_m, min: 0.000000 at y = 0.650000
phi_m, max: 100.508078 at y = 0.860000./ phi_m, min: 0.000000 at y = 0.650000
phi_m, max: 81.653519 at y = 0.860000./ phi_m, min: 0.000000 at y = 0.650000
phi_m, max: 61.572365 at y = 0.860000./ phi_m, min: 0.000000 at y = 0.650000
phi_m, max: 43.380144 at y = 0.860000./ phi_m, min: 0.000000 at y = 0.650000
phi_m, max: 24.950151 at y = 0.860000./ phi_m, min: 0.000000 at y = 0.650000
phi_m, max: 5.252657 at y = 0.860000./ phi_m, min: 0.000000 at y = 0.650000
phi_m, max: 0.387205 at y = 0.860000./ phi_m, min: -0.241736 at y = 0.640000
phi_m, max: -0.000000 at y = 0.650000./ phi_m, min: -0.395019 at y = 0.640000


phi_m, max: 114.270515 at y = 0.430587./ phi_m, min: -0.001124 at y = 3.198571
phi_m, max: 112.995228 at y = 0.439413./ phi_m, min: -0.001133 at y = 3.341429
phi_m, max: 98.507055 at y = 0.440000./ phi_m, min: -0.001125 at y = 3.341429
phi_m, max: 79.334432 at y = 0.440000./ phi_m, min: -0.001114 at y = 3.341429
phi_m, max: 59.322314 at y = 0.440000./ phi_m, min: -0.001105 at y = 3.341429
phi_m, max: 41.434949 at y = 0.440000./ phi_m, min: -0.001090 at y = 3.341429
phi_m, max: 22.296643 at y = 0.440000./ phi_m, min: 0.000000 at y = 0.430000
phi_m, max: 4.480422 at y = 3.198571./ phi_m, min: 0.000000 at y = 0.430000
phi_m, max: 114.584028 at y = 3.341429./ phi_m, min: -0.112950 at y = 0.344286
phi_m, max: 103.430016 at y = 3.341429./ phi_m, min: -0.342296 at y = 0.344286
phi_m, max: 85.242653 at y = 3.341429./ phi_m, min: -0.444503 at y = 0.344286


phi_m, max: -0.000000 at y = 5.928571./ phi_m, min: -0.001153 at y = 6.105168
phi_m, max: -0.000000 at y = 5.928571./ phi_m, min: -0.001162 at y = 6.105168
phi_m, max: -0.000000 at y = 5.928571./ phi_m, min: -0.001154 at y = 6.105168
phi_m, max: -0.000000 at y = 5.928571./ phi_m, min: -0.001143 at y = 6.105168
phi_m, max: -0.000000 at y = 5.928571./ phi_m, min: -0.001133 at y = 6.105168
phi_m, max: -0.000000 at y = 5.928571./ phi_m, min: -0.001125 at y = 6.105168
phi_m, max: -0.000000 at y = 5.928571./ phi_m, min: -0.001118 at y = 6.105168
phi_m, max: -0.000000 at y = 5.928571./ phi_m, min: -0.001111 at y = 6.105168
phi_m, max: -0.000000 at y = 5.928571./ phi_m, min: -0.001106 at y = 6.105168
phi_m, max: -0.000000 at y = 5.928571./ phi_m, min: -0.001101 at y = 6.105168
phi_m, max: -0.000000 at y = 5.928571./ phi_m, min: -0.001097 at y = 6.105168


phi_m, max: -0.000000 at y = 6.310000./ phi_m, min: -0.001162 at y = 6.318213
phi_m, max: -0.000000 at y = 6.310000./ phi_m, min: -0.001171 at y = 6.318213
phi_m, max: -0.000000 at y = 6.310000./ phi_m, min: -0.001162 at y = 6.318213
phi_m, max: -0.000000 at y = 6.310000./ phi_m, min: -0.001152 at y = 6.318213
phi_m, max: -0.000000 at y = 6.310000./ phi_m, min: -0.001142 at y = 6.318213
phi_m, max: -0.000000 at y = 6.310000./ phi_m, min: -0.001133 at y = 6.318213
phi_m, max: -0.000000 at y = 6.310000./ phi_m, min: -0.001126 at y = 6.318213
phi_m, max: -0.000000 at y = 6.310000./ phi_m, min: -0.001120 at y = 6.318213
phi_m, max: -0.000000 at y = 6.310000./ phi_m, min: -0.001114 at y = 6.318213
phi_m, max: -0.000000 at y = 6.310000./ phi_m, min: -0.001109 at y = 6.318213
phi_m, max: -0.000000 at y = 6.310000./ phi_m, min: -0.001105 at y = 6.318213


phi_m, max: -0.000000 at y = 5.480000./ phi_m, min: -0.001153 at y = 5.685168
phi_m, max: -0.000000 at y = 5.480000./ phi_m, min: -0.001162 at y = 5.685168
phi_m, max: -0.000000 at y = 5.480000./ phi_m, min: -0.001153 at y = 5.685168
phi_m, max: -0.000000 at y = 5.480000./ phi_m, min: -0.001143 at y = 5.685168
phi_m, max: -0.000000 at y = 5.480000./ phi_m, min: -0.001133 at y = 5.685168
phi_m, max: -0.000000 at y = 5.480000./ phi_m, min: -0.001125 at y = 5.685168
phi_m, max: -0.000000 at y = 5.480000./ phi_m, min: -0.001117 at y = 5.685168
phi_m, max: -0.000000 at y = 5.480000./ phi_m, min: -0.001111 at y = 5.685168
phi_m, max: -0.000000 at y = 5.480000./ phi_m, min: -0.001106 at y = 5.685168
phi_m, max: -0.000000 at y = 5.480000./ phi_m, min: -0.001101 at y = 5.685168
phi_m, max: -0.000000 at y = 5.480000./ phi_m, min: -0.001097 at y = 5.685168


phi_m, max: -0.000000 at y = 3.971429./ phi_m, min: -0.001126 at y = 4.000000
phi_m, max: -0.000000 at y = 3.971429./ phi_m, min: -0.001135 at y = 4.210000
phi_m, max: -0.000000 at y = 3.971429./ phi_m, min: -0.001127 at y = 4.210000
phi_m, max: -0.000000 at y = 3.971429./ phi_m, min: -0.001116 at y = 4.210000
phi_m, max: -0.000000 at y = 3.971429./ phi_m, min: -0.001107 at y = 4.210000
phi_m, max: -0.000000 at y = 3.971429./ phi_m, min: -0.001099 at y = 4.210000
phi_m, max: -0.000000 at y = 3.971429./ phi_m, min: -0.001091 at y = 4.210000
phi_m, max: -0.000000 at y = 3.971429./ phi_m, min: -0.001084 at y = 4.210000
phi_m, max: 0.046448 at y = 3.885714./ phi_m, min: -0.000136 at y = 4.210000
phi_m, max: 39.483976 at y = 3.885714./ phi_m, min: 0.000000 at y = 3.971429
phi_m, max: 114.258289 at y = 4.010000./ phi_m, min: 0.000000 at y = 3.971429


phi_m, max: -0.000000 at y = 4.850000./ phi_m, min: -0.001153 at y = 5.055168
phi_m, max: -0.000000 at y = 4.850000./ phi_m, min: -0.001162 at y = 4.844832
phi_m, max: -0.000000 at y = 4.850000./ phi_m, min: -0.001153 at y = 4.844832
phi_m, max: -0.000000 at y = 4.850000./ phi_m, min: -0.001143 at y = 4.844832
phi_m, max: -0.000000 at y = 4.850000./ phi_m, min: -0.001133 at y = 4.844832
phi_m, max: -0.000000 at y = 4.850000./ phi_m, min: -0.001125 at y = 4.844832
phi_m, max: -0.000000 at y = 4.850000./ phi_m, min: -0.001117 at y = 4.844832
phi_m, max: -0.000000 at y = 4.850000./ phi_m, min: -0.001111 at y = 5.054832
phi_m, max: -0.000000 at y = 4.850000./ phi_m, min: -0.001106 at y = 5.055168
phi_m, max: -0.000000 at y = 4.850000./ phi_m, min: -0.001101 at y = 5.055168
phi_m, max: 0.007533 at y = 4.840000./ phi_m, min: -0.001075 at y = 5.057458


phi_m, max: -0.000000 at y = 4.210000./ phi_m, min: -0.001153 at y = 4.215168
phi_m, max: -0.000000 at y = 4.210000./ phi_m, min: -0.001162 at y = 4.214832
phi_m, max: -0.000000 at y = 4.210000./ phi_m, min: -0.001153 at y = 4.214832
phi_m, max: -0.000000 at y = 4.210000./ phi_m, min: -0.001143 at y = 4.214832
phi_m, max: -0.000000 at y = 4.210000./ phi_m, min: -0.001133 at y = 4.214832
phi_m, max: -0.000000 at y = 4.210000./ phi_m, min: -0.001125 at y = 4.215168
phi_m, max: -0.000000 at y = 4.210000./ phi_m, min: -0.001117 at y = 4.215168
phi_m, max: -0.000000 at y = 4.210000./ phi_m, min: -0.001111 at y = 4.215168
phi_m, max: -0.000000 at y = 4.210000./ phi_m, min: -0.001057 at y = 4.420000
phi_m, max: 0.785040 at y = 4.210000./ phi_m, min: 0.000000 at y = 4.210000
phi_m, max: 113.282362 at y = 4.210000./ phi_m, min: 0.000000 at y = 4.210000


phi_m, max: -0.000000 at y = 1.480000./ phi_m, min: -0.001152 at y = 1.485168
phi_m, max: 0.005816 at y = 1.308571./ phi_m, min: -0.000962 at y = 1.518571
phi_m, max: 5.150036 at y = 1.308571./ phi_m, min: 0.000000 at y = 1.480000
phi_m, max: 115.881761 at y = 1.481624./ phi_m, min: 0.000000 at y = 1.480000
phi_m, max: 110.628864 at y = 1.489413./ phi_m, min: 0.000000 at y = 1.480000
phi_m, max: 94.697881 at y = 1.490000./ phi_m, min: 0.000000 at y = 1.480000
phi_m, max: 75.119998 at y = 1.518571./ phi_m, min: 0.000000 at y = 1.480000
phi_m, max: 55.371945 at y = 1.518571./ phi_m, min: 0.000000 at y = 1.480000
phi_m, max: 37.955804 at y = 1.518571./ phi_m, min: 0.000000 at y = 1.480000
phi_m, max: 17.479702 at y = 1.518571./ phi_m, min: 0.000000 at y = 1.480000
phi_m, max: 2.588111 at y = 1.518571./ phi_m, min: 0.000000 at y = 1.480000


phi_m, max: 0.015271 at y = 0.860000./ phi_m, min: -0.000723 at y = 1.070000
phi_m, max: 12.013272 at y = 0.860000./ phi_m, min: 0.000000 at y = 0.888571
phi_m, max: 115.904112 at y = 1.063633./ phi_m, min: 0.000000 at y = 0.888571
phi_m, max: 109.137075 at y = 1.069413./ phi_m, min: 0.000000 at y = 0.888571
phi_m, max: 92.540970 at y = 1.070000./ phi_m, min: 0.000000 at y = 0.888571
phi_m, max: 72.734563 at y = 1.070000./ phi_m, min: 0.000000 at y = 0.888571
phi_m, max: 53.159701 at y = 1.070000./ phi_m, min: 0.000000 at y = 0.888571
phi_m, max: 35.884004 at y = 1.070000./ phi_m, min: 0.000000 at y = 0.888571
phi_m, max: 14.654216 at y = 1.070000./ phi_m, min: 0.000000 at y = 0.888571
phi_m, max: 1.922336 at y = 1.070000./ phi_m, min: 0.000000 at y = 0.888571
phi_m, max: -0.000000 at y = 0.888571./ phi_m, min: -0.228129 at y = 0.860000


phi_m, max: -0.000000 at y = 1.270000./ phi_m, min: -0.001127 at y = 1.278213
phi_m, max: 0.294549 at y = 1.070000./ phi_m, min: 0.000000 at y = 1.270000
phi_m, max: 104.482222 at y = 1.070000./ phi_m, min: 0.000000 at y = 1.270000
phi_m, max: 114.883380 at y = 1.278376./ phi_m, min: 0.000000 at y = 1.270000
phi_m, max: 102.444573 at y = 1.279413./ phi_m, min: 0.000000 at y = 1.270000
phi_m, max: 83.985286 at y = 1.308571./ phi_m, min: 0.000000 at y = 1.270000
phi_m, max: 63.914494 at y = 1.308571./ phi_m, min: 0.000000 at y = 1.270000
phi_m, max: 45.412957 at y = 1.308571./ phi_m, min: 0.000000 at y = 1.270000
phi_m, max: 27.604317 at y = 1.308571./ phi_m, min: 0.000000 at y = 1.270000
phi_m, max: 6.773419 at y = 1.308571./ phi_m, min: 0.000000 at y = 1.270000
phi_m, max: 0.588895 at y = 1.308571./ phi_m, min: -0.019858 at y = 1.070000


phi_m, max: -0.000000 at y = 5.690000./ phi_m, min: -0.001153 at y = 5.895168
phi_m, max: -0.000000 at y = 5.690000./ phi_m, min: -0.001162 at y = 5.895168
phi_m, max: -0.000000 at y = 5.690000./ phi_m, min: -0.001153 at y = 5.895168
phi_m, max: -0.000000 at y = 5.690000./ phi_m, min: -0.001143 at y = 5.895168
phi_m, max: -0.000000 at y = 5.690000./ phi_m, min: -0.001133 at y = 5.895168
phi_m, max: -0.000000 at y = 5.690000./ phi_m, min: -0.001125 at y = 5.895168
phi_m, max: -0.000000 at y = 5.690000./ phi_m, min: -0.001117 at y = 5.895168
phi_m, max: -0.000000 at y = 5.690000./ phi_m, min: -0.001111 at y = 5.895168
phi_m, max: -0.000000 at y = 5.690000./ phi_m, min: -0.001106 at y = 5.895168
phi_m, max: -0.000000 at y = 5.690000./ phi_m, min: -0.001101 at y = 5.895168
phi_m, max: -0.000000 at y = 5.690000./ phi_m, min: -0.001097 at y = 5.895168


phi_m, max: -0.000000 at y = 2.320000./ phi_m, min: -0.001153 at y = 2.324832
phi_m, max: -0.000000 at y = 2.320000./ phi_m, min: -0.001162 at y = 2.325168
phi_m, max: -0.000000 at y = 2.320000./ phi_m, min: -0.001153 at y = 2.325168
phi_m, max: 0.000273 at y = 2.177143./ phi_m, min: -0.001080 at y = 2.415714
phi_m, max: 1.166355 at y = 2.177143./ phi_m, min: 0.000000 at y = 2.320000
phi_m, max: 113.944591 at y = 2.177143./ phi_m, min: 0.000000 at y = 2.320000
phi_m, max: 113.192391 at y = 2.329413./ phi_m, min: 0.000000 at y = 2.320000
phi_m, max: 98.972318 at y = 2.415714./ phi_m, min: 0.000000 at y = 2.320000
phi_m, max: 79.987674 at y = 2.415714./ phi_m, min: 0.000000 at y = 2.320000
phi_m, max: 60.012911 at y = 2.415714./ phi_m, min: 0.000000 at y = 2.320000
phi_m, max: 42.066435 at y = 2.415714./ phi_m, min: 0.000000 at y = 2.320000


phi_m, max: -0.000000 at y = 5.050000./ phi_m, min: -0.001153 at y = 5.055168
phi_m, max: -0.000000 at y = 5.050000./ phi_m, min: -0.001162 at y = 5.475168
phi_m, max: -0.000000 at y = 5.050000./ phi_m, min: -0.001153 at y = 5.475168
phi_m, max: -0.000000 at y = 5.050000./ phi_m, min: -0.001143 at y = 5.475168
phi_m, max: -0.000000 at y = 5.050000./ phi_m, min: -0.001133 at y = 5.475168
phi_m, max: -0.000000 at y = 5.050000./ phi_m, min: -0.001125 at y = 5.475168
phi_m, max: -0.000000 at y = 5.050000./ phi_m, min: -0.001117 at y = 5.475168
phi_m, max: -0.000000 at y = 5.050000./ phi_m, min: -0.001111 at y = 5.475168
phi_m, max: -0.000000 at y = 5.050000./ phi_m, min: -0.001106 at y = 5.475168
phi_m, max: -0.000000 at y = 5.050000./ phi_m, min: -0.001101 at y = 5.475168
phi_m, max: -0.000000 at y = 5.050000./ phi_m, min: -0.001097 at y = 5.475168


phi_m, max: -0.000000 at y = 4.640000./ phi_m, min: -0.001153 at y = 4.634832
phi_m, max: -0.000000 at y = 4.640000./ phi_m, min: -0.001162 at y = 4.635168
phi_m, max: -0.000000 at y = 4.640000./ phi_m, min: -0.001153 at y = 4.635168
phi_m, max: -0.000000 at y = 4.640000./ phi_m, min: -0.001143 at y = 4.635168
phi_m, max: -0.000000 at y = 4.640000./ phi_m, min: -0.001133 at y = 4.635168
phi_m, max: -0.000000 at y = 4.640000./ phi_m, min: -0.001125 at y = 4.635168
phi_m, max: -0.000000 at y = 4.640000./ phi_m, min: -0.001117 at y = 4.635168
phi_m, max: -0.000000 at y = 4.640000./ phi_m, min: -0.001111 at y = 4.635168
phi_m, max: -0.000000 at y = 4.640000./ phi_m, min: -0.001105 at y = 4.635168
phi_m, max: -0.000000 at y = 4.640000./ phi_m, min: -0.001064 at y = 4.638825
phi_m, max: 0.348577 at y = 4.630000./ phi_m, min: 0.000000 at y = 4.640000


phi_m, max: -0.000000 at y = 5.260000./ phi_m, min: -0.001153 at y = 5.264832
phi_m, max: -0.000000 at y = 5.260000./ phi_m, min: -0.001162 at y = 5.265168
phi_m, max: -0.000000 at y = 5.260000./ phi_m, min: -0.001153 at y = 5.265168
phi_m, max: -0.000000 at y = 5.260000./ phi_m, min: -0.001143 at y = 5.265168
phi_m, max: -0.000000 at y = 5.260000./ phi_m, min: -0.001133 at y = 5.265168
phi_m, max: -0.000000 at y = 5.260000./ phi_m, min: -0.001125 at y = 5.265168
phi_m, max: -0.000000 at y = 5.260000./ phi_m, min: -0.001117 at y = 5.265168
phi_m, max: -0.000000 at y = 5.260000./ phi_m, min: -0.001111 at y = 5.265168
phi_m, max: -0.000000 at y = 5.260000./ phi_m, min: -0.001106 at y = 5.265168
phi_m, max: -0.000000 at y = 5.260000./ phi_m, min: -0.001101 at y = 5.265168
phi_m, max: -0.000000 at y = 5.260000./ phi_m, min: -0.001096 at y = 5.265168


phi_m, max: -0.000000 at y = 2.358571./ phi_m, min: -0.001153 at y = 2.535168
phi_m, max: -0.000000 at y = 2.358571./ phi_m, min: -0.001162 at y = 2.535168
phi_m, max: -0.000000 at y = 2.358571./ phi_m, min: -0.001153 at y = 2.535168
phi_m, max: -0.000000 at y = 2.358571./ phi_m, min: -0.001139 at y = 2.535587
phi_m, max: 0.027657 at y = 2.387143./ phi_m, min: -0.000395 at y = 2.597143
phi_m, max: 21.375315 at y = 2.387143./ phi_m, min: 0.000000 at y = 2.358571
phi_m, max: 115.959152 at y = 2.536426./ phi_m, min: 0.000000 at y = 2.358571
phi_m, max: 107.815821 at y = 2.539413./ phi_m, min: 0.000000 at y = 2.358571
phi_m, max: 90.799157 at y = 2.597143./ phi_m, min: 0.000000 at y = 2.358571
phi_m, max: 70.952776 at y = 2.597143./ phi_m, min: 0.000000 at y = 2.358571
phi_m, max: 51.589745 at y = 2.597143./ phi_m, min: 0.000000 at y = 2.358571


phi_m, max: -0.000000 at y = 3.790000./ phi_m, min: -0.001153 at y = 4.004832
phi_m, max: -0.000000 at y = 3.790000./ phi_m, min: -0.001162 at y = 3.794832
phi_m, max: -0.000000 at y = 3.790000./ phi_m, min: -0.001153 at y = 3.794832
phi_m, max: -0.000000 at y = 3.790000./ phi_m, min: -0.001143 at y = 3.794832
phi_m, max: -0.000000 at y = 3.790000./ phi_m, min: -0.001133 at y = 4.005168
phi_m, max: -0.000000 at y = 3.790000./ phi_m, min: -0.001125 at y = 4.005168
phi_m, max: -0.000000 at y = 3.790000./ phi_m, min: -0.001117 at y = 4.005168
phi_m, max: 0.001019 at y = 3.761429./ phi_m, min: -0.001104 at y = 4.006367
phi_m, max: 1.643203 at y = 3.761429./ phi_m, min: 0.000000 at y = 3.790000
phi_m, max: 115.222757 at y = 3.790587./ phi_m, min: 0.000000 at y = 3.790000
phi_m, max: 115.888275 at y = 4.007458./ phi_m, min: 0.000000 at y = 3.790000


phi_m, max: -0.000000 at y = 1.900000./ phi_m, min: -0.001153 at y = 1.905168
phi_m, max: -0.000000 at y = 1.900000./ phi_m, min: -0.001162 at y = 1.905168
phi_m, max: 0.001996 at y = 1.728571./ phi_m, min: -0.001050 at y = 1.963787
phi_m, max: 2.391697 at y = 1.728571./ phi_m, min: 0.000000 at y = 1.900000
phi_m, max: 115.332297 at y = 1.900587./ phi_m, min: 0.000000 at y = 1.900000
phi_m, max: 111.987642 at y = 1.909413./ phi_m, min: 0.000000 at y = 1.900000
phi_m, max: 96.831898 at y = 1.963787./ phi_m, min: 0.000000 at y = 1.900000
phi_m, max: 77.525785 at y = 1.963787./ phi_m, min: 0.000000 at y = 1.900000
phi_m, max: 57.643122 at y = 1.963787./ phi_m, min: 0.000000 at y = 1.900000
phi_m, max: 39.994060 at y = 1.963787./ phi_m, min: 0.000000 at y = 1.900000
phi_m, max: 20.373222 at y = 1.963787./ phi_m, min: 0.000000 at y = 1.900000


phi_m, max: -0.000000 at y = 3.580000./ phi_m, min: -0.001153 at y = 3.584832
phi_m, max: -0.000000 at y = 3.580000./ phi_m, min: -0.001162 at y = 3.585168
phi_m, max: -0.000000 at y = 3.580000./ phi_m, min: -0.001153 at y = 3.585168
phi_m, max: -0.000000 at y = 3.580000./ phi_m, min: -0.001143 at y = 3.585168
phi_m, max: -0.000000 at y = 3.580000./ phi_m, min: -0.001133 at y = 3.585168
phi_m, max: -0.000000 at y = 3.580000./ phi_m, min: -0.001125 at y = 3.585168
phi_m, max: -0.000000 at y = 3.580000./ phi_m, min: -0.001104 at y = 3.586787
phi_m, max: 0.084311 at y = 3.551429./ phi_m, min: 0.000000 at y = 3.580000
phi_m, max: 61.606778 at y = 3.551429./ phi_m, min: 0.000000 at y = 3.580000
phi_m, max: 115.633616 at y = 3.588376./ phi_m, min: 0.000000 at y = 3.580000
phi_m, max: 105.225071 at y = 3.761429./ phi_m, min: 0.000000 at y = 3.580000


phi_m, max: 27.072587 at y = 0.440000./ phi_m, min: 0.000000 at y = 0.430000
phi_m, max: 115.962318 at y = 0.646426./ phi_m, min: 0.000000 at y = 0.430000
phi_m, max: 107.497158 at y = 0.649413./ phi_m, min: 0.000000 at y = 0.430000
phi_m, max: 90.342674 at y = 0.650000./ phi_m, min: 0.000000 at y = 0.430000
phi_m, max: 70.397993 at y = 0.650000./ phi_m, min: 0.000000 at y = 0.430000
phi_m, max: 51.059040 at y = 0.650000./ phi_m, min: 0.000000 at y = 0.430000
phi_m, max: 33.834448 at y = 0.650000./ phi_m, min: 0.000000 at y = 0.430000
phi_m, max: 12.186847 at y = 0.650000./ phi_m, min: 0.000000 at y = 0.430000
phi_m, max: 1.438481 at y = 0.650000./ phi_m, min: -0.000000 at y = 0.430000
phi_m, max: -0.000000 at y = 0.430000./ phi_m, min: -0.254718 at y = 0.440000
phi_m, max: -0.000000 at y = 0.430000./ phi_m, min: -0.401004 at y = 0.440000


phi_m, max: -0.000000 at y = 3.370000./ phi_m, min: -0.001153 at y = 3.375168
phi_m, max: -0.000000 at y = 3.370000./ phi_m, min: -0.001162 at y = 3.374832
phi_m, max: -0.000000 at y = 3.370000./ phi_m, min: -0.001153 at y = 3.374832
phi_m, max: -0.000000 at y = 3.370000./ phi_m, min: -0.001143 at y = 3.375168
phi_m, max: -0.000000 at y = 3.370000./ phi_m, min: -0.001133 at y = 3.375168
phi_m, max: -0.000000 at y = 3.370000./ phi_m, min: -0.001124 at y = 3.375168
phi_m, max: 0.003593 at y = 3.341429./ phi_m, min: -0.000974 at y = 3.551429
phi_m, max: 3.468323 at y = 3.341429./ phi_m, min: 0.000000 at y = 3.370000
phi_m, max: 115.812488 at y = 3.371624./ phi_m, min: 0.000000 at y = 3.370000
phi_m, max: 111.118954 at y = 3.551429./ phi_m, min: 0.000000 at y = 3.370000
phi_m, max: 95.858603 at y = 3.551429./ phi_m, min: 0.000000 at y = 3.370000


phi_m, max: -0.000000 at y = 1.518571./ phi_m, min: -0.001153 at y = 1.695168
phi_m, max: -0.000000 at y = 1.518571./ phi_m, min: -0.001147 at y = 1.696787
phi_m, max: 0.131643 at y = 1.490000./ phi_m, min: 0.000000 at y = 1.518571
phi_m, max: 83.454072 at y = 1.490000./ phi_m, min: 0.000000 at y = 1.518571
phi_m, max: 115.553562 at y = 1.698376./ phi_m, min: 0.000000 at y = 1.518571
phi_m, max: 104.324704 at y = 1.699413./ phi_m, min: 0.000000 at y = 1.518571
phi_m, max: 86.263429 at y = 1.728571./ phi_m, min: 0.000000 at y = 1.518571
phi_m, max: 66.214197 at y = 1.728571./ phi_m, min: 0.000000 at y = 1.518571
phi_m, max: 47.401587 at y = 1.728571./ phi_m, min: 0.000000 at y = 1.518571
phi_m, max: 29.961206 at y = 1.728571./ phi_m, min: 0.000000 at y = 1.518571
phi_m, max: 8.483434 at y = 1.728571./ phi_m, min: 0.000000 at y = 1.518571


phi_m, max: -0.000000 at y = 2.110000./ phi_m, min: -0.001153 at y = 2.115168
phi_m, max: -0.000000 at y = 2.110000./ phi_m, min: -0.001162 at y = 2.115168
phi_m, max: -0.000000 at y = 2.110000./ phi_m, min: -0.001146 at y = 2.116367
phi_m, max: 0.057853 at y = 1.938571./ phi_m, min: 0.000000 at y = 2.110000
phi_m, max: 49.175436 at y = 1.938571./ phi_m, min: 0.000000 at y = 2.110000
phi_m, max: 115.860600 at y = 2.117458./ phi_m, min: 0.000000 at y = 2.110000
phi_m, max: 106.118442 at y = 2.119413./ phi_m, min: 0.000000 at y = 2.110000
phi_m, max: 88.582685 at y = 2.177143./ phi_m, min: 0.000000 at y = 2.110000
phi_m, max: 68.627146 at y = 2.177143./ phi_m, min: 0.000000 at y = 2.110000
phi_m, max: 49.523746 at y = 2.177143./ phi_m, min: 0.000000 at y = 2.110000
phi_m, max: 32.304950 at y = 2.177143./ phi_m, min: 0.000000 at y = 2.110000


phi_m, max: -0.000000 at y = 2.950000./ phi_m, min: -0.001153 at y = 2.954832
phi_m, max: -0.000000 at y = 2.950000./ phi_m, min: -0.001162 at y = 2.955168
phi_m, max: -0.000000 at y = 2.950000./ phi_m, min: -0.001153 at y = 2.955168
phi_m, max: -0.000000 at y = 2.950000./ phi_m, min: -0.001143 at y = 2.955168
phi_m, max: -0.000000 at y = 2.950000./ phi_m, min: -0.001131 at y = 2.955449
phi_m, max: 0.011849 at y = 2.807143./ phi_m, min: -0.000792 at y = 3.045714
phi_m, max: 9.518874 at y = 2.807143./ phi_m, min: 0.000000 at y = 2.950000
phi_m, max: 115.909075 at y = 2.953633./ phi_m, min: 0.000000 at y = 2.950000
phi_m, max: 109.405803 at y = 2.959413./ phi_m, min: 0.000000 at y = 2.950000
phi_m, max: 93.087542 at y = 3.045714./ phi_m, min: 0.000000 at y = 2.950000
phi_m, max: 73.417630 at y = 3.045714./ phi_m, min: 0.000000 at y = 2.950000


phi_m, max: -0.000000 at y = 2.740000./ phi_m, min: -0.001153 at y = 2.744832
phi_m, max: -0.000000 at y = 2.740000./ phi_m, min: -0.001162 at y = 2.745168
phi_m, max: -0.000000 at y = 2.740000./ phi_m, min: -0.001153 at y = 2.745168
phi_m, max: -0.000000 at y = 2.740000./ phi_m, min: -0.001143 at y = 2.745168
phi_m, max: -0.000000 at y = 2.740000./ phi_m, min: -0.001093 at y = 2.748825
phi_m, max: 0.524967 at y = 2.597143./ phi_m, min: 0.000000 at y = 2.740000
phi_m, max: 110.624607 at y = 2.597143./ phi_m, min: 0.000000 at y = 2.740000
phi_m, max: 114.210398 at y = 2.749413./ phi_m, min: 0.000000 at y = 2.740000
phi_m, max: 100.939700 at y = 2.835714./ phi_m, min: 0.000000 at y = 2.740000
phi_m, max: 82.293646 at y = 2.835714./ phi_m, min: 0.000000 at y = 2.740000
phi_m, max: 62.267718 at y = 2.835714./ phi_m, min: 0.000000 at y = 2.740000


phi_m, max: -0.000000 at y = 4.420000./ phi_m, min: -0.001153 at y = 4.424832
phi_m, max: -0.000000 at y = 4.420000./ phi_m, min: -0.001162 at y = 4.425168
phi_m, max: -0.000000 at y = 4.420000./ phi_m, min: -0.001153 at y = 4.425168
phi_m, max: -0.000000 at y = 4.420000./ phi_m, min: -0.001143 at y = 4.425168
phi_m, max: -0.000000 at y = 4.420000./ phi_m, min: -0.001133 at y = 4.425168
phi_m, max: -0.000000 at y = 4.420000./ phi_m, min: -0.001125 at y = 4.425168
phi_m, max: -0.000000 at y = 4.420000./ phi_m, min: -0.001117 at y = 4.425168
phi_m, max: -0.000000 at y = 4.420000./ phi_m, min: -0.001111 at y = 4.425168
phi_m, max: -0.000000 at y = 4.420000./ phi_m, min: -0.001102 at y = 4.425587
phi_m, max: 0.019432 at y = 4.391429./ phi_m, min: -0.000599 at y = 4.630000
phi_m, max: 15.051283 at y = 4.391429./ phi_m, min: 0.000000 at y = 4.420000


phi_m, max: 115.829979 at y = 0.228213./ phi_m, min: 0.000000 at y = 0.220000
phi_m, max: 105.912401 at y = 0.344286./ phi_m, min: 0.000000 at y = 0.220000
phi_m, max: 88.488870 at y = 0.344286./ phi_m, min: 0.000000 at y = 0.220000
phi_m, max: 68.543274 at y = 0.344286./ phi_m, min: 0.000000 at y = 0.220000
phi_m, max: 49.456652 at y = 0.344286./ phi_m, min: 0.000000 at y = 0.220000
phi_m, max: 32.251607 at y = 0.344286./ phi_m, min: 0.000000 at y = 0.220000
phi_m, max: 10.619790 at y = 0.344286./ phi_m, min: 0.000000 at y = 0.220000
phi_m, max: 1.168794 at y = 0.344286./ phi_m, min: 0.000000 at y = 0.220000
phi_m, max: -0.000000 at y = 0.220000./ phi_m, min: -0.218211 at y = 0.221175
phi_m, max: -0.000000 at y = 0.220000./ phi_m, min: -0.379595 at y = 0.221787
phi_m, max: -0.000000 at y = 0.220000./ phi_m, min: -0.466319 at y = 0.223213


phi_m, max: 112.624926 at y = 0.018213./ phi_m, min: 0.000000 at y = -0.010000
phi_m, max: 97.591567 at y = 0.018213./ phi_m, min: 0.000000 at y = -0.010000
phi_m, max: 78.306002 at y = 0.134286./ phi_m, min: 0.000000 at y = -0.010000
phi_m, max: 58.476535 at y = 0.134286./ phi_m, min: 0.000000 at y = -0.010000
phi_m, max: 40.847335 at y = 0.134286./ phi_m, min: 0.000000 at y = -0.010000
phi_m, max: 22.173906 at y = 0.134286./ phi_m, min: 0.000000 at y = -0.010000
phi_m, max: 4.093920 at y = 0.134286./ phi_m, min: 0.000000 at y = -0.010000
phi_m, max: 0.290113 at y = 0.006787./ phi_m, min: 0.000000 at y = -0.010000
phi_m, max: -0.000000 at y = -0.010000./ phi_m, min: -0.210813 at y = 0.134286
phi_m, max: -0.000000 at y = -0.010000./ phi_m, min: -0.366509 at y = 0.134286
phi_m, max: -0.000000 at y = -0.010000./ phi_m, min: -0.450270 at y = 0.134286


Writing: "Fiber2DEphapticPlaneL6Isolated_11.chk"
 (0.00880736s, XML)
phi_m, max: -0.000000 at y = 5.690000./ phi_m, min: -0.001153 at y = 5.895168
phi_m, max: -0.000000 at y = 5.690000./ phi_m, min: -0.001162 at y = 5.895168
phi_m, max: -0.000000 at y = 5.690000./ phi_m, min: -0.001153 at y = 5.895168
phi_m, max: -0.000000 at y = 5.690000./ phi_m, min: -0.001143 at y = 5.895168
phi_m, max: -0.000000 at y = 5.690000./ phi_m, min: -0.001133 at y = 5.895168
phi_m, max: -0.000000 at y = 5.690000./ phi_m, min: -0.001125 at y = 5.895168
phi_m, max: -0.000000 at y = 5.690000./ phi_m, min: -0.001117 at y = 5.895168
phi_m, max: -0.000000 at y = 5.690000./ phi_m, min: -0.001111 at y = 5.895168
phi_m, max: -0.000000 at y = 5.690000./ phi_m, min: -0.001106 at y = 5.895168
phi_m, max: -0.000000 at y = 5.690000./ phi_m, min: -0.001101 at y = 5.895168
phi_m, max: -0.000000 at y = 5.690000./ phi_m, min: -0.001097 at y = 5.895168
phi_m, max: -0.000000 at y = 5.690000./ phi_m, min: -0.001093 at y = 5.895168


phi_m, max: -0.000000 at y = 4.640000./ phi_m, min: -0.001153 at y = 4.634832
phi_m, max: -0.000000 at y = 4.640000./ phi_m, min: -0.001162 at y = 4.635168
phi_m, max: -0.000000 at y = 4.640000./ phi_m, min: -0.001153 at y = 4.635168
phi_m, max: -0.000000 at y = 4.640000./ phi_m, min: -0.001143 at y = 4.635168
phi_m, max: -0.000000 at y = 4.640000./ phi_m, min: -0.001133 at y = 4.635168
phi_m, max: -0.000000 at y = 4.640000./ phi_m, min: -0.001125 at y = 4.635168
phi_m, max: -0.000000 at y = 4.640000./ phi_m, min: -0.001117 at y = 4.635168
phi_m, max: -0.000000 at y = 4.640000./ phi_m, min: -0.001111 at y = 4.635168
phi_m, max: -0.000000 at y = 4.640000./ phi_m, min: -0.001105 at y = 4.635168
phi_m, max: -0.000000 at y = 4.640000./ phi_m, min: -0.001064 at y = 4.638825
phi_m, max: 0.348577 at y = 4.630000./ phi_m, min: 0.000000 at y = 4.640000
phi_m, max: 106.754372 at y = 4.630000./ phi_m, min: 0.000000 at y = 4.640000


Steps: 12000000 Time: 1.2         
phi_m, max: -0.000000 at y = 3.580000./ phi_m, min: -0.001153 at y = 3.584832
phi_m, max: -0.000000 at y = 3.580000./ phi_m, min: -0.001162 at y = 3.585168
phi_m, max: -0.000000 at y = 3.580000./ phi_m, min: -0.001153 at y = 3.585168
phi_m, max: -0.000000 at y = 3.580000./ phi_m, min: -0.001143 at y = 3.585168
phi_m, max: -0.000000 at y = 3.580000./ phi_m, min: -0.001133 at y = 3.585168
phi_m, max: -0.000000 at y = 3.580000./ phi_m, min: -0.001125 at y = 3.585168
phi_m, max: -0.000000 at y = 3.580000./ phi_m, min: -0.001104 at y = 3.586787
phi_m, max: 0.084311 at y = 3.551429./ phi_m, min: 0.000000 at y = 3.580000
phi_m, max: 61.606778 at y = 3.551429./ phi_m, min: 0.000000 at y = 3.580000
phi_m, max: 115.633616 at y = 3.588376./ phi_m, min: 0.000000 at y = 3.580000
phi_m, max: 105.225071 at y = 3.761429./ phi_m, min: 0.000000 at y = 3.580000
phi_m, max: 87.507542 at y = 3.761429./ phi_m, min: 0.000000 at y = 3.580000



Time: 0.100000
CPU Time: 74.486909 min.
phi_m, max: -0.000000 at y = 3.131429./ phi_m, min: -0.001161 at y = 6.320000

Time: 0.200000
CPU Time: 74.595730 min.
phi_m, max: -0.000000 at y = 3.131429./ phi_m, min: -0.001170 at y = 6.320000

Time: 0.300000
CPU Time: 74.501474 min.
phi_m, max: -0.000000 at y = 3.131429./ phi_m, min: -0.001161 at y = 6.320000

Time: 0.400000
CPU Time: 74.544145 min.
phi_m, max: -0.000000 at y = 3.131429./ phi_m, min: -0.001150 at y = 6.320000

Time: 0.500000
CPU Time: 75.202637 min.
phi_m, max: -0.000000 at y = 3.131429./ phi_m, min: -0.001141 at y = 6.320000

Time: 0.600000
CPU Time: 75.424555 min.
phi_m, max: -0.000000 at y = 3.131429./ phi_m, min: -0.001132 at y = 6.320000

Time: 0.700000
CPU Time: 75.120902 min.
phi_m, max: 0.221976 at y = 3.045714./ phi_m, min: -0.001125 at y = 6.320000

Time: 0.800000
CPU Time: 74.630763 min.
phi_m, max: 96.525729 at y = 3.045714./ phi_m, min: -0.001118 at y = 6.320000

Time: 0.900000
CPU Time: 74.039679 min.
phi_m, max: 115.022059 at y = 3.168376./ phi_m, min: -0.001113 at y = 6.320000

Time: 1.000000
CPU Time: 74.307984 min.
phi_m, max: 102.777951 at y = 3.169413./ phi_m, min: -0.001108 at y = 6.320000

Time: 1.100000
CPU Time: 74.713297 min.
phi_m, max: 84.458962 at y = 3.227143./ phi_m, min: -0.001104 at y = 6.320000

Time: 1.200000
CPU Time: 75.100201 min.
phi_m, max: 64.413000 at y = 3.227143./ phi_m, min: -0.001100 at y = 6.320000


phi_m, max: -0.000000 at y = 3.790000./ phi_m, min: -0.001153 at y = 4.004832
phi_m, max: -0.000000 at y = 3.790000./ phi_m, min: -0.001162 at y = 3.794832
phi_m, max: -0.000000 at y = 3.790000./ phi_m, min: -0.001153 at y = 3.794832
phi_m, max: -0.000000 at y = 3.790000./ phi_m, min: -0.001143 at y = 3.794832
phi_m, max: -0.000000 at y = 3.790000./ phi_m, min: -0.001133 at y = 4.005168
phi_m, max: -0.000000 at y = 3.790000./ phi_m, min: -0.001125 at y = 4.005168
phi_m, max: -0.000000 at y = 3.790000./ phi_m, min: -0.001117 at y = 4.005168
phi_m, max: 0.001019 at y = 3.761429./ phi_m, min: -0.001104 at y = 4.006367
phi_m, max: 1.643203 at y = 3.761429./ phi_m, min: 0.000000 at y = 3.790000
phi_m, max: 115.222757 at y = 3.790587./ phi_m, min: 0.000000 at y = 3.790000
phi_m, max: 115.888275 at y = 4.007458./ phi_m, min: 0.000000 at y = 3.790000
phi_m, max: 106.421434 at y = 4.009413./ phi_m, min: 0.000000 at y = 3.790000


phi_m, max: -0.000000 at y = 1.900000./ phi_m, min: -0.001153 at y = 1.905168
phi_m, max: -0.000000 at y = 1.900000./ phi_m, min: -0.001162 at y = 1.905168
phi_m, max: 0.001996 at y = 1.728571./ phi_m, min: -0.001050 at y = 1.963787
phi_m, max: 2.391697 at y = 1.728571./ phi_m, min: 0.000000 at y = 1.900000
phi_m, max: 115.332297 at y = 1.900587./ phi_m, min: 0.000000 at y = 1.900000
phi_m, max: 111.987642 at y = 1.909413./ phi_m, min: 0.000000 at y = 1.900000
phi_m, max: 96.831898 at y = 1.963787./ phi_m, min: 0.000000 at y = 1.900000
phi_m, max: 77.525785 at y = 1.963787./ phi_m, min: 0.000000 at y = 1.900000
phi_m, max: 57.643122 at y = 1.963787./ phi_m, min: 0.000000 at y = 1.900000
phi_m, max: 39.994060 at y = 1.963787./ phi_m, min: 0.000000 at y = 1.900000
phi_m, max: 20.373222 at y = 1.963787./ phi_m, min: 0.000000 at y = 1.900000
phi_m, max: 3.434113 at y = 1.963787./ phi_m, min: 0.000000 at y = 1.900000


phi_m, max: 27.072587 at y = 0.440000./ phi_m, min: 0.000000 at y = 0.430000
phi_m, max: 115.962318 at y = 0.646426./ phi_m, min: 0.000000 at y = 0.430000
phi_m, max: 107.497158 at y = 0.649413./ phi_m, min: 0.000000 at y = 0.430000
phi_m, max: 90.342674 at y = 0.650000./ phi_m, min: 0.000000 at y = 0.430000
phi_m, max: 70.397993 at y = 0.650000./ phi_m, min: 0.000000 at y = 0.430000
phi_m, max: 51.059040 at y = 0.650000./ phi_m, min: 0.000000 at y = 0.430000
phi_m, max: 33.834448 at y = 0.650000./ phi_m, min: 0.000000 at y = 0.430000
phi_m, max: 12.186847 at y = 0.650000./ phi_m, min: 0.000000 at y = 0.430000
phi_m, max: 1.438481 at y = 0.650000./ phi_m, min: -0.000000 at y = 0.430000
phi_m, max: -0.000000 at y = 0.430000./ phi_m, min: -0.254718 at y = 0.440000
phi_m, max: -0.000000 at y = 0.430000./ phi_m, min: -0.401004 at y = 0.440000
phi_m, max: -0.000000 at y = 0.430000./ phi_m, min: -0.476110 at y = 0.440000


phi_m, max: -0.000000 at y = 3.370000./ phi_m, min: -0.001153 at y = 3.375168
phi_m, max: -0.000000 at y = 3.370000./ phi_m, min: -0.001162 at y = 3.374832
phi_m, max: -0.000000 at y = 3.370000./ phi_m, min: -0.001153 at y = 3.374832
phi_m, max: -0.000000 at y = 3.370000./ phi_m, min: -0.001143 at y = 3.375168
phi_m, max: -0.000000 at y = 3.370000./ phi_m, min: -0.001133 at y = 3.375168
phi_m, max: -0.000000 at y = 3.370000./ phi_m, min: -0.001124 at y = 3.375168
phi_m, max: 0.003593 at y = 3.341429./ phi_m, min: -0.000974 at y = 3.551429
phi_m, max: 3.468323 at y = 3.341429./ phi_m, min: 0.000000 at y = 3.370000
phi_m, max: 115.812488 at y = 3.371624./ phi_m, min: 0.000000 at y = 3.370000
phi_m, max: 111.118954 at y = 3.551429./ phi_m, min: 0.000000 at y = 3.370000
phi_m, max: 95.858603 at y = 3.551429./ phi_m, min: 0.000000 at y = 3.370000
phi_m, max: 76.404143 at y = 3.551429./ phi_m, min: 0.000000 at y = 3.370000


phi_m, max: -0.000000 at y = 1.518571./ phi_m, min: -0.001153 at y = 1.695168
phi_m, max: -0.000000 at y = 1.518571./ phi_m, min: -0.001147 at y = 1.696787
phi_m, max: 0.131643 at y = 1.490000./ phi_m, min: 0.000000 at y = 1.518571
phi_m, max: 83.454072 at y = 1.490000./ phi_m, min: 0.000000 at y = 1.518571
phi_m, max: 115.553562 at y = 1.698376./ phi_m, min: 0.000000 at y = 1.518571
phi_m, max: 104.324704 at y = 1.699413./ phi_m, min: 0.000000 at y = 1.518571
phi_m, max: 86.263429 at y = 1.728571./ phi_m, min: 0.000000 at y = 1.518571
phi_m, max: 66.214197 at y = 1.728571./ phi_m, min: 0.000000 at y = 1.518571
phi_m, max: 47.401587 at y = 1.728571./ phi_m, min: 0.000000 at y = 1.518571
phi_m, max: 29.961206 at y = 1.728571./ phi_m, min: 0.000000 at y = 1.518571
phi_m, max: 8.483434 at y = 1.728571./ phi_m, min: 0.000000 at y = 1.518571
phi_m, max: 0.832583 at y = 1.728571./ phi_m, min: 0.000000 at y = 1.518571


phi_m, max: -0.000000 at y = 2.110000./ phi_m, min: -0.001153 at y = 2.115168
phi_m, max: -0.000000 at y = 2.110000./ phi_m, min: -0.001162 at y = 2.115168
phi_m, max: -0.000000 at y = 2.110000./ phi_m, min: -0.001146 at y = 2.116367
phi_m, max: 0.057853 at y = 1.938571./ phi_m, min: 0.000000 at y = 2.110000
phi_m, max: 49.175436 at y = 1.938571./ phi_m, min: 0.000000 at y = 2.110000
phi_m, max: 115.860600 at y = 2.117458./ phi_m, min: 0.000000 at y = 2.110000
phi_m, max: 106.118442 at y = 2.119413./ phi_m, min: 0.000000 at y = 2.110000
phi_m, max: 88.582685 at y = 2.177143./ phi_m, min: 0.000000 at y = 2.110000
phi_m, max: 68.627146 at y = 2.177143./ phi_m, min: 0.000000 at y = 2.110000
phi_m, max: 49.523746 at y = 2.177143./ phi_m, min: 0.000000 at y = 2.110000
phi_m, max: 32.304950 at y = 2.177143./ phi_m, min: 0.000000 at y = 2.110000
phi_m, max: 10.640397 at y = 2.177143./ phi_m, min: 0.000000 at y = 2.110000


phi_m, max: -0.000000 at y = 2.950000./ phi_m, min: -0.001153 at y = 2.954832
phi_m, max: -0.000000 at y = 2.950000./ phi_m, min: -0.001162 at y = 2.955168
phi_m, max: -0.000000 at y = 2.950000./ phi_m, min: -0.001153 at y = 2.955168
phi_m, max: -0.000000 at y = 2.950000./ phi_m, min: -0.001143 at y = 2.955168
phi_m, max: -0.000000 at y = 2.950000./ phi_m, min: -0.001131 at y = 2.955449
phi_m, max: 0.011849 at y = 2.807143./ phi_m, min: -0.000792 at y = 3.045714
phi_m, max: 9.518874 at y = 2.807143./ phi_m, min: 0.000000 at y = 2.950000
phi_m, max: 115.909075 at y = 2.953633./ phi_m, min: 0.000000 at y = 2.950000
phi_m, max: 109.405803 at y = 2.959413./ phi_m, min: 0.000000 at y = 2.950000
phi_m, max: 93.087542 at y = 3.045714./ phi_m, min: 0.000000 at y = 2.950000
phi_m, max: 73.417630 at y = 3.045714./ phi_m, min: 0.000000 at y = 2.950000
phi_m, max: 53.828578 at y = 3.045714./ phi_m, min: 0.000000 at y = 2.950000


phi_m, max: -0.000000 at y = 2.740000./ phi_m, min: -0.001153 at y = 2.744832
phi_m, max: -0.000000 at y = 2.740000./ phi_m, min: -0.001162 at y = 2.745168
phi_m, max: -0.000000 at y = 2.740000./ phi_m, min: -0.001153 at y = 2.745168
phi_m, max: -0.000000 at y = 2.740000./ phi_m, min: -0.001143 at y = 2.745168
phi_m, max: -0.000000 at y = 2.740000./ phi_m, min: -0.001093 at y = 2.748825
phi_m, max: 0.524967 at y = 2.597143./ phi_m, min: 0.000000 at y = 2.740000
phi_m, max: 110.624607 at y = 2.597143./ phi_m, min: 0.000000 at y = 2.740000
phi_m, max: 114.210398 at y = 2.749413./ phi_m, min: 0.000000 at y = 2.740000
phi_m, max: 100.939700 at y = 2.835714./ phi_m, min: 0.000000 at y = 2.740000
phi_m, max: 82.293646 at y = 2.835714./ phi_m, min: 0.000000 at y = 2.740000
phi_m, max: 62.267718 at y = 2.835714./ phi_m, min: 0.000000 at y = 2.740000
phi_m, max: 44.011144 at y = 2.835714./ phi_m, min: 0.000000 at y = 2.740000


phi_m, max: 112.624926 at y = 0.018213./ phi_m, min: 0.000000 at y = -0.010000
phi_m, max: 97.591567 at y = 0.018213./ phi_m, min: 0.000000 at y = -0.010000
phi_m, max: 78.306002 at y = 0.134286./ phi_m, min: 0.000000 at y = -0.010000
phi_m, max: 58.476535 at y = 0.134286./ phi_m, min: 0.000000 at y = -0.010000
phi_m, max: 40.847335 at y = 0.134286./ phi_m, min: 0.000000 at y = -0.010000
phi_m, max: 22.173906 at y = 0.134286./ phi_m, min: 0.000000 at y = -0.010000
phi_m, max: 4.093920 at y = 0.134286./ phi_m, min: 0.000000 at y = -0.010000
phi_m, max: 0.290113 at y = 0.006787./ phi_m, min: 0.000000 at y = -0.010000
phi_m, max: -0.000000 at y = -0.010000./ phi_m, min: -0.210813 at y = 0.134286
phi_m, max: -0.000000 at y = -0.010000./ phi_m, min: -0.366509 at y = 0.134286
phi_m, max: -0.000000 at y = -0.010000./ phi_m, min: -0.450270 at y = 0.134286
phi_m, max: -0.000000 at y = -0.010000./ phi_m, min: -0.489887 at y = 0.134286


phi_m, max: 18.893457 at y = 0.640000./ phi_m, min: 0.000000 at y = 0.650000
phi_m, max: 115.962318 at y = 0.646426./ phi_m, min: 0.000000 at y = 0.650000
phi_m, max: 114.048495 at y = 0.859413./ phi_m, min: 0.000000 at y = 0.650000
phi_m, max: 100.508078 at y = 0.860000./ phi_m, min: 0.000000 at y = 0.650000
phi_m, max: 81.653519 at y = 0.860000./ phi_m, min: 0.000000 at y = 0.650000
phi_m, max: 61.572365 at y = 0.860000./ phi_m, min: 0.000000 at y = 0.650000
phi_m, max: 43.380144 at y = 0.860000./ phi_m, min: 0.000000 at y = 0.650000
phi_m, max: 24.950151 at y = 0.860000./ phi_m, min: 0.000000 at y = 0.650000
phi_m, max: 5.252657 at y = 0.860000./ phi_m, min: 0.000000 at y = 0.650000
phi_m, max: 0.387205 at y = 0.860000./ phi_m, min: -0.241736 at y = 0.640000
phi_m, max: -0.000000 at y = 0.650000./ phi_m, min: -0.395019 at y = 0.640000
phi_m, max: -0.000000 at y = 0.650000./ phi_m, min: -0.473778 at y = 0.640587


phi_m, max: 114.270515 at y = 0.430587./ phi_m, min: -0.001124 at y = 3.198571
phi_m, max: 112.995228 at y = 0.439413./ phi_m, min: -0.001133 at y = 3.341429
phi_m, max: 98.507055 at y = 0.440000./ phi_m, min: -0.001125 at y = 3.341429
phi_m, max: 79.334432 at y = 0.440000./ phi_m, min: -0.001114 at y = 3.341429
phi_m, max: 59.322314 at y = 0.440000./ phi_m, min: -0.001105 at y = 3.341429
phi_m, max: 41.434949 at y = 0.440000./ phi_m, min: -0.001090 at y = 3.341429
phi_m, max: 22.296643 at y = 0.440000./ phi_m, min: 0.000000 at y = 0.430000
phi_m, max: 4.480422 at y = 3.198571./ phi_m, min: 0.000000 at y = 0.430000
phi_m, max: 114.584028 at y = 3.341429./ phi_m, min: -0.112950 at y = 0.344286
phi_m, max: 103.430016 at y = 3.341429./ phi_m, min: -0.342296 at y = 0.344286
phi_m, max: 85.242653 at y = 3.341429./ phi_m, min: -0.444503 at y = 0.344286
phi_m, max: 65.177600 at y = 3.341429./ phi_m, min: -0.498707 at y = 0.431624


phi_m, max: -0.000000 at y = 5.928571./ phi_m, min: -0.001153 at y = 6.105168
phi_m, max: -0.000000 at y = 5.928571./ phi_m, min: -0.001162 at y = 6.105168
phi_m, max: -0.000000 at y = 5.928571./ phi_m, min: -0.001154 at y = 6.105168
phi_m, max: -0.000000 at y = 5.928571./ phi_m, min: -0.001143 at y = 6.105168
phi_m, max: -0.000000 at y = 5.928571./ phi_m, min: -0.001133 at y = 6.105168
phi_m, max: -0.000000 at y = 5.928571./ phi_m, min: -0.001125 at y = 6.105168
phi_m, max: -0.000000 at y = 5.928571./ phi_m, min: -0.001118 at y = 6.105168
phi_m, max: -0.000000 at y = 5.928571./ phi_m, min: -0.001111 at y = 6.105168
phi_m, max: -0.000000 at y = 5.928571./ phi_m, min: -0.001106 at y = 6.105168
phi_m, max: -0.000000 at y = 5.928571./ phi_m, min: -0.001101 at y = 6.105168
phi_m, max: -0.000000 at y = 5.928571./ phi_m, min: -0.001097 at y = 6.105168
phi_m, max: -0.000000 at y = 5.928571./ phi_m, min: -0.001093 at y = 6.105168


phi_m, max: -0.000000 at y = 6.310000./ phi_m, min: -0.001162 at y = 6.318213
phi_m, max: -0.000000 at y = 6.310000./ phi_m, min: -0.001171 at y = 6.318213
phi_m, max: -0.000000 at y = 6.310000./ phi_m, min: -0.001162 at y = 6.318213
phi_m, max: -0.000000 at y = 6.310000./ phi_m, min: -0.001152 at y = 6.318213
phi_m, max: -0.000000 at y = 6.310000./ phi_m, min: -0.001142 at y = 6.318213
phi_m, max: -0.000000 at y = 6.310000./ phi_m, min: -0.001133 at y = 6.318213
phi_m, max: -0.000000 at y = 6.310000./ phi_m, min: -0.001126 at y = 6.318213
phi_m, max: -0.000000 at y = 6.310000./ phi_m, min: -0.001120 at y = 6.318213
phi_m, max: -0.000000 at y = 6.310000./ phi_m, min: -0.001114 at y = 6.318213
phi_m, max: -0.000000 at y = 6.310000./ phi_m, min: -0.001109 at y = 6.318213
phi_m, max: -0.000000 at y = 6.310000./ phi_m, min: -0.001105 at y = 6.318213
phi_m, max: -0.000000 at y = 6.310000./ phi_m, min: -0.001102 at y = 6.318213


phi_m, max: -0.000000 at y = 5.480000./ phi_m, min: -0.001153 at y = 5.685168
phi_m, max: -0.000000 at y = 5.480000./ phi_m, min: -0.001162 at y = 5.685168
phi_m, max: -0.000000 at y = 5.480000./ phi_m, min: -0.001153 at y = 5.685168
phi_m, max: -0.000000 at y = 5.480000./ phi_m, min: -0.001143 at y = 5.685168
phi_m, max: -0.000000 at y = 5.480000./ phi_m, min: -0.001133 at y = 5.685168
phi_m, max: -0.000000 at y = 5.480000./ phi_m, min: -0.001125 at y = 5.685168
phi_m, max: -0.000000 at y = 5.480000./ phi_m, min: -0.001117 at y = 5.685168
phi_m, max: -0.000000 at y = 5.480000./ phi_m, min: -0.001111 at y = 5.685168
phi_m, max: -0.000000 at y = 5.480000./ phi_m, min: -0.001106 at y = 5.685168
phi_m, max: -0.000000 at y = 5.480000./ phi_m, min: -0.001101 at y = 5.685168
phi_m, max: -0.000000 at y = 5.480000./ phi_m, min: -0.001097 at y = 5.685168
phi_m, max: -0.000000 at y = 5.480000./ phi_m, min: -0.001093 at y = 5.685168


phi_m, max: -0.000000 at y = 3.971429./ phi_m, min: -0.001126 at y = 4.000000
phi_m, max: -0.000000 at y = 3.971429./ phi_m, min: -0.001135 at y = 4.210000
phi_m, max: -0.000000 at y = 3.971429./ phi_m, min: -0.001127 at y = 4.210000
phi_m, max: -0.000000 at y = 3.971429./ phi_m, min: -0.001116 at y = 4.210000
phi_m, max: -0.000000 at y = 3.971429./ phi_m, min: -0.001107 at y = 4.210000
phi_m, max: -0.000000 at y = 3.971429./ phi_m, min: -0.001099 at y = 4.210000
phi_m, max: -0.000000 at y = 3.971429./ phi_m, min: -0.001091 at y = 4.210000
phi_m, max: -0.000000 at y = 3.971429./ phi_m, min: -0.001084 at y = 4.210000
phi_m, max: 0.046448 at y = 3.885714./ phi_m, min: -0.000136 at y = 4.210000
phi_m, max: 39.483976 at y = 3.885714./ phi_m, min: 0.000000 at y = 3.971429
phi_m, max: 114.258289 at y = 4.010000./ phi_m, min: 0.000000 at y = 3.971429
phi_m, max: 107.235335 at y = 4.210000./ phi_m, min: 0.000000 at y = 3.971429


phi_m, max: -0.000000 at y = 4.850000./ phi_m, min: -0.001153 at y = 5.055168
phi_m, max: -0.000000 at y = 4.850000./ phi_m, min: -0.001162 at y = 4.844832
phi_m, max: -0.000000 at y = 4.850000./ phi_m, min: -0.001153 at y = 4.844832
phi_m, max: -0.000000 at y = 4.850000./ phi_m, min: -0.001143 at y = 4.844832
phi_m, max: -0.000000 at y = 4.850000./ phi_m, min: -0.001133 at y = 4.844832
phi_m, max: -0.000000 at y = 4.850000./ phi_m, min: -0.001125 at y = 4.844832
phi_m, max: -0.000000 at y = 4.850000./ phi_m, min: -0.001117 at y = 4.844832
phi_m, max: -0.000000 at y = 4.850000./ phi_m, min: -0.001111 at y = 5.054832
phi_m, max: -0.000000 at y = 4.850000./ phi_m, min: -0.001106 at y = 5.055168
phi_m, max: -0.000000 at y = 4.850000./ phi_m, min: -0.001101 at y = 5.055168
phi_m, max: 0.007533 at y = 4.840000./ phi_m, min: -0.001075 at y = 5.057458
phi_m, max: 6.350398 at y = 4.840000./ phi_m, min: 0.000000 at y = 4.850000


phi_m, max: -0.000000 at y = 4.210000./ phi_m, min: -0.001153 at y = 4.215168
phi_m, max: -0.000000 at y = 4.210000./ phi_m, min: -0.001162 at y = 4.214832
phi_m, max: -0.000000 at y = 4.210000./ phi_m, min: -0.001153 at y = 4.214832
phi_m, max: -0.000000 at y = 4.210000./ phi_m, min: -0.001143 at y = 4.214832
phi_m, max: -0.000000 at y = 4.210000./ phi_m, min: -0.001133 at y = 4.214832
phi_m, max: -0.000000 at y = 4.210000./ phi_m, min: -0.001125 at y = 4.215168
phi_m, max: -0.000000 at y = 4.210000./ phi_m, min: -0.001117 at y = 4.215168
phi_m, max: -0.000000 at y = 4.210000./ phi_m, min: -0.001111 at y = 4.215168
phi_m, max: -0.000000 at y = 4.210000./ phi_m, min: -0.001057 at y = 4.420000
phi_m, max: 0.785040 at y = 4.210000./ phi_m, min: 0.000000 at y = 4.210000
phi_m, max: 113.282362 at y = 4.210000./ phi_m, min: 0.000000 at y = 4.210000
phi_m, max: 113.637488 at y = 4.420000./ phi_m, min: 0.000000 at y = 4.210000


phi_m, max: -0.000000 at y = 1.480000./ phi_m, min: -0.001152 at y = 1.485168
phi_m, max: 0.005816 at y = 1.308571./ phi_m, min: -0.000962 at y = 1.518571
phi_m, max: 5.150036 at y = 1.308571./ phi_m, min: 0.000000 at y = 1.480000
phi_m, max: 115.881761 at y = 1.481624./ phi_m, min: 0.000000 at y = 1.480000
phi_m, max: 110.628864 at y = 1.489413./ phi_m, min: 0.000000 at y = 1.480000
phi_m, max: 94.697881 at y = 1.490000./ phi_m, min: 0.000000 at y = 1.480000
phi_m, max: 75.119998 at y = 1.518571./ phi_m, min: 0.000000 at y = 1.480000
phi_m, max: 55.371945 at y = 1.518571./ phi_m, min: 0.000000 at y = 1.480000
phi_m, max: 37.955804 at y = 1.518571./ phi_m, min: 0.000000 at y = 1.480000
phi_m, max: 17.479702 at y = 1.518571./ phi_m, min: 0.000000 at y = 1.480000
phi_m, max: 2.588111 at y = 1.518571./ phi_m, min: 0.000000 at y = 1.480000
phi_m, max: 0.060715 at y = 1.518571./ phi_m, min: -0.194830 at y = 1.308571


phi_m, max: 0.015271 at y = 0.860000./ phi_m, min: -0.000723 at y = 1.070000
phi_m, max: 12.013272 at y = 0.860000./ phi_m, min: 0.000000 at y = 0.888571
phi_m, max: 115.904112 at y = 1.063633./ phi_m, min: 0.000000 at y = 0.888571
phi_m, max: 109.137075 at y = 1.069413./ phi_m, min: 0.000000 at y = 0.888571
phi_m, max: 92.540970 at y = 1.070000./ phi_m, min: 0.000000 at y = 0.888571
phi_m, max: 72.734563 at y = 1.070000./ phi_m, min: 0.000000 at y = 0.888571
phi_m, max: 53.159701 at y = 1.070000./ phi_m, min: 0.000000 at y = 0.888571
phi_m, max: 35.884004 at y = 1.070000./ phi_m, min: 0.000000 at y = 0.888571
phi_m, max: 14.654216 at y = 1.070000./ phi_m, min: 0.000000 at y = 0.888571
phi_m, max: 1.922336 at y = 1.070000./ phi_m, min: 0.000000 at y = 0.888571
phi_m, max: -0.000000 at y = 0.888571./ phi_m, min: -0.228129 at y = 0.860000
phi_m, max: -0.000000 at y = 0.888571./ phi_m, min: -0.388670 at y = 0.860000


phi_m, max: -0.000000 at y = 1.270000./ phi_m, min: -0.001127 at y = 1.278213
phi_m, max: 0.294549 at y = 1.070000./ phi_m, min: 0.000000 at y = 1.270000
phi_m, max: 104.482222 at y = 1.070000./ phi_m, min: 0.000000 at y = 1.270000
phi_m, max: 114.883380 at y = 1.278376./ phi_m, min: 0.000000 at y = 1.270000
phi_m, max: 102.444573 at y = 1.279413./ phi_m, min: 0.000000 at y = 1.270000
phi_m, max: 83.985286 at y = 1.308571./ phi_m, min: 0.000000 at y = 1.270000
phi_m, max: 63.914494 at y = 1.308571./ phi_m, min: 0.000000 at y = 1.270000
phi_m, max: 45.412957 at y = 1.308571./ phi_m, min: 0.000000 at y = 1.270000
phi_m, max: 27.604317 at y = 1.308571./ phi_m, min: 0.000000 at y = 1.270000
phi_m, max: 6.773419 at y = 1.308571./ phi_m, min: 0.000000 at y = 1.270000
phi_m, max: 0.588895 at y = 1.308571./ phi_m, min: -0.019858 at y = 1.070000
phi_m, max: -0.000000 at y = 1.270000./ phi_m, min: -0.314857 at y = 1.070000


phi_m, max: -0.000000 at y = 2.320000./ phi_m, min: -0.001153 at y = 2.324832
phi_m, max: -0.000000 at y = 2.320000./ phi_m, min: -0.001162 at y = 2.325168
phi_m, max: -0.000000 at y = 2.320000./ phi_m, min: -0.001153 at y = 2.325168
phi_m, max: 0.000273 at y = 2.177143./ phi_m, min: -0.001080 at y = 2.415714
phi_m, max: 1.166355 at y = 2.177143./ phi_m, min: 0.000000 at y = 2.320000
phi_m, max: 113.944591 at y = 2.177143./ phi_m, min: 0.000000 at y = 2.320000
phi_m, max: 113.192391 at y = 2.329413./ phi_m, min: 0.000000 at y = 2.320000
phi_m, max: 98.972318 at y = 2.415714./ phi_m, min: 0.000000 at y = 2.320000
phi_m, max: 79.987674 at y = 2.415714./ phi_m, min: 0.000000 at y = 2.320000
phi_m, max: 60.012911 at y = 2.415714./ phi_m, min: 0.000000 at y = 2.320000
phi_m, max: 42.066435 at y = 2.415714./ phi_m, min: 0.000000 at y = 2.320000
phi_m, max: 23.287092 at y = 2.415714./ phi_m, min: 0.000000 at y = 2.320000


phi_m, max: -0.000000 at y = 5.050000./ phi_m, min: -0.001153 at y = 5.055168
phi_m, max: -0.000000 at y = 5.050000./ phi_m, min: -0.001162 at y = 5.475168
phi_m, max: -0.000000 at y = 5.050000./ phi_m, min: -0.001153 at y = 5.475168
phi_m, max: -0.000000 at y = 5.050000./ phi_m, min: -0.001143 at y = 5.475168
phi_m, max: -0.000000 at y = 5.050000./ phi_m, min: -0.001133 at y = 5.475168
phi_m, max: -0.000000 at y = 5.050000./ phi_m, min: -0.001125 at y = 5.475168
phi_m, max: -0.000000 at y = 5.050000./ phi_m, min: -0.001117 at y = 5.475168
phi_m, max: -0.000000 at y = 5.050000./ phi_m, min: -0.001111 at y = 5.475168
phi_m, max: -0.000000 at y = 5.050000./ phi_m, min: -0.001106 at y = 5.475168
phi_m, max: -0.000000 at y = 5.050000./ phi_m, min: -0.001101 at y = 5.475168
phi_m, max: -0.000000 at y = 5.050000./ phi_m, min: -0.001097 at y = 5.475168
phi_m, max: 0.155257 at y = 5.050000./ phi_m, min: -0.001081 at y = 5.476787


phi_m, max: -0.000000 at y = 4.420000./ phi_m, min: -0.001153 at y = 4.424832
phi_m, max: -0.000000 at y = 4.420000./ phi_m, min: -0.001162 at y = 4.425168
phi_m, max: -0.000000 at y = 4.420000./ phi_m, min: -0.001153 at y = 4.425168
phi_m, max: -0.000000 at y = 4.420000./ phi_m, min: -0.001143 at y = 4.425168
phi_m, max: -0.000000 at y = 4.420000./ phi_m, min: -0.001133 at y = 4.425168
phi_m, max: -0.000000 at y = 4.420000./ phi_m, min: -0.001125 at y = 4.425168
phi_m, max: -0.000000 at y = 4.420000./ phi_m, min: -0.001117 at y = 4.425168
phi_m, max: -0.000000 at y = 4.420000./ phi_m, min: -0.001111 at y = 4.425168
phi_m, max: -0.000000 at y = 4.420000./ phi_m, min: -0.001102 at y = 4.425587
phi_m, max: 0.019432 at y = 4.391429./ phi_m, min: -0.000599 at y = 4.630000
phi_m, max: 15.051283 at y = 4.391429./ phi_m, min: 0.000000 at y = 4.420000
phi_m, max: 115.933807 at y = 4.426426./ phi_m, min: 0.000000 at y = 4.420000


phi_m, max: -0.000000 at y = 2.358571./ phi_m, min: -0.001153 at y = 2.535168
phi_m, max: -0.000000 at y = 2.358571./ phi_m, min: -0.001162 at y = 2.535168
phi_m, max: -0.000000 at y = 2.358571./ phi_m, min: -0.001153 at y = 2.535168
phi_m, max: -0.000000 at y = 2.358571./ phi_m, min: -0.001139 at y = 2.535587
phi_m, max: 0.027657 at y = 2.387143./ phi_m, min: -0.000395 at y = 2.597143
phi_m, max: 21.375315 at y = 2.387143./ phi_m, min: 0.000000 at y = 2.358571
phi_m, max: 115.959152 at y = 2.536426./ phi_m, min: 0.000000 at y = 2.358571
phi_m, max: 107.815821 at y = 2.539413./ phi_m, min: 0.000000 at y = 2.358571
phi_m, max: 90.799157 at y = 2.597143./ phi_m, min: 0.000000 at y = 2.358571
phi_m, max: 70.952776 at y = 2.597143./ phi_m, min: 0.000000 at y = 2.358571
phi_m, max: 51.589745 at y = 2.597143./ phi_m, min: 0.000000 at y = 2.358571
phi_m, max: 34.406092 at y = 2.597143./ phi_m, min: 0.000000 at y = 2.358571


phi_m, max: -0.000000 at y = 5.260000./ phi_m, min: -0.001153 at y = 5.264832
phi_m, max: -0.000000 at y = 5.260000./ phi_m, min: -0.001162 at y = 5.265168
phi_m, max: -0.000000 at y = 5.260000./ phi_m, min: -0.001153 at y = 5.265168
phi_m, max: -0.000000 at y = 5.260000./ phi_m, min: -0.001143 at y = 5.265168
phi_m, max: -0.000000 at y = 5.260000./ phi_m, min: -0.001133 at y = 5.265168
phi_m, max: -0.000000 at y = 5.260000./ phi_m, min: -0.001125 at y = 5.265168
phi_m, max: -0.000000 at y = 5.260000./ phi_m, min: -0.001117 at y = 5.265168
phi_m, max: -0.000000 at y = 5.260000./ phi_m, min: -0.001111 at y = 5.265168
phi_m, max: -0.000000 at y = 5.260000./ phi_m, min: -0.001106 at y = 5.265168
phi_m, max: -0.000000 at y = 5.260000./ phi_m, min: -0.001101 at y = 5.265168
phi_m, max: -0.000000 at y = 5.260000./ phi_m, min: -0.001096 at y = 5.265168
phi_m, max: 0.004417 at y = 5.063356./ phi_m, min: -0.000936 at y = 5.298571


phi_m, max: 115.829979 at y = 0.228213./ phi_m, min: 0.000000 at y = 0.220000
phi_m, max: 105.912401 at y = 0.344286./ phi_m, min: 0.000000 at y = 0.220000
phi_m, max: 88.488870 at y = 0.344286./ phi_m, min: 0.000000 at y = 0.220000
phi_m, max: 68.543274 at y = 0.344286./ phi_m, min: 0.000000 at y = 0.220000
phi_m, max: 49.456652 at y = 0.344286./ phi_m, min: 0.000000 at y = 0.220000
phi_m, max: 32.251607 at y = 0.344286./ phi_m, min: 0.000000 at y = 0.220000
phi_m, max: 10.619790 at y = 0.344286./ phi_m, min: 0.000000 at y = 0.220000
phi_m, max: 1.168794 at y = 0.344286./ phi_m, min: 0.000000 at y = 0.220000
phi_m, max: -0.000000 at y = 0.220000./ phi_m, min: -0.218211 at y = 0.221175
phi_m, max: -0.000000 at y = 0.220000./ phi_m, min: -0.379595 at y = 0.221787
phi_m, max: -0.000000 at y = 0.220000./ phi_m, min: -0.466319 at y = 0.223213
phi_m, max: -0.000000 at y = 0.220000./ phi_m, min: -0.508923 at y = 0.224490


Writing: "Fiber2DEphapticPlaneL6Isolated_12.chk"
 (0.0022722s, XML)
phi_m, max: -0.000000 at y = 3.370000./ phi_m, min: -0.001153 at y = 3.375168
phi_m, max: -0.000000 at y = 3.370000./ phi_m, min: -0.001162 at y = 3.374832
phi_m, max: -0.000000 at y = 3.370000./ phi_m, min: -0.001153 at y = 3.374832
phi_m, max: -0.000000 at y = 3.370000./ phi_m, min: -0.001143 at y = 3.375168
phi_m, max: -0.000000 at y = 3.370000./ phi_m, min: -0.001133 at y = 3.375168
phi_m, max: -0.000000 at y = 3.370000./ phi_m, min: -0.001124 at y = 3.375168
phi_m, max: 0.003593 at y = 3.341429./ phi_m, min: -0.000974 at y = 3.551429
phi_m, max: 3.468323 at y = 3.341429./ phi_m, min: 0.000000 at y = 3.370000
phi_m, max: 115.812488 at y = 3.371624./ phi_m, min: 0.000000 at y = 3.370000
phi_m, max: 111.118954 at y = 3.551429./ phi_m, min: 0.000000 at y = 3.370000
phi_m, max: 95.858603 at y = 3.551429./ phi_m, min: 0.000000 at y = 3.370000
phi_m, max: 76.404143 at y = 3.551429./ phi_m, min: 0.000000 at y = 3.370000
phi_m, max: 56.568970 at y = 3.551429./ phi_m, min: 0.000000 at y = 3.370000


phi_m, max: -0.000000 at y = 1.518571./ phi_m, min: -0.001153 at y = 1.695168
phi_m, max: -0.000000 at y = 1.518571./ phi_m, min: -0.001147 at y = 1.696787
phi_m, max: 0.131643 at y = 1.490000./ phi_m, min: 0.000000 at y = 1.518571
phi_m, max: 83.454072 at y = 1.490000./ phi_m, min: 0.000000 at y = 1.518571
phi_m, max: 115.553562 at y = 1.698376./ phi_m, min: 0.000000 at y = 1.518571
phi_m, max: 104.324704 at y = 1.699413./ phi_m, min: 0.000000 at y = 1.518571
phi_m, max: 86.263429 at y = 1.728571./ phi_m, min: 0.000000 at y = 1.518571
phi_m, max: 66.214197 at y = 1.728571./ phi_m, min: 0.000000 at y = 1.518571
phi_m, max: 47.401587 at y = 1.728571./ phi_m, min: 0.000000 at y = 1.518571
phi_m, max: 29.961206 at y = 1.728571./ phi_m, min: 0.000000 at y = 1.518571
phi_m, max: 8.483434 at y = 1.728571./ phi_m, min: 0.000000 at y = 1.518571
phi_m, max: 0.832583 at y = 1.728571./ phi_m, min: 0.000000 at y = 1.518571
phi_m, max: -0.000000 at y = 1.518571./ phi_m, min: -0.295360 at y = 1.490000


phi_m, max: -0.000000 at y = 2.110000./ phi_m, min: -0.001153 at y = 2.115168
phi_m, max: -0.000000 at y = 2.110000./ phi_m, min: -0.001162 at y = 2.115168
phi_m, max: -0.000000 at y = 2.110000./ phi_m, min: -0.001146 at y = 2.116367
phi_m, max: 0.057853 at y = 1.938571./ phi_m, min: 0.000000 at y = 2.110000
phi_m, max: 49.175436 at y = 1.938571./ phi_m, min: 0.000000 at y = 2.110000
phi_m, max: 115.860600 at y = 2.117458./ phi_m, min: 0.000000 at y = 2.110000
phi_m, max: 106.118442 at y = 2.119413./ phi_m, min: 0.000000 at y = 2.110000
phi_m, max: 88.582685 at y = 2.177143./ phi_m, min: 0.000000 at y = 2.110000
phi_m, max: 68.627146 at y = 2.177143./ phi_m, min: 0.000000 at y = 2.110000
phi_m, max: 49.523746 at y = 2.177143./ phi_m, min: 0.000000 at y = 2.110000
phi_m, max: 32.304950 at y = 2.177143./ phi_m, min: 0.000000 at y = 2.110000
phi_m, max: 10.640397 at y = 2.177143./ phi_m, min: 0.000000 at y = 2.110000
phi_m, max: 1.172477 at y = 2.177143./ phi_m, min: 0.000000 at y = 2.110000


phi_m, max: -0.000000 at y = 2.950000./ phi_m, min: -0.001153 at y = 2.954832
phi_m, max: -0.000000 at y = 2.950000./ phi_m, min: -0.001162 at y = 2.955168
phi_m, max: -0.000000 at y = 2.950000./ phi_m, min: -0.001153 at y = 2.955168
phi_m, max: -0.000000 at y = 2.950000./ phi_m, min: -0.001143 at y = 2.955168
phi_m, max: -0.000000 at y = 2.950000./ phi_m, min: -0.001131 at y = 2.955449
phi_m, max: 0.011849 at y = 2.807143./ phi_m, min: -0.000792 at y = 3.045714
phi_m, max: 9.518874 at y = 2.807143./ phi_m, min: 0.000000 at y = 2.950000
phi_m, max: 115.909075 at y = 2.953633./ phi_m, min: 0.000000 at y = 2.950000
phi_m, max: 109.405803 at y = 2.959413./ phi_m, min: 0.000000 at y = 2.950000
phi_m, max: 93.087542 at y = 3.045714./ phi_m, min: 0.000000 at y = 2.950000
phi_m, max: 73.417630 at y = 3.045714./ phi_m, min: 0.000000 at y = 2.950000
phi_m, max: 53.828578 at y = 3.045714./ phi_m, min: 0.000000 at y = 2.950000
phi_m, max: 36.556644 at y = 3.045714./ phi_m, min: 0.000000 at y = 2.950000


phi_m, max: -0.000000 at y = 5.260000./ phi_m, min: -0.001153 at y = 5.264832
phi_m, max: -0.000000 at y = 5.260000./ phi_m, min: -0.001162 at y = 5.265168
phi_m, max: -0.000000 at y = 5.260000./ phi_m, min: -0.001153 at y = 5.265168
phi_m, max: -0.000000 at y = 5.260000./ phi_m, min: -0.001143 at y = 5.265168
phi_m, max: -0.000000 at y = 5.260000./ phi_m, min: -0.001133 at y = 5.265168
phi_m, max: -0.000000 at y = 5.260000./ phi_m, min: -0.001125 at y = 5.265168
phi_m, max: -0.000000 at y = 5.260000./ phi_m, min: -0.001117 at y = 5.265168
phi_m, max: -0.000000 at y = 5.260000./ phi_m, min: -0.001111 at y = 5.265168
phi_m, max: -0.000000 at y = 5.260000./ phi_m, min: -0.001106 at y = 5.265168
phi_m, max: -0.000000 at y = 5.260000./ phi_m, min: -0.001101 at y = 5.265168
phi_m, max: -0.000000 at y = 5.260000./ phi_m, min: -0.001096 at y = 5.265168
phi_m, max: 0.004417 at y = 5.063356./ phi_m, min: -0.000936 at y = 5.298571
phi_m, max: 4.065308 at y = 5.063356./ phi_m, min: 0.000000 at y = 5.260000


phi_m, max: -0.000000 at y = 2.740000./ phi_m, min: -0.001153 at y = 2.744832
phi_m, max: -0.000000 at y = 2.740000./ phi_m, min: -0.001162 at y = 2.745168
phi_m, max: -0.000000 at y = 2.740000./ phi_m, min: -0.001153 at y = 2.745168
phi_m, max: -0.000000 at y = 2.740000./ phi_m, min: -0.001143 at y = 2.745168
phi_m, max: -0.000000 at y = 2.740000./ phi_m, min: -0.001093 at y = 2.748825
phi_m, max: 0.524967 at y = 2.597143./ phi_m, min: 0.000000 at y = 2.740000
phi_m, max: 110.624607 at y = 2.597143./ phi_m, min: 0.000000 at y = 2.740000
phi_m, max: 114.210398 at y = 2.749413./ phi_m, min: 0.000000 at y = 2.740000
phi_m, max: 100.939700 at y = 2.835714./ phi_m, min: 0.000000 at y = 2.740000
phi_m, max: 82.293646 at y = 2.835714./ phi_m, min: 0.000000 at y = 2.740000
phi_m, max: 62.267718 at y = 2.835714./ phi_m, min: 0.000000 at y = 2.740000
phi_m, max: 44.011144 at y = 2.835714./ phi_m, min: 0.000000 at y = 2.740000
phi_m, max: 25.880762 at y = 2.835714./ phi_m, min: 0.000000 at y = 2.740000


phi_m, max: 112.624926 at y = 0.018213./ phi_m, min: 0.000000 at y = -0.010000
phi_m, max: 97.591567 at y = 0.018213./ phi_m, min: 0.000000 at y = -0.010000
phi_m, max: 78.306002 at y = 0.134286./ phi_m, min: 0.000000 at y = -0.010000
phi_m, max: 58.476535 at y = 0.134286./ phi_m, min: 0.000000 at y = -0.010000
phi_m, max: 40.847335 at y = 0.134286./ phi_m, min: 0.000000 at y = -0.010000
phi_m, max: 22.173906 at y = 0.134286./ phi_m, min: 0.000000 at y = -0.010000
phi_m, max: 4.093920 at y = 0.134286./ phi_m, min: 0.000000 at y = -0.010000
phi_m, max: 0.290113 at y = 0.006787./ phi_m, min: 0.000000 at y = -0.010000
phi_m, max: -0.000000 at y = -0.010000./ phi_m, min: -0.210813 at y = 0.134286
phi_m, max: -0.000000 at y = -0.010000./ phi_m, min: -0.366509 at y = 0.134286
phi_m, max: -0.000000 at y = -0.010000./ phi_m, min: -0.450270 at y = 0.134286
phi_m, max: -0.000000 at y = -0.010000./ phi_m, min: -0.489887 at y = 0.134286
phi_m, max: -0.000000 at y = -0.010000./ phi_m, min: -0.497524 at y = 0.134286


phi_m, max: 18.893457 at y = 0.640000./ phi_m, min: 0.000000 at y = 0.650000
phi_m, max: 115.962318 at y = 0.646426./ phi_m, min: 0.000000 at y = 0.650000
phi_m, max: 114.048495 at y = 0.859413./ phi_m, min: 0.000000 at y = 0.650000
phi_m, max: 100.508078 at y = 0.860000./ phi_m, min: 0.000000 at y = 0.650000
phi_m, max: 81.653519 at y = 0.860000./ phi_m, min: 0.000000 at y = 0.650000
phi_m, max: 61.572365 at y = 0.860000./ phi_m, min: 0.000000 at y = 0.650000
phi_m, max: 43.380144 at y = 0.860000./ phi_m, min: 0.000000 at y = 0.650000
phi_m, max: 24.950151 at y = 0.860000./ phi_m, min: 0.000000 at y = 0.650000
phi_m, max: 5.252657 at y = 0.860000./ phi_m, min: 0.000000 at y = 0.650000
phi_m, max: 0.387205 at y = 0.860000./ phi_m, min: -0.241736 at y = 0.640000
phi_m, max: -0.000000 at y = 0.650000./ phi_m, min: -0.395019 at y = 0.640000
phi_m, max: -0.000000 at y = 0.650000./ phi_m, min: -0.473778 at y = 0.640587
phi_m, max: -0.000000 at y = 0.650000./ phi_m, min: -0.511388 at y = 0.641624


phi_m, max: 114.270515 at y = 0.430587./ phi_m, min: -0.001124 at y = 3.198571
phi_m, max: 112.995228 at y = 0.439413./ phi_m, min: -0.001133 at y = 3.341429
phi_m, max: 98.507055 at y = 0.440000./ phi_m, min: -0.001125 at y = 3.341429
phi_m, max: 79.334432 at y = 0.440000./ phi_m, min: -0.001114 at y = 3.341429
phi_m, max: 59.322314 at y = 0.440000./ phi_m, min: -0.001105 at y = 3.341429
phi_m, max: 41.434949 at y = 0.440000./ phi_m, min: -0.001090 at y = 3.341429
phi_m, max: 22.296643 at y = 0.440000./ phi_m, min: 0.000000 at y = 0.430000
phi_m, max: 4.480422 at y = 3.198571./ phi_m, min: 0.000000 at y = 0.430000
phi_m, max: 114.584028 at y = 3.341429./ phi_m, min: -0.112950 at y = 0.344286
phi_m, max: 103.430016 at y = 3.341429./ phi_m, min: -0.342296 at y = 0.344286
phi_m, max: 85.242653 at y = 3.341429./ phi_m, min: -0.444503 at y = 0.344286
phi_m, max: 65.177600 at y = 3.341429./ phi_m, min: -0.498707 at y = 0.431624
phi_m, max: 46.502200 at y = 3.341429./ phi_m, min: -0.519414 at y = 0.433574


phi_m, max: -0.000000 at y = 5.928571./ phi_m, min: -0.001153 at y = 6.105168
phi_m, max: -0.000000 at y = 5.928571./ phi_m, min: -0.001162 at y = 6.105168
phi_m, max: -0.000000 at y = 5.928571./ phi_m, min: -0.001154 at y = 6.105168
phi_m, max: -0.000000 at y = 5.928571./ phi_m, min: -0.001143 at y = 6.105168
phi_m, max: -0.000000 at y = 5.928571./ phi_m, min: -0.001133 at y = 6.105168
phi_m, max: -0.000000 at y = 5.928571./ phi_m, min: -0.001125 at y = 6.105168
phi_m, max: -0.000000 at y = 5.928571./ phi_m, min: -0.001118 at y = 6.105168
phi_m, max: -0.000000 at y = 5.928571./ phi_m, min: -0.001111 at y = 6.105168
phi_m, max: -0.000000 at y = 5.928571./ phi_m, min: -0.001106 at y = 6.105168
phi_m, max: -0.000000 at y = 5.928571./ phi_m, min: -0.001101 at y = 6.105168
phi_m, max: -0.000000 at y = 5.928571./ phi_m, min: -0.001097 at y = 6.105168
phi_m, max: -0.000000 at y = 5.928571./ phi_m, min: -0.001093 at y = 6.105168
phi_m, max: -0.000000 at y = 5.928571./ phi_m, min: -0.001090 at y = 6.105168


phi_m, max: -0.000000 at y = 6.310000./ phi_m, min: -0.001162 at y = 6.318213
phi_m, max: -0.000000 at y = 6.310000./ phi_m, min: -0.001171 at y = 6.318213
phi_m, max: -0.000000 at y = 6.310000./ phi_m, min: -0.001162 at y = 6.318213
phi_m, max: -0.000000 at y = 6.310000./ phi_m, min: -0.001152 at y = 6.318213
phi_m, max: -0.000000 at y = 6.310000./ phi_m, min: -0.001142 at y = 6.318213
phi_m, max: -0.000000 at y = 6.310000./ phi_m, min: -0.001133 at y = 6.318213
phi_m, max: -0.000000 at y = 6.310000./ phi_m, min: -0.001126 at y = 6.318213
phi_m, max: -0.000000 at y = 6.310000./ phi_m, min: -0.001120 at y = 6.318213
phi_m, max: -0.000000 at y = 6.310000./ phi_m, min: -0.001114 at y = 6.318213
phi_m, max: -0.000000 at y = 6.310000./ phi_m, min: -0.001109 at y = 6.318213
phi_m, max: -0.000000 at y = 6.310000./ phi_m, min: -0.001105 at y = 6.318213
phi_m, max: -0.000000 at y = 6.310000./ phi_m, min: -0.001102 at y = 6.318213
phi_m, max: -0.000000 at y = 6.310000./ phi_m, min: -0.001098 at y = 6.318213


phi_m, max: -0.000000 at y = 5.480000./ phi_m, min: -0.001153 at y = 5.685168
phi_m, max: -0.000000 at y = 5.480000./ phi_m, min: -0.001162 at y = 5.685168
phi_m, max: -0.000000 at y = 5.480000./ phi_m, min: -0.001153 at y = 5.685168
phi_m, max: -0.000000 at y = 5.480000./ phi_m, min: -0.001143 at y = 5.685168
phi_m, max: -0.000000 at y = 5.480000./ phi_m, min: -0.001133 at y = 5.685168
phi_m, max: -0.000000 at y = 5.480000./ phi_m, min: -0.001125 at y = 5.685168
phi_m, max: -0.000000 at y = 5.480000./ phi_m, min: -0.001117 at y = 5.685168
phi_m, max: -0.000000 at y = 5.480000./ phi_m, min: -0.001111 at y = 5.685168
phi_m, max: -0.000000 at y = 5.480000./ phi_m, min: -0.001106 at y = 5.685168
phi_m, max: -0.000000 at y = 5.480000./ phi_m, min: -0.001101 at y = 5.685168
phi_m, max: -0.000000 at y = 5.480000./ phi_m, min: -0.001097 at y = 5.685168
phi_m, max: -0.000000 at y = 5.480000./ phi_m, min: -0.001093 at y = 5.685168
phi_m, max: 0.001413 at y = 5.480000./ phi_m, min: -0.001004 at y = 5.690000


phi_m, max: -0.000000 at y = 3.971429./ phi_m, min: -0.001126 at y = 4.000000
phi_m, max: -0.000000 at y = 3.971429./ phi_m, min: -0.001135 at y = 4.210000
phi_m, max: -0.000000 at y = 3.971429./ phi_m, min: -0.001127 at y = 4.210000
phi_m, max: -0.000000 at y = 3.971429./ phi_m, min: -0.001116 at y = 4.210000
phi_m, max: -0.000000 at y = 3.971429./ phi_m, min: -0.001107 at y = 4.210000
phi_m, max: -0.000000 at y = 3.971429./ phi_m, min: -0.001099 at y = 4.210000
phi_m, max: -0.000000 at y = 3.971429./ phi_m, min: -0.001091 at y = 4.210000
phi_m, max: -0.000000 at y = 3.971429./ phi_m, min: -0.001084 at y = 4.210000
phi_m, max: 0.046448 at y = 3.885714./ phi_m, min: -0.000136 at y = 4.210000
phi_m, max: 39.483976 at y = 3.885714./ phi_m, min: 0.000000 at y = 3.971429
phi_m, max: 114.258289 at y = 4.010000./ phi_m, min: 0.000000 at y = 3.971429
phi_m, max: 107.235335 at y = 4.210000./ phi_m, min: 0.000000 at y = 3.971429
phi_m, max: 90.065210 at y = 4.210000./ phi_m, min: 0.000000 at y = 3.971429


phi_m, max: -0.000000 at y = 4.850000./ phi_m, min: -0.001153 at y = 5.055168
phi_m, max: -0.000000 at y = 4.850000./ phi_m, min: -0.001162 at y = 4.844832
phi_m, max: -0.000000 at y = 4.850000./ phi_m, min: -0.001153 at y = 4.844832
phi_m, max: -0.000000 at y = 4.850000./ phi_m, min: -0.001143 at y = 4.844832
phi_m, max: -0.000000 at y = 4.850000./ phi_m, min: -0.001133 at y = 4.844832
phi_m, max: -0.000000 at y = 4.850000./ phi_m, min: -0.001125 at y = 4.844832
phi_m, max: -0.000000 at y = 4.850000./ phi_m, min: -0.001117 at y = 4.844832
phi_m, max: -0.000000 at y = 4.850000./ phi_m, min: -0.001111 at y = 5.054832
phi_m, max: -0.000000 at y = 4.850000./ phi_m, min: -0.001106 at y = 5.055168
phi_m, max: -0.000000 at y = 4.850000./ phi_m, min: -0.001101 at y = 5.055168
phi_m, max: 0.007533 at y = 4.840000./ phi_m, min: -0.001075 at y = 5.057458
phi_m, max: 6.350398 at y = 4.840000./ phi_m, min: 0.000000 at y = 4.850000
phi_m, max: 115.906805 at y = 4.842542./ phi_m, min: 0.000000 at y = 4.850000


phi_m, max: -0.000000 at y = 4.210000./ phi_m, min: -0.001153 at y = 4.215168
phi_m, max: -0.000000 at y = 4.210000./ phi_m, min: -0.001162 at y = 4.214832
phi_m, max: -0.000000 at y = 4.210000./ phi_m, min: -0.001153 at y = 4.214832
phi_m, max: -0.000000 at y = 4.210000./ phi_m, min: -0.001143 at y = 4.214832
phi_m, max: -0.000000 at y = 4.210000./ phi_m, min: -0.001133 at y = 4.214832
phi_m, max: -0.000000 at y = 4.210000./ phi_m, min: -0.001125 at y = 4.215168
phi_m, max: -0.000000 at y = 4.210000./ phi_m, min: -0.001117 at y = 4.215168
phi_m, max: -0.000000 at y = 4.210000./ phi_m, min: -0.001111 at y = 4.215168
phi_m, max: -0.000000 at y = 4.210000./ phi_m, min: -0.001057 at y = 4.420000
phi_m, max: 0.785040 at y = 4.210000./ phi_m, min: 0.000000 at y = 4.210000
phi_m, max: 113.282362 at y = 4.210000./ phi_m, min: 0.000000 at y = 4.210000
phi_m, max: 113.637488 at y = 4.420000./ phi_m, min: 0.000000 at y = 4.210000
phi_m, max: 100.262397 at y = 4.420000./ phi_m, min: 0.000000 at y = 4.210000


phi_m, max: -0.000000 at y = 1.480000./ phi_m, min: -0.001152 at y = 1.485168
phi_m, max: 0.005816 at y = 1.308571./ phi_m, min: -0.000962 at y = 1.518571
phi_m, max: 5.150036 at y = 1.308571./ phi_m, min: 0.000000 at y = 1.480000
phi_m, max: 115.881761 at y = 1.481624./ phi_m, min: 0.000000 at y = 1.480000
phi_m, max: 110.628864 at y = 1.489413./ phi_m, min: 0.000000 at y = 1.480000
phi_m, max: 94.697881 at y = 1.490000./ phi_m, min: 0.000000 at y = 1.480000
phi_m, max: 75.119998 at y = 1.518571./ phi_m, min: 0.000000 at y = 1.480000
phi_m, max: 55.371945 at y = 1.518571./ phi_m, min: 0.000000 at y = 1.480000
phi_m, max: 37.955804 at y = 1.518571./ phi_m, min: 0.000000 at y = 1.480000
phi_m, max: 17.479702 at y = 1.518571./ phi_m, min: 0.000000 at y = 1.480000
phi_m, max: 2.588111 at y = 1.518571./ phi_m, min: 0.000000 at y = 1.480000
phi_m, max: 0.060715 at y = 1.518571./ phi_m, min: -0.194830 at y = 1.308571
phi_m, max: -0.000000 at y = 1.480000./ phi_m, min: -0.373771 at y = 1.308571


phi_m, max: 0.015271 at y = 0.860000./ phi_m, min: -0.000723 at y = 1.070000
phi_m, max: 12.013272 at y = 0.860000./ phi_m, min: 0.000000 at y = 0.888571
phi_m, max: 115.904112 at y = 1.063633./ phi_m, min: 0.000000 at y = 0.888571
phi_m, max: 109.137075 at y = 1.069413./ phi_m, min: 0.000000 at y = 0.888571
phi_m, max: 92.540970 at y = 1.070000./ phi_m, min: 0.000000 at y = 0.888571
phi_m, max: 72.734563 at y = 1.070000./ phi_m, min: 0.000000 at y = 0.888571
phi_m, max: 53.159701 at y = 1.070000./ phi_m, min: 0.000000 at y = 0.888571
phi_m, max: 35.884004 at y = 1.070000./ phi_m, min: 0.000000 at y = 0.888571
phi_m, max: 14.654216 at y = 1.070000./ phi_m, min: 0.000000 at y = 0.888571
phi_m, max: 1.922336 at y = 1.070000./ phi_m, min: 0.000000 at y = 0.888571
phi_m, max: -0.000000 at y = 0.888571./ phi_m, min: -0.228129 at y = 0.860000
phi_m, max: -0.000000 at y = 0.888571./ phi_m, min: -0.388670 at y = 0.860000
phi_m, max: -0.000000 at y = 0.888571./ phi_m, min: -0.469793 at y = 0.860000


phi_m, max: -0.000000 at y = 4.640000./ phi_m, min: -0.001153 at y = 4.634832
phi_m, max: -0.000000 at y = 4.640000./ phi_m, min: -0.001162 at y = 4.635168
phi_m, max: -0.000000 at y = 4.640000./ phi_m, min: -0.001153 at y = 4.635168
phi_m, max: -0.000000 at y = 4.640000./ phi_m, min: -0.001143 at y = 4.635168
phi_m, max: -0.000000 at y = 4.640000./ phi_m, min: -0.001133 at y = 4.635168
phi_m, max: -0.000000 at y = 4.640000./ phi_m, min: -0.001125 at y = 4.635168
phi_m, max: -0.000000 at y = 4.640000./ phi_m, min: -0.001117 at y = 4.635168
phi_m, max: -0.000000 at y = 4.640000./ phi_m, min: -0.001111 at y = 4.635168
phi_m, max: -0.000000 at y = 4.640000./ phi_m, min: -0.001105 at y = 4.635168
phi_m, max: -0.000000 at y = 4.640000./ phi_m, min: -0.001064 at y = 4.638825
phi_m, max: 0.348577 at y = 4.630000./ phi_m, min: 0.000000 at y = 4.640000
phi_m, max: 106.754372 at y = 4.630000./ phi_m, min: 0.000000 at y = 4.640000
phi_m, max: 114.409539 at y = 4.840000./ phi_m, min: 0.000000 at y = 4.640000


phi_m, max: -0.000000 at y = 1.270000./ phi_m, min: -0.001127 at y = 1.278213
phi_m, max: 0.294549 at y = 1.070000./ phi_m, min: 0.000000 at y = 1.270000
phi_m, max: 104.482222 at y = 1.070000./ phi_m, min: 0.000000 at y = 1.270000
phi_m, max: 114.883380 at y = 1.278376./ phi_m, min: 0.000000 at y = 1.270000
phi_m, max: 102.444573 at y = 1.279413./ phi_m, min: 0.000000 at y = 1.270000
phi_m, max: 83.985286 at y = 1.308571./ phi_m, min: 0.000000 at y = 1.270000
phi_m, max: 63.914494 at y = 1.308571./ phi_m, min: 0.000000 at y = 1.270000
phi_m, max: 45.412957 at y = 1.308571./ phi_m, min: 0.000000 at y = 1.270000
phi_m, max: 27.604317 at y = 1.308571./ phi_m, min: 0.000000 at y = 1.270000
phi_m, max: 6.773419 at y = 1.308571./ phi_m, min: 0.000000 at y = 1.270000
phi_m, max: 0.588895 at y = 1.308571./ phi_m, min: -0.019858 at y = 1.070000
phi_m, max: -0.000000 at y = 1.270000./ phi_m, min: -0.314857 at y = 1.070000
phi_m, max: -0.000000 at y = 1.270000./ phi_m, min: -0.431035 at y = 1.070000


phi_m, max: -0.000000 at y = 2.320000./ phi_m, min: -0.001153 at y = 2.324832
phi_m, max: -0.000000 at y = 2.320000./ phi_m, min: -0.001162 at y = 2.325168
phi_m, max: -0.000000 at y = 2.320000./ phi_m, min: -0.001153 at y = 2.325168
phi_m, max: 0.000273 at y = 2.177143./ phi_m, min: -0.001080 at y = 2.415714
phi_m, max: 1.166355 at y = 2.177143./ phi_m, min: 0.000000 at y = 2.320000
phi_m, max: 113.944591 at y = 2.177143./ phi_m, min: 0.000000 at y = 2.320000
phi_m, max: 113.192391 at y = 2.329413./ phi_m, min: 0.000000 at y = 2.320000
phi_m, max: 98.972318 at y = 2.415714./ phi_m, min: 0.000000 at y = 2.320000
phi_m, max: 79.987674 at y = 2.415714./ phi_m, min: 0.000000 at y = 2.320000
phi_m, max: 60.012911 at y = 2.415714./ phi_m, min: 0.000000 at y = 2.320000
phi_m, max: 42.066435 at y = 2.415714./ phi_m, min: 0.000000 at y = 2.320000
phi_m, max: 23.287092 at y = 2.415714./ phi_m, min: 0.000000 at y = 2.320000
phi_m, max: 4.524890 at y = 2.415714./ phi_m, min: 0.000000 at y = 2.320000


phi_m, max: -0.000000 at y = 5.690000./ phi_m, min: -0.001153 at y = 5.895168
phi_m, max: -0.000000 at y = 5.690000./ phi_m, min: -0.001162 at y = 5.895168
phi_m, max: -0.000000 at y = 5.690000./ phi_m, min: -0.001153 at y = 5.895168
phi_m, max: -0.000000 at y = 5.690000./ phi_m, min: -0.001143 at y = 5.895168
phi_m, max: -0.000000 at y = 5.690000./ phi_m, min: -0.001133 at y = 5.895168
phi_m, max: -0.000000 at y = 5.690000./ phi_m, min: -0.001125 at y = 5.895168
phi_m, max: -0.000000 at y = 5.690000./ phi_m, min: -0.001117 at y = 5.895168
phi_m, max: -0.000000 at y = 5.690000./ phi_m, min: -0.001111 at y = 5.895168
phi_m, max: -0.000000 at y = 5.690000./ phi_m, min: -0.001106 at y = 5.895168
phi_m, max: -0.000000 at y = 5.690000./ phi_m, min: -0.001101 at y = 5.895168
phi_m, max: -0.000000 at y = 5.690000./ phi_m, min: -0.001097 at y = 5.895168
phi_m, max: -0.000000 at y = 5.690000./ phi_m, min: -0.001093 at y = 5.895168
phi_m, max: -0.000000 at y = 5.690000./ phi_m, min: -0.001084 at y = 5.895916


Steps: 13000000 Time: 1.3         

Time: 0.100000
CPU Time: 74.486909 min.
phi_m, max: -0.000000 at y = 3.131429./ phi_m, min: -0.001161 at y = 6.320000

Time: 0.200000
CPU Time: 74.595730 min.
phi_m, max: -0.000000 at y = 3.131429./ phi_m, min: -0.001170 at y = 6.320000

Time: 0.300000
CPU Time: 74.501474 min.
phi_m, max: -0.000000 at y = 3.131429./ phi_m, min: -0.001161 at y = 6.320000

Time: 0.400000
CPU Time: 74.544145 min.
phi_m, max: -0.000000 at y = 3.131429./ phi_m, min: -0.001150 at y = 6.320000

Time: 0.500000
CPU Time: 75.202637 min.
phi_m, max: -0.000000 at y = 3.131429./ phi_m, min: -0.001141 at y = 6.320000

Time: 0.600000
CPU Time: 75.424555 min.
phi_m, max: -0.000000 at y = 3.131429./ phi_m, min: -0.001132 at y = 6.320000

Time: 0.700000
CPU Time: 75.120902 min.
phi_m, max: 0.221976 at y = 3.045714./ phi_m, min: -0.001125 at y = 6.320000

Time: 0.800000
CPU Time: 74.630763 min.
phi_m, max: 96.525729 at y = 3.045714./ phi_m, min: -0.001118 at y = 6.320000

Time: 0.900000
CPU Time: 74.039679 min.
phi_m, max: 115.022059 at y = 3.168376./ phi_m, min: -0.001113 at y = 6.320000

Time: 1.000000
CPU Time: 74.307984 min.
phi_m, max: 102.777951 at y = 3.169413./ phi_m, min: -0.001108 at y = 6.320000

Time: 1.100000
CPU Time: 74.713297 min.
phi_m, max: 84.458962 at y = 3.227143./ phi_m, min: -0.001104 at y = 6.320000

Time: 1.200000
CPU Time: 75.100201 min.
phi_m, max: 64.413000 at y = 3.227143./ phi_m, min: -0.001100 at y = 6.320000

Time: 1.300000
CPU Time: 76.690842 min.
phi_m, max: 45.854036 at y = 3.227143./ phi_m, min: -0.001097 at y = 6.320000


phi_m, max: -0.000000 at y = 2.358571./ phi_m, min: -0.001153 at y = 2.535168
phi_m, max: -0.000000 at y = 2.358571./ phi_m, min: -0.001162 at y = 2.535168
phi_m, max: -0.000000 at y = 2.358571./ phi_m, min: -0.001153 at y = 2.535168
phi_m, max: -0.000000 at y = 2.358571./ phi_m, min: -0.001139 at y = 2.535587
phi_m, max: 0.027657 at y = 2.387143./ phi_m, min: -0.000395 at y = 2.597143
phi_m, max: 21.375315 at y = 2.387143./ phi_m, min: 0.000000 at y = 2.358571
phi_m, max: 115.959152 at y = 2.536426./ phi_m, min: 0.000000 at y = 2.358571
phi_m, max: 107.815821 at y = 2.539413./ phi_m, min: 0.000000 at y = 2.358571
phi_m, max: 90.799157 at y = 2.597143./ phi_m, min: 0.000000 at y = 2.358571
phi_m, max: 70.952776 at y = 2.597143./ phi_m, min: 0.000000 at y = 2.358571
phi_m, max: 51.589745 at y = 2.597143./ phi_m, min: 0.000000 at y = 2.358571
phi_m, max: 34.406092 at y = 2.597143./ phi_m, min: 0.000000 at y = 2.358571
phi_m, max: 12.937600 at y = 2.597143./ phi_m, min: 0.000000 at y = 2.358571


phi_m, max: -0.000000 at y = 5.050000./ phi_m, min: -0.001153 at y = 5.055168
phi_m, max: -0.000000 at y = 5.050000./ phi_m, min: -0.001162 at y = 5.475168
phi_m, max: -0.000000 at y = 5.050000./ phi_m, min: -0.001153 at y = 5.475168
phi_m, max: -0.000000 at y = 5.050000./ phi_m, min: -0.001143 at y = 5.475168
phi_m, max: -0.000000 at y = 5.050000./ phi_m, min: -0.001133 at y = 5.475168
phi_m, max: -0.000000 at y = 5.050000./ phi_m, min: -0.001125 at y = 5.475168
phi_m, max: -0.000000 at y = 5.050000./ phi_m, min: -0.001117 at y = 5.475168
phi_m, max: -0.000000 at y = 5.050000./ phi_m, min: -0.001111 at y = 5.475168
phi_m, max: -0.000000 at y = 5.050000./ phi_m, min: -0.001106 at y = 5.475168
phi_m, max: -0.000000 at y = 5.050000./ phi_m, min: -0.001101 at y = 5.475168
phi_m, max: -0.000000 at y = 5.050000./ phi_m, min: -0.001097 at y = 5.475168
phi_m, max: 0.155257 at y = 5.050000./ phi_m, min: -0.001081 at y = 5.476787
phi_m, max: 85.181852 at y = 5.050000./ phi_m, min: 0.000000 at y = 5.050000


phi_m, max: -0.000000 at y = 4.420000./ phi_m, min: -0.001153 at y = 4.424832
phi_m, max: -0.000000 at y = 4.420000./ phi_m, min: -0.001162 at y = 4.425168
phi_m, max: -0.000000 at y = 4.420000./ phi_m, min: -0.001153 at y = 4.425168
phi_m, max: -0.000000 at y = 4.420000./ phi_m, min: -0.001143 at y = 4.425168
phi_m, max: -0.000000 at y = 4.420000./ phi_m, min: -0.001133 at y = 4.425168
phi_m, max: -0.000000 at y = 4.420000./ phi_m, min: -0.001125 at y = 4.425168
phi_m, max: -0.000000 at y = 4.420000./ phi_m, min: -0.001117 at y = 4.425168
phi_m, max: -0.000000 at y = 4.420000./ phi_m, min: -0.001111 at y = 4.425168
phi_m, max: -0.000000 at y = 4.420000./ phi_m, min: -0.001102 at y = 4.425587
phi_m, max: 0.019432 at y = 4.391429./ phi_m, min: -0.000599 at y = 4.630000
phi_m, max: 15.051283 at y = 4.391429./ phi_m, min: 0.000000 at y = 4.420000
phi_m, max: 115.933807 at y = 4.426426./ phi_m, min: 0.000000 at y = 4.420000
phi_m, max: 108.825327 at y = 4.630000./ phi_m, min: 0.000000 at y = 4.420000


phi_m, max: 115.829979 at y = 0.228213./ phi_m, min: 0.000000 at y = 0.220000
phi_m, max: 105.912401 at y = 0.344286./ phi_m, min: 0.000000 at y = 0.220000
phi_m, max: 88.488870 at y = 0.344286./ phi_m, min: 0.000000 at y = 0.220000
phi_m, max: 68.543274 at y = 0.344286./ phi_m, min: 0.000000 at y = 0.220000
phi_m, max: 49.456652 at y = 0.344286./ phi_m, min: 0.000000 at y = 0.220000
phi_m, max: 32.251607 at y = 0.344286./ phi_m, min: 0.000000 at y = 0.220000
phi_m, max: 10.619790 at y = 0.344286./ phi_m, min: 0.000000 at y = 0.220000
phi_m, max: 1.168794 at y = 0.344286./ phi_m, min: 0.000000 at y = 0.220000
phi_m, max: -0.000000 at y = 0.220000./ phi_m, min: -0.218211 at y = 0.221175
phi_m, max: -0.000000 at y = 0.220000./ phi_m, min: -0.379595 at y = 0.221787
phi_m, max: -0.000000 at y = 0.220000./ phi_m, min: -0.466319 at y = 0.223213
phi_m, max: -0.000000 at y = 0.220000./ phi_m, min: -0.508923 at y = 0.224490
phi_m, max: -0.000000 at y = 0.220000./ phi_m, min: -0.519414 at y = 0.226426


phi_m, max: -0.000000 at y = 3.790000./ phi_m, min: -0.001153 at y = 4.004832
phi_m, max: -0.000000 at y = 3.790000./ phi_m, min: -0.001162 at y = 3.794832
phi_m, max: -0.000000 at y = 3.790000./ phi_m, min: -0.001153 at y = 3.794832
phi_m, max: -0.000000 at y = 3.790000./ phi_m, min: -0.001143 at y = 3.794832
phi_m, max: -0.000000 at y = 3.790000./ phi_m, min: -0.001133 at y = 4.005168
phi_m, max: -0.000000 at y = 3.790000./ phi_m, min: -0.001125 at y = 4.005168
phi_m, max: -0.000000 at y = 3.790000./ phi_m, min: -0.001117 at y = 4.005168
phi_m, max: 0.001019 at y = 3.761429./ phi_m, min: -0.001104 at y = 4.006367
phi_m, max: 1.643203 at y = 3.761429./ phi_m, min: 0.000000 at y = 3.790000
phi_m, max: 115.222757 at y = 3.790587./ phi_m, min: 0.000000 at y = 3.790000
phi_m, max: 115.888275 at y = 4.007458./ phi_m, min: 0.000000 at y = 3.790000
phi_m, max: 106.421434 at y = 4.009413./ phi_m, min: 0.000000 at y = 3.790000
phi_m, max: 88.890741 at y = 4.010000./ phi_m, min: 0.000000 at y = 3.790000


phi_m, max: -0.000000 at y = 3.580000./ phi_m, min: -0.001153 at y = 3.584832
phi_m, max: -0.000000 at y = 3.580000./ phi_m, min: -0.001162 at y = 3.585168
phi_m, max: -0.000000 at y = 3.580000./ phi_m, min: -0.001153 at y = 3.585168
phi_m, max: -0.000000 at y = 3.580000./ phi_m, min: -0.001143 at y = 3.585168
phi_m, max: -0.000000 at y = 3.580000./ phi_m, min: -0.001133 at y = 3.585168
phi_m, max: -0.000000 at y = 3.580000./ phi_m, min: -0.001125 at y = 3.585168
phi_m, max: -0.000000 at y = 3.580000./ phi_m, min: -0.001104 at y = 3.586787
phi_m, max: 0.084311 at y = 3.551429./ phi_m, min: 0.000000 at y = 3.580000
phi_m, max: 61.606778 at y = 3.551429./ phi_m, min: 0.000000 at y = 3.580000
phi_m, max: 115.633616 at y = 3.588376./ phi_m, min: 0.000000 at y = 3.580000
phi_m, max: 105.225071 at y = 3.761429./ phi_m, min: 0.000000 at y = 3.580000
phi_m, max: 87.507542 at y = 3.761429./ phi_m, min: 0.000000 at y = 3.580000
phi_m, max: 67.487283 at y = 3.761429./ phi_m, min: 0.000000 at y = 3.580000


phi_m, max: -0.000000 at y = 1.900000./ phi_m, min: -0.001153 at y = 1.905168
phi_m, max: -0.000000 at y = 1.900000./ phi_m, min: -0.001162 at y = 1.905168
phi_m, max: 0.001996 at y = 1.728571./ phi_m, min: -0.001050 at y = 1.963787
phi_m, max: 2.391697 at y = 1.728571./ phi_m, min: 0.000000 at y = 1.900000
phi_m, max: 115.332297 at y = 1.900587./ phi_m, min: 0.000000 at y = 1.900000
phi_m, max: 111.987642 at y = 1.909413./ phi_m, min: 0.000000 at y = 1.900000
phi_m, max: 96.831898 at y = 1.963787./ phi_m, min: 0.000000 at y = 1.900000
phi_m, max: 77.525785 at y = 1.963787./ phi_m, min: 0.000000 at y = 1.900000
phi_m, max: 57.643122 at y = 1.963787./ phi_m, min: 0.000000 at y = 1.900000
phi_m, max: 39.994060 at y = 1.963787./ phi_m, min: 0.000000 at y = 1.900000
phi_m, max: 20.373222 at y = 1.963787./ phi_m, min: 0.000000 at y = 1.900000
phi_m, max: 3.434113 at y = 1.963787./ phi_m, min: 0.000000 at y = 1.900000
phi_m, max: 0.162576 at y = 1.963787./ phi_m, min: -0.158968 at y = 1.728571


phi_m, max: 27.072587 at y = 0.440000./ phi_m, min: 0.000000 at y = 0.430000
phi_m, max: 115.962318 at y = 0.646426./ phi_m, min: 0.000000 at y = 0.430000
phi_m, max: 107.497158 at y = 0.649413./ phi_m, min: 0.000000 at y = 0.430000
phi_m, max: 90.342674 at y = 0.650000./ phi_m, min: 0.000000 at y = 0.430000
phi_m, max: 70.397993 at y = 0.650000./ phi_m, min: 0.000000 at y = 0.430000
phi_m, max: 51.059040 at y = 0.650000./ phi_m, min: 0.000000 at y = 0.430000
phi_m, max: 33.834448 at y = 0.650000./ phi_m, min: 0.000000 at y = 0.430000
phi_m, max: 12.186847 at y = 0.650000./ phi_m, min: 0.000000 at y = 0.430000
phi_m, max: 1.438481 at y = 0.650000./ phi_m, min: -0.000000 at y = 0.430000
phi_m, max: -0.000000 at y = 0.430000./ phi_m, min: -0.254718 at y = 0.440000
phi_m, max: -0.000000 at y = 0.430000./ phi_m, min: -0.401004 at y = 0.440000
phi_m, max: -0.000000 at y = 0.430000./ phi_m, min: -0.476110 at y = 0.440000
phi_m, max: -0.000000 at y = 0.430000./ phi_m, min: -0.511391 at y = 0.641787


Writing: "Fiber2DEphapticPlaneL6Isolated_13.chk"
 (0.0019076s, XML)
phi_m, max: -0.000000 at y = 6.310000./ phi_m, min: -0.001162 at y = 6.318213
phi_m, max: -0.000000 at y = 6.310000./ phi_m, min: -0.001171 at y = 6.318213
phi_m, max: -0.000000 at y = 6.310000./ phi_m, min: -0.001162 at y = 6.318213
phi_m, max: -0.000000 at y = 6.310000./ phi_m, min: -0.001152 at y = 6.318213
phi_m, max: -0.000000 at y = 6.310000./ phi_m, min: -0.001142 at y = 6.318213
phi_m, max: -0.000000 at y = 6.310000./ phi_m, min: -0.001133 at y = 6.318213
phi_m, max: -0.000000 at y = 6.310000./ phi_m, min: -0.001126 at y = 6.318213
phi_m, max: -0.000000 at y = 6.310000./ phi_m, min: -0.001120 at y = 6.318213
phi_m, max: -0.000000 at y = 6.310000./ phi_m, min: -0.001114 at y = 6.318213
phi_m, max: -0.000000 at y = 6.310000./ phi_m, min: -0.001109 at y = 6.318213
phi_m, max: -0.000000 at y = 6.310000./ phi_m, min: -0.001105 at y = 6.318213
phi_m, max: -0.000000 at y = 6.310000./ phi_m, min: -0.001102 at y = 6.318213
phi_m, max: -0.000000 at y = 6.310000./ phi_m, min: -0.001098 at y = 6.318213
phi_m, max: -0.000000 at y = 6.310000./ phi_m, min: -0.001094 at y = 6.318376


phi_m, max: -0.000000 at y = 2.358571./ phi_m, min: -0.001153 at y = 2.535168
phi_m, max: -0.000000 at y = 2.358571./ phi_m, min: -0.001162 at y = 2.535168
phi_m, max: -0.000000 at y = 2.358571./ phi_m, min: -0.001153 at y = 2.535168
phi_m, max: -0.000000 at y = 2.358571./ phi_m, min: -0.001139 at y = 2.535587
phi_m, max: 0.027657 at y = 2.387143./ phi_m, min: -0.000395 at y = 2.597143
phi_m, max: 21.375315 at y = 2.387143./ phi_m, min: 0.000000 at y = 2.358571
phi_m, max: 115.959152 at y = 2.536426./ phi_m, min: 0.000000 at y = 2.358571
phi_m, max: 107.815821 at y = 2.539413./ phi_m, min: 0.000000 at y = 2.358571
phi_m, max: 90.799157 at y = 2.597143./ phi_m, min: 0.000000 at y = 2.358571
phi_m, max: 70.952776 at y = 2.597143./ phi_m, min: 0.000000 at y = 2.358571
phi_m, max: 51.589745 at y = 2.597143./ phi_m, min: 0.000000 at y = 2.358571
phi_m, max: 34.406092 at y = 2.597143./ phi_m, min: 0.000000 at y = 2.358571
phi_m, max: 12.937600 at y = 2.597143./ phi_m, min: 0.000000 at y = 2.358571
phi_m, max: 1.581991 at y = 2.597143./ phi_m, min: 0.000000 at y = 2.358571


phi_m, max: -0.000000 at y = 3.790000./ phi_m, min: -0.001153 at y = 4.004832
phi_m, max: -0.000000 at y = 3.790000./ phi_m, min: -0.001162 at y = 3.794832
phi_m, max: -0.000000 at y = 3.790000./ phi_m, min: -0.001153 at y = 3.794832
phi_m, max: -0.000000 at y = 3.790000./ phi_m, min: -0.001143 at y = 3.794832
phi_m, max: -0.000000 at y = 3.790000./ phi_m, min: -0.001133 at y = 4.005168
phi_m, max: -0.000000 at y = 3.790000./ phi_m, min: -0.001125 at y = 4.005168
phi_m, max: -0.000000 at y = 3.790000./ phi_m, min: -0.001117 at y = 4.005168
phi_m, max: 0.001019 at y = 3.761429./ phi_m, min: -0.001104 at y = 4.006367
phi_m, max: 1.643203 at y = 3.761429./ phi_m, min: 0.000000 at y = 3.790000
phi_m, max: 115.222757 at y = 3.790587./ phi_m, min: 0.000000 at y = 3.790000
phi_m, max: 115.888275 at y = 4.007458./ phi_m, min: 0.000000 at y = 3.790000
phi_m, max: 106.421434 at y = 4.009413./ phi_m, min: 0.000000 at y = 3.790000
phi_m, max: 88.890741 at y = 4.010000./ phi_m, min: 0.000000 at y = 3.790000
phi_m, max: 68.878995 at y = 4.010000./ phi_m, min: 0.000000 at y = 3.790000


phi_m, max: -0.000000 at y = 3.580000./ phi_m, min: -0.001153 at y = 3.584832
phi_m, max: -0.000000 at y = 3.580000./ phi_m, min: -0.001162 at y = 3.585168
phi_m, max: -0.000000 at y = 3.580000./ phi_m, min: -0.001153 at y = 3.585168
phi_m, max: -0.000000 at y = 3.580000./ phi_m, min: -0.001143 at y = 3.585168
phi_m, max: -0.000000 at y = 3.580000./ phi_m, min: -0.001133 at y = 3.585168
phi_m, max: -0.000000 at y = 3.580000./ phi_m, min: -0.001125 at y = 3.585168
phi_m, max: -0.000000 at y = 3.580000./ phi_m, min: -0.001104 at y = 3.586787
phi_m, max: 0.084311 at y = 3.551429./ phi_m, min: 0.000000 at y = 3.580000
phi_m, max: 61.606778 at y = 3.551429./ phi_m, min: 0.000000 at y = 3.580000
phi_m, max: 115.633616 at y = 3.588376./ phi_m, min: 0.000000 at y = 3.580000
phi_m, max: 105.225071 at y = 3.761429./ phi_m, min: 0.000000 at y = 3.580000
phi_m, max: 87.507542 at y = 3.761429./ phi_m, min: 0.000000 at y = 3.580000
phi_m, max: 67.487283 at y = 3.761429./ phi_m, min: 0.000000 at y = 3.580000
phi_m, max: 48.510098 at y = 3.761429./ phi_m, min: 0.000000 at y = 3.580000


phi_m, max: -0.000000 at y = 1.900000./ phi_m, min: -0.001153 at y = 1.905168
phi_m, max: -0.000000 at y = 1.900000./ phi_m, min: -0.001162 at y = 1.905168
phi_m, max: 0.001996 at y = 1.728571./ phi_m, min: -0.001050 at y = 1.963787
phi_m, max: 2.391697 at y = 1.728571./ phi_m, min: 0.000000 at y = 1.900000
phi_m, max: 115.332297 at y = 1.900587./ phi_m, min: 0.000000 at y = 1.900000
phi_m, max: 111.987642 at y = 1.909413./ phi_m, min: 0.000000 at y = 1.900000
phi_m, max: 96.831898 at y = 1.963787./ phi_m, min: 0.000000 at y = 1.900000
phi_m, max: 77.525785 at y = 1.963787./ phi_m, min: 0.000000 at y = 1.900000
phi_m, max: 57.643122 at y = 1.963787./ phi_m, min: 0.000000 at y = 1.900000
phi_m, max: 39.994060 at y = 1.963787./ phi_m, min: 0.000000 at y = 1.900000
phi_m, max: 20.373222 at y = 1.963787./ phi_m, min: 0.000000 at y = 1.900000
phi_m, max: 3.434113 at y = 1.963787./ phi_m, min: 0.000000 at y = 1.900000
phi_m, max: 0.162576 at y = 1.963787./ phi_m, min: -0.158968 at y = 1.728571
phi_m, max: -0.000000 at y = 1.900000./ phi_m, min: -0.359476 at y = 1.728571


phi_m, max: -0.000000 at y = 5.690000./ phi_m, min: -0.001153 at y = 5.895168
phi_m, max: -0.000000 at y = 5.690000./ phi_m, min: -0.001162 at y = 5.895168
phi_m, max: -0.000000 at y = 5.690000./ phi_m, min: -0.001153 at y = 5.895168
phi_m, max: -0.000000 at y = 5.690000./ phi_m, min: -0.001143 at y = 5.895168
phi_m, max: -0.000000 at y = 5.690000./ phi_m, min: -0.001133 at y = 5.895168
phi_m, max: -0.000000 at y = 5.690000./ phi_m, min: -0.001125 at y = 5.895168
phi_m, max: -0.000000 at y = 5.690000./ phi_m, min: -0.001117 at y = 5.895168
phi_m, max: -0.000000 at y = 5.690000./ phi_m, min: -0.001111 at y = 5.895168
phi_m, max: -0.000000 at y = 5.690000./ phi_m, min: -0.001106 at y = 5.895168
phi_m, max: -0.000000 at y = 5.690000./ phi_m, min: -0.001101 at y = 5.895168
phi_m, max: -0.000000 at y = 5.690000./ phi_m, min: -0.001097 at y = 5.895168
phi_m, max: -0.000000 at y = 5.690000./ phi_m, min: -0.001093 at y = 5.895168
phi_m, max: -0.000000 at y = 5.690000./ phi_m, min: -0.001084 at y = 5.895916
phi_m, max: 0.047804 at y = 5.690000./ phi_m, min: 0.000000 at y = 5.690000


phi_m, max: -0.000000 at y = 3.370000./ phi_m, min: -0.001153 at y = 3.375168
phi_m, max: -0.000000 at y = 3.370000./ phi_m, min: -0.001162 at y = 3.374832
phi_m, max: -0.000000 at y = 3.370000./ phi_m, min: -0.001153 at y = 3.374832
phi_m, max: -0.000000 at y = 3.370000./ phi_m, min: -0.001143 at y = 3.375168
phi_m, max: -0.000000 at y = 3.370000./ phi_m, min: -0.001133 at y = 3.375168
phi_m, max: -0.000000 at y = 3.370000./ phi_m, min: -0.001124 at y = 3.375168
phi_m, max: 0.003593 at y = 3.341429./ phi_m, min: -0.000974 at y = 3.551429
phi_m, max: 3.468323 at y = 3.341429./ phi_m, min: 0.000000 at y = 3.370000
phi_m, max: 115.812488 at y = 3.371624./ phi_m, min: 0.000000 at y = 3.370000
phi_m, max: 111.118954 at y = 3.551429./ phi_m, min: 0.000000 at y = 3.370000
phi_m, max: 95.858603 at y = 3.551429./ phi_m, min: 0.000000 at y = 3.370000
phi_m, max: 76.404143 at y = 3.551429./ phi_m, min: 0.000000 at y = 3.370000
phi_m, max: 56.568970 at y = 3.551429./ phi_m, min: 0.000000 at y = 3.370000
phi_m, max: 39.029027 at y = 3.551429./ phi_m, min: 0.000000 at y = 3.370000


phi_m, max: -0.000000 at y = 1.518571./ phi_m, min: -0.001153 at y = 1.695168
phi_m, max: -0.000000 at y = 1.518571./ phi_m, min: -0.001147 at y = 1.696787
phi_m, max: 0.131643 at y = 1.490000./ phi_m, min: 0.000000 at y = 1.518571
phi_m, max: 83.454072 at y = 1.490000./ phi_m, min: 0.000000 at y = 1.518571
phi_m, max: 115.553562 at y = 1.698376./ phi_m, min: 0.000000 at y = 1.518571
phi_m, max: 104.324704 at y = 1.699413./ phi_m, min: 0.000000 at y = 1.518571
phi_m, max: 86.263429 at y = 1.728571./ phi_m, min: 0.000000 at y = 1.518571
phi_m, max: 66.214197 at y = 1.728571./ phi_m, min: 0.000000 at y = 1.518571
phi_m, max: 47.401587 at y = 1.728571./ phi_m, min: 0.000000 at y = 1.518571
phi_m, max: 29.961206 at y = 1.728571./ phi_m, min: 0.000000 at y = 1.518571
phi_m, max: 8.483434 at y = 1.728571./ phi_m, min: 0.000000 at y = 1.518571
phi_m, max: 0.832583 at y = 1.728571./ phi_m, min: 0.000000 at y = 1.518571
phi_m, max: -0.000000 at y = 1.518571./ phi_m, min: -0.295360 at y = 1.490000
phi_m, max: -0.000000 at y = 1.518571./ phi_m, min: -0.420952 at y = 1.490000


phi_m, max: -0.000000 at y = 2.110000./ phi_m, min: -0.001153 at y = 2.115168
phi_m, max: -0.000000 at y = 2.110000./ phi_m, min: -0.001162 at y = 2.115168
phi_m, max: -0.000000 at y = 2.110000./ phi_m, min: -0.001146 at y = 2.116367
phi_m, max: 0.057853 at y = 1.938571./ phi_m, min: 0.000000 at y = 2.110000
phi_m, max: 49.175436 at y = 1.938571./ phi_m, min: 0.000000 at y = 2.110000
phi_m, max: 115.860600 at y = 2.117458./ phi_m, min: 0.000000 at y = 2.110000
phi_m, max: 106.118442 at y = 2.119413./ phi_m, min: 0.000000 at y = 2.110000
phi_m, max: 88.582685 at y = 2.177143./ phi_m, min: 0.000000 at y = 2.110000
phi_m, max: 68.627146 at y = 2.177143./ phi_m, min: 0.000000 at y = 2.110000
phi_m, max: 49.523746 at y = 2.177143./ phi_m, min: 0.000000 at y = 2.110000
phi_m, max: 32.304950 at y = 2.177143./ phi_m, min: 0.000000 at y = 2.110000
phi_m, max: 10.640397 at y = 2.177143./ phi_m, min: 0.000000 at y = 2.110000
phi_m, max: 1.172477 at y = 2.177143./ phi_m, min: 0.000000 at y = 2.110000
phi_m, max: -0.000000 at y = 2.110000./ phi_m, min: -0.271684 at y = 1.938571


phi_m, max: -0.000000 at y = 2.950000./ phi_m, min: -0.001153 at y = 2.954832
phi_m, max: -0.000000 at y = 2.950000./ phi_m, min: -0.001162 at y = 2.955168
phi_m, max: -0.000000 at y = 2.950000./ phi_m, min: -0.001153 at y = 2.955168
phi_m, max: -0.000000 at y = 2.950000./ phi_m, min: -0.001143 at y = 2.955168
phi_m, max: -0.000000 at y = 2.950000./ phi_m, min: -0.001131 at y = 2.955449
phi_m, max: 0.011849 at y = 2.807143./ phi_m, min: -0.000792 at y = 3.045714
phi_m, max: 9.518874 at y = 2.807143./ phi_m, min: 0.000000 at y = 2.950000
phi_m, max: 115.909075 at y = 2.953633./ phi_m, min: 0.000000 at y = 2.950000
phi_m, max: 109.405803 at y = 2.959413./ phi_m, min: 0.000000 at y = 2.950000
phi_m, max: 93.087542 at y = 3.045714./ phi_m, min: 0.000000 at y = 2.950000
phi_m, max: 73.417630 at y = 3.045714./ phi_m, min: 0.000000 at y = 2.950000
phi_m, max: 53.828578 at y = 3.045714./ phi_m, min: 0.000000 at y = 2.950000
phi_m, max: 36.556644 at y = 3.045714./ phi_m, min: 0.000000 at y = 2.950000
phi_m, max: 15.654508 at y = 3.045714./ phi_m, min: 0.000000 at y = 2.950000


phi_m, max: -0.000000 at y = 5.260000./ phi_m, min: -0.001153 at y = 5.264832
phi_m, max: -0.000000 at y = 5.260000./ phi_m, min: -0.001162 at y = 5.265168
phi_m, max: -0.000000 at y = 5.260000./ phi_m, min: -0.001153 at y = 5.265168
phi_m, max: -0.000000 at y = 5.260000./ phi_m, min: -0.001143 at y = 5.265168
phi_m, max: -0.000000 at y = 5.260000./ phi_m, min: -0.001133 at y = 5.265168
phi_m, max: -0.000000 at y = 5.260000./ phi_m, min: -0.001125 at y = 5.265168
phi_m, max: -0.000000 at y = 5.260000./ phi_m, min: -0.001117 at y = 5.265168
phi_m, max: -0.000000 at y = 5.260000./ phi_m, min: -0.001111 at y = 5.265168
phi_m, max: -0.000000 at y = 5.260000./ phi_m, min: -0.001106 at y = 5.265168
phi_m, max: -0.000000 at y = 5.260000./ phi_m, min: -0.001101 at y = 5.265168
phi_m, max: -0.000000 at y = 5.260000./ phi_m, min: -0.001096 at y = 5.265168
phi_m, max: 0.004417 at y = 5.063356./ phi_m, min: -0.000936 at y = 5.298571
phi_m, max: 4.065308 at y = 5.063356./ phi_m, min: 0.000000 at y = 5.260000
phi_m, max: 115.755553 at y = 5.261787./ phi_m, min: 0.000000 at y = 5.260000


phi_m, max: -0.000000 at y = 2.740000./ phi_m, min: -0.001153 at y = 2.744832
phi_m, max: -0.000000 at y = 2.740000./ phi_m, min: -0.001162 at y = 2.745168
phi_m, max: -0.000000 at y = 2.740000./ phi_m, min: -0.001153 at y = 2.745168
phi_m, max: -0.000000 at y = 2.740000./ phi_m, min: -0.001143 at y = 2.745168
phi_m, max: -0.000000 at y = 2.740000./ phi_m, min: -0.001093 at y = 2.748825
phi_m, max: 0.524967 at y = 2.597143./ phi_m, min: 0.000000 at y = 2.740000
phi_m, max: 110.624607 at y = 2.597143./ phi_m, min: 0.000000 at y = 2.740000
phi_m, max: 114.210398 at y = 2.749413./ phi_m, min: 0.000000 at y = 2.740000
phi_m, max: 100.939700 at y = 2.835714./ phi_m, min: 0.000000 at y = 2.740000
phi_m, max: 82.293646 at y = 2.835714./ phi_m, min: 0.000000 at y = 2.740000
phi_m, max: 62.267718 at y = 2.835714./ phi_m, min: 0.000000 at y = 2.740000
phi_m, max: 44.011144 at y = 2.835714./ phi_m, min: 0.000000 at y = 2.740000
phi_m, max: 25.880762 at y = 2.835714./ phi_m, min: 0.000000 at y = 2.740000
phi_m, max: 5.775561 at y = 2.835714./ phi_m, min: 0.000000 at y = 2.740000


phi_m, max: 112.624926 at y = 0.018213./ phi_m, min: 0.000000 at y = -0.010000
phi_m, max: 97.591567 at y = 0.018213./ phi_m, min: 0.000000 at y = -0.010000
phi_m, max: 78.306002 at y = 0.134286./ phi_m, min: 0.000000 at y = -0.010000
phi_m, max: 58.476535 at y = 0.134286./ phi_m, min: 0.000000 at y = -0.010000
phi_m, max: 40.847335 at y = 0.134286./ phi_m, min: 0.000000 at y = -0.010000
phi_m, max: 22.173906 at y = 0.134286./ phi_m, min: 0.000000 at y = -0.010000
phi_m, max: 4.093920 at y = 0.134286./ phi_m, min: 0.000000 at y = -0.010000
phi_m, max: 0.290113 at y = 0.006787./ phi_m, min: 0.000000 at y = -0.010000
phi_m, max: -0.000000 at y = -0.010000./ phi_m, min: -0.210813 at y = 0.134286
phi_m, max: -0.000000 at y = -0.010000./ phi_m, min: -0.366509 at y = 0.134286
phi_m, max: -0.000000 at y = -0.010000./ phi_m, min: -0.450270 at y = 0.134286
phi_m, max: -0.000000 at y = -0.010000./ phi_m, min: -0.489887 at y = 0.134286
phi_m, max: -0.000000 at y = -0.010000./ phi_m, min: -0.497524 at y = 0.134286
phi_m, max: -0.000000 at y = -0.010000./ phi_m, min: -0.483859 at y = 0.018376


phi_m, max: 18.893457 at y = 0.640000./ phi_m, min: 0.000000 at y = 0.650000
phi_m, max: 115.962318 at y = 0.646426./ phi_m, min: 0.000000 at y = 0.650000
phi_m, max: 114.048495 at y = 0.859413./ phi_m, min: 0.000000 at y = 0.650000
phi_m, max: 100.508078 at y = 0.860000./ phi_m, min: 0.000000 at y = 0.650000
phi_m, max: 81.653519 at y = 0.860000./ phi_m, min: 0.000000 at y = 0.650000
phi_m, max: 61.572365 at y = 0.860000./ phi_m, min: 0.000000 at y = 0.650000
phi_m, max: 43.380144 at y = 0.860000./ phi_m, min: 0.000000 at y = 0.650000
phi_m, max: 24.950151 at y = 0.860000./ phi_m, min: 0.000000 at y = 0.650000
phi_m, max: 5.252657 at y = 0.860000./ phi_m, min: 0.000000 at y = 0.650000
phi_m, max: 0.387205 at y = 0.860000./ phi_m, min: -0.241736 at y = 0.640000
phi_m, max: -0.000000 at y = 0.650000./ phi_m, min: -0.395019 at y = 0.640000
phi_m, max: -0.000000 at y = 0.650000./ phi_m, min: -0.473778 at y = 0.640587
phi_m, max: -0.000000 at y = 0.650000./ phi_m, min: -0.511388 at y = 0.641624
phi_m, max: -0.000000 at y = 0.650000./ phi_m, min: -0.520635 at y = 0.644832


phi_m, max: 114.270515 at y = 0.430587./ phi_m, min: -0.001124 at y = 3.198571
phi_m, max: 112.995228 at y = 0.439413./ phi_m, min: -0.001133 at y = 3.341429
phi_m, max: 98.507055 at y = 0.440000./ phi_m, min: -0.001125 at y = 3.341429
phi_m, max: 79.334432 at y = 0.440000./ phi_m, min: -0.001114 at y = 3.341429
phi_m, max: 59.322314 at y = 0.440000./ phi_m, min: -0.001105 at y = 3.341429
phi_m, max: 41.434949 at y = 0.440000./ phi_m, min: -0.001090 at y = 3.341429
phi_m, max: 22.296643 at y = 0.440000./ phi_m, min: 0.000000 at y = 0.430000
phi_m, max: 4.480422 at y = 3.198571./ phi_m, min: 0.000000 at y = 0.430000
phi_m, max: 114.584028 at y = 3.341429./ phi_m, min: -0.112950 at y = 0.344286
phi_m, max: 103.430016 at y = 3.341429./ phi_m, min: -0.342296 at y = 0.344286
phi_m, max: 85.242653 at y = 3.341429./ phi_m, min: -0.444503 at y = 0.344286
phi_m, max: 65.177600 at y = 3.341429./ phi_m, min: -0.498707 at y = 0.431624
phi_m, max: 46.502200 at y = 3.341429./ phi_m, min: -0.519414 at y = 0.433574
phi_m, max: 28.913298 at y = 3.341429./ phi_m, min: -0.516659 at y = 0.436426


phi_m, max: -0.000000 at y = 5.928571./ phi_m, min: -0.001153 at y = 6.105168
phi_m, max: -0.000000 at y = 5.928571./ phi_m, min: -0.001162 at y = 6.105168
phi_m, max: -0.000000 at y = 5.928571./ phi_m, min: -0.001154 at y = 6.105168
phi_m, max: -0.000000 at y = 5.928571./ phi_m, min: -0.001143 at y = 6.105168
phi_m, max: -0.000000 at y = 5.928571./ phi_m, min: -0.001133 at y = 6.105168
phi_m, max: -0.000000 at y = 5.928571./ phi_m, min: -0.001125 at y = 6.105168
phi_m, max: -0.000000 at y = 5.928571./ phi_m, min: -0.001118 at y = 6.105168
phi_m, max: -0.000000 at y = 5.928571./ phi_m, min: -0.001111 at y = 6.105168
phi_m, max: -0.000000 at y = 5.928571./ phi_m, min: -0.001106 at y = 6.105168
phi_m, max: -0.000000 at y = 5.928571./ phi_m, min: -0.001101 at y = 6.105168
phi_m, max: -0.000000 at y = 5.928571./ phi_m, min: -0.001097 at y = 6.105168
phi_m, max: -0.000000 at y = 5.928571./ phi_m, min: -0.001093 at y = 6.105168
phi_m, max: -0.000000 at y = 5.928571./ phi_m, min: -0.001090 at y = 6.105168
phi_m, max: 0.000143 at y = 5.900000./ phi_m, min: -0.001035 at y = 6.109413


Steps: 14000000 Time: 1.4         

Time: 0.100000
CPU Time: 74.486909 min.
phi_m, max: -0.000000 at y = 3.131429./ phi_m, min: -0.001161 at y = 6.320000

Time: 0.200000
CPU Time: 74.595730 min.
phi_m, max: -0.000000 at y = 3.131429./ phi_m, min: -0.001170 at y = 6.320000

Time: 0.300000
CPU Time: 74.501474 min.
phi_m, max: -0.000000 at y = 3.131429./ phi_m, min: -0.001161 at y = 6.320000

Time: 0.400000
CPU Time: 74.544145 min.
phi_m, max: -0.000000 at y = 3.131429./ phi_m, min: -0.001150 at y = 6.320000

Time: 0.500000
CPU Time: 75.202637 min.
phi_m, max: -0.000000 at y = 3.131429./ phi_m, min: -0.001141 at y = 6.320000

Time: 0.600000
CPU Time: 75.424555 min.
phi_m, max: -0.000000 at y = 3.131429./ phi_m, min: -0.001132 at y = 6.320000

Time: 0.700000
CPU Time: 75.120902 min.
phi_m, max: 0.221976 at y = 3.045714./ phi_m, min: -0.001125 at y = 6.320000

Time: 0.800000
CPU Time: 74.630763 min.
phi_m, max: 96.525729 at y = 3.045714./ phi_m, min: -0.001118 at y = 6.320000

Time: 0.900000
CPU Time: 74.039679 min.
phi_m, max: 115.022059 at y = 3.168376./ phi_m, min: -0.001113 at y = 6.320000

Time: 1.000000
CPU Time: 74.307984 min.
phi_m, max: 102.777951 at y = 3.169413./ phi_m, min: -0.001108 at y = 6.320000

Time: 1.100000
CPU Time: 74.713297 min.
phi_m, max: 84.458962 at y = 3.227143./ phi_m, min: -0.001104 at y = 6.320000

Time: 1.200000
CPU Time: 75.100201 min.
phi_m, max: 64.413000 at y = 3.227143./ phi_m, min: -0.001100 at y = 6.320000

Time: 1.300000
CPU Time: 76.690842 min.
phi_m, max: 45.854036 at y = 3.227143./ phi_m, min: -0.001097 at y = 6.320000

Time: 1.400000
CPU Time: 75.278158 min.
phi_m, max: 28.171697 at y = 3.227143./ phi_m, min: -0.001093 at y = 6.320000


phi_m, max: -0.000000 at y = 5.480000./ phi_m, min: -0.001153 at y = 5.685168
phi_m, max: -0.000000 at y = 5.480000./ phi_m, min: -0.001162 at y = 5.685168
phi_m, max: -0.000000 at y = 5.480000./ phi_m, min: -0.001153 at y = 5.685168
phi_m, max: -0.000000 at y = 5.480000./ phi_m, min: -0.001143 at y = 5.685168
phi_m, max: -0.000000 at y = 5.480000./ phi_m, min: -0.001133 at y = 5.685168
phi_m, max: -0.000000 at y = 5.480000./ phi_m, min: -0.001125 at y = 5.685168
phi_m, max: -0.000000 at y = 5.480000./ phi_m, min: -0.001117 at y = 5.685168
phi_m, max: -0.000000 at y = 5.480000./ phi_m, min: -0.001111 at y = 5.685168
phi_m, max: -0.000000 at y = 5.480000./ phi_m, min: -0.001106 at y = 5.685168
phi_m, max: -0.000000 at y = 5.480000./ phi_m, min: -0.001101 at y = 5.685168
phi_m, max: -0.000000 at y = 5.480000./ phi_m, min: -0.001097 at y = 5.685168
phi_m, max: -0.000000 at y = 5.480000./ phi_m, min: -0.001093 at y = 5.685168
phi_m, max: 0.001413 at y = 5.480000./ phi_m, min: -0.001004 at y = 5.690000
phi_m, max: 1.980539 at y = 5.480000./ phi_m, min: 0.000000 at y = 5.480000


phi_m, max: -0.000000 at y = 3.971429./ phi_m, min: -0.001126 at y = 4.000000
phi_m, max: -0.000000 at y = 3.971429./ phi_m, min: -0.001135 at y = 4.210000
phi_m, max: -0.000000 at y = 3.971429./ phi_m, min: -0.001127 at y = 4.210000
phi_m, max: -0.000000 at y = 3.971429./ phi_m, min: -0.001116 at y = 4.210000
phi_m, max: -0.000000 at y = 3.971429./ phi_m, min: -0.001107 at y = 4.210000
phi_m, max: -0.000000 at y = 3.971429./ phi_m, min: -0.001099 at y = 4.210000
phi_m, max: -0.000000 at y = 3.971429./ phi_m, min: -0.001091 at y = 4.210000
phi_m, max: -0.000000 at y = 3.971429./ phi_m, min: -0.001084 at y = 4.210000
phi_m, max: 0.046448 at y = 3.885714./ phi_m, min: -0.000136 at y = 4.210000
phi_m, max: 39.483976 at y = 3.885714./ phi_m, min: 0.000000 at y = 3.971429
phi_m, max: 114.258289 at y = 4.010000./ phi_m, min: 0.000000 at y = 3.971429
phi_m, max: 107.235335 at y = 4.210000./ phi_m, min: 0.000000 at y = 3.971429
phi_m, max: 90.065210 at y = 4.210000./ phi_m, min: 0.000000 at y = 3.971429
phi_m, max: 70.104670 at y = 4.210000./ phi_m, min: 0.000000 at y = 3.971429


phi_m, max: -0.000000 at y = 4.850000./ phi_m, min: -0.001153 at y = 5.055168
phi_m, max: -0.000000 at y = 4.850000./ phi_m, min: -0.001162 at y = 4.844832
phi_m, max: -0.000000 at y = 4.850000./ phi_m, min: -0.001153 at y = 4.844832
phi_m, max: -0.000000 at y = 4.850000./ phi_m, min: -0.001143 at y = 4.844832
phi_m, max: -0.000000 at y = 4.850000./ phi_m, min: -0.001133 at y = 4.844832
phi_m, max: -0.000000 at y = 4.850000./ phi_m, min: -0.001125 at y = 4.844832
phi_m, max: -0.000000 at y = 4.850000./ phi_m, min: -0.001117 at y = 4.844832
phi_m, max: -0.000000 at y = 4.850000./ phi_m, min: -0.001111 at y = 5.054832
phi_m, max: -0.000000 at y = 4.850000./ phi_m, min: -0.001106 at y = 5.055168
phi_m, max: -0.000000 at y = 4.850000./ phi_m, min: -0.001101 at y = 5.055168
phi_m, max: 0.007533 at y = 4.840000./ phi_m, min: -0.001075 at y = 5.057458
phi_m, max: 6.350398 at y = 4.840000./ phi_m, min: 0.000000 at y = 4.850000
phi_m, max: 115.906805 at y = 4.842542./ phi_m, min: 0.000000 at y = 4.850000
phi_m, max: 115.152388 at y = 5.058376./ phi_m, min: 0.000000 at y = 4.850000


phi_m, max: -0.000000 at y = 4.210000./ phi_m, min: -0.001153 at y = 4.215168
phi_m, max: -0.000000 at y = 4.210000./ phi_m, min: -0.001162 at y = 4.214832
phi_m, max: -0.000000 at y = 4.210000./ phi_m, min: -0.001153 at y = 4.214832
phi_m, max: -0.000000 at y = 4.210000./ phi_m, min: -0.001143 at y = 4.214832
phi_m, max: -0.000000 at y = 4.210000./ phi_m, min: -0.001133 at y = 4.214832
phi_m, max: -0.000000 at y = 4.210000./ phi_m, min: -0.001125 at y = 4.215168
phi_m, max: -0.000000 at y = 4.210000./ phi_m, min: -0.001117 at y = 4.215168
phi_m, max: -0.000000 at y = 4.210000./ phi_m, min: -0.001111 at y = 4.215168
phi_m, max: -0.000000 at y = 4.210000./ phi_m, min: -0.001057 at y = 4.420000
phi_m, max: 0.785040 at y = 4.210000./ phi_m, min: 0.000000 at y = 4.210000
phi_m, max: 113.282362 at y = 4.210000./ phi_m, min: 0.000000 at y = 4.210000
phi_m, max: 113.637488 at y = 4.420000./ phi_m, min: 0.000000 at y = 4.210000
phi_m, max: 100.262397 at y = 4.420000./ phi_m, min: 0.000000 at y = 4.210000
phi_m, max: 81.363524 at y = 4.420000./ phi_m, min: 0.000000 at y = 4.210000


phi_m, max: -0.000000 at y = 1.480000./ phi_m, min: -0.001152 at y = 1.485168
phi_m, max: 0.005816 at y = 1.308571./ phi_m, min: -0.000962 at y = 1.518571
phi_m, max: 5.150036 at y = 1.308571./ phi_m, min: 0.000000 at y = 1.480000
phi_m, max: 115.881761 at y = 1.481624./ phi_m, min: 0.000000 at y = 1.480000
phi_m, max: 110.628864 at y = 1.489413./ phi_m, min: 0.000000 at y = 1.480000
phi_m, max: 94.697881 at y = 1.490000./ phi_m, min: 0.000000 at y = 1.480000
phi_m, max: 75.119998 at y = 1.518571./ phi_m, min: 0.000000 at y = 1.480000
phi_m, max: 55.371945 at y = 1.518571./ phi_m, min: 0.000000 at y = 1.480000
phi_m, max: 37.955804 at y = 1.518571./ phi_m, min: 0.000000 at y = 1.480000
phi_m, max: 17.479702 at y = 1.518571./ phi_m, min: 0.000000 at y = 1.480000
phi_m, max: 2.588111 at y = 1.518571./ phi_m, min: 0.000000 at y = 1.480000
phi_m, max: 0.060715 at y = 1.518571./ phi_m, min: -0.194830 at y = 1.308571
phi_m, max: -0.000000 at y = 1.480000./ phi_m, min: -0.373771 at y = 1.308571
phi_m, max: -0.000000 at y = 1.480000./ phi_m, min: -0.461577 at y = 1.308571


phi_m, max: 0.015271 at y = 0.860000./ phi_m, min: -0.000723 at y = 1.070000
phi_m, max: 12.013272 at y = 0.860000./ phi_m, min: 0.000000 at y = 0.888571
phi_m, max: 115.904112 at y = 1.063633./ phi_m, min: 0.000000 at y = 0.888571
phi_m, max: 109.137075 at y = 1.069413./ phi_m, min: 0.000000 at y = 0.888571
phi_m, max: 92.540970 at y = 1.070000./ phi_m, min: 0.000000 at y = 0.888571
phi_m, max: 72.734563 at y = 1.070000./ phi_m, min: 0.000000 at y = 0.888571
phi_m, max: 53.159701 at y = 1.070000./ phi_m, min: 0.000000 at y = 0.888571
phi_m, max: 35.884004 at y = 1.070000./ phi_m, min: 0.000000 at y = 0.888571
phi_m, max: 14.654216 at y = 1.070000./ phi_m, min: 0.000000 at y = 0.888571
phi_m, max: 1.922336 at y = 1.070000./ phi_m, min: 0.000000 at y = 0.888571
phi_m, max: -0.000000 at y = 0.888571./ phi_m, min: -0.228129 at y = 0.860000
phi_m, max: -0.000000 at y = 0.888571./ phi_m, min: -0.388670 at y = 0.860000
phi_m, max: -0.000000 at y = 0.888571./ phi_m, min: -0.469793 at y = 0.860000
phi_m, max: -0.000000 at y = 0.888571./ phi_m, min: -0.508687 at y = 1.061624


phi_m, max: -0.000000 at y = 4.640000./ phi_m, min: -0.001153 at y = 4.634832
phi_m, max: -0.000000 at y = 4.640000./ phi_m, min: -0.001162 at y = 4.635168
phi_m, max: -0.000000 at y = 4.640000./ phi_m, min: -0.001153 at y = 4.635168
phi_m, max: -0.000000 at y = 4.640000./ phi_m, min: -0.001143 at y = 4.635168
phi_m, max: -0.000000 at y = 4.640000./ phi_m, min: -0.001133 at y = 4.635168
phi_m, max: -0.000000 at y = 4.640000./ phi_m, min: -0.001125 at y = 4.635168
phi_m, max: -0.000000 at y = 4.640000./ phi_m, min: -0.001117 at y = 4.635168
phi_m, max: -0.000000 at y = 4.640000./ phi_m, min: -0.001111 at y = 4.635168
phi_m, max: -0.000000 at y = 4.640000./ phi_m, min: -0.001105 at y = 4.635168
phi_m, max: -0.000000 at y = 4.640000./ phi_m, min: -0.001064 at y = 4.638825
phi_m, max: 0.348577 at y = 4.630000./ phi_m, min: 0.000000 at y = 4.640000
phi_m, max: 106.754372 at y = 4.630000./ phi_m, min: 0.000000 at y = 4.640000
phi_m, max: 114.409539 at y = 4.840000./ phi_m, min: 0.000000 at y = 4.640000
phi_m, max: 102.203202 at y = 4.840000./ phi_m, min: 0.000000 at y = 4.640000


phi_m, max: -0.000000 at y = 1.270000./ phi_m, min: -0.001127 at y = 1.278213
phi_m, max: 0.294549 at y = 1.070000./ phi_m, min: 0.000000 at y = 1.270000
phi_m, max: 104.482222 at y = 1.070000./ phi_m, min: 0.000000 at y = 1.270000
phi_m, max: 114.883380 at y = 1.278376./ phi_m, min: 0.000000 at y = 1.270000
phi_m, max: 102.444573 at y = 1.279413./ phi_m, min: 0.000000 at y = 1.270000
phi_m, max: 83.985286 at y = 1.308571./ phi_m, min: 0.000000 at y = 1.270000
phi_m, max: 63.914494 at y = 1.308571./ phi_m, min: 0.000000 at y = 1.270000
phi_m, max: 45.412957 at y = 1.308571./ phi_m, min: 0.000000 at y = 1.270000
phi_m, max: 27.604317 at y = 1.308571./ phi_m, min: 0.000000 at y = 1.270000
phi_m, max: 6.773419 at y = 1.308571./ phi_m, min: 0.000000 at y = 1.270000
phi_m, max: 0.588895 at y = 1.308571./ phi_m, min: -0.019858 at y = 1.070000
phi_m, max: -0.000000 at y = 1.270000./ phi_m, min: -0.314857 at y = 1.070000
phi_m, max: -0.000000 at y = 1.270000./ phi_m, min: -0.431035 at y = 1.070000
phi_m, max: -0.000000 at y = 1.270000./ phi_m, min: -0.490614 at y = 1.070000


phi_m, max: -0.000000 at y = 2.320000./ phi_m, min: -0.001153 at y = 2.324832
phi_m, max: -0.000000 at y = 2.320000./ phi_m, min: -0.001162 at y = 2.325168
phi_m, max: -0.000000 at y = 2.320000./ phi_m, min: -0.001153 at y = 2.325168
phi_m, max: 0.000273 at y = 2.177143./ phi_m, min: -0.001080 at y = 2.415714
phi_m, max: 1.166355 at y = 2.177143./ phi_m, min: 0.000000 at y = 2.320000
phi_m, max: 113.944591 at y = 2.177143./ phi_m, min: 0.000000 at y = 2.320000
phi_m, max: 113.192391 at y = 2.329413./ phi_m, min: 0.000000 at y = 2.320000
phi_m, max: 98.972318 at y = 2.415714./ phi_m, min: 0.000000 at y = 2.320000
phi_m, max: 79.987674 at y = 2.415714./ phi_m, min: 0.000000 at y = 2.320000
phi_m, max: 60.012911 at y = 2.415714./ phi_m, min: 0.000000 at y = 2.320000
phi_m, max: 42.066435 at y = 2.415714./ phi_m, min: 0.000000 at y = 2.320000
phi_m, max: 23.287092 at y = 2.415714./ phi_m, min: 0.000000 at y = 2.320000
phi_m, max: 4.524890 at y = 2.415714./ phi_m, min: 0.000000 at y = 2.320000
phi_m, max: 0.296396 at y = 2.415714./ phi_m, min: -0.112782 at y = 2.177143


phi_m, max: 27.072587 at y = 0.440000./ phi_m, min: 0.000000 at y = 0.430000
phi_m, max: 115.962318 at y = 0.646426./ phi_m, min: 0.000000 at y = 0.430000
phi_m, max: 107.497158 at y = 0.649413./ phi_m, min: 0.000000 at y = 0.430000
phi_m, max: 90.342674 at y = 0.650000./ phi_m, min: 0.000000 at y = 0.430000
phi_m, max: 70.397993 at y = 0.650000./ phi_m, min: 0.000000 at y = 0.430000
phi_m, max: 51.059040 at y = 0.650000./ phi_m, min: 0.000000 at y = 0.430000
phi_m, max: 33.834448 at y = 0.650000./ phi_m, min: 0.000000 at y = 0.430000
phi_m, max: 12.186847 at y = 0.650000./ phi_m, min: 0.000000 at y = 0.430000
phi_m, max: 1.438481 at y = 0.650000./ phi_m, min: -0.000000 at y = 0.430000
phi_m, max: -0.000000 at y = 0.430000./ phi_m, min: -0.254718 at y = 0.440000
phi_m, max: -0.000000 at y = 0.430000./ phi_m, min: -0.401004 at y = 0.440000
phi_m, max: -0.000000 at y = 0.430000./ phi_m, min: -0.476110 at y = 0.440000
phi_m, max: -0.000000 at y = 0.430000./ phi_m, min: -0.511391 at y = 0.641787
phi_m, max: -0.000000 at y = 0.430000./ phi_m, min: -0.520635 at y = 0.644832


phi_m, max: -0.000000 at y = 5.050000./ phi_m, min: -0.001153 at y = 5.055168
phi_m, max: -0.000000 at y = 5.050000./ phi_m, min: -0.001162 at y = 5.475168
phi_m, max: -0.000000 at y = 5.050000./ phi_m, min: -0.001153 at y = 5.475168
phi_m, max: -0.000000 at y = 5.050000./ phi_m, min: -0.001143 at y = 5.475168
phi_m, max: -0.000000 at y = 5.050000./ phi_m, min: -0.001133 at y = 5.475168
phi_m, max: -0.000000 at y = 5.050000./ phi_m, min: -0.001125 at y = 5.475168
phi_m, max: -0.000000 at y = 5.050000./ phi_m, min: -0.001117 at y = 5.475168
phi_m, max: -0.000000 at y = 5.050000./ phi_m, min: -0.001111 at y = 5.475168
phi_m, max: -0.000000 at y = 5.050000./ phi_m, min: -0.001106 at y = 5.475168
phi_m, max: -0.000000 at y = 5.050000./ phi_m, min: -0.001101 at y = 5.475168
phi_m, max: -0.000000 at y = 5.050000./ phi_m, min: -0.001097 at y = 5.475168
phi_m, max: 0.155257 at y = 5.050000./ phi_m, min: -0.001081 at y = 5.476787
phi_m, max: 85.181852 at y = 5.050000./ phi_m, min: 0.000000 at y = 5.050000
phi_m, max: 115.152388 at y = 5.058376./ phi_m, min: 0.000000 at y = 5.050000


phi_m, max: -0.000000 at y = 4.420000./ phi_m, min: -0.001153 at y = 4.424832
phi_m, max: -0.000000 at y = 4.420000./ phi_m, min: -0.001162 at y = 4.425168
phi_m, max: -0.000000 at y = 4.420000./ phi_m, min: -0.001153 at y = 4.425168
phi_m, max: -0.000000 at y = 4.420000./ phi_m, min: -0.001143 at y = 4.425168
phi_m, max: -0.000000 at y = 4.420000./ phi_m, min: -0.001133 at y = 4.425168
phi_m, max: -0.000000 at y = 4.420000./ phi_m, min: -0.001125 at y = 4.425168
phi_m, max: -0.000000 at y = 4.420000./ phi_m, min: -0.001117 at y = 4.425168
phi_m, max: -0.000000 at y = 4.420000./ phi_m, min: -0.001111 at y = 4.425168
phi_m, max: -0.000000 at y = 4.420000./ phi_m, min: -0.001102 at y = 4.425587
phi_m, max: 0.019432 at y = 4.391429./ phi_m, min: -0.000599 at y = 4.630000
phi_m, max: 15.051283 at y = 4.391429./ phi_m, min: 0.000000 at y = 4.420000
phi_m, max: 115.933807 at y = 4.426426./ phi_m, min: 0.000000 at y = 4.420000
phi_m, max: 108.825327 at y = 4.630000./ phi_m, min: 0.000000 at y = 4.420000
phi_m, max: 92.268689 at y = 4.630000./ phi_m, min: 0.000000 at y = 4.420000


phi_m, max: 115.829979 at y = 0.228213./ phi_m, min: 0.000000 at y = 0.220000
phi_m, max: 105.912401 at y = 0.344286./ phi_m, min: 0.000000 at y = 0.220000
phi_m, max: 88.488870 at y = 0.344286./ phi_m, min: 0.000000 at y = 0.220000
phi_m, max: 68.543274 at y = 0.344286./ phi_m, min: 0.000000 at y = 0.220000
phi_m, max: 49.456652 at y = 0.344286./ phi_m, min: 0.000000 at y = 0.220000
phi_m, max: 32.251607 at y = 0.344286./ phi_m, min: 0.000000 at y = 0.220000
phi_m, max: 10.619790 at y = 0.344286./ phi_m, min: 0.000000 at y = 0.220000
phi_m, max: 1.168794 at y = 0.344286./ phi_m, min: 0.000000 at y = 0.220000
phi_m, max: -0.000000 at y = 0.220000./ phi_m, min: -0.218211 at y = 0.221175
phi_m, max: -0.000000 at y = 0.220000./ phi_m, min: -0.379595 at y = 0.221787
phi_m, max: -0.000000 at y = 0.220000./ phi_m, min: -0.466319 at y = 0.223213
phi_m, max: -0.000000 at y = 0.220000./ phi_m, min: -0.508923 at y = 0.224490
phi_m, max: -0.000000 at y = 0.220000./ phi_m, min: -0.519414 at y = 0.226426
phi_m, max: -0.000000 at y = 0.220000./ phi_m, min: -0.506772 at y = 0.227458


Writing: "Fiber2DEphapticPlaneL6Isolated_14.chk"
 (0.00183079s, XML)
phi_m, max: -0.000000 at y = 6.310000./ phi_m, min: -0.001162 at y = 6.318213
phi_m, max: -0.000000 at y = 6.310000./ phi_m, min: -0.001171 at y = 6.318213
phi_m, max: -0.000000 at y = 6.310000./ phi_m, min: -0.001162 at y = 6.318213
phi_m, max: -0.000000 at y = 6.310000./ phi_m, min: -0.001152 at y = 6.318213
phi_m, max: -0.000000 at y = 6.310000./ phi_m, min: -0.001142 at y = 6.318213
phi_m, max: -0.000000 at y = 6.310000./ phi_m, min: -0.001133 at y = 6.318213
phi_m, max: -0.000000 at y = 6.310000./ phi_m, min: -0.001126 at y = 6.318213
phi_m, max: -0.000000 at y = 6.310000./ phi_m, min: -0.001120 at y = 6.318213
phi_m, max: -0.000000 at y = 6.310000./ phi_m, min: -0.001114 at y = 6.318213
phi_m, max: -0.000000 at y = 6.310000./ phi_m, min: -0.001109 at y = 6.318213
phi_m, max: -0.000000 at y = 6.310000./ phi_m, min: -0.001105 at y = 6.318213
phi_m, max: -0.000000 at y = 6.310000./ phi_m, min: -0.001102 at y = 6.318213
phi_m, max: -0.000000 at y = 6.310000./ phi_m, min: -0.001098 at y = 6.318213
phi_m, max: -0.000000 at y = 6.310000./ phi_m, min: -0.001094 at y = 6.318376
phi_m, max: 0.023149 at y = 6.110000./ phi_m, min: -0.000043 at y = 6.320000


phi_m, max: 18.893457 at y = 0.640000./ phi_m, min: 0.000000 at y = 0.650000
phi_m, max: 115.962318 at y = 0.646426./ phi_m, min: 0.000000 at y = 0.650000
phi_m, max: 114.048495 at y = 0.859413./ phi_m, min: 0.000000 at y = 0.650000
phi_m, max: 100.508078 at y = 0.860000./ phi_m, min: 0.000000 at y = 0.650000
phi_m, max: 81.653519 at y = 0.860000./ phi_m, min: 0.000000 at y = 0.650000
phi_m, max: 61.572365 at y = 0.860000./ phi_m, min: 0.000000 at y = 0.650000
phi_m, max: 43.380144 at y = 0.860000./ phi_m, min: 0.000000 at y = 0.650000
phi_m, max: 24.950151 at y = 0.860000./ phi_m, min: 0.000000 at y = 0.650000
phi_m, max: 5.252657 at y = 0.860000./ phi_m, min: 0.000000 at y = 0.650000
phi_m, max: 0.387205 at y = 0.860000./ phi_m, min: -0.241736 at y = 0.640000
phi_m, max: -0.000000 at y = 0.650000./ phi_m, min: -0.395019 at y = 0.640000
phi_m, max: -0.000000 at y = 0.650000./ phi_m, min: -0.473778 at y = 0.640587
phi_m, max: -0.000000 at y = 0.650000./ phi_m, min: -0.511388 at y = 0.641624
phi_m, max: -0.000000 at y = 0.650000./ phi_m, min: -0.520635 at y = 0.644832
phi_m, max: -0.000000 at y = 0.650000./ phi_m, min: -0.517918 at y = 0.856426


phi_m, max: -0.000000 at y = 1.270000./ phi_m, min: -0.001127 at y = 1.278213
phi_m, max: 0.294549 at y = 1.070000./ phi_m, min: 0.000000 at y = 1.270000
phi_m, max: 104.482222 at y = 1.070000./ phi_m, min: 0.000000 at y = 1.270000
phi_m, max: 114.883380 at y = 1.278376./ phi_m, min: 0.000000 at y = 1.270000
phi_m, max: 102.444573 at y = 1.279413./ phi_m, min: 0.000000 at y = 1.270000
phi_m, max: 83.985286 at y = 1.308571./ phi_m, min: 0.000000 at y = 1.270000
phi_m, max: 63.914494 at y = 1.308571./ phi_m, min: 0.000000 at y = 1.270000
phi_m, max: 45.412957 at y = 1.308571./ phi_m, min: 0.000000 at y = 1.270000
phi_m, max: 27.604317 at y = 1.308571./ phi_m, min: 0.000000 at y = 1.270000
phi_m, max: 6.773419 at y = 1.308571./ phi_m, min: 0.000000 at y = 1.270000
phi_m, max: 0.588895 at y = 1.308571./ phi_m, min: -0.019858 at y = 1.070000
phi_m, max: -0.000000 at y = 1.270000./ phi_m, min: -0.314857 at y = 1.070000
phi_m, max: -0.000000 at y = 1.270000./ phi_m, min: -0.431035 at y = 1.070000
phi_m, max: -0.000000 at y = 1.270000./ phi_m, min: -0.490614 at y = 1.070000
phi_m, max: -0.000000 at y = 1.270000./ phi_m, min: -0.516923 at y = 1.272542


phi_m, max: -0.000000 at y = 3.370000./ phi_m, min: -0.001153 at y = 3.375168
phi_m, max: -0.000000 at y = 3.370000./ phi_m, min: -0.001162 at y = 3.374832
phi_m, max: -0.000000 at y = 3.370000./ phi_m, min: -0.001153 at y = 3.374832
phi_m, max: -0.000000 at y = 3.370000./ phi_m, min: -0.001143 at y = 3.375168
phi_m, max: -0.000000 at y = 3.370000./ phi_m, min: -0.001133 at y = 3.375168
phi_m, max: -0.000000 at y = 3.370000./ phi_m, min: -0.001124 at y = 3.375168
phi_m, max: 0.003593 at y = 3.341429./ phi_m, min: -0.000974 at y = 3.551429
phi_m, max: 3.468323 at y = 3.341429./ phi_m, min: 0.000000 at y = 3.370000
phi_m, max: 115.812488 at y = 3.371624./ phi_m, min: 0.000000 at y = 3.370000
phi_m, max: 111.118954 at y = 3.551429./ phi_m, min: 0.000000 at y = 3.370000
phi_m, max: 95.858603 at y = 3.551429./ phi_m, min: 0.000000 at y = 3.370000
phi_m, max: 76.404143 at y = 3.551429./ phi_m, min: 0.000000 at y = 3.370000
phi_m, max: 56.568970 at y = 3.551429./ phi_m, min: 0.000000 at y = 3.370000
phi_m, max: 39.029027 at y = 3.551429./ phi_m, min: 0.000000 at y = 3.370000
phi_m, max: 18.986181 at y = 3.551429./ phi_m, min: 0.000000 at y = 3.370000


phi_m, max: -0.000000 at y = 1.518571./ phi_m, min: -0.001153 at y = 1.695168
phi_m, max: -0.000000 at y = 1.518571./ phi_m, min: -0.001147 at y = 1.696787
phi_m, max: 0.131643 at y = 1.490000./ phi_m, min: 0.000000 at y = 1.518571
phi_m, max: 83.454072 at y = 1.490000./ phi_m, min: 0.000000 at y = 1.518571
phi_m, max: 115.553562 at y = 1.698376./ phi_m, min: 0.000000 at y = 1.518571
phi_m, max: 104.324704 at y = 1.699413./ phi_m, min: 0.000000 at y = 1.518571
phi_m, max: 86.263429 at y = 1.728571./ phi_m, min: 0.000000 at y = 1.518571
phi_m, max: 66.214197 at y = 1.728571./ phi_m, min: 0.000000 at y = 1.518571
phi_m, max: 47.401587 at y = 1.728571./ phi_m, min: 0.000000 at y = 1.518571
phi_m, max: 29.961206 at y = 1.728571./ phi_m, min: 0.000000 at y = 1.518571
phi_m, max: 8.483434 at y = 1.728571./ phi_m, min: 0.000000 at y = 1.518571
phi_m, max: 0.832583 at y = 1.728571./ phi_m, min: 0.000000 at y = 1.518571
phi_m, max: -0.000000 at y = 1.518571./ phi_m, min: -0.295360 at y = 1.490000
phi_m, max: -0.000000 at y = 1.518571./ phi_m, min: -0.420952 at y = 1.490000
phi_m, max: -0.000000 at y = 1.518571./ phi_m, min: -0.485845 at y = 1.490000


phi_m, max: -0.000000 at y = 2.110000./ phi_m, min: -0.001153 at y = 2.115168
phi_m, max: -0.000000 at y = 2.110000./ phi_m, min: -0.001162 at y = 2.115168
phi_m, max: -0.000000 at y = 2.110000./ phi_m, min: -0.001146 at y = 2.116367
phi_m, max: 0.057853 at y = 1.938571./ phi_m, min: 0.000000 at y = 2.110000
phi_m, max: 49.175436 at y = 1.938571./ phi_m, min: 0.000000 at y = 2.110000
phi_m, max: 115.860600 at y = 2.117458./ phi_m, min: 0.000000 at y = 2.110000
phi_m, max: 106.118442 at y = 2.119413./ phi_m, min: 0.000000 at y = 2.110000
phi_m, max: 88.582685 at y = 2.177143./ phi_m, min: 0.000000 at y = 2.110000
phi_m, max: 68.627146 at y = 2.177143./ phi_m, min: 0.000000 at y = 2.110000
phi_m, max: 49.523746 at y = 2.177143./ phi_m, min: 0.000000 at y = 2.110000
phi_m, max: 32.304950 at y = 2.177143./ phi_m, min: 0.000000 at y = 2.110000
phi_m, max: 10.640397 at y = 2.177143./ phi_m, min: 0.000000 at y = 2.110000
phi_m, max: 1.172477 at y = 2.177143./ phi_m, min: 0.000000 at y = 2.110000
phi_m, max: -0.000000 at y = 2.110000./ phi_m, min: -0.271684 at y = 1.938571
phi_m, max: -0.000000 at y = 2.110000./ phi_m, min: -0.408610 at y = 1.938571


phi_m, max: -0.000000 at y = 2.950000./ phi_m, min: -0.001153 at y = 2.954832
phi_m, max: -0.000000 at y = 2.950000./ phi_m, min: -0.001162 at y = 2.955168
phi_m, max: -0.000000 at y = 2.950000./ phi_m, min: -0.001153 at y = 2.955168
phi_m, max: -0.000000 at y = 2.950000./ phi_m, min: -0.001143 at y = 2.955168
phi_m, max: -0.000000 at y = 2.950000./ phi_m, min: -0.001131 at y = 2.955449
phi_m, max: 0.011849 at y = 2.807143./ phi_m, min: -0.000792 at y = 3.045714
phi_m, max: 9.518874 at y = 2.807143./ phi_m, min: 0.000000 at y = 2.950000
phi_m, max: 115.909075 at y = 2.953633./ phi_m, min: 0.000000 at y = 2.950000
phi_m, max: 109.405803 at y = 2.959413./ phi_m, min: 0.000000 at y = 2.950000
phi_m, max: 93.087542 at y = 3.045714./ phi_m, min: 0.000000 at y = 2.950000
phi_m, max: 73.417630 at y = 3.045714./ phi_m, min: 0.000000 at y = 2.950000
phi_m, max: 53.828578 at y = 3.045714./ phi_m, min: 0.000000 at y = 2.950000
phi_m, max: 36.556644 at y = 3.045714./ phi_m, min: 0.000000 at y = 2.950000
phi_m, max: 15.654508 at y = 3.045714./ phi_m, min: 0.000000 at y = 2.950000
phi_m, max: 2.148791 at y = 3.045714./ phi_m, min: 0.000000 at y = 2.950000


phi_m, max: -0.000000 at y = 5.260000./ phi_m, min: -0.001153 at y = 5.264832
phi_m, max: -0.000000 at y = 5.260000./ phi_m, min: -0.001162 at y = 5.265168
phi_m, max: -0.000000 at y = 5.260000./ phi_m, min: -0.001153 at y = 5.265168
phi_m, max: -0.000000 at y = 5.260000./ phi_m, min: -0.001143 at y = 5.265168
phi_m, max: -0.000000 at y = 5.260000./ phi_m, min: -0.001133 at y = 5.265168
phi_m, max: -0.000000 at y = 5.260000./ phi_m, min: -0.001125 at y = 5.265168
phi_m, max: -0.000000 at y = 5.260000./ phi_m, min: -0.001117 at y = 5.265168
phi_m, max: -0.000000 at y = 5.260000./ phi_m, min: -0.001111 at y = 5.265168
phi_m, max: -0.000000 at y = 5.260000./ phi_m, min: -0.001106 at y = 5.265168
phi_m, max: -0.000000 at y = 5.260000./ phi_m, min: -0.001101 at y = 5.265168
phi_m, max: -0.000000 at y = 5.260000./ phi_m, min: -0.001096 at y = 5.265168
phi_m, max: 0.004417 at y = 5.063356./ phi_m, min: -0.000936 at y = 5.298571
phi_m, max: 4.065308 at y = 5.063356./ phi_m, min: 0.000000 at y = 5.260000
phi_m, max: 115.755553 at y = 5.261787./ phi_m, min: 0.000000 at y = 5.260000
phi_m, max: 111.118466 at y = 5.269413./ phi_m, min: 0.000000 at y = 5.260000


phi_m, max: -0.000000 at y = 2.740000./ phi_m, min: -0.001153 at y = 2.744832
phi_m, max: -0.000000 at y = 2.740000./ phi_m, min: -0.001162 at y = 2.745168
phi_m, max: -0.000000 at y = 2.740000./ phi_m, min: -0.001153 at y = 2.745168
phi_m, max: -0.000000 at y = 2.740000./ phi_m, min: -0.001143 at y = 2.745168
phi_m, max: -0.000000 at y = 2.740000./ phi_m, min: -0.001093 at y = 2.748825
phi_m, max: 0.524967 at y = 2.597143./ phi_m, min: 0.000000 at y = 2.740000
phi_m, max: 110.624607 at y = 2.597143./ phi_m, min: 0.000000 at y = 2.740000
phi_m, max: 114.210398 at y = 2.749413./ phi_m, min: 0.000000 at y = 2.740000
phi_m, max: 100.939700 at y = 2.835714./ phi_m, min: 0.000000 at y = 2.740000
phi_m, max: 82.293646 at y = 2.835714./ phi_m, min: 0.000000 at y = 2.740000
phi_m, max: 62.267718 at y = 2.835714./ phi_m, min: 0.000000 at y = 2.740000
phi_m, max: 44.011144 at y = 2.835714./ phi_m, min: 0.000000 at y = 2.740000
phi_m, max: 25.880762 at y = 2.835714./ phi_m, min: 0.000000 at y = 2.740000
phi_m, max: 5.775561 at y = 2.835714./ phi_m, min: 0.000000 at y = 2.740000
phi_m, max: 0.456113 at y = 2.835714./ phi_m, min: -0.060743 at y = 2.597143


phi_m, max: 112.624926 at y = 0.018213./ phi_m, min: 0.000000 at y = -0.010000
phi_m, max: 97.591567 at y = 0.018213./ phi_m, min: 0.000000 at y = -0.010000
phi_m, max: 78.306002 at y = 0.134286./ phi_m, min: 0.000000 at y = -0.010000
phi_m, max: 58.476535 at y = 0.134286./ phi_m, min: 0.000000 at y = -0.010000
phi_m, max: 40.847335 at y = 0.134286./ phi_m, min: 0.000000 at y = -0.010000
phi_m, max: 22.173906 at y = 0.134286./ phi_m, min: 0.000000 at y = -0.010000
phi_m, max: 4.093920 at y = 0.134286./ phi_m, min: 0.000000 at y = -0.010000
phi_m, max: 0.290113 at y = 0.006787./ phi_m, min: 0.000000 at y = -0.010000
phi_m, max: -0.000000 at y = -0.010000./ phi_m, min: -0.210813 at y = 0.134286
phi_m, max: -0.000000 at y = -0.010000./ phi_m, min: -0.366509 at y = 0.134286
phi_m, max: -0.000000 at y = -0.010000./ phi_m, min: -0.450270 at y = 0.134286
phi_m, max: -0.000000 at y = -0.010000./ phi_m, min: -0.489887 at y = 0.134286
phi_m, max: -0.000000 at y = -0.010000./ phi_m, min: -0.497524 at y = 0.134286
phi_m, max: -0.000000 at y = -0.010000./ phi_m, min: -0.483859 at y = 0.018376
phi_m, max: -0.000000 at y = -0.010000./ phi_m, min: -0.456568 at y = 0.017458


phi_m, max: 114.270515 at y = 0.430587./ phi_m, min: -0.001124 at y = 3.198571
phi_m, max: 112.995228 at y = 0.439413./ phi_m, min: -0.001133 at y = 3.341429
phi_m, max: 98.507055 at y = 0.440000./ phi_m, min: -0.001125 at y = 3.341429
phi_m, max: 79.334432 at y = 0.440000./ phi_m, min: -0.001114 at y = 3.341429
phi_m, max: 59.322314 at y = 0.440000./ phi_m, min: -0.001105 at y = 3.341429
phi_m, max: 41.434949 at y = 0.440000./ phi_m, min: -0.001090 at y = 3.341429
phi_m, max: 22.296643 at y = 0.440000./ phi_m, min: 0.000000 at y = 0.430000
phi_m, max: 4.480422 at y = 3.198571./ phi_m, min: 0.000000 at y = 0.430000
phi_m, max: 114.584028 at y = 3.341429./ phi_m, min: -0.112950 at y = 0.344286
phi_m, max: 103.430016 at y = 3.341429./ phi_m, min: -0.342296 at y = 0.344286
phi_m, max: 85.242653 at y = 3.341429./ phi_m, min: -0.444503 at y = 0.344286
phi_m, max: 65.177600 at y = 3.341429./ phi_m, min: -0.498707 at y = 0.431624
phi_m, max: 46.502200 at y = 3.341429./ phi_m, min: -0.519414 at y = 0.433574
phi_m, max: 28.913298 at y = 3.341429./ phi_m, min: -0.516659 at y = 0.436426
phi_m, max: 7.681535 at y = 3.341429./ phi_m, min: -0.495828 at y = 0.437458


phi_m, max: -0.000000 at y = 5.928571./ phi_m, min: -0.001153 at y = 6.105168
phi_m, max: -0.000000 at y = 5.928571./ phi_m, min: -0.001162 at y = 6.105168
phi_m, max: -0.000000 at y = 5.928571./ phi_m, min: -0.001154 at y = 6.105168
phi_m, max: -0.000000 at y = 5.928571./ phi_m, min: -0.001143 at y = 6.105168
phi_m, max: -0.000000 at y = 5.928571./ phi_m, min: -0.001133 at y = 6.105168
phi_m, max: -0.000000 at y = 5.928571./ phi_m, min: -0.001125 at y = 6.105168
phi_m, max: -0.000000 at y = 5.928571./ phi_m, min: -0.001118 at y = 6.105168
phi_m, max: -0.000000 at y = 5.928571./ phi_m, min: -0.001111 at y = 6.105168
phi_m, max: -0.000000 at y = 5.928571./ phi_m, min: -0.001106 at y = 6.105168
phi_m, max: -0.000000 at y = 5.928571./ phi_m, min: -0.001101 at y = 6.105168
phi_m, max: -0.000000 at y = 5.928571./ phi_m, min: -0.001097 at y = 6.105168
phi_m, max: -0.000000 at y = 5.928571./ phi_m, min: -0.001093 at y = 6.105168
phi_m, max: -0.000000 at y = 5.928571./ phi_m, min: -0.001090 at y = 6.105168
phi_m, max: 0.000143 at y = 5.900000./ phi_m, min: -0.001035 at y = 6.109413
phi_m, max: 0.982104 at y = 5.900000./ phi_m, min: 0.000000 at y = 5.928571


phi_m, max: 115.829979 at y = 0.228213./ phi_m, min: 0.000000 at y = 0.220000
phi_m, max: 105.912401 at y = 0.344286./ phi_m, min: 0.000000 at y = 0.220000
phi_m, max: 88.488870 at y = 0.344286./ phi_m, min: 0.000000 at y = 0.220000
phi_m, max: 68.543274 at y = 0.344286./ phi_m, min: 0.000000 at y = 0.220000
phi_m, max: 49.456652 at y = 0.344286./ phi_m, min: 0.000000 at y = 0.220000
phi_m, max: 32.251607 at y = 0.344286./ phi_m, min: 0.000000 at y = 0.220000
phi_m, max: 10.619790 at y = 0.344286./ phi_m, min: 0.000000 at y = 0.220000
phi_m, max: 1.168794 at y = 0.344286./ phi_m, min: 0.000000 at y = 0.220000
phi_m, max: -0.000000 at y = 0.220000./ phi_m, min: -0.218211 at y = 0.221175
phi_m, max: -0.000000 at y = 0.220000./ phi_m, min: -0.379595 at y = 0.221787
phi_m, max: -0.000000 at y = 0.220000./ phi_m, min: -0.466319 at y = 0.223213
phi_m, max: -0.000000 at y = 0.220000./ phi_m, min: -0.508923 at y = 0.224490
phi_m, max: -0.000000 at y = 0.220000./ phi_m, min: -0.519414 at y = 0.226426
phi_m, max: -0.000000 at y = 0.220000./ phi_m, min: -0.506772 at y = 0.227458
phi_m, max: -0.000000 at y = 0.220000./ phi_m, min: -0.478776 at y = 0.227458


phi_m, max: -0.000000 at y = 5.480000./ phi_m, min: -0.001153 at y = 5.685168
phi_m, max: -0.000000 at y = 5.480000./ phi_m, min: -0.001162 at y = 5.685168
phi_m, max: -0.000000 at y = 5.480000./ phi_m, min: -0.001153 at y = 5.685168
phi_m, max: -0.000000 at y = 5.480000./ phi_m, min: -0.001143 at y = 5.685168
phi_m, max: -0.000000 at y = 5.480000./ phi_m, min: -0.001133 at y = 5.685168
phi_m, max: -0.000000 at y = 5.480000./ phi_m, min: -0.001125 at y = 5.685168
phi_m, max: -0.000000 at y = 5.480000./ phi_m, min: -0.001117 at y = 5.685168
phi_m, max: -0.000000 at y = 5.480000./ phi_m, min: -0.001111 at y = 5.685168
phi_m, max: -0.000000 at y = 5.480000./ phi_m, min: -0.001106 at y = 5.685168
phi_m, max: -0.000000 at y = 5.480000./ phi_m, min: -0.001101 at y = 5.685168
phi_m, max: -0.000000 at y = 5.480000./ phi_m, min: -0.001097 at y = 5.685168
phi_m, max: -0.000000 at y = 5.480000./ phi_m, min: -0.001093 at y = 5.685168
phi_m, max: 0.001413 at y = 5.480000./ phi_m, min: -0.001004 at y = 5.690000
phi_m, max: 1.980539 at y = 5.480000./ phi_m, min: 0.000000 at y = 5.480000
phi_m, max: 115.063924 at y = 5.680587./ phi_m, min: 0.000000 at y = 5.480000


phi_m, max: -0.000000 at y = 3.971429./ phi_m, min: -0.001126 at y = 4.000000
phi_m, max: -0.000000 at y = 3.971429./ phi_m, min: -0.001135 at y = 4.210000
phi_m, max: -0.000000 at y = 3.971429./ phi_m, min: -0.001127 at y = 4.210000
phi_m, max: -0.000000 at y = 3.971429./ phi_m, min: -0.001116 at y = 4.210000
phi_m, max: -0.000000 at y = 3.971429./ phi_m, min: -0.001107 at y = 4.210000
phi_m, max: -0.000000 at y = 3.971429./ phi_m, min: -0.001099 at y = 4.210000
phi_m, max: -0.000000 at y = 3.971429./ phi_m, min: -0.001091 at y = 4.210000
phi_m, max: -0.000000 at y = 3.971429./ phi_m, min: -0.001084 at y = 4.210000
phi_m, max: 0.046448 at y = 3.885714./ phi_m, min: -0.000136 at y = 4.210000
phi_m, max: 39.483976 at y = 3.885714./ phi_m, min: 0.000000 at y = 3.971429
phi_m, max: 114.258289 at y = 4.010000./ phi_m, min: 0.000000 at y = 3.971429
phi_m, max: 107.235335 at y = 4.210000./ phi_m, min: 0.000000 at y = 3.971429
phi_m, max: 90.065210 at y = 4.210000./ phi_m, min: 0.000000 at y = 3.971429
phi_m, max: 70.104670 at y = 4.210000./ phi_m, min: 0.000000 at y = 3.971429
phi_m, max: 50.797397 at y = 4.210000./ phi_m, min: 0.000000 at y = 3.971429


phi_m, max: -0.000000 at y = 4.850000./ phi_m, min: -0.001153 at y = 5.055168
phi_m, max: -0.000000 at y = 4.850000./ phi_m, min: -0.001162 at y = 4.844832
phi_m, max: -0.000000 at y = 4.850000./ phi_m, min: -0.001153 at y = 4.844832
phi_m, max: -0.000000 at y = 4.850000./ phi_m, min: -0.001143 at y = 4.844832
phi_m, max: -0.000000 at y = 4.850000./ phi_m, min: -0.001133 at y = 4.844832
phi_m, max: -0.000000 at y = 4.850000./ phi_m, min: -0.001125 at y = 4.844832
phi_m, max: -0.000000 at y = 4.850000./ phi_m, min: -0.001117 at y = 4.844832
phi_m, max: -0.000000 at y = 4.850000./ phi_m, min: -0.001111 at y = 5.054832
phi_m, max: -0.000000 at y = 4.850000./ phi_m, min: -0.001106 at y = 5.055168
phi_m, max: -0.000000 at y = 4.850000./ phi_m, min: -0.001101 at y = 5.055168
phi_m, max: 0.007533 at y = 4.840000./ phi_m, min: -0.001075 at y = 5.057458
phi_m, max: 6.350398 at y = 4.840000./ phi_m, min: 0.000000 at y = 4.850000
phi_m, max: 115.906805 at y = 4.842542./ phi_m, min: 0.000000 at y = 4.850000
phi_m, max: 115.152388 at y = 5.058376./ phi_m, min: 0.000000 at y = 4.850000
phi_m, max: 103.094506 at y = 5.060000./ phi_m, min: 0.000000 at y = 4.850000


phi_m, max: -0.000000 at y = 4.210000./ phi_m, min: -0.001153 at y = 4.215168
phi_m, max: -0.000000 at y = 4.210000./ phi_m, min: -0.001162 at y = 4.214832
phi_m, max: -0.000000 at y = 4.210000./ phi_m, min: -0.001153 at y = 4.214832
phi_m, max: -0.000000 at y = 4.210000./ phi_m, min: -0.001143 at y = 4.214832
phi_m, max: -0.000000 at y = 4.210000./ phi_m, min: -0.001133 at y = 4.214832
phi_m, max: -0.000000 at y = 4.210000./ phi_m, min: -0.001125 at y = 4.215168
phi_m, max: -0.000000 at y = 4.210000./ phi_m, min: -0.001117 at y = 4.215168
phi_m, max: -0.000000 at y = 4.210000./ phi_m, min: -0.001111 at y = 4.215168
phi_m, max: -0.000000 at y = 4.210000./ phi_m, min: -0.001057 at y = 4.420000
phi_m, max: 0.785040 at y = 4.210000./ phi_m, min: 0.000000 at y = 4.210000
phi_m, max: 113.282362 at y = 4.210000./ phi_m, min: 0.000000 at y = 4.210000
phi_m, max: 113.637488 at y = 4.420000./ phi_m, min: 0.000000 at y = 4.210000
phi_m, max: 100.262397 at y = 4.420000./ phi_m, min: 0.000000 at y = 4.210000
phi_m, max: 81.363524 at y = 4.420000./ phi_m, min: 0.000000 at y = 4.210000
phi_m, max: 61.287792 at y = 4.420000./ phi_m, min: 0.000000 at y = 4.210000


phi_m, max: -0.000000 at y = 1.480000./ phi_m, min: -0.001152 at y = 1.485168
phi_m, max: 0.005816 at y = 1.308571./ phi_m, min: -0.000962 at y = 1.518571
phi_m, max: 5.150036 at y = 1.308571./ phi_m, min: 0.000000 at y = 1.480000
phi_m, max: 115.881761 at y = 1.481624./ phi_m, min: 0.000000 at y = 1.480000
phi_m, max: 110.628864 at y = 1.489413./ phi_m, min: 0.000000 at y = 1.480000
phi_m, max: 94.697881 at y = 1.490000./ phi_m, min: 0.000000 at y = 1.480000
phi_m, max: 75.119998 at y = 1.518571./ phi_m, min: 0.000000 at y = 1.480000
phi_m, max: 55.371945 at y = 1.518571./ phi_m, min: 0.000000 at y = 1.480000
phi_m, max: 37.955804 at y = 1.518571./ phi_m, min: 0.000000 at y = 1.480000
phi_m, max: 17.479702 at y = 1.518571./ phi_m, min: 0.000000 at y = 1.480000
phi_m, max: 2.588111 at y = 1.518571./ phi_m, min: 0.000000 at y = 1.480000
phi_m, max: 0.060715 at y = 1.518571./ phi_m, min: -0.194830 at y = 1.308571
phi_m, max: -0.000000 at y = 1.480000./ phi_m, min: -0.373771 at y = 1.308571
phi_m, max: -0.000000 at y = 1.480000./ phi_m, min: -0.461577 at y = 1.308571
phi_m, max: -0.000000 at y = 1.480000./ phi_m, min: -0.505537 at y = 1.481624


phi_m, max: 0.015271 at y = 0.860000./ phi_m, min: -0.000723 at y = 1.070000
phi_m, max: 12.013272 at y = 0.860000./ phi_m, min: 0.000000 at y = 0.888571
phi_m, max: 115.904112 at y = 1.063633./ phi_m, min: 0.000000 at y = 0.888571
phi_m, max: 109.137075 at y = 1.069413./ phi_m, min: 0.000000 at y = 0.888571
phi_m, max: 92.540970 at y = 1.070000./ phi_m, min: 0.000000 at y = 0.888571
phi_m, max: 72.734563 at y = 1.070000./ phi_m, min: 0.000000 at y = 0.888571
phi_m, max: 53.159701 at y = 1.070000./ phi_m, min: 0.000000 at y = 0.888571
phi_m, max: 35.884004 at y = 1.070000./ phi_m, min: 0.000000 at y = 0.888571
phi_m, max: 14.654216 at y = 1.070000./ phi_m, min: 0.000000 at y = 0.888571
phi_m, max: 1.922336 at y = 1.070000./ phi_m, min: 0.000000 at y = 0.888571
phi_m, max: -0.000000 at y = 0.888571./ phi_m, min: -0.228129 at y = 0.860000
phi_m, max: -0.000000 at y = 0.888571./ phi_m, min: -0.388670 at y = 0.860000
phi_m, max: -0.000000 at y = 0.888571./ phi_m, min: -0.469793 at y = 0.860000
phi_m, max: -0.000000 at y = 0.888571./ phi_m, min: -0.508687 at y = 1.061624
phi_m, max: -0.000000 at y = 0.888571./ phi_m, min: -0.520634 at y = 1.064490


phi_m, max: -0.000000 at y = 4.640000./ phi_m, min: -0.001153 at y = 4.634832
phi_m, max: -0.000000 at y = 4.640000./ phi_m, min: -0.001162 at y = 4.635168
phi_m, max: -0.000000 at y = 4.640000./ phi_m, min: -0.001153 at y = 4.635168
phi_m, max: -0.000000 at y = 4.640000./ phi_m, min: -0.001143 at y = 4.635168
phi_m, max: -0.000000 at y = 4.640000./ phi_m, min: -0.001133 at y = 4.635168
phi_m, max: -0.000000 at y = 4.640000./ phi_m, min: -0.001125 at y = 4.635168
phi_m, max: -0.000000 at y = 4.640000./ phi_m, min: -0.001117 at y = 4.635168
phi_m, max: -0.000000 at y = 4.640000./ phi_m, min: -0.001111 at y = 4.635168
phi_m, max: -0.000000 at y = 4.640000./ phi_m, min: -0.001105 at y = 4.635168
phi_m, max: -0.000000 at y = 4.640000./ phi_m, min: -0.001064 at y = 4.638825
phi_m, max: 0.348577 at y = 4.630000./ phi_m, min: 0.000000 at y = 4.640000
phi_m, max: 106.754372 at y = 4.630000./ phi_m, min: 0.000000 at y = 4.640000
phi_m, max: 114.409539 at y = 4.840000./ phi_m, min: 0.000000 at y = 4.640000
phi_m, max: 102.203202 at y = 4.840000./ phi_m, min: 0.000000 at y = 4.640000
phi_m, max: 83.670203 at y = 4.840000./ phi_m, min: 0.000000 at y = 4.640000


Steps: 15000000 Time: 1.5         

Time: 0.100000
CPU Time: 74.486909 min.
phi_m, max: -0.000000 at y = 3.131429./ phi_m, min: -0.001161 at y = 6.320000

Time: 0.200000
CPU Time: 74.595730 min.
phi_m, max: -0.000000 at y = 3.131429./ phi_m, min: -0.001170 at y = 6.320000

Time: 0.300000
CPU Time: 74.501474 min.
phi_m, max: -0.000000 at y = 3.131429./ phi_m, min: -0.001161 at y = 6.320000

Time: 0.400000
CPU Time: 74.544145 min.
phi_m, max: -0.000000 at y = 3.131429./ phi_m, min: -0.001150 at y = 6.320000

Time: 0.500000
CPU Time: 75.202637 min.
phi_m, max: -0.000000 at y = 3.131429./ phi_m, min: -0.001141 at y = 6.320000

Time: 0.600000
CPU Time: 75.424555 min.
phi_m, max: -0.000000 at y = 3.131429./ phi_m, min: -0.001132 at y = 6.320000

Time: 0.700000
CPU Time: 75.120902 min.
phi_m, max: 0.221976 at y = 3.045714./ phi_m, min: -0.001125 at y = 6.320000

Time: 0.800000
CPU Time: 74.630763 min.
phi_m, max: 96.525729 at y = 3.045714./ phi_m, min: -0.001118 at y = 6.320000

Time: 0.900000
CPU Time: 74.039679 min.
phi_m, max: 115.022059 at y = 3.168376./ phi_m, min: -0.001113 at y = 6.320000

Time: 1.000000
CPU Time: 74.307984 min.
phi_m, max: 102.777951 at y = 3.169413./ phi_m, min: -0.001108 at y = 6.320000

Time: 1.100000
CPU Time: 74.713297 min.
phi_m, max: 84.458962 at y = 3.227143./ phi_m, min: -0.001104 at y = 6.320000

Time: 1.200000
CPU Time: 75.100201 min.
phi_m, max: 64.413000 at y = 3.227143./ phi_m, min: -0.001100 at y = 6.320000

Time: 1.300000
CPU Time: 76.690842 min.
phi_m, max: 45.854036 at y = 3.227143./ phi_m, min: -0.001097 at y = 6.320000

Time: 1.400000
CPU Time: 75.278158 min.
phi_m, max: 28.171697 at y = 3.227143./ phi_m, min: -0.001093 at y = 6.320000

Time: 1.500000
CPU Time: 74.815547 min.
phi_m, max: 7.169562 at y = 3.227143./ phi_m, min: -0.000043 at y = 6.320000


phi_m, max: 27.072587 at y = 0.440000./ phi_m, min: 0.000000 at y = 0.430000
phi_m, max: 115.962318 at y = 0.646426./ phi_m, min: 0.000000 at y = 0.430000
phi_m, max: 107.497158 at y = 0.649413./ phi_m, min: 0.000000 at y = 0.430000
phi_m, max: 90.342674 at y = 0.650000./ phi_m, min: 0.000000 at y = 0.430000
phi_m, max: 70.397993 at y = 0.650000./ phi_m, min: 0.000000 at y = 0.430000
phi_m, max: 51.059040 at y = 0.650000./ phi_m, min: 0.000000 at y = 0.430000
phi_m, max: 33.834448 at y = 0.650000./ phi_m, min: 0.000000 at y = 0.430000
phi_m, max: 12.186847 at y = 0.650000./ phi_m, min: 0.000000 at y = 0.430000
phi_m, max: 1.438481 at y = 0.650000./ phi_m, min: -0.000000 at y = 0.430000
phi_m, max: -0.000000 at y = 0.430000./ phi_m, min: -0.254718 at y = 0.440000
phi_m, max: -0.000000 at y = 0.430000./ phi_m, min: -0.401004 at y = 0.440000
phi_m, max: -0.000000 at y = 0.430000./ phi_m, min: -0.476110 at y = 0.440000
phi_m, max: -0.000000 at y = 0.430000./ phi_m, min: -0.511391 at y = 0.641787
phi_m, max: -0.000000 at y = 0.430000./ phi_m, min: -0.520635 at y = 0.644832
phi_m, max: -0.000000 at y = 0.430000./ phi_m, min: -0.509245 at y = 0.646426


phi_m, max: -0.000000 at y = 5.050000./ phi_m, min: -0.001153 at y = 5.055168
phi_m, max: -0.000000 at y = 5.050000./ phi_m, min: -0.001162 at y = 5.475168
phi_m, max: -0.000000 at y = 5.050000./ phi_m, min: -0.001153 at y = 5.475168
phi_m, max: -0.000000 at y = 5.050000./ phi_m, min: -0.001143 at y = 5.475168
phi_m, max: -0.000000 at y = 5.050000./ phi_m, min: -0.001133 at y = 5.475168
phi_m, max: -0.000000 at y = 5.050000./ phi_m, min: -0.001125 at y = 5.475168
phi_m, max: -0.000000 at y = 5.050000./ phi_m, min: -0.001117 at y = 5.475168
phi_m, max: -0.000000 at y = 5.050000./ phi_m, min: -0.001111 at y = 5.475168
phi_m, max: -0.000000 at y = 5.050000./ phi_m, min: -0.001106 at y = 5.475168
phi_m, max: -0.000000 at y = 5.050000./ phi_m, min: -0.001101 at y = 5.475168
phi_m, max: -0.000000 at y = 5.050000./ phi_m, min: -0.001097 at y = 5.475168
phi_m, max: 0.155257 at y = 5.050000./ phi_m, min: -0.001081 at y = 5.476787
phi_m, max: 85.181852 at y = 5.050000./ phi_m, min: 0.000000 at y = 5.050000
phi_m, max: 115.152388 at y = 5.058376./ phi_m, min: 0.000000 at y = 5.050000
phi_m, max: 115.703960 at y = 5.478213./ phi_m, min: 0.000000 at y = 5.050000


phi_m, max: -0.000000 at y = 4.420000./ phi_m, min: -0.001153 at y = 4.424832
phi_m, max: -0.000000 at y = 4.420000./ phi_m, min: -0.001162 at y = 4.425168
phi_m, max: -0.000000 at y = 4.420000./ phi_m, min: -0.001153 at y = 4.425168
phi_m, max: -0.000000 at y = 4.420000./ phi_m, min: -0.001143 at y = 4.425168
phi_m, max: -0.000000 at y = 4.420000./ phi_m, min: -0.001133 at y = 4.425168
phi_m, max: -0.000000 at y = 4.420000./ phi_m, min: -0.001125 at y = 4.425168
phi_m, max: -0.000000 at y = 4.420000./ phi_m, min: -0.001117 at y = 4.425168
phi_m, max: -0.000000 at y = 4.420000./ phi_m, min: -0.001111 at y = 4.425168
phi_m, max: -0.000000 at y = 4.420000./ phi_m, min: -0.001102 at y = 4.425587
phi_m, max: 0.019432 at y = 4.391429./ phi_m, min: -0.000599 at y = 4.630000
phi_m, max: 15.051283 at y = 4.391429./ phi_m, min: 0.000000 at y = 4.420000
phi_m, max: 115.933807 at y = 4.426426./ phi_m, min: 0.000000 at y = 4.420000
phi_m, max: 108.825327 at y = 4.630000./ phi_m, min: 0.000000 at y = 4.420000
phi_m, max: 92.268689 at y = 4.630000./ phi_m, min: 0.000000 at y = 4.420000
phi_m, max: 72.440935 at y = 4.630000./ phi_m, min: 0.000000 at y = 4.420000


phi_m, max: -0.000000 at y = 2.358571./ phi_m, min: -0.001153 at y = 2.535168
phi_m, max: -0.000000 at y = 2.358571./ phi_m, min: -0.001162 at y = 2.535168
phi_m, max: -0.000000 at y = 2.358571./ phi_m, min: -0.001153 at y = 2.535168
phi_m, max: -0.000000 at y = 2.358571./ phi_m, min: -0.001139 at y = 2.535587
phi_m, max: 0.027657 at y = 2.387143./ phi_m, min: -0.000395 at y = 2.597143
phi_m, max: 21.375315 at y = 2.387143./ phi_m, min: 0.000000 at y = 2.358571
phi_m, max: 115.959152 at y = 2.536426./ phi_m, min: 0.000000 at y = 2.358571
phi_m, max: 107.815821 at y = 2.539413./ phi_m, min: 0.000000 at y = 2.358571
phi_m, max: 90.799157 at y = 2.597143./ phi_m, min: 0.000000 at y = 2.358571
phi_m, max: 70.952776 at y = 2.597143./ phi_m, min: 0.000000 at y = 2.358571
phi_m, max: 51.589745 at y = 2.597143./ phi_m, min: 0.000000 at y = 2.358571
phi_m, max: 34.406092 at y = 2.597143./ phi_m, min: 0.000000 at y = 2.358571
phi_m, max: 12.937600 at y = 2.597143./ phi_m, min: 0.000000 at y = 2.358571
phi_m, max: 1.581991 at y = 2.597143./ phi_m, min: 0.000000 at y = 2.358571
phi_m, max: -0.000000 at y = 2.358571./ phi_m, min: -0.245301 at y = 2.387143


phi_m, max: -0.000000 at y = 3.790000./ phi_m, min: -0.001153 at y = 4.004832
phi_m, max: -0.000000 at y = 3.790000./ phi_m, min: -0.001162 at y = 3.794832
phi_m, max: -0.000000 at y = 3.790000./ phi_m, min: -0.001153 at y = 3.794832
phi_m, max: -0.000000 at y = 3.790000./ phi_m, min: -0.001143 at y = 3.794832
phi_m, max: -0.000000 at y = 3.790000./ phi_m, min: -0.001133 at y = 4.005168
phi_m, max: -0.000000 at y = 3.790000./ phi_m, min: -0.001125 at y = 4.005168
phi_m, max: -0.000000 at y = 3.790000./ phi_m, min: -0.001117 at y = 4.005168
phi_m, max: 0.001019 at y = 3.761429./ phi_m, min: -0.001104 at y = 4.006367
phi_m, max: 1.643203 at y = 3.761429./ phi_m, min: 0.000000 at y = 3.790000
phi_m, max: 115.222757 at y = 3.790587./ phi_m, min: 0.000000 at y = 3.790000
phi_m, max: 115.888275 at y = 4.007458./ phi_m, min: 0.000000 at y = 3.790000
phi_m, max: 106.421434 at y = 4.009413./ phi_m, min: 0.000000 at y = 3.790000
phi_m, max: 88.890741 at y = 4.010000./ phi_m, min: 0.000000 at y = 3.790000
phi_m, max: 68.878995 at y = 4.010000./ phi_m, min: 0.000000 at y = 3.790000
phi_m, max: 49.713469 at y = 4.010000./ phi_m, min: 0.000000 at y = 3.790000


phi_m, max: -0.000000 at y = 3.580000./ phi_m, min: -0.001153 at y = 3.584832
phi_m, max: -0.000000 at y = 3.580000./ phi_m, min: -0.001162 at y = 3.585168
phi_m, max: -0.000000 at y = 3.580000./ phi_m, min: -0.001153 at y = 3.585168
phi_m, max: -0.000000 at y = 3.580000./ phi_m, min: -0.001143 at y = 3.585168
phi_m, max: -0.000000 at y = 3.580000./ phi_m, min: -0.001133 at y = 3.585168
phi_m, max: -0.000000 at y = 3.580000./ phi_m, min: -0.001125 at y = 3.585168
phi_m, max: -0.000000 at y = 3.580000./ phi_m, min: -0.001104 at y = 3.586787
phi_m, max: 0.084311 at y = 3.551429./ phi_m, min: 0.000000 at y = 3.580000
phi_m, max: 61.606778 at y = 3.551429./ phi_m, min: 0.000000 at y = 3.580000
phi_m, max: 115.633616 at y = 3.588376./ phi_m, min: 0.000000 at y = 3.580000
phi_m, max: 105.225071 at y = 3.761429./ phi_m, min: 0.000000 at y = 3.580000
phi_m, max: 87.507542 at y = 3.761429./ phi_m, min: 0.000000 at y = 3.580000
phi_m, max: 67.487283 at y = 3.761429./ phi_m, min: 0.000000 at y = 3.580000
phi_m, max: 48.510098 at y = 3.761429./ phi_m, min: 0.000000 at y = 3.580000
phi_m, max: 31.192398 at y = 3.761429./ phi_m, min: 0.000000 at y = 3.580000


phi_m, max: -0.000000 at y = 1.900000./ phi_m, min: -0.001153 at y = 1.905168
phi_m, max: -0.000000 at y = 1.900000./ phi_m, min: -0.001162 at y = 1.905168
phi_m, max: 0.001996 at y = 1.728571./ phi_m, min: -0.001050 at y = 1.963787
phi_m, max: 2.391697 at y = 1.728571./ phi_m, min: 0.000000 at y = 1.900000
phi_m, max: 115.332297 at y = 1.900587./ phi_m, min: 0.000000 at y = 1.900000
phi_m, max: 111.987642 at y = 1.909413./ phi_m, min: 0.000000 at y = 1.900000
phi_m, max: 96.831898 at y = 1.963787./ phi_m, min: 0.000000 at y = 1.900000
phi_m, max: 77.525785 at y = 1.963787./ phi_m, min: 0.000000 at y = 1.900000
phi_m, max: 57.643122 at y = 1.963787./ phi_m, min: 0.000000 at y = 1.900000
phi_m, max: 39.994060 at y = 1.963787./ phi_m, min: 0.000000 at y = 1.900000
phi_m, max: 20.373222 at y = 1.963787./ phi_m, min: 0.000000 at y = 1.900000
phi_m, max: 3.434113 at y = 1.963787./ phi_m, min: 0.000000 at y = 1.900000
phi_m, max: 0.162576 at y = 1.963787./ phi_m, min: -0.158968 at y = 1.728571
phi_m, max: -0.000000 at y = 1.900000./ phi_m, min: -0.359476 at y = 1.728571
phi_m, max: -0.000000 at y = 1.900000./ phi_m, min: -0.454039 at y = 1.728571


phi_m, max: -0.000000 at y = 5.690000./ phi_m, min: -0.001153 at y = 5.895168
phi_m, max: -0.000000 at y = 5.690000./ phi_m, min: -0.001162 at y = 5.895168
phi_m, max: -0.000000 at y = 5.690000./ phi_m, min: -0.001153 at y = 5.895168
phi_m, max: -0.000000 at y = 5.690000./ phi_m, min: -0.001143 at y = 5.895168
phi_m, max: -0.000000 at y = 5.690000./ phi_m, min: -0.001133 at y = 5.895168
phi_m, max: -0.000000 at y = 5.690000./ phi_m, min: -0.001125 at y = 5.895168
phi_m, max: -0.000000 at y = 5.690000./ phi_m, min: -0.001117 at y = 5.895168
phi_m, max: -0.000000 at y = 5.690000./ phi_m, min: -0.001111 at y = 5.895168
phi_m, max: -0.000000 at y = 5.690000./ phi_m, min: -0.001106 at y = 5.895168
phi_m, max: -0.000000 at y = 5.690000./ phi_m, min: -0.001101 at y = 5.895168
phi_m, max: -0.000000 at y = 5.690000./ phi_m, min: -0.001097 at y = 5.895168
phi_m, max: -0.000000 at y = 5.690000./ phi_m, min: -0.001093 at y = 5.895168
phi_m, max: -0.000000 at y = 5.690000./ phi_m, min: -0.001084 at y = 5.895916
phi_m, max: 0.047804 at y = 5.690000./ phi_m, min: 0.000000 at y = 5.690000
phi_m, max: 39.839520 at y = 5.690000./ phi_m, min: 0.000000 at y = 5.690000


phi_m, max: -0.000000 at y = 2.320000./ phi_m, min: -0.001153 at y = 2.324832
phi_m, max: -0.000000 at y = 2.320000./ phi_m, min: -0.001162 at y = 2.325168
phi_m, max: -0.000000 at y = 2.320000./ phi_m, min: -0.001153 at y = 2.325168
phi_m, max: 0.000273 at y = 2.177143./ phi_m, min: -0.001080 at y = 2.415714
phi_m, max: 1.166355 at y = 2.177143./ phi_m, min: 0.000000 at y = 2.320000
phi_m, max: 113.944591 at y = 2.177143./ phi_m, min: 0.000000 at y = 2.320000
phi_m, max: 113.192391 at y = 2.329413./ phi_m, min: 0.000000 at y = 2.320000
phi_m, max: 98.972318 at y = 2.415714./ phi_m, min: 0.000000 at y = 2.320000
phi_m, max: 79.987674 at y = 2.415714./ phi_m, min: 0.000000 at y = 2.320000
phi_m, max: 60.012911 at y = 2.415714./ phi_m, min: 0.000000 at y = 2.320000
phi_m, max: 42.066435 at y = 2.415714./ phi_m, min: 0.000000 at y = 2.320000
phi_m, max: 23.287092 at y = 2.415714./ phi_m, min: 0.000000 at y = 2.320000
phi_m, max: 4.524890 at y = 2.415714./ phi_m, min: 0.000000 at y = 2.320000
phi_m, max: 0.296396 at y = 2.415714./ phi_m, min: -0.112782 at y = 2.177143
phi_m, max: -0.000000 at y = 2.320000./ phi_m, min: -0.342515 at y = 2.177143


Writing: "Fiber2DEphapticPlaneL6Isolated_15.chk"
 (0.00191628s, XML)
phi_m, max: 112.624926 at y = 0.018213./ phi_m, min: 0.000000 at y = -0.010000
phi_m, max: 97.591567 at y = 0.018213./ phi_m, min: 0.000000 at y = -0.010000
phi_m, max: 78.306002 at y = 0.134286./ phi_m, min: 0.000000 at y = -0.010000
phi_m, max: 58.476535 at y = 0.134286./ phi_m, min: 0.000000 at y = -0.010000
phi_m, max: 40.847335 at y = 0.134286./ phi_m, min: 0.000000 at y = -0.010000
phi_m, max: 22.173906 at y = 0.134286./ phi_m, min: 0.000000 at y = -0.010000
phi_m, max: 4.093920 at y = 0.134286./ phi_m, min: 0.000000 at y = -0.010000
phi_m, max: 0.290113 at y = 0.006787./ phi_m, min: 0.000000 at y = -0.010000
phi_m, max: -0.000000 at y = -0.010000./ phi_m, min: -0.210813 at y = 0.134286
phi_m, max: -0.000000 at y = -0.010000./ phi_m, min: -0.366509 at y = 0.134286
phi_m, max: -0.000000 at y = -0.010000./ phi_m, min: -0.450270 at y = 0.134286
phi_m, max: -0.000000 at y = -0.010000./ phi_m, min: -0.489887 at y = 0.134286
phi_m, max: -0.000000 at y = -0.010000./ phi_m, min: -0.497524 at y = 0.134286
phi_m, max: -0.000000 at y = -0.010000./ phi_m, min: -0.483859 at y = 0.018376
phi_m, max: -0.000000 at y = -0.010000./ phi_m, min: -0.456568 at y = 0.017458
phi_m, max: -0.000000 at y = -0.010000./ phi_m, min: -0.421275 at y = 0.016426


phi_m, max: -0.000000 at y = 4.210000./ phi_m, min: -0.001153 at y = 4.215168
phi_m, max: -0.000000 at y = 4.210000./ phi_m, min: -0.001162 at y = 4.214832
phi_m, max: -0.000000 at y = 4.210000./ phi_m, min: -0.001153 at y = 4.214832
phi_m, max: -0.000000 at y = 4.210000./ phi_m, min: -0.001143 at y = 4.214832
phi_m, max: -0.000000 at y = 4.210000./ phi_m, min: -0.001133 at y = 4.214832
phi_m, max: -0.000000 at y = 4.210000./ phi_m, min: -0.001125 at y = 4.215168
phi_m, max: -0.000000 at y = 4.210000./ phi_m, min: -0.001117 at y = 4.215168
phi_m, max: -0.000000 at y = 4.210000./ phi_m, min: -0.001111 at y = 4.215168
phi_m, max: -0.000000 at y = 4.210000./ phi_m, min: -0.001057 at y = 4.420000
phi_m, max: 0.785040 at y = 4.210000./ phi_m, min: 0.000000 at y = 4.210000
phi_m, max: 113.282362 at y = 4.210000./ phi_m, min: 0.000000 at y = 4.210000
phi_m, max: 113.637488 at y = 4.420000./ phi_m, min: 0.000000 at y = 4.210000
phi_m, max: 100.262397 at y = 4.420000./ phi_m, min: 0.000000 at y = 4.210000
phi_m, max: 81.363524 at y = 4.420000./ phi_m, min: 0.000000 at y = 4.210000
phi_m, max: 61.287792 at y = 4.420000./ phi_m, min: 0.000000 at y = 4.210000
phi_m, max: 43.132551 at y = 4.420000./ phi_m, min: 0.000000 at y = 4.210000


phi_m, max: -0.000000 at y = 6.310000./ phi_m, min: -0.001162 at y = 6.318213
phi_m, max: -0.000000 at y = 6.310000./ phi_m, min: -0.001171 at y = 6.318213
phi_m, max: -0.000000 at y = 6.310000./ phi_m, min: -0.001162 at y = 6.318213
phi_m, max: -0.000000 at y = 6.310000./ phi_m, min: -0.001152 at y = 6.318213
phi_m, max: -0.000000 at y = 6.310000./ phi_m, min: -0.001142 at y = 6.318213
phi_m, max: -0.000000 at y = 6.310000./ phi_m, min: -0.001133 at y = 6.318213
phi_m, max: -0.000000 at y = 6.310000./ phi_m, min: -0.001126 at y = 6.318213
phi_m, max: -0.000000 at y = 6.310000./ phi_m, min: -0.001120 at y = 6.318213
phi_m, max: -0.000000 at y = 6.310000./ phi_m, min: -0.001114 at y = 6.318213
phi_m, max: -0.000000 at y = 6.310000./ phi_m, min: -0.001109 at y = 6.318213
phi_m, max: -0.000000 at y = 6.310000./ phi_m, min: -0.001105 at y = 6.318213
phi_m, max: -0.000000 at y = 6.310000./ phi_m, min: -0.001102 at y = 6.318213
phi_m, max: -0.000000 at y = 6.310000./ phi_m, min: -0.001098 at y = 6.318213
phi_m, max: -0.000000 at y = 6.310000./ phi_m, min: -0.001094 at y = 6.318376
phi_m, max: 0.023149 at y = 6.110000./ phi_m, min: -0.000043 at y = 6.320000
phi_m, max: 17.674677 at y = 6.110000./ phi_m, min: 0.000000 at y = 6.310000


phi_m, max: 0.015271 at y = 0.860000./ phi_m, min: -0.000723 at y = 1.070000
phi_m, max: 12.013272 at y = 0.860000./ phi_m, min: 0.000000 at y = 0.888571
phi_m, max: 115.904112 at y = 1.063633./ phi_m, min: 0.000000 at y = 0.888571
phi_m, max: 109.137075 at y = 1.069413./ phi_m, min: 0.000000 at y = 0.888571
phi_m, max: 92.540970 at y = 1.070000./ phi_m, min: 0.000000 at y = 0.888571
phi_m, max: 72.734563 at y = 1.070000./ phi_m, min: 0.000000 at y = 0.888571
phi_m, max: 53.159701 at y = 1.070000./ phi_m, min: 0.000000 at y = 0.888571
phi_m, max: 35.884004 at y = 1.070000./ phi_m, min: 0.000000 at y = 0.888571
phi_m, max: 14.654216 at y = 1.070000./ phi_m, min: 0.000000 at y = 0.888571
phi_m, max: 1.922336 at y = 1.070000./ phi_m, min: 0.000000 at y = 0.888571
phi_m, max: -0.000000 at y = 0.888571./ phi_m, min: -0.228129 at y = 0.860000
phi_m, max: -0.000000 at y = 0.888571./ phi_m, min: -0.388670 at y = 0.860000
phi_m, max: -0.000000 at y = 0.888571./ phi_m, min: -0.469793 at y = 0.860000
phi_m, max: -0.000000 at y = 0.888571./ phi_m, min: -0.508687 at y = 1.061624
phi_m, max: -0.000000 at y = 0.888571./ phi_m, min: -0.520634 at y = 1.064490
phi_m, max: -0.000000 at y = 0.888571./ phi_m, min: -0.511457 at y = 1.066426


phi_m, max: 18.893457 at y = 0.640000./ phi_m, min: 0.000000 at y = 0.650000
phi_m, max: 115.962318 at y = 0.646426./ phi_m, min: 0.000000 at y = 0.650000
phi_m, max: 114.048495 at y = 0.859413./ phi_m, min: 0.000000 at y = 0.650000
phi_m, max: 100.508078 at y = 0.860000./ phi_m, min: 0.000000 at y = 0.650000
phi_m, max: 81.653519 at y = 0.860000./ phi_m, min: 0.000000 at y = 0.650000
phi_m, max: 61.572365 at y = 0.860000./ phi_m, min: 0.000000 at y = 0.650000
phi_m, max: 43.380144 at y = 0.860000./ phi_m, min: 0.000000 at y = 0.650000
phi_m, max: 24.950151 at y = 0.860000./ phi_m, min: 0.000000 at y = 0.650000
phi_m, max: 5.252657 at y = 0.860000./ phi_m, min: 0.000000 at y = 0.650000
phi_m, max: 0.387205 at y = 0.860000./ phi_m, min: -0.241736 at y = 0.640000
phi_m, max: -0.000000 at y = 0.650000./ phi_m, min: -0.395019 at y = 0.640000
phi_m, max: -0.000000 at y = 0.650000./ phi_m, min: -0.473778 at y = 0.640587
phi_m, max: -0.000000 at y = 0.650000./ phi_m, min: -0.511388 at y = 0.641624
phi_m, max: -0.000000 at y = 0.650000./ phi_m, min: -0.520635 at y = 0.644832
phi_m, max: -0.000000 at y = 0.650000./ phi_m, min: -0.517918 at y = 0.856426
phi_m, max: -0.000000 at y = 0.650000./ phi_m, min: -0.498908 at y = 0.857458


phi_m, max: -0.000000 at y = 4.640000./ phi_m, min: -0.001153 at y = 4.634832
phi_m, max: -0.000000 at y = 4.640000./ phi_m, min: -0.001162 at y = 4.635168
phi_m, max: -0.000000 at y = 4.640000./ phi_m, min: -0.001153 at y = 4.635168
phi_m, max: -0.000000 at y = 4.640000./ phi_m, min: -0.001143 at y = 4.635168
phi_m, max: -0.000000 at y = 4.640000./ phi_m, min: -0.001133 at y = 4.635168
phi_m, max: -0.000000 at y = 4.640000./ phi_m, min: -0.001125 at y = 4.635168
phi_m, max: -0.000000 at y = 4.640000./ phi_m, min: -0.001117 at y = 4.635168
phi_m, max: -0.000000 at y = 4.640000./ phi_m, min: -0.001111 at y = 4.635168
phi_m, max: -0.000000 at y = 4.640000./ phi_m, min: -0.001105 at y = 4.635168
phi_m, max: -0.000000 at y = 4.640000./ phi_m, min: -0.001064 at y = 4.638825
phi_m, max: 0.348577 at y = 4.630000./ phi_m, min: 0.000000 at y = 4.640000
phi_m, max: 106.754372 at y = 4.630000./ phi_m, min: 0.000000 at y = 4.640000
phi_m, max: 114.409539 at y = 4.840000./ phi_m, min: 0.000000 at y = 4.640000
phi_m, max: 102.203202 at y = 4.840000./ phi_m, min: 0.000000 at y = 4.640000
phi_m, max: 83.670203 at y = 4.840000./ phi_m, min: 0.000000 at y = 4.640000
phi_m, max: 63.563926 at y = 4.840000./ phi_m, min: 0.000000 at y = 4.640000


phi_m, max: -0.000000 at y = 2.320000./ phi_m, min: -0.001153 at y = 2.324832
phi_m, max: -0.000000 at y = 2.320000./ phi_m, min: -0.001162 at y = 2.325168
phi_m, max: -0.000000 at y = 2.320000./ phi_m, min: -0.001153 at y = 2.325168
phi_m, max: 0.000273 at y = 2.177143./ phi_m, min: -0.001080 at y = 2.415714
phi_m, max: 1.166355 at y = 2.177143./ phi_m, min: 0.000000 at y = 2.320000
phi_m, max: 113.944591 at y = 2.177143./ phi_m, min: 0.000000 at y = 2.320000
phi_m, max: 113.192391 at y = 2.329413./ phi_m, min: 0.000000 at y = 2.320000
phi_m, max: 98.972318 at y = 2.415714./ phi_m, min: 0.000000 at y = 2.320000
phi_m, max: 79.987674 at y = 2.415714./ phi_m, min: 0.000000 at y = 2.320000
phi_m, max: 60.012911 at y = 2.415714./ phi_m, min: 0.000000 at y = 2.320000
phi_m, max: 42.066435 at y = 2.415714./ phi_m, min: 0.000000 at y = 2.320000
phi_m, max: 23.287092 at y = 2.415714./ phi_m, min: 0.000000 at y = 2.320000
phi_m, max: 4.524890 at y = 2.415714./ phi_m, min: 0.000000 at y = 2.320000
phi_m, max: 0.296396 at y = 2.415714./ phi_m, min: -0.112782 at y = 2.177143
phi_m, max: -0.000000 at y = 2.320000./ phi_m, min: -0.342515 at y = 2.177143
phi_m, max: -0.000000 at y = 2.320000./ phi_m, min: -0.444761 at y = 2.177143


phi_m, max: 27.072587 at y = 0.440000./ phi_m, min: 0.000000 at y = 0.430000
phi_m, max: 115.962318 at y = 0.646426./ phi_m, min: 0.000000 at y = 0.430000
phi_m, max: 107.497158 at y = 0.649413./ phi_m, min: 0.000000 at y = 0.430000
phi_m, max: 90.342674 at y = 0.650000./ phi_m, min: 0.000000 at y = 0.430000
phi_m, max: 70.397993 at y = 0.650000./ phi_m, min: 0.000000 at y = 0.430000
phi_m, max: 51.059040 at y = 0.650000./ phi_m, min: 0.000000 at y = 0.430000
phi_m, max: 33.834448 at y = 0.650000./ phi_m, min: 0.000000 at y = 0.430000
phi_m, max: 12.186847 at y = 0.650000./ phi_m, min: 0.000000 at y = 0.430000
phi_m, max: 1.438481 at y = 0.650000./ phi_m, min: -0.000000 at y = 0.430000
phi_m, max: -0.000000 at y = 0.430000./ phi_m, min: -0.254718 at y = 0.440000
phi_m, max: -0.000000 at y = 0.430000./ phi_m, min: -0.401004 at y = 0.440000
phi_m, max: -0.000000 at y = 0.430000./ phi_m, min: -0.476110 at y = 0.440000
phi_m, max: -0.000000 at y = 0.430000./ phi_m, min: -0.511391 at y = 0.641787
phi_m, max: -0.000000 at y = 0.430000./ phi_m, min: -0.520635 at y = 0.644832
phi_m, max: -0.000000 at y = 0.430000./ phi_m, min: -0.509245 at y = 0.646426
phi_m, max: -0.000000 at y = 0.430000./ phi_m, min: -0.482355 at y = 0.647458


phi_m, max: -0.000000 at y = 5.050000./ phi_m, min: -0.001153 at y = 5.055168
phi_m, max: -0.000000 at y = 5.050000./ phi_m, min: -0.001162 at y = 5.475168
phi_m, max: -0.000000 at y = 5.050000./ phi_m, min: -0.001153 at y = 5.475168
phi_m, max: -0.000000 at y = 5.050000./ phi_m, min: -0.001143 at y = 5.475168
phi_m, max: -0.000000 at y = 5.050000./ phi_m, min: -0.001133 at y = 5.475168
phi_m, max: -0.000000 at y = 5.050000./ phi_m, min: -0.001125 at y = 5.475168
phi_m, max: -0.000000 at y = 5.050000./ phi_m, min: -0.001117 at y = 5.475168
phi_m, max: -0.000000 at y = 5.050000./ phi_m, min: -0.001111 at y = 5.475168
phi_m, max: -0.000000 at y = 5.050000./ phi_m, min: -0.001106 at y = 5.475168
phi_m, max: -0.000000 at y = 5.050000./ phi_m, min: -0.001101 at y = 5.475168
phi_m, max: -0.000000 at y = 5.050000./ phi_m, min: -0.001097 at y = 5.475168
phi_m, max: 0.155257 at y = 5.050000./ phi_m, min: -0.001081 at y = 5.476787
phi_m, max: 85.181852 at y = 5.050000./ phi_m, min: 0.000000 at y = 5.050000
phi_m, max: 115.152388 at y = 5.058376./ phi_m, min: 0.000000 at y = 5.050000
phi_m, max: 115.703960 at y = 5.478213./ phi_m, min: 0.000000 at y = 5.050000
phi_m, max: 104.960248 at y = 5.479413./ phi_m, min: 0.000000 at y = 5.050000


phi_m, max: -0.000000 at y = 4.420000./ phi_m, min: -0.001153 at y = 4.424832
phi_m, max: -0.000000 at y = 4.420000./ phi_m, min: -0.001162 at y = 4.425168
phi_m, max: -0.000000 at y = 4.420000./ phi_m, min: -0.001153 at y = 4.425168
phi_m, max: -0.000000 at y = 4.420000./ phi_m, min: -0.001143 at y = 4.425168
phi_m, max: -0.000000 at y = 4.420000./ phi_m, min: -0.001133 at y = 4.425168
phi_m, max: -0.000000 at y = 4.420000./ phi_m, min: -0.001125 at y = 4.425168
phi_m, max: -0.000000 at y = 4.420000./ phi_m, min: -0.001117 at y = 4.425168
phi_m, max: -0.000000 at y = 4.420000./ phi_m, min: -0.001111 at y = 4.425168
phi_m, max: -0.000000 at y = 4.420000./ phi_m, min: -0.001102 at y = 4.425587
phi_m, max: 0.019432 at y = 4.391429./ phi_m, min: -0.000599 at y = 4.630000
phi_m, max: 15.051283 at y = 4.391429./ phi_m, min: 0.000000 at y = 4.420000
phi_m, max: 115.933807 at y = 4.426426./ phi_m, min: 0.000000 at y = 4.420000
phi_m, max: 108.825327 at y = 4.630000./ phi_m, min: 0.000000 at y = 4.420000
phi_m, max: 92.268689 at y = 4.630000./ phi_m, min: 0.000000 at y = 4.420000
phi_m, max: 72.440935 at y = 4.630000./ phi_m, min: 0.000000 at y = 4.420000
phi_m, max: 52.893055 at y = 4.630000./ phi_m, min: 0.000000 at y = 4.420000


phi_m, max: -0.000000 at y = 2.358571./ phi_m, min: -0.001153 at y = 2.535168
phi_m, max: -0.000000 at y = 2.358571./ phi_m, min: -0.001162 at y = 2.535168
phi_m, max: -0.000000 at y = 2.358571./ phi_m, min: -0.001153 at y = 2.535168
phi_m, max: -0.000000 at y = 2.358571./ phi_m, min: -0.001139 at y = 2.535587
phi_m, max: 0.027657 at y = 2.387143./ phi_m, min: -0.000395 at y = 2.597143
phi_m, max: 21.375315 at y = 2.387143./ phi_m, min: 0.000000 at y = 2.358571
phi_m, max: 115.959152 at y = 2.536426./ phi_m, min: 0.000000 at y = 2.358571
phi_m, max: 107.815821 at y = 2.539413./ phi_m, min: 0.000000 at y = 2.358571
phi_m, max: 90.799157 at y = 2.597143./ phi_m, min: 0.000000 at y = 2.358571
phi_m, max: 70.952776 at y = 2.597143./ phi_m, min: 0.000000 at y = 2.358571
phi_m, max: 51.589745 at y = 2.597143./ phi_m, min: 0.000000 at y = 2.358571
phi_m, max: 34.406092 at y = 2.597143./ phi_m, min: 0.000000 at y = 2.358571
phi_m, max: 12.937600 at y = 2.597143./ phi_m, min: 0.000000 at y = 2.358571
phi_m, max: 1.581991 at y = 2.597143./ phi_m, min: 0.000000 at y = 2.358571
phi_m, max: -0.000000 at y = 2.358571./ phi_m, min: -0.245301 at y = 2.387143
phi_m, max: -0.000000 at y = 2.358571./ phi_m, min: -0.395630 at y = 2.387143


phi_m, max: -0.000000 at y = 3.790000./ phi_m, min: -0.001153 at y = 4.004832
phi_m, max: -0.000000 at y = 3.790000./ phi_m, min: -0.001162 at y = 3.794832
phi_m, max: -0.000000 at y = 3.790000./ phi_m, min: -0.001153 at y = 3.794832
phi_m, max: -0.000000 at y = 3.790000./ phi_m, min: -0.001143 at y = 3.794832
phi_m, max: -0.000000 at y = 3.790000./ phi_m, min: -0.001133 at y = 4.005168
phi_m, max: -0.000000 at y = 3.790000./ phi_m, min: -0.001125 at y = 4.005168
phi_m, max: -0.000000 at y = 3.790000./ phi_m, min: -0.001117 at y = 4.005168
phi_m, max: 0.001019 at y = 3.761429./ phi_m, min: -0.001104 at y = 4.006367
phi_m, max: 1.643203 at y = 3.761429./ phi_m, min: 0.000000 at y = 3.790000
phi_m, max: 115.222757 at y = 3.790587./ phi_m, min: 0.000000 at y = 3.790000
phi_m, max: 115.888275 at y = 4.007458./ phi_m, min: 0.000000 at y = 3.790000
phi_m, max: 106.421434 at y = 4.009413./ phi_m, min: 0.000000 at y = 3.790000
phi_m, max: 88.890741 at y = 4.010000./ phi_m, min: 0.000000 at y = 3.790000
phi_m, max: 68.878995 at y = 4.010000./ phi_m, min: 0.000000 at y = 3.790000
phi_m, max: 49.713469 at y = 4.010000./ phi_m, min: 0.000000 at y = 3.790000
phi_m, max: 32.453839 at y = 4.010000./ phi_m, min: 0.000000 at y = 3.790000


phi_m, max: -0.000000 at y = 3.580000./ phi_m, min: -0.001153 at y = 3.584832
phi_m, max: -0.000000 at y = 3.580000./ phi_m, min: -0.001162 at y = 3.585168
phi_m, max: -0.000000 at y = 3.580000./ phi_m, min: -0.001153 at y = 3.585168
phi_m, max: -0.000000 at y = 3.580000./ phi_m, min: -0.001143 at y = 3.585168
phi_m, max: -0.000000 at y = 3.580000./ phi_m, min: -0.001133 at y = 3.585168
phi_m, max: -0.000000 at y = 3.580000./ phi_m, min: -0.001125 at y = 3.585168
phi_m, max: -0.000000 at y = 3.580000./ phi_m, min: -0.001104 at y = 3.586787
phi_m, max: 0.084311 at y = 3.551429./ phi_m, min: 0.000000 at y = 3.580000
phi_m, max: 61.606778 at y = 3.551429./ phi_m, min: 0.000000 at y = 3.580000
phi_m, max: 115.633616 at y = 3.588376./ phi_m, min: 0.000000 at y = 3.580000
phi_m, max: 105.225071 at y = 3.761429./ phi_m, min: 0.000000 at y = 3.580000
phi_m, max: 87.507542 at y = 3.761429./ phi_m, min: 0.000000 at y = 3.580000
phi_m, max: 67.487283 at y = 3.761429./ phi_m, min: 0.000000 at y = 3.580000
phi_m, max: 48.510098 at y = 3.761429./ phi_m, min: 0.000000 at y = 3.580000
phi_m, max: 31.192398 at y = 3.761429./ phi_m, min: 0.000000 at y = 3.580000
phi_m, max: 9.554428 at y = 3.761429./ phi_m, min: 0.000000 at y = 3.580000


phi_m, max: -0.000000 at y = 1.900000./ phi_m, min: -0.001153 at y = 1.905168
phi_m, max: -0.000000 at y = 1.900000./ phi_m, min: -0.001162 at y = 1.905168
phi_m, max: 0.001996 at y = 1.728571./ phi_m, min: -0.001050 at y = 1.963787
phi_m, max: 2.391697 at y = 1.728571./ phi_m, min: 0.000000 at y = 1.900000
phi_m, max: 115.332297 at y = 1.900587./ phi_m, min: 0.000000 at y = 1.900000
phi_m, max: 111.987642 at y = 1.909413./ phi_m, min: 0.000000 at y = 1.900000
phi_m, max: 96.831898 at y = 1.963787./ phi_m, min: 0.000000 at y = 1.900000
phi_m, max: 77.525785 at y = 1.963787./ phi_m, min: 0.000000 at y = 1.900000
phi_m, max: 57.643122 at y = 1.963787./ phi_m, min: 0.000000 at y = 1.900000
phi_m, max: 39.994060 at y = 1.963787./ phi_m, min: 0.000000 at y = 1.900000
phi_m, max: 20.373222 at y = 1.963787./ phi_m, min: 0.000000 at y = 1.900000
phi_m, max: 3.434113 at y = 1.963787./ phi_m, min: 0.000000 at y = 1.900000
phi_m, max: 0.162576 at y = 1.963787./ phi_m, min: -0.158968 at y = 1.728571
phi_m, max: -0.000000 at y = 1.900000./ phi_m, min: -0.359476 at y = 1.728571
phi_m, max: -0.000000 at y = 1.900000./ phi_m, min: -0.454039 at y = 1.728571
phi_m, max: -0.000000 at y = 1.900000./ phi_m, min: -0.501925 at y = 1.901624


phi_m, max: -0.000000 at y = 1.270000./ phi_m, min: -0.001127 at y = 1.278213
phi_m, max: 0.294549 at y = 1.070000./ phi_m, min: 0.000000 at y = 1.270000
phi_m, max: 104.482222 at y = 1.070000./ phi_m, min: 0.000000 at y = 1.270000
phi_m, max: 114.883380 at y = 1.278376./ phi_m, min: 0.000000 at y = 1.270000
phi_m, max: 102.444573 at y = 1.279413./ phi_m, min: 0.000000 at y = 1.270000
phi_m, max: 83.985286 at y = 1.308571./ phi_m, min: 0.000000 at y = 1.270000
phi_m, max: 63.914494 at y = 1.308571./ phi_m, min: 0.000000 at y = 1.270000
phi_m, max: 45.412957 at y = 1.308571./ phi_m, min: 0.000000 at y = 1.270000
phi_m, max: 27.604317 at y = 1.308571./ phi_m, min: 0.000000 at y = 1.270000
phi_m, max: 6.773419 at y = 1.308571./ phi_m, min: 0.000000 at y = 1.270000
phi_m, max: 0.588895 at y = 1.308571./ phi_m, min: -0.019858 at y = 1.070000
phi_m, max: -0.000000 at y = 1.270000./ phi_m, min: -0.314857 at y = 1.070000
phi_m, max: -0.000000 at y = 1.270000./ phi_m, min: -0.431035 at y = 1.070000
phi_m, max: -0.000000 at y = 1.270000./ phi_m, min: -0.490614 at y = 1.070000
phi_m, max: -0.000000 at y = 1.270000./ phi_m, min: -0.516923 at y = 1.272542
phi_m, max: -0.000000 at y = 1.270000./ phi_m, min: -0.518905 at y = 1.276259


phi_m, max: -0.000000 at y = 3.370000./ phi_m, min: -0.001153 at y = 3.375168
phi_m, max: -0.000000 at y = 3.370000./ phi_m, min: -0.001162 at y = 3.374832
phi_m, max: -0.000000 at y = 3.370000./ phi_m, min: -0.001153 at y = 3.374832
phi_m, max: -0.000000 at y = 3.370000./ phi_m, min: -0.001143 at y = 3.375168
phi_m, max: -0.000000 at y = 3.370000./ phi_m, min: -0.001133 at y = 3.375168
phi_m, max: -0.000000 at y = 3.370000./ phi_m, min: -0.001124 at y = 3.375168
phi_m, max: 0.003593 at y = 3.341429./ phi_m, min: -0.000974 at y = 3.551429
phi_m, max: 3.468323 at y = 3.341429./ phi_m, min: 0.000000 at y = 3.370000
phi_m, max: 115.812488 at y = 3.371624./ phi_m, min: 0.000000 at y = 3.370000
phi_m, max: 111.118954 at y = 3.551429./ phi_m, min: 0.000000 at y = 3.370000
phi_m, max: 95.858603 at y = 3.551429./ phi_m, min: 0.000000 at y = 3.370000
phi_m, max: 76.404143 at y = 3.551429./ phi_m, min: 0.000000 at y = 3.370000
phi_m, max: 56.568970 at y = 3.551429./ phi_m, min: 0.000000 at y = 3.370000
phi_m, max: 39.029027 at y = 3.551429./ phi_m, min: 0.000000 at y = 3.370000
phi_m, max: 18.986181 at y = 3.551429./ phi_m, min: 0.000000 at y = 3.370000
phi_m, max: 2.999264 at y = 3.551429./ phi_m, min: 0.000000 at y = 3.370000


phi_m, max: -0.000000 at y = 1.518571./ phi_m, min: -0.001153 at y = 1.695168
phi_m, max: -0.000000 at y = 1.518571./ phi_m, min: -0.001147 at y = 1.696787
phi_m, max: 0.131643 at y = 1.490000./ phi_m, min: 0.000000 at y = 1.518571
phi_m, max: 83.454072 at y = 1.490000./ phi_m, min: 0.000000 at y = 1.518571
phi_m, max: 115.553562 at y = 1.698376./ phi_m, min: 0.000000 at y = 1.518571
phi_m, max: 104.324704 at y = 1.699413./ phi_m, min: 0.000000 at y = 1.518571
phi_m, max: 86.263429 at y = 1.728571./ phi_m, min: 0.000000 at y = 1.518571
phi_m, max: 66.214197 at y = 1.728571./ phi_m, min: 0.000000 at y = 1.518571
phi_m, max: 47.401587 at y = 1.728571./ phi_m, min: 0.000000 at y = 1.518571
phi_m, max: 29.961206 at y = 1.728571./ phi_m, min: 0.000000 at y = 1.518571
phi_m, max: 8.483434 at y = 1.728571./ phi_m, min: 0.000000 at y = 1.518571
phi_m, max: 0.832583 at y = 1.728571./ phi_m, min: 0.000000 at y = 1.518571
phi_m, max: -0.000000 at y = 1.518571./ phi_m, min: -0.295360 at y = 1.490000
phi_m, max: -0.000000 at y = 1.518571./ phi_m, min: -0.420952 at y = 1.490000
phi_m, max: -0.000000 at y = 1.518571./ phi_m, min: -0.485845 at y = 1.490000
phi_m, max: -0.000000 at y = 1.518571./ phi_m, min: -0.515201 at y = 1.692542


phi_m, max: -0.000000 at y = 2.110000./ phi_m, min: -0.001153 at y = 2.115168
phi_m, max: -0.000000 at y = 2.110000./ phi_m, min: -0.001162 at y = 2.115168
phi_m, max: -0.000000 at y = 2.110000./ phi_m, min: -0.001146 at y = 2.116367
phi_m, max: 0.057853 at y = 1.938571./ phi_m, min: 0.000000 at y = 2.110000
phi_m, max: 49.175436 at y = 1.938571./ phi_m, min: 0.000000 at y = 2.110000
phi_m, max: 115.860600 at y = 2.117458./ phi_m, min: 0.000000 at y = 2.110000
phi_m, max: 106.118442 at y = 2.119413./ phi_m, min: 0.000000 at y = 2.110000
phi_m, max: 88.582685 at y = 2.177143./ phi_m, min: 0.000000 at y = 2.110000
phi_m, max: 68.627146 at y = 2.177143./ phi_m, min: 0.000000 at y = 2.110000
phi_m, max: 49.523746 at y = 2.177143./ phi_m, min: 0.000000 at y = 2.110000
phi_m, max: 32.304950 at y = 2.177143./ phi_m, min: 0.000000 at y = 2.110000
phi_m, max: 10.640397 at y = 2.177143./ phi_m, min: 0.000000 at y = 2.110000
phi_m, max: 1.172477 at y = 2.177143./ phi_m, min: 0.000000 at y = 2.110000
phi_m, max: -0.000000 at y = 2.110000./ phi_m, min: -0.271684 at y = 1.938571
phi_m, max: -0.000000 at y = 2.110000./ phi_m, min: -0.408610 at y = 1.938571
phi_m, max: -0.000000 at y = 2.110000./ phi_m, min: -0.479336 at y = 1.938571


phi_m, max: -0.000000 at y = 2.950000./ phi_m, min: -0.001153 at y = 2.954832
phi_m, max: -0.000000 at y = 2.950000./ phi_m, min: -0.001162 at y = 2.955168
phi_m, max: -0.000000 at y = 2.950000./ phi_m, min: -0.001153 at y = 2.955168
phi_m, max: -0.000000 at y = 2.950000./ phi_m, min: -0.001143 at y = 2.955168
phi_m, max: -0.000000 at y = 2.950000./ phi_m, min: -0.001131 at y = 2.955449
phi_m, max: 0.011849 at y = 2.807143./ phi_m, min: -0.000792 at y = 3.045714
phi_m, max: 9.518874 at y = 2.807143./ phi_m, min: 0.000000 at y = 2.950000
phi_m, max: 115.909075 at y = 2.953633./ phi_m, min: 0.000000 at y = 2.950000
phi_m, max: 109.405803 at y = 2.959413./ phi_m, min: 0.000000 at y = 2.950000
phi_m, max: 93.087542 at y = 3.045714./ phi_m, min: 0.000000 at y = 2.950000
phi_m, max: 73.417630 at y = 3.045714./ phi_m, min: 0.000000 at y = 2.950000
phi_m, max: 53.828578 at y = 3.045714./ phi_m, min: 0.000000 at y = 2.950000
phi_m, max: 36.556644 at y = 3.045714./ phi_m, min: 0.000000 at y = 2.950000
phi_m, max: 15.654508 at y = 3.045714./ phi_m, min: 0.000000 at y = 2.950000
phi_m, max: 2.148791 at y = 3.045714./ phi_m, min: 0.000000 at y = 2.950000
phi_m, max: 0.008514 at y = 3.045714./ phi_m, min: -0.217653 at y = 2.807143


phi_m, max: -0.000000 at y = 5.260000./ phi_m, min: -0.001153 at y = 5.264832
phi_m, max: -0.000000 at y = 5.260000./ phi_m, min: -0.001162 at y = 5.265168
phi_m, max: -0.000000 at y = 5.260000./ phi_m, min: -0.001153 at y = 5.265168
phi_m, max: -0.000000 at y = 5.260000./ phi_m, min: -0.001143 at y = 5.265168
phi_m, max: -0.000000 at y = 5.260000./ phi_m, min: -0.001133 at y = 5.265168
phi_m, max: -0.000000 at y = 5.260000./ phi_m, min: -0.001125 at y = 5.265168
phi_m, max: -0.000000 at y = 5.260000./ phi_m, min: -0.001117 at y = 5.265168
phi_m, max: -0.000000 at y = 5.260000./ phi_m, min: -0.001111 at y = 5.265168
phi_m, max: -0.000000 at y = 5.260000./ phi_m, min: -0.001106 at y = 5.265168
phi_m, max: -0.000000 at y = 5.260000./ phi_m, min: -0.001101 at y = 5.265168
phi_m, max: -0.000000 at y = 5.260000./ phi_m, min: -0.001096 at y = 5.265168
phi_m, max: 0.004417 at y = 5.063356./ phi_m, min: -0.000936 at y = 5.298571
phi_m, max: 4.065308 at y = 5.063356./ phi_m, min: 0.000000 at y = 5.260000
phi_m, max: 115.755553 at y = 5.261787./ phi_m, min: 0.000000 at y = 5.260000
phi_m, max: 111.118466 at y = 5.269413./ phi_m, min: 0.000000 at y = 5.260000
phi_m, max: 95.438719 at y = 5.270000./ phi_m, min: 0.000000 at y = 5.260000


phi_m, max: -0.000000 at y = 2.740000./ phi_m, min: -0.001153 at y = 2.744832
phi_m, max: -0.000000 at y = 2.740000./ phi_m, min: -0.001162 at y = 2.745168
phi_m, max: -0.000000 at y = 2.740000./ phi_m, min: -0.001153 at y = 2.745168
phi_m, max: -0.000000 at y = 2.740000./ phi_m, min: -0.001143 at y = 2.745168
phi_m, max: -0.000000 at y = 2.740000./ phi_m, min: -0.001093 at y = 2.748825
phi_m, max: 0.524967 at y = 2.597143./ phi_m, min: 0.000000 at y = 2.740000
phi_m, max: 110.624607 at y = 2.597143./ phi_m, min: 0.000000 at y = 2.740000
phi_m, max: 114.210398 at y = 2.749413./ phi_m, min: 0.000000 at y = 2.740000
phi_m, max: 100.939700 at y = 2.835714./ phi_m, min: 0.000000 at y = 2.740000
phi_m, max: 82.293646 at y = 2.835714./ phi_m, min: 0.000000 at y = 2.740000
phi_m, max: 62.267718 at y = 2.835714./ phi_m, min: 0.000000 at y = 2.740000
phi_m, max: 44.011144 at y = 2.835714./ phi_m, min: 0.000000 at y = 2.740000
phi_m, max: 25.880762 at y = 2.835714./ phi_m, min: 0.000000 at y = 2.740000
phi_m, max: 5.775561 at y = 2.835714./ phi_m, min: 0.000000 at y = 2.740000
phi_m, max: 0.456113 at y = 2.835714./ phi_m, min: -0.060743 at y = 2.597143
phi_m, max: -0.000000 at y = 2.740000./ phi_m, min: -0.325766 at y = 2.597143


Steps: 16000000 Time: 1.6         

Time: 0.100000
CPU Time: 74.486909 min.
phi_m, max: -0.000000 at y = 3.131429./ phi_m, min: -0.001161 at y = 6.320000

Time: 0.200000
CPU Time: 74.595730 min.
phi_m, max: -0.000000 at y = 3.131429./ phi_m, min: -0.001170 at y = 6.320000

Time: 0.300000
CPU Time: 74.501474 min.
phi_m, max: -0.000000 at y = 3.131429./ phi_m, min: -0.001161 at y = 6.320000

Time: 0.400000
CPU Time: 74.544145 min.
phi_m, max: -0.000000 at y = 3.131429./ phi_m, min: -0.001150 at y = 6.320000

Time: 0.500000
CPU Time: 75.202637 min.
phi_m, max: -0.000000 at y = 3.131429./ phi_m, min: -0.001141 at y = 6.320000

Time: 0.600000
CPU Time: 75.424555 min.
phi_m, max: -0.000000 at y = 3.131429./ phi_m, min: -0.001132 at y = 6.320000

Time: 0.700000
CPU Time: 75.120902 min.
phi_m, max: 0.221976 at y = 3.045714./ phi_m, min: -0.001125 at y = 6.320000

Time: 0.800000
CPU Time: 74.630763 min.
phi_m, max: 96.525729 at y = 3.045714./ phi_m, min: -0.001118 at y = 6.320000

Time: 0.900000
CPU Time: 74.039679 min.
phi_m, max: 115.022059 at y = 3.168376./ phi_m, min: -0.001113 at y = 6.320000

Time: 1.000000
CPU Time: 74.307984 min.
phi_m, max: 102.777951 at y = 3.169413./ phi_m, min: -0.001108 at y = 6.320000

Time: 1.100000
CPU Time: 74.713297 min.
phi_m, max: 84.458962 at y = 3.227143./ phi_m, min: -0.001104 at y = 6.320000

Time: 1.200000
CPU Time: 75.100201 min.
phi_m, max: 64.413000 at y = 3.227143./ phi_m, min: -0.001100 at y = 6.320000

Time: 1.300000
CPU Time: 76.690842 min.
phi_m, max: 45.854036 at y = 3.227143./ phi_m, min: -0.001097 at y = 6.320000

Time: 1.400000
CPU Time: 75.278158 min.
phi_m, max: 28.171697 at y = 3.227143./ phi_m, min: -0.001093 at y = 6.320000

Time: 1.500000
CPU Time: 74.815547 min.
phi_m, max: 7.169562 at y = 3.227143./ phi_m, min: -0.000043 at y = 6.320000

Time: 1.600000
CPU Time: 74.628810 min.
phi_m, max: 0.765241 at y = 6.320000./ phi_m, min: 0.000000 at y = 3.131429


phi_m, max: 114.270515 at y = 0.430587./ phi_m, min: -0.001124 at y = 3.198571
phi_m, max: 112.995228 at y = 0.439413./ phi_m, min: -0.001133 at y = 3.341429
phi_m, max: 98.507055 at y = 0.440000./ phi_m, min: -0.001125 at y = 3.341429
phi_m, max: 79.334432 at y = 0.440000./ phi_m, min: -0.001114 at y = 3.341429
phi_m, max: 59.322314 at y = 0.440000./ phi_m, min: -0.001105 at y = 3.341429
phi_m, max: 41.434949 at y = 0.440000./ phi_m, min: -0.001090 at y = 3.341429
phi_m, max: 22.296643 at y = 0.440000./ phi_m, min: 0.000000 at y = 0.430000
phi_m, max: 4.480422 at y = 3.198571./ phi_m, min: 0.000000 at y = 0.430000
phi_m, max: 114.584028 at y = 3.341429./ phi_m, min: -0.112950 at y = 0.344286
phi_m, max: 103.430016 at y = 3.341429./ phi_m, min: -0.342296 at y = 0.344286
phi_m, max: 85.242653 at y = 3.341429./ phi_m, min: -0.444503 at y = 0.344286
phi_m, max: 65.177600 at y = 3.341429./ phi_m, min: -0.498707 at y = 0.431624
phi_m, max: 46.502200 at y = 3.341429./ phi_m, min: -0.519414 at y = 0.433574
phi_m, max: 28.913298 at y = 3.341429./ phi_m, min: -0.516659 at y = 0.436426
phi_m, max: 7.681535 at y = 3.341429./ phi_m, min: -0.495828 at y = 0.437458
phi_m, max: 0.714760 at y = 3.341429./ phi_m, min: -0.462841 at y = 0.438213


phi_m, max: -0.000000 at y = 5.928571./ phi_m, min: -0.001153 at y = 6.105168
phi_m, max: -0.000000 at y = 5.928571./ phi_m, min: -0.001162 at y = 6.105168
phi_m, max: -0.000000 at y = 5.928571./ phi_m, min: -0.001154 at y = 6.105168
phi_m, max: -0.000000 at y = 5.928571./ phi_m, min: -0.001143 at y = 6.105168
phi_m, max: -0.000000 at y = 5.928571./ phi_m, min: -0.001133 at y = 6.105168
phi_m, max: -0.000000 at y = 5.928571./ phi_m, min: -0.001125 at y = 6.105168
phi_m, max: -0.000000 at y = 5.928571./ phi_m, min: -0.001118 at y = 6.105168
phi_m, max: -0.000000 at y = 5.928571./ phi_m, min: -0.001111 at y = 6.105168
phi_m, max: -0.000000 at y = 5.928571./ phi_m, min: -0.001106 at y = 6.105168
phi_m, max: -0.000000 at y = 5.928571./ phi_m, min: -0.001101 at y = 6.105168
phi_m, max: -0.000000 at y = 5.928571./ phi_m, min: -0.001097 at y = 6.105168
phi_m, max: -0.000000 at y = 5.928571./ phi_m, min: -0.001093 at y = 6.105168
phi_m, max: -0.000000 at y = 5.928571./ phi_m, min: -0.001090 at y = 6.105168
phi_m, max: 0.000143 at y = 5.900000./ phi_m, min: -0.001035 at y = 6.109413
phi_m, max: 0.982104 at y = 5.900000./ phi_m, min: 0.000000 at y = 5.928571
phi_m, max: 113.963774 at y = 5.900000./ phi_m, min: 0.000000 at y = 5.928571


phi_m, max: 115.829979 at y = 0.228213./ phi_m, min: 0.000000 at y = 0.220000
phi_m, max: 105.912401 at y = 0.344286./ phi_m, min: 0.000000 at y = 0.220000
phi_m, max: 88.488870 at y = 0.344286./ phi_m, min: 0.000000 at y = 0.220000
phi_m, max: 68.543274 at y = 0.344286./ phi_m, min: 0.000000 at y = 0.220000
phi_m, max: 49.456652 at y = 0.344286./ phi_m, min: 0.000000 at y = 0.220000
phi_m, max: 32.251607 at y = 0.344286./ phi_m, min: 0.000000 at y = 0.220000
phi_m, max: 10.619790 at y = 0.344286./ phi_m, min: 0.000000 at y = 0.220000
phi_m, max: 1.168794 at y = 0.344286./ phi_m, min: 0.000000 at y = 0.220000
phi_m, max: -0.000000 at y = 0.220000./ phi_m, min: -0.218211 at y = 0.221175
phi_m, max: -0.000000 at y = 0.220000./ phi_m, min: -0.379595 at y = 0.221787
phi_m, max: -0.000000 at y = 0.220000./ phi_m, min: -0.466319 at y = 0.223213
phi_m, max: -0.000000 at y = 0.220000./ phi_m, min: -0.508923 at y = 0.224490
phi_m, max: -0.000000 at y = 0.220000./ phi_m, min: -0.519414 at y = 0.226426
phi_m, max: -0.000000 at y = 0.220000./ phi_m, min: -0.506772 at y = 0.227458
phi_m, max: -0.000000 at y = 0.220000./ phi_m, min: -0.478776 at y = 0.227458
phi_m, max: -0.000000 at y = 0.220000./ phi_m, min: -0.441687 at y = 0.228213


phi_m, max: -0.000000 at y = 5.480000./ phi_m, min: -0.001153 at y = 5.685168
phi_m, max: -0.000000 at y = 5.480000./ phi_m, min: -0.001162 at y = 5.685168
phi_m, max: -0.000000 at y = 5.480000./ phi_m, min: -0.001153 at y = 5.685168
phi_m, max: -0.000000 at y = 5.480000./ phi_m, min: -0.001143 at y = 5.685168
phi_m, max: -0.000000 at y = 5.480000./ phi_m, min: -0.001133 at y = 5.685168
phi_m, max: -0.000000 at y = 5.480000./ phi_m, min: -0.001125 at y = 5.685168
phi_m, max: -0.000000 at y = 5.480000./ phi_m, min: -0.001117 at y = 5.685168
phi_m, max: -0.000000 at y = 5.480000./ phi_m, min: -0.001111 at y = 5.685168
phi_m, max: -0.000000 at y = 5.480000./ phi_m, min: -0.001106 at y = 5.685168
phi_m, max: -0.000000 at y = 5.480000./ phi_m, min: -0.001101 at y = 5.685168
phi_m, max: -0.000000 at y = 5.480000./ phi_m, min: -0.001097 at y = 5.685168
phi_m, max: -0.000000 at y = 5.480000./ phi_m, min: -0.001093 at y = 5.685168
phi_m, max: 0.001413 at y = 5.480000./ phi_m, min: -0.001004 at y = 5.690000
phi_m, max: 1.980539 at y = 5.480000./ phi_m, min: 0.000000 at y = 5.480000
phi_m, max: 115.063924 at y = 5.680587./ phi_m, min: 0.000000 at y = 5.480000
phi_m, max: 112.426423 at y = 5.689413./ phi_m, min: 0.000000 at y = 5.480000


phi_m, max: -0.000000 at y = 3.971429./ phi_m, min: -0.001126 at y = 4.000000
phi_m, max: -0.000000 at y = 3.971429./ phi_m, min: -0.001135 at y = 4.210000
phi_m, max: -0.000000 at y = 3.971429./ phi_m, min: -0.001127 at y = 4.210000
phi_m, max: -0.000000 at y = 3.971429./ phi_m, min: -0.001116 at y = 4.210000
phi_m, max: -0.000000 at y = 3.971429./ phi_m, min: -0.001107 at y = 4.210000
phi_m, max: -0.000000 at y = 3.971429./ phi_m, min: -0.001099 at y = 4.210000
phi_m, max: -0.000000 at y = 3.971429./ phi_m, min: -0.001091 at y = 4.210000
phi_m, max: -0.000000 at y = 3.971429./ phi_m, min: -0.001084 at y = 4.210000
phi_m, max: 0.046448 at y = 3.885714./ phi_m, min: -0.000136 at y = 4.210000
phi_m, max: 39.483976 at y = 3.885714./ phi_m, min: 0.000000 at y = 3.971429
phi_m, max: 114.258289 at y = 4.010000./ phi_m, min: 0.000000 at y = 3.971429
phi_m, max: 107.235335 at y = 4.210000./ phi_m, min: 0.000000 at y = 3.971429
phi_m, max: 90.065210 at y = 4.210000./ phi_m, min: 0.000000 at y = 3.971429
phi_m, max: 70.104670 at y = 4.210000./ phi_m, min: 0.000000 at y = 3.971429
phi_m, max: 50.797397 at y = 4.210000./ phi_m, min: 0.000000 at y = 3.971429
phi_m, max: 33.563787 at y = 4.210000./ phi_m, min: 0.000000 at y = 3.971429


phi_m, max: -0.000000 at y = 4.850000./ phi_m, min: -0.001153 at y = 5.055168
phi_m, max: -0.000000 at y = 4.850000./ phi_m, min: -0.001162 at y = 4.844832
phi_m, max: -0.000000 at y = 4.850000./ phi_m, min: -0.001153 at y = 4.844832
phi_m, max: -0.000000 at y = 4.850000./ phi_m, min: -0.001143 at y = 4.844832
phi_m, max: -0.000000 at y = 4.850000./ phi_m, min: -0.001133 at y = 4.844832
phi_m, max: -0.000000 at y = 4.850000./ phi_m, min: -0.001125 at y = 4.844832
phi_m, max: -0.000000 at y = 4.850000./ phi_m, min: -0.001117 at y = 4.844832
phi_m, max: -0.000000 at y = 4.850000./ phi_m, min: -0.001111 at y = 5.054832
phi_m, max: -0.000000 at y = 4.850000./ phi_m, min: -0.001106 at y = 5.055168
phi_m, max: -0.000000 at y = 4.850000./ phi_m, min: -0.001101 at y = 5.055168
phi_m, max: 0.007533 at y = 4.840000./ phi_m, min: -0.001075 at y = 5.057458
phi_m, max: 6.350398 at y = 4.840000./ phi_m, min: 0.000000 at y = 4.850000
phi_m, max: 115.906805 at y = 4.842542./ phi_m, min: 0.000000 at y = 4.850000
phi_m, max: 115.152388 at y = 5.058376./ phi_m, min: 0.000000 at y = 4.850000
phi_m, max: 103.094506 at y = 5.060000./ phi_m, min: 0.000000 at y = 4.850000
phi_m, max: 84.756195 at y = 5.060000./ phi_m, min: 0.000000 at y = 4.850000


phi_m, max: -0.000000 at y = 1.480000./ phi_m, min: -0.001152 at y = 1.485168
phi_m, max: 0.005816 at y = 1.308571./ phi_m, min: -0.000962 at y = 1.518571
phi_m, max: 5.150036 at y = 1.308571./ phi_m, min: 0.000000 at y = 1.480000
phi_m, max: 115.881761 at y = 1.481624./ phi_m, min: 0.000000 at y = 1.480000
phi_m, max: 110.628864 at y = 1.489413./ phi_m, min: 0.000000 at y = 1.480000
phi_m, max: 94.697881 at y = 1.490000./ phi_m, min: 0.000000 at y = 1.480000
phi_m, max: 75.119998 at y = 1.518571./ phi_m, min: 0.000000 at y = 1.480000
phi_m, max: 55.371945 at y = 1.518571./ phi_m, min: 0.000000 at y = 1.480000
phi_m, max: 37.955804 at y = 1.518571./ phi_m, min: 0.000000 at y = 1.480000
phi_m, max: 17.479702 at y = 1.518571./ phi_m, min: 0.000000 at y = 1.480000
phi_m, max: 2.588111 at y = 1.518571./ phi_m, min: 0.000000 at y = 1.480000
phi_m, max: 0.060715 at y = 1.518571./ phi_m, min: -0.194830 at y = 1.308571
phi_m, max: -0.000000 at y = 1.480000./ phi_m, min: -0.373771 at y = 1.308571
phi_m, max: -0.000000 at y = 1.480000./ phi_m, min: -0.461577 at y = 1.308571
phi_m, max: -0.000000 at y = 1.480000./ phi_m, min: -0.505537 at y = 1.481624
phi_m, max: -0.000000 at y = 1.480000./ phi_m, min: -0.520344 at y = 1.484490


phi_m, max: -0.000000 at y = 5.690000./ phi_m, min: -0.001153 at y = 5.895168
phi_m, max: -0.000000 at y = 5.690000./ phi_m, min: -0.001162 at y = 5.895168
phi_m, max: -0.000000 at y = 5.690000./ phi_m, min: -0.001153 at y = 5.895168
phi_m, max: -0.000000 at y = 5.690000./ phi_m, min: -0.001143 at y = 5.895168
phi_m, max: -0.000000 at y = 5.690000./ phi_m, min: -0.001133 at y = 5.895168
phi_m, max: -0.000000 at y = 5.690000./ phi_m, min: -0.001125 at y = 5.895168
phi_m, max: -0.000000 at y = 5.690000./ phi_m, min: -0.001117 at y = 5.895168
phi_m, max: -0.000000 at y = 5.690000./ phi_m, min: -0.001111 at y = 5.895168
phi_m, max: -0.000000 at y = 5.690000./ phi_m, min: -0.001106 at y = 5.895168
phi_m, max: -0.000000 at y = 5.690000./ phi_m, min: -0.001101 at y = 5.895168
phi_m, max: -0.000000 at y = 5.690000./ phi_m, min: -0.001097 at y = 5.895168
phi_m, max: -0.000000 at y = 5.690000./ phi_m, min: -0.001093 at y = 5.895168
phi_m, max: -0.000000 at y = 5.690000./ phi_m, min: -0.001084 at y = 5.895916
phi_m, max: 0.047804 at y = 5.690000./ phi_m, min: 0.000000 at y = 5.690000
phi_m, max: 39.839520 at y = 5.690000./ phi_m, min: 0.000000 at y = 5.690000
phi_m, max: 115.896417 at y = 5.897458./ phi_m, min: 0.000000 at y = 5.690000


Writing: "Fiber2DEphapticPlaneL6Isolated_16.chk"
 (0.00182931s, XML)
phi_m, max: 112.624926 at y = 0.018213./ phi_m, min: 0.000000 at y = -0.010000
phi_m, max: 97.591567 at y = 0.018213./ phi_m, min: 0.000000 at y = -0.010000
phi_m, max: 78.306002 at y = 0.134286./ phi_m, min: 0.000000 at y = -0.010000
phi_m, max: 58.476535 at y = 0.134286./ phi_m, min: 0.000000 at y = -0.010000
phi_m, max: 40.847335 at y = 0.134286./ phi_m, min: 0.000000 at y = -0.010000
phi_m, max: 22.173906 at y = 0.134286./ phi_m, min: 0.000000 at y = -0.010000
phi_m, max: 4.093920 at y = 0.134286./ phi_m, min: 0.000000 at y = -0.010000
phi_m, max: 0.290113 at y = 0.006787./ phi_m, min: 0.000000 at y = -0.010000
phi_m, max: -0.000000 at y = -0.010000./ phi_m, min: -0.210813 at y = 0.134286
phi_m, max: -0.000000 at y = -0.010000./ phi_m, min: -0.366509 at y = 0.134286
phi_m, max: -0.000000 at y = -0.010000./ phi_m, min: -0.450270 at y = 0.134286
phi_m, max: -0.000000 at y = -0.010000./ phi_m, min: -0.489887 at y = 0.134286
phi_m, max: -0.000000 at y = -0.010000./ phi_m, min: -0.497524 at y = 0.134286
phi_m, max: -0.000000 at y = -0.010000./ phi_m, min: -0.483859 at y = 0.018376
phi_m, max: -0.000000 at y = -0.010000./ phi_m, min: -0.456568 at y = 0.017458
phi_m, max: -0.000000 at y = -0.010000./ phi_m, min: -0.421275 at y = 0.016426
phi_m, max: -0.000000 at y = -0.010000./ phi_m, min: -0.382165 at y = 0.011175


phi_m, max: -0.000000 at y = 3.370000./ phi_m, min: -0.001153 at y = 3.375168
phi_m, max: -0.000000 at y = 3.370000./ phi_m, min: -0.001162 at y = 3.374832
phi_m, max: -0.000000 at y = 3.370000./ phi_m, min: -0.001153 at y = 3.374832
phi_m, max: -0.000000 at y = 3.370000./ phi_m, min: -0.001143 at y = 3.375168
phi_m, max: -0.000000 at y = 3.370000./ phi_m, min: -0.001133 at y = 3.375168
phi_m, max: -0.000000 at y = 3.370000./ phi_m, min: -0.001124 at y = 3.375168
phi_m, max: 0.003593 at y = 3.341429./ phi_m, min: -0.000974 at y = 3.551429
phi_m, max: 3.468323 at y = 3.341429./ phi_m, min: 0.000000 at y = 3.370000
phi_m, max: 115.812488 at y = 3.371624./ phi_m, min: 0.000000 at y = 3.370000
phi_m, max: 111.118954 at y = 3.551429./ phi_m, min: 0.000000 at y = 3.370000
phi_m, max: 95.858603 at y = 3.551429./ phi_m, min: 0.000000 at y = 3.370000
phi_m, max: 76.404143 at y = 3.551429./ phi_m, min: 0.000000 at y = 3.370000
phi_m, max: 56.568970 at y = 3.551429./ phi_m, min: 0.000000 at y = 3.370000
phi_m, max: 39.029027 at y = 3.551429./ phi_m, min: 0.000000 at y = 3.370000
phi_m, max: 18.986181 at y = 3.551429./ phi_m, min: 0.000000 at y = 3.370000
phi_m, max: 2.999264 at y = 3.551429./ phi_m, min: 0.000000 at y = 3.370000
phi_m, max: 0.109784 at y = 3.551429./ phi_m, min: -0.175879 at y = 3.341429


phi_m, max: 18.893457 at y = 0.640000./ phi_m, min: 0.000000 at y = 0.650000
phi_m, max: 115.962318 at y = 0.646426./ phi_m, min: 0.000000 at y = 0.650000
phi_m, max: 114.048495 at y = 0.859413./ phi_m, min: 0.000000 at y = 0.650000
phi_m, max: 100.508078 at y = 0.860000./ phi_m, min: 0.000000 at y = 0.650000
phi_m, max: 81.653519 at y = 0.860000./ phi_m, min: 0.000000 at y = 0.650000
phi_m, max: 61.572365 at y = 0.860000./ phi_m, min: 0.000000 at y = 0.650000
phi_m, max: 43.380144 at y = 0.860000./ phi_m, min: 0.000000 at y = 0.650000
phi_m, max: 24.950151 at y = 0.860000./ phi_m, min: 0.000000 at y = 0.650000
phi_m, max: 5.252657 at y = 0.860000./ phi_m, min: 0.000000 at y = 0.650000
phi_m, max: 0.387205 at y = 0.860000./ phi_m, min: -0.241736 at y = 0.640000
phi_m, max: -0.000000 at y = 0.650000./ phi_m, min: -0.395019 at y = 0.640000
phi_m, max: -0.000000 at y = 0.650000./ phi_m, min: -0.473778 at y = 0.640587
phi_m, max: -0.000000 at y = 0.650000./ phi_m, min: -0.511388 at y = 0.641624
phi_m, max: -0.000000 at y = 0.650000./ phi_m, min: -0.520635 at y = 0.644832
phi_m, max: -0.000000 at y = 0.650000./ phi_m, min: -0.517918 at y = 0.856426
phi_m, max: -0.000000 at y = 0.650000./ phi_m, min: -0.498908 at y = 0.857458
phi_m, max: -0.000000 at y = 0.650000./ phi_m, min: -0.467019 at y = 0.857458


phi_m, max: -0.000000 at y = 4.640000./ phi_m, min: -0.001153 at y = 4.634832
phi_m, max: -0.000000 at y = 4.640000./ phi_m, min: -0.001162 at y = 4.635168
phi_m, max: -0.000000 at y = 4.640000./ phi_m, min: -0.001153 at y = 4.635168
phi_m, max: -0.000000 at y = 4.640000./ phi_m, min: -0.001143 at y = 4.635168
phi_m, max: -0.000000 at y = 4.640000./ phi_m, min: -0.001133 at y = 4.635168
phi_m, max: -0.000000 at y = 4.640000./ phi_m, min: -0.001125 at y = 4.635168
phi_m, max: -0.000000 at y = 4.640000./ phi_m, min: -0.001117 at y = 4.635168
phi_m, max: -0.000000 at y = 4.640000./ phi_m, min: -0.001111 at y = 4.635168
phi_m, max: -0.000000 at y = 4.640000./ phi_m, min: -0.001105 at y = 4.635168
phi_m, max: -0.000000 at y = 4.640000./ phi_m, min: -0.001064 at y = 4.638825
phi_m, max: 0.348577 at y = 4.630000./ phi_m, min: 0.000000 at y = 4.640000
phi_m, max: 106.754372 at y = 4.630000./ phi_m, min: 0.000000 at y = 4.640000
phi_m, max: 114.409539 at y = 4.840000./ phi_m, min: 0.000000 at y = 4.640000
phi_m, max: 102.203202 at y = 4.840000./ phi_m, min: 0.000000 at y = 4.640000
phi_m, max: 83.670203 at y = 4.840000./ phi_m, min: 0.000000 at y = 4.640000
phi_m, max: 63.563926 at y = 4.840000./ phi_m, min: 0.000000 at y = 4.640000
phi_m, max: 45.092578 at y = 4.840000./ phi_m, min: 0.000000 at y = 4.640000


phi_m, max: -0.000000 at y = 2.320000./ phi_m, min: -0.001153 at y = 2.324832
phi_m, max: -0.000000 at y = 2.320000./ phi_m, min: -0.001162 at y = 2.325168
phi_m, max: -0.000000 at y = 2.320000./ phi_m, min: -0.001153 at y = 2.325168
phi_m, max: 0.000273 at y = 2.177143./ phi_m, min: -0.001080 at y = 2.415714
phi_m, max: 1.166355 at y = 2.177143./ phi_m, min: 0.000000 at y = 2.320000
phi_m, max: 113.944591 at y = 2.177143./ phi_m, min: 0.000000 at y = 2.320000
phi_m, max: 113.192391 at y = 2.329413./ phi_m, min: 0.000000 at y = 2.320000
phi_m, max: 98.972318 at y = 2.415714./ phi_m, min: 0.000000 at y = 2.320000
phi_m, max: 79.987674 at y = 2.415714./ phi_m, min: 0.000000 at y = 2.320000
phi_m, max: 60.012911 at y = 2.415714./ phi_m, min: 0.000000 at y = 2.320000
phi_m, max: 42.066435 at y = 2.415714./ phi_m, min: 0.000000 at y = 2.320000
phi_m, max: 23.287092 at y = 2.415714./ phi_m, min: 0.000000 at y = 2.320000
phi_m, max: 4.524890 at y = 2.415714./ phi_m, min: 0.000000 at y = 2.320000
phi_m, max: 0.296396 at y = 2.415714./ phi_m, min: -0.112782 at y = 2.177143
phi_m, max: -0.000000 at y = 2.320000./ phi_m, min: -0.342515 at y = 2.177143
phi_m, max: -0.000000 at y = 2.320000./ phi_m, min: -0.444761 at y = 2.177143
phi_m, max: -0.000000 at y = 2.320000./ phi_m, min: -0.497831 at y = 2.321175


phi_m, max: 27.072587 at y = 0.440000./ phi_m, min: 0.000000 at y = 0.430000
phi_m, max: 115.962318 at y = 0.646426./ phi_m, min: 0.000000 at y = 0.430000
phi_m, max: 107.497158 at y = 0.649413./ phi_m, min: 0.000000 at y = 0.430000
phi_m, max: 90.342674 at y = 0.650000./ phi_m, min: 0.000000 at y = 0.430000
phi_m, max: 70.397993 at y = 0.650000./ phi_m, min: 0.000000 at y = 0.430000
phi_m, max: 51.059040 at y = 0.650000./ phi_m, min: 0.000000 at y = 0.430000
phi_m, max: 33.834448 at y = 0.650000./ phi_m, min: 0.000000 at y = 0.430000
phi_m, max: 12.186847 at y = 0.650000./ phi_m, min: 0.000000 at y = 0.430000
phi_m, max: 1.438481 at y = 0.650000./ phi_m, min: -0.000000 at y = 0.430000
phi_m, max: -0.000000 at y = 0.430000./ phi_m, min: -0.254718 at y = 0.440000
phi_m, max: -0.000000 at y = 0.430000./ phi_m, min: -0.401004 at y = 0.440000
phi_m, max: -0.000000 at y = 0.430000./ phi_m, min: -0.476110 at y = 0.440000
phi_m, max: -0.000000 at y = 0.430000./ phi_m, min: -0.511391 at y = 0.641787
phi_m, max: -0.000000 at y = 0.430000./ phi_m, min: -0.520635 at y = 0.644832
phi_m, max: -0.000000 at y = 0.430000./ phi_m, min: -0.509245 at y = 0.646426
phi_m, max: -0.000000 at y = 0.430000./ phi_m, min: -0.482355 at y = 0.647458
phi_m, max: -0.000000 at y = 0.430000./ phi_m, min: -0.445877 at y = 0.648213


phi_m, max: -0.000000 at y = 5.050000./ phi_m, min: -0.001153 at y = 5.055168
phi_m, max: -0.000000 at y = 5.050000./ phi_m, min: -0.001162 at y = 5.475168
phi_m, max: -0.000000 at y = 5.050000./ phi_m, min: -0.001153 at y = 5.475168
phi_m, max: -0.000000 at y = 5.050000./ phi_m, min: -0.001143 at y = 5.475168
phi_m, max: -0.000000 at y = 5.050000./ phi_m, min: -0.001133 at y = 5.475168
phi_m, max: -0.000000 at y = 5.050000./ phi_m, min: -0.001125 at y = 5.475168
phi_m, max: -0.000000 at y = 5.050000./ phi_m, min: -0.001117 at y = 5.475168
phi_m, max: -0.000000 at y = 5.050000./ phi_m, min: -0.001111 at y = 5.475168
phi_m, max: -0.000000 at y = 5.050000./ phi_m, min: -0.001106 at y = 5.475168
phi_m, max: -0.000000 at y = 5.050000./ phi_m, min: -0.001101 at y = 5.475168
phi_m, max: -0.000000 at y = 5.050000./ phi_m, min: -0.001097 at y = 5.475168
phi_m, max: 0.155257 at y = 5.050000./ phi_m, min: -0.001081 at y = 5.476787
phi_m, max: 85.181852 at y = 5.050000./ phi_m, min: 0.000000 at y = 5.050000
phi_m, max: 115.152388 at y = 5.058376./ phi_m, min: 0.000000 at y = 5.050000
phi_m, max: 115.703960 at y = 5.478213./ phi_m, min: 0.000000 at y = 5.050000
phi_m, max: 104.960248 at y = 5.479413./ phi_m, min: 0.000000 at y = 5.050000
phi_m, max: 87.031941 at y = 5.480000./ phi_m, min: 0.000000 at y = 5.050000


phi_m, max: -0.000000 at y = 4.420000./ phi_m, min: -0.001153 at y = 4.424832
phi_m, max: -0.000000 at y = 4.420000./ phi_m, min: -0.001162 at y = 4.425168
phi_m, max: -0.000000 at y = 4.420000./ phi_m, min: -0.001153 at y = 4.425168
phi_m, max: -0.000000 at y = 4.420000./ phi_m, min: -0.001143 at y = 4.425168
phi_m, max: -0.000000 at y = 4.420000./ phi_m, min: -0.001133 at y = 4.425168
phi_m, max: -0.000000 at y = 4.420000./ phi_m, min: -0.001125 at y = 4.425168
phi_m, max: -0.000000 at y = 4.420000./ phi_m, min: -0.001117 at y = 4.425168
phi_m, max: -0.000000 at y = 4.420000./ phi_m, min: -0.001111 at y = 4.425168
phi_m, max: -0.000000 at y = 4.420000./ phi_m, min: -0.001102 at y = 4.425587
phi_m, max: 0.019432 at y = 4.391429./ phi_m, min: -0.000599 at y = 4.630000
phi_m, max: 15.051283 at y = 4.391429./ phi_m, min: 0.000000 at y = 4.420000
phi_m, max: 115.933807 at y = 4.426426./ phi_m, min: 0.000000 at y = 4.420000
phi_m, max: 108.825327 at y = 4.630000./ phi_m, min: 0.000000 at y = 4.420000
phi_m, max: 92.268689 at y = 4.630000./ phi_m, min: 0.000000 at y = 4.420000
phi_m, max: 72.440935 at y = 4.630000./ phi_m, min: 0.000000 at y = 4.420000
phi_m, max: 52.893055 at y = 4.630000./ phi_m, min: 0.000000 at y = 4.420000
phi_m, max: 35.624148 at y = 4.630000./ phi_m, min: 0.000000 at y = 4.420000


phi_m, max: -0.000000 at y = 2.358571./ phi_m, min: -0.001153 at y = 2.535168
phi_m, max: -0.000000 at y = 2.358571./ phi_m, min: -0.001162 at y = 2.535168
phi_m, max: -0.000000 at y = 2.358571./ phi_m, min: -0.001153 at y = 2.535168
phi_m, max: -0.000000 at y = 2.358571./ phi_m, min: -0.001139 at y = 2.535587
phi_m, max: 0.027657 at y = 2.387143./ phi_m, min: -0.000395 at y = 2.597143
phi_m, max: 21.375315 at y = 2.387143./ phi_m, min: 0.000000 at y = 2.358571
phi_m, max: 115.959152 at y = 2.536426./ phi_m, min: 0.000000 at y = 2.358571
phi_m, max: 107.815821 at y = 2.539413./ phi_m, min: 0.000000 at y = 2.358571
phi_m, max: 90.799157 at y = 2.597143./ phi_m, min: 0.000000 at y = 2.358571
phi_m, max: 70.952776 at y = 2.597143./ phi_m, min: 0.000000 at y = 2.358571
phi_m, max: 51.589745 at y = 2.597143./ phi_m, min: 0.000000 at y = 2.358571
phi_m, max: 34.406092 at y = 2.597143./ phi_m, min: 0.000000 at y = 2.358571
phi_m, max: 12.937600 at y = 2.597143./ phi_m, min: 0.000000 at y = 2.358571
phi_m, max: 1.581991 at y = 2.597143./ phi_m, min: 0.000000 at y = 2.358571
phi_m, max: -0.000000 at y = 2.358571./ phi_m, min: -0.245301 at y = 2.387143
phi_m, max: -0.000000 at y = 2.358571./ phi_m, min: -0.395630 at y = 2.387143
phi_m, max: -0.000000 at y = 2.358571./ phi_m, min: -0.472500 at y = 2.387143


phi_m, max: -0.000000 at y = 3.790000./ phi_m, min: -0.001153 at y = 4.004832
phi_m, max: -0.000000 at y = 3.790000./ phi_m, min: -0.001162 at y = 3.794832
phi_m, max: -0.000000 at y = 3.790000./ phi_m, min: -0.001153 at y = 3.794832
phi_m, max: -0.000000 at y = 3.790000./ phi_m, min: -0.001143 at y = 3.794832
phi_m, max: -0.000000 at y = 3.790000./ phi_m, min: -0.001133 at y = 4.005168
phi_m, max: -0.000000 at y = 3.790000./ phi_m, min: -0.001125 at y = 4.005168
phi_m, max: -0.000000 at y = 3.790000./ phi_m, min: -0.001117 at y = 4.005168
phi_m, max: 0.001019 at y = 3.761429./ phi_m, min: -0.001104 at y = 4.006367
phi_m, max: 1.643203 at y = 3.761429./ phi_m, min: 0.000000 at y = 3.790000
phi_m, max: 115.222757 at y = 3.790587./ phi_m, min: 0.000000 at y = 3.790000
phi_m, max: 115.888275 at y = 4.007458./ phi_m, min: 0.000000 at y = 3.790000
phi_m, max: 106.421434 at y = 4.009413./ phi_m, min: 0.000000 at y = 3.790000
phi_m, max: 88.890741 at y = 4.010000./ phi_m, min: 0.000000 at y = 3.790000
phi_m, max: 68.878995 at y = 4.010000./ phi_m, min: 0.000000 at y = 3.790000
phi_m, max: 49.713469 at y = 4.010000./ phi_m, min: 0.000000 at y = 3.790000
phi_m, max: 32.453839 at y = 4.010000./ phi_m, min: 0.000000 at y = 3.790000
phi_m, max: 10.711920 at y = 4.010000./ phi_m, min: 0.000000 at y = 3.790000


phi_m, max: -0.000000 at y = 3.580000./ phi_m, min: -0.001153 at y = 3.584832
phi_m, max: -0.000000 at y = 3.580000./ phi_m, min: -0.001162 at y = 3.585168
phi_m, max: -0.000000 at y = 3.580000./ phi_m, min: -0.001153 at y = 3.585168
phi_m, max: -0.000000 at y = 3.580000./ phi_m, min: -0.001143 at y = 3.585168
phi_m, max: -0.000000 at y = 3.580000./ phi_m, min: -0.001133 at y = 3.585168
phi_m, max: -0.000000 at y = 3.580000./ phi_m, min: -0.001125 at y = 3.585168
phi_m, max: -0.000000 at y = 3.580000./ phi_m, min: -0.001104 at y = 3.586787
phi_m, max: 0.084311 at y = 3.551429./ phi_m, min: 0.000000 at y = 3.580000
phi_m, max: 61.606778 at y = 3.551429./ phi_m, min: 0.000000 at y = 3.580000
phi_m, max: 115.633616 at y = 3.588376./ phi_m, min: 0.000000 at y = 3.580000
phi_m, max: 105.225071 at y = 3.761429./ phi_m, min: 0.000000 at y = 3.580000
phi_m, max: 87.507542 at y = 3.761429./ phi_m, min: 0.000000 at y = 3.580000
phi_m, max: 67.487283 at y = 3.761429./ phi_m, min: 0.000000 at y = 3.580000
phi_m, max: 48.510098 at y = 3.761429./ phi_m, min: 0.000000 at y = 3.580000
phi_m, max: 31.192398 at y = 3.761429./ phi_m, min: 0.000000 at y = 3.580000
phi_m, max: 9.554428 at y = 3.761429./ phi_m, min: 0.000000 at y = 3.580000
phi_m, max: 0.994572 at y = 3.761429./ phi_m, min: 0.000000 at y = 3.580000


phi_m, max: -0.000000 at y = 1.900000./ phi_m, min: -0.001153 at y = 1.905168
phi_m, max: -0.000000 at y = 1.900000./ phi_m, min: -0.001162 at y = 1.905168
phi_m, max: 0.001996 at y = 1.728571./ phi_m, min: -0.001050 at y = 1.963787
phi_m, max: 2.391697 at y = 1.728571./ phi_m, min: 0.000000 at y = 1.900000
phi_m, max: 115.332297 at y = 1.900587./ phi_m, min: 0.000000 at y = 1.900000
phi_m, max: 111.987642 at y = 1.909413./ phi_m, min: 0.000000 at y = 1.900000
phi_m, max: 96.831898 at y = 1.963787./ phi_m, min: 0.000000 at y = 1.900000
phi_m, max: 77.525785 at y = 1.963787./ phi_m, min: 0.000000 at y = 1.900000
phi_m, max: 57.643122 at y = 1.963787./ phi_m, min: 0.000000 at y = 1.900000
phi_m, max: 39.994060 at y = 1.963787./ phi_m, min: 0.000000 at y = 1.900000
phi_m, max: 20.373222 at y = 1.963787./ phi_m, min: 0.000000 at y = 1.900000
phi_m, max: 3.434113 at y = 1.963787./ phi_m, min: 0.000000 at y = 1.900000
phi_m, max: 0.162576 at y = 1.963787./ phi_m, min: -0.158968 at y = 1.728571
phi_m, max: -0.000000 at y = 1.900000./ phi_m, min: -0.359476 at y = 1.728571
phi_m, max: -0.000000 at y = 1.900000./ phi_m, min: -0.454039 at y = 1.728571
phi_m, max: -0.000000 at y = 1.900000./ phi_m, min: -0.501925 at y = 1.901624
phi_m, max: -0.000000 at y = 1.900000./ phi_m, min: -0.519858 at y = 1.903574


phi_m, max: -0.000000 at y = 1.270000./ phi_m, min: -0.001127 at y = 1.278213
phi_m, max: 0.294549 at y = 1.070000./ phi_m, min: 0.000000 at y = 1.270000
phi_m, max: 104.482222 at y = 1.070000./ phi_m, min: 0.000000 at y = 1.270000
phi_m, max: 114.883380 at y = 1.278376./ phi_m, min: 0.000000 at y = 1.270000
phi_m, max: 102.444573 at y = 1.279413./ phi_m, min: 0.000000 at y = 1.270000
phi_m, max: 83.985286 at y = 1.308571./ phi_m, min: 0.000000 at y = 1.270000
phi_m, max: 63.914494 at y = 1.308571./ phi_m, min: 0.000000 at y = 1.270000
phi_m, max: 45.412957 at y = 1.308571./ phi_m, min: 0.000000 at y = 1.270000
phi_m, max: 27.604317 at y = 1.308571./ phi_m, min: 0.000000 at y = 1.270000
phi_m, max: 6.773419 at y = 1.308571./ phi_m, min: 0.000000 at y = 1.270000
phi_m, max: 0.588895 at y = 1.308571./ phi_m, min: -0.019858 at y = 1.070000
phi_m, max: -0.000000 at y = 1.270000./ phi_m, min: -0.314857 at y = 1.070000
phi_m, max: -0.000000 at y = 1.270000./ phi_m, min: -0.431035 at y = 1.070000
phi_m, max: -0.000000 at y = 1.270000./ phi_m, min: -0.490614 at y = 1.070000
phi_m, max: -0.000000 at y = 1.270000./ phi_m, min: -0.516923 at y = 1.272542
phi_m, max: -0.000000 at y = 1.270000./ phi_m, min: -0.518905 at y = 1.276259
phi_m, max: -0.000000 at y = 1.270000./ phi_m, min: -0.501826 at y = 1.277458


phi_m, max: -0.000000 at y = 1.518571./ phi_m, min: -0.001153 at y = 1.695168
phi_m, max: -0.000000 at y = 1.518571./ phi_m, min: -0.001147 at y = 1.696787
phi_m, max: 0.131643 at y = 1.490000./ phi_m, min: 0.000000 at y = 1.518571
phi_m, max: 83.454072 at y = 1.490000./ phi_m, min: 0.000000 at y = 1.518571
phi_m, max: 115.553562 at y = 1.698376./ phi_m, min: 0.000000 at y = 1.518571
phi_m, max: 104.324704 at y = 1.699413./ phi_m, min: 0.000000 at y = 1.518571
phi_m, max: 86.263429 at y = 1.728571./ phi_m, min: 0.000000 at y = 1.518571
phi_m, max: 66.214197 at y = 1.728571./ phi_m, min: 0.000000 at y = 1.518571
phi_m, max: 47.401587 at y = 1.728571./ phi_m, min: 0.000000 at y = 1.518571
phi_m, max: 29.961206 at y = 1.728571./ phi_m, min: 0.000000 at y = 1.518571
phi_m, max: 8.483434 at y = 1.728571./ phi_m, min: 0.000000 at y = 1.518571
phi_m, max: 0.832583 at y = 1.728571./ phi_m, min: 0.000000 at y = 1.518571
phi_m, max: -0.000000 at y = 1.518571./ phi_m, min: -0.295360 at y = 1.490000
phi_m, max: -0.000000 at y = 1.518571./ phi_m, min: -0.420952 at y = 1.490000
phi_m, max: -0.000000 at y = 1.518571./ phi_m, min: -0.485845 at y = 1.490000
phi_m, max: -0.000000 at y = 1.518571./ phi_m, min: -0.515201 at y = 1.692542
phi_m, max: -0.000000 at y = 1.518571./ phi_m, min: -0.519677 at y = 1.695449


phi_m, max: -0.000000 at y = 2.110000./ phi_m, min: -0.001153 at y = 2.115168
phi_m, max: -0.000000 at y = 2.110000./ phi_m, min: -0.001162 at y = 2.115168
phi_m, max: -0.000000 at y = 2.110000./ phi_m, min: -0.001146 at y = 2.116367
phi_m, max: 0.057853 at y = 1.938571./ phi_m, min: 0.000000 at y = 2.110000
phi_m, max: 49.175436 at y = 1.938571./ phi_m, min: 0.000000 at y = 2.110000
phi_m, max: 115.860600 at y = 2.117458./ phi_m, min: 0.000000 at y = 2.110000
phi_m, max: 106.118442 at y = 2.119413./ phi_m, min: 0.000000 at y = 2.110000
phi_m, max: 88.582685 at y = 2.177143./ phi_m, min: 0.000000 at y = 2.110000
phi_m, max: 68.627146 at y = 2.177143./ phi_m, min: 0.000000 at y = 2.110000
phi_m, max: 49.523746 at y = 2.177143./ phi_m, min: 0.000000 at y = 2.110000
phi_m, max: 32.304950 at y = 2.177143./ phi_m, min: 0.000000 at y = 2.110000
phi_m, max: 10.640397 at y = 2.177143./ phi_m, min: 0.000000 at y = 2.110000
phi_m, max: 1.172477 at y = 2.177143./ phi_m, min: 0.000000 at y = 2.110000
phi_m, max: -0.000000 at y = 2.110000./ phi_m, min: -0.271684 at y = 1.938571
phi_m, max: -0.000000 at y = 2.110000./ phi_m, min: -0.408610 at y = 1.938571
phi_m, max: -0.000000 at y = 2.110000./ phi_m, min: -0.479336 at y = 1.938571
phi_m, max: -0.000000 at y = 2.110000./ phi_m, min: -0.513071 at y = 2.112542


phi_m, max: -0.000000 at y = 2.950000./ phi_m, min: -0.001153 at y = 2.954832
phi_m, max: -0.000000 at y = 2.950000./ phi_m, min: -0.001162 at y = 2.955168
phi_m, max: -0.000000 at y = 2.950000./ phi_m, min: -0.001153 at y = 2.955168
phi_m, max: -0.000000 at y = 2.950000./ phi_m, min: -0.001143 at y = 2.955168
phi_m, max: -0.000000 at y = 2.950000./ phi_m, min: -0.001131 at y = 2.955449
phi_m, max: 0.011849 at y = 2.807143./ phi_m, min: -0.000792 at y = 3.045714
phi_m, max: 9.518874 at y = 2.807143./ phi_m, min: 0.000000 at y = 2.950000
phi_m, max: 115.909075 at y = 2.953633./ phi_m, min: 0.000000 at y = 2.950000
phi_m, max: 109.405803 at y = 2.959413./ phi_m, min: 0.000000 at y = 2.950000
phi_m, max: 93.087542 at y = 3.045714./ phi_m, min: 0.000000 at y = 2.950000
phi_m, max: 73.417630 at y = 3.045714./ phi_m, min: 0.000000 at y = 2.950000
phi_m, max: 53.828578 at y = 3.045714./ phi_m, min: 0.000000 at y = 2.950000
phi_m, max: 36.556644 at y = 3.045714./ phi_m, min: 0.000000 at y = 2.950000
phi_m, max: 15.654508 at y = 3.045714./ phi_m, min: 0.000000 at y = 2.950000
phi_m, max: 2.148791 at y = 3.045714./ phi_m, min: 0.000000 at y = 2.950000
phi_m, max: 0.008514 at y = 3.045714./ phi_m, min: -0.217653 at y = 2.807143
phi_m, max: -0.000000 at y = 2.950000./ phi_m, min: -0.383076 at y = 2.807143


phi_m, max: -0.000000 at y = 5.260000./ phi_m, min: -0.001153 at y = 5.264832
phi_m, max: -0.000000 at y = 5.260000./ phi_m, min: -0.001162 at y = 5.265168
phi_m, max: -0.000000 at y = 5.260000./ phi_m, min: -0.001153 at y = 5.265168
phi_m, max: -0.000000 at y = 5.260000./ phi_m, min: -0.001143 at y = 5.265168
phi_m, max: -0.000000 at y = 5.260000./ phi_m, min: -0.001133 at y = 5.265168
phi_m, max: -0.000000 at y = 5.260000./ phi_m, min: -0.001125 at y = 5.265168
phi_m, max: -0.000000 at y = 5.260000./ phi_m, min: -0.001117 at y = 5.265168
phi_m, max: -0.000000 at y = 5.260000./ phi_m, min: -0.001111 at y = 5.265168
phi_m, max: -0.000000 at y = 5.260000./ phi_m, min: -0.001106 at y = 5.265168
phi_m, max: -0.000000 at y = 5.260000./ phi_m, min: -0.001101 at y = 5.265168
phi_m, max: -0.000000 at y = 5.260000./ phi_m, min: -0.001096 at y = 5.265168
phi_m, max: 0.004417 at y = 5.063356./ phi_m, min: -0.000936 at y = 5.298571
phi_m, max: 4.065308 at y = 5.063356./ phi_m, min: 0.000000 at y = 5.260000
phi_m, max: 115.755553 at y = 5.261787./ phi_m, min: 0.000000 at y = 5.260000
phi_m, max: 111.118466 at y = 5.269413./ phi_m, min: 0.000000 at y = 5.260000
phi_m, max: 95.438719 at y = 5.270000./ phi_m, min: 0.000000 at y = 5.260000
phi_m, max: 75.933398 at y = 5.298571./ phi_m, min: 0.000000 at y = 5.260000


phi_m, max: -0.000000 at y = 4.210000./ phi_m, min: -0.001153 at y = 4.215168
phi_m, max: -0.000000 at y = 4.210000./ phi_m, min: -0.001162 at y = 4.214832
phi_m, max: -0.000000 at y = 4.210000./ phi_m, min: -0.001153 at y = 4.214832
phi_m, max: -0.000000 at y = 4.210000./ phi_m, min: -0.001143 at y = 4.214832
phi_m, max: -0.000000 at y = 4.210000./ phi_m, min: -0.001133 at y = 4.214832
phi_m, max: -0.000000 at y = 4.210000./ phi_m, min: -0.001125 at y = 4.215168
phi_m, max: -0.000000 at y = 4.210000./ phi_m, min: -0.001117 at y = 4.215168
phi_m, max: -0.000000 at y = 4.210000./ phi_m, min: -0.001111 at y = 4.215168
phi_m, max: -0.000000 at y = 4.210000./ phi_m, min: -0.001057 at y = 4.420000
phi_m, max: 0.785040 at y = 4.210000./ phi_m, min: 0.000000 at y = 4.210000
phi_m, max: 113.282362 at y = 4.210000./ phi_m, min: 0.000000 at y = 4.210000
phi_m, max: 113.637488 at y = 4.420000./ phi_m, min: 0.000000 at y = 4.210000
phi_m, max: 100.262397 at y = 4.420000./ phi_m, min: 0.000000 at y = 4.210000
phi_m, max: 81.363524 at y = 4.420000./ phi_m, min: 0.000000 at y = 4.210000
phi_m, max: 61.287792 at y = 4.420000./ phi_m, min: 0.000000 at y = 4.210000
phi_m, max: 43.132551 at y = 4.420000./ phi_m, min: 0.000000 at y = 4.210000
phi_m, max: 24.619739 at y = 4.420000./ phi_m, min: 0.000000 at y = 4.210000


phi_m, max: -0.000000 at y = 2.740000./ phi_m, min: -0.001153 at y = 2.744832
phi_m, max: -0.000000 at y = 2.740000./ phi_m, min: -0.001162 at y = 2.745168
phi_m, max: -0.000000 at y = 2.740000./ phi_m, min: -0.001153 at y = 2.745168
phi_m, max: -0.000000 at y = 2.740000./ phi_m, min: -0.001143 at y = 2.745168
phi_m, max: -0.000000 at y = 2.740000./ phi_m, min: -0.001093 at y = 2.748825
phi_m, max: 0.524967 at y = 2.597143./ phi_m, min: 0.000000 at y = 2.740000
phi_m, max: 110.624607 at y = 2.597143./ phi_m, min: 0.000000 at y = 2.740000
phi_m, max: 114.210398 at y = 2.749413./ phi_m, min: 0.000000 at y = 2.740000
phi_m, max: 100.939700 at y = 2.835714./ phi_m, min: 0.000000 at y = 2.740000
phi_m, max: 82.293646 at y = 2.835714./ phi_m, min: 0.000000 at y = 2.740000
phi_m, max: 62.267718 at y = 2.835714./ phi_m, min: 0.000000 at y = 2.740000
phi_m, max: 44.011144 at y = 2.835714./ phi_m, min: 0.000000 at y = 2.740000
phi_m, max: 25.880762 at y = 2.835714./ phi_m, min: 0.000000 at y = 2.740000
phi_m, max: 5.775561 at y = 2.835714./ phi_m, min: 0.000000 at y = 2.740000
phi_m, max: 0.456113 at y = 2.835714./ phi_m, min: -0.060743 at y = 2.597143
phi_m, max: -0.000000 at y = 2.740000./ phi_m, min: -0.325766 at y = 2.597143
phi_m, max: -0.000000 at y = 2.740000./ phi_m, min: -0.435910 at y = 2.597143


phi_m, max: -0.000000 at y = 5.690000./ phi_m, min: -0.001153 at y = 5.895168
phi_m, max: -0.000000 at y = 5.690000./ phi_m, min: -0.001162 at y = 5.895168
phi_m, max: -0.000000 at y = 5.690000./ phi_m, min: -0.001153 at y = 5.895168
phi_m, max: -0.000000 at y = 5.690000./ phi_m, min: -0.001143 at y = 5.895168
phi_m, max: -0.000000 at y = 5.690000./ phi_m, min: -0.001133 at y = 5.895168
phi_m, max: -0.000000 at y = 5.690000./ phi_m, min: -0.001125 at y = 5.895168
phi_m, max: -0.000000 at y = 5.690000./ phi_m, min: -0.001117 at y = 5.895168
phi_m, max: -0.000000 at y = 5.690000./ phi_m, min: -0.001111 at y = 5.895168
phi_m, max: -0.000000 at y = 5.690000./ phi_m, min: -0.001106 at y = 5.895168
phi_m, max: -0.000000 at y = 5.690000./ phi_m, min: -0.001101 at y = 5.895168
phi_m, max: -0.000000 at y = 5.690000./ phi_m, min: -0.001097 at y = 5.895168
phi_m, max: -0.000000 at y = 5.690000./ phi_m, min: -0.001093 at y = 5.895168
phi_m, max: -0.000000 at y = 5.690000./ phi_m, min: -0.001084 at y = 5.895916
phi_m, max: 0.047804 at y = 5.690000./ phi_m, min: 0.000000 at y = 5.690000
phi_m, max: 39.839520 at y = 5.690000./ phi_m, min: 0.000000 at y = 5.690000
phi_m, max: 115.896417 at y = 5.897458./ phi_m, min: 0.000000 at y = 5.690000
phi_m, max: 106.721642 at y = 5.899413./ phi_m, min: 0.000000 at y = 5.690000


phi_m, max: 114.270515 at y = 0.430587./ phi_m, min: -0.001124 at y = 3.198571
phi_m, max: 112.995228 at y = 0.439413./ phi_m, min: -0.001133 at y = 3.341429
phi_m, max: 98.507055 at y = 0.440000./ phi_m, min: -0.001125 at y = 3.341429
phi_m, max: 79.334432 at y = 0.440000./ phi_m, min: -0.001114 at y = 3.341429
phi_m, max: 59.322314 at y = 0.440000./ phi_m, min: -0.001105 at y = 3.341429
phi_m, max: 41.434949 at y = 0.440000./ phi_m, min: -0.001090 at y = 3.341429
phi_m, max: 22.296643 at y = 0.440000./ phi_m, min: 0.000000 at y = 0.430000
phi_m, max: 4.480422 at y = 3.198571./ phi_m, min: 0.000000 at y = 0.430000
phi_m, max: 114.584028 at y = 3.341429./ phi_m, min: -0.112950 at y = 0.344286
phi_m, max: 103.430016 at y = 3.341429./ phi_m, min: -0.342296 at y = 0.344286
phi_m, max: 85.242653 at y = 3.341429./ phi_m, min: -0.444503 at y = 0.344286
phi_m, max: 65.177600 at y = 3.341429./ phi_m, min: -0.498707 at y = 0.431624
phi_m, max: 46.502200 at y = 3.341429./ phi_m, min: -0.519414 at y = 0.433574
phi_m, max: 28.913298 at y = 3.341429./ phi_m, min: -0.516659 at y = 0.436426
phi_m, max: 7.681535 at y = 3.341429./ phi_m, min: -0.495828 at y = 0.437458
phi_m, max: 0.714760 at y = 3.341429./ phi_m, min: -0.462841 at y = 0.438213
phi_m, max: -0.000000 at y = 0.430000./ phi_m, min: -0.423322 at y = 0.438213


phi_m, max: -0.000000 at y = 5.928571./ phi_m, min: -0.001153 at y = 6.105168
phi_m, max: -0.000000 at y = 5.928571./ phi_m, min: -0.001162 at y = 6.105168
phi_m, max: -0.000000 at y = 5.928571./ phi_m, min: -0.001154 at y = 6.105168
phi_m, max: -0.000000 at y = 5.928571./ phi_m, min: -0.001143 at y = 6.105168
phi_m, max: -0.000000 at y = 5.928571./ phi_m, min: -0.001133 at y = 6.105168
phi_m, max: -0.000000 at y = 5.928571./ phi_m, min: -0.001125 at y = 6.105168
phi_m, max: -0.000000 at y = 5.928571./ phi_m, min: -0.001118 at y = 6.105168
phi_m, max: -0.000000 at y = 5.928571./ phi_m, min: -0.001111 at y = 6.105168
phi_m, max: -0.000000 at y = 5.928571./ phi_m, min: -0.001106 at y = 6.105168
phi_m, max: -0.000000 at y = 5.928571./ phi_m, min: -0.001101 at y = 6.105168
phi_m, max: -0.000000 at y = 5.928571./ phi_m, min: -0.001097 at y = 6.105168
phi_m, max: -0.000000 at y = 5.928571./ phi_m, min: -0.001093 at y = 6.105168
phi_m, max: -0.000000 at y = 5.928571./ phi_m, min: -0.001090 at y = 6.105168
phi_m, max: 0.000143 at y = 5.900000./ phi_m, min: -0.001035 at y = 6.109413
phi_m, max: 0.982104 at y = 5.900000./ phi_m, min: 0.000000 at y = 5.928571
phi_m, max: 113.963774 at y = 5.900000./ phi_m, min: 0.000000 at y = 5.928571
phi_m, max: 113.571066 at y = 6.109413./ phi_m, min: 0.000000 at y = 5.928571


phi_m, max: 115.829979 at y = 0.228213./ phi_m, min: 0.000000 at y = 0.220000
phi_m, max: 105.912401 at y = 0.344286./ phi_m, min: 0.000000 at y = 0.220000
phi_m, max: 88.488870 at y = 0.344286./ phi_m, min: 0.000000 at y = 0.220000
phi_m, max: 68.543274 at y = 0.344286./ phi_m, min: 0.000000 at y = 0.220000
phi_m, max: 49.456652 at y = 0.344286./ phi_m, min: 0.000000 at y = 0.220000
phi_m, max: 32.251607 at y = 0.344286./ phi_m, min: 0.000000 at y = 0.220000
phi_m, max: 10.619790 at y = 0.344286./ phi_m, min: 0.000000 at y = 0.220000
phi_m, max: 1.168794 at y = 0.344286./ phi_m, min: 0.000000 at y = 0.220000
phi_m, max: -0.000000 at y = 0.220000./ phi_m, min: -0.218211 at y = 0.221175
phi_m, max: -0.000000 at y = 0.220000./ phi_m, min: -0.379595 at y = 0.221787
phi_m, max: -0.000000 at y = 0.220000./ phi_m, min: -0.466319 at y = 0.223213
phi_m, max: -0.000000 at y = 0.220000./ phi_m, min: -0.508923 at y = 0.224490
phi_m, max: -0.000000 at y = 0.220000./ phi_m, min: -0.519414 at y = 0.226426
phi_m, max: -0.000000 at y = 0.220000./ phi_m, min: -0.506772 at y = 0.227458
phi_m, max: -0.000000 at y = 0.220000./ phi_m, min: -0.478776 at y = 0.227458
phi_m, max: -0.000000 at y = 0.220000./ phi_m, min: -0.441687 at y = 0.228213
phi_m, max: -0.000000 at y = 0.220000./ phi_m, min: -0.400370 at y = 0.228213


phi_m, max: -0.000000 at y = 5.480000./ phi_m, min: -0.001153 at y = 5.685168
phi_m, max: -0.000000 at y = 5.480000./ phi_m, min: -0.001162 at y = 5.685168
phi_m, max: -0.000000 at y = 5.480000./ phi_m, min: -0.001153 at y = 5.685168
phi_m, max: -0.000000 at y = 5.480000./ phi_m, min: -0.001143 at y = 5.685168
phi_m, max: -0.000000 at y = 5.480000./ phi_m, min: -0.001133 at y = 5.685168
phi_m, max: -0.000000 at y = 5.480000./ phi_m, min: -0.001125 at y = 5.685168
phi_m, max: -0.000000 at y = 5.480000./ phi_m, min: -0.001117 at y = 5.685168
phi_m, max: -0.000000 at y = 5.480000./ phi_m, min: -0.001111 at y = 5.685168
phi_m, max: -0.000000 at y = 5.480000./ phi_m, min: -0.001106 at y = 5.685168
phi_m, max: -0.000000 at y = 5.480000./ phi_m, min: -0.001101 at y = 5.685168
phi_m, max: -0.000000 at y = 5.480000./ phi_m, min: -0.001097 at y = 5.685168
phi_m, max: -0.000000 at y = 5.480000./ phi_m, min: -0.001093 at y = 5.685168
phi_m, max: 0.001413 at y = 5.480000./ phi_m, min: -0.001004 at y = 5.690000
phi_m, max: 1.980539 at y = 5.480000./ phi_m, min: 0.000000 at y = 5.480000
phi_m, max: 115.063924 at y = 5.680587./ phi_m, min: 0.000000 at y = 5.480000
phi_m, max: 112.426423 at y = 5.689413./ phi_m, min: 0.000000 at y = 5.480000
phi_m, max: 97.529011 at y = 5.690000./ phi_m, min: 0.000000 at y = 5.480000


phi_m, max: -0.000000 at y = 3.971429./ phi_m, min: -0.001126 at y = 4.000000
phi_m, max: -0.000000 at y = 3.971429./ phi_m, min: -0.001135 at y = 4.210000
phi_m, max: -0.000000 at y = 3.971429./ phi_m, min: -0.001127 at y = 4.210000
phi_m, max: -0.000000 at y = 3.971429./ phi_m, min: -0.001116 at y = 4.210000
phi_m, max: -0.000000 at y = 3.971429./ phi_m, min: -0.001107 at y = 4.210000
phi_m, max: -0.000000 at y = 3.971429./ phi_m, min: -0.001099 at y = 4.210000
phi_m, max: -0.000000 at y = 3.971429./ phi_m, min: -0.001091 at y = 4.210000
phi_m, max: -0.000000 at y = 3.971429./ phi_m, min: -0.001084 at y = 4.210000
phi_m, max: 0.046448 at y = 3.885714./ phi_m, min: -0.000136 at y = 4.210000
phi_m, max: 39.483976 at y = 3.885714./ phi_m, min: 0.000000 at y = 3.971429
phi_m, max: 114.258289 at y = 4.010000./ phi_m, min: 0.000000 at y = 3.971429
phi_m, max: 107.235335 at y = 4.210000./ phi_m, min: 0.000000 at y = 3.971429
phi_m, max: 90.065210 at y = 4.210000./ phi_m, min: 0.000000 at y = 3.971429
phi_m, max: 70.104670 at y = 4.210000./ phi_m, min: 0.000000 at y = 3.971429
phi_m, max: 50.797397 at y = 4.210000./ phi_m, min: 0.000000 at y = 3.971429
phi_m, max: 33.563787 at y = 4.210000./ phi_m, min: 0.000000 at y = 3.971429
phi_m, max: 11.904297 at y = 4.210000./ phi_m, min: 0.000000 at y = 3.971429


Steps: 17000000 Time: 1.7         

Time: 0.100000
CPU Time: 74.486909 min.
phi_m, max: -0.000000 at y = 3.131429./ phi_m, min: -0.001161 at y = 6.320000

Time: 0.200000
CPU Time: 74.595730 min.
phi_m, max: -0.000000 at y = 3.131429./ phi_m, min: -0.001170 at y = 6.320000

Time: 0.300000
CPU Time: 74.501474 min.
phi_m, max: -0.000000 at y = 3.131429./ phi_m, min: -0.001161 at y = 6.320000

Time: 0.400000
CPU Time: 74.544145 min.
phi_m, max: -0.000000 at y = 3.131429./ phi_m, min: -0.001150 at y = 6.320000

Time: 0.500000
CPU Time: 75.202637 min.
phi_m, max: -0.000000 at y = 3.131429./ phi_m, min: -0.001141 at y = 6.320000

Time: 0.600000
CPU Time: 75.424555 min.
phi_m, max: -0.000000 at y = 3.131429./ phi_m, min: -0.001132 at y = 6.320000

Time: 0.700000
CPU Time: 75.120902 min.
phi_m, max: 0.221976 at y = 3.045714./ phi_m, min: -0.001125 at y = 6.320000

Time: 0.800000
CPU Time: 74.630763 min.
phi_m, max: 96.525729 at y = 3.045714./ phi_m, min: -0.001118 at y = 6.320000

Time: 0.900000
CPU Time: 74.039679 min.
phi_m, max: 115.022059 at y = 3.168376./ phi_m, min: -0.001113 at y = 6.320000

Time: 1.000000
CPU Time: 74.307984 min.
phi_m, max: 102.777951 at y = 3.169413./ phi_m, min: -0.001108 at y = 6.320000

Time: 1.100000
CPU Time: 74.713297 min.
phi_m, max: 84.458962 at y = 3.227143./ phi_m, min: -0.001104 at y = 6.320000

Time: 1.200000
CPU Time: 75.100201 min.
phi_m, max: 64.413000 at y = 3.227143./ phi_m, min: -0.001100 at y = 6.320000

Time: 1.300000
CPU Time: 76.690842 min.
phi_m, max: 45.854036 at y = 3.227143./ phi_m, min: -0.001097 at y = 6.320000

Time: 1.400000
CPU Time: 75.278158 min.
phi_m, max: 28.171697 at y = 3.227143./ phi_m, min: -0.001093 at y = 6.320000

Time: 1.500000
CPU Time: 74.815547 min.
phi_m, max: 7.169562 at y = 3.227143./ phi_m, min: -0.000043 at y = 6.320000

Time: 1.600000
CPU Time: 74.628810 min.
phi_m, max: 0.765241 at y = 6.320000./ phi_m, min: 0.000000 at y = 3.131429

Time: 1.700000
CPU Time: 74.254465 min.
phi_m, max: 115.772268 at y = 6.320000./ phi_m, min: -0.305965 at y = 3.045714


phi_m, max: -0.000000 at y = 4.850000./ phi_m, min: -0.001153 at y = 5.055168
phi_m, max: -0.000000 at y = 4.850000./ phi_m, min: -0.001162 at y = 4.844832
phi_m, max: -0.000000 at y = 4.850000./ phi_m, min: -0.001153 at y = 4.844832
phi_m, max: -0.000000 at y = 4.850000./ phi_m, min: -0.001143 at y = 4.844832
phi_m, max: -0.000000 at y = 4.850000./ phi_m, min: -0.001133 at y = 4.844832
phi_m, max: -0.000000 at y = 4.850000./ phi_m, min: -0.001125 at y = 4.844832
phi_m, max: -0.000000 at y = 4.850000./ phi_m, min: -0.001117 at y = 4.844832
phi_m, max: -0.000000 at y = 4.850000./ phi_m, min: -0.001111 at y = 5.054832
phi_m, max: -0.000000 at y = 4.850000./ phi_m, min: -0.001106 at y = 5.055168
phi_m, max: -0.000000 at y = 4.850000./ phi_m, min: -0.001101 at y = 5.055168
phi_m, max: 0.007533 at y = 4.840000./ phi_m, min: -0.001075 at y = 5.057458
phi_m, max: 6.350398 at y = 4.840000./ phi_m, min: 0.000000 at y = 4.850000
phi_m, max: 115.906805 at y = 4.842542./ phi_m, min: 0.000000 at y = 4.850000
phi_m, max: 115.152388 at y = 5.058376./ phi_m, min: 0.000000 at y = 4.850000
phi_m, max: 103.094506 at y = 5.060000./ phi_m, min: 0.000000 at y = 4.850000
phi_m, max: 84.756195 at y = 5.060000./ phi_m, min: 0.000000 at y = 4.850000
phi_m, max: 64.651855 at y = 5.060000./ phi_m, min: 0.000000 at y = 4.850000


phi_m, max: -0.000000 at y = 6.310000./ phi_m, min: -0.001162 at y = 6.318213
phi_m, max: -0.000000 at y = 6.310000./ phi_m, min: -0.001171 at y = 6.318213
phi_m, max: -0.000000 at y = 6.310000./ phi_m, min: -0.001162 at y = 6.318213
phi_m, max: -0.000000 at y = 6.310000./ phi_m, min: -0.001152 at y = 6.318213
phi_m, max: -0.000000 at y = 6.310000./ phi_m, min: -0.001142 at y = 6.318213
phi_m, max: -0.000000 at y = 6.310000./ phi_m, min: -0.001133 at y = 6.318213
phi_m, max: -0.000000 at y = 6.310000./ phi_m, min: -0.001126 at y = 6.318213
phi_m, max: -0.000000 at y = 6.310000./ phi_m, min: -0.001120 at y = 6.318213
phi_m, max: -0.000000 at y = 6.310000./ phi_m, min: -0.001114 at y = 6.318213
phi_m, max: -0.000000 at y = 6.310000./ phi_m, min: -0.001109 at y = 6.318213
phi_m, max: -0.000000 at y = 6.310000./ phi_m, min: -0.001105 at y = 6.318213
phi_m, max: -0.000000 at y = 6.310000./ phi_m, min: -0.001102 at y = 6.318213
phi_m, max: -0.000000 at y = 6.310000./ phi_m, min: -0.001098 at y = 6.318213
phi_m, max: -0.000000 at y = 6.310000./ phi_m, min: -0.001094 at y = 6.318376
phi_m, max: 0.023149 at y = 6.110000./ phi_m, min: -0.000043 at y = 6.320000
phi_m, max: 17.674677 at y = 6.110000./ phi_m, min: 0.000000 at y = 6.310000
phi_m, max: 115.994553 at y = 6.316367./ phi_m, min: 0.000000 at y = 6.310000


phi_m, max: 0.015271 at y = 0.860000./ phi_m, min: -0.000723 at y = 1.070000
phi_m, max: 12.013272 at y = 0.860000./ phi_m, min: 0.000000 at y = 0.888571
phi_m, max: 115.904112 at y = 1.063633./ phi_m, min: 0.000000 at y = 0.888571
phi_m, max: 109.137075 at y = 1.069413./ phi_m, min: 0.000000 at y = 0.888571
phi_m, max: 92.540970 at y = 1.070000./ phi_m, min: 0.000000 at y = 0.888571
phi_m, max: 72.734563 at y = 1.070000./ phi_m, min: 0.000000 at y = 0.888571
phi_m, max: 53.159701 at y = 1.070000./ phi_m, min: 0.000000 at y = 0.888571
phi_m, max: 35.884004 at y = 1.070000./ phi_m, min: 0.000000 at y = 0.888571
phi_m, max: 14.654216 at y = 1.070000./ phi_m, min: 0.000000 at y = 0.888571
phi_m, max: 1.922336 at y = 1.070000./ phi_m, min: 0.000000 at y = 0.888571
phi_m, max: -0.000000 at y = 0.888571./ phi_m, min: -0.228129 at y = 0.860000
phi_m, max: -0.000000 at y = 0.888571./ phi_m, min: -0.388670 at y = 0.860000
phi_m, max: -0.000000 at y = 0.888571./ phi_m, min: -0.469793 at y = 0.860000
phi_m, max: -0.000000 at y = 0.888571./ phi_m, min: -0.508687 at y = 1.061624
phi_m, max: -0.000000 at y = 0.888571./ phi_m, min: -0.520634 at y = 1.064490
phi_m, max: -0.000000 at y = 0.888571./ phi_m, min: -0.511457 at y = 1.066426
phi_m, max: -0.000000 at y = 0.888571./ phi_m, min: -0.486031 at y = 1.067458


phi_m, max: -0.000000 at y = 1.480000./ phi_m, min: -0.001152 at y = 1.485168
phi_m, max: 0.005816 at y = 1.308571./ phi_m, min: -0.000962 at y = 1.518571
phi_m, max: 5.150036 at y = 1.308571./ phi_m, min: 0.000000 at y = 1.480000
phi_m, max: 115.881761 at y = 1.481624./ phi_m, min: 0.000000 at y = 1.480000
phi_m, max: 110.628864 at y = 1.489413./ phi_m, min: 0.000000 at y = 1.480000
phi_m, max: 94.697881 at y = 1.490000./ phi_m, min: 0.000000 at y = 1.480000
phi_m, max: 75.119998 at y = 1.518571./ phi_m, min: 0.000000 at y = 1.480000
phi_m, max: 55.371945 at y = 1.518571./ phi_m, min: 0.000000 at y = 1.480000
phi_m, max: 37.955804 at y = 1.518571./ phi_m, min: 0.000000 at y = 1.480000
phi_m, max: 17.479702 at y = 1.518571./ phi_m, min: 0.000000 at y = 1.480000
phi_m, max: 2.588111 at y = 1.518571./ phi_m, min: 0.000000 at y = 1.480000
phi_m, max: 0.060715 at y = 1.518571./ phi_m, min: -0.194830 at y = 1.308571
phi_m, max: -0.000000 at y = 1.480000./ phi_m, min: -0.373771 at y = 1.308571
phi_m, max: -0.000000 at y = 1.480000./ phi_m, min: -0.461577 at y = 1.308571
phi_m, max: -0.000000 at y = 1.480000./ phi_m, min: -0.505537 at y = 1.481624
phi_m, max: -0.000000 at y = 1.480000./ phi_m, min: -0.520344 at y = 1.484490
phi_m, max: -0.000000 at y = 1.480000./ phi_m, min: -0.513445 at y = 1.486426


Writing: "Fiber2DEphapticPlaneL6Isolated_17.chk"
 (0.00185518s, XML)
phi_m, max: -0.000000 at y = 5.928571./ phi_m, min: -0.001153 at y = 6.105168
phi_m, max: -0.000000 at y = 5.928571./ phi_m, min: -0.001162 at y = 6.105168
phi_m, max: -0.000000 at y = 5.928571./ phi_m, min: -0.001154 at y = 6.105168
phi_m, max: -0.000000 at y = 5.928571./ phi_m, min: -0.001143 at y = 6.105168
phi_m, max: -0.000000 at y = 5.928571./ phi_m, min: -0.001133 at y = 6.105168
phi_m, max: -0.000000 at y = 5.928571./ phi_m, min: -0.001125 at y = 6.105168
phi_m, max: -0.000000 at y = 5.928571./ phi_m, min: -0.001118 at y = 6.105168
phi_m, max: -0.000000 at y = 5.928571./ phi_m, min: -0.001111 at y = 6.105168
phi_m, max: -0.000000 at y = 5.928571./ phi_m, min: -0.001106 at y = 6.105168
phi_m, max: -0.000000 at y = 5.928571./ phi_m, min: -0.001101 at y = 6.105168
phi_m, max: -0.000000 at y = 5.928571./ phi_m, min: -0.001097 at y = 6.105168
phi_m, max: -0.000000 at y = 5.928571./ phi_m, min: -0.001093 at y = 6.105168
phi_m, max: -0.000000 at y = 5.928571./ phi_m, min: -0.001090 at y = 6.105168
phi_m, max: 0.000143 at y = 5.900000./ phi_m, min: -0.001035 at y = 6.109413
phi_m, max: 0.982104 at y = 5.900000./ phi_m, min: 0.000000 at y = 5.928571
phi_m, max: 113.963774 at y = 5.900000./ phi_m, min: 0.000000 at y = 5.928571
phi_m, max: 113.571066 at y = 6.109413./ phi_m, min: 0.000000 at y = 5.928571
phi_m, max: 99.556357 at y = 6.110000./ phi_m, min: 0.000000 at y = 5.928571


phi_m, max: -0.000000 at y = 5.480000./ phi_m, min: -0.001153 at y = 5.685168
phi_m, max: -0.000000 at y = 5.480000./ phi_m, min: -0.001162 at y = 5.685168
phi_m, max: -0.000000 at y = 5.480000./ phi_m, min: -0.001153 at y = 5.685168
phi_m, max: -0.000000 at y = 5.480000./ phi_m, min: -0.001143 at y = 5.685168
phi_m, max: -0.000000 at y = 5.480000./ phi_m, min: -0.001133 at y = 5.685168
phi_m, max: -0.000000 at y = 5.480000./ phi_m, min: -0.001125 at y = 5.685168
phi_m, max: -0.000000 at y = 5.480000./ phi_m, min: -0.001117 at y = 5.685168
phi_m, max: -0.000000 at y = 5.480000./ phi_m, min: -0.001111 at y = 5.685168
phi_m, max: -0.000000 at y = 5.480000./ phi_m, min: -0.001106 at y = 5.685168
phi_m, max: -0.000000 at y = 5.480000./ phi_m, min: -0.001101 at y = 5.685168
phi_m, max: -0.000000 at y = 5.480000./ phi_m, min: -0.001097 at y = 5.685168
phi_m, max: -0.000000 at y = 5.480000./ phi_m, min: -0.001093 at y = 5.685168
phi_m, max: 0.001413 at y = 5.480000./ phi_m, min: -0.001004 at y = 5.690000
phi_m, max: 1.980539 at y = 5.480000./ phi_m, min: 0.000000 at y = 5.480000
phi_m, max: 115.063924 at y = 5.680587./ phi_m, min: 0.000000 at y = 5.480000
phi_m, max: 112.426423 at y = 5.689413./ phi_m, min: 0.000000 at y = 5.480000
phi_m, max: 97.529011 at y = 5.690000./ phi_m, min: 0.000000 at y = 5.480000
phi_m, max: 78.222728 at y = 5.690000./ phi_m, min: 0.000000 at y = 5.480000


phi_m, max: -0.000000 at y = 3.971429./ phi_m, min: -0.001126 at y = 4.000000
phi_m, max: -0.000000 at y = 3.971429./ phi_m, min: -0.001135 at y = 4.210000
phi_m, max: -0.000000 at y = 3.971429./ phi_m, min: -0.001127 at y = 4.210000
phi_m, max: -0.000000 at y = 3.971429./ phi_m, min: -0.001116 at y = 4.210000
phi_m, max: -0.000000 at y = 3.971429./ phi_m, min: -0.001107 at y = 4.210000
phi_m, max: -0.000000 at y = 3.971429./ phi_m, min: -0.001099 at y = 4.210000
phi_m, max: -0.000000 at y = 3.971429./ phi_m, min: -0.001091 at y = 4.210000
phi_m, max: -0.000000 at y = 3.971429./ phi_m, min: -0.001084 at y = 4.210000
phi_m, max: 0.046448 at y = 3.885714./ phi_m, min: -0.000136 at y = 4.210000
phi_m, max: 39.483976 at y = 3.885714./ phi_m, min: 0.000000 at y = 3.971429
phi_m, max: 114.258289 at y = 4.010000./ phi_m, min: 0.000000 at y = 3.971429
phi_m, max: 107.235335 at y = 4.210000./ phi_m, min: 0.000000 at y = 3.971429
phi_m, max: 90.065210 at y = 4.210000./ phi_m, min: 0.000000 at y = 3.971429
phi_m, max: 70.104670 at y = 4.210000./ phi_m, min: 0.000000 at y = 3.971429
phi_m, max: 50.797397 at y = 4.210000./ phi_m, min: 0.000000 at y = 3.971429
phi_m, max: 33.563787 at y = 4.210000./ phi_m, min: 0.000000 at y = 3.971429
phi_m, max: 11.904297 at y = 4.210000./ phi_m, min: 0.000000 at y = 3.971429
phi_m, max: 1.385121 at y = 4.210000./ phi_m, min: 0.000000 at y = 3.971429


phi_m, max: -0.000000 at y = 1.480000./ phi_m, min: -0.001152 at y = 1.485168
phi_m, max: 0.005816 at y = 1.308571./ phi_m, min: -0.000962 at y = 1.518571
phi_m, max: 5.150036 at y = 1.308571./ phi_m, min: 0.000000 at y = 1.480000
phi_m, max: 115.881761 at y = 1.481624./ phi_m, min: 0.000000 at y = 1.480000
phi_m, max: 110.628864 at y = 1.489413./ phi_m, min: 0.000000 at y = 1.480000
phi_m, max: 94.697881 at y = 1.490000./ phi_m, min: 0.000000 at y = 1.480000
phi_m, max: 75.119998 at y = 1.518571./ phi_m, min: 0.000000 at y = 1.480000
phi_m, max: 55.371945 at y = 1.518571./ phi_m, min: 0.000000 at y = 1.480000
phi_m, max: 37.955804 at y = 1.518571./ phi_m, min: 0.000000 at y = 1.480000
phi_m, max: 17.479702 at y = 1.518571./ phi_m, min: 0.000000 at y = 1.480000
phi_m, max: 2.588111 at y = 1.518571./ phi_m, min: 0.000000 at y = 1.480000
phi_m, max: 0.060715 at y = 1.518571./ phi_m, min: -0.194830 at y = 1.308571
phi_m, max: -0.000000 at y = 1.480000./ phi_m, min: -0.373771 at y = 1.308571
phi_m, max: -0.000000 at y = 1.480000./ phi_m, min: -0.461577 at y = 1.308571
phi_m, max: -0.000000 at y = 1.480000./ phi_m, min: -0.505537 at y = 1.481624
phi_m, max: -0.000000 at y = 1.480000./ phi_m, min: -0.520344 at y = 1.484490
phi_m, max: -0.000000 at y = 1.480000./ phi_m, min: -0.513445 at y = 1.486426
phi_m, max: -0.000000 at y = 1.480000./ phi_m, min: -0.489573 at y = 1.487458


phi_m, max: -0.000000 at y = 4.850000./ phi_m, min: -0.001153 at y = 5.055168
phi_m, max: -0.000000 at y = 4.850000./ phi_m, min: -0.001162 at y = 4.844832
phi_m, max: -0.000000 at y = 4.850000./ phi_m, min: -0.001153 at y = 4.844832
phi_m, max: -0.000000 at y = 4.850000./ phi_m, min: -0.001143 at y = 4.844832
phi_m, max: -0.000000 at y = 4.850000./ phi_m, min: -0.001133 at y = 4.844832
phi_m, max: -0.000000 at y = 4.850000./ phi_m, min: -0.001125 at y = 4.844832
phi_m, max: -0.000000 at y = 4.850000./ phi_m, min: -0.001117 at y = 4.844832
phi_m, max: -0.000000 at y = 4.850000./ phi_m, min: -0.001111 at y = 5.054832
phi_m, max: -0.000000 at y = 4.850000./ phi_m, min: -0.001106 at y = 5.055168
phi_m, max: -0.000000 at y = 4.850000./ phi_m, min: -0.001101 at y = 5.055168
phi_m, max: 0.007533 at y = 4.840000./ phi_m, min: -0.001075 at y = 5.057458
phi_m, max: 6.350398 at y = 4.840000./ phi_m, min: 0.000000 at y = 4.850000
phi_m, max: 115.906805 at y = 4.842542./ phi_m, min: 0.000000 at y = 4.850000
phi_m, max: 115.152388 at y = 5.058376./ phi_m, min: 0.000000 at y = 4.850000
phi_m, max: 103.094506 at y = 5.060000./ phi_m, min: 0.000000 at y = 4.850000
phi_m, max: 84.756195 at y = 5.060000./ phi_m, min: 0.000000 at y = 4.850000
phi_m, max: 64.651855 at y = 5.060000./ phi_m, min: 0.000000 at y = 4.850000
phi_m, max: 46.032186 at y = 5.060000./ phi_m, min: 0.000000 at y = 4.850000


phi_m, max: -0.000000 at y = 6.310000./ phi_m, min: -0.001162 at y = 6.318213
phi_m, max: -0.000000 at y = 6.310000./ phi_m, min: -0.001171 at y = 6.318213
phi_m, max: -0.000000 at y = 6.310000./ phi_m, min: -0.001162 at y = 6.318213
phi_m, max: -0.000000 at y = 6.310000./ phi_m, min: -0.001152 at y = 6.318213
phi_m, max: -0.000000 at y = 6.310000./ phi_m, min: -0.001142 at y = 6.318213
phi_m, max: -0.000000 at y = 6.310000./ phi_m, min: -0.001133 at y = 6.318213
phi_m, max: -0.000000 at y = 6.310000./ phi_m, min: -0.001126 at y = 6.318213
phi_m, max: -0.000000 at y = 6.310000./ phi_m, min: -0.001120 at y = 6.318213
phi_m, max: -0.000000 at y = 6.310000./ phi_m, min: -0.001114 at y = 6.318213
phi_m, max: -0.000000 at y = 6.310000./ phi_m, min: -0.001109 at y = 6.318213
phi_m, max: -0.000000 at y = 6.310000./ phi_m, min: -0.001105 at y = 6.318213
phi_m, max: -0.000000 at y = 6.310000./ phi_m, min: -0.001102 at y = 6.318213
phi_m, max: -0.000000 at y = 6.310000./ phi_m, min: -0.001098 at y = 6.318213
phi_m, max: -0.000000 at y = 6.310000./ phi_m, min: -0.001094 at y = 6.318376
phi_m, max: 0.023149 at y = 6.110000./ phi_m, min: -0.000043 at y = 6.320000
phi_m, max: 17.674677 at y = 6.110000./ phi_m, min: 0.000000 at y = 6.310000
phi_m, max: 115.994553 at y = 6.316367./ phi_m, min: 0.000000 at y = 6.310000
phi_m, max: 107.192373 at y = 6.319413./ phi_m, min: 0.000000 at y = 6.310000


phi_m, max: 0.015271 at y = 0.860000./ phi_m, min: -0.000723 at y = 1.070000
phi_m, max: 12.013272 at y = 0.860000./ phi_m, min: 0.000000 at y = 0.888571
phi_m, max: 115.904112 at y = 1.063633./ phi_m, min: 0.000000 at y = 0.888571
phi_m, max: 109.137075 at y = 1.069413./ phi_m, min: 0.000000 at y = 0.888571
phi_m, max: 92.540970 at y = 1.070000./ phi_m, min: 0.000000 at y = 0.888571
phi_m, max: 72.734563 at y = 1.070000./ phi_m, min: 0.000000 at y = 0.888571
phi_m, max: 53.159701 at y = 1.070000./ phi_m, min: 0.000000 at y = 0.888571
phi_m, max: 35.884004 at y = 1.070000./ phi_m, min: 0.000000 at y = 0.888571
phi_m, max: 14.654216 at y = 1.070000./ phi_m, min: 0.000000 at y = 0.888571
phi_m, max: 1.922336 at y = 1.070000./ phi_m, min: 0.000000 at y = 0.888571
phi_m, max: -0.000000 at y = 0.888571./ phi_m, min: -0.228129 at y = 0.860000
phi_m, max: -0.000000 at y = 0.888571./ phi_m, min: -0.388670 at y = 0.860000
phi_m, max: -0.000000 at y = 0.888571./ phi_m, min: -0.469793 at y = 0.860000
phi_m, max: -0.000000 at y = 0.888571./ phi_m, min: -0.508687 at y = 1.061624
phi_m, max: -0.000000 at y = 0.888571./ phi_m, min: -0.520634 at y = 1.064490
phi_m, max: -0.000000 at y = 0.888571./ phi_m, min: -0.511457 at y = 1.066426
phi_m, max: -0.000000 at y = 0.888571./ phi_m, min: -0.486031 at y = 1.067458
phi_m, max: -0.000000 at y = 0.888571./ phi_m, min: -0.450386 at y = 1.068213


phi_m, max: -0.000000 at y = 3.370000./ phi_m, min: -0.001153 at y = 3.375168
phi_m, max: -0.000000 at y = 3.370000./ phi_m, min: -0.001162 at y = 3.374832
phi_m, max: -0.000000 at y = 3.370000./ phi_m, min: -0.001153 at y = 3.374832
phi_m, max: -0.000000 at y = 3.370000./ phi_m, min: -0.001143 at y = 3.375168
phi_m, max: -0.000000 at y = 3.370000./ phi_m, min: -0.001133 at y = 3.375168
phi_m, max: -0.000000 at y = 3.370000./ phi_m, min: -0.001124 at y = 3.375168
phi_m, max: 0.003593 at y = 3.341429./ phi_m, min: -0.000974 at y = 3.551429
phi_m, max: 3.468323 at y = 3.341429./ phi_m, min: 0.000000 at y = 3.370000
phi_m, max: 115.812488 at y = 3.371624./ phi_m, min: 0.000000 at y = 3.370000
phi_m, max: 111.118954 at y = 3.551429./ phi_m, min: 0.000000 at y = 3.370000
phi_m, max: 95.858603 at y = 3.551429./ phi_m, min: 0.000000 at y = 3.370000
phi_m, max: 76.404143 at y = 3.551429./ phi_m, min: 0.000000 at y = 3.370000
phi_m, max: 56.568970 at y = 3.551429./ phi_m, min: 0.000000 at y = 3.370000
phi_m, max: 39.029027 at y = 3.551429./ phi_m, min: 0.000000 at y = 3.370000
phi_m, max: 18.986181 at y = 3.551429./ phi_m, min: 0.000000 at y = 3.370000
phi_m, max: 2.999264 at y = 3.551429./ phi_m, min: 0.000000 at y = 3.370000
phi_m, max: 0.109784 at y = 3.551429./ phi_m, min: -0.175879 at y = 3.341429
phi_m, max: -0.000000 at y = 3.370000./ phi_m, min: -0.366004 at y = 3.341429


phi_m, max: 18.893457 at y = 0.640000./ phi_m, min: 0.000000 at y = 0.650000
phi_m, max: 115.962318 at y = 0.646426./ phi_m, min: 0.000000 at y = 0.650000
phi_m, max: 114.048495 at y = 0.859413./ phi_m, min: 0.000000 at y = 0.650000
phi_m, max: 100.508078 at y = 0.860000./ phi_m, min: 0.000000 at y = 0.650000
phi_m, max: 81.653519 at y = 0.860000./ phi_m, min: 0.000000 at y = 0.650000
phi_m, max: 61.572365 at y = 0.860000./ phi_m, min: 0.000000 at y = 0.650000
phi_m, max: 43.380144 at y = 0.860000./ phi_m, min: 0.000000 at y = 0.650000
phi_m, max: 24.950151 at y = 0.860000./ phi_m, min: 0.000000 at y = 0.650000
phi_m, max: 5.252657 at y = 0.860000./ phi_m, min: 0.000000 at y = 0.650000
phi_m, max: 0.387205 at y = 0.860000./ phi_m, min: -0.241736 at y = 0.640000
phi_m, max: -0.000000 at y = 0.650000./ phi_m, min: -0.395019 at y = 0.640000
phi_m, max: -0.000000 at y = 0.650000./ phi_m, min: -0.473778 at y = 0.640587
phi_m, max: -0.000000 at y = 0.650000./ phi_m, min: -0.511388 at y = 0.641624
phi_m, max: -0.000000 at y = 0.650000./ phi_m, min: -0.520635 at y = 0.644832
phi_m, max: -0.000000 at y = 0.650000./ phi_m, min: -0.517918 at y = 0.856426
phi_m, max: -0.000000 at y = 0.650000./ phi_m, min: -0.498908 at y = 0.857458
phi_m, max: -0.000000 at y = 0.650000./ phi_m, min: -0.467019 at y = 0.857458
phi_m, max: -0.000000 at y = 0.650000./ phi_m, min: -0.428046 at y = 0.858213


phi_m, max: -0.000000 at y = 4.640000./ phi_m, min: -0.001153 at y = 4.634832
phi_m, max: -0.000000 at y = 4.640000./ phi_m, min: -0.001162 at y = 4.635168
phi_m, max: -0.000000 at y = 4.640000./ phi_m, min: -0.001153 at y = 4.635168
phi_m, max: -0.000000 at y = 4.640000./ phi_m, min: -0.001143 at y = 4.635168
phi_m, max: -0.000000 at y = 4.640000./ phi_m, min: -0.001133 at y = 4.635168
phi_m, max: -0.000000 at y = 4.640000./ phi_m, min: -0.001125 at y = 4.635168
phi_m, max: -0.000000 at y = 4.640000./ phi_m, min: -0.001117 at y = 4.635168
phi_m, max: -0.000000 at y = 4.640000./ phi_m, min: -0.001111 at y = 4.635168
phi_m, max: -0.000000 at y = 4.640000./ phi_m, min: -0.001105 at y = 4.635168
phi_m, max: -0.000000 at y = 4.640000./ phi_m, min: -0.001064 at y = 4.638825
phi_m, max: 0.348577 at y = 4.630000./ phi_m, min: 0.000000 at y = 4.640000
phi_m, max: 106.754372 at y = 4.630000./ phi_m, min: 0.000000 at y = 4.640000
phi_m, max: 114.409539 at y = 4.840000./ phi_m, min: 0.000000 at y = 4.640000
phi_m, max: 102.203202 at y = 4.840000./ phi_m, min: 0.000000 at y = 4.640000
phi_m, max: 83.670203 at y = 4.840000./ phi_m, min: 0.000000 at y = 4.640000
phi_m, max: 63.563926 at y = 4.840000./ phi_m, min: 0.000000 at y = 4.640000
phi_m, max: 45.092578 at y = 4.840000./ phi_m, min: 0.000000 at y = 4.640000
phi_m, max: 27.156022 at y = 4.840000./ phi_m, min: 0.000000 at y = 4.640000


phi_m, max: -0.000000 at y = 2.320000./ phi_m, min: -0.001153 at y = 2.324832
phi_m, max: -0.000000 at y = 2.320000./ phi_m, min: -0.001162 at y = 2.325168
phi_m, max: -0.000000 at y = 2.320000./ phi_m, min: -0.001153 at y = 2.325168
phi_m, max: 0.000273 at y = 2.177143./ phi_m, min: -0.001080 at y = 2.415714
phi_m, max: 1.166355 at y = 2.177143./ phi_m, min: 0.000000 at y = 2.320000
phi_m, max: 113.944591 at y = 2.177143./ phi_m, min: 0.000000 at y = 2.320000
phi_m, max: 113.192391 at y = 2.329413./ phi_m, min: 0.000000 at y = 2.320000
phi_m, max: 98.972318 at y = 2.415714./ phi_m, min: 0.000000 at y = 2.320000
phi_m, max: 79.987674 at y = 2.415714./ phi_m, min: 0.000000 at y = 2.320000
phi_m, max: 60.012911 at y = 2.415714./ phi_m, min: 0.000000 at y = 2.320000
phi_m, max: 42.066435 at y = 2.415714./ phi_m, min: 0.000000 at y = 2.320000
phi_m, max: 23.287092 at y = 2.415714./ phi_m, min: 0.000000 at y = 2.320000
phi_m, max: 4.524890 at y = 2.415714./ phi_m, min: 0.000000 at y = 2.320000
phi_m, max: 0.296396 at y = 2.415714./ phi_m, min: -0.112782 at y = 2.177143
phi_m, max: -0.000000 at y = 2.320000./ phi_m, min: -0.342515 at y = 2.177143
phi_m, max: -0.000000 at y = 2.320000./ phi_m, min: -0.444761 at y = 2.177143
phi_m, max: -0.000000 at y = 2.320000./ phi_m, min: -0.497831 at y = 2.321175
phi_m, max: -0.000000 at y = 2.320000./ phi_m, min: -0.519027 at y = 2.323574


phi_m, max: 27.072587 at y = 0.440000./ phi_m, min: 0.000000 at y = 0.430000
phi_m, max: 115.962318 at y = 0.646426./ phi_m, min: 0.000000 at y = 0.430000
phi_m, max: 107.497158 at y = 0.649413./ phi_m, min: 0.000000 at y = 0.430000
phi_m, max: 90.342674 at y = 0.650000./ phi_m, min: 0.000000 at y = 0.430000
phi_m, max: 70.397993 at y = 0.650000./ phi_m, min: 0.000000 at y = 0.430000
phi_m, max: 51.059040 at y = 0.650000./ phi_m, min: 0.000000 at y = 0.430000
phi_m, max: 33.834448 at y = 0.650000./ phi_m, min: 0.000000 at y = 0.430000
phi_m, max: 12.186847 at y = 0.650000./ phi_m, min: 0.000000 at y = 0.430000
phi_m, max: 1.438481 at y = 0.650000./ phi_m, min: -0.000000 at y = 0.430000
phi_m, max: -0.000000 at y = 0.430000./ phi_m, min: -0.254718 at y = 0.440000
phi_m, max: -0.000000 at y = 0.430000./ phi_m, min: -0.401004 at y = 0.440000
phi_m, max: -0.000000 at y = 0.430000./ phi_m, min: -0.476110 at y = 0.440000
phi_m, max: -0.000000 at y = 0.430000./ phi_m, min: -0.511391 at y = 0.641787
phi_m, max: -0.000000 at y = 0.430000./ phi_m, min: -0.520635 at y = 0.644832
phi_m, max: -0.000000 at y = 0.430000./ phi_m, min: -0.509245 at y = 0.646426
phi_m, max: -0.000000 at y = 0.430000./ phi_m, min: -0.482355 at y = 0.647458
phi_m, max: -0.000000 at y = 0.430000./ phi_m, min: -0.445877 at y = 0.648213
phi_m, max: -0.000000 at y = 0.430000./ phi_m, min: -0.404779 at y = 0.648376


phi_m, max: -0.000000 at y = 5.050000./ phi_m, min: -0.001153 at y = 5.055168
phi_m, max: -0.000000 at y = 5.050000./ phi_m, min: -0.001162 at y = 5.475168
phi_m, max: -0.000000 at y = 5.050000./ phi_m, min: -0.001153 at y = 5.475168
phi_m, max: -0.000000 at y = 5.050000./ phi_m, min: -0.001143 at y = 5.475168
phi_m, max: -0.000000 at y = 5.050000./ phi_m, min: -0.001133 at y = 5.475168
phi_m, max: -0.000000 at y = 5.050000./ phi_m, min: -0.001125 at y = 5.475168
phi_m, max: -0.000000 at y = 5.050000./ phi_m, min: -0.001117 at y = 5.475168
phi_m, max: -0.000000 at y = 5.050000./ phi_m, min: -0.001111 at y = 5.475168
phi_m, max: -0.000000 at y = 5.050000./ phi_m, min: -0.001106 at y = 5.475168
phi_m, max: -0.000000 at y = 5.050000./ phi_m, min: -0.001101 at y = 5.475168
phi_m, max: -0.000000 at y = 5.050000./ phi_m, min: -0.001097 at y = 5.475168
phi_m, max: 0.155257 at y = 5.050000./ phi_m, min: -0.001081 at y = 5.476787
phi_m, max: 85.181852 at y = 5.050000./ phi_m, min: 0.000000 at y = 5.050000
phi_m, max: 115.152388 at y = 5.058376./ phi_m, min: 0.000000 at y = 5.050000
phi_m, max: 115.703960 at y = 5.478213./ phi_m, min: 0.000000 at y = 5.050000
phi_m, max: 104.960248 at y = 5.479413./ phi_m, min: 0.000000 at y = 5.050000
phi_m, max: 87.031941 at y = 5.480000./ phi_m, min: 0.000000 at y = 5.050000
phi_m, max: 66.960859 at y = 5.480000./ phi_m, min: 0.000000 at y = 5.050000


phi_m, max: -0.000000 at y = 4.420000./ phi_m, min: -0.001153 at y = 4.424832
phi_m, max: -0.000000 at y = 4.420000./ phi_m, min: -0.001162 at y = 4.425168
phi_m, max: -0.000000 at y = 4.420000./ phi_m, min: -0.001153 at y = 4.425168
phi_m, max: -0.000000 at y = 4.420000./ phi_m, min: -0.001143 at y = 4.425168
phi_m, max: -0.000000 at y = 4.420000./ phi_m, min: -0.001133 at y = 4.425168
phi_m, max: -0.000000 at y = 4.420000./ phi_m, min: -0.001125 at y = 4.425168
phi_m, max: -0.000000 at y = 4.420000./ phi_m, min: -0.001117 at y = 4.425168
phi_m, max: -0.000000 at y = 4.420000./ phi_m, min: -0.001111 at y = 4.425168
phi_m, max: -0.000000 at y = 4.420000./ phi_m, min: -0.001102 at y = 4.425587
phi_m, max: 0.019432 at y = 4.391429./ phi_m, min: -0.000599 at y = 4.630000
phi_m, max: 15.051283 at y = 4.391429./ phi_m, min: 0.000000 at y = 4.420000
phi_m, max: 115.933807 at y = 4.426426./ phi_m, min: 0.000000 at y = 4.420000
phi_m, max: 108.825327 at y = 4.630000./ phi_m, min: 0.000000 at y = 4.420000
phi_m, max: 92.268689 at y = 4.630000./ phi_m, min: 0.000000 at y = 4.420000
phi_m, max: 72.440935 at y = 4.630000./ phi_m, min: 0.000000 at y = 4.420000
phi_m, max: 52.893055 at y = 4.630000./ phi_m, min: 0.000000 at y = 4.420000
phi_m, max: 35.624148 at y = 4.630000./ phi_m, min: 0.000000 at y = 4.420000
phi_m, max: 14.345179 at y = 4.630000./ phi_m, min: 0.000000 at y = 4.420000


phi_m, max: -0.000000 at y = 2.358571./ phi_m, min: -0.001153 at y = 2.535168
phi_m, max: -0.000000 at y = 2.358571./ phi_m, min: -0.001162 at y = 2.535168
phi_m, max: -0.000000 at y = 2.358571./ phi_m, min: -0.001153 at y = 2.535168
phi_m, max: -0.000000 at y = 2.358571./ phi_m, min: -0.001139 at y = 2.535587
phi_m, max: 0.027657 at y = 2.387143./ phi_m, min: -0.000395 at y = 2.597143
phi_m, max: 21.375315 at y = 2.387143./ phi_m, min: 0.000000 at y = 2.358571
phi_m, max: 115.959152 at y = 2.536426./ phi_m, min: 0.000000 at y = 2.358571
phi_m, max: 107.815821 at y = 2.539413./ phi_m, min: 0.000000 at y = 2.358571
phi_m, max: 90.799157 at y = 2.597143./ phi_m, min: 0.000000 at y = 2.358571
phi_m, max: 70.952776 at y = 2.597143./ phi_m, min: 0.000000 at y = 2.358571
phi_m, max: 51.589745 at y = 2.597143./ phi_m, min: 0.000000 at y = 2.358571
phi_m, max: 34.406092 at y = 2.597143./ phi_m, min: 0.000000 at y = 2.358571
phi_m, max: 12.937600 at y = 2.597143./ phi_m, min: 0.000000 at y = 2.358571
phi_m, max: 1.581991 at y = 2.597143./ phi_m, min: 0.000000 at y = 2.358571
phi_m, max: -0.000000 at y = 2.358571./ phi_m, min: -0.245301 at y = 2.387143
phi_m, max: -0.000000 at y = 2.358571./ phi_m, min: -0.395630 at y = 2.387143
phi_m, max: -0.000000 at y = 2.358571./ phi_m, min: -0.472500 at y = 2.387143
phi_m, max: -0.000000 at y = 2.358571./ phi_m, min: -0.510683 at y = 2.531624


phi_m, max: -0.000000 at y = 3.790000./ phi_m, min: -0.001153 at y = 4.004832
phi_m, max: -0.000000 at y = 3.790000./ phi_m, min: -0.001162 at y = 3.794832
phi_m, max: -0.000000 at y = 3.790000./ phi_m, min: -0.001153 at y = 3.794832
phi_m, max: -0.000000 at y = 3.790000./ phi_m, min: -0.001143 at y = 3.794832
phi_m, max: -0.000000 at y = 3.790000./ phi_m, min: -0.001133 at y = 4.005168
phi_m, max: -0.000000 at y = 3.790000./ phi_m, min: -0.001125 at y = 4.005168
phi_m, max: -0.000000 at y = 3.790000./ phi_m, min: -0.001117 at y = 4.005168
phi_m, max: 0.001019 at y = 3.761429./ phi_m, min: -0.001104 at y = 4.006367
phi_m, max: 1.643203 at y = 3.761429./ phi_m, min: 0.000000 at y = 3.790000
phi_m, max: 115.222757 at y = 3.790587./ phi_m, min: 0.000000 at y = 3.790000
phi_m, max: 115.888275 at y = 4.007458./ phi_m, min: 0.000000 at y = 3.790000
phi_m, max: 106.421434 at y = 4.009413./ phi_m, min: 0.000000 at y = 3.790000
phi_m, max: 88.890741 at y = 4.010000./ phi_m, min: 0.000000 at y = 3.790000
phi_m, max: 68.878995 at y = 4.010000./ phi_m, min: 0.000000 at y = 3.790000
phi_m, max: 49.713469 at y = 4.010000./ phi_m, min: 0.000000 at y = 3.790000
phi_m, max: 32.453839 at y = 4.010000./ phi_m, min: 0.000000 at y = 3.790000
phi_m, max: 10.711920 at y = 4.010000./ phi_m, min: 0.000000 at y = 3.790000
phi_m, max: 1.182603 at y = 4.010000./ phi_m, min: -0.136661 at y = 3.761429


phi_m, max: -0.000000 at y = 3.580000./ phi_m, min: -0.001153 at y = 3.584832
phi_m, max: -0.000000 at y = 3.580000./ phi_m, min: -0.001162 at y = 3.585168
phi_m, max: -0.000000 at y = 3.580000./ phi_m, min: -0.001153 at y = 3.585168
phi_m, max: -0.000000 at y = 3.580000./ phi_m, min: -0.001143 at y = 3.585168
phi_m, max: -0.000000 at y = 3.580000./ phi_m, min: -0.001133 at y = 3.585168
phi_m, max: -0.000000 at y = 3.580000./ phi_m, min: -0.001125 at y = 3.585168
phi_m, max: -0.000000 at y = 3.580000./ phi_m, min: -0.001104 at y = 3.586787
phi_m, max: 0.084311 at y = 3.551429./ phi_m, min: 0.000000 at y = 3.580000
phi_m, max: 61.606778 at y = 3.551429./ phi_m, min: 0.000000 at y = 3.580000
phi_m, max: 115.633616 at y = 3.588376./ phi_m, min: 0.000000 at y = 3.580000
phi_m, max: 105.225071 at y = 3.761429./ phi_m, min: 0.000000 at y = 3.580000
phi_m, max: 87.507542 at y = 3.761429./ phi_m, min: 0.000000 at y = 3.580000
phi_m, max: 67.487283 at y = 3.761429./ phi_m, min: 0.000000 at y = 3.580000
phi_m, max: 48.510098 at y = 3.761429./ phi_m, min: 0.000000 at y = 3.580000
phi_m, max: 31.192398 at y = 3.761429./ phi_m, min: 0.000000 at y = 3.580000
phi_m, max: 9.554428 at y = 3.761429./ phi_m, min: 0.000000 at y = 3.580000
phi_m, max: 0.994572 at y = 3.761429./ phi_m, min: 0.000000 at y = 3.580000
phi_m, max: -0.000000 at y = 3.580000./ phi_m, min: -0.281729 at y = 3.551429


phi_m, max: -0.000000 at y = 1.900000./ phi_m, min: -0.001153 at y = 1.905168
phi_m, max: -0.000000 at y = 1.900000./ phi_m, min: -0.001162 at y = 1.905168
phi_m, max: 0.001996 at y = 1.728571./ phi_m, min: -0.001050 at y = 1.963787
phi_m, max: 2.391697 at y = 1.728571./ phi_m, min: 0.000000 at y = 1.900000
phi_m, max: 115.332297 at y = 1.900587./ phi_m, min: 0.000000 at y = 1.900000
phi_m, max: 111.987642 at y = 1.909413./ phi_m, min: 0.000000 at y = 1.900000
phi_m, max: 96.831898 at y = 1.963787./ phi_m, min: 0.000000 at y = 1.900000
phi_m, max: 77.525785 at y = 1.963787./ phi_m, min: 0.000000 at y = 1.900000
phi_m, max: 57.643122 at y = 1.963787./ phi_m, min: 0.000000 at y = 1.900000
phi_m, max: 39.994060 at y = 1.963787./ phi_m, min: 0.000000 at y = 1.900000
phi_m, max: 20.373222 at y = 1.963787./ phi_m, min: 0.000000 at y = 1.900000
phi_m, max: 3.434113 at y = 1.963787./ phi_m, min: 0.000000 at y = 1.900000
phi_m, max: 0.162576 at y = 1.963787./ phi_m, min: -0.158968 at y = 1.728571
phi_m, max: -0.000000 at y = 1.900000./ phi_m, min: -0.359476 at y = 1.728571
phi_m, max: -0.000000 at y = 1.900000./ phi_m, min: -0.454039 at y = 1.728571
phi_m, max: -0.000000 at y = 1.900000./ phi_m, min: -0.501925 at y = 1.901624
phi_m, max: -0.000000 at y = 1.900000./ phi_m, min: -0.519858 at y = 1.903574
phi_m, max: -0.000000 at y = 1.900000./ phi_m, min: -0.515196 at y = 1.906426


phi_m, max: -0.000000 at y = 1.270000./ phi_m, min: -0.001127 at y = 1.278213
phi_m, max: 0.294549 at y = 1.070000./ phi_m, min: 0.000000 at y = 1.270000
phi_m, max: 104.482222 at y = 1.070000./ phi_m, min: 0.000000 at y = 1.270000
phi_m, max: 114.883380 at y = 1.278376./ phi_m, min: 0.000000 at y = 1.270000
phi_m, max: 102.444573 at y = 1.279413./ phi_m, min: 0.000000 at y = 1.270000
phi_m, max: 83.985286 at y = 1.308571./ phi_m, min: 0.000000 at y = 1.270000
phi_m, max: 63.914494 at y = 1.308571./ phi_m, min: 0.000000 at y = 1.270000
phi_m, max: 45.412957 at y = 1.308571./ phi_m, min: 0.000000 at y = 1.270000
phi_m, max: 27.604317 at y = 1.308571./ phi_m, min: 0.000000 at y = 1.270000
phi_m, max: 6.773419 at y = 1.308571./ phi_m, min: 0.000000 at y = 1.270000
phi_m, max: 0.588895 at y = 1.308571./ phi_m, min: -0.019858 at y = 1.070000
phi_m, max: -0.000000 at y = 1.270000./ phi_m, min: -0.314857 at y = 1.070000
phi_m, max: -0.000000 at y = 1.270000./ phi_m, min: -0.431035 at y = 1.070000
phi_m, max: -0.000000 at y = 1.270000./ phi_m, min: -0.490614 at y = 1.070000
phi_m, max: -0.000000 at y = 1.270000./ phi_m, min: -0.516923 at y = 1.272542
phi_m, max: -0.000000 at y = 1.270000./ phi_m, min: -0.518905 at y = 1.276259
phi_m, max: -0.000000 at y = 1.270000./ phi_m, min: -0.501826 at y = 1.277458
phi_m, max: -0.000000 at y = 1.270000./ phi_m, min: -0.471144 at y = 1.277458


phi_m, max: -0.000000 at y = 1.518571./ phi_m, min: -0.001153 at y = 1.695168
phi_m, max: -0.000000 at y = 1.518571./ phi_m, min: -0.001147 at y = 1.696787
phi_m, max: 0.131643 at y = 1.490000./ phi_m, min: 0.000000 at y = 1.518571
phi_m, max: 83.454072 at y = 1.490000./ phi_m, min: 0.000000 at y = 1.518571
phi_m, max: 115.553562 at y = 1.698376./ phi_m, min: 0.000000 at y = 1.518571
phi_m, max: 104.324704 at y = 1.699413./ phi_m, min: 0.000000 at y = 1.518571
phi_m, max: 86.263429 at y = 1.728571./ phi_m, min: 0.000000 at y = 1.518571
phi_m, max: 66.214197 at y = 1.728571./ phi_m, min: 0.000000 at y = 1.518571
phi_m, max: 47.401587 at y = 1.728571./ phi_m, min: 0.000000 at y = 1.518571
phi_m, max: 29.961206 at y = 1.728571./ phi_m, min: 0.000000 at y = 1.518571
phi_m, max: 8.483434 at y = 1.728571./ phi_m, min: 0.000000 at y = 1.518571
phi_m, max: 0.832583 at y = 1.728571./ phi_m, min: 0.000000 at y = 1.518571
phi_m, max: -0.000000 at y = 1.518571./ phi_m, min: -0.295360 at y = 1.490000
phi_m, max: -0.000000 at y = 1.518571./ phi_m, min: -0.420952 at y = 1.490000
phi_m, max: -0.000000 at y = 1.518571./ phi_m, min: -0.485845 at y = 1.490000
phi_m, max: -0.000000 at y = 1.518571./ phi_m, min: -0.515201 at y = 1.692542
phi_m, max: -0.000000 at y = 1.518571./ phi_m, min: -0.519677 at y = 1.695449
phi_m, max: -0.000000 at y = 1.518571./ phi_m, min: -0.504561 at y = 1.697458


phi_m, max: -0.000000 at y = 2.110000./ phi_m, min: -0.001153 at y = 2.115168
phi_m, max: -0.000000 at y = 2.110000./ phi_m, min: -0.001162 at y = 2.115168
phi_m, max: -0.000000 at y = 2.110000./ phi_m, min: -0.001146 at y = 2.116367
phi_m, max: 0.057853 at y = 1.938571./ phi_m, min: 0.000000 at y = 2.110000
phi_m, max: 49.175436 at y = 1.938571./ phi_m, min: 0.000000 at y = 2.110000
phi_m, max: 115.860600 at y = 2.117458./ phi_m, min: 0.000000 at y = 2.110000
phi_m, max: 106.118442 at y = 2.119413./ phi_m, min: 0.000000 at y = 2.110000
phi_m, max: 88.582685 at y = 2.177143./ phi_m, min: 0.000000 at y = 2.110000
phi_m, max: 68.627146 at y = 2.177143./ phi_m, min: 0.000000 at y = 2.110000
phi_m, max: 49.523746 at y = 2.177143./ phi_m, min: 0.000000 at y = 2.110000
phi_m, max: 32.304950 at y = 2.177143./ phi_m, min: 0.000000 at y = 2.110000
phi_m, max: 10.640397 at y = 2.177143./ phi_m, min: 0.000000 at y = 2.110000
phi_m, max: 1.172477 at y = 2.177143./ phi_m, min: 0.000000 at y = 2.110000
phi_m, max: -0.000000 at y = 2.110000./ phi_m, min: -0.271684 at y = 1.938571
phi_m, max: -0.000000 at y = 2.110000./ phi_m, min: -0.408610 at y = 1.938571
phi_m, max: -0.000000 at y = 2.110000./ phi_m, min: -0.479336 at y = 1.938571
phi_m, max: -0.000000 at y = 2.110000./ phi_m, min: -0.513071 at y = 2.112542
phi_m, max: -0.000000 at y = 2.110000./ phi_m, min: -0.520199 at y = 2.115168


phi_m, max: -0.000000 at y = 2.950000./ phi_m, min: -0.001153 at y = 2.954832
phi_m, max: -0.000000 at y = 2.950000./ phi_m, min: -0.001162 at y = 2.955168
phi_m, max: -0.000000 at y = 2.950000./ phi_m, min: -0.001153 at y = 2.955168
phi_m, max: -0.000000 at y = 2.950000./ phi_m, min: -0.001143 at y = 2.955168
phi_m, max: -0.000000 at y = 2.950000./ phi_m, min: -0.001131 at y = 2.955449
phi_m, max: 0.011849 at y = 2.807143./ phi_m, min: -0.000792 at y = 3.045714
phi_m, max: 9.518874 at y = 2.807143./ phi_m, min: 0.000000 at y = 2.950000
phi_m, max: 115.909075 at y = 2.953633./ phi_m, min: 0.000000 at y = 2.950000
phi_m, max: 109.405803 at y = 2.959413./ phi_m, min: 0.000000 at y = 2.950000
phi_m, max: 93.087542 at y = 3.045714./ phi_m, min: 0.000000 at y = 2.950000
phi_m, max: 73.417630 at y = 3.045714./ phi_m, min: 0.000000 at y = 2.950000
phi_m, max: 53.828578 at y = 3.045714./ phi_m, min: 0.000000 at y = 2.950000
phi_m, max: 36.556644 at y = 3.045714./ phi_m, min: 0.000000 at y = 2.950000
phi_m, max: 15.654508 at y = 3.045714./ phi_m, min: 0.000000 at y = 2.950000
phi_m, max: 2.148791 at y = 3.045714./ phi_m, min: 0.000000 at y = 2.950000
phi_m, max: 0.008514 at y = 3.045714./ phi_m, min: -0.217653 at y = 2.807143
phi_m, max: -0.000000 at y = 2.950000./ phi_m, min: -0.383076 at y = 2.807143
phi_m, max: -0.000000 at y = 2.950000./ phi_m, min: -0.466043 at y = 2.807143


phi_m, max: -0.000000 at y = 5.260000./ phi_m, min: -0.001153 at y = 5.264832
phi_m, max: -0.000000 at y = 5.260000./ phi_m, min: -0.001162 at y = 5.265168
phi_m, max: -0.000000 at y = 5.260000./ phi_m, min: -0.001153 at y = 5.265168
phi_m, max: -0.000000 at y = 5.260000./ phi_m, min: -0.001143 at y = 5.265168
phi_m, max: -0.000000 at y = 5.260000./ phi_m, min: -0.001133 at y = 5.265168
phi_m, max: -0.000000 at y = 5.260000./ phi_m, min: -0.001125 at y = 5.265168
phi_m, max: -0.000000 at y = 5.260000./ phi_m, min: -0.001117 at y = 5.265168
phi_m, max: -0.000000 at y = 5.260000./ phi_m, min: -0.001111 at y = 5.265168
phi_m, max: -0.000000 at y = 5.260000./ phi_m, min: -0.001106 at y = 5.265168
phi_m, max: -0.000000 at y = 5.260000./ phi_m, min: -0.001101 at y = 5.265168
phi_m, max: -0.000000 at y = 5.260000./ phi_m, min: -0.001096 at y = 5.265168
phi_m, max: 0.004417 at y = 5.063356./ phi_m, min: -0.000936 at y = 5.298571
phi_m, max: 4.065308 at y = 5.063356./ phi_m, min: 0.000000 at y = 5.260000
phi_m, max: 115.755553 at y = 5.261787./ phi_m, min: 0.000000 at y = 5.260000
phi_m, max: 111.118466 at y = 5.269413./ phi_m, min: 0.000000 at y = 5.260000
phi_m, max: 95.438719 at y = 5.270000./ phi_m, min: 0.000000 at y = 5.260000
phi_m, max: 75.933398 at y = 5.298571./ phi_m, min: 0.000000 at y = 5.260000
phi_m, max: 56.128937 at y = 5.298571./ phi_m, min: 0.000000 at y = 5.260000


phi_m, max: -0.000000 at y = 4.210000./ phi_m, min: -0.001153 at y = 4.215168
phi_m, max: -0.000000 at y = 4.210000./ phi_m, min: -0.001162 at y = 4.214832
phi_m, max: -0.000000 at y = 4.210000./ phi_m, min: -0.001153 at y = 4.214832
phi_m, max: -0.000000 at y = 4.210000./ phi_m, min: -0.001143 at y = 4.214832
phi_m, max: -0.000000 at y = 4.210000./ phi_m, min: -0.001133 at y = 4.214832
phi_m, max: -0.000000 at y = 4.210000./ phi_m, min: -0.001125 at y = 4.215168
phi_m, max: -0.000000 at y = 4.210000./ phi_m, min: -0.001117 at y = 4.215168
phi_m, max: -0.000000 at y = 4.210000./ phi_m, min: -0.001111 at y = 4.215168
phi_m, max: -0.000000 at y = 4.210000./ phi_m, min: -0.001057 at y = 4.420000
phi_m, max: 0.785040 at y = 4.210000./ phi_m, min: 0.000000 at y = 4.210000
phi_m, max: 113.282362 at y = 4.210000./ phi_m, min: 0.000000 at y = 4.210000
phi_m, max: 113.637488 at y = 4.420000./ phi_m, min: 0.000000 at y = 4.210000
phi_m, max: 100.262397 at y = 4.420000./ phi_m, min: 0.000000 at y = 4.210000
phi_m, max: 81.363524 at y = 4.420000./ phi_m, min: 0.000000 at y = 4.210000
phi_m, max: 61.287792 at y = 4.420000./ phi_m, min: 0.000000 at y = 4.210000
phi_m, max: 43.132551 at y = 4.420000./ phi_m, min: 0.000000 at y = 4.210000
phi_m, max: 24.619739 at y = 4.420000./ phi_m, min: 0.000000 at y = 4.210000
phi_m, max: 5.095524 at y = 4.420000./ phi_m, min: 0.000000 at y = 4.210000


phi_m, max: -0.000000 at y = 2.740000./ phi_m, min: -0.001153 at y = 2.744832
phi_m, max: -0.000000 at y = 2.740000./ phi_m, min: -0.001162 at y = 2.745168
phi_m, max: -0.000000 at y = 2.740000./ phi_m, min: -0.001153 at y = 2.745168
phi_m, max: -0.000000 at y = 2.740000./ phi_m, min: -0.001143 at y = 2.745168
phi_m, max: -0.000000 at y = 2.740000./ phi_m, min: -0.001093 at y = 2.748825
phi_m, max: 0.524967 at y = 2.597143./ phi_m, min: 0.000000 at y = 2.740000
phi_m, max: 110.624607 at y = 2.597143./ phi_m, min: 0.000000 at y = 2.740000
phi_m, max: 114.210398 at y = 2.749413./ phi_m, min: 0.000000 at y = 2.740000
phi_m, max: 100.939700 at y = 2.835714./ phi_m, min: 0.000000 at y = 2.740000
phi_m, max: 82.293646 at y = 2.835714./ phi_m, min: 0.000000 at y = 2.740000
phi_m, max: 62.267718 at y = 2.835714./ phi_m, min: 0.000000 at y = 2.740000
phi_m, max: 44.011144 at y = 2.835714./ phi_m, min: 0.000000 at y = 2.740000
phi_m, max: 25.880762 at y = 2.835714./ phi_m, min: 0.000000 at y = 2.740000
phi_m, max: 5.775561 at y = 2.835714./ phi_m, min: 0.000000 at y = 2.740000
phi_m, max: 0.456113 at y = 2.835714./ phi_m, min: -0.060743 at y = 2.597143
phi_m, max: -0.000000 at y = 2.740000./ phi_m, min: -0.325766 at y = 2.597143
phi_m, max: -0.000000 at y = 2.740000./ phi_m, min: -0.435910 at y = 2.597143
phi_m, max: -0.000000 at y = 2.740000./ phi_m, min: -0.493377 at y = 2.740587


phi_m, max: -0.000000 at y = 5.690000./ phi_m, min: -0.001153 at y = 5.895168
phi_m, max: -0.000000 at y = 5.690000./ phi_m, min: -0.001162 at y = 5.895168
phi_m, max: -0.000000 at y = 5.690000./ phi_m, min: -0.001153 at y = 5.895168
phi_m, max: -0.000000 at y = 5.690000./ phi_m, min: -0.001143 at y = 5.895168
phi_m, max: -0.000000 at y = 5.690000./ phi_m, min: -0.001133 at y = 5.895168
phi_m, max: -0.000000 at y = 5.690000./ phi_m, min: -0.001125 at y = 5.895168
phi_m, max: -0.000000 at y = 5.690000./ phi_m, min: -0.001117 at y = 5.895168
phi_m, max: -0.000000 at y = 5.690000./ phi_m, min: -0.001111 at y = 5.895168
phi_m, max: -0.000000 at y = 5.690000./ phi_m, min: -0.001106 at y = 5.895168
phi_m, max: -0.000000 at y = 5.690000./ phi_m, min: -0.001101 at y = 5.895168
phi_m, max: -0.000000 at y = 5.690000./ phi_m, min: -0.001097 at y = 5.895168
phi_m, max: -0.000000 at y = 5.690000./ phi_m, min: -0.001093 at y = 5.895168
phi_m, max: -0.000000 at y = 5.690000./ phi_m, min: -0.001084 at y = 5.895916
phi_m, max: 0.047804 at y = 5.690000./ phi_m, min: 0.000000 at y = 5.690000
phi_m, max: 39.839520 at y = 5.690000./ phi_m, min: 0.000000 at y = 5.690000
phi_m, max: 115.896417 at y = 5.897458./ phi_m, min: 0.000000 at y = 5.690000
phi_m, max: 106.721642 at y = 5.899413./ phi_m, min: 0.000000 at y = 5.690000
phi_m, max: 89.280646 at y = 5.900000./ phi_m, min: 0.000000 at y = 5.690000


phi_m, max: 114.270515 at y = 0.430587./ phi_m, min: -0.001124 at y = 3.198571
phi_m, max: 112.995228 at y = 0.439413./ phi_m, min: -0.001133 at y = 3.341429
phi_m, max: 98.507055 at y = 0.440000./ phi_m, min: -0.001125 at y = 3.341429
phi_m, max: 79.334432 at y = 0.440000./ phi_m, min: -0.001114 at y = 3.341429
phi_m, max: 59.322314 at y = 0.440000./ phi_m, min: -0.001105 at y = 3.341429
phi_m, max: 41.434949 at y = 0.440000./ phi_m, min: -0.001090 at y = 3.341429
phi_m, max: 22.296643 at y = 0.440000./ phi_m, min: 0.000000 at y = 0.430000
phi_m, max: 4.480422 at y = 3.198571./ phi_m, min: 0.000000 at y = 0.430000
phi_m, max: 114.584028 at y = 3.341429./ phi_m, min: -0.112950 at y = 0.344286
phi_m, max: 103.430016 at y = 3.341429./ phi_m, min: -0.342296 at y = 0.344286
phi_m, max: 85.242653 at y = 3.341429./ phi_m, min: -0.444503 at y = 0.344286
phi_m, max: 65.177600 at y = 3.341429./ phi_m, min: -0.498707 at y = 0.431624
phi_m, max: 46.502200 at y = 3.341429./ phi_m, min: -0.519414 at y = 0.433574
phi_m, max: 28.913298 at y = 3.341429./ phi_m, min: -0.516659 at y = 0.436426
phi_m, max: 7.681535 at y = 3.341429./ phi_m, min: -0.495828 at y = 0.437458
phi_m, max: 0.714760 at y = 3.341429./ phi_m, min: -0.462841 at y = 0.438213
phi_m, max: -0.000000 at y = 0.430000./ phi_m, min: -0.423322 at y = 0.438213
phi_m, max: -0.000000 at y = 0.430000./ phi_m, min: -0.381190 at y = 0.438376


Steps: 18000000 Time: 1.8         

Time: 0.100000
CPU Time: 74.486909 min.
phi_m, max: -0.000000 at y = 3.131429./ phi_m, min: -0.001161 at y = 6.320000

Time: 0.200000
CPU Time: 74.595730 min.
phi_m, max: -0.000000 at y = 3.131429./ phi_m, min: -0.001170 at y = 6.320000

Time: 0.300000
CPU Time: 74.501474 min.
phi_m, max: -0.000000 at y = 3.131429./ phi_m, min: -0.001161 at y = 6.320000

Time: 0.400000
CPU Time: 74.544145 min.
phi_m, max: -0.000000 at y = 3.131429./ phi_m, min: -0.001150 at y = 6.320000

Time: 0.500000
CPU Time: 75.202637 min.
phi_m, max: -0.000000 at y = 3.131429./ phi_m, min: -0.001141 at y = 6.320000

Time: 0.600000
CPU Time: 75.424555 min.
phi_m, max: -0.000000 at y = 3.131429./ phi_m, min: -0.001132 at y = 6.320000

Time: 0.700000
CPU Time: 75.120902 min.
phi_m, max: 0.221976 at y = 3.045714./ phi_m, min: -0.001125 at y = 6.320000

Time: 0.800000
CPU Time: 74.630763 min.
phi_m, max: 96.525729 at y = 3.045714./ phi_m, min: -0.001118 at y = 6.320000

Time: 0.900000
CPU Time: 74.039679 min.
phi_m, max: 115.022059 at y = 3.168376./ phi_m, min: -0.001113 at y = 6.320000

Time: 1.000000
CPU Time: 74.307984 min.
phi_m, max: 102.777951 at y = 3.169413./ phi_m, min: -0.001108 at y = 6.320000

Time: 1.100000
CPU Time: 74.713297 min.
phi_m, max: 84.458962 at y = 3.227143./ phi_m, min: -0.001104 at y = 6.320000

Time: 1.200000
CPU Time: 75.100201 min.
phi_m, max: 64.413000 at y = 3.227143./ phi_m, min: -0.001100 at y = 6.320000

Time: 1.300000
CPU Time: 76.690842 min.
phi_m, max: 45.854036 at y = 3.227143./ phi_m, min: -0.001097 at y = 6.320000

Time: 1.400000
CPU Time: 75.278158 min.
phi_m, max: 28.171697 at y = 3.227143./ phi_m, min: -0.001093 at y = 6.320000

Time: 1.500000
CPU Time: 74.815547 min.
phi_m, max: 7.169562 at y = 3.227143./ phi_m, min: -0.000043 at y = 6.320000

Time: 1.600000
CPU Time: 74.628810 min.
phi_m, max: 0.765241 at y = 6.320000./ phi_m, min: 0.000000 at y = 3.131429

Time: 1.700000
CPU Time: 74.254465 min.
phi_m, max: 115.772268 at y = 6.320000./ phi_m, min: -0.305965 at y = 3.045714

Time: 1.800000
CPU Time: 74.853166 min.
phi_m, max: 107.165657 at y = 6.320000./ phi_m, min: -0.425425 at y = 3.045714


phi_m, max: 115.829979 at y = 0.228213./ phi_m, min: 0.000000 at y = 0.220000
phi_m, max: 105.912401 at y = 0.344286./ phi_m, min: 0.000000 at y = 0.220000
phi_m, max: 88.488870 at y = 0.344286./ phi_m, min: 0.000000 at y = 0.220000
phi_m, max: 68.543274 at y = 0.344286./ phi_m, min: 0.000000 at y = 0.220000
phi_m, max: 49.456652 at y = 0.344286./ phi_m, min: 0.000000 at y = 0.220000
phi_m, max: 32.251607 at y = 0.344286./ phi_m, min: 0.000000 at y = 0.220000
phi_m, max: 10.619790 at y = 0.344286./ phi_m, min: 0.000000 at y = 0.220000
phi_m, max: 1.168794 at y = 0.344286./ phi_m, min: 0.000000 at y = 0.220000
phi_m, max: -0.000000 at y = 0.220000./ phi_m, min: -0.218211 at y = 0.221175
phi_m, max: -0.000000 at y = 0.220000./ phi_m, min: -0.379595 at y = 0.221787
phi_m, max: -0.000000 at y = 0.220000./ phi_m, min: -0.466319 at y = 0.223213
phi_m, max: -0.000000 at y = 0.220000./ phi_m, min: -0.508923 at y = 0.224490
phi_m, max: -0.000000 at y = 0.220000./ phi_m, min: -0.519414 at y = 0.226426
phi_m, max: -0.000000 at y = 0.220000./ phi_m, min: -0.506772 at y = 0.227458
phi_m, max: -0.000000 at y = 0.220000./ phi_m, min: -0.478776 at y = 0.227458
phi_m, max: -0.000000 at y = 0.220000./ phi_m, min: -0.441687 at y = 0.228213
phi_m, max: -0.000000 at y = 0.220000./ phi_m, min: -0.400370 at y = 0.228213
phi_m, max: -0.000000 at y = 0.220000./ phi_m, min: -0.358110 at y = 0.228213


phi_m, max: 112.624926 at y = 0.018213./ phi_m, min: 0.000000 at y = -0.010000
phi_m, max: 97.591567 at y = 0.018213./ phi_m, min: 0.000000 at y = -0.010000
phi_m, max: 78.306002 at y = 0.134286./ phi_m, min: 0.000000 at y = -0.010000
phi_m, max: 58.476535 at y = 0.134286./ phi_m, min: 0.000000 at y = -0.010000
phi_m, max: 40.847335 at y = 0.134286./ phi_m, min: 0.000000 at y = -0.010000
phi_m, max: 22.173906 at y = 0.134286./ phi_m, min: 0.000000 at y = -0.010000
phi_m, max: 4.093920 at y = 0.134286./ phi_m, min: 0.000000 at y = -0.010000
phi_m, max: 0.290113 at y = 0.006787./ phi_m, min: 0.000000 at y = -0.010000
phi_m, max: -0.000000 at y = -0.010000./ phi_m, min: -0.210813 at y = 0.134286
phi_m, max: -0.000000 at y = -0.010000./ phi_m, min: -0.366509 at y = 0.134286
phi_m, max: -0.000000 at y = -0.010000./ phi_m, min: -0.450270 at y = 0.134286
phi_m, max: -0.000000 at y = -0.010000./ phi_m, min: -0.489887 at y = 0.134286
phi_m, max: -0.000000 at y = -0.010000./ phi_m, min: -0.497524 at y = 0.134286
phi_m, max: -0.000000 at y = -0.010000./ phi_m, min: -0.483859 at y = 0.018376
phi_m, max: -0.000000 at y = -0.010000./ phi_m, min: -0.456568 at y = 0.017458
phi_m, max: -0.000000 at y = -0.010000./ phi_m, min: -0.421275 at y = 0.016426
phi_m, max: -0.000000 at y = -0.010000./ phi_m, min: -0.382165 at y = 0.011175
phi_m, max: -0.000000 at y = -0.010000./ phi_m, min: -0.342342 at y = 0.011175


Writing: "Fiber2DEphapticPlaneL6Isolated_18.chk"
 (0.0086451s, XML)
phi_m, max: -0.000000 at y = 2.320000./ phi_m, min: -0.001153 at y = 2.324832
phi_m, max: -0.000000 at y = 2.320000./ phi_m, min: -0.001162 at y = 2.325168
phi_m, max: -0.000000 at y = 2.320000./ phi_m, min: -0.001153 at y = 2.325168
phi_m, max: 0.000273 at y = 2.177143./ phi_m, min: -0.001080 at y = 2.415714
phi_m, max: 1.166355 at y = 2.177143./ phi_m, min: 0.000000 at y = 2.320000
phi_m, max: 113.944591 at y = 2.177143./ phi_m, min: 0.000000 at y = 2.320000
phi_m, max: 113.192391 at y = 2.329413./ phi_m, min: 0.000000 at y = 2.320000
phi_m, max: 98.972318 at y = 2.415714./ phi_m, min: 0.000000 at y = 2.320000
phi_m, max: 79.987674 at y = 2.415714./ phi_m, min: 0.000000 at y = 2.320000
phi_m, max: 60.012911 at y = 2.415714./ phi_m, min: 0.000000 at y = 2.320000
phi_m, max: 42.066435 at y = 2.415714./ phi_m, min: 0.000000 at y = 2.320000
phi_m, max: 23.287092 at y = 2.415714./ phi_m, min: 0.000000 at y = 2.320000
phi_m, max: 4.524890 at y = 2.415714./ phi_m, min: 0.000000 at y = 2.320000
phi_m, max: 0.296396 at y = 2.415714./ phi_m, min: -0.112782 at y = 2.177143
phi_m, max: -0.000000 at y = 2.320000./ phi_m, min: -0.342515 at y = 2.177143
phi_m, max: -0.000000 at y = 2.320000./ phi_m, min: -0.444761 at y = 2.177143
phi_m, max: -0.000000 at y = 2.320000./ phi_m, min: -0.497831 at y = 2.321175
phi_m, max: -0.000000 at y = 2.320000./ phi_m, min: -0.519027 at y = 2.323574
phi_m, max: -0.000000 at y = 2.320000./ phi_m, min: -0.516697 at y = 2.326426


phi_m, max: -0.000000 at y = 3.580000./ phi_m, min: -0.001153 at y = 3.584832
phi_m, max: -0.000000 at y = 3.580000./ phi_m, min: -0.001162 at y = 3.585168
phi_m, max: -0.000000 at y = 3.580000./ phi_m, min: -0.001153 at y = 3.585168
phi_m, max: -0.000000 at y = 3.580000./ phi_m, min: -0.001143 at y = 3.585168
phi_m, max: -0.000000 at y = 3.580000./ phi_m, min: -0.001133 at y = 3.585168
phi_m, max: -0.000000 at y = 3.580000./ phi_m, min: -0.001125 at y = 3.585168
phi_m, max: -0.000000 at y = 3.580000./ phi_m, min: -0.001104 at y = 3.586787
phi_m, max: 0.084311 at y = 3.551429./ phi_m, min: 0.000000 at y = 3.580000
phi_m, max: 61.606778 at y = 3.551429./ phi_m, min: 0.000000 at y = 3.580000
phi_m, max: 115.633616 at y = 3.588376./ phi_m, min: 0.000000 at y = 3.580000
phi_m, max: 105.225071 at y = 3.761429./ phi_m, min: 0.000000 at y = 3.580000
phi_m, max: 87.507542 at y = 3.761429./ phi_m, min: 0.000000 at y = 3.580000
phi_m, max: 67.487283 at y = 3.761429./ phi_m, min: 0.000000 at y = 3.580000
phi_m, max: 48.510098 at y = 3.761429./ phi_m, min: 0.000000 at y = 3.580000
phi_m, max: 31.192398 at y = 3.761429./ phi_m, min: 0.000000 at y = 3.580000
phi_m, max: 9.554428 at y = 3.761429./ phi_m, min: 0.000000 at y = 3.580000
phi_m, max: 0.994572 at y = 3.761429./ phi_m, min: 0.000000 at y = 3.580000
phi_m, max: -0.000000 at y = 3.580000./ phi_m, min: -0.281729 at y = 3.551429
phi_m, max: -0.000000 at y = 3.580000./ phi_m, min: -0.413573 at y = 3.551429


phi_m, max: -0.000000 at y = 6.310000./ phi_m, min: -0.001162 at y = 6.318213
phi_m, max: -0.000000 at y = 6.310000./ phi_m, min: -0.001171 at y = 6.318213
phi_m, max: -0.000000 at y = 6.310000./ phi_m, min: -0.001162 at y = 6.318213
phi_m, max: -0.000000 at y = 6.310000./ phi_m, min: -0.001152 at y = 6.318213
phi_m, max: -0.000000 at y = 6.310000./ phi_m, min: -0.001142 at y = 6.318213
phi_m, max: -0.000000 at y = 6.310000./ phi_m, min: -0.001133 at y = 6.318213
phi_m, max: -0.000000 at y = 6.310000./ phi_m, min: -0.001126 at y = 6.318213
phi_m, max: -0.000000 at y = 6.310000./ phi_m, min: -0.001120 at y = 6.318213
phi_m, max: -0.000000 at y = 6.310000./ phi_m, min: -0.001114 at y = 6.318213
phi_m, max: -0.000000 at y = 6.310000./ phi_m, min: -0.001109 at y = 6.318213
phi_m, max: -0.000000 at y = 6.310000./ phi_m, min: -0.001105 at y = 6.318213
phi_m, max: -0.000000 at y = 6.310000./ phi_m, min: -0.001102 at y = 6.318213
phi_m, max: -0.000000 at y = 6.310000./ phi_m, min: -0.001098 at y = 6.318213
phi_m, max: -0.000000 at y = 6.310000./ phi_m, min: -0.001094 at y = 6.318376
phi_m, max: 0.023149 at y = 6.110000./ phi_m, min: -0.000043 at y = 6.320000
phi_m, max: 17.674677 at y = 6.110000./ phi_m, min: 0.000000 at y = 6.310000
phi_m, max: 115.994553 at y = 6.316367./ phi_m, min: 0.000000 at y = 6.310000
phi_m, max: 107.192373 at y = 6.319413./ phi_m, min: 0.000000 at y = 6.310000
phi_m, max: 89.647244 at y = 6.319413./ phi_m, min: 0.000000 at y = 6.310000


phi_m, max: 18.893457 at y = 0.640000./ phi_m, min: 0.000000 at y = 0.650000
phi_m, max: 115.962318 at y = 0.646426./ phi_m, min: 0.000000 at y = 0.650000
phi_m, max: 114.048495 at y = 0.859413./ phi_m, min: 0.000000 at y = 0.650000
phi_m, max: 100.508078 at y = 0.860000./ phi_m, min: 0.000000 at y = 0.650000
phi_m, max: 81.653519 at y = 0.860000./ phi_m, min: 0.000000 at y = 0.650000
phi_m, max: 61.572365 at y = 0.860000./ phi_m, min: 0.000000 at y = 0.650000
phi_m, max: 43.380144 at y = 0.860000./ phi_m, min: 0.000000 at y = 0.650000
phi_m, max: 24.950151 at y = 0.860000./ phi_m, min: 0.000000 at y = 0.650000
phi_m, max: 5.252657 at y = 0.860000./ phi_m, min: 0.000000 at y = 0.650000
phi_m, max: 0.387205 at y = 0.860000./ phi_m, min: -0.241736 at y = 0.640000
phi_m, max: -0.000000 at y = 0.650000./ phi_m, min: -0.395019 at y = 0.640000
phi_m, max: -0.000000 at y = 0.650000./ phi_m, min: -0.473778 at y = 0.640587
phi_m, max: -0.000000 at y = 0.650000./ phi_m, min: -0.511388 at y = 0.641624
phi_m, max: -0.000000 at y = 0.650000./ phi_m, min: -0.520635 at y = 0.644832
phi_m, max: -0.000000 at y = 0.650000./ phi_m, min: -0.517918 at y = 0.856426
phi_m, max: -0.000000 at y = 0.650000./ phi_m, min: -0.498908 at y = 0.857458
phi_m, max: -0.000000 at y = 0.650000./ phi_m, min: -0.467019 at y = 0.857458
phi_m, max: -0.000000 at y = 0.650000./ phi_m, min: -0.428046 at y = 0.858213
phi_m, max: -0.000000 at y = 0.650000./ phi_m, min: -0.386053 at y = 0.858376


phi_m, max: -0.000000 at y = 4.640000./ phi_m, min: -0.001153 at y = 4.634832
phi_m, max: -0.000000 at y = 4.640000./ phi_m, min: -0.001162 at y = 4.635168
phi_m, max: -0.000000 at y = 4.640000./ phi_m, min: -0.001153 at y = 4.635168
phi_m, max: -0.000000 at y = 4.640000./ phi_m, min: -0.001143 at y = 4.635168
phi_m, max: -0.000000 at y = 4.640000./ phi_m, min: -0.001133 at y = 4.635168
phi_m, max: -0.000000 at y = 4.640000./ phi_m, min: -0.001125 at y = 4.635168
phi_m, max: -0.000000 at y = 4.640000./ phi_m, min: -0.001117 at y = 4.635168
phi_m, max: -0.000000 at y = 4.640000./ phi_m, min: -0.001111 at y = 4.635168
phi_m, max: -0.000000 at y = 4.640000./ phi_m, min: -0.001105 at y = 4.635168
phi_m, max: -0.000000 at y = 4.640000./ phi_m, min: -0.001064 at y = 4.638825
phi_m, max: 0.348577 at y = 4.630000./ phi_m, min: 0.000000 at y = 4.640000
phi_m, max: 106.754372 at y = 4.630000./ phi_m, min: 0.000000 at y = 4.640000
phi_m, max: 114.409539 at y = 4.840000./ phi_m, min: 0.000000 at y = 4.640000
phi_m, max: 102.203202 at y = 4.840000./ phi_m, min: 0.000000 at y = 4.640000
phi_m, max: 83.670203 at y = 4.840000./ phi_m, min: 0.000000 at y = 4.640000
phi_m, max: 63.563926 at y = 4.840000./ phi_m, min: 0.000000 at y = 4.640000
phi_m, max: 45.092578 at y = 4.840000./ phi_m, min: 0.000000 at y = 4.640000
phi_m, max: 27.156022 at y = 4.840000./ phi_m, min: 0.000000 at y = 4.640000
phi_m, max: 6.473152 at y = 4.840000./ phi_m, min: 0.000000 at y = 4.640000


Steps: 19000000 Time: 1.9         

Time: 0.100000
CPU Time: 74.486909 min.
phi_m, max: -0.000000 at y = 3.131429./ phi_m, min: -0.001161 at y = 6.320000

Time: 0.200000
CPU Time: 74.595730 min.
phi_m, max: -0.000000 at y = 3.131429./ phi_m, min: -0.001170 at y = 6.320000

Time: 0.300000
CPU Time: 74.501474 min.
phi_m, max: -0.000000 at y = 3.131429./ phi_m, min: -0.001161 at y = 6.320000

Time: 0.400000
CPU Time: 74.544145 min.
phi_m, max: -0.000000 at y = 3.131429./ phi_m, min: -0.001150 at y = 6.320000

Time: 0.500000
CPU Time: 75.202637 min.
phi_m, max: -0.000000 at y = 3.131429./ phi_m, min: -0.001141 at y = 6.320000

Time: 0.600000
CPU Time: 75.424555 min.
phi_m, max: -0.000000 at y = 3.131429./ phi_m, min: -0.001132 at y = 6.320000

Time: 0.700000
CPU Time: 75.120902 min.
phi_m, max: 0.221976 at y = 3.045714./ phi_m, min: -0.001125 at y = 6.320000

Time: 0.800000
CPU Time: 74.630763 min.
phi_m, max: 96.525729 at y = 3.045714./ phi_m, min: -0.001118 at y = 6.320000

Time: 0.900000
CPU Time: 74.039679 min.
phi_m, max: 115.022059 at y = 3.168376./ phi_m, min: -0.001113 at y = 6.320000

Time: 1.000000
CPU Time: 74.307984 min.
phi_m, max: 102.777951 at y = 3.169413./ phi_m, min: -0.001108 at y = 6.320000

Time: 1.100000
CPU Time: 74.713297 min.
phi_m, max: 84.458962 at y = 3.227143./ phi_m, min: -0.001104 at y = 6.320000

Time: 1.200000
CPU Time: 75.100201 min.
phi_m, max: 64.413000 at y = 3.227143./ phi_m, min: -0.001100 at y = 6.320000

Time: 1.300000
CPU Time: 76.690842 min.
phi_m, max: 45.854036 at y = 3.227143./ phi_m, min: -0.001097 at y = 6.320000

Time: 1.400000
CPU Time: 75.278158 min.
phi_m, max: 28.171697 at y = 3.227143./ phi_m, min: -0.001093 at y = 6.320000

Time: 1.500000
CPU Time: 74.815547 min.
phi_m, max: 7.169562 at y = 3.227143./ phi_m, min: -0.000043 at y = 6.320000

Time: 1.600000
CPU Time: 74.628810 min.
phi_m, max: 0.765241 at y = 6.320000./ phi_m, min: 0.000000 at y = 3.131429

Time: 1.700000
CPU Time: 74.254465 min.
phi_m, max: 115.772268 at y = 6.320000./ phi_m, min: -0.305965 at y = 3.045714

Time: 1.800000
CPU Time: 74.853166 min.
phi_m, max: 107.165657 at y = 6.320000./ phi_m, min: -0.425425 at y = 3.045714

Time: 1.900000
CPU Time: 75.017321 min.
phi_m, max: 89.632998 at y = 6.320000./ phi_m, min: -0.488616 at y = 3.160587


phi_m, max: 27.072587 at y = 0.440000./ phi_m, min: 0.000000 at y = 0.430000
phi_m, max: 115.962318 at y = 0.646426./ phi_m, min: 0.000000 at y = 0.430000
phi_m, max: 107.497158 at y = 0.649413./ phi_m, min: 0.000000 at y = 0.430000
phi_m, max: 90.342674 at y = 0.650000./ phi_m, min: 0.000000 at y = 0.430000
phi_m, max: 70.397993 at y = 0.650000./ phi_m, min: 0.000000 at y = 0.430000
phi_m, max: 51.059040 at y = 0.650000./ phi_m, min: 0.000000 at y = 0.430000
phi_m, max: 33.834448 at y = 0.650000./ phi_m, min: 0.000000 at y = 0.430000
phi_m, max: 12.186847 at y = 0.650000./ phi_m, min: 0.000000 at y = 0.430000
phi_m, max: 1.438481 at y = 0.650000./ phi_m, min: -0.000000 at y = 0.430000
phi_m, max: -0.000000 at y = 0.430000./ phi_m, min: -0.254718 at y = 0.440000
phi_m, max: -0.000000 at y = 0.430000./ phi_m, min: -0.401004 at y = 0.440000
phi_m, max: -0.000000 at y = 0.430000./ phi_m, min: -0.476110 at y = 0.440000
phi_m, max: -0.000000 at y = 0.430000./ phi_m, min: -0.511391 at y = 0.641787
phi_m, max: -0.000000 at y = 0.430000./ phi_m, min: -0.520635 at y = 0.644832
phi_m, max: -0.000000 at y = 0.430000./ phi_m, min: -0.509245 at y = 0.646426
phi_m, max: -0.000000 at y = 0.430000./ phi_m, min: -0.482355 at y = 0.647458
phi_m, max: -0.000000 at y = 0.430000./ phi_m, min: -0.445877 at y = 0.648213
phi_m, max: -0.000000 at y = 0.430000./ phi_m, min: -0.404779 at y = 0.648376
phi_m, max: -0.000000 at y = 0.430000./ phi_m, min: -0.362480 at y = 0.648376


phi_m, max: -0.000000 at y = 5.050000./ phi_m, min: -0.001153 at y = 5.055168
phi_m, max: -0.000000 at y = 5.050000./ phi_m, min: -0.001162 at y = 5.475168
phi_m, max: -0.000000 at y = 5.050000./ phi_m, min: -0.001153 at y = 5.475168
phi_m, max: -0.000000 at y = 5.050000./ phi_m, min: -0.001143 at y = 5.475168
phi_m, max: -0.000000 at y = 5.050000./ phi_m, min: -0.001133 at y = 5.475168
phi_m, max: -0.000000 at y = 5.050000./ phi_m, min: -0.001125 at y = 5.475168
phi_m, max: -0.000000 at y = 5.050000./ phi_m, min: -0.001117 at y = 5.475168
phi_m, max: -0.000000 at y = 5.050000./ phi_m, min: -0.001111 at y = 5.475168
phi_m, max: -0.000000 at y = 5.050000./ phi_m, min: -0.001106 at y = 5.475168
phi_m, max: -0.000000 at y = 5.050000./ phi_m, min: -0.001101 at y = 5.475168
phi_m, max: -0.000000 at y = 5.050000./ phi_m, min: -0.001097 at y = 5.475168
phi_m, max: 0.155257 at y = 5.050000./ phi_m, min: -0.001081 at y = 5.476787
phi_m, max: 85.181852 at y = 5.050000./ phi_m, min: 0.000000 at y = 5.050000
phi_m, max: 115.152388 at y = 5.058376./ phi_m, min: 0.000000 at y = 5.050000
phi_m, max: 115.703960 at y = 5.478213./ phi_m, min: 0.000000 at y = 5.050000
phi_m, max: 104.960248 at y = 5.479413./ phi_m, min: 0.000000 at y = 5.050000
phi_m, max: 87.031941 at y = 5.480000./ phi_m, min: 0.000000 at y = 5.050000
phi_m, max: 66.960859 at y = 5.480000./ phi_m, min: 0.000000 at y = 5.050000
phi_m, max: 48.033262 at y = 5.480000./ phi_m, min: 0.000000 at y = 5.050000


phi_m, max: -0.000000 at y = 4.420000./ phi_m, min: -0.001153 at y = 4.424832
phi_m, max: -0.000000 at y = 4.420000./ phi_m, min: -0.001162 at y = 4.425168
phi_m, max: -0.000000 at y = 4.420000./ phi_m, min: -0.001153 at y = 4.425168
phi_m, max: -0.000000 at y = 4.420000./ phi_m, min: -0.001143 at y = 4.425168
phi_m, max: -0.000000 at y = 4.420000./ phi_m, min: -0.001133 at y = 4.425168
phi_m, max: -0.000000 at y = 4.420000./ phi_m, min: -0.001125 at y = 4.425168
phi_m, max: -0.000000 at y = 4.420000./ phi_m, min: -0.001117 at y = 4.425168
phi_m, max: -0.000000 at y = 4.420000./ phi_m, min: -0.001111 at y = 4.425168
phi_m, max: -0.000000 at y = 4.420000./ phi_m, min: -0.001102 at y = 4.425587
phi_m, max: 0.019432 at y = 4.391429./ phi_m, min: -0.000599 at y = 4.630000
phi_m, max: 15.051283 at y = 4.391429./ phi_m, min: 0.000000 at y = 4.420000
phi_m, max: 115.933807 at y = 4.426426./ phi_m, min: 0.000000 at y = 4.420000
phi_m, max: 108.825327 at y = 4.630000./ phi_m, min: 0.000000 at y = 4.420000
phi_m, max: 92.268689 at y = 4.630000./ phi_m, min: 0.000000 at y = 4.420000
phi_m, max: 72.440935 at y = 4.630000./ phi_m, min: 0.000000 at y = 4.420000
phi_m, max: 52.893055 at y = 4.630000./ phi_m, min: 0.000000 at y = 4.420000
phi_m, max: 35.624148 at y = 4.630000./ phi_m, min: 0.000000 at y = 4.420000
phi_m, max: 14.345179 at y = 4.630000./ phi_m, min: 0.000000 at y = 4.420000
phi_m, max: 1.854301 at y = 4.630000./ phi_m, min: 0.000000 at y = 4.420000


phi_m, max: -0.000000 at y = 2.358571./ phi_m, min: -0.001153 at y = 2.535168
phi_m, max: -0.000000 at y = 2.358571./ phi_m, min: -0.001162 at y = 2.535168
phi_m, max: -0.000000 at y = 2.358571./ phi_m, min: -0.001153 at y = 2.535168
phi_m, max: -0.000000 at y = 2.358571./ phi_m, min: -0.001139 at y = 2.535587
phi_m, max: 0.027657 at y = 2.387143./ phi_m, min: -0.000395 at y = 2.597143
phi_m, max: 21.375315 at y = 2.387143./ phi_m, min: 0.000000 at y = 2.358571
phi_m, max: 115.959152 at y = 2.536426./ phi_m, min: 0.000000 at y = 2.358571
phi_m, max: 107.815821 at y = 2.539413./ phi_m, min: 0.000000 at y = 2.358571
phi_m, max: 90.799157 at y = 2.597143./ phi_m, min: 0.000000 at y = 2.358571
phi_m, max: 70.952776 at y = 2.597143./ phi_m, min: 0.000000 at y = 2.358571
phi_m, max: 51.589745 at y = 2.597143./ phi_m, min: 0.000000 at y = 2.358571
phi_m, max: 34.406092 at y = 2.597143./ phi_m, min: 0.000000 at y = 2.358571
phi_m, max: 12.937600 at y = 2.597143./ phi_m, min: 0.000000 at y = 2.358571
phi_m, max: 1.581991 at y = 2.597143./ phi_m, min: 0.000000 at y = 2.358571
phi_m, max: -0.000000 at y = 2.358571./ phi_m, min: -0.245301 at y = 2.387143
phi_m, max: -0.000000 at y = 2.358571./ phi_m, min: -0.395630 at y = 2.387143
phi_m, max: -0.000000 at y = 2.358571./ phi_m, min: -0.472500 at y = 2.387143
phi_m, max: -0.000000 at y = 2.358571./ phi_m, min: -0.510683 at y = 2.531624
phi_m, max: -0.000000 at y = 2.358571./ phi_m, min: -0.520444 at y = 2.534832


phi_m, max: -0.000000 at y = 3.790000./ phi_m, min: -0.001153 at y = 4.004832
phi_m, max: -0.000000 at y = 3.790000./ phi_m, min: -0.001162 at y = 3.794832
phi_m, max: -0.000000 at y = 3.790000./ phi_m, min: -0.001153 at y = 3.794832
phi_m, max: -0.000000 at y = 3.790000./ phi_m, min: -0.001143 at y = 3.794832
phi_m, max: -0.000000 at y = 3.790000./ phi_m, min: -0.001133 at y = 4.005168
phi_m, max: -0.000000 at y = 3.790000./ phi_m, min: -0.001125 at y = 4.005168
phi_m, max: -0.000000 at y = 3.790000./ phi_m, min: -0.001117 at y = 4.005168
phi_m, max: 0.001019 at y = 3.761429./ phi_m, min: -0.001104 at y = 4.006367
phi_m, max: 1.643203 at y = 3.761429./ phi_m, min: 0.000000 at y = 3.790000
phi_m, max: 115.222757 at y = 3.790587./ phi_m, min: 0.000000 at y = 3.790000
phi_m, max: 115.888275 at y = 4.007458./ phi_m, min: 0.000000 at y = 3.790000
phi_m, max: 106.421434 at y = 4.009413./ phi_m, min: 0.000000 at y = 3.790000
phi_m, max: 88.890741 at y = 4.010000./ phi_m, min: 0.000000 at y = 3.790000
phi_m, max: 68.878995 at y = 4.010000./ phi_m, min: 0.000000 at y = 3.790000
phi_m, max: 49.713469 at y = 4.010000./ phi_m, min: 0.000000 at y = 3.790000
phi_m, max: 32.453839 at y = 4.010000./ phi_m, min: 0.000000 at y = 3.790000
phi_m, max: 10.711920 at y = 4.010000./ phi_m, min: 0.000000 at y = 3.790000
phi_m, max: 1.182603 at y = 4.010000./ phi_m, min: -0.136661 at y = 3.761429
phi_m, max: -0.000000 at y = 3.790000./ phi_m, min: -0.351164 at y = 3.761429


phi_m, max: 115.829979 at y = 0.228213./ phi_m, min: 0.000000 at y = 0.220000
phi_m, max: 105.912401 at y = 0.344286./ phi_m, min: 0.000000 at y = 0.220000
phi_m, max: 88.488870 at y = 0.344286./ phi_m, min: 0.000000 at y = 0.220000
phi_m, max: 68.543274 at y = 0.344286./ phi_m, min: 0.000000 at y = 0.220000
phi_m, max: 49.456652 at y = 0.344286./ phi_m, min: 0.000000 at y = 0.220000
phi_m, max: 32.251607 at y = 0.344286./ phi_m, min: 0.000000 at y = 0.220000
phi_m, max: 10.619790 at y = 0.344286./ phi_m, min: 0.000000 at y = 0.220000
phi_m, max: 1.168794 at y = 0.344286./ phi_m, min: 0.000000 at y = 0.220000
phi_m, max: -0.000000 at y = 0.220000./ phi_m, min: -0.218211 at y = 0.221175
phi_m, max: -0.000000 at y = 0.220000./ phi_m, min: -0.379595 at y = 0.221787
phi_m, max: -0.000000 at y = 0.220000./ phi_m, min: -0.466319 at y = 0.223213
phi_m, max: -0.000000 at y = 0.220000./ phi_m, min: -0.508923 at y = 0.224490
phi_m, max: -0.000000 at y = 0.220000./ phi_m, min: -0.519414 at y = 0.226426
phi_m, max: -0.000000 at y = 0.220000./ phi_m, min: -0.506772 at y = 0.227458
phi_m, max: -0.000000 at y = 0.220000./ phi_m, min: -0.478776 at y = 0.227458
phi_m, max: -0.000000 at y = 0.220000./ phi_m, min: -0.441687 at y = 0.228213
phi_m, max: -0.000000 at y = 0.220000./ phi_m, min: -0.400370 at y = 0.228213
phi_m, max: -0.000000 at y = 0.220000./ phi_m, min: -0.358110 at y = 0.228213
phi_m, max: -0.000000 at y = 0.220000./ phi_m, min: -0.317130 at y = 0.228376


phi_m, max: -0.000000 at y = 1.900000./ phi_m, min: -0.001153 at y = 1.905168
phi_m, max: -0.000000 at y = 1.900000./ phi_m, min: -0.001162 at y = 1.905168
phi_m, max: 0.001996 at y = 1.728571./ phi_m, min: -0.001050 at y = 1.963787
phi_m, max: 2.391697 at y = 1.728571./ phi_m, min: 0.000000 at y = 1.900000
phi_m, max: 115.332297 at y = 1.900587./ phi_m, min: 0.000000 at y = 1.900000
phi_m, max: 111.987642 at y = 1.909413./ phi_m, min: 0.000000 at y = 1.900000
phi_m, max: 96.831898 at y = 1.963787./ phi_m, min: 0.000000 at y = 1.900000
phi_m, max: 77.525785 at y = 1.963787./ phi_m, min: 0.000000 at y = 1.900000
phi_m, max: 57.643122 at y = 1.963787./ phi_m, min: 0.000000 at y = 1.900000
phi_m, max: 39.994060 at y = 1.963787./ phi_m, min: 0.000000 at y = 1.900000
phi_m, max: 20.373222 at y = 1.963787./ phi_m, min: 0.000000 at y = 1.900000
phi_m, max: 3.434113 at y = 1.963787./ phi_m, min: 0.000000 at y = 1.900000
phi_m, max: 0.162576 at y = 1.963787./ phi_m, min: -0.158968 at y = 1.728571
phi_m, max: -0.000000 at y = 1.900000./ phi_m, min: -0.359476 at y = 1.728571
phi_m, max: -0.000000 at y = 1.900000./ phi_m, min: -0.454039 at y = 1.728571
phi_m, max: -0.000000 at y = 1.900000./ phi_m, min: -0.501925 at y = 1.901624
phi_m, max: -0.000000 at y = 1.900000./ phi_m, min: -0.519858 at y = 1.903574
phi_m, max: -0.000000 at y = 1.900000./ phi_m, min: -0.515196 at y = 1.906426
phi_m, max: -0.000000 at y = 1.900000./ phi_m, min: -0.492972 at y = 1.907458


phi_m, max: -0.000000 at y = 1.270000./ phi_m, min: -0.001127 at y = 1.278213
phi_m, max: 0.294549 at y = 1.070000./ phi_m, min: 0.000000 at y = 1.270000
phi_m, max: 104.482222 at y = 1.070000./ phi_m, min: 0.000000 at y = 1.270000
phi_m, max: 114.883380 at y = 1.278376./ phi_m, min: 0.000000 at y = 1.270000
phi_m, max: 102.444573 at y = 1.279413./ phi_m, min: 0.000000 at y = 1.270000
phi_m, max: 83.985286 at y = 1.308571./ phi_m, min: 0.000000 at y = 1.270000
phi_m, max: 63.914494 at y = 1.308571./ phi_m, min: 0.000000 at y = 1.270000
phi_m, max: 45.412957 at y = 1.308571./ phi_m, min: 0.000000 at y = 1.270000
phi_m, max: 27.604317 at y = 1.308571./ phi_m, min: 0.000000 at y = 1.270000
phi_m, max: 6.773419 at y = 1.308571./ phi_m, min: 0.000000 at y = 1.270000
phi_m, max: 0.588895 at y = 1.308571./ phi_m, min: -0.019858 at y = 1.070000
phi_m, max: -0.000000 at y = 1.270000./ phi_m, min: -0.314857 at y = 1.070000
phi_m, max: -0.000000 at y = 1.270000./ phi_m, min: -0.431035 at y = 1.070000
phi_m, max: -0.000000 at y = 1.270000./ phi_m, min: -0.490614 at y = 1.070000
phi_m, max: -0.000000 at y = 1.270000./ phi_m, min: -0.516923 at y = 1.272542
phi_m, max: -0.000000 at y = 1.270000./ phi_m, min: -0.518905 at y = 1.276259
phi_m, max: -0.000000 at y = 1.270000./ phi_m, min: -0.501826 at y = 1.277458
phi_m, max: -0.000000 at y = 1.270000./ phi_m, min: -0.471144 at y = 1.277458
phi_m, max: -0.000000 at y = 1.270000./ phi_m, min: -0.432751 at y = 1.278213


phi_m, max: -0.000000 at y = 1.518571./ phi_m, min: -0.001153 at y = 1.695168
phi_m, max: -0.000000 at y = 1.518571./ phi_m, min: -0.001147 at y = 1.696787
phi_m, max: 0.131643 at y = 1.490000./ phi_m, min: 0.000000 at y = 1.518571
phi_m, max: 83.454072 at y = 1.490000./ phi_m, min: 0.000000 at y = 1.518571
phi_m, max: 115.553562 at y = 1.698376./ phi_m, min: 0.000000 at y = 1.518571
phi_m, max: 104.324704 at y = 1.699413./ phi_m, min: 0.000000 at y = 1.518571
phi_m, max: 86.263429 at y = 1.728571./ phi_m, min: 0.000000 at y = 1.518571
phi_m, max: 66.214197 at y = 1.728571./ phi_m, min: 0.000000 at y = 1.518571
phi_m, max: 47.401587 at y = 1.728571./ phi_m, min: 0.000000 at y = 1.518571
phi_m, max: 29.961206 at y = 1.728571./ phi_m, min: 0.000000 at y = 1.518571
phi_m, max: 8.483434 at y = 1.728571./ phi_m, min: 0.000000 at y = 1.518571
phi_m, max: 0.832583 at y = 1.728571./ phi_m, min: 0.000000 at y = 1.518571
phi_m, max: -0.000000 at y = 1.518571./ phi_m, min: -0.295360 at y = 1.490000
phi_m, max: -0.000000 at y = 1.518571./ phi_m, min: -0.420952 at y = 1.490000
phi_m, max: -0.000000 at y = 1.518571./ phi_m, min: -0.485845 at y = 1.490000
phi_m, max: -0.000000 at y = 1.518571./ phi_m, min: -0.515201 at y = 1.692542
phi_m, max: -0.000000 at y = 1.518571./ phi_m, min: -0.519677 at y = 1.695449
phi_m, max: -0.000000 at y = 1.518571./ phi_m, min: -0.504561 at y = 1.697458
phi_m, max: -0.000000 at y = 1.518571./ phi_m, min: -0.475168 at y = 1.697458


phi_m, max: -0.000000 at y = 2.110000./ phi_m, min: -0.001153 at y = 2.115168
phi_m, max: -0.000000 at y = 2.110000./ phi_m, min: -0.001162 at y = 2.115168
phi_m, max: -0.000000 at y = 2.110000./ phi_m, min: -0.001146 at y = 2.116367
phi_m, max: 0.057853 at y = 1.938571./ phi_m, min: 0.000000 at y = 2.110000
phi_m, max: 49.175436 at y = 1.938571./ phi_m, min: 0.000000 at y = 2.110000
phi_m, max: 115.860600 at y = 2.117458./ phi_m, min: 0.000000 at y = 2.110000
phi_m, max: 106.118442 at y = 2.119413./ phi_m, min: 0.000000 at y = 2.110000
phi_m, max: 88.582685 at y = 2.177143./ phi_m, min: 0.000000 at y = 2.110000
phi_m, max: 68.627146 at y = 2.177143./ phi_m, min: 0.000000 at y = 2.110000
phi_m, max: 49.523746 at y = 2.177143./ phi_m, min: 0.000000 at y = 2.110000
phi_m, max: 32.304950 at y = 2.177143./ phi_m, min: 0.000000 at y = 2.110000
phi_m, max: 10.640397 at y = 2.177143./ phi_m, min: 0.000000 at y = 2.110000
phi_m, max: 1.172477 at y = 2.177143./ phi_m, min: 0.000000 at y = 2.110000
phi_m, max: -0.000000 at y = 2.110000./ phi_m, min: -0.271684 at y = 1.938571
phi_m, max: -0.000000 at y = 2.110000./ phi_m, min: -0.408610 at y = 1.938571
phi_m, max: -0.000000 at y = 2.110000./ phi_m, min: -0.479336 at y = 1.938571
phi_m, max: -0.000000 at y = 2.110000./ phi_m, min: -0.513071 at y = 2.112542
phi_m, max: -0.000000 at y = 2.110000./ phi_m, min: -0.520199 at y = 2.115168
phi_m, max: -0.000000 at y = 2.110000./ phi_m, min: -0.507100 at y = 2.117458


phi_m, max: -0.000000 at y = 2.950000./ phi_m, min: -0.001153 at y = 2.954832
phi_m, max: -0.000000 at y = 2.950000./ phi_m, min: -0.001162 at y = 2.955168
phi_m, max: -0.000000 at y = 2.950000./ phi_m, min: -0.001153 at y = 2.955168
phi_m, max: -0.000000 at y = 2.950000./ phi_m, min: -0.001143 at y = 2.955168
phi_m, max: -0.000000 at y = 2.950000./ phi_m, min: -0.001131 at y = 2.955449
phi_m, max: 0.011849 at y = 2.807143./ phi_m, min: -0.000792 at y = 3.045714
phi_m, max: 9.518874 at y = 2.807143./ phi_m, min: 0.000000 at y = 2.950000
phi_m, max: 115.909075 at y = 2.953633./ phi_m, min: 0.000000 at y = 2.950000
phi_m, max: 109.405803 at y = 2.959413./ phi_m, min: 0.000000 at y = 2.950000
phi_m, max: 93.087542 at y = 3.045714./ phi_m, min: 0.000000 at y = 2.950000
phi_m, max: 73.417630 at y = 3.045714./ phi_m, min: 0.000000 at y = 2.950000
phi_m, max: 53.828578 at y = 3.045714./ phi_m, min: 0.000000 at y = 2.950000
phi_m, max: 36.556644 at y = 3.045714./ phi_m, min: 0.000000 at y = 2.950000
phi_m, max: 15.654508 at y = 3.045714./ phi_m, min: 0.000000 at y = 2.950000
phi_m, max: 2.148791 at y = 3.045714./ phi_m, min: 0.000000 at y = 2.950000
phi_m, max: 0.008514 at y = 3.045714./ phi_m, min: -0.217653 at y = 2.807143
phi_m, max: -0.000000 at y = 2.950000./ phi_m, min: -0.383076 at y = 2.807143
phi_m, max: -0.000000 at y = 2.950000./ phi_m, min: -0.466043 at y = 2.807143
phi_m, max: -0.000000 at y = 2.950000./ phi_m, min: -0.507935 at y = 2.951624


phi_m, max: -0.000000 at y = 5.260000./ phi_m, min: -0.001153 at y = 5.264832
phi_m, max: -0.000000 at y = 5.260000./ phi_m, min: -0.001162 at y = 5.265168
phi_m, max: -0.000000 at y = 5.260000./ phi_m, min: -0.001153 at y = 5.265168
phi_m, max: -0.000000 at y = 5.260000./ phi_m, min: -0.001143 at y = 5.265168
phi_m, max: -0.000000 at y = 5.260000./ phi_m, min: -0.001133 at y = 5.265168
phi_m, max: -0.000000 at y = 5.260000./ phi_m, min: -0.001125 at y = 5.265168
phi_m, max: -0.000000 at y = 5.260000./ phi_m, min: -0.001117 at y = 5.265168
phi_m, max: -0.000000 at y = 5.260000./ phi_m, min: -0.001111 at y = 5.265168
phi_m, max: -0.000000 at y = 5.260000./ phi_m, min: -0.001106 at y = 5.265168
phi_m, max: -0.000000 at y = 5.260000./ phi_m, min: -0.001101 at y = 5.265168
phi_m, max: -0.000000 at y = 5.260000./ phi_m, min: -0.001096 at y = 5.265168
phi_m, max: 0.004417 at y = 5.063356./ phi_m, min: -0.000936 at y = 5.298571
phi_m, max: 4.065308 at y = 5.063356./ phi_m, min: 0.000000 at y = 5.260000
phi_m, max: 115.755553 at y = 5.261787./ phi_m, min: 0.000000 at y = 5.260000
phi_m, max: 111.118466 at y = 5.269413./ phi_m, min: 0.000000 at y = 5.260000
phi_m, max: 95.438719 at y = 5.270000./ phi_m, min: 0.000000 at y = 5.260000
phi_m, max: 75.933398 at y = 5.298571./ phi_m, min: 0.000000 at y = 5.260000
phi_m, max: 56.128937 at y = 5.298571./ phi_m, min: 0.000000 at y = 5.260000
phi_m, max: 38.638796 at y = 5.298571./ phi_m, min: 0.000000 at y = 5.260000


phi_m, max: -0.000000 at y = 4.210000./ phi_m, min: -0.001153 at y = 4.215168
phi_m, max: -0.000000 at y = 4.210000./ phi_m, min: -0.001162 at y = 4.214832
phi_m, max: -0.000000 at y = 4.210000./ phi_m, min: -0.001153 at y = 4.214832
phi_m, max: -0.000000 at y = 4.210000./ phi_m, min: -0.001143 at y = 4.214832
phi_m, max: -0.000000 at y = 4.210000./ phi_m, min: -0.001133 at y = 4.214832
phi_m, max: -0.000000 at y = 4.210000./ phi_m, min: -0.001125 at y = 4.215168
phi_m, max: -0.000000 at y = 4.210000./ phi_m, min: -0.001117 at y = 4.215168
phi_m, max: -0.000000 at y = 4.210000./ phi_m, min: -0.001111 at y = 4.215168
phi_m, max: -0.000000 at y = 4.210000./ phi_m, min: -0.001057 at y = 4.420000
phi_m, max: 0.785040 at y = 4.210000./ phi_m, min: 0.000000 at y = 4.210000
phi_m, max: 113.282362 at y = 4.210000./ phi_m, min: 0.000000 at y = 4.210000
phi_m, max: 113.637488 at y = 4.420000./ phi_m, min: 0.000000 at y = 4.210000
phi_m, max: 100.262397 at y = 4.420000./ phi_m, min: 0.000000 at y = 4.210000
phi_m, max: 81.363524 at y = 4.420000./ phi_m, min: 0.000000 at y = 4.210000
phi_m, max: 61.287792 at y = 4.420000./ phi_m, min: 0.000000 at y = 4.210000
phi_m, max: 43.132551 at y = 4.420000./ phi_m, min: 0.000000 at y = 4.210000
phi_m, max: 24.619739 at y = 4.420000./ phi_m, min: 0.000000 at y = 4.210000
phi_m, max: 5.095524 at y = 4.420000./ phi_m, min: 0.000000 at y = 4.210000
phi_m, max: 0.366673 at y = 4.420000./ phi_m, min: -0.086247 at y = 4.210000


phi_m, max: -0.000000 at y = 2.740000./ phi_m, min: -0.001153 at y = 2.744832
phi_m, max: -0.000000 at y = 2.740000./ phi_m, min: -0.001162 at y = 2.745168
phi_m, max: -0.000000 at y = 2.740000./ phi_m, min: -0.001153 at y = 2.745168
phi_m, max: -0.000000 at y = 2.740000./ phi_m, min: -0.001143 at y = 2.745168
phi_m, max: -0.000000 at y = 2.740000./ phi_m, min: -0.001093 at y = 2.748825
phi_m, max: 0.524967 at y = 2.597143./ phi_m, min: 0.000000 at y = 2.740000
phi_m, max: 110.624607 at y = 2.597143./ phi_m, min: 0.000000 at y = 2.740000
phi_m, max: 114.210398 at y = 2.749413./ phi_m, min: 0.000000 at y = 2.740000
phi_m, max: 100.939700 at y = 2.835714./ phi_m, min: 0.000000 at y = 2.740000
phi_m, max: 82.293646 at y = 2.835714./ phi_m, min: 0.000000 at y = 2.740000
phi_m, max: 62.267718 at y = 2.835714./ phi_m, min: 0.000000 at y = 2.740000
phi_m, max: 44.011144 at y = 2.835714./ phi_m, min: 0.000000 at y = 2.740000
phi_m, max: 25.880762 at y = 2.835714./ phi_m, min: 0.000000 at y = 2.740000
phi_m, max: 5.775561 at y = 2.835714./ phi_m, min: 0.000000 at y = 2.740000
phi_m, max: 0.456113 at y = 2.835714./ phi_m, min: -0.060743 at y = 2.597143
phi_m, max: -0.000000 at y = 2.740000./ phi_m, min: -0.325766 at y = 2.597143
phi_m, max: -0.000000 at y = 2.740000./ phi_m, min: -0.435910 at y = 2.597143
phi_m, max: -0.000000 at y = 2.740000./ phi_m, min: -0.493377 at y = 2.740587
phi_m, max: -0.000000 at y = 2.740000./ phi_m, min: -0.517826 at y = 2.742542


phi_m, max: -0.000000 at y = 5.690000./ phi_m, min: -0.001153 at y = 5.895168
phi_m, max: -0.000000 at y = 5.690000./ phi_m, min: -0.001162 at y = 5.895168
phi_m, max: -0.000000 at y = 5.690000./ phi_m, min: -0.001153 at y = 5.895168
phi_m, max: -0.000000 at y = 5.690000./ phi_m, min: -0.001143 at y = 5.895168
phi_m, max: -0.000000 at y = 5.690000./ phi_m, min: -0.001133 at y = 5.895168
phi_m, max: -0.000000 at y = 5.690000./ phi_m, min: -0.001125 at y = 5.895168
phi_m, max: -0.000000 at y = 5.690000./ phi_m, min: -0.001117 at y = 5.895168
phi_m, max: -0.000000 at y = 5.690000./ phi_m, min: -0.001111 at y = 5.895168
phi_m, max: -0.000000 at y = 5.690000./ phi_m, min: -0.001106 at y = 5.895168
phi_m, max: -0.000000 at y = 5.690000./ phi_m, min: -0.001101 at y = 5.895168
phi_m, max: -0.000000 at y = 5.690000./ phi_m, min: -0.001097 at y = 5.895168
phi_m, max: -0.000000 at y = 5.690000./ phi_m, min: -0.001093 at y = 5.895168
phi_m, max: -0.000000 at y = 5.690000./ phi_m, min: -0.001084 at y = 5.895916
phi_m, max: 0.047804 at y = 5.690000./ phi_m, min: 0.000000 at y = 5.690000
phi_m, max: 39.839520 at y = 5.690000./ phi_m, min: 0.000000 at y = 5.690000
phi_m, max: 115.896417 at y = 5.897458./ phi_m, min: 0.000000 at y = 5.690000
phi_m, max: 106.721642 at y = 5.899413./ phi_m, min: 0.000000 at y = 5.690000
phi_m, max: 89.280646 at y = 5.900000./ phi_m, min: 0.000000 at y = 5.690000
phi_m, max: 69.285129 at y = 5.900000./ phi_m, min: 0.000000 at y = 5.690000


phi_m, max: 114.270515 at y = 0.430587./ phi_m, min: -0.001124 at y = 3.198571
phi_m, max: 112.995228 at y = 0.439413./ phi_m, min: -0.001133 at y = 3.341429
phi_m, max: 98.507055 at y = 0.440000./ phi_m, min: -0.001125 at y = 3.341429
phi_m, max: 79.334432 at y = 0.440000./ phi_m, min: -0.001114 at y = 3.341429
phi_m, max: 59.322314 at y = 0.440000./ phi_m, min: -0.001105 at y = 3.341429
phi_m, max: 41.434949 at y = 0.440000./ phi_m, min: -0.001090 at y = 3.341429
phi_m, max: 22.296643 at y = 0.440000./ phi_m, min: 0.000000 at y = 0.430000
phi_m, max: 4.480422 at y = 3.198571./ phi_m, min: 0.000000 at y = 0.430000
phi_m, max: 114.584028 at y = 3.341429./ phi_m, min: -0.112950 at y = 0.344286
phi_m, max: 103.430016 at y = 3.341429./ phi_m, min: -0.342296 at y = 0.344286
phi_m, max: 85.242653 at y = 3.341429./ phi_m, min: -0.444503 at y = 0.344286
phi_m, max: 65.177600 at y = 3.341429./ phi_m, min: -0.498707 at y = 0.431624
phi_m, max: 46.502200 at y = 3.341429./ phi_m, min: -0.519414 at y = 0.433574
phi_m, max: 28.913298 at y = 3.341429./ phi_m, min: -0.516659 at y = 0.436426
phi_m, max: 7.681535 at y = 3.341429./ phi_m, min: -0.495828 at y = 0.437458
phi_m, max: 0.714760 at y = 3.341429./ phi_m, min: -0.462841 at y = 0.438213
phi_m, max: -0.000000 at y = 0.430000./ phi_m, min: -0.423322 at y = 0.438213
phi_m, max: -0.000000 at y = 0.430000./ phi_m, min: -0.381190 at y = 0.438376
phi_m, max: -0.000000 at y = 0.430000./ phi_m, min: -0.460050 at y = 3.198571


phi_m, max: 112.624926 at y = 0.018213./ phi_m, min: 0.000000 at y = -0.010000
phi_m, max: 97.591567 at y = 0.018213./ phi_m, min: 0.000000 at y = -0.010000
phi_m, max: 78.306002 at y = 0.134286./ phi_m, min: 0.000000 at y = -0.010000
phi_m, max: 58.476535 at y = 0.134286./ phi_m, min: 0.000000 at y = -0.010000
phi_m, max: 40.847335 at y = 0.134286./ phi_m, min: 0.000000 at y = -0.010000
phi_m, max: 22.173906 at y = 0.134286./ phi_m, min: 0.000000 at y = -0.010000
phi_m, max: 4.093920 at y = 0.134286./ phi_m, min: 0.000000 at y = -0.010000
phi_m, max: 0.290113 at y = 0.006787./ phi_m, min: 0.000000 at y = -0.010000
phi_m, max: -0.000000 at y = -0.010000./ phi_m, min: -0.210813 at y = 0.134286
phi_m, max: -0.000000 at y = -0.010000./ phi_m, min: -0.366509 at y = 0.134286
phi_m, max: -0.000000 at y = -0.010000./ phi_m, min: -0.450270 at y = 0.134286
phi_m, max: -0.000000 at y = -0.010000./ phi_m, min: -0.489887 at y = 0.134286
phi_m, max: -0.000000 at y = -0.010000./ phi_m, min: -0.497524 at y = 0.134286
phi_m, max: -0.000000 at y = -0.010000./ phi_m, min: -0.483859 at y = 0.018376
phi_m, max: -0.000000 at y = -0.010000./ phi_m, min: -0.456568 at y = 0.017458
phi_m, max: -0.000000 at y = -0.010000./ phi_m, min: -0.421275 at y = 0.016426
phi_m, max: -0.000000 at y = -0.010000./ phi_m, min: -0.382165 at y = 0.011175
phi_m, max: -0.000000 at y = -0.010000./ phi_m, min: -0.342342 at y = 0.011175
phi_m, max: -0.000000 at y = -0.010000./ phi_m, min: -0.303588 at y = 0.009413


phi_m, max: -0.000000 at y = 5.928571./ phi_m, min: -0.001153 at y = 6.105168
phi_m, max: -0.000000 at y = 5.928571./ phi_m, min: -0.001162 at y = 6.105168
phi_m, max: -0.000000 at y = 5.928571./ phi_m, min: -0.001154 at y = 6.105168
phi_m, max: -0.000000 at y = 5.928571./ phi_m, min: -0.001143 at y = 6.105168
phi_m, max: -0.000000 at y = 5.928571./ phi_m, min: -0.001133 at y = 6.105168
phi_m, max: -0.000000 at y = 5.928571./ phi_m, min: -0.001125 at y = 6.105168
phi_m, max: -0.000000 at y = 5.928571./ phi_m, min: -0.001118 at y = 6.105168
phi_m, max: -0.000000 at y = 5.928571./ phi_m, min: -0.001111 at y = 6.105168
phi_m, max: -0.000000 at y = 5.928571./ phi_m, min: -0.001106 at y = 6.105168
phi_m, max: -0.000000 at y = 5.928571./ phi_m, min: -0.001101 at y = 6.105168
phi_m, max: -0.000000 at y = 5.928571./ phi_m, min: -0.001097 at y = 6.105168
phi_m, max: -0.000000 at y = 5.928571./ phi_m, min: -0.001093 at y = 6.105168
phi_m, max: -0.000000 at y = 5.928571./ phi_m, min: -0.001090 at y = 6.105168
phi_m, max: 0.000143 at y = 5.900000./ phi_m, min: -0.001035 at y = 6.109413
phi_m, max: 0.982104 at y = 5.900000./ phi_m, min: 0.000000 at y = 5.928571
phi_m, max: 113.963774 at y = 5.900000./ phi_m, min: 0.000000 at y = 5.928571
phi_m, max: 113.571066 at y = 6.109413./ phi_m, min: 0.000000 at y = 5.928571
phi_m, max: 99.556357 at y = 6.110000./ phi_m, min: 0.000000 at y = 5.928571
phi_m, max: 80.576412 at y = 6.138571./ phi_m, min: 0.000000 at y = 5.928571


phi_m, max: -0.000000 at y = 5.480000./ phi_m, min: -0.001153 at y = 5.685168
phi_m, max: -0.000000 at y = 5.480000./ phi_m, min: -0.001162 at y = 5.685168
phi_m, max: -0.000000 at y = 5.480000./ phi_m, min: -0.001153 at y = 5.685168
phi_m, max: -0.000000 at y = 5.480000./ phi_m, min: -0.001143 at y = 5.685168
phi_m, max: -0.000000 at y = 5.480000./ phi_m, min: -0.001133 at y = 5.685168
phi_m, max: -0.000000 at y = 5.480000./ phi_m, min: -0.001125 at y = 5.685168
phi_m, max: -0.000000 at y = 5.480000./ phi_m, min: -0.001117 at y = 5.685168
phi_m, max: -0.000000 at y = 5.480000./ phi_m, min: -0.001111 at y = 5.685168
phi_m, max: -0.000000 at y = 5.480000./ phi_m, min: -0.001106 at y = 5.685168
phi_m, max: -0.000000 at y = 5.480000./ phi_m, min: -0.001101 at y = 5.685168
phi_m, max: -0.000000 at y = 5.480000./ phi_m, min: -0.001097 at y = 5.685168
phi_m, max: -0.000000 at y = 5.480000./ phi_m, min: -0.001093 at y = 5.685168
phi_m, max: 0.001413 at y = 5.480000./ phi_m, min: -0.001004 at y = 5.690000
phi_m, max: 1.980539 at y = 5.480000./ phi_m, min: 0.000000 at y = 5.480000
phi_m, max: 115.063924 at y = 5.680587./ phi_m, min: 0.000000 at y = 5.480000
phi_m, max: 112.426423 at y = 5.689413./ phi_m, min: 0.000000 at y = 5.480000
phi_m, max: 97.529011 at y = 5.690000./ phi_m, min: 0.000000 at y = 5.480000
phi_m, max: 78.222728 at y = 5.690000./ phi_m, min: 0.000000 at y = 5.480000
phi_m, max: 58.259563 at y = 5.690000./ phi_m, min: 0.000000 at y = 5.480000


phi_m, max: -0.000000 at y = 3.971429./ phi_m, min: -0.001126 at y = 4.000000
phi_m, max: -0.000000 at y = 3.971429./ phi_m, min: -0.001135 at y = 4.210000
phi_m, max: -0.000000 at y = 3.971429./ phi_m, min: -0.001127 at y = 4.210000
phi_m, max: -0.000000 at y = 3.971429./ phi_m, min: -0.001116 at y = 4.210000
phi_m, max: -0.000000 at y = 3.971429./ phi_m, min: -0.001107 at y = 4.210000
phi_m, max: -0.000000 at y = 3.971429./ phi_m, min: -0.001099 at y = 4.210000
phi_m, max: -0.000000 at y = 3.971429./ phi_m, min: -0.001091 at y = 4.210000
phi_m, max: -0.000000 at y = 3.971429./ phi_m, min: -0.001084 at y = 4.210000
phi_m, max: 0.046448 at y = 3.885714./ phi_m, min: -0.000136 at y = 4.210000
phi_m, max: 39.483976 at y = 3.885714./ phi_m, min: 0.000000 at y = 3.971429
phi_m, max: 114.258289 at y = 4.010000./ phi_m, min: 0.000000 at y = 3.971429
phi_m, max: 107.235335 at y = 4.210000./ phi_m, min: 0.000000 at y = 3.971429
phi_m, max: 90.065210 at y = 4.210000./ phi_m, min: 0.000000 at y = 3.971429
phi_m, max: 70.104670 at y = 4.210000./ phi_m, min: 0.000000 at y = 3.971429
phi_m, max: 50.797397 at y = 4.210000./ phi_m, min: 0.000000 at y = 3.971429
phi_m, max: 33.563787 at y = 4.210000./ phi_m, min: 0.000000 at y = 3.971429
phi_m, max: 11.904297 at y = 4.210000./ phi_m, min: 0.000000 at y = 3.971429
phi_m, max: 1.385121 at y = 4.210000./ phi_m, min: 0.000000 at y = 3.971429
phi_m, max: -0.000000 at y = 3.971429./ phi_m, min: -0.263476 at y = 3.885714


phi_m, max: -0.000000 at y = 1.480000./ phi_m, min: -0.001152 at y = 1.485168
phi_m, max: 0.005816 at y = 1.308571./ phi_m, min: -0.000962 at y = 1.518571
phi_m, max: 5.150036 at y = 1.308571./ phi_m, min: 0.000000 at y = 1.480000
phi_m, max: 115.881761 at y = 1.481624./ phi_m, min: 0.000000 at y = 1.480000
phi_m, max: 110.628864 at y = 1.489413./ phi_m, min: 0.000000 at y = 1.480000
phi_m, max: 94.697881 at y = 1.490000./ phi_m, min: 0.000000 at y = 1.480000
phi_m, max: 75.119998 at y = 1.518571./ phi_m, min: 0.000000 at y = 1.480000
phi_m, max: 55.371945 at y = 1.518571./ phi_m, min: 0.000000 at y = 1.480000
phi_m, max: 37.955804 at y = 1.518571./ phi_m, min: 0.000000 at y = 1.480000
phi_m, max: 17.479702 at y = 1.518571./ phi_m, min: 0.000000 at y = 1.480000
phi_m, max: 2.588111 at y = 1.518571./ phi_m, min: 0.000000 at y = 1.480000
phi_m, max: 0.060715 at y = 1.518571./ phi_m, min: -0.194830 at y = 1.308571
phi_m, max: -0.000000 at y = 1.480000./ phi_m, min: -0.373771 at y = 1.308571
phi_m, max: -0.000000 at y = 1.480000./ phi_m, min: -0.461577 at y = 1.308571
phi_m, max: -0.000000 at y = 1.480000./ phi_m, min: -0.505537 at y = 1.481624
phi_m, max: -0.000000 at y = 1.480000./ phi_m, min: -0.520344 at y = 1.484490
phi_m, max: -0.000000 at y = 1.480000./ phi_m, min: -0.513445 at y = 1.486426
phi_m, max: -0.000000 at y = 1.480000./ phi_m, min: -0.489573 at y = 1.487458
phi_m, max: -0.000000 at y = 1.480000./ phi_m, min: -0.454816 at y = 1.488213


phi_m, max: -0.000000 at y = 4.850000./ phi_m, min: -0.001153 at y = 5.055168
phi_m, max: -0.000000 at y = 4.850000./ phi_m, min: -0.001162 at y = 4.844832
phi_m, max: -0.000000 at y = 4.850000./ phi_m, min: -0.001153 at y = 4.844832
phi_m, max: -0.000000 at y = 4.850000./ phi_m, min: -0.001143 at y = 4.844832
phi_m, max: -0.000000 at y = 4.850000./ phi_m, min: -0.001133 at y = 4.844832
phi_m, max: -0.000000 at y = 4.850000./ phi_m, min: -0.001125 at y = 4.844832
phi_m, max: -0.000000 at y = 4.850000./ phi_m, min: -0.001117 at y = 4.844832
phi_m, max: -0.000000 at y = 4.850000./ phi_m, min: -0.001111 at y = 5.054832
phi_m, max: -0.000000 at y = 4.850000./ phi_m, min: -0.001106 at y = 5.055168
phi_m, max: -0.000000 at y = 4.850000./ phi_m, min: -0.001101 at y = 5.055168
phi_m, max: 0.007533 at y = 4.840000./ phi_m, min: -0.001075 at y = 5.057458
phi_m, max: 6.350398 at y = 4.840000./ phi_m, min: 0.000000 at y = 4.850000
phi_m, max: 115.906805 at y = 4.842542./ phi_m, min: 0.000000 at y = 4.850000
phi_m, max: 115.152388 at y = 5.058376./ phi_m, min: 0.000000 at y = 4.850000
phi_m, max: 103.094506 at y = 5.060000./ phi_m, min: 0.000000 at y = 4.850000
phi_m, max: 84.756195 at y = 5.060000./ phi_m, min: 0.000000 at y = 4.850000
phi_m, max: 64.651855 at y = 5.060000./ phi_m, min: 0.000000 at y = 4.850000
phi_m, max: 46.032186 at y = 5.060000./ phi_m, min: 0.000000 at y = 4.850000
phi_m, max: 28.315867 at y = 5.060000./ phi_m, min: 0.000000 at y = 4.850000


phi_m, max: 0.015271 at y = 0.860000./ phi_m, min: -0.000723 at y = 1.070000
phi_m, max: 12.013272 at y = 0.860000./ phi_m, min: 0.000000 at y = 0.888571
phi_m, max: 115.904112 at y = 1.063633./ phi_m, min: 0.000000 at y = 0.888571
phi_m, max: 109.137075 at y = 1.069413./ phi_m, min: 0.000000 at y = 0.888571
phi_m, max: 92.540970 at y = 1.070000./ phi_m, min: 0.000000 at y = 0.888571
phi_m, max: 72.734563 at y = 1.070000./ phi_m, min: 0.000000 at y = 0.888571
phi_m, max: 53.159701 at y = 1.070000./ phi_m, min: 0.000000 at y = 0.888571
phi_m, max: 35.884004 at y = 1.070000./ phi_m, min: 0.000000 at y = 0.888571
phi_m, max: 14.654216 at y = 1.070000./ phi_m, min: 0.000000 at y = 0.888571
phi_m, max: 1.922336 at y = 1.070000./ phi_m, min: 0.000000 at y = 0.888571
phi_m, max: -0.000000 at y = 0.888571./ phi_m, min: -0.228129 at y = 0.860000
phi_m, max: -0.000000 at y = 0.888571./ phi_m, min: -0.388670 at y = 0.860000
phi_m, max: -0.000000 at y = 0.888571./ phi_m, min: -0.469793 at y = 0.860000
phi_m, max: -0.000000 at y = 0.888571./ phi_m, min: -0.508687 at y = 1.061624
phi_m, max: -0.000000 at y = 0.888571./ phi_m, min: -0.520634 at y = 1.064490
phi_m, max: -0.000000 at y = 0.888571./ phi_m, min: -0.511457 at y = 1.066426
phi_m, max: -0.000000 at y = 0.888571./ phi_m, min: -0.486031 at y = 1.067458
phi_m, max: -0.000000 at y = 0.888571./ phi_m, min: -0.450386 at y = 1.068213
phi_m, max: -0.000000 at y = 0.888571./ phi_m, min: -0.409633 at y = 1.068213


phi_m, max: -0.000000 at y = 3.370000./ phi_m, min: -0.001153 at y = 3.375168
phi_m, max: -0.000000 at y = 3.370000./ phi_m, min: -0.001162 at y = 3.374832
phi_m, max: -0.000000 at y = 3.370000./ phi_m, min: -0.001153 at y = 3.374832
phi_m, max: -0.000000 at y = 3.370000./ phi_m, min: -0.001143 at y = 3.375168
phi_m, max: -0.000000 at y = 3.370000./ phi_m, min: -0.001133 at y = 3.375168
phi_m, max: -0.000000 at y = 3.370000./ phi_m, min: -0.001124 at y = 3.375168
phi_m, max: 0.003593 at y = 3.341429./ phi_m, min: -0.000974 at y = 3.551429
phi_m, max: 3.468323 at y = 3.341429./ phi_m, min: 0.000000 at y = 3.370000
phi_m, max: 115.812488 at y = 3.371624./ phi_m, min: 0.000000 at y = 3.370000
phi_m, max: 111.118954 at y = 3.551429./ phi_m, min: 0.000000 at y = 3.370000
phi_m, max: 95.858603 at y = 3.551429./ phi_m, min: 0.000000 at y = 3.370000
phi_m, max: 76.404143 at y = 3.551429./ phi_m, min: 0.000000 at y = 3.370000
phi_m, max: 56.568970 at y = 3.551429./ phi_m, min: 0.000000 at y = 3.370000
phi_m, max: 39.029027 at y = 3.551429./ phi_m, min: 0.000000 at y = 3.370000
phi_m, max: 18.986181 at y = 3.551429./ phi_m, min: 0.000000 at y = 3.370000
phi_m, max: 2.999264 at y = 3.551429./ phi_m, min: 0.000000 at y = 3.370000
phi_m, max: 0.109784 at y = 3.551429./ phi_m, min: -0.175879 at y = 3.341429
phi_m, max: -0.000000 at y = 3.370000./ phi_m, min: -0.366004 at y = 3.341429
phi_m, max: -0.000000 at y = 3.370000./ phi_m, min: -0.458011 at y = 3.370587


Writing: "Fiber2DEphapticPlaneL6Isolated_19.chk"
 (0.00846699s, XML)
phi_m, max: 112.624926 at y = 0.018213./ phi_m, min: 0.000000 at y = -0.010000
phi_m, max: 97.591567 at y = 0.018213./ phi_m, min: 0.000000 at y = -0.010000
phi_m, max: 78.306002 at y = 0.134286./ phi_m, min: 0.000000 at y = -0.010000
phi_m, max: 58.476535 at y = 0.134286./ phi_m, min: 0.000000 at y = -0.010000
phi_m, max: 40.847335 at y = 0.134286./ phi_m, min: 0.000000 at y = -0.010000
phi_m, max: 22.173906 at y = 0.134286./ phi_m, min: 0.000000 at y = -0.010000
phi_m, max: 4.093920 at y = 0.134286./ phi_m, min: 0.000000 at y = -0.010000
phi_m, max: 0.290113 at y = 0.006787./ phi_m, min: 0.000000 at y = -0.010000
phi_m, max: -0.000000 at y = -0.010000./ phi_m, min: -0.210813 at y = 0.134286
phi_m, max: -0.000000 at y = -0.010000./ phi_m, min: -0.366509 at y = 0.134286
phi_m, max: -0.000000 at y = -0.010000./ phi_m, min: -0.450270 at y = 0.134286
phi_m, max: -0.000000 at y = -0.010000./ phi_m, min: -0.489887 at y = 0.134286
phi_m, max: -0.000000 at y = -0.010000./ phi_m, min: -0.497524 at y = 0.134286
phi_m, max: -0.000000 at y = -0.010000./ phi_m, min: -0.483859 at y = 0.018376
phi_m, max: -0.000000 at y = -0.010000./ phi_m, min: -0.456568 at y = 0.017458
phi_m, max: -0.000000 at y = -0.010000./ phi_m, min: -0.421275 at y = 0.016426
phi_m, max: -0.000000 at y = -0.010000./ phi_m, min: -0.382165 at y = 0.011175
phi_m, max: -0.000000 at y = -0.010000./ phi_m, min: -0.342342 at y = 0.011175
phi_m, max: -0.000000 at y = -0.010000./ phi_m, min: -0.303588 at y = 0.009413
phi_m, max: -0.000000 at y = -0.010000./ phi_m, min: -0.267228 at y = 0.008376


phi_m, max: -0.000000 at y = 5.928571./ phi_m, min: -0.001153 at y = 6.105168
phi_m, max: -0.000000 at y = 5.928571./ phi_m, min: -0.001162 at y = 6.105168
phi_m, max: -0.000000 at y = 5.928571./ phi_m, min: -0.001154 at y = 6.105168
phi_m, max: -0.000000 at y = 5.928571./ phi_m, min: -0.001143 at y = 6.105168
phi_m, max: -0.000000 at y = 5.928571./ phi_m, min: -0.001133 at y = 6.105168
phi_m, max: -0.000000 at y = 5.928571./ phi_m, min: -0.001125 at y = 6.105168
phi_m, max: -0.000000 at y = 5.928571./ phi_m, min: -0.001118 at y = 6.105168
phi_m, max: -0.000000 at y = 5.928571./ phi_m, min: -0.001111 at y = 6.105168
phi_m, max: -0.000000 at y = 5.928571./ phi_m, min: -0.001106 at y = 6.105168
phi_m, max: -0.000000 at y = 5.928571./ phi_m, min: -0.001101 at y = 6.105168
phi_m, max: -0.000000 at y = 5.928571./ phi_m, min: -0.001097 at y = 6.105168
phi_m, max: -0.000000 at y = 5.928571./ phi_m, min: -0.001093 at y = 6.105168
phi_m, max: -0.000000 at y = 5.928571./ phi_m, min: -0.001090 at y = 6.105168
phi_m, max: 0.000143 at y = 5.900000./ phi_m, min: -0.001035 at y = 6.109413
phi_m, max: 0.982104 at y = 5.900000./ phi_m, min: 0.000000 at y = 5.928571
phi_m, max: 113.963774 at y = 5.900000./ phi_m, min: 0.000000 at y = 5.928571
phi_m, max: 113.571066 at y = 6.109413./ phi_m, min: 0.000000 at y = 5.928571
phi_m, max: 99.556357 at y = 6.110000./ phi_m, min: 0.000000 at y = 5.928571
phi_m, max: 80.576412 at y = 6.138571./ phi_m, min: 0.000000 at y = 5.928571
phi_m, max: 60.551378 at y = 6.138571./ phi_m, min: 0.000000 at y = 5.928571


phi_m, max: -0.000000 at y = 5.480000./ phi_m, min: -0.001153 at y = 5.685168
phi_m, max: -0.000000 at y = 5.480000./ phi_m, min: -0.001162 at y = 5.685168
phi_m, max: -0.000000 at y = 5.480000./ phi_m, min: -0.001153 at y = 5.685168
phi_m, max: -0.000000 at y = 5.480000./ phi_m, min: -0.001143 at y = 5.685168
phi_m, max: -0.000000 at y = 5.480000./ phi_m, min: -0.001133 at y = 5.685168
phi_m, max: -0.000000 at y = 5.480000./ phi_m, min: -0.001125 at y = 5.685168
phi_m, max: -0.000000 at y = 5.480000./ phi_m, min: -0.001117 at y = 5.685168
phi_m, max: -0.000000 at y = 5.480000./ phi_m, min: -0.001111 at y = 5.685168
phi_m, max: -0.000000 at y = 5.480000./ phi_m, min: -0.001106 at y = 5.685168
phi_m, max: -0.000000 at y = 5.480000./ phi_m, min: -0.001101 at y = 5.685168
phi_m, max: -0.000000 at y = 5.480000./ phi_m, min: -0.001097 at y = 5.685168
phi_m, max: -0.000000 at y = 5.480000./ phi_m, min: -0.001093 at y = 5.685168
phi_m, max: 0.001413 at y = 5.480000./ phi_m, min: -0.001004 at y = 5.690000
phi_m, max: 1.980539 at y = 5.480000./ phi_m, min: 0.000000 at y = 5.480000
phi_m, max: 115.063924 at y = 5.680587./ phi_m, min: 0.000000 at y = 5.480000
phi_m, max: 112.426423 at y = 5.689413./ phi_m, min: 0.000000 at y = 5.480000
phi_m, max: 97.529011 at y = 5.690000./ phi_m, min: 0.000000 at y = 5.480000
phi_m, max: 78.222728 at y = 5.690000./ phi_m, min: 0.000000 at y = 5.480000
phi_m, max: 58.259563 at y = 5.690000./ phi_m, min: 0.000000 at y = 5.480000
phi_m, max: 40.507999 at y = 5.690000./ phi_m, min: 0.000000 at y = 5.480000


phi_m, max: -0.000000 at y = 3.971429./ phi_m, min: -0.001126 at y = 4.000000
phi_m, max: -0.000000 at y = 3.971429./ phi_m, min: -0.001135 at y = 4.210000
phi_m, max: -0.000000 at y = 3.971429./ phi_m, min: -0.001127 at y = 4.210000
phi_m, max: -0.000000 at y = 3.971429./ phi_m, min: -0.001116 at y = 4.210000
phi_m, max: -0.000000 at y = 3.971429./ phi_m, min: -0.001107 at y = 4.210000
phi_m, max: -0.000000 at y = 3.971429./ phi_m, min: -0.001099 at y = 4.210000
phi_m, max: -0.000000 at y = 3.971429./ phi_m, min: -0.001091 at y = 4.210000
phi_m, max: -0.000000 at y = 3.971429./ phi_m, min: -0.001084 at y = 4.210000
phi_m, max: 0.046448 at y = 3.885714./ phi_m, min: -0.000136 at y = 4.210000
phi_m, max: 39.483976 at y = 3.885714./ phi_m, min: 0.000000 at y = 3.971429
phi_m, max: 114.258289 at y = 4.010000./ phi_m, min: 0.000000 at y = 3.971429
phi_m, max: 107.235335 at y = 4.210000./ phi_m, min: 0.000000 at y = 3.971429
phi_m, max: 90.065210 at y = 4.210000./ phi_m, min: 0.000000 at y = 3.971429
phi_m, max: 70.104670 at y = 4.210000./ phi_m, min: 0.000000 at y = 3.971429
phi_m, max: 50.797397 at y = 4.210000./ phi_m, min: 0.000000 at y = 3.971429
phi_m, max: 33.563787 at y = 4.210000./ phi_m, min: 0.000000 at y = 3.971429
phi_m, max: 11.904297 at y = 4.210000./ phi_m, min: 0.000000 at y = 3.971429
phi_m, max: 1.385121 at y = 4.210000./ phi_m, min: 0.000000 at y = 3.971429
phi_m, max: -0.000000 at y = 3.971429./ phi_m, min: -0.263476 at y = 3.885714
phi_m, max: -0.000000 at y = 3.971429./ phi_m, min: -0.404064 at y = 3.885714


phi_m, max: -0.000000 at y = 1.480000./ phi_m, min: -0.001152 at y = 1.485168
phi_m, max: 0.005816 at y = 1.308571./ phi_m, min: -0.000962 at y = 1.518571
phi_m, max: 5.150036 at y = 1.308571./ phi_m, min: 0.000000 at y = 1.480000
phi_m, max: 115.881761 at y = 1.481624./ phi_m, min: 0.000000 at y = 1.480000
phi_m, max: 110.628864 at y = 1.489413./ phi_m, min: 0.000000 at y = 1.480000
phi_m, max: 94.697881 at y = 1.490000./ phi_m, min: 0.000000 at y = 1.480000
phi_m, max: 75.119998 at y = 1.518571./ phi_m, min: 0.000000 at y = 1.480000
phi_m, max: 55.371945 at y = 1.518571./ phi_m, min: 0.000000 at y = 1.480000
phi_m, max: 37.955804 at y = 1.518571./ phi_m, min: 0.000000 at y = 1.480000
phi_m, max: 17.479702 at y = 1.518571./ phi_m, min: 0.000000 at y = 1.480000
phi_m, max: 2.588111 at y = 1.518571./ phi_m, min: 0.000000 at y = 1.480000
phi_m, max: 0.060715 at y = 1.518571./ phi_m, min: -0.194830 at y = 1.308571
phi_m, max: -0.000000 at y = 1.480000./ phi_m, min: -0.373771 at y = 1.308571
phi_m, max: -0.000000 at y = 1.480000./ phi_m, min: -0.461577 at y = 1.308571
phi_m, max: -0.000000 at y = 1.480000./ phi_m, min: -0.505537 at y = 1.481624
phi_m, max: -0.000000 at y = 1.480000./ phi_m, min: -0.520344 at y = 1.484490
phi_m, max: -0.000000 at y = 1.480000./ phi_m, min: -0.513445 at y = 1.486426
phi_m, max: -0.000000 at y = 1.480000./ phi_m, min: -0.489573 at y = 1.487458
phi_m, max: -0.000000 at y = 1.480000./ phi_m, min: -0.454816 at y = 1.488213
phi_m, max: -0.000000 at y = 1.480000./ phi_m, min: -0.414462 at y = 1.488213


Steps: 20000000 Time: 2           

Time: 0.100000
CPU Time: 74.486909 min.
phi_m, max: -0.000000 at y = 3.131429./ phi_m, min: -0.001161 at y = 6.320000

Time: 0.200000
CPU Time: 74.595730 min.
phi_m, max: -0.000000 at y = 3.131429./ phi_m, min: -0.001170 at y = 6.320000

Time: 0.300000
CPU Time: 74.501474 min.
phi_m, max: -0.000000 at y = 3.131429./ phi_m, min: -0.001161 at y = 6.320000

Time: 0.400000
CPU Time: 74.544145 min.
phi_m, max: -0.000000 at y = 3.131429./ phi_m, min: -0.001150 at y = 6.320000

Time: 0.500000
CPU Time: 75.202637 min.
phi_m, max: -0.000000 at y = 3.131429./ phi_m, min: -0.001141 at y = 6.320000

Time: 0.600000
CPU Time: 75.424555 min.
phi_m, max: -0.000000 at y = 3.131429./ phi_m, min: -0.001132 at y = 6.320000

Time: 0.700000
CPU Time: 75.120902 min.
phi_m, max: 0.221976 at y = 3.045714./ phi_m, min: -0.001125 at y = 6.320000

Time: 0.800000
CPU Time: 74.630763 min.
phi_m, max: 96.525729 at y = 3.045714./ phi_m, min: -0.001118 at y = 6.320000

Time: 0.900000
CPU Time: 74.039679 min.
phi_m, max: 115.022059 at y = 3.168376./ phi_m, min: -0.001113 at y = 6.320000

Time: 1.000000
CPU Time: 74.307984 min.
phi_m, max: 102.777951 at y = 3.169413./ phi_m, min: -0.001108 at y = 6.320000

Time: 1.100000
CPU Time: 74.713297 min.
phi_m, max: 84.458962 at y = 3.227143./ phi_m, min: -0.001104 at y = 6.320000

Time: 1.200000
CPU Time: 75.100201 min.
phi_m, max: 64.413000 at y = 3.227143./ phi_m, min: -0.001100 at y = 6.320000

Time: 1.300000
CPU Time: 76.690842 min.
phi_m, max: 45.854036 at y = 3.227143./ phi_m, min: -0.001097 at y = 6.320000

Time: 1.400000
CPU Time: 75.278158 min.
phi_m, max: 28.171697 at y = 3.227143./ phi_m, min: -0.001093 at y = 6.320000

Time: 1.500000
CPU Time: 74.815547 min.
phi_m, max: 7.169562 at y = 3.227143./ phi_m, min: -0.000043 at y = 6.320000

Time: 1.600000
CPU Time: 74.628810 min.
phi_m, max: 0.765241 at y = 6.320000./ phi_m, min: 0.000000 at y = 3.131429

Time: 1.700000
CPU Time: 74.254465 min.
phi_m, max: 115.772268 at y = 6.320000./ phi_m, min: -0.305965 at y = 3.045714

Time: 1.800000
CPU Time: 74.853166 min.
phi_m, max: 107.165657 at y = 6.320000./ phi_m, min: -0.425425 at y = 3.045714

Time: 1.900000
CPU Time: 75.017321 min.
phi_m, max: 89.632998 at y = 6.320000./ phi_m, min: -0.488616 at y = 3.160587

Time: 2.000000
CPU Time: 75.428992 min.
phi_m, max: 69.502003 at y = 6.320000./ phi_m, min: -0.516455 at y = 3.162542


phi_m, max: -0.000000 at y = 3.580000./ phi_m, min: -0.001153 at y = 3.584832
phi_m, max: -0.000000 at y = 3.580000./ phi_m, min: -0.001162 at y = 3.585168
phi_m, max: -0.000000 at y = 3.580000./ phi_m, min: -0.001153 at y = 3.585168
phi_m, max: -0.000000 at y = 3.580000./ phi_m, min: -0.001143 at y = 3.585168
phi_m, max: -0.000000 at y = 3.580000./ phi_m, min: -0.001133 at y = 3.585168
phi_m, max: -0.000000 at y = 3.580000./ phi_m, min: -0.001125 at y = 3.585168
phi_m, max: -0.000000 at y = 3.580000./ phi_m, min: -0.001104 at y = 3.586787
phi_m, max: 0.084311 at y = 3.551429./ phi_m, min: 0.000000 at y = 3.580000
phi_m, max: 61.606778 at y = 3.551429./ phi_m, min: 0.000000 at y = 3.580000
phi_m, max: 115.633616 at y = 3.588376./ phi_m, min: 0.000000 at y = 3.580000
phi_m, max: 105.225071 at y = 3.761429./ phi_m, min: 0.000000 at y = 3.580000
phi_m, max: 87.507542 at y = 3.761429./ phi_m, min: 0.000000 at y = 3.580000
phi_m, max: 67.487283 at y = 3.761429./ phi_m, min: 0.000000 at y = 3.580000
phi_m, max: 48.510098 at y = 3.761429./ phi_m, min: 0.000000 at y = 3.580000
phi_m, max: 31.192398 at y = 3.761429./ phi_m, min: 0.000000 at y = 3.580000
phi_m, max: 9.554428 at y = 3.761429./ phi_m, min: 0.000000 at y = 3.580000
phi_m, max: 0.994572 at y = 3.761429./ phi_m, min: 0.000000 at y = 3.580000
phi_m, max: -0.000000 at y = 3.580000./ phi_m, min: -0.281729 at y = 3.551429
phi_m, max: -0.000000 at y = 3.580000./ phi_m, min: -0.413573 at y = 3.551429
phi_m, max: -0.000000 at y = 3.580000./ phi_m, min: -0.483329 at y = 3.580587


phi_m, max: -0.000000 at y = 4.850000./ phi_m, min: -0.001153 at y = 5.055168
phi_m, max: -0.000000 at y = 4.850000./ phi_m, min: -0.001162 at y = 4.844832
phi_m, max: -0.000000 at y = 4.850000./ phi_m, min: -0.001153 at y = 4.844832
phi_m, max: -0.000000 at y = 4.850000./ phi_m, min: -0.001143 at y = 4.844832
phi_m, max: -0.000000 at y = 4.850000./ phi_m, min: -0.001133 at y = 4.844832
phi_m, max: -0.000000 at y = 4.850000./ phi_m, min: -0.001125 at y = 4.844832
phi_m, max: -0.000000 at y = 4.850000./ phi_m, min: -0.001117 at y = 4.844832
phi_m, max: -0.000000 at y = 4.850000./ phi_m, min: -0.001111 at y = 5.054832
phi_m, max: -0.000000 at y = 4.850000./ phi_m, min: -0.001106 at y = 5.055168
phi_m, max: -0.000000 at y = 4.850000./ phi_m, min: -0.001101 at y = 5.055168
phi_m, max: 0.007533 at y = 4.840000./ phi_m, min: -0.001075 at y = 5.057458
phi_m, max: 6.350398 at y = 4.840000./ phi_m, min: 0.000000 at y = 4.850000
phi_m, max: 115.906805 at y = 4.842542./ phi_m, min: 0.000000 at y = 4.850000
phi_m, max: 115.152388 at y = 5.058376./ phi_m, min: 0.000000 at y = 4.850000
phi_m, max: 103.094506 at y = 5.060000./ phi_m, min: 0.000000 at y = 4.850000
phi_m, max: 84.756195 at y = 5.060000./ phi_m, min: 0.000000 at y = 4.850000
phi_m, max: 64.651855 at y = 5.060000./ phi_m, min: 0.000000 at y = 4.850000
phi_m, max: 46.032186 at y = 5.060000./ phi_m, min: 0.000000 at y = 4.850000
phi_m, max: 28.315867 at y = 5.060000./ phi_m, min: 0.000000 at y = 4.850000
phi_m, max: 7.219770 at y = 5.060000./ phi_m, min: 0.000000 at y = 4.850000


phi_m, max: 0.015271 at y = 0.860000./ phi_m, min: -0.000723 at y = 1.070000
phi_m, max: 12.013272 at y = 0.860000./ phi_m, min: 0.000000 at y = 0.888571
phi_m, max: 115.904112 at y = 1.063633./ phi_m, min: 0.000000 at y = 0.888571
phi_m, max: 109.137075 at y = 1.069413./ phi_m, min: 0.000000 at y = 0.888571
phi_m, max: 92.540970 at y = 1.070000./ phi_m, min: 0.000000 at y = 0.888571
phi_m, max: 72.734563 at y = 1.070000./ phi_m, min: 0.000000 at y = 0.888571
phi_m, max: 53.159701 at y = 1.070000./ phi_m, min: 0.000000 at y = 0.888571
phi_m, max: 35.884004 at y = 1.070000./ phi_m, min: 0.000000 at y = 0.888571
phi_m, max: 14.654216 at y = 1.070000./ phi_m, min: 0.000000 at y = 0.888571
phi_m, max: 1.922336 at y = 1.070000./ phi_m, min: 0.000000 at y = 0.888571
phi_m, max: -0.000000 at y = 0.888571./ phi_m, min: -0.228129 at y = 0.860000
phi_m, max: -0.000000 at y = 0.888571./ phi_m, min: -0.388670 at y = 0.860000
phi_m, max: -0.000000 at y = 0.888571./ phi_m, min: -0.469793 at y = 0.860000
phi_m, max: -0.000000 at y = 0.888571./ phi_m, min: -0.508687 at y = 1.061624
phi_m, max: -0.000000 at y = 0.888571./ phi_m, min: -0.520634 at y = 1.064490
phi_m, max: -0.000000 at y = 0.888571./ phi_m, min: -0.511457 at y = 1.066426
phi_m, max: -0.000000 at y = 0.888571./ phi_m, min: -0.486031 at y = 1.067458
phi_m, max: -0.000000 at y = 0.888571./ phi_m, min: -0.450386 at y = 1.068213
phi_m, max: -0.000000 at y = 0.888571./ phi_m, min: -0.409633 at y = 1.068213
phi_m, max: -0.000000 at y = 0.888571./ phi_m, min: -0.367331 at y = 1.068376


phi_m, max: -0.000000 at y = 6.310000./ phi_m, min: -0.001162 at y = 6.318213
phi_m, max: -0.000000 at y = 6.310000./ phi_m, min: -0.001171 at y = 6.318213
phi_m, max: -0.000000 at y = 6.310000./ phi_m, min: -0.001162 at y = 6.318213
phi_m, max: -0.000000 at y = 6.310000./ phi_m, min: -0.001152 at y = 6.318213
phi_m, max: -0.000000 at y = 6.310000./ phi_m, min: -0.001142 at y = 6.318213
phi_m, max: -0.000000 at y = 6.310000./ phi_m, min: -0.001133 at y = 6.318213
phi_m, max: -0.000000 at y = 6.310000./ phi_m, min: -0.001126 at y = 6.318213
phi_m, max: -0.000000 at y = 6.310000./ phi_m, min: -0.001120 at y = 6.318213
phi_m, max: -0.000000 at y = 6.310000./ phi_m, min: -0.001114 at y = 6.318213
phi_m, max: -0.000000 at y = 6.310000./ phi_m, min: -0.001109 at y = 6.318213
phi_m, max: -0.000000 at y = 6.310000./ phi_m, min: -0.001105 at y = 6.318213
phi_m, max: -0.000000 at y = 6.310000./ phi_m, min: -0.001102 at y = 6.318213
phi_m, max: -0.000000 at y = 6.310000./ phi_m, min: -0.001098 at y = 6.318213
phi_m, max: -0.000000 at y = 6.310000./ phi_m, min: -0.001094 at y = 6.318376
phi_m, max: 0.023149 at y = 6.110000./ phi_m, min: -0.000043 at y = 6.320000
phi_m, max: 17.674677 at y = 6.110000./ phi_m, min: 0.000000 at y = 6.310000
phi_m, max: 115.994553 at y = 6.316367./ phi_m, min: 0.000000 at y = 6.310000
phi_m, max: 107.192373 at y = 6.319413./ phi_m, min: 0.000000 at y = 6.310000
phi_m, max: 89.647244 at y = 6.319413./ phi_m, min: 0.000000 at y = 6.310000
phi_m, max: 69.506878 at y = 6.319413./ phi_m, min: 0.000000 at y = 6.310000


phi_m, max: 18.893457 at y = 0.640000./ phi_m, min: 0.000000 at y = 0.650000
phi_m, max: 115.962318 at y = 0.646426./ phi_m, min: 0.000000 at y = 0.650000
phi_m, max: 114.048495 at y = 0.859413./ phi_m, min: 0.000000 at y = 0.650000
phi_m, max: 100.508078 at y = 0.860000./ phi_m, min: 0.000000 at y = 0.650000
phi_m, max: 81.653519 at y = 0.860000./ phi_m, min: 0.000000 at y = 0.650000
phi_m, max: 61.572365 at y = 0.860000./ phi_m, min: 0.000000 at y = 0.650000
phi_m, max: 43.380144 at y = 0.860000./ phi_m, min: 0.000000 at y = 0.650000
phi_m, max: 24.950151 at y = 0.860000./ phi_m, min: 0.000000 at y = 0.650000
phi_m, max: 5.252657 at y = 0.860000./ phi_m, min: 0.000000 at y = 0.650000
phi_m, max: 0.387205 at y = 0.860000./ phi_m, min: -0.241736 at y = 0.640000
phi_m, max: -0.000000 at y = 0.650000./ phi_m, min: -0.395019 at y = 0.640000
phi_m, max: -0.000000 at y = 0.650000./ phi_m, min: -0.473778 at y = 0.640587
phi_m, max: -0.000000 at y = 0.650000./ phi_m, min: -0.511388 at y = 0.641624
phi_m, max: -0.000000 at y = 0.650000./ phi_m, min: -0.520635 at y = 0.644832
phi_m, max: -0.000000 at y = 0.650000./ phi_m, min: -0.517918 at y = 0.856426
phi_m, max: -0.000000 at y = 0.650000./ phi_m, min: -0.498908 at y = 0.857458
phi_m, max: -0.000000 at y = 0.650000./ phi_m, min: -0.467019 at y = 0.857458
phi_m, max: -0.000000 at y = 0.650000./ phi_m, min: -0.428046 at y = 0.858213
phi_m, max: -0.000000 at y = 0.650000./ phi_m, min: -0.386053 at y = 0.858376
phi_m, max: -0.000000 at y = 0.650000./ phi_m, min: -0.344013 at y = 0.858376


phi_m, max: -0.000000 at y = 4.640000./ phi_m, min: -0.001153 at y = 4.634832
phi_m, max: -0.000000 at y = 4.640000./ phi_m, min: -0.001162 at y = 4.635168
phi_m, max: -0.000000 at y = 4.640000./ phi_m, min: -0.001153 at y = 4.635168
phi_m, max: -0.000000 at y = 4.640000./ phi_m, min: -0.001143 at y = 4.635168
phi_m, max: -0.000000 at y = 4.640000./ phi_m, min: -0.001133 at y = 4.635168
phi_m, max: -0.000000 at y = 4.640000./ phi_m, min: -0.001125 at y = 4.635168
phi_m, max: -0.000000 at y = 4.640000./ phi_m, min: -0.001117 at y = 4.635168
phi_m, max: -0.000000 at y = 4.640000./ phi_m, min: -0.001111 at y = 4.635168
phi_m, max: -0.000000 at y = 4.640000./ phi_m, min: -0.001105 at y = 4.635168
phi_m, max: -0.000000 at y = 4.640000./ phi_m, min: -0.001064 at y = 4.638825
phi_m, max: 0.348577 at y = 4.630000./ phi_m, min: 0.000000 at y = 4.640000
phi_m, max: 106.754372 at y = 4.630000./ phi_m, min: 0.000000 at y = 4.640000
phi_m, max: 114.409539 at y = 4.840000./ phi_m, min: 0.000000 at y = 4.640000
phi_m, max: 102.203202 at y = 4.840000./ phi_m, min: 0.000000 at y = 4.640000
phi_m, max: 83.670203 at y = 4.840000./ phi_m, min: 0.000000 at y = 4.640000
phi_m, max: 63.563926 at y = 4.840000./ phi_m, min: 0.000000 at y = 4.640000
phi_m, max: 45.092578 at y = 4.840000./ phi_m, min: 0.000000 at y = 4.640000
phi_m, max: 27.156022 at y = 4.840000./ phi_m, min: 0.000000 at y = 4.640000
phi_m, max: 6.473152 at y = 4.840000./ phi_m, min: 0.000000 at y = 4.640000
phi_m, max: 0.546633 at y = 4.840000./ phi_m, min: -0.028122 at y = 4.630000


phi_m, max: -0.000000 at y = 3.370000./ phi_m, min: -0.001153 at y = 3.375168
phi_m, max: -0.000000 at y = 3.370000./ phi_m, min: -0.001162 at y = 3.374832
phi_m, max: -0.000000 at y = 3.370000./ phi_m, min: -0.001153 at y = 3.374832
phi_m, max: -0.000000 at y = 3.370000./ phi_m, min: -0.001143 at y = 3.375168
phi_m, max: -0.000000 at y = 3.370000./ phi_m, min: -0.001133 at y = 3.375168
phi_m, max: -0.000000 at y = 3.370000./ phi_m, min: -0.001124 at y = 3.375168
phi_m, max: 0.003593 at y = 3.341429./ phi_m, min: -0.000974 at y = 3.551429
phi_m, max: 3.468323 at y = 3.341429./ phi_m, min: 0.000000 at y = 3.370000
phi_m, max: 115.812488 at y = 3.371624./ phi_m, min: 0.000000 at y = 3.370000
phi_m, max: 111.118954 at y = 3.551429./ phi_m, min: 0.000000 at y = 3.370000
phi_m, max: 95.858603 at y = 3.551429./ phi_m, min: 0.000000 at y = 3.370000
phi_m, max: 76.404143 at y = 3.551429./ phi_m, min: 0.000000 at y = 3.370000
phi_m, max: 56.568970 at y = 3.551429./ phi_m, min: 0.000000 at y = 3.370000
phi_m, max: 39.029027 at y = 3.551429./ phi_m, min: 0.000000 at y = 3.370000
phi_m, max: 18.986181 at y = 3.551429./ phi_m, min: 0.000000 at y = 3.370000
phi_m, max: 2.999264 at y = 3.551429./ phi_m, min: 0.000000 at y = 3.370000
phi_m, max: 0.109784 at y = 3.551429./ phi_m, min: -0.175879 at y = 3.341429
phi_m, max: -0.000000 at y = 3.370000./ phi_m, min: -0.366004 at y = 3.341429
phi_m, max: -0.000000 at y = 3.370000./ phi_m, min: -0.458011 at y = 3.370587
phi_m, max: -0.000000 at y = 3.370000./ phi_m, min: -0.504734 at y = 3.371624


phi_m, max: 27.072587 at y = 0.440000./ phi_m, min: 0.000000 at y = 0.430000
phi_m, max: 115.962318 at y = 0.646426./ phi_m, min: 0.000000 at y = 0.430000
phi_m, max: 107.497158 at y = 0.649413./ phi_m, min: 0.000000 at y = 0.430000
phi_m, max: 90.342674 at y = 0.650000./ phi_m, min: 0.000000 at y = 0.430000
phi_m, max: 70.397993 at y = 0.650000./ phi_m, min: 0.000000 at y = 0.430000
phi_m, max: 51.059040 at y = 0.650000./ phi_m, min: 0.000000 at y = 0.430000
phi_m, max: 33.834448 at y = 0.650000./ phi_m, min: 0.000000 at y = 0.430000
phi_m, max: 12.186847 at y = 0.650000./ phi_m, min: 0.000000 at y = 0.430000
phi_m, max: 1.438481 at y = 0.650000./ phi_m, min: -0.000000 at y = 0.430000
phi_m, max: -0.000000 at y = 0.430000./ phi_m, min: -0.254718 at y = 0.440000
phi_m, max: -0.000000 at y = 0.430000./ phi_m, min: -0.401004 at y = 0.440000
phi_m, max: -0.000000 at y = 0.430000./ phi_m, min: -0.476110 at y = 0.440000
phi_m, max: -0.000000 at y = 0.430000./ phi_m, min: -0.511391 at y = 0.641787
phi_m, max: -0.000000 at y = 0.430000./ phi_m, min: -0.520635 at y = 0.644832
phi_m, max: -0.000000 at y = 0.430000./ phi_m, min: -0.509245 at y = 0.646426
phi_m, max: -0.000000 at y = 0.430000./ phi_m, min: -0.482355 at y = 0.647458
phi_m, max: -0.000000 at y = 0.430000./ phi_m, min: -0.445877 at y = 0.648213
phi_m, max: -0.000000 at y = 0.430000./ phi_m, min: -0.404779 at y = 0.648376
phi_m, max: -0.000000 at y = 0.430000./ phi_m, min: -0.362480 at y = 0.648376
phi_m, max: -0.000000 at y = 0.430000./ phi_m, min: -0.321271 at y = 0.648376


phi_m, max: -0.000000 at y = 5.050000./ phi_m, min: -0.001153 at y = 5.055168
phi_m, max: -0.000000 at y = 5.050000./ phi_m, min: -0.001162 at y = 5.475168
phi_m, max: -0.000000 at y = 5.050000./ phi_m, min: -0.001153 at y = 5.475168
phi_m, max: -0.000000 at y = 5.050000./ phi_m, min: -0.001143 at y = 5.475168
phi_m, max: -0.000000 at y = 5.050000./ phi_m, min: -0.001133 at y = 5.475168
phi_m, max: -0.000000 at y = 5.050000./ phi_m, min: -0.001125 at y = 5.475168
phi_m, max: -0.000000 at y = 5.050000./ phi_m, min: -0.001117 at y = 5.475168
phi_m, max: -0.000000 at y = 5.050000./ phi_m, min: -0.001111 at y = 5.475168
phi_m, max: -0.000000 at y = 5.050000./ phi_m, min: -0.001106 at y = 5.475168
phi_m, max: -0.000000 at y = 5.050000./ phi_m, min: -0.001101 at y = 5.475168
phi_m, max: -0.000000 at y = 5.050000./ phi_m, min: -0.001097 at y = 5.475168
phi_m, max: 0.155257 at y = 5.050000./ phi_m, min: -0.001081 at y = 5.476787
phi_m, max: 85.181852 at y = 5.050000./ phi_m, min: 0.000000 at y = 5.050000
phi_m, max: 115.152388 at y = 5.058376./ phi_m, min: 0.000000 at y = 5.050000
phi_m, max: 115.703960 at y = 5.478213./ phi_m, min: 0.000000 at y = 5.050000
phi_m, max: 104.960248 at y = 5.479413./ phi_m, min: 0.000000 at y = 5.050000
phi_m, max: 87.031941 at y = 5.480000./ phi_m, min: 0.000000 at y = 5.050000
phi_m, max: 66.960859 at y = 5.480000./ phi_m, min: 0.000000 at y = 5.050000
phi_m, max: 48.033262 at y = 5.480000./ phi_m, min: 0.000000 at y = 5.050000
phi_m, max: 30.637043 at y = 5.480000./ phi_m, min: 0.000000 at y = 5.050000


phi_m, max: -0.000000 at y = 4.420000./ phi_m, min: -0.001153 at y = 4.424832
phi_m, max: -0.000000 at y = 4.420000./ phi_m, min: -0.001162 at y = 4.425168
phi_m, max: -0.000000 at y = 4.420000./ phi_m, min: -0.001153 at y = 4.425168
phi_m, max: -0.000000 at y = 4.420000./ phi_m, min: -0.001143 at y = 4.425168
phi_m, max: -0.000000 at y = 4.420000./ phi_m, min: -0.001133 at y = 4.425168
phi_m, max: -0.000000 at y = 4.420000./ phi_m, min: -0.001125 at y = 4.425168
phi_m, max: -0.000000 at y = 4.420000./ phi_m, min: -0.001117 at y = 4.425168
phi_m, max: -0.000000 at y = 4.420000./ phi_m, min: -0.001111 at y = 4.425168
phi_m, max: -0.000000 at y = 4.420000./ phi_m, min: -0.001102 at y = 4.425587
phi_m, max: 0.019432 at y = 4.391429./ phi_m, min: -0.000599 at y = 4.630000
phi_m, max: 15.051283 at y = 4.391429./ phi_m, min: 0.000000 at y = 4.420000
phi_m, max: 115.933807 at y = 4.426426./ phi_m, min: 0.000000 at y = 4.420000
phi_m, max: 108.825327 at y = 4.630000./ phi_m, min: 0.000000 at y = 4.420000
phi_m, max: 92.268689 at y = 4.630000./ phi_m, min: 0.000000 at y = 4.420000
phi_m, max: 72.440935 at y = 4.630000./ phi_m, min: 0.000000 at y = 4.420000
phi_m, max: 52.893055 at y = 4.630000./ phi_m, min: 0.000000 at y = 4.420000
phi_m, max: 35.624148 at y = 4.630000./ phi_m, min: 0.000000 at y = 4.420000
phi_m, max: 14.345179 at y = 4.630000./ phi_m, min: 0.000000 at y = 4.420000
phi_m, max: 1.854301 at y = 4.630000./ phi_m, min: 0.000000 at y = 4.420000
phi_m, max: -0.000000 at y = 4.420000./ phi_m, min: -0.232999 at y = 4.391429


phi_m, max: -0.000000 at y = 2.358571./ phi_m, min: -0.001153 at y = 2.535168
phi_m, max: -0.000000 at y = 2.358571./ phi_m, min: -0.001162 at y = 2.535168
phi_m, max: -0.000000 at y = 2.358571./ phi_m, min: -0.001153 at y = 2.535168
phi_m, max: -0.000000 at y = 2.358571./ phi_m, min: -0.001139 at y = 2.535587
phi_m, max: 0.027657 at y = 2.387143./ phi_m, min: -0.000395 at y = 2.597143
phi_m, max: 21.375315 at y = 2.387143./ phi_m, min: 0.000000 at y = 2.358571
phi_m, max: 115.959152 at y = 2.536426./ phi_m, min: 0.000000 at y = 2.358571
phi_m, max: 107.815821 at y = 2.539413./ phi_m, min: 0.000000 at y = 2.358571
phi_m, max: 90.799157 at y = 2.597143./ phi_m, min: 0.000000 at y = 2.358571
phi_m, max: 70.952776 at y = 2.597143./ phi_m, min: 0.000000 at y = 2.358571
phi_m, max: 51.589745 at y = 2.597143./ phi_m, min: 0.000000 at y = 2.358571
phi_m, max: 34.406092 at y = 2.597143./ phi_m, min: 0.000000 at y = 2.358571
phi_m, max: 12.937600 at y = 2.597143./ phi_m, min: 0.000000 at y = 2.358571
phi_m, max: 1.581991 at y = 2.597143./ phi_m, min: 0.000000 at y = 2.358571
phi_m, max: -0.000000 at y = 2.358571./ phi_m, min: -0.245301 at y = 2.387143
phi_m, max: -0.000000 at y = 2.358571./ phi_m, min: -0.395630 at y = 2.387143
phi_m, max: -0.000000 at y = 2.358571./ phi_m, min: -0.472500 at y = 2.387143
phi_m, max: -0.000000 at y = 2.358571./ phi_m, min: -0.510683 at y = 2.531624
phi_m, max: -0.000000 at y = 2.358571./ phi_m, min: -0.520444 at y = 2.534832
phi_m, max: -0.000000 at y = 2.358571./ phi_m, min: -0.509481 at y = 2.536426


phi_m, max: -0.000000 at y = 2.320000./ phi_m, min: -0.001153 at y = 2.324832
phi_m, max: -0.000000 at y = 2.320000./ phi_m, min: -0.001162 at y = 2.325168
phi_m, max: -0.000000 at y = 2.320000./ phi_m, min: -0.001153 at y = 2.325168
phi_m, max: 0.000273 at y = 2.177143./ phi_m, min: -0.001080 at y = 2.415714
phi_m, max: 1.166355 at y = 2.177143./ phi_m, min: 0.000000 at y = 2.320000
phi_m, max: 113.944591 at y = 2.177143./ phi_m, min: 0.000000 at y = 2.320000
phi_m, max: 113.192391 at y = 2.329413./ phi_m, min: 0.000000 at y = 2.320000
phi_m, max: 98.972318 at y = 2.415714./ phi_m, min: 0.000000 at y = 2.320000
phi_m, max: 79.987674 at y = 2.415714./ phi_m, min: 0.000000 at y = 2.320000
phi_m, max: 60.012911 at y = 2.415714./ phi_m, min: 0.000000 at y = 2.320000
phi_m, max: 42.066435 at y = 2.415714./ phi_m, min: 0.000000 at y = 2.320000
phi_m, max: 23.287092 at y = 2.415714./ phi_m, min: 0.000000 at y = 2.320000
phi_m, max: 4.524890 at y = 2.415714./ phi_m, min: 0.000000 at y = 2.320000
phi_m, max: 0.296396 at y = 2.415714./ phi_m, min: -0.112782 at y = 2.177143
phi_m, max: -0.000000 at y = 2.320000./ phi_m, min: -0.342515 at y = 2.177143
phi_m, max: -0.000000 at y = 2.320000./ phi_m, min: -0.444761 at y = 2.177143
phi_m, max: -0.000000 at y = 2.320000./ phi_m, min: -0.497831 at y = 2.321175
phi_m, max: -0.000000 at y = 2.320000./ phi_m, min: -0.519027 at y = 2.323574
phi_m, max: -0.000000 at y = 2.320000./ phi_m, min: -0.516697 at y = 2.326426
phi_m, max: -0.000000 at y = 2.320000./ phi_m, min: -0.496216 at y = 2.327458


phi_m, max: -0.000000 at y = 3.790000./ phi_m, min: -0.001153 at y = 4.004832
phi_m, max: -0.000000 at y = 3.790000./ phi_m, min: -0.001162 at y = 3.794832
phi_m, max: -0.000000 at y = 3.790000./ phi_m, min: -0.001153 at y = 3.794832
phi_m, max: -0.000000 at y = 3.790000./ phi_m, min: -0.001143 at y = 3.794832
phi_m, max: -0.000000 at y = 3.790000./ phi_m, min: -0.001133 at y = 4.005168
phi_m, max: -0.000000 at y = 3.790000./ phi_m, min: -0.001125 at y = 4.005168
phi_m, max: -0.000000 at y = 3.790000./ phi_m, min: -0.001117 at y = 4.005168
phi_m, max: 0.001019 at y = 3.761429./ phi_m, min: -0.001104 at y = 4.006367
phi_m, max: 1.643203 at y = 3.761429./ phi_m, min: 0.000000 at y = 3.790000
phi_m, max: 115.222757 at y = 3.790587./ phi_m, min: 0.000000 at y = 3.790000
phi_m, max: 115.888275 at y = 4.007458./ phi_m, min: 0.000000 at y = 3.790000
phi_m, max: 106.421434 at y = 4.009413./ phi_m, min: 0.000000 at y = 3.790000
phi_m, max: 88.890741 at y = 4.010000./ phi_m, min: 0.000000 at y = 3.790000
phi_m, max: 68.878995 at y = 4.010000./ phi_m, min: 0.000000 at y = 3.790000
phi_m, max: 49.713469 at y = 4.010000./ phi_m, min: 0.000000 at y = 3.790000
phi_m, max: 32.453839 at y = 4.010000./ phi_m, min: 0.000000 at y = 3.790000
phi_m, max: 10.711920 at y = 4.010000./ phi_m, min: 0.000000 at y = 3.790000
phi_m, max: 1.182603 at y = 4.010000./ phi_m, min: -0.136661 at y = 3.761429
phi_m, max: -0.000000 at y = 3.790000./ phi_m, min: -0.351164 at y = 3.761429
phi_m, max: -0.000000 at y = 3.790000./ phi_m, min: -0.449873 at y = 3.790587


phi_m, max: 115.829979 at y = 0.228213./ phi_m, min: 0.000000 at y = 0.220000
phi_m, max: 105.912401 at y = 0.344286./ phi_m, min: 0.000000 at y = 0.220000
phi_m, max: 88.488870 at y = 0.344286./ phi_m, min: 0.000000 at y = 0.220000
phi_m, max: 68.543274 at y = 0.344286./ phi_m, min: 0.000000 at y = 0.220000
phi_m, max: 49.456652 at y = 0.344286./ phi_m, min: 0.000000 at y = 0.220000
phi_m, max: 32.251607 at y = 0.344286./ phi_m, min: 0.000000 at y = 0.220000
phi_m, max: 10.619790 at y = 0.344286./ phi_m, min: 0.000000 at y = 0.220000
phi_m, max: 1.168794 at y = 0.344286./ phi_m, min: 0.000000 at y = 0.220000
phi_m, max: -0.000000 at y = 0.220000./ phi_m, min: -0.218211 at y = 0.221175
phi_m, max: -0.000000 at y = 0.220000./ phi_m, min: -0.379595 at y = 0.221787
phi_m, max: -0.000000 at y = 0.220000./ phi_m, min: -0.466319 at y = 0.223213
phi_m, max: -0.000000 at y = 0.220000./ phi_m, min: -0.508923 at y = 0.224490
phi_m, max: -0.000000 at y = 0.220000./ phi_m, min: -0.519414 at y = 0.226426
phi_m, max: -0.000000 at y = 0.220000./ phi_m, min: -0.506772 at y = 0.227458
phi_m, max: -0.000000 at y = 0.220000./ phi_m, min: -0.478776 at y = 0.227458
phi_m, max: -0.000000 at y = 0.220000./ phi_m, min: -0.441687 at y = 0.228213
phi_m, max: -0.000000 at y = 0.220000./ phi_m, min: -0.400370 at y = 0.228213
phi_m, max: -0.000000 at y = 0.220000./ phi_m, min: -0.358110 at y = 0.228213
phi_m, max: -0.000000 at y = 0.220000./ phi_m, min: -0.317130 at y = 0.228376
phi_m, max: -0.000000 at y = 0.220000./ phi_m, min: -0.278749 at y = 0.228376


phi_m, max: -0.000000 at y = 1.900000./ phi_m, min: -0.001153 at y = 1.905168
phi_m, max: -0.000000 at y = 1.900000./ phi_m, min: -0.001162 at y = 1.905168
phi_m, max: 0.001996 at y = 1.728571./ phi_m, min: -0.001050 at y = 1.963787
phi_m, max: 2.391697 at y = 1.728571./ phi_m, min: 0.000000 at y = 1.900000
phi_m, max: 115.332297 at y = 1.900587./ phi_m, min: 0.000000 at y = 1.900000
phi_m, max: 111.987642 at y = 1.909413./ phi_m, min: 0.000000 at y = 1.900000
phi_m, max: 96.831898 at y = 1.963787./ phi_m, min: 0.000000 at y = 1.900000
phi_m, max: 77.525785 at y = 1.963787./ phi_m, min: 0.000000 at y = 1.900000
phi_m, max: 57.643122 at y = 1.963787./ phi_m, min: 0.000000 at y = 1.900000
phi_m, max: 39.994060 at y = 1.963787./ phi_m, min: 0.000000 at y = 1.900000
phi_m, max: 20.373222 at y = 1.963787./ phi_m, min: 0.000000 at y = 1.900000
phi_m, max: 3.434113 at y = 1.963787./ phi_m, min: 0.000000 at y = 1.900000
phi_m, max: 0.162576 at y = 1.963787./ phi_m, min: -0.158968 at y = 1.728571
phi_m, max: -0.000000 at y = 1.900000./ phi_m, min: -0.359476 at y = 1.728571
phi_m, max: -0.000000 at y = 1.900000./ phi_m, min: -0.454039 at y = 1.728571
phi_m, max: -0.000000 at y = 1.900000./ phi_m, min: -0.501925 at y = 1.901624
phi_m, max: -0.000000 at y = 1.900000./ phi_m, min: -0.519858 at y = 1.903574
phi_m, max: -0.000000 at y = 1.900000./ phi_m, min: -0.515196 at y = 1.906426
phi_m, max: -0.000000 at y = 1.900000./ phi_m, min: -0.492972 at y = 1.907458
phi_m, max: -0.000000 at y = 1.900000./ phi_m, min: -0.459173 at y = 1.908213


phi_m, max: -0.000000 at y = 1.270000./ phi_m, min: -0.001127 at y = 1.278213
phi_m, max: 0.294549 at y = 1.070000./ phi_m, min: 0.000000 at y = 1.270000
phi_m, max: 104.482222 at y = 1.070000./ phi_m, min: 0.000000 at y = 1.270000
phi_m, max: 114.883380 at y = 1.278376./ phi_m, min: 0.000000 at y = 1.270000
phi_m, max: 102.444573 at y = 1.279413./ phi_m, min: 0.000000 at y = 1.270000
phi_m, max: 83.985286 at y = 1.308571./ phi_m, min: 0.000000 at y = 1.270000
phi_m, max: 63.914494 at y = 1.308571./ phi_m, min: 0.000000 at y = 1.270000
phi_m, max: 45.412957 at y = 1.308571./ phi_m, min: 0.000000 at y = 1.270000
phi_m, max: 27.604317 at y = 1.308571./ phi_m, min: 0.000000 at y = 1.270000
phi_m, max: 6.773419 at y = 1.308571./ phi_m, min: 0.000000 at y = 1.270000
phi_m, max: 0.588895 at y = 1.308571./ phi_m, min: -0.019858 at y = 1.070000
phi_m, max: -0.000000 at y = 1.270000./ phi_m, min: -0.314857 at y = 1.070000
phi_m, max: -0.000000 at y = 1.270000./ phi_m, min: -0.431035 at y = 1.070000
phi_m, max: -0.000000 at y = 1.270000./ phi_m, min: -0.490614 at y = 1.070000
phi_m, max: -0.000000 at y = 1.270000./ phi_m, min: -0.516923 at y = 1.272542
phi_m, max: -0.000000 at y = 1.270000./ phi_m, min: -0.518905 at y = 1.276259
phi_m, max: -0.000000 at y = 1.270000./ phi_m, min: -0.501826 at y = 1.277458
phi_m, max: -0.000000 at y = 1.270000./ phi_m, min: -0.471144 at y = 1.277458
phi_m, max: -0.000000 at y = 1.270000./ phi_m, min: -0.432751 at y = 1.278213
phi_m, max: -0.000000 at y = 1.270000./ phi_m, min: -0.390936 at y = 1.278376


phi_m, max: -0.000000 at y = 1.518571./ phi_m, min: -0.001153 at y = 1.695168
phi_m, max: -0.000000 at y = 1.518571./ phi_m, min: -0.001147 at y = 1.696787
phi_m, max: 0.131643 at y = 1.490000./ phi_m, min: 0.000000 at y = 1.518571
phi_m, max: 83.454072 at y = 1.490000./ phi_m, min: 0.000000 at y = 1.518571
phi_m, max: 115.553562 at y = 1.698376./ phi_m, min: 0.000000 at y = 1.518571
phi_m, max: 104.324704 at y = 1.699413./ phi_m, min: 0.000000 at y = 1.518571
phi_m, max: 86.263429 at y = 1.728571./ phi_m, min: 0.000000 at y = 1.518571
phi_m, max: 66.214197 at y = 1.728571./ phi_m, min: 0.000000 at y = 1.518571
phi_m, max: 47.401587 at y = 1.728571./ phi_m, min: 0.000000 at y = 1.518571
phi_m, max: 29.961206 at y = 1.728571./ phi_m, min: 0.000000 at y = 1.518571
phi_m, max: 8.483434 at y = 1.728571./ phi_m, min: 0.000000 at y = 1.518571
phi_m, max: 0.832583 at y = 1.728571./ phi_m, min: 0.000000 at y = 1.518571
phi_m, max: -0.000000 at y = 1.518571./ phi_m, min: -0.295360 at y = 1.490000
phi_m, max: -0.000000 at y = 1.518571./ phi_m, min: -0.420952 at y = 1.490000
phi_m, max: -0.000000 at y = 1.518571./ phi_m, min: -0.485845 at y = 1.490000
phi_m, max: -0.000000 at y = 1.518571./ phi_m, min: -0.515201 at y = 1.692542
phi_m, max: -0.000000 at y = 1.518571./ phi_m, min: -0.519677 at y = 1.695449
phi_m, max: -0.000000 at y = 1.518571./ phi_m, min: -0.504561 at y = 1.697458
phi_m, max: -0.000000 at y = 1.518571./ phi_m, min: -0.475168 at y = 1.697458
phi_m, max: -0.000000 at y = 1.518571./ phi_m, min: -0.437413 at y = 1.698213


phi_m, max: -0.000000 at y = 2.110000./ phi_m, min: -0.001153 at y = 2.115168
phi_m, max: -0.000000 at y = 2.110000./ phi_m, min: -0.001162 at y = 2.115168
phi_m, max: -0.000000 at y = 2.110000./ phi_m, min: -0.001146 at y = 2.116367
phi_m, max: 0.057853 at y = 1.938571./ phi_m, min: 0.000000 at y = 2.110000
phi_m, max: 49.175436 at y = 1.938571./ phi_m, min: 0.000000 at y = 2.110000
phi_m, max: 115.860600 at y = 2.117458./ phi_m, min: 0.000000 at y = 2.110000
phi_m, max: 106.118442 at y = 2.119413./ phi_m, min: 0.000000 at y = 2.110000
phi_m, max: 88.582685 at y = 2.177143./ phi_m, min: 0.000000 at y = 2.110000
phi_m, max: 68.627146 at y = 2.177143./ phi_m, min: 0.000000 at y = 2.110000
phi_m, max: 49.523746 at y = 2.177143./ phi_m, min: 0.000000 at y = 2.110000
phi_m, max: 32.304950 at y = 2.177143./ phi_m, min: 0.000000 at y = 2.110000
phi_m, max: 10.640397 at y = 2.177143./ phi_m, min: 0.000000 at y = 2.110000
phi_m, max: 1.172477 at y = 2.177143./ phi_m, min: 0.000000 at y = 2.110000
phi_m, max: -0.000000 at y = 2.110000./ phi_m, min: -0.271684 at y = 1.938571
phi_m, max: -0.000000 at y = 2.110000./ phi_m, min: -0.408610 at y = 1.938571
phi_m, max: -0.000000 at y = 2.110000./ phi_m, min: -0.479336 at y = 1.938571
phi_m, max: -0.000000 at y = 2.110000./ phi_m, min: -0.513071 at y = 2.112542
phi_m, max: -0.000000 at y = 2.110000./ phi_m, min: -0.520199 at y = 2.115168
phi_m, max: -0.000000 at y = 2.110000./ phi_m, min: -0.507100 at y = 2.117458
phi_m, max: -0.000000 at y = 2.110000./ phi_m, min: -0.479083 at y = 2.117458


phi_m, max: -0.000000 at y = 2.950000./ phi_m, min: -0.001153 at y = 2.954832
phi_m, max: -0.000000 at y = 2.950000./ phi_m, min: -0.001162 at y = 2.955168
phi_m, max: -0.000000 at y = 2.950000./ phi_m, min: -0.001153 at y = 2.955168
phi_m, max: -0.000000 at y = 2.950000./ phi_m, min: -0.001143 at y = 2.955168
phi_m, max: -0.000000 at y = 2.950000./ phi_m, min: -0.001131 at y = 2.955449
phi_m, max: 0.011849 at y = 2.807143./ phi_m, min: -0.000792 at y = 3.045714
phi_m, max: 9.518874 at y = 2.807143./ phi_m, min: 0.000000 at y = 2.950000
phi_m, max: 115.909075 at y = 2.953633./ phi_m, min: 0.000000 at y = 2.950000
phi_m, max: 109.405803 at y = 2.959413./ phi_m, min: 0.000000 at y = 2.950000
phi_m, max: 93.087542 at y = 3.045714./ phi_m, min: 0.000000 at y = 2.950000
phi_m, max: 73.417630 at y = 3.045714./ phi_m, min: 0.000000 at y = 2.950000
phi_m, max: 53.828578 at y = 3.045714./ phi_m, min: 0.000000 at y = 2.950000
phi_m, max: 36.556644 at y = 3.045714./ phi_m, min: 0.000000 at y = 2.950000
phi_m, max: 15.654508 at y = 3.045714./ phi_m, min: 0.000000 at y = 2.950000
phi_m, max: 2.148791 at y = 3.045714./ phi_m, min: 0.000000 at y = 2.950000
phi_m, max: 0.008514 at y = 3.045714./ phi_m, min: -0.217653 at y = 2.807143
phi_m, max: -0.000000 at y = 2.950000./ phi_m, min: -0.383076 at y = 2.807143
phi_m, max: -0.000000 at y = 2.950000./ phi_m, min: -0.466043 at y = 2.807143
phi_m, max: -0.000000 at y = 2.950000./ phi_m, min: -0.507935 at y = 2.951624
phi_m, max: -0.000000 at y = 2.950000./ phi_m, min: -0.520421 at y = 2.954490


phi_m, max: -0.000000 at y = 5.260000./ phi_m, min: -0.001153 at y = 5.264832
phi_m, max: -0.000000 at y = 5.260000./ phi_m, min: -0.001162 at y = 5.265168
phi_m, max: -0.000000 at y = 5.260000./ phi_m, min: -0.001153 at y = 5.265168
phi_m, max: -0.000000 at y = 5.260000./ phi_m, min: -0.001143 at y = 5.265168
phi_m, max: -0.000000 at y = 5.260000./ phi_m, min: -0.001133 at y = 5.265168
phi_m, max: -0.000000 at y = 5.260000./ phi_m, min: -0.001125 at y = 5.265168
phi_m, max: -0.000000 at y = 5.260000./ phi_m, min: -0.001117 at y = 5.265168
phi_m, max: -0.000000 at y = 5.260000./ phi_m, min: -0.001111 at y = 5.265168
phi_m, max: -0.000000 at y = 5.260000./ phi_m, min: -0.001106 at y = 5.265168
phi_m, max: -0.000000 at y = 5.260000./ phi_m, min: -0.001101 at y = 5.265168
phi_m, max: -0.000000 at y = 5.260000./ phi_m, min: -0.001096 at y = 5.265168
phi_m, max: 0.004417 at y = 5.063356./ phi_m, min: -0.000936 at y = 5.298571
phi_m, max: 4.065308 at y = 5.063356./ phi_m, min: 0.000000 at y = 5.260000
phi_m, max: 115.755553 at y = 5.261787./ phi_m, min: 0.000000 at y = 5.260000
phi_m, max: 111.118466 at y = 5.269413./ phi_m, min: 0.000000 at y = 5.260000
phi_m, max: 95.438719 at y = 5.270000./ phi_m, min: 0.000000 at y = 5.260000
phi_m, max: 75.933398 at y = 5.298571./ phi_m, min: 0.000000 at y = 5.260000
phi_m, max: 56.128937 at y = 5.298571./ phi_m, min: 0.000000 at y = 5.260000
phi_m, max: 38.638796 at y = 5.298571./ phi_m, min: 0.000000 at y = 5.260000
phi_m, max: 18.429105 at y = 5.298571./ phi_m, min: 0.000000 at y = 5.260000


phi_m, max: -0.000000 at y = 4.210000./ phi_m, min: -0.001153 at y = 4.215168
phi_m, max: -0.000000 at y = 4.210000./ phi_m, min: -0.001162 at y = 4.214832
phi_m, max: -0.000000 at y = 4.210000./ phi_m, min: -0.001153 at y = 4.214832
phi_m, max: -0.000000 at y = 4.210000./ phi_m, min: -0.001143 at y = 4.214832
phi_m, max: -0.000000 at y = 4.210000./ phi_m, min: -0.001133 at y = 4.214832
phi_m, max: -0.000000 at y = 4.210000./ phi_m, min: -0.001125 at y = 4.215168
phi_m, max: -0.000000 at y = 4.210000./ phi_m, min: -0.001117 at y = 4.215168
phi_m, max: -0.000000 at y = 4.210000./ phi_m, min: -0.001111 at y = 4.215168
phi_m, max: -0.000000 at y = 4.210000./ phi_m, min: -0.001057 at y = 4.420000
phi_m, max: 0.785040 at y = 4.210000./ phi_m, min: 0.000000 at y = 4.210000
phi_m, max: 113.282362 at y = 4.210000./ phi_m, min: 0.000000 at y = 4.210000
phi_m, max: 113.637488 at y = 4.420000./ phi_m, min: 0.000000 at y = 4.210000
phi_m, max: 100.262397 at y = 4.420000./ phi_m, min: 0.000000 at y = 4.210000
phi_m, max: 81.363524 at y = 4.420000./ phi_m, min: 0.000000 at y = 4.210000
phi_m, max: 61.287792 at y = 4.420000./ phi_m, min: 0.000000 at y = 4.210000
phi_m, max: 43.132551 at y = 4.420000./ phi_m, min: 0.000000 at y = 4.210000
phi_m, max: 24.619739 at y = 4.420000./ phi_m, min: 0.000000 at y = 4.210000
phi_m, max: 5.095524 at y = 4.420000./ phi_m, min: 0.000000 at y = 4.210000
phi_m, max: 0.366673 at y = 4.420000./ phi_m, min: -0.086247 at y = 4.210000
phi_m, max: -0.000000 at y = 4.210000./ phi_m, min: -0.334549 at y = 4.210000


phi_m, max: -0.000000 at y = 2.740000./ phi_m, min: -0.001153 at y = 2.744832
phi_m, max: -0.000000 at y = 2.740000./ phi_m, min: -0.001162 at y = 2.745168
phi_m, max: -0.000000 at y = 2.740000./ phi_m, min: -0.001153 at y = 2.745168
phi_m, max: -0.000000 at y = 2.740000./ phi_m, min: -0.001143 at y = 2.745168
phi_m, max: -0.000000 at y = 2.740000./ phi_m, min: -0.001093 at y = 2.748825
phi_m, max: 0.524967 at y = 2.597143./ phi_m, min: 0.000000 at y = 2.740000
phi_m, max: 110.624607 at y = 2.597143./ phi_m, min: 0.000000 at y = 2.740000
phi_m, max: 114.210398 at y = 2.749413./ phi_m, min: 0.000000 at y = 2.740000
phi_m, max: 100.939700 at y = 2.835714./ phi_m, min: 0.000000 at y = 2.740000
phi_m, max: 82.293646 at y = 2.835714./ phi_m, min: 0.000000 at y = 2.740000
phi_m, max: 62.267718 at y = 2.835714./ phi_m, min: 0.000000 at y = 2.740000
phi_m, max: 44.011144 at y = 2.835714./ phi_m, min: 0.000000 at y = 2.740000
phi_m, max: 25.880762 at y = 2.835714./ phi_m, min: 0.000000 at y = 2.740000
phi_m, max: 5.775561 at y = 2.835714./ phi_m, min: 0.000000 at y = 2.740000
phi_m, max: 0.456113 at y = 2.835714./ phi_m, min: -0.060743 at y = 2.597143
phi_m, max: -0.000000 at y = 2.740000./ phi_m, min: -0.325766 at y = 2.597143
phi_m, max: -0.000000 at y = 2.740000./ phi_m, min: -0.435910 at y = 2.597143
phi_m, max: -0.000000 at y = 2.740000./ phi_m, min: -0.493377 at y = 2.740587
phi_m, max: -0.000000 at y = 2.740000./ phi_m, min: -0.517826 at y = 2.742542
phi_m, max: -0.000000 at y = 2.740000./ phi_m, min: -0.517933 at y = 2.746426


phi_m, max: -0.000000 at y = 5.690000./ phi_m, min: -0.001153 at y = 5.895168
phi_m, max: -0.000000 at y = 5.690000./ phi_m, min: -0.001162 at y = 5.895168
phi_m, max: -0.000000 at y = 5.690000./ phi_m, min: -0.001153 at y = 5.895168
phi_m, max: -0.000000 at y = 5.690000./ phi_m, min: -0.001143 at y = 5.895168
phi_m, max: -0.000000 at y = 5.690000./ phi_m, min: -0.001133 at y = 5.895168
phi_m, max: -0.000000 at y = 5.690000./ phi_m, min: -0.001125 at y = 5.895168
phi_m, max: -0.000000 at y = 5.690000./ phi_m, min: -0.001117 at y = 5.895168
phi_m, max: -0.000000 at y = 5.690000./ phi_m, min: -0.001111 at y = 5.895168
phi_m, max: -0.000000 at y = 5.690000./ phi_m, min: -0.001106 at y = 5.895168
phi_m, max: -0.000000 at y = 5.690000./ phi_m, min: -0.001101 at y = 5.895168
phi_m, max: -0.000000 at y = 5.690000./ phi_m, min: -0.001097 at y = 5.895168
phi_m, max: -0.000000 at y = 5.690000./ phi_m, min: -0.001093 at y = 5.895168
phi_m, max: -0.000000 at y = 5.690000./ phi_m, min: -0.001084 at y = 5.895916
phi_m, max: 0.047804 at y = 5.690000./ phi_m, min: 0.000000 at y = 5.690000
phi_m, max: 39.839520 at y = 5.690000./ phi_m, min: 0.000000 at y = 5.690000
phi_m, max: 115.896417 at y = 5.897458./ phi_m, min: 0.000000 at y = 5.690000
phi_m, max: 106.721642 at y = 5.899413./ phi_m, min: 0.000000 at y = 5.690000
phi_m, max: 89.280646 at y = 5.900000./ phi_m, min: 0.000000 at y = 5.690000
phi_m, max: 69.285129 at y = 5.900000./ phi_m, min: 0.000000 at y = 5.690000
phi_m, max: 50.071891 at y = 5.900000./ phi_m, min: 0.000000 at y = 5.690000


phi_m, max: 114.270515 at y = 0.430587./ phi_m, min: -0.001124 at y = 3.198571
phi_m, max: 112.995228 at y = 0.439413./ phi_m, min: -0.001133 at y = 3.341429
phi_m, max: 98.507055 at y = 0.440000./ phi_m, min: -0.001125 at y = 3.341429
phi_m, max: 79.334432 at y = 0.440000./ phi_m, min: -0.001114 at y = 3.341429
phi_m, max: 59.322314 at y = 0.440000./ phi_m, min: -0.001105 at y = 3.341429
phi_m, max: 41.434949 at y = 0.440000./ phi_m, min: -0.001090 at y = 3.341429
phi_m, max: 22.296643 at y = 0.440000./ phi_m, min: 0.000000 at y = 0.430000
phi_m, max: 4.480422 at y = 3.198571./ phi_m, min: 0.000000 at y = 0.430000
phi_m, max: 114.584028 at y = 3.341429./ phi_m, min: -0.112950 at y = 0.344286
phi_m, max: 103.430016 at y = 3.341429./ phi_m, min: -0.342296 at y = 0.344286
phi_m, max: 85.242653 at y = 3.341429./ phi_m, min: -0.444503 at y = 0.344286
phi_m, max: 65.177600 at y = 3.341429./ phi_m, min: -0.498707 at y = 0.431624
phi_m, max: 46.502200 at y = 3.341429./ phi_m, min: -0.519414 at y = 0.433574
phi_m, max: 28.913298 at y = 3.341429./ phi_m, min: -0.516659 at y = 0.436426
phi_m, max: 7.681535 at y = 3.341429./ phi_m, min: -0.495828 at y = 0.437458
phi_m, max: 0.714760 at y = 3.341429./ phi_m, min: -0.462841 at y = 0.438213
phi_m, max: -0.000000 at y = 0.430000./ phi_m, min: -0.423322 at y = 0.438213
phi_m, max: -0.000000 at y = 0.430000./ phi_m, min: -0.381190 at y = 0.438376
phi_m, max: -0.000000 at y = 0.430000./ phi_m, min: -0.460050 at y = 3.198571
phi_m, max: -0.000000 at y = 0.430000./ phi_m, min: -0.502279 at y = 3.198571


Writing: "Fiber2DEphapticPlaneL6Isolated_20.chk"
 (0.00843716s, XML)
Time-integration  : 89858.1s
Writing: "Fiber2DEphapticPlaneL6Isolated.fld"
 (0.00182169s, XML)
-------------------------------------------
Total Computation Time = 89873.2s
-------------------------------------------
L 2 error (variable um) : 4.67256
L inf error (variable um) : 69.5069
L 2 error (variable ue) : 0
L inf error (variable ue) : 0
