Excite zone = 0, Node zone = 0.0595238, intra zone = 32.1429 %, extra zone = 75 % 
npts = 30, Excite node elem. = 0, Node elem. = 1, Myelin elem. = 1, intra elem. = 18, external elem. = 42, total elem = 56
v_InitObject: Node = 420, Myelin = 120, extracell = 1140
 =======================================================================
 Moving frames 1140 / 1680 ( 67.8571 % ) are removed
 =======================================================================
Max Anistrength_1  = 12.9582, Anistrength_2 = 12.9582, Min Anistrength 1 = 0, Anistrength 2 = 0
MMFInitObejct ==============================================
MMFActivation = 1680 /  1680 ( 100 % ) 
Excite zone = 0, Node zone = 0.0606061, intra zone = 34.5455 %, extra zone = 72.7273 % 
npts = 30, Excite node elem. = 0, Node elem. = 1, Myelin elem. = 1, intra elem. = 19, external elem. = 40, total elem = 55
v_InitObject: Node = 450, Myelin = 120, extracell = 1080
 =======================================================================
 Moving frames 1080 / 1650 ( 65.4545 % ) are removed
 =======================================================================
Max Anistrength_1  = 12.9582, Anistrength_2 = 12.9582, Min Anistrength 1 = 0, Anistrength 2 = 0
MMFInitObejct ==============================================
MMFActivation = 1650 /  1650 ( 100 % ) 
Excite zone = 0, Node zone = 0.0606061, intra zone = 32.7273 %, extra zone = 74.5455 % 
npts = 30, Excite node elem. = 0, Node elem. = 1, Myelin elem. = 1, intra elem. = 18, external elem. = 41, total elem = 55
v_InitObject: Node = 420, Myelin = 120, extracell = 1110
 =======================================================================
 Moving frames 1110 / 1650 ( 67.2727 % ) are removed
 =======================================================================
Max Anistrength_1  = 12.9582, Anistrength_2 = 12.9582, Min Anistrength 1 = 0, Anistrength 2 = 0
MMFInitObejct ==============================================
MMFActivation = 1650 /  1650 ( 100 % ) 
Excite zone = 0, Node zone = 0.0595238, intra zone = 33.9286 %, extra zone = 73.2143 % 
npts = 30, Excite node elem. = 0, Node elem. = 1, Myelin elem. = 1, intra elem. = 19, external elem. = 41, total elem = 56
v_InitObject: Node = 450, Myelin = 120, extracell = 1110
 =======================================================================
 Moving frames 1110 / 1680 ( 66.0714 % ) are removed
 =======================================================================
Max Anistrength_1  = 12.9582, Anistrength_2 = 12.9582, Min Anistrength 1 = 0, Anistrength 2 = 0
MMFInitObejct ==============================================
MMFActivation = 1680 /  1680 ( 100 % ) 
Excite zone = 0, Node zone = 0.0606061, intra zone = 32.7273 %, extra zone = 74.5455 % 
npts = 30, Excite node elem. = 0, Node elem. = 1, Myelin elem. = 1, intra elem. = 18, external elem. = 41, total elem = 55
v_InitObject: Node = 420, Myelin = 120, extracell = 1110
 =======================================================================
 Moving frames 1110 / 1650 ( 67.2727 % ) are removed
 =======================================================================
Max Anistrength_1  = 12.9582, Anistrength_2 = 12.9582, Min Anistrength 1 = 0, Anistrength 2 = 0
MMFInitObejct ==============================================
MMFActivation = 1650 /  1650 ( 100 % ) 
Excite zone = 14.2857, Node zone = 0.119048, intra zone = 33.9286 %, extra zone = 80.3571 % 
npts = 30, Excite node elem. = 2, Node elem. = 2, Myelin elem. = 0, intra elem. = 19, external elem. = 45, total elem = 56
v_InitObject: Node = 330, Myelin = 240, extracell = 1110
Excite zone = 0, Node zone = 0, intra zone = 29.0909 %, extra zone = 74.5455 % 
npts = 30, Excite node elem. = 0, Node elem. = 0, Myelin elem. = 1, intra elem. = 16, external elem. = 41, total elem = 57
v_InitObject: Node = 420, Myelin = 60, extracell = 1170
 =======================================================================
 Moving frames 1170 / 1650 ( 70.9091 % ) are removed
 =======================================================================
Max Anistrength_1  = 12.9582, Anistrength_2 = 12.9582, Min Anistrength 1 = 0, Anistrength 2 = 0
MMFInitObejct ==============================================
Excite zone = 0, Node zone = 0.0595238, intra zone = 35.7143 %, extra zone = 75 % 
npts = 30, Excite node elem. = 0, Node elem. = 1, Myelin elem. = 1, intra elem. = 20, external elem. = 42, total elem = 58
v_InitObject: Node = 420, Myelin = 180, extracell = 1080
Excite zone = 0, Node zone = 0.0595238, intra zone = 32.1429 %, extra zone = 75 % 
npts = 30, Excite node elem. = 0, Node elem. = 1, Myelin elem. = 1, intra elem. = 18, external elem. = 42, total elem = 56
v_InitObject: Node = 420, Myelin = 120, extracell = 1140
 =======================================================================
 Moving frames 1140 / 1680 ( 67.8571 % ) are removed
 =======================================================================
Excite zone = 0, Node zone = 0.0595238, intra zone = 35.7143 %, extra zone = 71.4286 % 
npts = 30, Excite node elem. = 0, Node elem. = 1, Myelin elem. = 1, intra elem. = 20, external elem. = 40, total elem = 56
v_InitObject: Node = 480, Myelin = 120, extracell = 1080
 =======================================================================
 Moving frames 1080 / 1680 ( 64.2857 % ) are removed
 =======================================================================
Max Anistrength_1  = 12.9582, Anistrength_2 = 12.9582, Min Anistrength 1 = 0, Anistrength 2 = 0
MMFInitObejct ==============================================
Excite zone = 0, Node zone = 0.0595238, intra zone = 33.9286 %, extra zone = 73.2143 % 
npts = 30, Excite node elem. = 0, Node elem. = 1, Myelin elem. = 1, intra elem. = 19, external elem. = 41, total elem = 56
v_InitObject: Node = 450, Myelin = 120, extracell = 1110
 =======================================================================
 Moving frames 1110 / 1680 ( 66.0714 % ) are removed
 =======================================================================
Max Anistrength_1  = 12.9582, Anistrength_2 = 12.9582, Min Anistrength 1 = 0, Anistrength 2 = 0
MMFInitObejct ==============================================
MMFActivation = 1680 /  1680 ( 100 % ) 
Excite zone = 0, Node zone = 0.0595238, intra zone = 33.9286 %, extra zone = 73.2143 % 
npts = 30, Excite node elem. = 0, Node elem. = 1, Myelin elem. = 1, intra elem. = 19, external elem. = 41, total elem = 56
v_InitObject: Node = 450, Myelin = 120, extracell = 1110
 =======================================================================
 Moving frames 1110 / 1680 ( 66.0714 % ) are removed
 =======================================================================
Max Anistrength_1  = 12.9582, Anistrength_2 = 12.9582, Min Anistrength 1 = 0, Anistrength 2 = 0
MMFInitObejct ==============================================
MMFActivation = 1680 /  1680 ( 100 % ) 
Excite zone = 0, Node zone = 0.0606061, intra zone = 34.5455 %, extra zone = 72.7273 % 
npts = 30, Excite node elem. = 0, Node elem. = 1, Myelin elem. = 1, intra elem. = 19, external elem. = 40, total elem = 55
v_InitObject: Node = 450, Myelin = 120, extracell = 1080
 =======================================================================
 Moving frames 1080 / 1650 ( 65.4545 % ) are removed
 =======================================================================
Excite zone = 0, Node zone = 0.0606061, intra zone = 30.9091 %, extra zone = 76.3636 % 
npts = 30, Excite node elem. = 0, Node elem. = 1, Myelin elem. = 0, intra elem. = 17, external elem. = 42, total elem = 55
v_InitObject: Node = 390, Myelin = 120, extracell = 1140
 =======================================================================
 Moving frames 1140 / 1650 ( 69.0909 % ) are removed
 =======================================================================
Excite zone = 0, Node zone = 0.0606061, intra zone = 34.5455 %, extra zone = 72.7273 % 
npts = 30, Excite node elem. = 0, Node elem. = 1, Myelin elem. = 1, intra elem. = 19, external elem. = 40, total elem = 55
v_InitObject: Node = 450, Myelin = 120, extracell = 1080
 =======================================================================
 Moving frames 1080 / 1650 ( 65.4545 % ) are removed
 =======================================================================
Max Anistrength_1  = 12.9582, Anistrength_2 = 12.9582, Min Anistrength 1 = 0, Anistrength 2 = 0
MMFInitObejct ==============================================
Excite zone = 0, Node zone = 0.0606061, intra zone = 34.5455 %, extra zone = 72.7273 % 
npts = 30, Excite node elem. = 0, Node elem. = 1, Myelin elem. = 1, intra elem. = 19, external elem. = 40, total elem = 55
v_InitObject: Node = 450, Myelin = 120, extracell = 1080
 =======================================================================
 Moving frames 1080 / 1650 ( 65.4545 % ) are removed
 =======================================================================
Max Anistrength_1  = 12.9582, Anistrength_2 = 12.9582, Min Anistrength 1 = 0, Anistrength 2 = 0
MMFInitObejct ==============================================
MMFActivation = 1650 /  1650 ( 100 % ) 
Excite zone = 0, Node zone = 0.0595238, intra zone = 33.9286 %, extra zone = 73.2143 % 
npts = 30, Excite node elem. = 0, Node elem. = 1, Myelin elem. = 1, intra elem. = 19, external elem. = 41, total elem = 56
v_InitObject: Node = 450, Myelin = 120, extracell = 1110
 =======================================================================
 Moving frames 1110 / 1680 ( 66.0714 % ) are removed
 =======================================================================
Max Anistrength_1  = 12.9582, Anistrength_2 = 12.9582, Min Anistrength 1 = 0, Anistrength 2 = 0
MMFInitObejct ==============================================
Excite zone = 0, Node zone = 0.0606061, intra zone = 34.5455 %, extra zone = 72.7273 % 
npts = 30, Excite node elem. = 0, Node elem. = 1, Myelin elem. = 1, intra elem. = 19, external elem. = 40, total elem = 55
v_InitObject: Node = 450, Myelin = 120, extracell = 1080
 =======================================================================
 Moving frames 1080 / 1650 ( 65.4545 % ) are removed
 =======================================================================
Max Anistrength_1  = 12.9582, Anistrength_2 = 12.9582, Min Anistrength 1 = 0, Anistrength 2 = 0
MMFInitObejct ==============================================
MMFActivation = 1650 /  1650 ( 100 % ) 
Excite zone = 0, Node zone = 0.0606061, intra zone = 30.9091 %, extra zone = 76.3636 % 
npts = 30, Excite node elem. = 0, Node elem. = 1, Myelin elem. = 0, intra elem. = 17, external elem. = 42, total elem = 55
v_InitObject: Node = 390, Myelin = 120, extracell = 1140
 =======================================================================
 Moving frames 1140 / 1650 ( 69.0909 % ) are removed
 =======================================================================
Max Anistrength_1  = 12.9582, Anistrength_2 = 12.9582, Min Anistrength 1 = 0, Anistrength 2 = 0
MMFInitObejct ==============================================
MMFActivation = 1650 /  1650 ( 100 % ) 
Excite zone = 0, Node zone = 0.0595238, intra zone = 33.9286 %, extra zone = 73.2143 % 
npts = 30, Excite node elem. = 0, Node elem. = 1, Myelin elem. = 1, intra elem. = 19, external elem. = 41, total elem = 56
v_InitObject: Node = 450, Myelin = 120, extracell = 1110
 =======================================================================
 Moving frames 1110 / 1680 ( 66.0714 % ) are removed
 =======================================================================
Max Anistrength_1  = 12.9582, Anistrength_2 = 12.9582, Min Anistrength 1 = 0, Anistrength 2 = 0
MMFInitObejct ==============================================
MMFActivation = 1680 /  1680 ( 100 % ) 
Excite zone = 0, Node zone = 0.0595238, intra zone = 32.1429 %, extra zone = 75 % 
npts = 30, Excite node elem. = 0, Node elem. = 1, Myelin elem. = 1, intra elem. = 18, external elem. = 42, total elem = 56
v_InitObject: Node = 420, Myelin = 120, extracell = 1140
 =======================================================================
 Moving frames 1140 / 1680 ( 67.8571 % ) are removed
 =======================================================================
Max Anistrength_1  = 12.9582, Anistrength_2 = 12.9582, Min Anistrength 1 = 0, Anistrength 2 = 0
MMFInitObejct ==============================================
MMFActivation = 1680 /  1680 ( 100 % ) 
Excite zone = 0, Node zone = 0.0595238, intra zone = 33.9286 %, extra zone = 76.7857 % 
npts = 30, Excite node elem. = 0, Node elem. = 1, Myelin elem. = 0, intra elem. = 19, external elem. = 43, total elem = 58
v_InitObject: Node = 390, Myelin = 180, extracell = 1110
 =======================================================================
 Moving frames 1110 / 1680 ( 66.0714 % ) are removed
 =======================================================================
Max Anistrength_1  = 12.9582, Anistrength_2 = 12.9582, Min Anistrength 1 = 0, Anistrength 2 = 0
MMFInitObejct ==============================================
MMFActivation = 1680 /  1680 ( 100 % ) 
Excite zone = 0, Node zone = 0.121212, intra zone = 38.1818 %, extra zone = 76.3636 % 
npts = 30, Excite node elem. = 0, Node elem. = 2, Myelin elem. = 0, intra elem. = 21, external elem. = 42, total elem = 55
v_InitObject: Node = 390, Myelin = 240, extracell = 1020
 =======================================================================
 Moving frames 1020 / 1650 ( 61.8182 % ) are removed
 =======================================================================
Max Anistrength_1  = 12.9582, Anistrength_2 = 12.9582, Min Anistrength 1 = 0, Anistrength 2 = 0
MMFInitObejct ==============================================
MMFActivation = 1650 /  1650 ( 100 % ) 
Excite zone = 0, Node zone = 0, intra zone = 30.3571 %, extra zone = 69.6429 % 
npts = 30, Excite node elem. = 0, Node elem. = 0, Myelin elem. = 1, intra elem. = 17, external elem. = 39, total elem = 56
v_InitObject: Node = 510, Myelin = 0, extracell = 1170
 =======================================================================
 Moving frames 1170 / 1680 ( 69.6429 % ) are removed
 =======================================================================
Max Anistrength_1  = 12.9582, Anistrength_2 = 12.9582, Min Anistrength 1 = 0, Anistrength 2 = 0
MMFInitObejct ==============================================
MMFActivation = 1680 /  1680 ( 100 % ) 
Excite zone = 0, Node zone = 0.0595238, intra zone = 32.1429 %, extra zone = 75 % 
npts = 30, Excite node elem. = 0, Node elem. = 1, Myelin elem. = 1, intra elem. = 18, external elem. = 42, total elem = 56
v_InitObject: Node = 420, Myelin = 120, extracell = 1140
 =======================================================================
 Moving frames 1140 / 1680 ( 67.8571 % ) are removed
 =======================================================================
Max Anistrength_1  = 12.9582, Anistrength_2 = 12.9582, Min Anistrength 1 = 0, Anistrength 2 = 0
MMFInitObejct ==============================================
MMFActivation = 1680 /  1680 ( 100 % ) 
Excite zone = 0, Node zone = 0.0606061, intra zone = 30.9091 %, extra zone = 76.3636 % 
npts = 30, Excite node elem. = 0, Node elem. = 1, Myelin elem. = 0, intra elem. = 17, external elem. = 42, total elem = 55
v_InitObject: Node = 390, Myelin = 120, extracell = 1140
 =======================================================================
 Moving frames 1140 / 1650 ( 69.0909 % ) are removed
 =======================================================================
Max Anistrength_1  = 12.9582, Anistrength_2 = 12.9582, Min Anistrength 1 = 0, Anistrength 2 = 0
MMFInitObejct ==============================================
MMFActivation = 1650 /  1650 ( 100 % ) 
Excite zone = 0, Node zone = 0.0595238, intra zone = 33.9286 %, extra zone = 73.2143 % 
npts = 30, Excite node elem. = 0, Node elem. = 1, Myelin elem. = 1, intra elem. = 19, external elem. = 41, total elem = 56
v_InitObject: Node = 450, Myelin = 120, extracell = 1110
 =======================================================================
 Moving frames 1110 / 1680 ( 66.0714 % ) are removed
 =======================================================================
Max Anistrength_1  = 12.9582, Anistrength_2 = 12.9582, Min Anistrength 1 = 0, Anistrength 2 = 0
MMFInitObejct ==============================================
MMFActivation = 1680 /  1680 ( 100 % ) 
MMFActivation = 1680 /  1680 ( 100 % ) 
Max Anistrength_1  = 12.9582, Anistrength_2 = 12.9582, Min Anistrength 1 = 0, Anistrength 2 = 0
MMFInitObejct ==============================================
MMFActivation = 1650 /  1650 ( 100 % ) 
Max Anistrength_1  = 12.9582, Anistrength_2 = 12.9582, Min Anistrength 1 = 0, Anistrength 2 = 0
MMFInitObejct ==============================================
MMFActivation = 1650 /  1650 ( 100 % ) 
Excite zone = 0, Node zone = 0.0595238, intra zone = 30.3571 %, extra zone = 76.7857 % 
npts = 30, Excite node elem. = 0, Node elem. = 1, Myelin elem. = 0, intra elem. = 17, external elem. = 43, total elem = 56
v_InitObject: Node = 390, Myelin = 120, extracell = 1170
 =======================================================================
 Moving frames 1170 / 1680 ( 69.6429 % ) are removed
 =======================================================================
Max Anistrength_1  = 12.9582, Anistrength_2 = 12.9582, Min Anistrength 1 = 0, Anistrength 2 = 0
MMFInitObejct ==============================================
MMFActivation = 1680 /  1680 ( 100 % ) 
MMFActivation = 1650 /  1650 ( 100 % ) 
MMFActivation = 1680 /  1680 ( 100 % ) 
Excite zone = 0, Node zone = 0.0595238, intra zone = 33.9286 %, extra zone = 73.2143 % 
npts = 30, Excite node elem. = 0, Node elem. = 1, Myelin elem. = 1, intra elem. = 19, external elem. = 41, total elem = 56
v_InitObject: Node = 450, Myelin = 120, extracell = 1110
 =======================================================================
 Moving frames 1110 / 1680 ( 66.0714 % ) are removed
 =======================================================================
Max Anistrength_1  = 12.9582, Anistrength_2 = 12.9582, Min Anistrength 1 = 0, Anistrength 2 = 0
MMFInitObejct ==============================================
MMFActivation = 1680 /  1680 ( 100 % ) 
Excite zone = 0, Node zone = 0.0595238, intra zone = 35.7143 %, extra zone = 75 % 
npts = 30, Excite node elem. = 0, Node elem. = 1, Myelin elem. = 1, intra elem. = 20, external elem. = 42, total elem = 58
v_InitObject: Node = 420, Myelin = 180, extracell = 1080
 =======================================================================
 Moving frames 1080 / 1680 ( 64.2857 % ) are removed
 =======================================================================
Max Anistrength_1  = 12.9582, Anistrength_2 = 12.9582, Min Anistrength 1 = 0, Anistrength 2 = 0
MMFInitObejct ==============================================
MMFActivation = 1680 /  1680 ( 100 % ) 
 =======================================================================
 Moving frames 1110 / 1680 ( 66.0714 % ) are removed
 =======================================================================
Max Anistrength_1  = 12.9582, Anistrength_2 = 12.9582, Min Anistrength 1 = 0, Anistrength 2 = 0
MMFInitObejct ==============================================
MMFActivation = 1680 /  1680 ( 100 % ) 
MMFActivation = 1650 /  1650 ( 100 % ) 
 =======================================================================
 Moving frames 1080 / 1680 ( 64.2857 % ) are removed
 =======================================================================
Max Anistrength_1  = 12.9582, Anistrength_2 = 12.9582, Min Anistrength 1 = 0, Anistrength 2 = 0
MMFInitObejct ==============================================
MMFActivation = 1680 /  1680 ( 100 % ) 
Max Anistrength_1  = 12.9582, Anistrength_2 = 12.9582, Min Anistrength 1 = 0, Anistrength 2 = 0
MMFInitObejct ==============================================
MMFActivation = 1680 /  1680 ( 100 % ) 
*** 1st Moving frames are NOT in unit length, Avg mag. = 3.20949 *** 
*** 2nd Moving frames are NOT in unit length, Avg mag. = 3.20949 *** 
*** Moving frames are Orthogonal
*** 1st Moving frames are NOT in unit length, Avg mag. = 3.20949 *** 
*** 2nd Moving frames are NOT in unit length, Avg mag. = 3.20949 *** 
*** Moving frames are Orthogonal
*** 1st Moving frames are NOT in unit length, Avg mag. = 3.2312 *** 
*** 2nd Moving frames are NOT in unit length, Avg mag. = 3.2312 *** 
*** Moving frames are Orthogonal
*** MF 0 = ( 0 , 1.83608 , 0 ) 
*** MF 1 = ( 1.83608 , 0 , 0 ) 
*** MF 0 = ( 0 , 1.83608 , 0 ) 
*** MF 1 = ( 1.83608 , 0 , 0 ) 
*** MF 2 = ( 0 , 0 , 1 ) 
*** MF 2 = ( 0 , 0 , 1 ) 
MMFInitObject is done ===========================
*** 1st Moving frames are NOT in unit length, Avg mag. = 3.2312 *** 
*** 2nd Moving frames are NOT in unit length, Avg mag. = 3.2312 *** 
*** Moving frames are Orthogonal
*** MF 0 = ( 0 , 1.88212 , 0 ) 
*** MF 1 = ( 1.88212 , 0 , 0 ) 
*** MF 2 = ( 0 , 0 , 1 ) 
MMFInitObject is done ===========================
*** 1st Moving frames are NOT in unit length, Avg mag. = 3.59975 *** 
*** 2nd Moving frames are NOT in unit length, Avg mag. = 3.59975 *** 
*** Moving frames are Orthogonal
MMFInitObject is done ===========================
*** MF 0 = ( 0 , 1.89915 , 0 ) 
*** MF 1 = ( 1.89915 , 0 , 0 ) 
*** MF 2 = ( 0 , 0 , 1 ) 
MMFInitObject is done ===========================
*** MF 0 = ( 0 , 1.98336 , 0 ) 
*** MF 1 = ( 1.98336 , 0 , 0 ) 
*** MF 2 = ( 0 , 0 , 1 ) 
MMFInitObject is done ===========================
*** 1st Moving frames are NOT in unit length, Avg mag. = 3.2312 *** 
*** 2nd Moving frames are NOT in unit length, Avg mag. = 3.2312 *** 
*** Moving frames are Orthogonal
*** 1st Moving frames are NOT in unit length, Avg mag. = 3.20949 *** 
*** 2nd Moving frames are NOT in unit length, Avg mag. = 3.20949 *** 
*** Moving frames are Orthogonal
*** MF 0 = ( 0 , 1.88212 , 0 ) 
*** MF 1 = ( 1.88212 , 0 , 0 ) 
*** MF 2 = ( 0 , 0 , 1 ) 
*** MF 0 = ( 0 , 1.81961 , 0 ) 
MMFInitObject is done ===========================
*** MF 1 = ( 1.81961 , 0 , 0 ) 
*** MF 2 = ( 0 , 0 , 1 ) 
MMFInitObject is done ===========================
*** 1st Moving frames are NOT in unit length, Avg mag. = 3.2312 *** 
*** 2nd Moving frames are NOT in unit length, Avg mag. = 3.2312 *** 
*** Moving frames are Orthogonal
*** 1st Moving frames are NOT in unit length, Avg mag. = 3.18504 *** 
*** 2nd Moving frames are NOT in unit length, Avg mag. = 3.18504 *** 
*** Moving frames are Orthogonal
*** 1st Moving frames are NOT in unit length, Avg mag. = 3.38577 *** 
*** 2nd Moving frames are NOT in unit length, Avg mag. = 3.38577 *** 
*** Moving frames are Orthogonal
*** 1st Moving frames are NOT in unit length, Avg mag. = 3.2312 *** 
*** 2nd Moving frames are NOT in unit length, Avg mag. = 3.2312 *** 
*** Moving frames are Orthogonal
*** 1st Moving frames are NOT in unit length, Avg mag. = 3.2312 *** 
*** 2nd Moving frames are NOT in unit length, Avg mag. = 3.2312 *** 
*** Moving frames are Orthogonal
*** 1st Moving frames are NOT in unit length, Avg mag. = 3.25062 *** 
*** 2nd Moving frames are NOT in unit length, Avg mag. = 3.25062 *** 
*** Moving frames are Orthogonal
*** 1st Moving frames are NOT in unit length, Avg mag. = 3.2312 *** 
*** 2nd Moving frames are NOT in unit length, Avg mag. = 3.2312 *** 
*** Moving frames are Orthogonal
*** MF 0 = ( 0 , 1.88212 , 0 ) 
*** MF 1 = ( 1.88212 , 0 , 0 ) 
*** MF 2 = ( 0 , 0 , 1 ) 
MMFInitObject is done ===========================
*** MF 0 = ( 0 , 1.94262 , 0 ) 
*** MF 1 = ( 1.94262 , 0 , 0 ) 
*** MF 2 = ( 0 , 0 , 1 ) 
MMFInitObject is done ===========================
*** 1st Moving frames are NOT in unit length, Avg mag. = 3.18504 *** 
*** 2nd Moving frames are NOT in unit length, Avg mag. = 3.18504 *** 
*** Moving frames are Orthogonal
*** MF 0 = ( 0 , 1.89915 , 0 ) 
*** MF 1 = ( 1.89915 , 0 , 0 ) 
*** MF 2 = ( 0 , 0 , 1 ) 
MMFInitObject is done ===========================
*** 1st Moving frames are NOT in unit length, Avg mag. = 3.2312 *** 
*** 2nd Moving frames are NOT in unit length, Avg mag. = 3.2312 *** 
*** Moving frames are Orthogonal
*** MF 0 = ( 0 , 1.89915 , 0 ) 
*** MF 1 = ( 1.89915 , 0 , 0 ) 
*** MF 2 = ( 0 , 0 , 1 ) 
MMFInitObject is done ===========================
*** 1st Moving frames are NOT in unit length, Avg mag. = 3.20949 *** 
*** 2nd Moving frames are NOT in unit length, Avg mag. = 3.20949 *** 
*** Moving frames are Orthogonal
*** MF 0 = ( 0 , 1.81961 , 0 ) 
*** MF 1 = ( 1.81961 , 0 , 0 ) 
*** MF 2 = ( 0 , 0 , 1 ) 
MMFInitObject is done ===========================
*** 1st Moving frames are NOT in unit length, Avg mag. = 3.03017 *** 
*** 2nd Moving frames are NOT in unit length, Avg mag. = 3.03017 *** 
*** Moving frames are Orthogonal
*** MF 0 = ( 0 , 1.76502 , 0 ) 
*** MF 1 = ( 1.76502 , 0 , 0 ) 
*** MF 2 = ( 0 , 0 , 1 ) 
*** 1st Moving frames are NOT in unit length, Avg mag. = 2.89874 *** 
*** 2nd Moving frames are NOT in unit length, Avg mag. = 2.89874 *** 
*** Moving frames are Orthogonal
*** MF 0 = ( 0 , 1.79117 , 0 ) 
*** MF 1 = ( 1.79117 , 0 , 0 ) 
*** 1st Moving frames are NOT in unit length, Avg mag. = 3.2312 *** 
*** 2nd Moving frames are NOT in unit length, Avg mag. = 3.2312 *** 
*** Moving frames are Orthogonal
*** 1st Moving frames are NOT in unit length, Avg mag. = 3.18504 *** 
*** 2nd Moving frames are NOT in unit length, Avg mag. = 3.18504 *** 
*** Moving frames are Orthogonal
*** 1st Moving frames are NOT in unit length, Avg mag. = 3.20949 *** 
*** 2nd Moving frames are NOT in unit length, Avg mag. = 3.20949 *** 
*** Moving frames are Orthogonal
*** MF 0 = ( 0 , 1.81961 , 0 ) 
*** MF 1 = ( 1.81961 , 0 , 0 ) 
*** MF 2 = ( 0 , 0 , 1 ) 
*** 1st Moving frames are NOT in unit length, Avg mag. = 3.06116 *** 
*** 2nd Moving frames are NOT in unit length, Avg mag. = 3.06116 *** 
*** Moving frames are Orthogonal
*** 1st Moving frames are NOT in unit length, Avg mag. = 2.81481 *** 
*** 2nd Moving frames are NOT in unit length, Avg mag. = 2.81481 *** 
*** Moving frames are Orthogonal
*** MF 0 = ( 0 , 1.77075 , 0 ) 
*** MF 1 = ( 1.77075 , 0 , 0 ) 
*** MF 2 = ( 0 , 0 , 1 ) 
MMFInitObject is done ===========================
*** 1st Moving frames are NOT in unit length, Avg mag. = 3.06116 *** 
*** 2nd Moving frames are NOT in unit length, Avg mag. = 3.06116 *** 
*** Moving frames are Orthogonal
*** 1st Moving frames are NOT in unit length, Avg mag. = 3.2312 *** 
*** 2nd Moving frames are NOT in unit length, Avg mag. = 3.2312 *** 
*** Moving frames are Orthogonal
*** MF 0 = ( 0 , 1.88212 , 0 ) 
*** MF 1 = ( 1.88212 , 0 , 0 ) 
*** MF 2 = ( 0 , 0 , 1 ) 
MMFInitObject is done ===========================
*** MF 0 = ( 0 , 1.82615 , 0 ) 
*** MF 1 = ( 1.82615 , 0 , 0 ) 
*** MF 2 = ( 0 , 0 , 1 ) 
MMFInitObject is done ===========================
*** MF 0 = ( 0 , 1.88212 , 0 ) 
*** MF 1 = ( 1.88212 , 0 , 0 ) 
*** MF 2 = ( 0 , 0 , 1 ) 
MMFInitObject is done ===========================
*** MF 0 = ( 0 , 1.89915 , 0 ) 
*** MF 1 = ( 1.89915 , 0 , 0 ) 
*** MF 2 = ( 0 , 0 , 1 ) 
MMFInitObject is done ===========================
*** 1st Moving frames are in unit length ***
*** 2nd Moving frames are in unit length ***
*** Moving frames are Orthogonal
MMFInitObject is done ===========================
*** 1st Moving frames are NOT in unit length, Avg mag. = 3.20949 *** 
*** 2nd Moving frames are NOT in unit length, Avg mag. = 3.20949 *** 
*** Moving frames are Orthogonal
*** MF 0 = ( 0 , 1.81961 , 0 ) 
*** MF 1 = ( 1.81961 , 0 , 0 ) 
*** MF 2 = ( 0 , 0 , 1 ) 
MMFInitObject is done ===========================
*** MF 2 = ( 0 , 0 , 1 ) 
MMFInitObject is done ===========================
*** MF 0 = ( 0 , 1.88212 , 0 ) 
*** MF 1 = ( 1.88212 , 0 , 0 ) 
*** MF 2 = ( 0 , 0 , 1 ) 
MMFInitObject is done ===========================
*** MF 0 = ( 0 , 1.77075 , 0 ) 
*** MF 1 = ( 1.77075 , 0 , 0 ) 
*** MF 2 = ( 0 , 0 , 1 ) 
MMFInitObject is done ===========================
MMFInitObject is done ===========================
*** MF 0 = ( 0 , 1.8294 , 0 ) 
*** MF 1 = ( 1.8294 , 0 , 0 ) 
*** MF 2 = ( 0 , 0 , 1 ) 
MMFInitObject is done ===========================
*** MF 0 = ( 0 , 1.63958 , 0 ) 
*** MF 1 = ( 1.63958 , 0 , 0 ) 
*** MF 2 = ( 0 , 0 , 1 ) 
MMFInitObject is done ===========================
*** MF 0 = ( 0 , 1.8294 , 0 ) 
*** MF 1 = ( 1.8294 , 0 , 0 ) 
*** MF 2 = ( 0 , 0 , 1 ) 
*** MF 0 = ( 0 , 1.77075 , 0 ) 
*** MF 1 = ( 1.77075 , 0 , 0 ) 
*** MF 2 = ( 0 , 0 , 1 ) 
MMFInitObject is done ===========================
*** 1st Moving frames are NOT in unit length, Avg mag. = 3.2312 *** 
*** 2nd Moving frames are NOT in unit length, Avg mag. = 3.2312 *** 
*** Moving frames are Orthogonal
*** MF 0 = ( 0 , 1.89915 , 0 ) 
*** MF 1 = ( 1.89915 , 0 , 0 ) 
*** MF 2 = ( 0 , 0 , 1 ) 
MMFInitObject is done ===========================
*** 1st Moving frames are in unit length ***
*** 2nd Moving frames are in unit length ***
*** Moving frames are Orthogonal
*** MF 0 = ( 0.534761 , 0.845004 , 0 ) 
*** MF 1 = ( 0.845004 , 0.534761 , 0 ) 
*** MF 2 = ( 0 , 0 , 1 ) 
*** 1st Moving frames are in unit length ***
*** 2nd Moving frames are in unit length ***
*** Moving frames are Orthogonal
*** 1st Moving frames are NOT in unit length, Avg mag. = 3.2312 *** 
*** 2nd Moving frames are NOT in unit length, Avg mag. = 3.2312 *** 
*** Moving frames are Orthogonal
MMFInitObject is done ===========================
*** 1st Moving frames are NOT in unit length, Avg mag. = 3.18504 *** 
*** 2nd Moving frames are NOT in unit length, Avg mag. = 3.18504 *** 
*** Moving frames are Orthogonal
*** MF 0 = ( 0.52442 , 0.85146 , 0 ) 
*** MF 1 = ( 0.85146 , 0.52442 , 0 ) 
*** MF 2 = ( 0 , 0 , 1 ) 
*** 1st Moving frames are in unit length ***
*** 2nd Moving frames are in unit length ***
*** Moving frames are Orthogonal
Generating moving frames for the domain with anisotropic fiber
*** MF 0 = ( 0.495618 , 0.868541 , 0 ) 
*** MF 1 = ( 0.868541 , 0.495618 , 0 ) 
*** MF 2 = ( 0 , 0 , 1 ) 
*** MF 0 = ( 0 , 1.88212 , 0 ) 
Generating moving frames for the domain with anisotropic fiber
*** 1st Moving frames are in unit length ***
*** 2nd Moving frames are in unit length ***
*** Moving frames are Orthogonal
*** MF 0 = ( 0 , 1.75487 , 0 ) 
*** MF 1 = ( 1.75487 , 0 , 0 ) 
Generating moving frames for the domain with anisotropic fiber
*** MF 0 = ( 0.414068 , 0.910246 , 0 ) 
*** MF 1 = ( 0.910246 , 0.414068 , 0 ) 
*** MF 2 = ( 0 , 0 , 1 ) 
*** MF 2 = ( 0 , 0 , 1 ) 
MMFInitObject is done ===========================
*** MF 0 = ( 0.415824 , 0.909445 , 0 ) 
*** MF 1 = ( 0.909445 , 0.415824 , 0 ) 
*** MF 2 = ( 0 , 0 , 1 ) 
Generating moving frames for the domain with anisotropic fiber
*** MF 1 = ( 1.88212 , 0 , 0 ) 
*** MF 2 = ( 0 , 0 , 1 ) 
MMFInitObject is done ===========================
Generating moving frames for the domain with anisotropic fiber
*** 1st Moving frames are in unit length ***
*** 2nd Moving frames are in unit length ***
*** Moving frames are Orthogonal
*** MF 0 = ( 0.500993 , 0.865451 , 0 ) 
*** MF 1 = ( 0.865451 , 0.500993 , 0 ) 
*** MF 2 = ( 0 , 0 , 1 ) 
Generating moving frames for the domain with anisotropic fiber
k = 0, m_varcoeff = ( 0 , 1.83608 , 0 , 4.49315e-13 , 6.54329 ) 
k = 0, m_varcoeff = ( 0 , 1.83608 , 0 , 4.36879e-13 , 6.54329 ) 
k = 0, m_varcoeff = ( 0 , 1.88212 , 0 , 4.50233e-13 , 6.71182 ) 
k = 0, m_varcoeff = ( 0 , 1.89915 , 0 , 4.61577e-13 , 6.77256 ) 
k = 1, m_varcoeff = ( 1.83608 , 0 , 0 , 9.72436e-13 , 6.54329 ) 
k = 0, m_varcoeff = ( 0 , 1.98336 , 0 , 3.97319e-13 , 7.13961 ) 
*** 1st Moving frames are in unit length ***
*** 2nd Moving frames are in unit length ***
*** Moving frames are Orthogonal
k = 1, m_varcoeff = ( 1.83608 , 0 , 0 , 9.90576e-13 , 6.54329 ) 
k = 1, m_varcoeff = ( 1.88212 , 0 , 0 , 1.04407e-12 , 6.71182 ) 
k = 1, m_varcoeff = ( 1.89915 , 0 , 0 , 1.03648e-12 , 6.77256 ) 
*** MF 0 = ( 0.491172 , 0.871062 , 0 ) 
*** MF 1 = ( 0.871062 , 0.491172 , 0 ) 
*** MF 2 = ( 0 , 0 , 1 ) 
k = 1, m_varcoeff = ( 1.98336 , 0 , 0 , 1.07866e-12 , 7.13961 ) 
Generating moving frames for the domain with anisotropic fiber
k = 2, m_varcoeff = ( 0 , 0 , 1 , 0 , 1 ) 
 ::::: 2D Varcoeff is Successfully Created ::::: 


Generating moving frames for the distribution of the external potential with point excitation at the Raniver node
k = 2, m_varcoeff = ( 0 , 0 , 1 , 0 , 1 ) 
 ::::: 2D Varcoeff is Successfully Created ::::: 


Generating moving frames for the distribution of the external potential with point excitation at the Raniver node
k = 0, m_varcoeff = ( 0 , 1.88212 , 0 , 4.3313e-13 , 6.71182 ) 
k = 2, m_varcoeff = ( 0 , 0 , 1 , 0 , 1 ) 
 ::::: 2D Varcoeff is Successfully Created ::::: 


Generating moving frames for the distribution of the external potential with point excitation at the Raniver node
*** 1st Moving frames are in unit length ***
*** 2nd Moving frames are in unit length ***
*** Moving frames are Orthogonal
*** 1st Moving frames are in unit length ***
*** 2nd Moving frames are in unit length ***
*** Moving frames are Orthogonal
*** 1st Moving frames are in unit length ***
*** 2nd Moving frames are in unit length ***
*** Moving frames are Orthogonal
*** 1st Moving frames are in unit length ***
*** 2nd Moving frames are in unit length ***
*** Moving frames are Orthogonal
k = 2, m_varcoeff = ( 0 , 0 , 1 , 0 , 1 ) 
 ::::: 2D Varcoeff is Successfully Created ::::: 


Generating moving frames for the distribution of the external potential with point excitation at the Raniver node
*** 1st Moving frames are in unit length ***
*** 2nd Moving frames are in unit length ***
*** Moving frames are Orthogonal
*** 1st Moving frames are in unit length ***
*** 2nd Moving frames are in unit length ***
*** Moving frames are Orthogonal
*** MF 0 = ( 0.540597 , 0.841282 , 0 ) 
*** MF 1 = ( 0.841282 , 0.540597 , 0 ) 
*** 1st Moving frames are in unit length ***
*** 2nd Moving frames are in unit length ***
*** Moving frames are Orthogonal
*** MF 0 = ( 0.481065 , 0.876685 , 0 ) 
*** MF 1 = ( 0.876685 , 0.481065 , 0 ) 
*** MF 2 = ( 0 , 0 , 1 ) 
Generating moving frames for the domain with anisotropic fiber
k = 0, m_varcoeff = ( 29.9313 , 46.4203 , 0 , 0.000178669 , 3055.69 ) 
*** MF 0 = ( 0.476922 , 0.878945 , 0 ) 
*** MF 1 = ( 0.878945 , 0.476922 , 0 ) 
*** MF 2 = ( 0 , 0 , 1 ) 
Generating moving frames for the domain with anisotropic fiber
*** 1st Moving frames are in unit length ***
*** 2nd Moving frames are in unit length ***
*** Moving frames are Orthogonal
k = 2, m_varcoeff = ( 0 , 0 , 1 , 0 , 1 ) 
 ::::: 2D Varcoeff is Successfully Created ::::: 


Generating moving frames for the distribution of the external potential with point excitation at the Raniver node
*** 1st Moving frames are in unit length ***
*** 2nd Moving frames are in unit length ***
*** Moving frames are Orthogonal
*** 1st Moving frames are in unit length ***
*** 2nd Moving frames are in unit length ***
*** Moving frames are Orthogonal
k = 0, m_varcoeff = ( 29.3525 , 46.879 , 0 , 0.000164551 , 3063.88 ) 
*** MF 2 = ( 0 , 0 , 1 ) 
Generating moving frames for the domain with anisotropic fiber
*** MF 0 = ( 0.495124 , 0.868822 , 0 ) 
*** MF 1 = ( 0.868822 , 0.495124 , 0 ) 
*** MF 2 = ( 0 , 0 , 1 ) 
*** MF 0 = ( 0.51284 , 0.858484 , 0 ) 
*** MF 1 = ( 0.858484 , 0.51284 , 0 ) 
*** MF 2 = ( 0 , 0 , 1 ) 
*** 1st Moving frames are in unit length ***
*** 2nd Moving frames are in unit length ***
*** Moving frames are Orthogonal
*** MF 0 = ( 0.531037 , 0.847349 , 0 ) 
*** MF 1 = ( 0.847349 , 0.531037 , 0 ) 
*** MF 2 = ( 0 , 0 , 1 ) 
Generating moving frames for the domain with anisotropic fiber
*** MF 0 = ( 0.514737 , 0.857348 , 0 ) 
*** MF 1 = ( 0.857348 , 0.514737 , 0 ) 
*** MF 2 = ( 0 , 0 , 1 ) 
Generating moving frames for the domain with anisotropic fiber
k = 1, m_varcoeff = ( 1.88212 , 0 , 0 , 1.03522e-12 , 6.71182 ) 
*** MF 0 = ( 0.495618 , 0.868541 , 0 ) 
*** MF 1 = ( 0.868541 , 0.495618 , 0 ) 
*** MF 2 = ( 0 , 0 , 1 ) 
Generating moving frames for the domain with anisotropic fiber
*** 1st Moving frames are in unit length ***
*** 2nd Moving frames are in unit length ***
*** Moving frames are Orthogonal
*** MF 0 = ( 0.514737 , 0.857348 , 0 ) 
*** MF 1 = ( 0.857348 , 0.514737 , 0 ) 
*** MF 2 = ( 0 , 0 , 1 ) 
*** MF 0 = ( 0.528123 , 0.849168 , 0 ) 
*** MF 1 = ( 0.849168 , 0.528123 , 0 ) 
*** MF 2 = ( 0 , 0 , 1 ) 
Generating moving frames for the domain with anisotropic fiber
*** 1st Moving frames are in unit length ***
*** 2nd Moving frames are in unit length ***
*** Moving frames are Orthogonal
*** MF 0 = ( 0.472645 , 0.881253 , 0 ) 
*** MF 1 = ( 0.881253 , 0.472645 , 0 ) 
k = 0, m_varcoeff = ( 27.7404 , 47.9871 , 0 , 0.000170354 , 3077.28 ) 
Generating moving frames for the domain with anisotropic fiber
k = 0, m_varcoeff = ( 23.2743 , 49.9502 , 0 , 0.00012082 , 3041.29 ) 
k = 2, m_varcoeff = ( 0 , 0 , 1 , 0 , 1 ) 
 ::::: 2D Varcoeff is Successfully Created ::::: 


Generating moving frames for the distribution of the external potential with point excitation at the Raniver node
*** 1st Moving frames are in unit length ***
*** 2nd Moving frames are in unit length ***
*** Moving frames are Orthogonal
Generating moving frames for the domain with anisotropic fiber
*** 1st Moving frames are in unit length ***
*** 2nd Moving frames are in unit length ***
*** Moving frames are Orthogonal
*** MF 2 = ( 0 , 0 , 1 ) 
Generating moving frames for the domain with anisotropic fiber
k = 0, m_varcoeff = ( 23.176 , 50.6363 , 0 , 0.000199759 , 3107.31 ) 
*** 1st Moving frames are in unit length ***
*** 2nd Moving frames are in unit length ***
*** Moving frames are Orthogonal
*** 1st Moving frames are in unit length ***
*** 2nd Moving frames are in unit length ***
*** Moving frames are Orthogonal
*** MF 0 = ( 0.547889 , 0.836551 , 0 ) 
*** MF 1 = ( 0.836551 , 0.547889 , 0 ) 
*** MF 2 = ( 0 , 0 , 1 ) 
*** 1st Moving frames are in unit length ***
*** 2nd Moving frames are in unit length ***
*** Moving frames are Orthogonal
*** MF 0 = ( 0.493152 , 0.869943 , 0 ) 
*** MF 1 = ( 0.869943 , 0.493152 , 0 ) 
*** MF 2 = ( 0 , 0 , 1 ) 
Generating moving frames for the domain with anisotropic fiber
*** 1st Moving frames are in unit length ***
*** 2nd Moving frames are in unit length ***
*** Moving frames are Orthogonal
k = 1, m_varcoeff = ( 46.4203 , 29.9313 , 0 , 0.000510483 , 3055.69 ) 
*** 1st Moving frames are in unit length ***
*** 2nd Moving frames are in unit length ***
*** Moving frames are Orthogonal
Generating moving frames for the domain with anisotropic fiber
k = 1, m_varcoeff = ( 47.9871 , 27.7404 , 0 , 0.000486727 , 3077.28 ) 
*** 1st Moving frames are in unit length ***
*** 2nd Moving frames are in unit length ***
*** Moving frames are Orthogonal
*** MF 0 = ( 0.483123 , 0.875553 , 0 ) 
*** MF 1 = ( 0.875553 , 0.483123 , 0 ) 
*** MF 2 = ( 0 , 0 , 1 ) 
k = 1, m_varcoeff = ( 49.9502 , 23.2743 , 0 , 0.000345198 , 3041.29 ) 
*** MF 0 = ( 0.497615 , 0.867398 , 0 ) 
*** MF 1 = ( 0.867398 , 0.497615 , 0 ) 
*** MF 2 = ( 0 , 0 , 1 ) 
*** MF 0 = ( 0.514737 , 0.857348 , 0 ) 
*** MF 1 = ( 0.857348 , 0.514737 , 0 ) 
*** MF 2 = ( 0 , 0 , 1 ) 
Generating moving frames for the domain with anisotropic fiber
k = 0, m_varcoeff = ( 0 , 1.81961 , 0 , 4.35298e-13 , 6.4846 ) 
*** MF 0 = ( 0.47675 , 0.879039 , 0 ) 
*** MF 1 = ( 0.879039 , 0.47675 , 0 ) 
*** MF 2 = ( 0 , 0 , 1 ) 
Generating moving frames for the domain with anisotropic fiber
*** MF 0 = ( 0.501587 , 0.865107 , 0 ) 
*** MF 1 = ( 0.865107 , 0.501587 , 0 ) 
*** MF 2 = ( 0 , 0 , 1 ) 
Generating moving frames for the domain with anisotropic fiber
*** MF 0 = ( 0.510937 , 0.859618 , 0 ) 
*** MF 1 = ( 0.859618 , 0.510937 , 0 ) 
*** MF 2 = ( 0 , 0 , 1 ) 
Generating moving frames for the domain with anisotropic fiber
k = 1, m_varcoeff = ( 46.879 , 29.3525 , 0 , 0.000470148 , 3063.88 ) 
*** MF 0 = ( 0.615288 , 0.788302 , 0 ) 
*** MF 1 = ( 0.788302 , 0.615288 , 0 ) 
*** MF 2 = ( 0 , 0 , 1 ) 
*** MF 0 = ( 0.495124 , 0.868822 , 0 ) 
*** MF 1 = ( 0.868822 , 0.495124 , 0 ) 
*** MF 2 = ( 0 , 0 , 1 ) 
Generating moving frames for the domain with anisotropic fiber
Generating moving frames for the domain with anisotropic fiber
*** 1st Moving frames are in unit length ***
*** 2nd Moving frames are in unit length ***
*** Moving frames are Orthogonal
*** 1st Moving frames are in unit length ***
*** 2nd Moving frames are in unit length ***
*** Moving frames are Orthogonal
Generating moving frames for the domain with anisotropic fiber
k = 1, m_varcoeff = ( 50.6363 , 23.176 , 0 , 0.000570736 , 3107.31 ) 
Generating moving frames for the domain with anisotropic fiber
k = 2, m_varcoeff = ( 0.0603023 , 0 , 0 , 92.1132 , 0.0603023 ) 
 ::::: 2D Varcoeff is Successfully Created ::::: 


Generating moving frames for the domain with anisotropic fiber
k = 2, m_varcoeff = ( 0.0603023 , 0 , 0 , 4.14428e-10 , 0.0603023 ) 
 ::::: 2D Varcoeff is Successfully Created ::::: 


k = 0, m_varcoeff = ( 28.0413 , 48.113 , 0 , 0.000188752 , 3106.51 ) 
k = 2, m_varcoeff = ( 0.0597614 , 0 , 0 , 91.2871 , 0.0597614 ) 
 ::::: 2D Varcoeff is Successfully Created ::::: 


k = 0, m_varcoeff = ( 0 , 1.89915 , 0 , 8.26505e-13 , 6.77256 ) 
k = 2, m_varcoeff = ( 0.0603023 , 0 , 0 , 92.1132 , 0.0603023 ) 
 ::::: 2D Varcoeff is Successfully Created ::::: 


*** MF 0 = ( 0.529964 , 0.84802 , 0 ) 
*** MF 1 = ( 0.84802 , 0.529964 , 0 ) 
*** MF 2 = ( 0 , 0 , 1 ) 
*** MF 0 = ( 0.457639 , 0.889138 , 0 ) 
*** MF 1 = ( 0.889138 , 0.457639 , 0 ) 
*** MF 2 = ( 0 , 0 , 1 ) 
k = 1, m_varcoeff = ( 1.81961 , 0 , 0 , 1.00851e-12 , 6.4846 ) 
k = 2, m_varcoeff = ( 0.0597614 , 0 , 0 , 91.2871 , 0.0597614 ) 
 ::::: 2D Varcoeff is Successfully Created ::::: 


k = 0, m_varcoeff = ( 0 , 1.77075 , 0 , 4.26332e-13 , 6.30568 ) 
k = 1, m_varcoeff = ( 48.113 , 28.0413 , 0 , 0.000539296 , 3106.51 ) 
k = 0, m_varcoeff = ( 0 , 1.82615 , 0 , 4.1197e-13 , 6.54051 ) 
Generating moving frames for the domain with anisotropic fiber
Generating moving frames for the domain with anisotropic fiber
k = 0, m_varcoeff = ( 0 , 1.88212 , 0 , 4.27892e-13 , 6.71182 ) 
k = 0, m_varcoeff = ( 0 , 1.88212 , 0 , 4.35725e-13 , 6.71182 ) 
k = 0, m_varcoeff = ( 0 , 1.89915 , 0 , 4.54308e-13 , 6.77256 ) 
k = 1, m_varcoeff = ( 1.89915 , 0 , 0 , 1.15502e-12 , 6.77256 ) 
k = 0, m_varcoeff = ( 0 , 1.89915 , 0 , 4.42012e-13 , 6.77256 ) 
k = 0, m_varcoeff = ( 0 , 1.94262 , 0 , 4.55375e-13 , 6.93159 ) 
k = 0, m_varcoeff = ( 0 , 1.88212 , 0 , 4.3313e-13 , 6.71182 ) 
k = 0, m_varcoeff = ( 0 , 1.81961 , 0 , 4.327e-13 , 6.4846 ) 
k = 0, m_varcoeff = ( 0 , 1.76502 , 0 , 4.48424e-13 , 6.25198 ) 
k = 2, m_varcoeff = ( 0 , 0 , 1 , 0 , 1 ) 
 ::::: 2D Varcoeff is Successfully Created ::::: 


Generating moving frames for the distribution of the external potential with point excitation at the Raniver node
k = 2, m_varcoeff = ( 0.0597614 , 0 , 0 , 2.41083e-11 , 0.0597614 ) 
 ::::: 2D Varcoeff is Successfully Created ::::: 


k = 1, m_varcoeff = ( 1.77075 , 0 , 0 , 9.43428e-13 , 6.30568 ) 
k = 1, m_varcoeff = ( 1.82615 , 0 , 0 , 9.86109e-13 , 6.54051 ) 
k = 0, m_varcoeff = ( 0 , 1.79117 , 0 , 4.7984e-13 , 6.31144 ) 
k = 0, m_varcoeff = ( 0 , 1.81961 , 0 , 4.42745e-13 , 6.4846 ) 
k = 0, m_varcoeff = ( 0 , 1.88212 , 0 , 4.38048e-13 , 6.71182 ) 
k = 0, m_varcoeff = ( 0 , 1.8294 , 0 , 4.60739e-13 , 6.48735 ) 
k = 0, m_varcoeff = ( 0 , 1.77075 , 0 , 4.12928e-13 , 6.30568 ) 
k = 1, m_varcoeff = ( 1.88212 , 0 , 0 , 1.07705e-12 , 6.71182 ) 
k = 1, m_varcoeff = ( 1.88212 , 0 , 0 , 1.08556e-12 , 6.71182 ) 
k = 0, m_varcoeff = ( 0 , 1.81961 , 0 , 4.27721e-13 , 6.4846 ) 
k = 0, m_varcoeff = ( 0 , 1.77075 , 0 , 3.99361e-13 , 6.30568 ) 
k = 0, m_varcoeff = ( 0 , 1.89915 , 0 , 4.44344e-13 , 6.77256 ) 
k = 0, m_varcoeff = ( 0 , 1.8294 , 0 , 4.58285e-13 , 6.48735 ) 
k = 0, m_varcoeff = ( 0 , 1.63958 , 0 , 8.29023e-13 , 5.75552 ) 
k = 1, m_varcoeff = ( 1.89915 , 0 , 0 , 1.0868e-12 , 6.77256 ) 
k = 1, m_varcoeff = ( 1.89915 , 0 , 0 , 1.05352e-12 , 6.77256 ) 
k = 1, m_varcoeff = ( 1.94262 , 0 , 0 , 1.06989e-12 , 6.93159 ) 
k = 2, m_varcoeff = ( 0 , 0 , 1 , 0 , 1 ) 
 ::::: 2D Varcoeff is Successfully Created ::::: 


Generating moving frames for the distribution of the external potential with point excitation at the Raniver node
k = 1, m_varcoeff = ( 1.88212 , 0 , 0 , 1.03522e-12 , 6.71182 ) 
k = 1, m_varcoeff = ( 1.81961 , 0 , 0 , 1.00027e-12 , 6.4846 ) 
k = 1, m_varcoeff = ( 1.76502 , 0 , 0 , 9.7705e-13 , 6.25198 ) 
k = 0, m_varcoeff = ( 27.4917 , 48.0665 , 0 , 0.000164552 , 3070.55 ) 
k = 1, m_varcoeff = ( 1.79117 , 0 , 0 , 1.0266e-12 , 6.31144 ) 
k = 2, m_varcoeff = ( 0 , 0 , 1 , 0 , 1 ) 
 ::::: 2D Varcoeff is Successfully Created ::::: 


Generating moving frames for the distribution of the external potential with point excitation at the Raniver node
k = 1, m_varcoeff = ( 1.81961 , 0 , 0 , 9.91023e-13 , 6.4846 ) 
k = 2, m_varcoeff = ( 0 , 0 , 1 , 0 , 1 ) 
 ::::: 2D Varcoeff is Successfully Created ::::: 


Generating moving frames for the distribution of the external potential with point excitation at the Raniver node
k = 1, m_varcoeff = ( 1.88212 , 0 , 0 , 1.06069e-12 , 6.71182 ) 
k = 1, m_varcoeff = ( 1.81961 , 0 , 0 , 9.91023e-13 , 6.4846 ) 
k = 1, m_varcoeff = ( 1.77075 , 0 , 0 , 9.71807e-13 , 6.30568 ) 
k = 0, m_varcoeff = ( 0 , 1.75487 , 0 , 4.22509e-13 , 6.24913 ) 
k = 1, m_varcoeff = ( 1.8294 , 0 , 0 , 1.00459e-12 , 6.48735 ) 
k = 0, m_varcoeff = ( 0 , 1.88212 , 0 , 4.47722e-13 , 6.71182 ) 
k = 2, m_varcoeff = ( 0 , 0 , 1 , 0 , 1 ) 
 ::::: 2D Varcoeff is Successfully Created ::::: 


Generating moving frames for the distribution of the external potential with point excitation at the Raniver node
k = 2, m_varcoeff = ( 0 , 0 , 1 , 0 , 1 ) 
 ::::: 2D Varcoeff is Successfully Created ::::: 


Generating moving frames for the distribution of the external potential with point excitation at the Raniver node
k = 1, m_varcoeff = ( 1.89915 , 0 , 0 , 1.03648e-12 , 6.77256 ) 
k = 0, m_varcoeff = ( 30.258 , 46.5177 , 0 , 0.000152368 , 3084.26 ) 
k = 1, m_varcoeff = ( 1.77075 , 0 , 0 , 9.99381e-13 , 6.30568 ) 
k = 1, m_varcoeff = ( 1.8294 , 0 , 0 , 1.00459e-12 , 6.48735 ) 
k = 1, m_varcoeff = ( 1.63958 , 0 , 0 , 1.05322e-12 , 5.75552 ) 
k = 2, m_varcoeff = ( 0 , 0 , 1 , 0 , 1 ) 
 ::::: 2D Varcoeff is Successfully Created ::::: 


Generating moving frames for the distribution of the external potential with point excitation at the Raniver node
k = 2, m_varcoeff = ( 0 , 0 , 1 , 0 , 1 ) 
 ::::: 2D Varcoeff is Successfully Created ::::: 


Generating moving frames for the distribution of the external potential with point excitation at the Raniver node
k = 1, m_varcoeff = ( 48.0665 , 27.4917 , 0 , 0.000470148 , 3070.55 ) 
k = 2, m_varcoeff = ( 0 , 0 , 1 , 0 , 1 ) 
 ::::: 2D Varcoeff is Successfully Created ::::: 


Generating moving frames for the distribution of the external potential with point excitation at the Raniver node
k = 2, m_varcoeff = ( 0 , 0 , 1 , 0 , 1 ) 
 ::::: 2D Varcoeff is Successfully Created ::::: 


Generating moving frames for the distribution of the external potential with point excitation at the Raniver node
k = 2, m_varcoeff = ( 0 , 0 , 1 , 0 , 1 ) 
 ::::: 2D Varcoeff is Successfully Created ::::: 


Generating moving frames for the distribution of the external potential with point excitation at the Raniver node
k = 2, m_varcoeff = ( 0 , 0 , 1 , 0 , 1 ) 
 ::::: 2D Varcoeff is Successfully Created ::::: 


Generating moving frames for the distribution of the external potential with point excitation at the Raniver node
k = 2, m_varcoeff = ( 0 , 0 , 1 , 0 , 1 ) 
 ::::: 2D Varcoeff is Successfully Created ::::: 


Generating moving frames for the distribution of the external potential with point excitation at the Raniver node
k = 2, m_varcoeff = ( 0 , 0 , 1 , 0 , 1 ) 
 ::::: 2D Varcoeff is Successfully Created ::::: 


Generating moving frames for the distribution of the external potential with point excitation at the Raniver node
k = 0, m_varcoeff = ( 26.9259 , 48.4464 , 0 , 0.00017867 , 3077.04 ) 
k = 2, m_varcoeff = ( 0 , 0 , 1 , 0 , 1 ) 
 ::::: 2D Varcoeff is Successfully Created ::::: 


Generating moving frames for the distribution of the external potential with point excitation at the Raniver node
k = 2, m_varcoeff = ( 0 , 0 , 1 , 0 , 1 ) 
 ::::: 2D Varcoeff is Successfully Created ::::: 


Generating moving frames for the distribution of the external potential with point excitation at the Raniver node
k = 2, m_varcoeff = ( 0 , 0 , 1 , 0 , 1 ) 
 ::::: 2D Varcoeff is Successfully Created ::::: 


Generating moving frames for the distribution of the external potential with point excitation at the Raniver node
k = 1, m_varcoeff = ( 1.88212 , 0 , 0 , 1.01819e-12 , 6.71182 ) 
k = 2, m_varcoeff = ( 0 , 0 , 1 , 0 , 1 ) 
 ::::: 2D Varcoeff is Successfully Created ::::: 


Generating moving frames for the distribution of the external potential with point excitation at the Raniver node
k = 0, m_varcoeff = ( 26.6941 , 48.4045 , 0 , 1.42527e-05 , 3060.21 ) 
k = 0, m_varcoeff = ( 29.5598 , 47.339 , 0 , 0.000168827 , 3119.41 ) 
k = 0, m_varcoeff = ( 28.8106 , 47.9405 , 0 , 0.000181046 , 3133.08 ) 
k = 2, m_varcoeff = ( 0 , 0 , 1 , 0 , 1 ) 
 ::::: 2D Varcoeff is Successfully Created ::::: 


Generating moving frames for the distribution of the external potential with point excitation at the Raniver node
k = 1, m_varcoeff = ( 46.5177 , 30.258 , 0 , 0.000435342 , 3084.26 ) 
k = 1, m_varcoeff = ( 1.75487 , 0 , 0 , 9.53487e-13 , 6.24913 ) 
k = 2, m_varcoeff = ( 0 , 0 , 1 , 0 , 1 ) 
 ::::: 2D Varcoeff is Successfully Created ::::: 


Generating moving frames for the distribution of the external potential with point excitation at the Raniver node
k = 2, m_varcoeff = ( 0.0597614 , 0 , 0 , 3.73394e-10 , 0.0597614 ) 
 ::::: 2D Varcoeff is Successfully Created ::::: 


k = 2, m_varcoeff = ( 0 , 0 , 1 , 0 , 1 ) 
 ::::: 2D Varcoeff is Successfully Created ::::: 


Generating moving frames for the distribution of the external potential with point excitation at the Raniver node
k = 2, m_varcoeff = ( 0 , 0 , 1 , 0 , 1 ) 
 ::::: 2D Varcoeff is Successfully Created ::::: 


Generating moving frames for the distribution of the external potential with point excitation at the Raniver node
k = 0, m_varcoeff = ( 28.7044 , 47.5003 , 0 , 0.000177067 , 3085.74 ) 
k = 0, m_varcoeff = ( 29.7229 , 47.0823 , 0 , 0.000170354 , 3104.82 ) 
k = 0, m_varcoeff = ( 28.8106 , 47.3595 , 0 , 0.000181046 , 3077.92 ) 
k = 0, m_varcoeff = ( 27.7128 , 48.1622 , 0 , 1.41251e-05 , 3092.73 ) 
k = 0, m_varcoeff = ( 30.6662 , 46.175 , 0 , 0.00017456 , 3076.7 ) 
k = 0, m_varcoeff = ( 26.4546 , 48.9459 , 0 , 0.000168824 , 3100.48 ) 
k = 0, m_varcoeff = ( 27.0411 , 48.4579 , 0 , 0.000182685 , 3084.04 ) 
k = 0, m_varcoeff = ( 27.7404 , 47.981 , 0 , 0.000170355 , 3076.78 ) 
k = 1, m_varcoeff = ( 48.4464 , 26.9259 , 0 , 0.000510484 , 3077.04 ) 
k = 0, m_varcoeff = ( 26.6844 , 48.5258 , 0 , 0.000177067 , 3071.15 ) 
k = 1, m_varcoeff = ( 48.4045 , 26.6941 , 0 , 4.07225e-05 , 3060.21 ) 
k = 0, m_varcoeff = ( 28.5979 , 47.6147 , 0 , 0.000172995 , 3090.18 ) 
k = 2, m_varcoeff = ( 0.0348155 , 0 , 0 , 54.1179 , 0.0348155 ) 
 ::::: 2D Varcoeff is Successfully Created ::::: 


k = 0, m_varcoeff = ( 28.8106 , 47.5069 , 0 , 0.000172996 , 3092.13 ) 
k = 2, m_varcoeff = ( 0 , 0 , 1 , 0 , 1 ) 
 ::::: 2D Varcoeff is Successfully Created ::::: 


Generating moving frames for the distribution of the external potential with point excitation at the Raniver node
k = 0, m_varcoeff = ( 27.6025 , 47.9279 , 0 , 0.000111349 , 3063.64 ) 
k = 1, m_varcoeff = ( 47.339 , 29.5598 , 0 , 0.000482361 , 3119.41 ) 
k = 1, m_varcoeff = ( 47.9405 , 28.8106 , 0 , 0.000517275 , 3133.08 ) 
k = 2, m_varcoeff = ( 0 , 0 , 1 , 0 , 1 ) 
 ::::: 2D Varcoeff is Successfully Created ::::: 


Generating moving frames for the distribution of the external potential with point excitation at the Raniver node
k = 0, m_varcoeff = ( 27.8523 , 47.8482 , 0 , 0.00017456 , 3070.5 ) 
k = 1, m_varcoeff = ( 47.5003 , 28.7044 , 0 , 0.000505905 , 3085.74 ) 
k = 1, m_varcoeff = ( 47.0823 , 29.7229 , 0 , 0.000486727 , 3104.82 ) 
k = 0, m_varcoeff = ( 34.4386 , 43.8303 , 0 , 2.10186e-06 , 3110.62 ) 
k = 1, m_varcoeff = ( 47.3595 , 28.8106 , 0 , 0.000517274 , 3077.92 ) 
k = 0, m_varcoeff = ( 27.7128 , 48.1767 , 0 , 1.41249e-05 , 3094.23 ) 
k = 1, m_varcoeff = ( 48.1622 , 27.7128 , 0 , 4.03572e-05 , 3092.73 ) 
k = 1, m_varcoeff = ( 47.981 , 27.7404 , 0 , 0.000486727 , 3076.78 ) 
k = 1, m_varcoeff = ( 46.175 , 30.6662 , 0 , 0.000498746 , 3076.7 ) 
k = 1, m_varcoeff = ( 48.4579 , 27.0411 , 0 , 0.000521956 , 3084.04 ) 
k = 0, m_varcoeff = ( 28.0746 , 48.378 , 0 , 0.000178667 , 3133.33 ) 
k = 2, m_varcoeff = ( 0.0603023 , 0 , 0 , 92.1132 , 0.0603023 ) 
 ::::: 2D Varcoeff is Successfully Created ::::: 


k = 1, m_varcoeff = ( 47.6147 , 28.5979 , 0 , 0.000494273 , 3090.18 ) 
k = 1, m_varcoeff = ( 48.9459 , 26.4546 , 0 , 0.000482362 , 3100.48 ) 
k = 1, m_varcoeff = ( 48.5258 , 26.6844 , 0 , 0.000505904 , 3071.15 ) 
k = 2, m_varcoeff = ( 0.0603023 , 0 , 0 , 184.226 , 0.0603023 ) 
 ::::: 2D Varcoeff is Successfully Created ::::: 


k = 1, m_varcoeff = ( 47.5069 , 28.8106 , 0 , 0.000494273 , 3092.13 ) 
=======================================================================
	        EquationType: MMFNeuralEP
	        Session Name: Fiber2DEphapticPlaneL6rho3
	        Spatial Dim.: 3
	  Max SEM Exp. Order: 5
	      Num. Processes: 30
	      Expansion Dim.: 2
	     Projection Type: Continuous Galerkin
	 Advect. advancement: explicit
	Diffuse. advancement: implicit
	           Time Step: 1e-07
	        No. of Steps: 20000000
	 Checkpoints (steps): 1000000
	    Integration Type: IMEX
	             Surface: Line
	           DerivType: Euclidean
	              MMFdir: TangentY
	        NeuralEPType: NeuralEP2Dbi
	      ExtCurrentType: WithPhie
	       GlobalSysSoln: XxtMultiLevelStaticCond
	          Fiber Type: EmbedBCNeumann
	        Fiber Length: 0.01
	         Node Length: 0.01
	       Myelin Length: 0.2
	   Total_Number_Node: 30
	    Element_per_Node: 4
	  Element_per_Myelin: 14
	         Temperature: 24
	            diameter: 0.001
	             Helmtau: 1
	                  nq: 1650
	                npts: 30
k = 2, m_varcoeff = ( 0.0597614 , 0 , 0 , 91.2871 , 0.0597614 ) 
 ::::: 2D Varcoeff is Successfully Created ::::: 


k = 2, m_varcoeff = ( 0.0597614 , 0 , 0 , 91.2871 , 0.0597614 ) 
 ::::: 2D Varcoeff is Successfully Created ::::: 


k = 0, m_varcoeff = ( 25.6147 , 49.2323 , 0 , 0.000177067 , 3084.56 ) 
=======================================================================
k = 0, m_varcoeff = ( 29.6629 , 46.756 , 0 , 0.000177066 , 3071.26 ) 
k = 2, m_varcoeff = ( 0.0597614 , 0 , 0 , 91.2871 , 0.0597614 ) 
 ::::: 2D Varcoeff is Successfully Created ::::: 


k = 1, m_varcoeff = ( 47.8482 , 27.8523 , 0 , 0.000498746 , 3070.5 ) 
k = 2, m_varcoeff = ( 0.0597614 , 0 , 0 , 91.2871 , 0.0597614 ) 
 ::::: 2D Varcoeff is Successfully Created ::::: 


k = 2, m_varcoeff = ( 0.0603023 , 0 , 0 , 92.1132 , 0.0603023 ) 
 ::::: 2D Varcoeff is Successfully Created ::::: 


k = 2, m_varcoeff = ( 0.0603023 , 0 , 0 , 92.1132 , 0.0603023 ) 
 ::::: 2D Varcoeff is Successfully Created ::::: 


k = 1, m_varcoeff = ( 47.9279 , 27.6025 , 0 , 0.000318139 , 3063.64 ) 
k = 2, m_varcoeff = ( 0.0597614 , 0 , 0 , 91.2871 , 0.0597614 ) 
 ::::: 2D Varcoeff is Successfully Created ::::: 


k = 2, m_varcoeff = ( 0.0603023 , 0 , 0 , 92.1132 , 0.0603023 ) 
 ::::: 2D Varcoeff is Successfully Created ::::: 


k = 2, m_varcoeff = ( 0.0597614 , 0 , 0 , 3.74219e-10 , 0.0597614 ) 
 ::::: 2D Varcoeff is Successfully Created ::::: 


k = 2, m_varcoeff = ( 0.0597614 , 0 , 0 , 91.2871 , 0.0597614 ) 
 ::::: 2D Varcoeff is Successfully Created ::::: 


k = 1, m_varcoeff = ( 43.8303 , 34.4386 , 0 , 6.00535e-06 , 3110.62 ) 
k = 2, m_varcoeff = ( 0.0597614 , 0 , 0 , 2.05544e-10 , 0.0597614 ) 
 ::::: 2D Varcoeff is Successfully Created ::::: 


Initial Conditions:
k = 1, m_varcoeff = ( 48.1767 , 27.7128 , 0 , 4.03573e-05 , 3094.23 ) 
k = 2, m_varcoeff = ( 0.0603023 , 0 , 0 , 92.1132 , 0.0603023 ) 
 ::::: 2D Varcoeff is Successfully Created ::::: 


k = 1, m_varcoeff = ( 48.378 , 28.0746 , 0 , 0.000510483 , 3133.33 ) 
k = 2, m_varcoeff = ( 0.0597614 , 0 , 0 , 91.2871 , 0.0597614 ) 
 ::::: 2D Varcoeff is Successfully Created ::::: 


k = 1, m_varcoeff = ( 49.2323 , 25.6147 , 0 , 0.000505904 , 3084.56 ) 
k = 1, m_varcoeff = ( 46.756 , 29.6629 , 0 , 0.000505905 , 3071.26 ) 
k = 2, m_varcoeff = ( 0.0597614 , 0 , 0 , 91.2871 , 0.0597614 ) 
 ::::: 2D Varcoeff is Successfully Created ::::: 


k = 2, m_varcoeff = ( 0.0603023 , 0 , 0 , 92.1132 , 0.0603023 ) 
 ::::: 2D Varcoeff is Successfully Created ::::: 


k = 2, m_varcoeff = ( 0.0597614 , 0 , 0 , 182.574 , 0.0597614 ) 
 ::::: 2D Varcoeff is Successfully Created ::::: 


k = 2, m_varcoeff = ( 0.0597614 , 0 , 0 , 182.574 , 0.0597614 ) 
 ::::: 2D Varcoeff is Successfully Created ::::: 


k = 2, m_varcoeff = ( 0.0603023 , 0 , 0 , 92.1132 , 0.0603023 ) 
 ::::: 2D Varcoeff is Successfully Created ::::: 


k = 2, m_varcoeff = ( 0.0597614 , 0 , 0 , 91.2871 , 0.0597614 ) 
 ::::: 2D Varcoeff is Successfully Created ::::: 


k = 2, m_varcoeff = ( 0.0597614 , 0 , 0 , 91.2871 , 0.0597614 ) 
 ::::: 2D Varcoeff is Successfully Created ::::: 


  - Field um: 0
  - Field ue: 0
Initial Conditions:
  - Field um: 0
  - Field ue: 0
Writing: "Fiber2DEphapticPlaneL6rho3_initial.chk"
 (0.00127001s, XML)
Steps: 1000000  Time: 0.1         
phi_m, max: -0.000000 at y = 6.310000./ phi_m, min: -0.001063 at y = 6.318825
phi_e, max: 0.000608 at y = 6.330000, phi_e, min: 0.000607 at y = 6.110000


phi_m, max: -0.000000 at y = 5.480000./ phi_m, min: -0.000991 at y = 5.685168
phi_e, max: 0.000605 at y = 5.690000, phi_e, min: 0.000603 at y = 5.470000


phi_m, max: -0.000000 at y = 3.790000./ phi_m, min: -0.001374 at y = 3.761429
phi_e, max: 0.000597 at y = 4.010000, phi_e, min: 0.000596 at y = 3.761429


phi_m, max: 107.904278 at y = 0.440000./ phi_m, min: 0.000000 at y = 0.430000
phi_e, max: -0.496333 at y = 0.888571, phi_e, min: -0.575072 at y = 0.440000


phi_m, max: -0.000000 at y = 4.850000./ phi_m, min: -0.000991 at y = 4.844832
phi_e, max: 0.000601 at y = 5.088571, phi_e, min: 0.000601 at y = 4.840000


phi_m, max: 114.785271 at y = 0.433633./ phi_m, min: -0.021591 at y = 3.277724
phi_e, max: 0.000611 at y = 3.341429, phi_e, min: -0.575517 at y = 0.438213


phi_m, max: 0.124254 at y = 1.308571./ phi_m, min: 0.000000 at y = 1.480000
phi_e, max: -0.351628 at y = 1.575714, phi_e, min: -0.412288 at y = 1.283356


phi_m, max: -0.000000 at y = 3.580000./ phi_m, min: -0.003667 at y = 3.551429
phi_e, max: 0.000596 at y = 3.790000, phi_e, min: 0.000594 at y = 3.551429


phi_m, max: -0.000000 at y = 5.050000./ phi_m, min: -0.000991 at y = 5.475168
phi_e, max: 0.000603 at y = 5.480000, phi_e, min: 0.000601 at y = 5.021429


phi_m, max: 74.668361 at y = 0.640000./ phi_m, min: 0.000000 at y = 0.650000
phi_e, max: -0.501816 at y = 0.860000, phi_e, min: -0.554543 at y = 0.641787


phi_m, max: -0.000000 at y = 2.320000./ phi_m, min: -0.002270 at y = 2.415714
phi_e, max: -0.178754 at y = 2.415714, phi_e, min: -0.234590 at y = 2.148571


phi_m, max: -0.000000 at y = 5.690000./ phi_m, min: -0.000992 at y = 5.895168
phi_e, max: 0.000606 at y = 5.928571, phi_e, min: 0.000605 at y = 5.685587


phi_m, max: -0.000000 at y = 4.420000./ phi_m, min: -0.000992 at y = 4.424832
phi_e, max: 0.000600 at y = 4.640000, phi_e, min: 0.000599 at y = 4.362857


phi_m, max: -0.000000 at y = 4.210000./ phi_m, min: -0.000996 at y = 4.214832
phi_e, max: 0.000599 at y = 4.430000, phi_e, min: 0.000598 at y = 4.181429


phi_m, max: -0.000000 at y = 2.950000./ phi_m, min: -0.004183 at y = 3.045714
phi_e, max: -0.047576 at y = 3.045714, phi_e, min: -0.097399 at y = 2.807143


phi_m, max: 0.000407 at y = 1.728571./ phi_m, min: -0.001479 at y = 1.900000
phi_e, max: -0.271485 at y = 1.967143, phi_e, min: -0.320252 at y = 1.728571


phi_m, max: -0.000000 at y = 2.110000./ phi_m, min: -0.001581 at y = 2.056213
phi_e, max: -0.228565 at y = 2.177143, phi_e, min: -0.277169 at y = 1.938571


phi_m, max: -0.000000 at y = 5.260000./ phi_m, min: -0.000991 at y = 5.264832
phi_e, max: 0.000602 at y = 5.298571, phi_e, min: 0.000601 at y = 5.060000


phi_m, max: -0.000000 at y = 3.971429./ phi_m, min: -0.001031 at y = 3.885714
phi_e, max: 0.000598 at y = 4.210000, phi_e, min: 0.000597 at y = 3.885714


phi_m, max: -0.000000 at y = 5.928571./ phi_m, min: -0.001000 at y = 6.105449
phi_e, max: 0.000607 at y = 6.138571, phi_e, min: 0.000606 at y = 5.900000


phi_m, max: 0.973053 at y = 1.070000./ phi_m, min: 0.000000 at y = 1.270000
phi_e, max: -0.407129 at y = 1.308571, phi_e, min: -0.456700 at y = 1.070000


phi_m, max: -0.000000 at y = 2.358571./ phi_m, min: -0.002532 at y = 2.501429
phi_e, max: -0.135338 at y = 2.625714, phi_e, min: -0.196662 at y = 2.330000


phi_m, max: -0.000000 at y = 3.370000./ phi_m, min: -0.018119 at y = 3.341429
phi_e, max: 0.000611 at y = 3.341429, phi_e, min: 0.000000 at y = 3.312857



Time: 0.100000
CPU Time: 141.190380 min.
phi_m, max: -0.000000 at y = 3.131429./ phi_m, min: -0.019448 at y = 3.227143
phi_e, max: 0.000608 at y = 6.330000, phi_e, min: -0.053521 at y = 3.017143


phi_m, max: 6.645479 at y = 0.860000./ phi_m, min: 0.000000 at y = 0.888571
phi_e, max: -0.445343 at y = 1.123787, phi_e, min: -0.502255 at y = 0.860000


phi_m, max: -0.000000 at y = 4.640000./ phi_m, min: -0.000991 at y = 4.634832
phi_e, max: 0.000601 at y = 4.850000, phi_e, min: 0.000600 at y = 4.630000


phi_m, max: 112.079681 at y = 0.011175./ phi_m, min: 0.000000 at y = -0.010000
phi_e, max: -0.561556 at y = 0.121918, phi_e, min: -0.568649 at y = 0.016787


phi_m, max: 113.563286 at y = 0.225587./ phi_m, min: 0.000000 at y = 0.220000
phi_e, max: -0.559712 at y = 0.335274, phi_e, min: -0.568883 at y = 0.224413


phi_m, max: 0.018845 at y = 1.490000./ phi_m, min: 0.000000 at y = 1.518571
phi_e, max: -0.314157 at y = 1.757143, phi_e, min: -0.369417 at y = 1.490000


phi_m, max: -0.000000 at y = 2.740000./ phi_m, min: -0.001568 at y = 2.835714
phi_e, max: -0.091351 at y = 2.835714, phi_e, min: -0.141050 at y = 2.597143


Writing: "Fiber2DEphapticPlaneL6rho3_1.chk"
 (0.00233368s, XML)
Steps: 2000000  Time: 0.2         
phi_m, max: 112.079681 at y = 0.011175./ phi_m, min: 0.000000 at y = -0.010000
phi_e, max: -0.561556 at y = 0.121918, phi_e, min: -0.568649 at y = 0.016787
phi_m, max: 96.769066 at y = 0.009413./ phi_m, min: 0.000000 at y = -0.010000
phi_e, max: -0.147121 at y = 0.121918, phi_e, min: -0.153011 at y = 0.016787


phi_m, max: 113.563286 at y = 0.225587./ phi_m, min: 0.000000 at y = 0.220000
phi_e, max: -0.559712 at y = 0.335274, phi_e, min: -0.568883 at y = 0.224413
phi_m, max: 99.623701 at y = 0.226787./ phi_m, min: 0.000000 at y = 0.220000
phi_e, max: -0.145225 at y = 0.337724, phi_e, min: -0.152999 at y = 0.224413


phi_m, max: 0.018845 at y = 1.490000./ phi_m, min: 0.000000 at y = 1.518571
phi_e, max: -0.314157 at y = 1.757143, phi_e, min: -0.369417 at y = 1.490000
phi_m, max: 2.209736 at y = 1.490000./ phi_m, min: 0.000000 at y = 1.518571
phi_e, max: -0.124439 at y = 1.757143, phi_e, min: -0.146408 at y = 1.490000


phi_m, max: -0.000000 at y = 3.370000./ phi_m, min: -0.018119 at y = 3.341429
phi_e, max: 0.000611 at y = 3.341429, phi_e, min: 0.000000 at y = 3.312857
phi_m, max: -0.000000 at y = 3.370000./ phi_m, min: -0.007600 at y = 3.341429
phi_e, max: 0.000242 at y = 3.341429, phi_e, min: 0.000000 at y = 3.312857


phi_m, max: -0.000000 at y = 6.310000./ phi_m, min: -0.001063 at y = 6.318825
phi_e, max: 0.000608 at y = 6.330000, phi_e, min: 0.000607 at y = 6.110000
phi_m, max: -0.000000 at y = 6.310000./ phi_m, min: -0.001071 at y = 6.318825
phi_e, max: 0.000240 at y = 6.330000, phi_e, min: 0.000240 at y = 6.110000


phi_m, max: -0.000000 at y = 5.480000./ phi_m, min: -0.000991 at y = 5.685168
phi_e, max: 0.000605 at y = 5.690000, phi_e, min: 0.000603 at y = 5.470000
phi_m, max: -0.000000 at y = 5.480000./ phi_m, min: -0.000999 at y = 5.685168
phi_e, max: 0.000239 at y = 5.690000, phi_e, min: 0.000238 at y = 5.470000


phi_m, max: -0.000000 at y = 3.790000./ phi_m, min: -0.001374 at y = 3.761429
phi_e, max: 0.000597 at y = 4.010000, phi_e, min: 0.000596 at y = 3.761429
phi_m, max: -0.000000 at y = 3.790000./ phi_m, min: -0.001109 at y = 3.761429
phi_e, max: 0.000236 at y = 4.010000, phi_e, min: 0.000236 at y = 3.761429


phi_m, max: 107.904278 at y = 0.440000./ phi_m, min: 0.000000 at y = 0.430000
phi_e, max: -0.496333 at y = 0.888571, phi_e, min: -0.575072 at y = 0.440000
phi_m, max: 111.649168 at y = 0.646259./ phi_m, min: 0.000000 at y = 0.430000
phi_e, max: -0.148978 at y = 0.553086, phi_e, min: -0.156066 at y = 0.858825


phi_m, max: -0.000000 at y = 4.850000./ phi_m, min: -0.000991 at y = 4.844832
phi_e, max: 0.000601 at y = 5.088571, phi_e, min: 0.000601 at y = 4.840000
phi_m, max: -0.000000 at y = 4.850000./ phi_m, min: -0.000999 at y = 4.844832
phi_e, max: 0.000237 at y = 5.088571, phi_e, min: 0.000237 at y = 4.887583


phi_m, max: 114.785271 at y = 0.433633./ phi_m, min: -0.021591 at y = 3.277724
phi_e, max: 0.000611 at y = 3.341429, phi_e, min: -0.575517 at y = 0.438213
phi_m, max: 106.175770 at y = 0.436426./ phi_m, min: -0.008939 at y = 3.277724
phi_e, max: 0.000242 at y = 3.341429, phi_e, min: -0.154302 at y = 0.436787


phi_m, max: 0.124254 at y = 1.308571./ phi_m, min: 0.000000 at y = 1.480000
phi_e, max: -0.351628 at y = 1.575714, phi_e, min: -0.412288 at y = 1.283356
phi_m, max: 12.980484 at y = 1.308571./ phi_m, min: 0.000000 at y = 1.480000
phi_e, max: -0.139572 at y = 1.575714, phi_e, min: -0.165800 at y = 1.283356


phi_m, max: -0.000000 at y = 3.580000./ phi_m, min: -0.003667 at y = 3.551429
phi_e, max: 0.000596 at y = 3.790000, phi_e, min: 0.000594 at y = 3.551429
phi_m, max: -0.000000 at y = 3.580000./ phi_m, min: -0.001977 at y = 3.551429
phi_e, max: 0.000236 at y = 3.790000, phi_e, min: 0.000235 at y = 3.551429


phi_m, max: -0.000000 at y = 5.050000./ phi_m, min: -0.000991 at y = 5.475168
phi_e, max: 0.000603 at y = 5.480000, phi_e, min: 0.000601 at y = 5.021429
phi_m, max: -0.000000 at y = 5.050000./ phi_m, min: -0.000999 at y = 5.475168
phi_e, max: 0.000238 at y = 5.480000, phi_e, min: 0.000237 at y = 5.021429


phi_m, max: 74.668361 at y = 0.640000./ phi_m, min: 0.000000 at y = 0.650000
phi_e, max: -0.501816 at y = 0.860000, phi_e, min: -0.554543 at y = 0.641787
phi_m, max: 114.974257 at y = 0.855168./ phi_m, min: 0.000000 at y = 0.650000
phi_e, max: -0.141566 at y = 0.744726, phi_e, min: -0.156504 at y = 0.858213


phi_m, max: -0.000000 at y = 2.320000./ phi_m, min: -0.002270 at y = 2.415714
phi_e, max: -0.178754 at y = 2.415714, phi_e, min: -0.234590 at y = 2.148571
phi_m, max: 0.004917 at y = 2.177143./ phi_m, min: -0.000654 at y = 2.415714
phi_e, max: -0.070777 at y = 2.415714, phi_e, min: -0.092886 at y = 2.148571


phi_m, max: -0.000000 at y = 5.690000./ phi_m, min: -0.000992 at y = 5.895168
phi_e, max: 0.000606 at y = 5.928571, phi_e, min: 0.000605 at y = 5.685587
phi_m, max: -0.000000 at y = 5.690000./ phi_m, min: -0.001000 at y = 5.895168
phi_e, max: 0.000239 at y = 5.928571, phi_e, min: 0.000239 at y = 5.685587


phi_m, max: -0.000000 at y = 4.420000./ phi_m, min: -0.000992 at y = 4.424832
phi_e, max: 0.000600 at y = 4.640000, phi_e, min: 0.000599 at y = 4.362857
phi_m, max: -0.000000 at y = 4.420000./ phi_m, min: -0.000999 at y = 4.424832
phi_e, max: 0.000237 at y = 4.630000, phi_e, min: 0.000237 at y = 4.362857


phi_m, max: -0.000000 at y = 4.210000./ phi_m, min: -0.000996 at y = 4.214832
phi_e, max: 0.000599 at y = 4.430000, phi_e, min: 0.000598 at y = 4.181429
phi_m, max: -0.000000 at y = 4.210000./ phi_m, min: -0.001001 at y = 4.214832
phi_e, max: 0.000237 at y = 4.426426, phi_e, min: 0.000237 at y = 4.181429


phi_m, max: -0.000000 at y = 2.950000./ phi_m, min: -0.004183 at y = 3.045714
phi_e, max: -0.047576 at y = 3.045714, phi_e, min: -0.097399 at y = 2.807143
phi_m, max: -0.000000 at y = 2.950000./ phi_m, min: -0.002155 at y = 3.045714
phi_e, max: -0.018838 at y = 3.045714, phi_e, min: -0.038565 at y = 2.807143


phi_m, max: -0.000000 at y = 2.740000./ phi_m, min: -0.001568 at y = 2.835714
phi_e, max: -0.091351 at y = 2.835714, phi_e, min: -0.141050 at y = 2.597143
phi_m, max: -0.000000 at y = 2.740000./ phi_m, min: -0.001150 at y = 2.835714
phi_e, max: -0.036170 at y = 2.835714, phi_e, min: -0.055848 at y = 2.597143


phi_m, max: 0.000407 at y = 1.728571./ phi_m, min: -0.001479 at y = 1.900000
phi_e, max: -0.271485 at y = 1.967143, phi_e, min: -0.320252 at y = 1.728571
phi_m, max: 0.296177 at y = 1.728571./ phi_m, min: 0.000000 at y = 1.900000
phi_e, max: -0.107500 at y = 1.967143, phi_e, min: -0.126849 at y = 1.728571


phi_m, max: -0.000000 at y = 2.110000./ phi_m, min: -0.001581 at y = 2.056213
phi_e, max: -0.228565 at y = 2.177143, phi_e, min: -0.277169 at y = 1.938571
phi_m, max: 0.043783 at y = 1.938571./ phi_m, min: 0.000000 at y = 2.110000
phi_e, max: -0.090501 at y = 2.177143, phi_e, min: -0.109749 at y = 1.938571


phi_m, max: -0.000000 at y = 5.260000./ phi_m, min: -0.000991 at y = 5.264832
phi_e, max: 0.000602 at y = 5.298571, phi_e, min: 0.000601 at y = 5.060000
phi_m, max: -0.000000 at y = 5.260000./ phi_m, min: -0.000999 at y = 5.264832
phi_e, max: 0.000238 at y = 5.298571, phi_e, min: 0.000237 at y = 5.060000


phi_m, max: -0.000000 at y = 3.971429./ phi_m, min: -0.001031 at y = 3.885714
phi_e, max: 0.000598 at y = 4.210000, phi_e, min: 0.000597 at y = 3.885714
phi_m, max: -0.000000 at y = 3.971429./ phi_m, min: -0.000991 at y = 4.000000
phi_e, max: 0.000237 at y = 4.210000, phi_e, min: 0.000236 at y = 3.885714


phi_m, max: -0.000000 at y = 5.928571./ phi_m, min: -0.001000 at y = 6.105449
phi_e, max: 0.000607 at y = 6.138571, phi_e, min: 0.000606 at y = 5.900000
phi_m, max: -0.000000 at y = 5.928571./ phi_m, min: -0.001009 at y = 6.105449
phi_e, max: 0.000240 at y = 6.138571, phi_e, min: 0.000239 at y = 5.900000


phi_m, max: 0.973053 at y = 1.070000./ phi_m, min: 0.000000 at y = 1.270000
phi_e, max: -0.407129 at y = 1.308571, phi_e, min: -0.456700 at y = 1.070000
phi_m, max: 91.596419 at y = 1.070000./ phi_m, min: 0.000000 at y = 1.270000
phi_e, max: -0.163966 at y = 1.308571, phi_e, min: -0.200837 at y = 1.070000


phi_m, max: -0.000000 at y = 2.358571./ phi_m, min: -0.002532 at y = 2.501429
phi_e, max: -0.135338 at y = 2.625714, phi_e, min: -0.196662 at y = 2.330000
phi_m, max: -0.000000 at y = 2.358571./ phi_m, min: -0.001122 at y = 2.530000
phi_e, max: -0.053587 at y = 2.625714, phi_e, min: -0.077868 at y = 2.330000



Time: 0.100000
CPU Time: 141.190380 min.
phi_m, max: -0.000000 at y = 3.131429./ phi_m, min: -0.019448 at y = 3.227143
phi_e, max: 0.000608 at y = 6.330000, phi_e, min: -0.053521 at y = 3.017143

Time: 0.200000
CPU Time: 138.036366 min.
phi_m, max: -0.000000 at y = 3.131429./ phi_m, min: -0.008105 at y = 3.227143
phi_e, max: 0.000240 at y = 6.330000, phi_e, min: -0.021192 at y = 3.017143


phi_m, max: 6.645479 at y = 0.860000./ phi_m, min: 0.000000 at y = 0.888571
phi_e, max: -0.445343 at y = 1.123787, phi_e, min: -0.502255 at y = 0.860000
phi_m, max: 112.244197 at y = 0.860000./ phi_m, min: 0.000000 at y = 0.888571
phi_e, max: -0.154491 at y = 0.889771, phi_e, min: -0.201193 at y = 1.068213


phi_m, max: -0.000000 at y = 4.640000./ phi_m, min: -0.000991 at y = 4.634832
phi_e, max: 0.000601 at y = 4.850000, phi_e, min: 0.000600 at y = 4.630000
phi_m, max: -0.000000 at y = 4.640000./ phi_m, min: -0.000999 at y = 4.634832
phi_e, max: 0.000237 at y = 4.846426, phi_e, min: 0.000237 at y = 4.699300


Writing: "Fiber2DEphapticPlaneL6rho3_2.chk"
 (0.0018316s, XML)
Steps: 3000000  Time: 0.3         
phi_m, max: 6.645479 at y = 0.860000./ phi_m, min: 0.000000 at y = 0.888571
phi_e, max: -0.445343 at y = 1.123787, phi_e, min: -0.502255 at y = 0.860000
phi_m, max: 112.244197 at y = 0.860000./ phi_m, min: 0.000000 at y = 0.888571
phi_e, max: -0.154491 at y = 0.889771, phi_e, min: -0.201193 at y = 1.068213
phi_m, max: 109.533109 at y = 1.066426./ phi_m, min: 0.000000 at y = 0.888571
phi_e, max: -0.063290 at y = 0.908131, phi_e, min: -0.080305 at y = 1.068213


phi_m, max: -0.000000 at y = 2.358571./ phi_m, min: -0.002532 at y = 2.501429
phi_e, max: -0.135338 at y = 2.625714, phi_e, min: -0.196662 at y = 2.330000
phi_m, max: -0.000000 at y = 2.358571./ phi_m, min: -0.001122 at y = 2.530000
phi_e, max: -0.053587 at y = 2.625714, phi_e, min: -0.077868 at y = 2.330000
phi_m, max: 0.069862 at y = 2.387143./ phi_m, min: 0.000000 at y = 2.358571
phi_e, max: -0.043696 at y = 2.625714, phi_e, min: -0.063482 at y = 2.330000


phi_m, max: 112.079681 at y = 0.011175./ phi_m, min: 0.000000 at y = -0.010000
phi_e, max: -0.561556 at y = 0.121918, phi_e, min: -0.568649 at y = 0.016787
phi_m, max: 96.769066 at y = 0.009413./ phi_m, min: 0.000000 at y = -0.010000
phi_e, max: -0.147121 at y = 0.121918, phi_e, min: -0.153011 at y = 0.016787
phi_m, max: 77.425389 at y = 0.008376./ phi_m, min: 0.000000 at y = -0.010000
phi_e, max: -0.059184 at y = 0.121918, phi_e, min: -0.063775 at y = 0.016787


phi_m, max: -0.000000 at y = 3.370000./ phi_m, min: -0.018119 at y = 3.341429
phi_e, max: 0.000611 at y = 3.341429, phi_e, min: 0.000000 at y = 3.312857
phi_m, max: -0.000000 at y = 3.370000./ phi_m, min: -0.007600 at y = 3.341429
phi_e, max: 0.000242 at y = 3.341429, phi_e, min: 0.000000 at y = 3.312857
phi_m, max: -0.000000 at y = 3.370000./ phi_m, min: -0.006347 at y = 3.341429
phi_e, max: 0.000197 at y = 3.341429, phi_e, min: 0.000000 at y = 3.312857


phi_m, max: -0.000000 at y = 4.850000./ phi_m, min: -0.000991 at y = 4.844832
phi_e, max: 0.000601 at y = 5.088571, phi_e, min: 0.000601 at y = 4.840000
phi_m, max: -0.000000 at y = 4.850000./ phi_m, min: -0.000999 at y = 4.844832
phi_e, max: 0.000237 at y = 5.088571, phi_e, min: 0.000237 at y = 4.887583
phi_m, max: -0.000000 at y = 4.850000./ phi_m, min: -0.000991 at y = 4.844832
phi_e, max: 0.000193 at y = 5.088571, phi_e, min: 0.000193 at y = 4.909300


phi_m, max: 114.785271 at y = 0.433633./ phi_m, min: -0.021591 at y = 3.277724
phi_e, max: 0.000611 at y = 3.341429, phi_e, min: -0.575517 at y = 0.438213
phi_m, max: 106.175770 at y = 0.436426./ phi_m, min: -0.008939 at y = 3.277724
phi_e, max: 0.000242 at y = 3.341429, phi_e, min: -0.154302 at y = 0.436787
phi_m, max: 88.448626 at y = 0.437458./ phi_m, min: -0.007427 at y = 3.277724
phi_e, max: 0.000197 at y = 3.341429, phi_e, min: -0.064984 at y = 0.436787


phi_m, max: 0.124254 at y = 1.308571./ phi_m, min: 0.000000 at y = 1.480000
phi_e, max: -0.351628 at y = 1.575714, phi_e, min: -0.412288 at y = 1.283356
phi_m, max: 12.980484 at y = 1.308571./ phi_m, min: 0.000000 at y = 1.480000
phi_e, max: -0.139572 at y = 1.575714, phi_e, min: -0.165800 at y = 1.283356
phi_m, max: 114.141500 at y = 1.483213./ phi_m, min: 0.000000 at y = 1.480000
phi_e, max: -0.089524 at y = 1.328131, phi_e, min: -0.128207 at y = 1.488213


phi_m, max: -0.000000 at y = 3.580000./ phi_m, min: -0.003667 at y = 3.551429
phi_e, max: 0.000596 at y = 3.790000, phi_e, min: 0.000594 at y = 3.551429
phi_m, max: -0.000000 at y = 3.580000./ phi_m, min: -0.001977 at y = 3.551429
phi_e, max: 0.000236 at y = 3.790000, phi_e, min: 0.000235 at y = 3.551429
phi_m, max: -0.000000 at y = 3.580000./ phi_m, min: -0.001778 at y = 3.551429
phi_e, max: 0.000192 at y = 3.790000, phi_e, min: 0.000191 at y = 3.551429


phi_m, max: -0.000000 at y = 5.050000./ phi_m, min: -0.000991 at y = 5.475168
phi_e, max: 0.000603 at y = 5.480000, phi_e, min: 0.000601 at y = 5.021429
phi_m, max: -0.000000 at y = 5.050000./ phi_m, min: -0.000999 at y = 5.475168
phi_e, max: 0.000238 at y = 5.480000, phi_e, min: 0.000237 at y = 5.021429
phi_m, max: -0.000000 at y = 5.050000./ phi_m, min: -0.000991 at y = 5.475168
phi_e, max: 0.000194 at y = 5.480000, phi_e, min: 0.000193 at y = 5.021429


phi_m, max: 74.668361 at y = 0.640000./ phi_m, min: 0.000000 at y = 0.650000
phi_e, max: -0.501816 at y = 0.860000, phi_e, min: -0.554543 at y = 0.641787
phi_m, max: 114.974257 at y = 0.855168./ phi_m, min: 0.000000 at y = 0.650000
phi_e, max: -0.141566 at y = 0.744726, phi_e, min: -0.156504 at y = 0.858213
phi_m, max: 103.435994 at y = 0.856787./ phi_m, min: 0.000000 at y = 0.650000
phi_e, max: -0.054442 at y = 0.748082, phi_e, min: -0.065508 at y = 0.856787


phi_m, max: -0.000000 at y = 2.320000./ phi_m, min: -0.002270 at y = 2.415714
phi_e, max: -0.178754 at y = 2.415714, phi_e, min: -0.234590 at y = 2.148571
phi_m, max: 0.004917 at y = 2.177143./ phi_m, min: -0.000654 at y = 2.415714
phi_e, max: -0.070777 at y = 2.415714, phi_e, min: -0.092886 at y = 2.148571
phi_m, max: 0.478376 at y = 2.177143./ phi_m, min: 0.000000 at y = 2.320000
phi_e, max: -0.057719 at y = 2.415714, phi_e, min: -0.075775 at y = 2.148571


phi_m, max: -0.000000 at y = 5.690000./ phi_m, min: -0.000992 at y = 5.895168
phi_e, max: 0.000606 at y = 5.928571, phi_e, min: 0.000605 at y = 5.685587
phi_m, max: -0.000000 at y = 5.690000./ phi_m, min: -0.001000 at y = 5.895168
phi_e, max: 0.000239 at y = 5.928571, phi_e, min: 0.000239 at y = 5.685587
phi_m, max: -0.000000 at y = 5.690000./ phi_m, min: -0.000993 at y = 5.895168
phi_e, max: 0.000195 at y = 5.928571, phi_e, min: 0.000194 at y = 5.685587


phi_m, max: -0.000000 at y = 4.420000./ phi_m, min: -0.000992 at y = 4.424832
phi_e, max: 0.000600 at y = 4.640000, phi_e, min: 0.000599 at y = 4.362857
phi_m, max: -0.000000 at y = 4.420000./ phi_m, min: -0.000999 at y = 4.424832
phi_e, max: 0.000237 at y = 4.630000, phi_e, min: 0.000237 at y = 4.362857
phi_m, max: -0.000000 at y = 4.420000./ phi_m, min: -0.000992 at y = 4.424832
phi_e, max: 0.000193 at y = 4.630000, phi_e, min: 0.000193 at y = 4.362857


phi_m, max: -0.000000 at y = 4.210000./ phi_m, min: -0.000996 at y = 4.214832
phi_e, max: 0.000599 at y = 4.430000, phi_e, min: 0.000598 at y = 4.181429
phi_m, max: -0.000000 at y = 4.210000./ phi_m, min: -0.001001 at y = 4.214832
phi_e, max: 0.000237 at y = 4.426426, phi_e, min: 0.000237 at y = 4.181429
phi_m, max: -0.000000 at y = 4.210000./ phi_m, min: -0.000993 at y = 4.214832
phi_e, max: 0.000193 at y = 4.426426, phi_e, min: 0.000193 at y = 4.302358


phi_m, max: -0.000000 at y = 2.950000./ phi_m, min: -0.004183 at y = 3.045714
phi_e, max: -0.047576 at y = 3.045714, phi_e, min: -0.097399 at y = 2.807143
phi_m, max: -0.000000 at y = 2.950000./ phi_m, min: -0.002155 at y = 3.045714
phi_e, max: -0.018838 at y = 3.045714, phi_e, min: -0.038565 at y = 2.807143
phi_m, max: 0.000513 at y = 2.807143./ phi_m, min: -0.001718 at y = 3.045714
phi_e, max: -0.015360 at y = 3.045714, phi_e, min: -0.031446 at y = 2.807143


phi_m, max: -0.000000 at y = 2.740000./ phi_m, min: -0.001568 at y = 2.835714
phi_e, max: -0.091351 at y = 2.835714, phi_e, min: -0.141050 at y = 2.597143
phi_m, max: -0.000000 at y = 2.740000./ phi_m, min: -0.001150 at y = 2.835714
phi_e, max: -0.036170 at y = 2.835714, phi_e, min: -0.055848 at y = 2.597143
phi_m, max: 0.009560 at y = 2.597143./ phi_m, min: 0.000000 at y = 2.740000
phi_e, max: -0.029493 at y = 2.835714, phi_e, min: -0.045540 at y = 2.597143


phi_m, max: 0.000407 at y = 1.728571./ phi_m, min: -0.001479 at y = 1.900000
phi_e, max: -0.271485 at y = 1.967143, phi_e, min: -0.320252 at y = 1.728571
phi_m, max: 0.296177 at y = 1.728571./ phi_m, min: 0.000000 at y = 1.900000
phi_e, max: -0.107500 at y = 1.967143, phi_e, min: -0.126849 at y = 1.728571
phi_m, max: 24.819423 at y = 1.728571./ phi_m, min: 0.000000 at y = 1.900000
phi_e, max: -0.088122 at y = 1.967143, phi_e, min: -0.107117 at y = 1.728571


phi_m, max: -0.000000 at y = 2.110000./ phi_m, min: -0.001581 at y = 2.056213
phi_e, max: -0.228565 at y = 2.177143, phi_e, min: -0.277169 at y = 1.938571
phi_m, max: 0.043783 at y = 1.938571./ phi_m, min: 0.000000 at y = 2.110000
phi_e, max: -0.090501 at y = 2.177143, phi_e, min: -0.109749 at y = 1.938571
phi_m, max: 3.670721 at y = 1.938571./ phi_m, min: 0.000000 at y = 2.110000
phi_e, max: -0.073853 at y = 2.177143, phi_e, min: -0.089857 at y = 1.938571


phi_m, max: -0.000000 at y = 5.260000./ phi_m, min: -0.000991 at y = 5.264832
phi_e, max: 0.000602 at y = 5.298571, phi_e, min: 0.000601 at y = 5.060000
phi_m, max: -0.000000 at y = 5.260000./ phi_m, min: -0.000999 at y = 5.264832
phi_e, max: 0.000238 at y = 5.298571, phi_e, min: 0.000237 at y = 5.060000
phi_m, max: -0.000000 at y = 5.260000./ phi_m, min: -0.000991 at y = 5.264832
phi_e, max: 0.000193 at y = 5.298571, phi_e, min: 0.000193 at y = 5.060000


phi_m, max: -0.000000 at y = 3.971429./ phi_m, min: -0.001031 at y = 3.885714
phi_e, max: 0.000598 at y = 4.210000, phi_e, min: 0.000597 at y = 3.885714
phi_m, max: -0.000000 at y = 3.971429./ phi_m, min: -0.000991 at y = 4.000000
phi_e, max: 0.000237 at y = 4.210000, phi_e, min: 0.000236 at y = 3.885714
phi_m, max: -0.000000 at y = 3.971429./ phi_m, min: -0.000981 at y = 4.000000
phi_e, max: 0.000193 at y = 4.210000, phi_e, min: 0.000192 at y = 3.885714


phi_m, max: -0.000000 at y = 5.928571./ phi_m, min: -0.001000 at y = 6.105449
phi_e, max: 0.000607 at y = 6.138571, phi_e, min: 0.000606 at y = 5.900000
phi_m, max: -0.000000 at y = 5.928571./ phi_m, min: -0.001009 at y = 6.105449
phi_e, max: 0.000240 at y = 6.138571, phi_e, min: 0.000239 at y = 5.900000
phi_m, max: -0.000000 at y = 5.928571./ phi_m, min: -0.001001 at y = 6.105449
phi_e, max: 0.000195 at y = 6.138571, phi_e, min: 0.000195 at y = 5.900000


phi_m, max: 0.973053 at y = 1.070000./ phi_m, min: 0.000000 at y = 1.270000
phi_e, max: -0.407129 at y = 1.308571, phi_e, min: -0.456700 at y = 1.070000
phi_m, max: 91.596419 at y = 1.070000./ phi_m, min: 0.000000 at y = 1.270000
phi_e, max: -0.163966 at y = 1.308571, phi_e, min: -0.200837 at y = 1.070000
phi_m, max: 113.965382 at y = 1.275587./ phi_m, min: 0.000000 at y = 1.270000
phi_e, max: -0.077806 at y = 1.120581, phi_e, min: -0.093273 at y = 1.276787



Time: 0.100000
CPU Time: 141.190380 min.
phi_m, max: -0.000000 at y = 3.131429./ phi_m, min: -0.019448 at y = 3.227143
phi_e, max: 0.000608 at y = 6.330000, phi_e, min: -0.053521 at y = 3.017143

Time: 0.200000
CPU Time: 138.036366 min.
phi_m, max: -0.000000 at y = 3.131429./ phi_m, min: -0.008105 at y = 3.227143
phi_e, max: 0.000240 at y = 6.330000, phi_e, min: -0.021192 at y = 3.017143

Time: 0.300000
CPU Time: 134.729599 min.
phi_m, max: -0.000000 at y = 3.131429./ phi_m, min: -0.006740 at y = 3.227143
phi_e, max: 0.000196 at y = 6.330000, phi_e, min: -0.017280 at y = 3.017143


phi_m, max: -0.000000 at y = 6.310000./ phi_m, min: -0.001063 at y = 6.318825
phi_e, max: 0.000608 at y = 6.330000, phi_e, min: 0.000607 at y = 6.110000
phi_m, max: -0.000000 at y = 6.310000./ phi_m, min: -0.001071 at y = 6.318825
phi_e, max: 0.000240 at y = 6.330000, phi_e, min: 0.000240 at y = 6.110000
phi_m, max: -0.000000 at y = 6.310000./ phi_m, min: -0.001063 at y = 6.318825
phi_e, max: 0.000196 at y = 6.320000, phi_e, min: 0.000195 at y = 6.110000


phi_m, max: -0.000000 at y = 5.480000./ phi_m, min: -0.000991 at y = 5.685168
phi_e, max: 0.000605 at y = 5.690000, phi_e, min: 0.000603 at y = 5.470000
phi_m, max: -0.000000 at y = 5.480000./ phi_m, min: -0.000999 at y = 5.685168
phi_e, max: 0.000239 at y = 5.690000, phi_e, min: 0.000238 at y = 5.470000
phi_m, max: -0.000000 at y = 5.480000./ phi_m, min: -0.000992 at y = 5.685168
phi_e, max: 0.000194 at y = 5.690000, phi_e, min: 0.000194 at y = 5.470000


phi_m, max: -0.000000 at y = 3.790000./ phi_m, min: -0.001374 at y = 3.761429
phi_e, max: 0.000597 at y = 4.010000, phi_e, min: 0.000596 at y = 3.761429
phi_m, max: -0.000000 at y = 3.790000./ phi_m, min: -0.001109 at y = 3.761429
phi_e, max: 0.000236 at y = 4.010000, phi_e, min: 0.000236 at y = 3.761429
phi_m, max: -0.000000 at y = 3.790000./ phi_m, min: -0.001072 at y = 3.761429
phi_e, max: 0.000193 at y = 4.010000, phi_e, min: 0.000192 at y = 3.761429


phi_m, max: 107.904278 at y = 0.440000./ phi_m, min: 0.000000 at y = 0.430000
phi_e, max: -0.496333 at y = 0.888571, phi_e, min: -0.575072 at y = 0.440000
phi_m, max: 111.649168 at y = 0.646259./ phi_m, min: 0.000000 at y = 0.430000
phi_e, max: -0.148978 at y = 0.553086, phi_e, min: -0.156066 at y = 0.858825
phi_m, max: 96.272599 at y = 0.646787./ phi_m, min: 0.000000 at y = 0.430000
phi_e, max: -0.060714 at y = 0.550636, phi_e, min: -0.065168 at y = 0.858825


phi_m, max: -0.000000 at y = 4.640000./ phi_m, min: -0.000991 at y = 4.634832
phi_e, max: 0.000601 at y = 4.850000, phi_e, min: 0.000600 at y = 4.630000
phi_m, max: -0.000000 at y = 4.640000./ phi_m, min: -0.000999 at y = 4.634832
phi_e, max: 0.000237 at y = 4.846426, phi_e, min: 0.000237 at y = 4.699300
phi_m, max: -0.000000 at y = 4.640000./ phi_m, min: -0.000991 at y = 4.634832
phi_e, max: 0.000193 at y = 4.846426, phi_e, min: 0.000193 at y = 4.732276


phi_m, max: 113.563286 at y = 0.225587./ phi_m, min: 0.000000 at y = 0.220000
phi_e, max: -0.559712 at y = 0.335274, phi_e, min: -0.568883 at y = 0.224413
phi_m, max: 99.623701 at y = 0.226787./ phi_m, min: 0.000000 at y = 0.220000
phi_e, max: -0.145225 at y = 0.337724, phi_e, min: -0.152999 at y = 0.224413
phi_m, max: 80.459797 at y = 0.226787./ phi_m, min: 0.000000 at y = 0.220000
phi_e, max: -0.057546 at y = 0.337724, phi_e, min: -0.063649 at y = 0.224413


phi_m, max: 0.018845 at y = 1.490000./ phi_m, min: 0.000000 at y = 1.518571
phi_e, max: -0.314157 at y = 1.757143, phi_e, min: -0.369417 at y = 1.490000
phi_m, max: 2.209736 at y = 1.490000./ phi_m, min: 0.000000 at y = 1.518571
phi_e, max: -0.124439 at y = 1.757143, phi_e, min: -0.146408 at y = 1.490000
phi_m, max: 104.494372 at y = 1.490000./ phi_m, min: 0.000000 at y = 1.518571
phi_e, max: -0.105208 at y = 1.757143, phi_e, min: -0.127042 at y = 1.490000


Writing: "Fiber2DEphapticPlaneL6rho3_3.chk"
 (0.00846057s, XML)
Steps: 4000000  Time: 0.4         
phi_m, max: -0.000000 at y = 3.790000./ phi_m, min: -0.001374 at y = 3.761429
phi_e, max: 0.000597 at y = 4.010000, phi_e, min: 0.000596 at y = 3.761429
phi_m, max: -0.000000 at y = 3.790000./ phi_m, min: -0.001109 at y = 3.761429
phi_e, max: 0.000236 at y = 4.010000, phi_e, min: 0.000236 at y = 3.761429
phi_m, max: -0.000000 at y = 3.790000./ phi_m, min: -0.001072 at y = 3.761429
phi_e, max: 0.000193 at y = 4.010000, phi_e, min: 0.000192 at y = 3.761429
phi_m, max: -0.000000 at y = 3.790000./ phi_m, min: -0.001003 at y = 3.794084
phi_e, max: 0.000141 at y = 3.761429, phi_e, min: 0.000140 at y = 4.010000


phi_m, max: -0.000000 at y = 3.370000./ phi_m, min: -0.018119 at y = 3.341429
phi_e, max: 0.000611 at y = 3.341429, phi_e, min: 0.000000 at y = 3.312857
phi_m, max: -0.000000 at y = 3.370000./ phi_m, min: -0.007600 at y = 3.341429
phi_e, max: 0.000242 at y = 3.341429, phi_e, min: 0.000000 at y = 3.312857
phi_m, max: -0.000000 at y = 3.370000./ phi_m, min: -0.006347 at y = 3.341429
phi_e, max: 0.000197 at y = 3.341429, phi_e, min: 0.000000 at y = 3.312857
phi_m, max: -0.000000 at y = 3.370000./ phi_m, min: -0.002426 at y = 3.341429
phi_e, max: 0.000149 at y = 3.341429, phi_e, min: 0.000000 at y = 3.312857


phi_m, max: -0.000000 at y = 4.850000./ phi_m, min: -0.000991 at y = 4.844832
phi_e, max: 0.000601 at y = 5.088571, phi_e, min: 0.000601 at y = 4.840000
phi_m, max: -0.000000 at y = 4.850000./ phi_m, min: -0.000999 at y = 4.844832
phi_e, max: 0.000237 at y = 5.088571, phi_e, min: 0.000237 at y = 4.887583
phi_m, max: -0.000000 at y = 4.850000./ phi_m, min: -0.000991 at y = 4.844832
phi_e, max: 0.000193 at y = 5.088571, phi_e, min: 0.000193 at y = 4.909300
phi_m, max: -0.000000 at y = 4.850000./ phi_m, min: -0.000982 at y = 5.055168
phi_e, max: 0.000135 at y = 4.840000, phi_e, min: 0.000133 at y = 5.088571


phi_m, max: 114.785271 at y = 0.433633./ phi_m, min: -0.021591 at y = 3.277724
phi_e, max: 0.000611 at y = 3.341429, phi_e, min: -0.575517 at y = 0.438213
phi_m, max: 106.175770 at y = 0.436426./ phi_m, min: -0.008939 at y = 3.277724
phi_e, max: 0.000242 at y = 3.341429, phi_e, min: -0.154302 at y = 0.436787
phi_m, max: 88.448626 at y = 0.437458./ phi_m, min: -0.007427 at y = 3.277724
phi_e, max: 0.000197 at y = 3.341429, phi_e, min: -0.064984 at y = 0.436787
phi_m, max: 68.257438 at y = 0.437458./ phi_m, min: -0.002515 at y = 3.321869
phi_e, max: 0.019098 at y = 0.344286, phi_e, min: -0.003821 at y = 3.198571


phi_m, max: 0.124254 at y = 1.308571./ phi_m, min: 0.000000 at y = 1.480000
phi_e, max: -0.351628 at y = 1.575714, phi_e, min: -0.412288 at y = 1.283356
phi_m, max: 12.980484 at y = 1.308571./ phi_m, min: 0.000000 at y = 1.480000
phi_e, max: -0.139572 at y = 1.575714, phi_e, min: -0.165800 at y = 1.283356
phi_m, max: 114.141500 at y = 1.483213./ phi_m, min: 0.000000 at y = 1.480000
phi_e, max: -0.089524 at y = 1.328131, phi_e, min: -0.128207 at y = 1.488213
phi_m, max: 107.133480 at y = 1.486426./ phi_m, min: 0.000000 at y = 1.480000
phi_e, max: -0.010100 at y = 1.343705, phi_e, min: -0.024115 at y = 1.488213


phi_m, max: -0.000000 at y = 3.580000./ phi_m, min: -0.003667 at y = 3.551429
phi_e, max: 0.000596 at y = 3.790000, phi_e, min: 0.000594 at y = 3.551429
phi_m, max: -0.000000 at y = 3.580000./ phi_m, min: -0.001977 at y = 3.551429
phi_e, max: 0.000236 at y = 3.790000, phi_e, min: 0.000235 at y = 3.551429
phi_m, max: -0.000000 at y = 3.580000./ phi_m, min: -0.001778 at y = 3.551429
phi_e, max: 0.000192 at y = 3.790000, phi_e, min: 0.000191 at y = 3.551429
phi_m, max: -0.000000 at y = 3.580000./ phi_m, min: -0.001178 at y = 3.551429
phi_e, max: 0.000142 at y = 3.551429, phi_e, min: 0.000140 at y = 3.790000


phi_m, max: -0.000000 at y = 5.050000./ phi_m, min: -0.000991 at y = 5.475168
phi_e, max: 0.000603 at y = 5.480000, phi_e, min: 0.000601 at y = 5.021429
phi_m, max: -0.000000 at y = 5.050000./ phi_m, min: -0.000999 at y = 5.475168
phi_e, max: 0.000238 at y = 5.480000, phi_e, min: 0.000237 at y = 5.021429
phi_m, max: -0.000000 at y = 5.050000./ phi_m, min: -0.000991 at y = 5.475168
phi_e, max: 0.000194 at y = 5.480000, phi_e, min: 0.000193 at y = 5.021429
phi_m, max: -0.000000 at y = 5.050000./ phi_m, min: -0.000982 at y = 5.475168
phi_e, max: 0.000134 at y = 5.021429, phi_e, min: 0.000132 at y = 5.480000


phi_m, max: 74.668361 at y = 0.640000./ phi_m, min: 0.000000 at y = 0.650000
phi_e, max: -0.501816 at y = 0.860000, phi_e, min: -0.554543 at y = 0.641787
phi_m, max: 114.974257 at y = 0.855168./ phi_m, min: 0.000000 at y = 0.650000
phi_e, max: -0.141566 at y = 0.744726, phi_e, min: -0.156504 at y = 0.858213
phi_m, max: 103.435994 at y = 0.856787./ phi_m, min: 0.000000 at y = 0.650000
phi_e, max: -0.054442 at y = 0.748082, phi_e, min: -0.065508 at y = 0.856787
phi_m, max: 84.991980 at y = 0.857458./ phi_m, min: 0.000000 at y = 0.650000
phi_e, max: 0.021061 at y = 0.744726, phi_e, min: 0.011659 at y = 0.856787


phi_m, max: -0.000000 at y = 2.320000./ phi_m, min: -0.002270 at y = 2.415714
phi_e, max: -0.178754 at y = 2.415714, phi_e, min: -0.234590 at y = 2.148571
phi_m, max: 0.004917 at y = 2.177143./ phi_m, min: -0.000654 at y = 2.415714
phi_e, max: -0.070777 at y = 2.415714, phi_e, min: -0.092886 at y = 2.148571
phi_m, max: 0.478376 at y = 2.177143./ phi_m, min: 0.000000 at y = 2.320000
phi_e, max: -0.057719 at y = 2.415714, phi_e, min: -0.075775 at y = 2.148571
phi_m, max: 62.547617 at y = 2.177143./ phi_m, min: 0.000000 at y = 2.320000
phi_e, max: -0.044532 at y = 2.415714, phi_e, min: -0.066028 at y = 2.148571


phi_m, max: -0.000000 at y = 5.690000./ phi_m, min: -0.000992 at y = 5.895168
phi_e, max: 0.000606 at y = 5.928571, phi_e, min: 0.000605 at y = 5.685587
phi_m, max: -0.000000 at y = 5.690000./ phi_m, min: -0.001000 at y = 5.895168
phi_e, max: 0.000239 at y = 5.928571, phi_e, min: 0.000239 at y = 5.685587
phi_m, max: -0.000000 at y = 5.690000./ phi_m, min: -0.000993 at y = 5.895168
phi_e, max: 0.000195 at y = 5.928571, phi_e, min: 0.000194 at y = 5.685587
phi_m, max: -0.000000 at y = 5.690000./ phi_m, min: -0.000984 at y = 5.895168
phi_e, max: 0.000131 at y = 5.685587, phi_e, min: 0.000130 at y = 5.928571


phi_m, max: -0.000000 at y = 4.420000./ phi_m, min: -0.000992 at y = 4.424832
phi_e, max: 0.000600 at y = 4.640000, phi_e, min: 0.000599 at y = 4.362857
phi_m, max: -0.000000 at y = 4.420000./ phi_m, min: -0.000999 at y = 4.424832
phi_e, max: 0.000237 at y = 4.630000, phi_e, min: 0.000237 at y = 4.362857
phi_m, max: -0.000000 at y = 4.420000./ phi_m, min: -0.000992 at y = 4.424832
phi_e, max: 0.000193 at y = 4.630000, phi_e, min: 0.000193 at y = 4.362857
phi_m, max: -0.000000 at y = 4.420000./ phi_m, min: -0.000983 at y = 4.424832
phi_e, max: 0.000138 at y = 4.362857, phi_e, min: 0.000136 at y = 4.640000


phi_m, max: -0.000000 at y = 4.210000./ phi_m, min: -0.000996 at y = 4.214832
phi_e, max: 0.000599 at y = 4.430000, phi_e, min: 0.000598 at y = 4.181429
phi_m, max: -0.000000 at y = 4.210000./ phi_m, min: -0.001001 at y = 4.214832
phi_e, max: 0.000237 at y = 4.426426, phi_e, min: 0.000237 at y = 4.181429
phi_m, max: -0.000000 at y = 4.210000./ phi_m, min: -0.000993 at y = 4.214832
phi_e, max: 0.000193 at y = 4.426426, phi_e, min: 0.000193 at y = 4.302358
phi_m, max: -0.000000 at y = 4.210000./ phi_m, min: -0.000983 at y = 4.214832
phi_e, max: 0.000139 at y = 4.181429, phi_e, min: 0.000137 at y = 4.430000


phi_m, max: -0.000000 at y = 2.950000./ phi_m, min: -0.004183 at y = 3.045714
phi_e, max: -0.047576 at y = 3.045714, phi_e, min: -0.097399 at y = 2.807143
phi_m, max: -0.000000 at y = 2.950000./ phi_m, min: -0.002155 at y = 3.045714
phi_e, max: -0.018838 at y = 3.045714, phi_e, min: -0.038565 at y = 2.807143
phi_m, max: 0.000513 at y = 2.807143./ phi_m, min: -0.001718 at y = 3.045714
phi_e, max: -0.015360 at y = 3.045714, phi_e, min: -0.031446 at y = 2.807143
phi_m, max: 0.213340 at y = 2.807143./ phi_m, min: 0.000000 at y = 2.950000
phi_e, max: -0.011590 at y = 3.045714, phi_e, min: -0.023725 at y = 2.807143


phi_m, max: -0.000000 at y = 2.740000./ phi_m, min: -0.001568 at y = 2.835714
phi_e, max: -0.091351 at y = 2.835714, phi_e, min: -0.141050 at y = 2.597143
phi_m, max: -0.000000 at y = 2.740000./ phi_m, min: -0.001150 at y = 2.835714
phi_e, max: -0.036170 at y = 2.835714, phi_e, min: -0.055848 at y = 2.597143
phi_m, max: 0.009560 at y = 2.597143./ phi_m, min: 0.000000 at y = 2.740000
phi_e, max: -0.029493 at y = 2.835714, phi_e, min: -0.045540 at y = 2.597143
phi_m, max: 1.427145 at y = 2.597143./ phi_m, min: 0.000000 at y = 2.740000
phi_e, max: -0.022259 at y = 2.835714, phi_e, min: -0.034405 at y = 2.597143


phi_m, max: 0.000407 at y = 1.728571./ phi_m, min: -0.001479 at y = 1.900000
phi_e, max: -0.271485 at y = 1.967143, phi_e, min: -0.320252 at y = 1.728571
phi_m, max: 0.296177 at y = 1.728571./ phi_m, min: 0.000000 at y = 1.900000
phi_e, max: -0.107500 at y = 1.967143, phi_e, min: -0.126849 at y = 1.728571
phi_m, max: 24.819423 at y = 1.728571./ phi_m, min: 0.000000 at y = 1.900000
phi_e, max: -0.088122 at y = 1.967143, phi_e, min: -0.107117 at y = 1.728571
phi_m, max: 115.096900 at y = 1.904832./ phi_m, min: 0.000000 at y = 1.900000
phi_e, max: -0.033424 at y = 1.759300, phi_e, min: -0.051562 at y = 1.908213


phi_m, max: -0.000000 at y = 2.110000./ phi_m, min: -0.001581 at y = 2.056213
phi_e, max: -0.228565 at y = 2.177143, phi_e, min: -0.277169 at y = 1.938571
phi_m, max: 0.043783 at y = 1.938571./ phi_m, min: 0.000000 at y = 2.110000
phi_e, max: -0.090501 at y = 2.177143, phi_e, min: -0.109749 at y = 1.938571
phi_m, max: 3.670721 at y = 1.938571./ phi_m, min: 0.000000 at y = 2.110000
phi_e, max: -0.073853 at y = 2.177143, phi_e, min: -0.089857 at y = 1.938571
phi_m, max: 107.667042 at y = 1.938571./ phi_m, min: 0.000000 at y = 2.110000
phi_e, max: -0.046575 at y = 1.973705, phi_e, min: -0.071315 at y = 2.114413


phi_m, max: -0.000000 at y = 5.260000./ phi_m, min: -0.000991 at y = 5.264832
phi_e, max: 0.000602 at y = 5.298571, phi_e, min: 0.000601 at y = 5.060000
phi_m, max: -0.000000 at y = 5.260000./ phi_m, min: -0.000999 at y = 5.264832
phi_e, max: 0.000238 at y = 5.298571, phi_e, min: 0.000237 at y = 5.060000
phi_m, max: -0.000000 at y = 5.260000./ phi_m, min: -0.000991 at y = 5.264832
phi_e, max: 0.000193 at y = 5.298571, phi_e, min: 0.000193 at y = 5.060000
phi_m, max: -0.000000 at y = 5.260000./ phi_m, min: -0.000982 at y = 5.264832
phi_e, max: 0.000134 at y = 5.060000, phi_e, min: 0.000132 at y = 5.298571


phi_m, max: -0.000000 at y = 3.971429./ phi_m, min: -0.001031 at y = 3.885714
phi_e, max: 0.000598 at y = 4.210000, phi_e, min: 0.000597 at y = 3.885714
phi_m, max: -0.000000 at y = 3.971429./ phi_m, min: -0.000991 at y = 4.000000
phi_e, max: 0.000237 at y = 4.210000, phi_e, min: 0.000236 at y = 3.885714
phi_m, max: -0.000000 at y = 3.971429./ phi_m, min: -0.000981 at y = 4.000000
phi_e, max: 0.000193 at y = 4.210000, phi_e, min: 0.000192 at y = 3.885714
phi_m, max: -0.000000 at y = 3.971429./ phi_m, min: -0.000961 at y = 4.000000
phi_e, max: 0.000140 at y = 3.885714, phi_e, min: 0.000139 at y = 4.210000


phi_m, max: -0.000000 at y = 5.928571./ phi_m, min: -0.001000 at y = 6.105449
phi_e, max: 0.000607 at y = 6.138571, phi_e, min: 0.000606 at y = 5.900000
phi_m, max: -0.000000 at y = 5.928571./ phi_m, min: -0.001009 at y = 6.105449
phi_e, max: 0.000240 at y = 6.138571, phi_e, min: 0.000239 at y = 5.900000
phi_m, max: -0.000000 at y = 5.928571./ phi_m, min: -0.001001 at y = 6.105449
phi_e, max: 0.000195 at y = 6.138571, phi_e, min: 0.000195 at y = 5.900000
phi_m, max: -0.000000 at y = 5.928571./ phi_m, min: -0.000992 at y = 6.105449
phi_e, max: 0.000130 at y = 5.900000, phi_e, min: 0.000129 at y = 6.138571



Time: 0.100000
CPU Time: 141.190380 min.
phi_m, max: -0.000000 at y = 3.131429./ phi_m, min: -0.019448 at y = 3.227143
phi_e, max: 0.000608 at y = 6.330000, phi_e, min: -0.053521 at y = 3.017143

Time: 0.200000
CPU Time: 138.036366 min.
phi_m, max: -0.000000 at y = 3.131429./ phi_m, min: -0.008105 at y = 3.227143
phi_e, max: 0.000240 at y = 6.330000, phi_e, min: -0.021192 at y = 3.017143

Time: 0.300000
CPU Time: 134.729599 min.
phi_m, max: -0.000000 at y = 3.131429./ phi_m, min: -0.006740 at y = 3.227143
phi_e, max: 0.000196 at y = 6.330000, phi_e, min: -0.017280 at y = 3.017143

Time: 0.400000
CPU Time: 134.629891 min.
phi_m, max: 0.026446 at y = 3.045714./ phi_m, min: -0.001051 at y = 6.320000
phi_e, max: 0.000129 at y = 6.320000, phi_e, min: -0.013036 at y = 3.017143


phi_m, max: 0.973053 at y = 1.070000./ phi_m, min: 0.000000 at y = 1.270000
phi_e, max: -0.407129 at y = 1.308571, phi_e, min: -0.456700 at y = 1.070000
phi_m, max: 91.596419 at y = 1.070000./ phi_m, min: 0.000000 at y = 1.270000
phi_e, max: -0.163966 at y = 1.308571, phi_e, min: -0.200837 at y = 1.070000
phi_m, max: 113.965382 at y = 1.275587./ phi_m, min: 0.000000 at y = 1.270000
phi_e, max: -0.077806 at y = 1.120581, phi_e, min: -0.093273 at y = 1.276787
phi_m, max: 100.535214 at y = 1.276787./ phi_m, min: 0.000000 at y = 1.270000
phi_e, max: 0.000138 at y = 1.115344, phi_e, min: -0.013579 at y = 1.276787


phi_m, max: 6.645479 at y = 0.860000./ phi_m, min: 0.000000 at y = 0.888571
phi_e, max: -0.445343 at y = 1.123787, phi_e, min: -0.502255 at y = 0.860000
phi_m, max: 112.244197 at y = 0.860000./ phi_m, min: 0.000000 at y = 0.888571
phi_e, max: -0.154491 at y = 0.889771, phi_e, min: -0.201193 at y = 1.068213
phi_m, max: 109.533109 at y = 1.066426./ phi_m, min: 0.000000 at y = 0.888571
phi_e, max: -0.063290 at y = 0.908131, phi_e, min: -0.080305 at y = 1.068213
phi_m, max: 93.039491 at y = 1.066787./ phi_m, min: 0.000000 at y = 0.888571
phi_e, max: 0.013266 at y = 0.904775, phi_e, min: -0.001680 at y = 1.068213


phi_m, max: -0.000000 at y = 2.358571./ phi_m, min: -0.002532 at y = 2.501429
phi_e, max: -0.135338 at y = 2.625714, phi_e, min: -0.196662 at y = 2.330000
phi_m, max: -0.000000 at y = 2.358571./ phi_m, min: -0.001122 at y = 2.530000
phi_e, max: -0.053587 at y = 2.625714, phi_e, min: -0.077868 at y = 2.330000
phi_m, max: 0.069862 at y = 2.387143./ phi_m, min: 0.000000 at y = 2.358571
phi_e, max: -0.043696 at y = 2.625714, phi_e, min: -0.063482 at y = 2.330000
phi_m, max: 9.501471 at y = 2.387143./ phi_m, min: 0.000000 at y = 2.358571
phi_e, max: -0.033047 at y = 2.625714, phi_e, min: -0.046406 at y = 2.330000


phi_m, max: -0.000000 at y = 4.640000./ phi_m, min: -0.000991 at y = 4.634832
phi_e, max: 0.000601 at y = 4.850000, phi_e, min: 0.000600 at y = 4.630000
phi_m, max: -0.000000 at y = 4.640000./ phi_m, min: -0.000999 at y = 4.634832
phi_e, max: 0.000237 at y = 4.846426, phi_e, min: 0.000237 at y = 4.699300
phi_m, max: -0.000000 at y = 4.640000./ phi_m, min: -0.000991 at y = 4.634832
phi_e, max: 0.000193 at y = 4.846426, phi_e, min: 0.000193 at y = 4.732276
phi_m, max: -0.000000 at y = 4.640000./ phi_m, min: -0.000982 at y = 4.634832
phi_e, max: 0.000136 at y = 4.630000, phi_e, min: 0.000135 at y = 4.850000


phi_m, max: 113.563286 at y = 0.225587./ phi_m, min: 0.000000 at y = 0.220000
phi_e, max: -0.559712 at y = 0.335274, phi_e, min: -0.568883 at y = 0.224413
phi_m, max: 99.623701 at y = 0.226787./ phi_m, min: 0.000000 at y = 0.220000
phi_e, max: -0.145225 at y = 0.337724, phi_e, min: -0.152999 at y = 0.224413
phi_m, max: 80.459797 at y = 0.226787./ phi_m, min: 0.000000 at y = 0.220000
phi_e, max: -0.057546 at y = 0.337724, phi_e, min: -0.063649 at y = 0.224413
phi_m, max: 60.274631 at y = 0.227458./ phi_m, min: 0.000000 at y = 0.220000
phi_e, max: 0.019106 at y = 0.337724, phi_e, min: 0.014681 at y = 0.224413


phi_m, max: 112.079681 at y = 0.011175./ phi_m, min: 0.000000 at y = -0.010000
phi_e, max: -0.561556 at y = 0.121918, phi_e, min: -0.568649 at y = 0.016787
phi_m, max: 96.769066 at y = 0.009413./ phi_m, min: 0.000000 at y = -0.010000
phi_e, max: -0.147121 at y = 0.121918, phi_e, min: -0.153011 at y = 0.016787
phi_m, max: 77.425389 at y = 0.008376./ phi_m, min: 0.000000 at y = -0.010000
phi_e, max: -0.059184 at y = 0.121918, phi_e, min: -0.063775 at y = 0.016787
phi_m, max: 57.605573 at y = 0.007458./ phi_m, min: 0.000000 at y = -0.010000
phi_e, max: 0.017806 at y = 0.121918, phi_e, min: 0.014458 at y = 0.015587


phi_m, max: 0.018845 at y = 1.490000./ phi_m, min: 0.000000 at y = 1.518571
phi_e, max: -0.314157 at y = 1.757143, phi_e, min: -0.369417 at y = 1.490000
phi_m, max: 2.209736 at y = 1.490000./ phi_m, min: 0.000000 at y = 1.518571
phi_e, max: -0.124439 at y = 1.757143, phi_e, min: -0.146408 at y = 1.490000
phi_m, max: 104.494372 at y = 1.490000./ phi_m, min: 0.000000 at y = 1.518571
phi_e, max: -0.105208 at y = 1.757143, phi_e, min: -0.127042 at y = 1.490000
phi_m, max: 112.369470 at y = 1.696259./ phi_m, min: 0.000000 at y = 1.518571
phi_e, max: -0.021386 at y = 1.543494, phi_e, min: -0.036898 at y = 1.696787


phi_m, max: -0.000000 at y = 6.310000./ phi_m, min: -0.001063 at y = 6.318825
phi_e, max: 0.000608 at y = 6.330000, phi_e, min: 0.000607 at y = 6.110000
phi_m, max: -0.000000 at y = 6.310000./ phi_m, min: -0.001071 at y = 6.318825
phi_e, max: 0.000240 at y = 6.330000, phi_e, min: 0.000240 at y = 6.110000
phi_m, max: -0.000000 at y = 6.310000./ phi_m, min: -0.001063 at y = 6.318825
phi_e, max: 0.000196 at y = 6.320000, phi_e, min: 0.000195 at y = 6.110000
phi_m, max: -0.000000 at y = 6.310000./ phi_m, min: -0.001052 at y = 6.318825
phi_e, max: 0.000129 at y = 6.110000, phi_e, min: 0.000129 at y = 6.320000


phi_m, max: -0.000000 at y = 5.480000./ phi_m, min: -0.000991 at y = 5.685168
phi_e, max: 0.000605 at y = 5.690000, phi_e, min: 0.000603 at y = 5.470000
phi_m, max: -0.000000 at y = 5.480000./ phi_m, min: -0.000999 at y = 5.685168
phi_e, max: 0.000239 at y = 5.690000, phi_e, min: 0.000238 at y = 5.470000
phi_m, max: -0.000000 at y = 5.480000./ phi_m, min: -0.000992 at y = 5.685168
phi_e, max: 0.000194 at y = 5.690000, phi_e, min: 0.000194 at y = 5.470000
phi_m, max: -0.000000 at y = 5.480000./ phi_m, min: -0.000983 at y = 5.685168
phi_e, max: 0.000132 at y = 5.470000, phi_e, min: 0.000131 at y = 5.690000


phi_m, max: 107.904278 at y = 0.440000./ phi_m, min: 0.000000 at y = 0.430000
phi_e, max: -0.496333 at y = 0.888571, phi_e, min: -0.575072 at y = 0.440000
phi_m, max: 111.649168 at y = 0.646259./ phi_m, min: 0.000000 at y = 0.430000
phi_e, max: -0.148978 at y = 0.553086, phi_e, min: -0.156066 at y = 0.858825
phi_m, max: 96.272599 at y = 0.646787./ phi_m, min: 0.000000 at y = 0.430000
phi_e, max: -0.060714 at y = 0.550636, phi_e, min: -0.065168 at y = 0.858825
phi_m, max: 76.648437 at y = 0.647458./ phi_m, min: 0.000000 at y = 0.430000
phi_e, max: 0.016624 at y = 0.547724, phi_e, min: 0.011942 at y = 0.858825


Writing: "Fiber2DEphapticPlaneL6rho3_4.chk"
 (0.00768538s, XML)
Steps: 5000000  Time: 0.5         
phi_m, max: -0.000000 at y = 5.480000./ phi_m, min: -0.000991 at y = 5.685168
phi_e, max: 0.000605 at y = 5.690000, phi_e, min: 0.000603 at y = 5.470000
phi_m, max: -0.000000 at y = 5.480000./ phi_m, min: -0.000999 at y = 5.685168
phi_e, max: 0.000239 at y = 5.690000, phi_e, min: 0.000238 at y = 5.470000
phi_m, max: -0.000000 at y = 5.480000./ phi_m, min: -0.000992 at y = 5.685168
phi_e, max: 0.000194 at y = 5.690000, phi_e, min: 0.000194 at y = 5.470000
phi_m, max: -0.000000 at y = 5.480000./ phi_m, min: -0.000983 at y = 5.685168
phi_e, max: 0.000132 at y = 5.470000, phi_e, min: 0.000131 at y = 5.690000
phi_m, max: -0.000000 at y = 5.480000./ phi_m, min: -0.000973 at y = 5.685168
phi_e, max: -0.000930 at y = 5.470000, phi_e, min: -0.001023 at y = 5.690000


phi_m, max: 107.904278 at y = 0.440000./ phi_m, min: 0.000000 at y = 0.430000
phi_e, max: -0.496333 at y = 0.888571, phi_e, min: -0.575072 at y = 0.440000
phi_m, max: 111.649168 at y = 0.646259./ phi_m, min: 0.000000 at y = 0.430000
phi_e, max: -0.148978 at y = 0.553086, phi_e, min: -0.156066 at y = 0.858825
phi_m, max: 96.272599 at y = 0.646787./ phi_m, min: 0.000000 at y = 0.430000
phi_e, max: -0.060714 at y = 0.550636, phi_e, min: -0.065168 at y = 0.858825
phi_m, max: 76.648437 at y = 0.647458./ phi_m, min: 0.000000 at y = 0.430000
phi_e, max: 0.016624 at y = 0.547724, phi_e, min: 0.011942 at y = 0.858825
phi_m, max: 56.592368 at y = 0.648213./ phi_m, min: 0.000000 at y = 0.430000
phi_e, max: 0.056988 at y = 0.545274, phi_e, min: 0.052845 at y = 0.858825


phi_m, max: 0.973053 at y = 1.070000./ phi_m, min: 0.000000 at y = 1.270000
phi_e, max: -0.407129 at y = 1.308571, phi_e, min: -0.456700 at y = 1.070000
phi_m, max: 91.596419 at y = 1.070000./ phi_m, min: 0.000000 at y = 1.270000
phi_e, max: -0.163966 at y = 1.308571, phi_e, min: -0.200837 at y = 1.070000
phi_m, max: 113.965382 at y = 1.275587./ phi_m, min: 0.000000 at y = 1.270000
phi_e, max: -0.077806 at y = 1.120581, phi_e, min: -0.093273 at y = 1.276787
phi_m, max: 100.535214 at y = 1.276787./ phi_m, min: 0.000000 at y = 1.270000
phi_e, max: 0.000138 at y = 1.115344, phi_e, min: -0.013579 at y = 1.276787
phi_m, max: 81.512760 at y = 1.277458./ phi_m, min: 0.000000 at y = 1.270000
phi_e, max: 0.042879 at y = 1.110939, phi_e, min: 0.031267 at y = 1.276787


phi_m, max: 6.645479 at y = 0.860000./ phi_m, min: 0.000000 at y = 0.888571
phi_e, max: -0.445343 at y = 1.123787, phi_e, min: -0.502255 at y = 0.860000
phi_m, max: 112.244197 at y = 0.860000./ phi_m, min: 0.000000 at y = 0.888571
phi_e, max: -0.154491 at y = 0.889771, phi_e, min: -0.201193 at y = 1.068213
phi_m, max: 109.533109 at y = 1.066426./ phi_m, min: 0.000000 at y = 0.888571
phi_e, max: -0.063290 at y = 0.908131, phi_e, min: -0.080305 at y = 1.068213
phi_m, max: 93.039491 at y = 1.066787./ phi_m, min: 0.000000 at y = 0.888571
phi_e, max: 0.013266 at y = 0.904775, phi_e, min: -0.001680 at y = 1.068213
phi_m, max: 73.108313 at y = 1.067458./ phi_m, min: 0.000000 at y = 0.888571
phi_e, max: 0.053722 at y = 0.900370, phi_e, min: 0.041644 at y = 1.068213


phi_m, max: -0.000000 at y = 2.358571./ phi_m, min: -0.002532 at y = 2.501429
phi_e, max: -0.135338 at y = 2.625714, phi_e, min: -0.196662 at y = 2.330000
phi_m, max: -0.000000 at y = 2.358571./ phi_m, min: -0.001122 at y = 2.530000
phi_e, max: -0.053587 at y = 2.625714, phi_e, min: -0.077868 at y = 2.330000
phi_m, max: 0.069862 at y = 2.387143./ phi_m, min: 0.000000 at y = 2.358571
phi_e, max: -0.043696 at y = 2.625714, phi_e, min: -0.063482 at y = 2.330000
phi_m, max: 9.501471 at y = 2.387143./ phi_m, min: 0.000000 at y = 2.358571
phi_e, max: -0.033047 at y = 2.625714, phi_e, min: -0.046406 at y = 2.330000
phi_m, max: 112.966571 at y = 2.532542./ phi_m, min: 0.000000 at y = 2.358571
phi_e, max: -0.007522 at y = 2.399511, phi_e, min: -0.036899 at y = 2.538213


phi_m, max: -0.000000 at y = 4.640000./ phi_m, min: -0.000991 at y = 4.634832
phi_e, max: 0.000601 at y = 4.850000, phi_e, min: 0.000600 at y = 4.630000
phi_m, max: -0.000000 at y = 4.640000./ phi_m, min: -0.000999 at y = 4.634832
phi_e, max: 0.000237 at y = 4.846426, phi_e, min: 0.000237 at y = 4.699300
phi_m, max: -0.000000 at y = 4.640000./ phi_m, min: -0.000991 at y = 4.634832
phi_e, max: 0.000193 at y = 4.846426, phi_e, min: 0.000193 at y = 4.732276
phi_m, max: -0.000000 at y = 4.640000./ phi_m, min: -0.000982 at y = 4.634832
phi_e, max: 0.000136 at y = 4.630000, phi_e, min: 0.000135 at y = 4.850000
phi_m, max: -0.000000 at y = 4.640000./ phi_m, min: -0.000972 at y = 4.635168
phi_e, max: -0.000573 at y = 4.630000, phi_e, min: -0.000667 at y = 4.850000


phi_m, max: 113.563286 at y = 0.225587./ phi_m, min: 0.000000 at y = 0.220000
phi_e, max: -0.559712 at y = 0.335274, phi_e, min: -0.568883 at y = 0.224413
phi_m, max: 99.623701 at y = 0.226787./ phi_m, min: 0.000000 at y = 0.220000
phi_e, max: -0.145225 at y = 0.337724, phi_e, min: -0.152999 at y = 0.224413
phi_m, max: 80.459797 at y = 0.226787./ phi_m, min: 0.000000 at y = 0.220000
phi_e, max: -0.057546 at y = 0.337724, phi_e, min: -0.063649 at y = 0.224413
phi_m, max: 60.274631 at y = 0.227458./ phi_m, min: 0.000000 at y = 0.220000
phi_e, max: 0.019106 at y = 0.337724, phi_e, min: 0.014681 at y = 0.224413
phi_m, max: 42.471131 at y = 0.344286./ phi_m, min: 0.000000 at y = 0.220000
phi_e, max: 0.058749 at y = 0.337724, phi_e, min: 0.055754 at y = 0.224413


phi_m, max: 112.079681 at y = 0.011175./ phi_m, min: 0.000000 at y = -0.010000
phi_e, max: -0.561556 at y = 0.121918, phi_e, min: -0.568649 at y = 0.016787
phi_m, max: 96.769066 at y = 0.009413./ phi_m, min: 0.000000 at y = -0.010000
phi_e, max: -0.147121 at y = 0.121918, phi_e, min: -0.153011 at y = 0.016787
phi_m, max: 77.425389 at y = 0.008376./ phi_m, min: 0.000000 at y = -0.010000
phi_e, max: -0.059184 at y = 0.121918, phi_e, min: -0.063775 at y = 0.016787
phi_m, max: 57.605573 at y = 0.007458./ phi_m, min: 0.000000 at y = -0.010000
phi_e, max: 0.017806 at y = 0.121918, phi_e, min: 0.014458 at y = 0.015587
phi_m, max: 40.062897 at y = 0.006426./ phi_m, min: 0.000000 at y = -0.010000
phi_e, max: 0.057793 at y = 0.121918, phi_e, min: 0.055507 at y = 0.014413


phi_m, max: 0.018845 at y = 1.490000./ phi_m, min: 0.000000 at y = 1.518571
phi_e, max: -0.314157 at y = 1.757143, phi_e, min: -0.369417 at y = 1.490000
phi_m, max: 2.209736 at y = 1.490000./ phi_m, min: 0.000000 at y = 1.518571
phi_e, max: -0.124439 at y = 1.757143, phi_e, min: -0.146408 at y = 1.490000
phi_m, max: 104.494372 at y = 1.490000./ phi_m, min: 0.000000 at y = 1.518571
phi_e, max: -0.105208 at y = 1.757143, phi_e, min: -0.127042 at y = 1.490000
phi_m, max: 112.369470 at y = 1.696259./ phi_m, min: 0.000000 at y = 1.518571
phi_e, max: -0.021386 at y = 1.543494, phi_e, min: -0.036898 at y = 1.696787
phi_m, max: 97.477920 at y = 1.696787./ phi_m, min: 0.000000 at y = 1.518571
phi_e, max: 0.023340 at y = 1.536932, phi_e, min: 0.009275 at y = 1.696787


phi_m, max: -0.000000 at y = 6.310000./ phi_m, min: -0.001063 at y = 6.318825
phi_e, max: 0.000608 at y = 6.330000, phi_e, min: 0.000607 at y = 6.110000
phi_m, max: -0.000000 at y = 6.310000./ phi_m, min: -0.001071 at y = 6.318825
phi_e, max: 0.000240 at y = 6.330000, phi_e, min: 0.000240 at y = 6.110000
phi_m, max: -0.000000 at y = 6.310000./ phi_m, min: -0.001063 at y = 6.318825
phi_e, max: 0.000196 at y = 6.320000, phi_e, min: 0.000195 at y = 6.110000
phi_m, max: -0.000000 at y = 6.310000./ phi_m, min: -0.001052 at y = 6.318825
phi_e, max: 0.000129 at y = 6.110000, phi_e, min: 0.000129 at y = 6.320000
phi_m, max: -0.000000 at y = 6.310000./ phi_m, min: -0.000984 at y = 6.315510
phi_e, max: -0.001200 at y = 6.110000, phi_e, min: -0.001290 at y = 6.330000


phi_m, max: -0.000000 at y = 5.928571./ phi_m, min: -0.001000 at y = 6.105449
phi_e, max: 0.000607 at y = 6.138571, phi_e, min: 0.000606 at y = 5.900000
phi_m, max: -0.000000 at y = 5.928571./ phi_m, min: -0.001009 at y = 6.105449
phi_e, max: 0.000240 at y = 6.138571, phi_e, min: 0.000239 at y = 5.900000
phi_m, max: -0.000000 at y = 5.928571./ phi_m, min: -0.001001 at y = 6.105449
phi_e, max: 0.000195 at y = 6.138571, phi_e, min: 0.000195 at y = 5.900000
phi_m, max: -0.000000 at y = 5.928571./ phi_m, min: -0.000992 at y = 6.105449
phi_e, max: 0.000130 at y = 5.900000, phi_e, min: 0.000129 at y = 6.138571
phi_m, max: -0.000000 at y = 5.928571./ phi_m, min: -0.000975 at y = 6.105168
phi_e, max: -0.001112 at y = 5.900000, phi_e, min: -0.001212 at y = 6.138571


phi_m, max: -0.000000 at y = 3.790000./ phi_m, min: -0.001374 at y = 3.761429
phi_e, max: 0.000597 at y = 4.010000, phi_e, min: 0.000596 at y = 3.761429
phi_m, max: -0.000000 at y = 3.790000./ phi_m, min: -0.001109 at y = 3.761429
phi_e, max: 0.000236 at y = 4.010000, phi_e, min: 0.000236 at y = 3.761429
phi_m, max: -0.000000 at y = 3.790000./ phi_m, min: -0.001072 at y = 3.761429
phi_e, max: 0.000193 at y = 4.010000, phi_e, min: 0.000192 at y = 3.761429
phi_m, max: -0.000000 at y = 3.790000./ phi_m, min: -0.001003 at y = 3.794084
phi_e, max: 0.000141 at y = 3.761429, phi_e, min: 0.000140 at y = 4.010000
phi_m, max: 0.003369 at y = 3.761429./ phi_m, min: -0.000719 at y = 4.010000
phi_e, max: -0.000204 at y = 3.761429, phi_e, min: -0.000311 at y = 4.010000


phi_m, max: -0.000000 at y = 3.370000./ phi_m, min: -0.018119 at y = 3.341429
phi_e, max: 0.000611 at y = 3.341429, phi_e, min: 0.000000 at y = 3.312857
phi_m, max: -0.000000 at y = 3.370000./ phi_m, min: -0.007600 at y = 3.341429
phi_e, max: 0.000242 at y = 3.341429, phi_e, min: 0.000000 at y = 3.312857
phi_m, max: -0.000000 at y = 3.370000./ phi_m, min: -0.006347 at y = 3.341429
phi_e, max: 0.000197 at y = 3.341429, phi_e, min: 0.000000 at y = 3.312857
phi_m, max: -0.000000 at y = 3.370000./ phi_m, min: -0.002426 at y = 3.341429
phi_e, max: 0.000149 at y = 3.341429, phi_e, min: 0.000000 at y = 3.312857
phi_m, max: 0.187703 at y = 3.341429./ phi_m, min: 0.000000 at y = 3.370000
phi_e, max: 0.000093 at y = 3.341429, phi_e, min: -0.000099 at y = 3.551429


phi_m, max: -0.000000 at y = 4.850000./ phi_m, min: -0.000991 at y = 4.844832
phi_e, max: 0.000601 at y = 5.088571, phi_e, min: 0.000601 at y = 4.840000
phi_m, max: -0.000000 at y = 4.850000./ phi_m, min: -0.000999 at y = 4.844832
phi_e, max: 0.000237 at y = 5.088571, phi_e, min: 0.000237 at y = 4.887583
phi_m, max: -0.000000 at y = 4.850000./ phi_m, min: -0.000991 at y = 4.844832
phi_e, max: 0.000193 at y = 5.088571, phi_e, min: 0.000193 at y = 4.909300
phi_m, max: -0.000000 at y = 4.850000./ phi_m, min: -0.000982 at y = 5.055168
phi_e, max: 0.000135 at y = 4.840000, phi_e, min: 0.000133 at y = 5.088571
phi_m, max: -0.000000 at y = 4.850000./ phi_m, min: -0.000974 at y = 5.055168
phi_e, max: -0.000663 at y = 4.840000, phi_e, min: -0.000767 at y = 5.088571


phi_m, max: 114.785271 at y = 0.433633./ phi_m, min: -0.021591 at y = 3.277724
phi_e, max: 0.000611 at y = 3.341429, phi_e, min: -0.575517 at y = 0.438213
phi_m, max: 106.175770 at y = 0.436426./ phi_m, min: -0.008939 at y = 3.277724
phi_e, max: 0.000242 at y = 3.341429, phi_e, min: -0.154302 at y = 0.436787
phi_m, max: 88.448626 at y = 0.437458./ phi_m, min: -0.007427 at y = 3.277724
phi_e, max: 0.000197 at y = 3.341429, phi_e, min: -0.064984 at y = 0.436787
phi_m, max: 68.257438 at y = 0.437458./ phi_m, min: -0.002515 at y = 3.321869
phi_e, max: 0.019098 at y = 0.344286, phi_e, min: -0.003821 at y = 3.198571
phi_m, max: 48.995853 at y = 0.438213./ phi_m, min: 0.000000 at y = 0.430000
phi_e, max: 0.058743 at y = 0.344286, phi_e, min: -0.002616 at y = 3.198571


phi_m, max: 0.124254 at y = 1.308571./ phi_m, min: 0.000000 at y = 1.480000
phi_e, max: -0.351628 at y = 1.575714, phi_e, min: -0.412288 at y = 1.283356
phi_m, max: 12.980484 at y = 1.308571./ phi_m, min: 0.000000 at y = 1.480000
phi_e, max: -0.139572 at y = 1.575714, phi_e, min: -0.165800 at y = 1.283356
phi_m, max: 114.141500 at y = 1.483213./ phi_m, min: 0.000000 at y = 1.480000
phi_e, max: -0.089524 at y = 1.328131, phi_e, min: -0.128207 at y = 1.488213
phi_m, max: 107.133480 at y = 1.486426./ phi_m, min: 0.000000 at y = 1.480000
phi_e, max: -0.010100 at y = 1.343705, phi_e, min: -0.024115 at y = 1.488213
phi_m, max: 89.709336 at y = 1.487458./ phi_m, min: 0.000000 at y = 1.480000
phi_e, max: 0.033747 at y = 1.339300, phi_e, min: 0.021412 at y = 1.486787


phi_m, max: -0.000000 at y = 3.580000./ phi_m, min: -0.003667 at y = 3.551429
phi_e, max: 0.000596 at y = 3.790000, phi_e, min: 0.000594 at y = 3.551429
phi_m, max: -0.000000 at y = 3.580000./ phi_m, min: -0.001977 at y = 3.551429
phi_e, max: 0.000236 at y = 3.790000, phi_e, min: 0.000235 at y = 3.551429
phi_m, max: -0.000000 at y = 3.580000./ phi_m, min: -0.001778 at y = 3.551429
phi_e, max: 0.000192 at y = 3.790000, phi_e, min: 0.000191 at y = 3.551429
phi_m, max: -0.000000 at y = 3.580000./ phi_m, min: -0.001178 at y = 3.551429
phi_e, max: 0.000142 at y = 3.551429, phi_e, min: 0.000140 at y = 3.790000
phi_m, max: 0.027527 at y = 3.551429./ phi_m, min: 0.000000 at y = 3.580000
phi_e, max: -0.000099 at y = 3.551429, phi_e, min: -0.000216 at y = 3.790000


phi_m, max: -0.000000 at y = 5.050000./ phi_m, min: -0.000991 at y = 5.475168
phi_e, max: 0.000603 at y = 5.480000, phi_e, min: 0.000601 at y = 5.021429
phi_m, max: -0.000000 at y = 5.050000./ phi_m, min: -0.000999 at y = 5.475168
phi_e, max: 0.000238 at y = 5.480000, phi_e, min: 0.000237 at y = 5.021429
phi_m, max: -0.000000 at y = 5.050000./ phi_m, min: -0.000991 at y = 5.475168
phi_e, max: 0.000194 at y = 5.480000, phi_e, min: 0.000193 at y = 5.021429
phi_m, max: -0.000000 at y = 5.050000./ phi_m, min: -0.000982 at y = 5.475168
phi_e, max: 0.000134 at y = 5.021429, phi_e, min: 0.000132 at y = 5.480000
phi_m, max: -0.000000 at y = 5.050000./ phi_m, min: -0.000974 at y = 5.055168
phi_e, max: -0.000739 at y = 5.021429, phi_e, min: -0.000934 at y = 5.480000


phi_m, max: 74.668361 at y = 0.640000./ phi_m, min: 0.000000 at y = 0.650000
phi_e, max: -0.501816 at y = 0.860000, phi_e, min: -0.554543 at y = 0.641787
phi_m, max: 114.974257 at y = 0.855168./ phi_m, min: 0.000000 at y = 0.650000
phi_e, max: -0.141566 at y = 0.744726, phi_e, min: -0.156504 at y = 0.858213
phi_m, max: 103.435994 at y = 0.856787./ phi_m, min: 0.000000 at y = 0.650000
phi_e, max: -0.054442 at y = 0.748082, phi_e, min: -0.065508 at y = 0.856787
phi_m, max: 84.991980 at y = 0.857458./ phi_m, min: 0.000000 at y = 0.650000
phi_e, max: 0.021061 at y = 0.744726, phi_e, min: 0.011659 at y = 0.856787
phi_m, max: 64.716356 at y = 0.857458./ phi_m, min: 0.000000 at y = 0.650000
phi_e, max: 0.059948 at y = 0.742276, phi_e, min: 0.052627 at y = 0.856787


phi_m, max: -0.000000 at y = 2.320000./ phi_m, min: -0.002270 at y = 2.415714
phi_e, max: -0.178754 at y = 2.415714, phi_e, min: -0.234590 at y = 2.148571
phi_m, max: 0.004917 at y = 2.177143./ phi_m, min: -0.000654 at y = 2.415714
phi_e, max: -0.070777 at y = 2.415714, phi_e, min: -0.092886 at y = 2.148571
phi_m, max: 0.478376 at y = 2.177143./ phi_m, min: 0.000000 at y = 2.320000
phi_e, max: -0.057719 at y = 2.415714, phi_e, min: -0.075775 at y = 2.148571
phi_m, max: 62.547617 at y = 2.177143./ phi_m, min: 0.000000 at y = 2.320000
phi_e, max: -0.044532 at y = 2.415714, phi_e, min: -0.066028 at y = 2.148571
phi_m, max: 114.442230 at y = 2.325587./ phi_m, min: 0.000000 at y = 2.320000
phi_e, max: -0.003007 at y = 2.203557, phi_e, min: -0.013563 at y = 2.326787


phi_m, max: -0.000000 at y = 5.690000./ phi_m, min: -0.000992 at y = 5.895168
phi_e, max: 0.000606 at y = 5.928571, phi_e, min: 0.000605 at y = 5.685587
phi_m, max: -0.000000 at y = 5.690000./ phi_m, min: -0.001000 at y = 5.895168
phi_e, max: 0.000239 at y = 5.928571, phi_e, min: 0.000239 at y = 5.685587
phi_m, max: -0.000000 at y = 5.690000./ phi_m, min: -0.000993 at y = 5.895168
phi_e, max: 0.000195 at y = 5.928571, phi_e, min: 0.000194 at y = 5.685587
phi_m, max: -0.000000 at y = 5.690000./ phi_m, min: -0.000984 at y = 5.895168
phi_e, max: 0.000131 at y = 5.685587, phi_e, min: 0.000130 at y = 5.928571
phi_m, max: -0.000000 at y = 5.690000./ phi_m, min: -0.000974 at y = 5.894832
phi_e, max: -0.001021 at y = 5.685587, phi_e, min: -0.001124 at y = 5.928571


phi_m, max: -0.000000 at y = 4.420000./ phi_m, min: -0.000992 at y = 4.424832
phi_e, max: 0.000600 at y = 4.640000, phi_e, min: 0.000599 at y = 4.362857
phi_m, max: -0.000000 at y = 4.420000./ phi_m, min: -0.000999 at y = 4.424832
phi_e, max: 0.000237 at y = 4.630000, phi_e, min: 0.000237 at y = 4.362857
phi_m, max: -0.000000 at y = 4.420000./ phi_m, min: -0.000992 at y = 4.424832
phi_e, max: 0.000193 at y = 4.630000, phi_e, min: 0.000193 at y = 4.362857
phi_m, max: -0.000000 at y = 4.420000./ phi_m, min: -0.000983 at y = 4.424832
phi_e, max: 0.000138 at y = 4.362857, phi_e, min: 0.000136 at y = 4.640000
phi_m, max: -0.000000 at y = 4.420000./ phi_m, min: -0.000966 at y = 4.425168
phi_e, max: -0.000459 at y = 4.362857, phi_e, min: -0.000577 at y = 4.640000


phi_m, max: -0.000000 at y = 4.210000./ phi_m, min: -0.000996 at y = 4.214832
phi_e, max: 0.000599 at y = 4.430000, phi_e, min: 0.000598 at y = 4.181429
phi_m, max: -0.000000 at y = 4.210000./ phi_m, min: -0.001001 at y = 4.214832
phi_e, max: 0.000237 at y = 4.426426, phi_e, min: 0.000237 at y = 4.181429
phi_m, max: -0.000000 at y = 4.210000./ phi_m, min: -0.000993 at y = 4.214832
phi_e, max: 0.000193 at y = 4.426426, phi_e, min: 0.000193 at y = 4.302358
phi_m, max: -0.000000 at y = 4.210000./ phi_m, min: -0.000983 at y = 4.214832
phi_e, max: 0.000139 at y = 4.181429, phi_e, min: 0.000137 at y = 4.430000
phi_m, max: -0.000000 at y = 4.210000./ phi_m, min: -0.000935 at y = 4.420000
phi_e, max: -0.000383 at y = 4.181429, phi_e, min: -0.000487 at y = 4.430000


phi_m, max: -0.000000 at y = 2.950000./ phi_m, min: -0.004183 at y = 3.045714
phi_e, max: -0.047576 at y = 3.045714, phi_e, min: -0.097399 at y = 2.807143
phi_m, max: -0.000000 at y = 2.950000./ phi_m, min: -0.002155 at y = 3.045714
phi_e, max: -0.018838 at y = 3.045714, phi_e, min: -0.038565 at y = 2.807143
phi_m, max: 0.000513 at y = 2.807143./ phi_m, min: -0.001718 at y = 3.045714
phi_e, max: -0.015360 at y = 3.045714, phi_e, min: -0.031446 at y = 2.807143
phi_m, max: 0.213340 at y = 2.807143./ phi_m, min: 0.000000 at y = 2.950000
phi_e, max: -0.011590 at y = 3.045714, phi_e, min: -0.023725 at y = 2.807143
phi_m, max: 15.619118 at y = 2.807143./ phi_m, min: 0.000000 at y = 2.950000
phi_e, max: -0.008325 at y = 3.045714, phi_e, min: -0.017169 at y = 2.807143


phi_m, max: -0.000000 at y = 2.740000./ phi_m, min: -0.001568 at y = 2.835714
phi_e, max: -0.091351 at y = 2.835714, phi_e, min: -0.141050 at y = 2.597143
phi_m, max: -0.000000 at y = 2.740000./ phi_m, min: -0.001150 at y = 2.835714
phi_e, max: -0.036170 at y = 2.835714, phi_e, min: -0.055848 at y = 2.597143
phi_m, max: 0.009560 at y = 2.597143./ phi_m, min: 0.000000 at y = 2.740000
phi_e, max: -0.029493 at y = 2.835714, phi_e, min: -0.045540 at y = 2.597143
phi_m, max: 1.427145 at y = 2.597143./ phi_m, min: 0.000000 at y = 2.740000
phi_e, max: -0.022259 at y = 2.835714, phi_e, min: -0.034405 at y = 2.597143
phi_m, max: 81.429102 at y = 2.597143./ phi_m, min: 0.000000 at y = 2.740000
phi_e, max: -0.015138 at y = 2.746787, phi_e, min: -0.027398 at y = 2.597143


phi_m, max: 0.000407 at y = 1.728571./ phi_m, min: -0.001479 at y = 1.900000
phi_e, max: -0.271485 at y = 1.967143, phi_e, min: -0.320252 at y = 1.728571
phi_m, max: 0.296177 at y = 1.728571./ phi_m, min: 0.000000 at y = 1.900000
phi_e, max: -0.107500 at y = 1.967143, phi_e, min: -0.126849 at y = 1.728571
phi_m, max: 24.819423 at y = 1.728571./ phi_m, min: 0.000000 at y = 1.900000
phi_e, max: -0.088122 at y = 1.967143, phi_e, min: -0.107117 at y = 1.728571
phi_m, max: 115.096900 at y = 1.904832./ phi_m, min: 0.000000 at y = 1.900000
phi_e, max: -0.033424 at y = 1.759300, phi_e, min: -0.051562 at y = 1.908213
phi_m, max: 104.497077 at y = 1.906787./ phi_m, min: 0.000000 at y = 1.900000
phi_e, max: 0.011891 at y = 1.759300, phi_e, min: -0.000907 at y = 1.906787


phi_m, max: -0.000000 at y = 2.110000./ phi_m, min: -0.001581 at y = 2.056213
phi_e, max: -0.228565 at y = 2.177143, phi_e, min: -0.277169 at y = 1.938571
phi_m, max: 0.043783 at y = 1.938571./ phi_m, min: 0.000000 at y = 2.110000
phi_e, max: -0.090501 at y = 2.177143, phi_e, min: -0.109749 at y = 1.938571
phi_m, max: 3.670721 at y = 1.938571./ phi_m, min: 0.000000 at y = 2.110000
phi_e, max: -0.073853 at y = 2.177143, phi_e, min: -0.089857 at y = 1.938571
phi_m, max: 107.667042 at y = 1.938571./ phi_m, min: 0.000000 at y = 2.110000
phi_e, max: -0.046575 at y = 1.973705, phi_e, min: -0.071315 at y = 2.114413
phi_m, max: 110.378490 at y = 2.116426./ phi_m, min: 0.000000 at y = 2.110000
phi_e, max: 0.002865 at y = 1.983346, phi_e, min: -0.008404 at y = 2.116787


phi_m, max: -0.000000 at y = 5.260000./ phi_m, min: -0.000991 at y = 5.264832
phi_e, max: 0.000602 at y = 5.298571, phi_e, min: 0.000601 at y = 5.060000
phi_m, max: -0.000000 at y = 5.260000./ phi_m, min: -0.000999 at y = 5.264832
phi_e, max: 0.000238 at y = 5.298571, phi_e, min: 0.000237 at y = 5.060000
phi_m, max: -0.000000 at y = 5.260000./ phi_m, min: -0.000991 at y = 5.264832
phi_e, max: 0.000193 at y = 5.298571, phi_e, min: 0.000193 at y = 5.060000
phi_m, max: -0.000000 at y = 5.260000./ phi_m, min: -0.000982 at y = 5.264832
phi_e, max: 0.000134 at y = 5.060000, phi_e, min: 0.000132 at y = 5.298571
phi_m, max: -0.000000 at y = 5.260000./ phi_m, min: -0.000974 at y = 5.265168
phi_e, max: -0.000756 at y = 5.060000, phi_e, min: -0.000857 at y = 5.298571


phi_m, max: -0.000000 at y = 3.971429./ phi_m, min: -0.001031 at y = 3.885714
phi_e, max: 0.000598 at y = 4.210000, phi_e, min: 0.000597 at y = 3.885714
phi_m, max: -0.000000 at y = 3.971429./ phi_m, min: -0.000991 at y = 4.000000
phi_e, max: 0.000237 at y = 4.210000, phi_e, min: 0.000236 at y = 3.885714
phi_m, max: -0.000000 at y = 3.971429./ phi_m, min: -0.000981 at y = 4.000000
phi_e, max: 0.000193 at y = 4.210000, phi_e, min: 0.000192 at y = 3.885714
phi_m, max: -0.000000 at y = 3.971429./ phi_m, min: -0.000961 at y = 4.000000
phi_e, max: 0.000140 at y = 3.885714, phi_e, min: 0.000139 at y = 4.210000
phi_m, max: 0.000139 at y = 3.885714./ phi_m, min: -0.000869 at y = 4.210000
phi_e, max: -0.000259 at y = 3.885714, phi_e, min: -0.000396 at y = 4.210000



Time: 0.100000
CPU Time: 141.190380 min.
phi_m, max: -0.000000 at y = 3.131429./ phi_m, min: -0.019448 at y = 3.227143
phi_e, max: 0.000608 at y = 6.330000, phi_e, min: -0.053521 at y = 3.017143

Time: 0.200000
CPU Time: 138.036366 min.
phi_m, max: -0.000000 at y = 3.131429./ phi_m, min: -0.008105 at y = 3.227143
phi_e, max: 0.000240 at y = 6.330000, phi_e, min: -0.021192 at y = 3.017143

Time: 0.300000
CPU Time: 134.729599 min.
phi_m, max: -0.000000 at y = 3.131429./ phi_m, min: -0.006740 at y = 3.227143
phi_e, max: 0.000196 at y = 6.330000, phi_e, min: -0.017280 at y = 3.017143

Time: 0.400000
CPU Time: 134.629891 min.
phi_m, max: 0.026446 at y = 3.045714./ phi_m, min: -0.001051 at y = 6.320000
phi_e, max: 0.000129 at y = 6.320000, phi_e, min: -0.013036 at y = 3.017143

Time: 0.500000
CPU Time: 135.607442 min.
phi_m, max: 2.054168 at y = 3.045714./ phi_m, min: -0.000964 at y = 6.320000
phi_e, max: -0.000884 at y = 3.255714, phi_e, min: -0.009235 at y = 3.017143


Writing: "Fiber2DEphapticPlaneL6rho3_5.chk"
 (0.00178245s, XML)
Steps: 6000000  Time: 0.6         
phi_m, max: -0.000000 at y = 4.850000./ phi_m, min: -0.000991 at y = 4.844832
phi_e, max: 0.000601 at y = 5.088571, phi_e, min: 0.000601 at y = 4.840000
phi_m, max: -0.000000 at y = 4.850000./ phi_m, min: -0.000999 at y = 4.844832
phi_e, max: 0.000237 at y = 5.088571, phi_e, min: 0.000237 at y = 4.887583
phi_m, max: -0.000000 at y = 4.850000./ phi_m, min: -0.000991 at y = 4.844832
phi_e, max: 0.000193 at y = 5.088571, phi_e, min: 0.000193 at y = 4.909300
phi_m, max: -0.000000 at y = 4.850000./ phi_m, min: -0.000982 at y = 5.055168
phi_e, max: 0.000135 at y = 4.840000, phi_e, min: 0.000133 at y = 5.088571
phi_m, max: -0.000000 at y = 4.850000./ phi_m, min: -0.000974 at y = 5.055168
phi_e, max: -0.000663 at y = 4.840000, phi_e, min: -0.000767 at y = 5.088571
phi_m, max: -0.000000 at y = 4.850000./ phi_m, min: -0.000964 at y = 5.054832
phi_e, max: -0.006358 at y = 5.088571, phi_e, min: -0.007573 at y = 4.840000


phi_m, max: 114.785271 at y = 0.433633./ phi_m, min: -0.021591 at y = 3.277724
phi_e, max: 0.000611 at y = 3.341429, phi_e, min: -0.575517 at y = 0.438213
phi_m, max: 106.175770 at y = 0.436426./ phi_m, min: -0.008939 at y = 3.277724
phi_e, max: 0.000242 at y = 3.341429, phi_e, min: -0.154302 at y = 0.436787
phi_m, max: 88.448626 at y = 0.437458./ phi_m, min: -0.007427 at y = 3.277724
phi_e, max: 0.000197 at y = 3.341429, phi_e, min: -0.064984 at y = 0.436787
phi_m, max: 68.257438 at y = 0.437458./ phi_m, min: -0.002515 at y = 3.321869
phi_e, max: 0.019098 at y = 0.344286, phi_e, min: -0.003821 at y = 3.198571
phi_m, max: 48.995853 at y = 0.438213./ phi_m, min: 0.000000 at y = 0.430000
phi_e, max: 0.058743 at y = 0.344286, phi_e, min: -0.002616 at y = 3.198571
phi_m, max: 52.675655 at y = 3.198571./ phi_m, min: 0.000000 at y = 0.430000
phi_e, max: 0.000366 at y = 3.341429, phi_e, min: -0.024914 at y = 0.433213


phi_m, max: 0.124254 at y = 1.308571./ phi_m, min: 0.000000 at y = 1.480000
phi_e, max: -0.351628 at y = 1.575714, phi_e, min: -0.412288 at y = 1.283356
phi_m, max: 12.980484 at y = 1.308571./ phi_m, min: 0.000000 at y = 1.480000
phi_e, max: -0.139572 at y = 1.575714, phi_e, min: -0.165800 at y = 1.283356
phi_m, max: 114.141500 at y = 1.483213./ phi_m, min: 0.000000 at y = 1.480000
phi_e, max: -0.089524 at y = 1.328131, phi_e, min: -0.128207 at y = 1.488213
phi_m, max: 107.133480 at y = 1.486426./ phi_m, min: 0.000000 at y = 1.480000
phi_e, max: -0.010100 at y = 1.343705, phi_e, min: -0.024115 at y = 1.488213
phi_m, max: 89.709336 at y = 1.487458./ phi_m, min: 0.000000 at y = 1.480000
phi_e, max: 0.033747 at y = 1.339300, phi_e, min: 0.021412 at y = 1.486787
phi_m, max: 69.570575 at y = 1.487458./ phi_m, min: 0.000000 at y = 1.480000
phi_e, max: -0.008505 at y = 1.378082, phi_e, min: -0.013790 at y = 1.485587


phi_m, max: -0.000000 at y = 3.580000./ phi_m, min: -0.003667 at y = 3.551429
phi_e, max: 0.000596 at y = 3.790000, phi_e, min: 0.000594 at y = 3.551429
phi_m, max: -0.000000 at y = 3.580000./ phi_m, min: -0.001977 at y = 3.551429
phi_e, max: 0.000236 at y = 3.790000, phi_e, min: 0.000235 at y = 3.551429
phi_m, max: -0.000000 at y = 3.580000./ phi_m, min: -0.001778 at y = 3.551429
phi_e, max: 0.000192 at y = 3.790000, phi_e, min: 0.000191 at y = 3.551429
phi_m, max: -0.000000 at y = 3.580000./ phi_m, min: -0.001178 at y = 3.551429
phi_e, max: 0.000142 at y = 3.551429, phi_e, min: 0.000140 at y = 3.790000
phi_m, max: 0.027527 at y = 3.551429./ phi_m, min: 0.000000 at y = 3.580000
phi_e, max: -0.000099 at y = 3.551429, phi_e, min: -0.000216 at y = 3.790000
phi_m, max: 3.703708 at y = 3.551429./ phi_m, min: 0.000000 at y = 3.580000
phi_e, max: -0.011257 at y = 3.583213, phi_e, min: -0.012634 at y = 3.732857


phi_m, max: -0.000000 at y = 5.050000./ phi_m, min: -0.000991 at y = 5.475168
phi_e, max: 0.000603 at y = 5.480000, phi_e, min: 0.000601 at y = 5.021429
phi_m, max: -0.000000 at y = 5.050000./ phi_m, min: -0.000999 at y = 5.475168
phi_e, max: 0.000238 at y = 5.480000, phi_e, min: 0.000237 at y = 5.021429
phi_m, max: -0.000000 at y = 5.050000./ phi_m, min: -0.000991 at y = 5.475168
phi_e, max: 0.000194 at y = 5.480000, phi_e, min: 0.000193 at y = 5.021429
phi_m, max: -0.000000 at y = 5.050000./ phi_m, min: -0.000982 at y = 5.475168
phi_e, max: 0.000134 at y = 5.021429, phi_e, min: 0.000132 at y = 5.480000
phi_m, max: -0.000000 at y = 5.050000./ phi_m, min: -0.000974 at y = 5.055168
phi_e, max: -0.000739 at y = 5.021429, phi_e, min: -0.000934 at y = 5.480000
phi_m, max: -0.000000 at y = 5.050000./ phi_m, min: -0.000979 at y = 5.475510
phi_e, max: -0.004422 at y = 5.480000, phi_e, min: -0.006685 at y = 5.021429


phi_m, max: 74.668361 at y = 0.640000./ phi_m, min: 0.000000 at y = 0.650000
phi_e, max: -0.501816 at y = 0.860000, phi_e, min: -0.554543 at y = 0.641787
phi_m, max: 114.974257 at y = 0.855168./ phi_m, min: 0.000000 at y = 0.650000
phi_e, max: -0.141566 at y = 0.744726, phi_e, min: -0.156504 at y = 0.858213
phi_m, max: 103.435994 at y = 0.856787./ phi_m, min: 0.000000 at y = 0.650000
phi_e, max: -0.054442 at y = 0.748082, phi_e, min: -0.065508 at y = 0.856787
phi_m, max: 84.991980 at y = 0.857458./ phi_m, min: 0.000000 at y = 0.650000
phi_e, max: 0.021061 at y = 0.744726, phi_e, min: 0.011659 at y = 0.856787
phi_m, max: 64.716356 at y = 0.857458./ phi_m, min: 0.000000 at y = 0.650000
phi_e, max: 0.059948 at y = 0.742276, phi_e, min: 0.052627 at y = 0.856787
phi_m, max: 45.905325 at y = 0.858213./ phi_m, min: 0.000000 at y = 0.650000
phi_e, max: -0.009842 at y = 0.786295, phi_e, min: -0.017487 at y = 0.641787


phi_m, max: -0.000000 at y = 2.320000./ phi_m, min: -0.002270 at y = 2.415714
phi_e, max: -0.178754 at y = 2.415714, phi_e, min: -0.234590 at y = 2.148571
phi_m, max: 0.004917 at y = 2.177143./ phi_m, min: -0.000654 at y = 2.415714
phi_e, max: -0.070777 at y = 2.415714, phi_e, min: -0.092886 at y = 2.148571
phi_m, max: 0.478376 at y = 2.177143./ phi_m, min: 0.000000 at y = 2.320000
phi_e, max: -0.057719 at y = 2.415714, phi_e, min: -0.075775 at y = 2.148571
phi_m, max: 62.547617 at y = 2.177143./ phi_m, min: 0.000000 at y = 2.320000
phi_e, max: -0.044532 at y = 2.415714, phi_e, min: -0.066028 at y = 2.148571
phi_m, max: 114.442230 at y = 2.325587./ phi_m, min: 0.000000 at y = 2.320000
phi_e, max: -0.003007 at y = 2.203557, phi_e, min: -0.013563 at y = 2.326787
phi_m, max: 101.665683 at y = 2.326787./ phi_m, min: 0.000000 at y = 2.320000
phi_e, max: -0.007586 at y = 2.415714, phi_e, min: -0.016472 at y = 2.323213


phi_m, max: -0.000000 at y = 5.690000./ phi_m, min: -0.000992 at y = 5.895168
phi_e, max: 0.000606 at y = 5.928571, phi_e, min: 0.000605 at y = 5.685587
phi_m, max: -0.000000 at y = 5.690000./ phi_m, min: -0.001000 at y = 5.895168
phi_e, max: 0.000239 at y = 5.928571, phi_e, min: 0.000239 at y = 5.685587
phi_m, max: -0.000000 at y = 5.690000./ phi_m, min: -0.000993 at y = 5.895168
phi_e, max: 0.000195 at y = 5.928571, phi_e, min: 0.000194 at y = 5.685587
phi_m, max: -0.000000 at y = 5.690000./ phi_m, min: -0.000984 at y = 5.895168
phi_e, max: 0.000131 at y = 5.685587, phi_e, min: 0.000130 at y = 5.928571
phi_m, max: -0.000000 at y = 5.690000./ phi_m, min: -0.000974 at y = 5.894832
phi_e, max: -0.001021 at y = 5.685587, phi_e, min: -0.001124 at y = 5.928571
phi_m, max: -0.000000 at y = 5.690000./ phi_m, min: -0.000979 at y = 5.895916
phi_e, max: -0.002212 at y = 5.928571, phi_e, min: -0.003408 at y = 5.685587


phi_m, max: -0.000000 at y = 4.420000./ phi_m, min: -0.000992 at y = 4.424832
phi_e, max: 0.000600 at y = 4.640000, phi_e, min: 0.000599 at y = 4.362857
phi_m, max: -0.000000 at y = 4.420000./ phi_m, min: -0.000999 at y = 4.424832
phi_e, max: 0.000237 at y = 4.630000, phi_e, min: 0.000237 at y = 4.362857
phi_m, max: -0.000000 at y = 4.420000./ phi_m, min: -0.000992 at y = 4.424832
phi_e, max: 0.000193 at y = 4.630000, phi_e, min: 0.000193 at y = 4.362857
phi_m, max: -0.000000 at y = 4.420000./ phi_m, min: -0.000983 at y = 4.424832
phi_e, max: 0.000138 at y = 4.362857, phi_e, min: 0.000136 at y = 4.640000
phi_m, max: -0.000000 at y = 4.420000./ phi_m, min: -0.000966 at y = 4.425168
phi_e, max: -0.000459 at y = 4.362857, phi_e, min: -0.000577 at y = 4.640000
phi_m, max: 0.000829 at y = 4.391429./ phi_m, min: -0.000747 at y = 4.630000
phi_e, max: -0.008564 at y = 4.640000, phi_e, min: -0.009927 at y = 4.362857


phi_m, max: -0.000000 at y = 4.210000./ phi_m, min: -0.000996 at y = 4.214832
phi_e, max: 0.000599 at y = 4.430000, phi_e, min: 0.000598 at y = 4.181429
phi_m, max: -0.000000 at y = 4.210000./ phi_m, min: -0.001001 at y = 4.214832
phi_e, max: 0.000237 at y = 4.426426, phi_e, min: 0.000237 at y = 4.181429
phi_m, max: -0.000000 at y = 4.210000./ phi_m, min: -0.000993 at y = 4.214832
phi_e, max: 0.000193 at y = 4.426426, phi_e, min: 0.000193 at y = 4.302358
phi_m, max: -0.000000 at y = 4.210000./ phi_m, min: -0.000983 at y = 4.214832
phi_e, max: 0.000139 at y = 4.181429, phi_e, min: 0.000137 at y = 4.430000
phi_m, max: -0.000000 at y = 4.210000./ phi_m, min: -0.000935 at y = 4.420000
phi_e, max: -0.000383 at y = 4.181429, phi_e, min: -0.000487 at y = 4.430000
phi_m, max: 0.008730 at y = 4.210000./ phi_m, min: 0.000000 at y = 4.210000
phi_e, max: -0.009599 at y = 4.430000, phi_e, min: -0.010799 at y = 4.181429


phi_m, max: -0.000000 at y = 2.950000./ phi_m, min: -0.004183 at y = 3.045714
phi_e, max: -0.047576 at y = 3.045714, phi_e, min: -0.097399 at y = 2.807143
phi_m, max: -0.000000 at y = 2.950000./ phi_m, min: -0.002155 at y = 3.045714
phi_e, max: -0.018838 at y = 3.045714, phi_e, min: -0.038565 at y = 2.807143
phi_m, max: 0.000513 at y = 2.807143./ phi_m, min: -0.001718 at y = 3.045714
phi_e, max: -0.015360 at y = 3.045714, phi_e, min: -0.031446 at y = 2.807143
phi_m, max: 0.213340 at y = 2.807143./ phi_m, min: 0.000000 at y = 2.950000
phi_e, max: -0.011590 at y = 3.045714, phi_e, min: -0.023725 at y = 2.807143
phi_m, max: 15.619118 at y = 2.807143./ phi_m, min: 0.000000 at y = 2.950000
phi_e, max: -0.008325 at y = 3.045714, phi_e, min: -0.017169 at y = 2.807143
phi_m, max: 114.976671 at y = 2.954413./ phi_m, min: 0.000000 at y = 2.950000
phi_e, max: -0.002019 at y = 3.045714, phi_e, min: -0.015303 at y = 2.956787


phi_m, max: -0.000000 at y = 2.740000./ phi_m, min: -0.001568 at y = 2.835714
phi_e, max: -0.091351 at y = 2.835714, phi_e, min: -0.141050 at y = 2.597143
phi_m, max: -0.000000 at y = 2.740000./ phi_m, min: -0.001150 at y = 2.835714
phi_e, max: -0.036170 at y = 2.835714, phi_e, min: -0.055848 at y = 2.597143
phi_m, max: 0.009560 at y = 2.597143./ phi_m, min: 0.000000 at y = 2.740000
phi_e, max: -0.029493 at y = 2.835714, phi_e, min: -0.045540 at y = 2.597143
phi_m, max: 1.427145 at y = 2.597143./ phi_m, min: 0.000000 at y = 2.740000
phi_e, max: -0.022259 at y = 2.835714, phi_e, min: -0.034405 at y = 2.597143
phi_m, max: 81.429102 at y = 2.597143./ phi_m, min: 0.000000 at y = 2.740000
phi_e, max: -0.015138 at y = 2.746787, phi_e, min: -0.027398 at y = 2.597143
phi_m, max: 113.033986 at y = 2.745916./ phi_m, min: 0.000000 at y = 2.740000
phi_e, max: -0.003440 at y = 2.835714, phi_e, min: -0.012646 at y = 2.743213


phi_m, max: 0.000407 at y = 1.728571./ phi_m, min: -0.001479 at y = 1.900000
phi_e, max: -0.271485 at y = 1.967143, phi_e, min: -0.320252 at y = 1.728571
phi_m, max: 0.296177 at y = 1.728571./ phi_m, min: 0.000000 at y = 1.900000
phi_e, max: -0.107500 at y = 1.967143, phi_e, min: -0.126849 at y = 1.728571
phi_m, max: 24.819423 at y = 1.728571./ phi_m, min: 0.000000 at y = 1.900000
phi_e, max: -0.088122 at y = 1.967143, phi_e, min: -0.107117 at y = 1.728571
phi_m, max: 115.096900 at y = 1.904832./ phi_m, min: 0.000000 at y = 1.900000
phi_e, max: -0.033424 at y = 1.759300, phi_e, min: -0.051562 at y = 1.908213
phi_m, max: 104.497077 at y = 1.906787./ phi_m, min: 0.000000 at y = 1.900000
phi_e, max: 0.011891 at y = 1.759300, phi_e, min: -0.000907 at y = 1.906787
phi_m, max: 86.309266 at y = 1.907458./ phi_m, min: 0.000000 at y = 1.900000
phi_e, max: -0.012222 at y = 1.789071, phi_e, min: -0.018637 at y = 1.904413


phi_m, max: -0.000000 at y = 2.110000./ phi_m, min: -0.001581 at y = 2.056213
phi_e, max: -0.228565 at y = 2.177143, phi_e, min: -0.277169 at y = 1.938571
phi_m, max: 0.043783 at y = 1.938571./ phi_m, min: 0.000000 at y = 2.110000
phi_e, max: -0.090501 at y = 2.177143, phi_e, min: -0.109749 at y = 1.938571
phi_m, max: 3.670721 at y = 1.938571./ phi_m, min: 0.000000 at y = 2.110000
phi_e, max: -0.073853 at y = 2.177143, phi_e, min: -0.089857 at y = 1.938571
phi_m, max: 107.667042 at y = 1.938571./ phi_m, min: 0.000000 at y = 2.110000
phi_e, max: -0.046575 at y = 1.973705, phi_e, min: -0.071315 at y = 2.114413
phi_m, max: 110.378490 at y = 2.116426./ phi_m, min: 0.000000 at y = 2.110000
phi_e, max: 0.002865 at y = 1.983346, phi_e, min: -0.008404 at y = 2.116787
phi_m, max: 94.288485 at y = 2.116787./ phi_m, min: 0.000000 at y = 2.110000
phi_e, max: -0.012766 at y = 2.177143, phi_e, min: -0.018772 at y = 2.114413


phi_m, max: -0.000000 at y = 5.260000./ phi_m, min: -0.000991 at y = 5.264832
phi_e, max: 0.000602 at y = 5.298571, phi_e, min: 0.000601 at y = 5.060000
phi_m, max: -0.000000 at y = 5.260000./ phi_m, min: -0.000999 at y = 5.264832
phi_e, max: 0.000238 at y = 5.298571, phi_e, min: 0.000237 at y = 5.060000
phi_m, max: -0.000000 at y = 5.260000./ phi_m, min: -0.000991 at y = 5.264832
phi_e, max: 0.000193 at y = 5.298571, phi_e, min: 0.000193 at y = 5.060000
phi_m, max: -0.000000 at y = 5.260000./ phi_m, min: -0.000982 at y = 5.264832
phi_e, max: 0.000134 at y = 5.060000, phi_e, min: 0.000132 at y = 5.298571
phi_m, max: -0.000000 at y = 5.260000./ phi_m, min: -0.000974 at y = 5.265168
phi_e, max: -0.000756 at y = 5.060000, phi_e, min: -0.000857 at y = 5.298571
phi_m, max: -0.000000 at y = 5.260000./ phi_m, min: -0.000965 at y = 5.264490
phi_e, max: -0.005316 at y = 5.298571, phi_e, min: -0.006494 at y = 5.060000



Time: 0.100000
CPU Time: 141.190380 min.
phi_m, max: -0.000000 at y = 3.131429./ phi_m, min: -0.019448 at y = 3.227143
phi_e, max: 0.000608 at y = 6.330000, phi_e, min: -0.053521 at y = 3.017143

Time: 0.200000
CPU Time: 138.036366 min.
phi_m, max: -0.000000 at y = 3.131429./ phi_m, min: -0.008105 at y = 3.227143
phi_e, max: 0.000240 at y = 6.330000, phi_e, min: -0.021192 at y = 3.017143

Time: 0.300000
CPU Time: 134.729599 min.
phi_m, max: -0.000000 at y = 3.131429./ phi_m, min: -0.006740 at y = 3.227143
phi_e, max: 0.000196 at y = 6.330000, phi_e, min: -0.017280 at y = 3.017143

Time: 0.400000
CPU Time: 134.629891 min.
phi_m, max: 0.026446 at y = 3.045714./ phi_m, min: -0.001051 at y = 6.320000
phi_e, max: 0.000129 at y = 6.320000, phi_e, min: -0.013036 at y = 3.017143

Time: 0.500000
CPU Time: 135.607442 min.
phi_m, max: 2.054168 at y = 3.045714./ phi_m, min: -0.000964 at y = 6.320000
phi_e, max: -0.000884 at y = 3.255714, phi_e, min: -0.009235 at y = 3.017143

Time: 0.600000
CPU Time: 136.130311 min.
phi_m, max: 95.505925 at y = 3.045714./ phi_m, min: -0.001963 at y = 6.330000
phi_e, max: -0.000245 at y = 6.330000, phi_e, min: -0.010264 at y = 3.161787


phi_m, max: -0.000000 at y = 3.971429./ phi_m, min: -0.001031 at y = 3.885714
phi_e, max: 0.000598 at y = 4.210000, phi_e, min: 0.000597 at y = 3.885714
phi_m, max: -0.000000 at y = 3.971429./ phi_m, min: -0.000991 at y = 4.000000
phi_e, max: 0.000237 at y = 4.210000, phi_e, min: 0.000236 at y = 3.885714
phi_m, max: -0.000000 at y = 3.971429./ phi_m, min: -0.000981 at y = 4.000000
phi_e, max: 0.000193 at y = 4.210000, phi_e, min: 0.000192 at y = 3.885714
phi_m, max: -0.000000 at y = 3.971429./ phi_m, min: -0.000961 at y = 4.000000
phi_e, max: 0.000140 at y = 3.885714, phi_e, min: 0.000139 at y = 4.210000
phi_m, max: 0.000139 at y = 3.885714./ phi_m, min: -0.000869 at y = 4.210000
phi_e, max: -0.000259 at y = 3.885714, phi_e, min: -0.000396 at y = 4.210000
phi_m, max: 0.130099 at y = 3.885714./ phi_m, min: 0.000000 at y = 3.971429
phi_e, max: -0.010654 at y = 4.210000, phi_e, min: -0.012187 at y = 3.885714


phi_m, max: -0.000000 at y = 5.480000./ phi_m, min: -0.000991 at y = 5.685168
phi_e, max: 0.000605 at y = 5.690000, phi_e, min: 0.000603 at y = 5.470000
phi_m, max: -0.000000 at y = 5.480000./ phi_m, min: -0.000999 at y = 5.685168
phi_e, max: 0.000239 at y = 5.690000, phi_e, min: 0.000238 at y = 5.470000
phi_m, max: -0.000000 at y = 5.480000./ phi_m, min: -0.000992 at y = 5.685168
phi_e, max: 0.000194 at y = 5.690000, phi_e, min: 0.000194 at y = 5.470000
phi_m, max: -0.000000 at y = 5.480000./ phi_m, min: -0.000983 at y = 5.685168
phi_e, max: 0.000132 at y = 5.470000, phi_e, min: 0.000131 at y = 5.690000
phi_m, max: -0.000000 at y = 5.480000./ phi_m, min: -0.000973 at y = 5.685168
phi_e, max: -0.000930 at y = 5.470000, phi_e, min: -0.001023 at y = 5.690000
phi_m, max: -0.000000 at y = 5.480000./ phi_m, min: -0.000976 at y = 5.684084
phi_e, max: -0.003385 at y = 5.690000, phi_e, min: -0.004472 at y = 5.470000


phi_m, max: 0.973053 at y = 1.070000./ phi_m, min: 0.000000 at y = 1.270000
phi_e, max: -0.407129 at y = 1.308571, phi_e, min: -0.456700 at y = 1.070000
phi_m, max: 91.596419 at y = 1.070000./ phi_m, min: 0.000000 at y = 1.270000
phi_e, max: -0.163966 at y = 1.308571, phi_e, min: -0.200837 at y = 1.070000
phi_m, max: 113.965382 at y = 1.275587./ phi_m, min: 0.000000 at y = 1.270000
phi_e, max: -0.077806 at y = 1.120581, phi_e, min: -0.093273 at y = 1.276787
phi_m, max: 100.535214 at y = 1.276787./ phi_m, min: 0.000000 at y = 1.270000
phi_e, max: 0.000138 at y = 1.115344, phi_e, min: -0.013579 at y = 1.276787
phi_m, max: 81.512760 at y = 1.277458./ phi_m, min: 0.000000 at y = 1.270000
phi_e, max: 0.042879 at y = 1.110939, phi_e, min: 0.031267 at y = 1.276787
phi_m, max: 61.257276 at y = 1.277458./ phi_m, min: 0.000000 at y = 1.270000
phi_e, max: -0.009093 at y = 1.164726, phi_e, min: -0.013069 at y = 1.274413


phi_m, max: 6.645479 at y = 0.860000./ phi_m, min: 0.000000 at y = 0.888571
phi_e, max: -0.445343 at y = 1.123787, phi_e, min: -0.502255 at y = 0.860000
phi_m, max: 112.244197 at y = 0.860000./ phi_m, min: 0.000000 at y = 0.888571
phi_e, max: -0.154491 at y = 0.889771, phi_e, min: -0.201193 at y = 1.068213
phi_m, max: 109.533109 at y = 1.066426./ phi_m, min: 0.000000 at y = 0.888571
phi_e, max: -0.063290 at y = 0.908131, phi_e, min: -0.080305 at y = 1.068213
phi_m, max: 93.039491 at y = 1.066787./ phi_m, min: 0.000000 at y = 0.888571
phi_e, max: 0.013266 at y = 0.904775, phi_e, min: -0.001680 at y = 1.068213
phi_m, max: 73.108313 at y = 1.067458./ phi_m, min: 0.000000 at y = 0.888571
phi_e, max: 0.053722 at y = 0.900370, phi_e, min: 0.041644 at y = 1.068213
phi_m, max: 53.324232 at y = 1.068213./ phi_m, min: 0.000000 at y = 0.888571
phi_e, max: -0.008518 at y = 0.958082, phi_e, min: -0.012416 at y = 1.065587


phi_m, max: -0.000000 at y = 2.358571./ phi_m, min: -0.002532 at y = 2.501429
phi_e, max: -0.135338 at y = 2.625714, phi_e, min: -0.196662 at y = 2.330000
phi_m, max: -0.000000 at y = 2.358571./ phi_m, min: -0.001122 at y = 2.530000
phi_e, max: -0.053587 at y = 2.625714, phi_e, min: -0.077868 at y = 2.330000
phi_m, max: 0.069862 at y = 2.387143./ phi_m, min: 0.000000 at y = 2.358571
phi_e, max: -0.043696 at y = 2.625714, phi_e, min: -0.063482 at y = 2.330000
phi_m, max: 9.501471 at y = 2.387143./ phi_m, min: 0.000000 at y = 2.358571
phi_e, max: -0.033047 at y = 2.625714, phi_e, min: -0.046406 at y = 2.330000
phi_m, max: 112.966571 at y = 2.532542./ phi_m, min: 0.000000 at y = 2.358571
phi_e, max: -0.007522 at y = 2.399511, phi_e, min: -0.036899 at y = 2.538213
phi_m, max: 108.083386 at y = 2.536426./ phi_m, min: 0.000000 at y = 2.358571
phi_e, max: -0.005497 at y = 2.625714, phi_e, min: -0.015216 at y = 2.330000


phi_m, max: -0.000000 at y = 4.640000./ phi_m, min: -0.000991 at y = 4.634832
phi_e, max: 0.000601 at y = 4.850000, phi_e, min: 0.000600 at y = 4.630000
phi_m, max: -0.000000 at y = 4.640000./ phi_m, min: -0.000999 at y = 4.634832
phi_e, max: 0.000237 at y = 4.846426, phi_e, min: 0.000237 at y = 4.699300
phi_m, max: -0.000000 at y = 4.640000./ phi_m, min: -0.000991 at y = 4.634832
phi_e, max: 0.000193 at y = 4.846426, phi_e, min: 0.000193 at y = 4.732276
phi_m, max: -0.000000 at y = 4.640000./ phi_m, min: -0.000982 at y = 4.634832
phi_e, max: 0.000136 at y = 4.630000, phi_e, min: 0.000135 at y = 4.850000
phi_m, max: -0.000000 at y = 4.640000./ phi_m, min: -0.000972 at y = 4.635168
phi_e, max: -0.000573 at y = 4.630000, phi_e, min: -0.000667 at y = 4.850000
phi_m, max: -0.000000 at y = 4.640000./ phi_m, min: -0.000932 at y = 4.840000
phi_e, max: -0.007525 at y = 4.850000, phi_e, min: -0.008612 at y = 4.630000


phi_m, max: 113.563286 at y = 0.225587./ phi_m, min: 0.000000 at y = 0.220000
phi_e, max: -0.559712 at y = 0.335274, phi_e, min: -0.568883 at y = 0.224413
phi_m, max: 99.623701 at y = 0.226787./ phi_m, min: 0.000000 at y = 0.220000
phi_e, max: -0.145225 at y = 0.337724, phi_e, min: -0.152999 at y = 0.224413
phi_m, max: 80.459797 at y = 0.226787./ phi_m, min: 0.000000 at y = 0.220000
phi_e, max: -0.057546 at y = 0.337724, phi_e, min: -0.063649 at y = 0.224413
phi_m, max: 60.274631 at y = 0.227458./ phi_m, min: 0.000000 at y = 0.220000
phi_e, max: 0.019106 at y = 0.337724, phi_e, min: 0.014681 at y = 0.224413
phi_m, max: 42.471131 at y = 0.344286./ phi_m, min: 0.000000 at y = 0.220000
phi_e, max: 0.058749 at y = 0.337724, phi_e, min: 0.055754 at y = 0.224413
phi_m, max: 25.174117 at y = 0.344286./ phi_m, min: 0.000000 at y = 0.220000
phi_e, max: -0.024012 at y = 0.344286, phi_e, min: -0.025395 at y = 0.225168


phi_m, max: 112.079681 at y = 0.011175./ phi_m, min: 0.000000 at y = -0.010000
phi_e, max: -0.561556 at y = 0.121918, phi_e, min: -0.568649 at y = 0.016787
phi_m, max: 96.769066 at y = 0.009413./ phi_m, min: 0.000000 at y = -0.010000
phi_e, max: -0.147121 at y = 0.121918, phi_e, min: -0.153011 at y = 0.016787
phi_m, max: 77.425389 at y = 0.008376./ phi_m, min: 0.000000 at y = -0.010000
phi_e, max: -0.059184 at y = 0.121918, phi_e, min: -0.063775 at y = 0.016787
phi_m, max: 57.605573 at y = 0.007458./ phi_m, min: 0.000000 at y = -0.010000
phi_e, max: 0.017806 at y = 0.121918, phi_e, min: 0.014458 at y = 0.015587
phi_m, max: 40.062897 at y = 0.006426./ phi_m, min: 0.000000 at y = -0.010000
phi_e, max: 0.057793 at y = 0.121918, phi_e, min: 0.055507 at y = 0.014413
phi_m, max: 20.362228 at y = 0.004832./ phi_m, min: 0.000000 at y = -0.010000
phi_e, max: -0.024758 at y = 0.124075, phi_e, min: -0.025694 at y = 0.004413


phi_m, max: 0.018845 at y = 1.490000./ phi_m, min: 0.000000 at y = 1.518571
phi_e, max: -0.314157 at y = 1.757143, phi_e, min: -0.369417 at y = 1.490000
phi_m, max: 2.209736 at y = 1.490000./ phi_m, min: 0.000000 at y = 1.518571
phi_e, max: -0.124439 at y = 1.757143, phi_e, min: -0.146408 at y = 1.490000
phi_m, max: 104.494372 at y = 1.490000./ phi_m, min: 0.000000 at y = 1.518571
phi_e, max: -0.105208 at y = 1.757143, phi_e, min: -0.127042 at y = 1.490000
phi_m, max: 112.369470 at y = 1.696259./ phi_m, min: 0.000000 at y = 1.518571
phi_e, max: -0.021386 at y = 1.543494, phi_e, min: -0.036898 at y = 1.696787
phi_m, max: 97.477920 at y = 1.696787./ phi_m, min: 0.000000 at y = 1.518571
phi_e, max: 0.023340 at y = 1.536932, phi_e, min: 0.009275 at y = 1.696787
phi_m, max: 77.998792 at y = 1.697458./ phi_m, min: 0.000000 at y = 1.518571
phi_e, max: -0.010086 at y = 1.573557, phi_e, min: -0.016731 at y = 1.695587


phi_m, max: -0.000000 at y = 6.310000./ phi_m, min: -0.001063 at y = 6.318825
phi_e, max: 0.000608 at y = 6.330000, phi_e, min: 0.000607 at y = 6.110000
phi_m, max: -0.000000 at y = 6.310000./ phi_m, min: -0.001071 at y = 6.318825
phi_e, max: 0.000240 at y = 6.330000, phi_e, min: 0.000240 at y = 6.110000
phi_m, max: -0.000000 at y = 6.310000./ phi_m, min: -0.001063 at y = 6.318825
phi_e, max: 0.000196 at y = 6.320000, phi_e, min: 0.000195 at y = 6.110000
phi_m, max: -0.000000 at y = 6.310000./ phi_m, min: -0.001052 at y = 6.318825
phi_e, max: 0.000129 at y = 6.110000, phi_e, min: 0.000129 at y = 6.320000
phi_m, max: -0.000000 at y = 6.310000./ phi_m, min: -0.000984 at y = 6.315510
phi_e, max: -0.001200 at y = 6.110000, phi_e, min: -0.001290 at y = 6.330000
phi_m, max: -0.000000 at y = 6.310000./ phi_m, min: -0.001928 at y = 6.320000
phi_e, max: -0.000275 at y = 6.330000, phi_e, min: -0.001322 at y = 6.110000


phi_m, max: -0.000000 at y = 5.928571./ phi_m, min: -0.001000 at y = 6.105449
phi_e, max: 0.000607 at y = 6.138571, phi_e, min: 0.000606 at y = 5.900000
phi_m, max: -0.000000 at y = 5.928571./ phi_m, min: -0.001009 at y = 6.105449
phi_e, max: 0.000240 at y = 6.138571, phi_e, min: 0.000239 at y = 5.900000
phi_m, max: -0.000000 at y = 5.928571./ phi_m, min: -0.001001 at y = 6.105449
phi_e, max: 0.000195 at y = 6.138571, phi_e, min: 0.000195 at y = 5.900000
phi_m, max: -0.000000 at y = 5.928571./ phi_m, min: -0.000992 at y = 6.105449
phi_e, max: 0.000130 at y = 5.900000, phi_e, min: 0.000129 at y = 6.138571
phi_m, max: -0.000000 at y = 5.928571./ phi_m, min: -0.000975 at y = 6.105168
phi_e, max: -0.001112 at y = 5.900000, phi_e, min: -0.001212 at y = 6.138571
phi_m, max: -0.000000 at y = 5.928571./ phi_m, min: -0.001094 at y = 6.138571
phi_e, max: -0.001184 at y = 6.138571, phi_e, min: -0.002350 at y = 5.900000


phi_m, max: -0.000000 at y = 3.790000./ phi_m, min: -0.001374 at y = 3.761429
phi_e, max: 0.000597 at y = 4.010000, phi_e, min: 0.000596 at y = 3.761429
phi_m, max: -0.000000 at y = 3.790000./ phi_m, min: -0.001109 at y = 3.761429
phi_e, max: 0.000236 at y = 4.010000, phi_e, min: 0.000236 at y = 3.761429
phi_m, max: -0.000000 at y = 3.790000./ phi_m, min: -0.001072 at y = 3.761429
phi_e, max: 0.000193 at y = 4.010000, phi_e, min: 0.000192 at y = 3.761429
phi_m, max: -0.000000 at y = 3.790000./ phi_m, min: -0.001003 at y = 3.794084
phi_e, max: 0.000141 at y = 3.761429, phi_e, min: 0.000140 at y = 4.010000
phi_m, max: 0.003369 at y = 3.761429./ phi_m, min: -0.000719 at y = 4.010000
phi_e, max: -0.000204 at y = 3.761429, phi_e, min: -0.000311 at y = 4.010000
phi_m, max: 0.546312 at y = 3.761429./ phi_m, min: 0.000000 at y = 3.790000
phi_e, max: -0.011629 at y = 4.010000, phi_e, min: -0.012581 at y = 3.761429


phi_m, max: -0.000000 at y = 3.370000./ phi_m, min: -0.018119 at y = 3.341429
phi_e, max: 0.000611 at y = 3.341429, phi_e, min: 0.000000 at y = 3.312857
phi_m, max: -0.000000 at y = 3.370000./ phi_m, min: -0.007600 at y = 3.341429
phi_e, max: 0.000242 at y = 3.341429, phi_e, min: 0.000000 at y = 3.312857
phi_m, max: -0.000000 at y = 3.370000./ phi_m, min: -0.006347 at y = 3.341429
phi_e, max: 0.000197 at y = 3.341429, phi_e, min: 0.000000 at y = 3.312857
phi_m, max: -0.000000 at y = 3.370000./ phi_m, min: -0.002426 at y = 3.341429
phi_e, max: 0.000149 at y = 3.341429, phi_e, min: 0.000000 at y = 3.312857
phi_m, max: 0.187703 at y = 3.341429./ phi_m, min: 0.000000 at y = 3.370000
phi_e, max: 0.000093 at y = 3.341429, phi_e, min: -0.000099 at y = 3.551429
phi_m, max: 25.019374 at y = 3.341429./ phi_m, min: 0.000000 at y = 3.370000
phi_e, max: 0.001331 at y = 3.371787, phi_e, min: -0.011529 at y = 3.545110


phi_m, max: 107.904278 at y = 0.440000./ phi_m, min: 0.000000 at y = 0.430000
phi_e, max: -0.496333 at y = 0.888571, phi_e, min: -0.575072 at y = 0.440000
phi_m, max: 111.649168 at y = 0.646259./ phi_m, min: 0.000000 at y = 0.430000
phi_e, max: -0.148978 at y = 0.553086, phi_e, min: -0.156066 at y = 0.858825
phi_m, max: 96.272599 at y = 0.646787./ phi_m, min: 0.000000 at y = 0.430000
phi_e, max: -0.060714 at y = 0.550636, phi_e, min: -0.065168 at y = 0.858825
phi_m, max: 76.648437 at y = 0.647458./ phi_m, min: 0.000000 at y = 0.430000
phi_e, max: 0.016624 at y = 0.547724, phi_e, min: 0.011942 at y = 0.858825
phi_m, max: 56.592368 at y = 0.648213./ phi_m, min: 0.000000 at y = 0.430000
phi_e, max: 0.056988 at y = 0.545274, phi_e, min: 0.052845 at y = 0.858825
phi_m, max: 38.785848 at y = 0.648376./ phi_m, min: 0.000000 at y = 0.430000
phi_e, max: -0.010025 at y = 0.888571, phi_e, min: -0.024626 at y = 0.440000


Writing: "Fiber2DEphapticPlaneL6rho3_6.chk"
 (0.00207188s, XML)
Steps: 7000000  Time: 0.7         
phi_m, max: -0.000000 at y = 2.110000./ phi_m, min: -0.001581 at y = 2.056213
phi_e, max: -0.228565 at y = 2.177143, phi_e, min: -0.277169 at y = 1.938571
phi_m, max: 0.043783 at y = 1.938571./ phi_m, min: 0.000000 at y = 2.110000
phi_e, max: -0.090501 at y = 2.177143, phi_e, min: -0.109749 at y = 1.938571
phi_m, max: 3.670721 at y = 1.938571./ phi_m, min: 0.000000 at y = 2.110000
phi_e, max: -0.073853 at y = 2.177143, phi_e, min: -0.089857 at y = 1.938571
phi_m, max: 107.667042 at y = 1.938571./ phi_m, min: 0.000000 at y = 2.110000
phi_e, max: -0.046575 at y = 1.973705, phi_e, min: -0.071315 at y = 2.114413
phi_m, max: 110.378490 at y = 2.116426./ phi_m, min: 0.000000 at y = 2.110000
phi_e, max: 0.002865 at y = 1.983346, phi_e, min: -0.008404 at y = 2.116787
phi_m, max: 94.288485 at y = 2.116787./ phi_m, min: 0.000000 at y = 2.110000
phi_e, max: -0.012766 at y = 2.177143, phi_e, min: -0.018772 at y = 2.114413
phi_m, max: 74.462632 at y = 2.117458./ phi_m, min: 0.000000 at y = 2.110000
phi_e, max: -0.049669 at y = 2.177143, phi_e, min: -0.060125 at y = 1.938571



Time: 0.100000
CPU Time: 141.190380 min.
phi_m, max: -0.000000 at y = 3.131429./ phi_m, min: -0.019448 at y = 3.227143
phi_e, max: 0.000608 at y = 6.330000, phi_e, min: -0.053521 at y = 3.017143

Time: 0.200000
CPU Time: 138.036366 min.
phi_m, max: -0.000000 at y = 3.131429./ phi_m, min: -0.008105 at y = 3.227143
phi_e, max: 0.000240 at y = 6.330000, phi_e, min: -0.021192 at y = 3.017143

Time: 0.300000
CPU Time: 134.729599 min.
phi_m, max: -0.000000 at y = 3.131429./ phi_m, min: -0.006740 at y = 3.227143
phi_e, max: 0.000196 at y = 6.330000, phi_e, min: -0.017280 at y = 3.017143

Time: 0.400000
CPU Time: 134.629891 min.
phi_m, max: 0.026446 at y = 3.045714./ phi_m, min: -0.001051 at y = 6.320000
phi_e, max: 0.000129 at y = 6.320000, phi_e, min: -0.013036 at y = 3.017143

Time: 0.500000
CPU Time: 135.607442 min.
phi_m, max: 2.054168 at y = 3.045714./ phi_m, min: -0.000964 at y = 6.320000
phi_e, max: -0.000884 at y = 3.255714, phi_e, min: -0.009235 at y = 3.017143

Time: 0.600000
CPU Time: 136.130311 min.
phi_m, max: 95.505925 at y = 3.045714./ phi_m, min: -0.001963 at y = 6.330000
phi_e, max: -0.000245 at y = 6.330000, phi_e, min: -0.010264 at y = 3.161787

Time: 0.700000
CPU Time: 136.013256 min.
phi_m, max: 111.184794 at y = 3.166259./ phi_m, min: -0.001506 at y = 6.330000
phi_e, max: 0.059269 at y = 6.330000, phi_e, min: -0.011570 at y = 3.017143


phi_m, max: 107.904278 at y = 0.440000./ phi_m, min: 0.000000 at y = 0.430000
phi_e, max: -0.496333 at y = 0.888571, phi_e, min: -0.575072 at y = 0.440000
phi_m, max: 111.649168 at y = 0.646259./ phi_m, min: 0.000000 at y = 0.430000
phi_e, max: -0.148978 at y = 0.553086, phi_e, min: -0.156066 at y = 0.858825
phi_m, max: 96.272599 at y = 0.646787./ phi_m, min: 0.000000 at y = 0.430000
phi_e, max: -0.060714 at y = 0.550636, phi_e, min: -0.065168 at y = 0.858825
phi_m, max: 76.648437 at y = 0.647458./ phi_m, min: 0.000000 at y = 0.430000
phi_e, max: 0.016624 at y = 0.547724, phi_e, min: 0.011942 at y = 0.858825
phi_m, max: 56.592368 at y = 0.648213./ phi_m, min: 0.000000 at y = 0.430000
phi_e, max: 0.056988 at y = 0.545274, phi_e, min: 0.052845 at y = 0.858825
phi_m, max: 38.785848 at y = 0.648376./ phi_m, min: 0.000000 at y = 0.430000
phi_e, max: -0.010025 at y = 0.888571, phi_e, min: -0.024626 at y = 0.440000
phi_m, max: 18.307628 at y = 0.650000./ phi_m, min: 0.000000 at y = 0.430000
phi_e, max: -0.096923 at y = 0.888571, phi_e, min: -0.126927 at y = 0.430000


phi_m, max: -0.000000 at y = 3.971429./ phi_m, min: -0.001031 at y = 3.885714
phi_e, max: 0.000598 at y = 4.210000, phi_e, min: 0.000597 at y = 3.885714
phi_m, max: -0.000000 at y = 3.971429./ phi_m, min: -0.000991 at y = 4.000000
phi_e, max: 0.000237 at y = 4.210000, phi_e, min: 0.000236 at y = 3.885714
phi_m, max: -0.000000 at y = 3.971429./ phi_m, min: -0.000981 at y = 4.000000
phi_e, max: 0.000193 at y = 4.210000, phi_e, min: 0.000192 at y = 3.885714
phi_m, max: -0.000000 at y = 3.971429./ phi_m, min: -0.000961 at y = 4.000000
phi_e, max: 0.000140 at y = 3.885714, phi_e, min: 0.000139 at y = 4.210000
phi_m, max: 0.000139 at y = 3.885714./ phi_m, min: -0.000869 at y = 4.210000
phi_e, max: -0.000259 at y = 3.885714, phi_e, min: -0.000396 at y = 4.210000
phi_m, max: 0.130099 at y = 3.885714./ phi_m, min: 0.000000 at y = 3.971429
phi_e, max: -0.010654 at y = 4.210000, phi_e, min: -0.012187 at y = 3.885714
phi_m, max: 11.090140 at y = 3.885714./ phi_m, min: 0.000000 at y = 3.971429
phi_e, max: 0.056605 at y = 3.885714, phi_e, min: 0.053916 at y = 3.961218


phi_m, max: -0.000000 at y = 3.370000./ phi_m, min: -0.018119 at y = 3.341429
phi_e, max: 0.000611 at y = 3.341429, phi_e, min: 0.000000 at y = 3.312857
phi_m, max: -0.000000 at y = 3.370000./ phi_m, min: -0.007600 at y = 3.341429
phi_e, max: 0.000242 at y = 3.341429, phi_e, min: 0.000000 at y = 3.312857
phi_m, max: -0.000000 at y = 3.370000./ phi_m, min: -0.006347 at y = 3.341429
phi_e, max: 0.000197 at y = 3.341429, phi_e, min: 0.000000 at y = 3.312857
phi_m, max: -0.000000 at y = 3.370000./ phi_m, min: -0.002426 at y = 3.341429
phi_e, max: 0.000149 at y = 3.341429, phi_e, min: 0.000000 at y = 3.312857
phi_m, max: 0.187703 at y = 3.341429./ phi_m, min: 0.000000 at y = 3.370000
phi_e, max: 0.000093 at y = 3.341429, phi_e, min: -0.000099 at y = 3.551429
phi_m, max: 25.019374 at y = 3.341429./ phi_m, min: 0.000000 at y = 3.370000
phi_e, max: 0.001331 at y = 3.371787, phi_e, min: -0.011529 at y = 3.545110
phi_m, max: 114.814570 at y = 3.375449./ phi_m, min: 0.000000 at y = 3.370000
phi_e, max: 0.024272 at y = 3.551429, phi_e, min: -0.000889 at y = 3.371787


phi_m, max: -0.000000 at y = 5.480000./ phi_m, min: -0.000991 at y = 5.685168
phi_e, max: 0.000605 at y = 5.690000, phi_e, min: 0.000603 at y = 5.470000
phi_m, max: -0.000000 at y = 5.480000./ phi_m, min: -0.000999 at y = 5.685168
phi_e, max: 0.000239 at y = 5.690000, phi_e, min: 0.000238 at y = 5.470000
phi_m, max: -0.000000 at y = 5.480000./ phi_m, min: -0.000992 at y = 5.685168
phi_e, max: 0.000194 at y = 5.690000, phi_e, min: 0.000194 at y = 5.470000
phi_m, max: -0.000000 at y = 5.480000./ phi_m, min: -0.000983 at y = 5.685168
phi_e, max: 0.000132 at y = 5.470000, phi_e, min: 0.000131 at y = 5.690000
phi_m, max: -0.000000 at y = 5.480000./ phi_m, min: -0.000973 at y = 5.685168
phi_e, max: -0.000930 at y = 5.470000, phi_e, min: -0.001023 at y = 5.690000
phi_m, max: -0.000000 at y = 5.480000./ phi_m, min: -0.000976 at y = 5.684084
phi_e, max: -0.003385 at y = 5.690000, phi_e, min: -0.004472 at y = 5.470000
phi_m, max: -0.000000 at y = 5.480000./ phi_m, min: -0.000966 at y = 5.684551
phi_e, max: 0.057710 at y = 5.690000, phi_e, min: 0.057171 at y = 5.470000


phi_m, max: 0.973053 at y = 1.070000./ phi_m, min: 0.000000 at y = 1.270000
phi_e, max: -0.407129 at y = 1.308571, phi_e, min: -0.456700 at y = 1.070000
phi_m, max: 91.596419 at y = 1.070000./ phi_m, min: 0.000000 at y = 1.270000
phi_e, max: -0.163966 at y = 1.308571, phi_e, min: -0.200837 at y = 1.070000
phi_m, max: 113.965382 at y = 1.275587./ phi_m, min: 0.000000 at y = 1.270000
phi_e, max: -0.077806 at y = 1.120581, phi_e, min: -0.093273 at y = 1.276787
phi_m, max: 100.535214 at y = 1.276787./ phi_m, min: 0.000000 at y = 1.270000
phi_e, max: 0.000138 at y = 1.115344, phi_e, min: -0.013579 at y = 1.276787
phi_m, max: 81.512760 at y = 1.277458./ phi_m, min: 0.000000 at y = 1.270000
phi_e, max: 0.042879 at y = 1.110939, phi_e, min: 0.031267 at y = 1.276787
phi_m, max: 61.257276 at y = 1.277458./ phi_m, min: 0.000000 at y = 1.270000
phi_e, max: -0.009093 at y = 1.164726, phi_e, min: -0.013069 at y = 1.274413
phi_m, max: 42.907495 at y = 1.278213./ phi_m, min: 0.000000 at y = 1.270000
phi_e, max: -0.080367 at y = 1.308571, phi_e, min: -0.091023 at y = 1.070000


phi_m, max: 6.645479 at y = 0.860000./ phi_m, min: 0.000000 at y = 0.888571
phi_e, max: -0.445343 at y = 1.123787, phi_e, min: -0.502255 at y = 0.860000
phi_m, max: 112.244197 at y = 0.860000./ phi_m, min: 0.000000 at y = 0.888571
phi_e, max: -0.154491 at y = 0.889771, phi_e, min: -0.201193 at y = 1.068213
phi_m, max: 109.533109 at y = 1.066426./ phi_m, min: 0.000000 at y = 0.888571
phi_e, max: -0.063290 at y = 0.908131, phi_e, min: -0.080305 at y = 1.068213
phi_m, max: 93.039491 at y = 1.066787./ phi_m, min: 0.000000 at y = 0.888571
phi_e, max: 0.013266 at y = 0.904775, phi_e, min: -0.001680 at y = 1.068213
phi_m, max: 73.108313 at y = 1.067458./ phi_m, min: 0.000000 at y = 0.888571
phi_e, max: 0.053722 at y = 0.900370, phi_e, min: 0.041644 at y = 1.068213
phi_m, max: 53.324232 at y = 1.068213./ phi_m, min: 0.000000 at y = 0.888571
phi_e, max: -0.008518 at y = 0.958082, phi_e, min: -0.012416 at y = 1.065587
phi_m, max: 35.725992 at y = 1.068825./ phi_m, min: 0.000000 at y = 0.888571
phi_e, max: -0.087013 at y = 1.123787, phi_e, min: -0.099071 at y = 0.860000


phi_m, max: -0.000000 at y = 2.358571./ phi_m, min: -0.002532 at y = 2.501429
phi_e, max: -0.135338 at y = 2.625714, phi_e, min: -0.196662 at y = 2.330000
phi_m, max: -0.000000 at y = 2.358571./ phi_m, min: -0.001122 at y = 2.530000
phi_e, max: -0.053587 at y = 2.625714, phi_e, min: -0.077868 at y = 2.330000
phi_m, max: 0.069862 at y = 2.387143./ phi_m, min: 0.000000 at y = 2.358571
phi_e, max: -0.043696 at y = 2.625714, phi_e, min: -0.063482 at y = 2.330000
phi_m, max: 9.501471 at y = 2.387143./ phi_m, min: 0.000000 at y = 2.358571
phi_e, max: -0.033047 at y = 2.625714, phi_e, min: -0.046406 at y = 2.330000
phi_m, max: 112.966571 at y = 2.532542./ phi_m, min: 0.000000 at y = 2.358571
phi_e, max: -0.007522 at y = 2.399511, phi_e, min: -0.036899 at y = 2.538213
phi_m, max: 108.083386 at y = 2.536426./ phi_m, min: 0.000000 at y = 2.358571
phi_e, max: -0.005497 at y = 2.625714, phi_e, min: -0.015216 at y = 2.330000
phi_m, max: 90.995328 at y = 2.536787./ phi_m, min: 0.000000 at y = 2.358571
phi_e, max: -0.028792 at y = 2.625714, phi_e, min: -0.046378 at y = 2.330000


phi_m, max: -0.000000 at y = 4.640000./ phi_m, min: -0.000991 at y = 4.634832
phi_e, max: 0.000601 at y = 4.850000, phi_e, min: 0.000600 at y = 4.630000
phi_m, max: -0.000000 at y = 4.640000./ phi_m, min: -0.000999 at y = 4.634832
phi_e, max: 0.000237 at y = 4.846426, phi_e, min: 0.000237 at y = 4.699300
phi_m, max: -0.000000 at y = 4.640000./ phi_m, min: -0.000991 at y = 4.634832
phi_e, max: 0.000193 at y = 4.846426, phi_e, min: 0.000193 at y = 4.732276
phi_m, max: -0.000000 at y = 4.640000./ phi_m, min: -0.000982 at y = 4.634832
phi_e, max: 0.000136 at y = 4.630000, phi_e, min: 0.000135 at y = 4.850000
phi_m, max: -0.000000 at y = 4.640000./ phi_m, min: -0.000972 at y = 4.635168
phi_e, max: -0.000573 at y = 4.630000, phi_e, min: -0.000667 at y = 4.850000
phi_m, max: -0.000000 at y = 4.640000./ phi_m, min: -0.000932 at y = 4.840000
phi_e, max: -0.007525 at y = 4.850000, phi_e, min: -0.008612 at y = 4.630000
phi_m, max: 0.018610 at y = 4.630000./ phi_m, min: 0.000000 at y = 4.640000
phi_e, max: 0.055658 at y = 4.850000, phi_e, min: 0.055136 at y = 4.630000


phi_m, max: 113.563286 at y = 0.225587./ phi_m, min: 0.000000 at y = 0.220000
phi_e, max: -0.559712 at y = 0.335274, phi_e, min: -0.568883 at y = 0.224413
phi_m, max: 99.623701 at y = 0.226787./ phi_m, min: 0.000000 at y = 0.220000
phi_e, max: -0.145225 at y = 0.337724, phi_e, min: -0.152999 at y = 0.224413
phi_m, max: 80.459797 at y = 0.226787./ phi_m, min: 0.000000 at y = 0.220000
phi_e, max: -0.057546 at y = 0.337724, phi_e, min: -0.063649 at y = 0.224413
phi_m, max: 60.274631 at y = 0.227458./ phi_m, min: 0.000000 at y = 0.220000
phi_e, max: 0.019106 at y = 0.337724, phi_e, min: 0.014681 at y = 0.224413
phi_m, max: 42.471131 at y = 0.344286./ phi_m, min: 0.000000 at y = 0.220000
phi_e, max: 0.058749 at y = 0.337724, phi_e, min: 0.055754 at y = 0.224413
phi_m, max: 25.174117 at y = 0.344286./ phi_m, min: 0.000000 at y = 0.220000
phi_e, max: -0.024012 at y = 0.344286, phi_e, min: -0.025395 at y = 0.225168
phi_m, max: 6.033036 at y = 0.344286./ phi_m, min: 0.000000 at y = 0.220000
phi_e, max: -0.130316 at y = 0.344286, phi_e, min: -0.130689 at y = 0.105714


phi_m, max: 112.079681 at y = 0.011175./ phi_m, min: 0.000000 at y = -0.010000
phi_e, max: -0.561556 at y = 0.121918, phi_e, min: -0.568649 at y = 0.016787
phi_m, max: 96.769066 at y = 0.009413./ phi_m, min: 0.000000 at y = -0.010000
phi_e, max: -0.147121 at y = 0.121918, phi_e, min: -0.153011 at y = 0.016787
phi_m, max: 77.425389 at y = 0.008376./ phi_m, min: 0.000000 at y = -0.010000
phi_e, max: -0.059184 at y = 0.121918, phi_e, min: -0.063775 at y = 0.016787
phi_m, max: 57.605573 at y = 0.007458./ phi_m, min: 0.000000 at y = -0.010000
phi_e, max: 0.017806 at y = 0.121918, phi_e, min: 0.014458 at y = 0.015587
phi_m, max: 40.062897 at y = 0.006426./ phi_m, min: 0.000000 at y = -0.010000
phi_e, max: 0.057793 at y = 0.121918, phi_e, min: 0.055507 at y = 0.014413
phi_m, max: 20.362228 at y = 0.004832./ phi_m, min: 0.000000 at y = -0.010000
phi_e, max: -0.024758 at y = 0.124075, phi_e, min: -0.025694 at y = 0.004413
phi_m, max: 3.395087 at y = 0.134286./ phi_m, min: 0.000000 at y = -0.010000
phi_e, max: -0.130671 at y = 0.134286, phi_e, min: -0.130781 at y = 0.003213


phi_m, max: 0.018845 at y = 1.490000./ phi_m, min: 0.000000 at y = 1.518571
phi_e, max: -0.314157 at y = 1.757143, phi_e, min: -0.369417 at y = 1.490000
phi_m, max: 2.209736 at y = 1.490000./ phi_m, min: 0.000000 at y = 1.518571
phi_e, max: -0.124439 at y = 1.757143, phi_e, min: -0.146408 at y = 1.490000
phi_m, max: 104.494372 at y = 1.490000./ phi_m, min: 0.000000 at y = 1.518571
phi_e, max: -0.105208 at y = 1.757143, phi_e, min: -0.127042 at y = 1.490000
phi_m, max: 112.369470 at y = 1.696259./ phi_m, min: 0.000000 at y = 1.518571
phi_e, max: -0.021386 at y = 1.543494, phi_e, min: -0.036898 at y = 1.696787
phi_m, max: 97.477920 at y = 1.696787./ phi_m, min: 0.000000 at y = 1.518571
phi_e, max: 0.023340 at y = 1.536932, phi_e, min: 0.009275 at y = 1.696787
phi_m, max: 77.998792 at y = 1.697458./ phi_m, min: 0.000000 at y = 1.518571
phi_e, max: -0.010086 at y = 1.573557, phi_e, min: -0.016731 at y = 1.695587
phi_m, max: 57.866893 at y = 1.697458./ phi_m, min: 0.000000 at y = 1.518571
phi_e, max: -0.064695 at y = 1.757143, phi_e, min: -0.075222 at y = 1.490000


phi_m, max: -0.000000 at y = 6.310000./ phi_m, min: -0.001063 at y = 6.318825
phi_e, max: 0.000608 at y = 6.330000, phi_e, min: 0.000607 at y = 6.110000
phi_m, max: -0.000000 at y = 6.310000./ phi_m, min: -0.001071 at y = 6.318825
phi_e, max: 0.000240 at y = 6.330000, phi_e, min: 0.000240 at y = 6.110000
phi_m, max: -0.000000 at y = 6.310000./ phi_m, min: -0.001063 at y = 6.318825
phi_e, max: 0.000196 at y = 6.320000, phi_e, min: 0.000195 at y = 6.110000
phi_m, max: -0.000000 at y = 6.310000./ phi_m, min: -0.001052 at y = 6.318825
phi_e, max: 0.000129 at y = 6.110000, phi_e, min: 0.000129 at y = 6.320000
phi_m, max: -0.000000 at y = 6.310000./ phi_m, min: -0.000984 at y = 6.315510
phi_e, max: -0.001200 at y = 6.110000, phi_e, min: -0.001290 at y = 6.330000
phi_m, max: -0.000000 at y = 6.310000./ phi_m, min: -0.001928 at y = 6.320000
phi_e, max: -0.000275 at y = 6.330000, phi_e, min: -0.001322 at y = 6.110000
phi_m, max: -0.000000 at y = 6.310000./ phi_m, min: -0.001489 at y = 6.320000
phi_e, max: 0.059255 at y = 6.330000, phi_e, min: 0.058734 at y = 6.110000


phi_m, max: -0.000000 at y = 5.928571./ phi_m, min: -0.001000 at y = 6.105449
phi_e, max: 0.000607 at y = 6.138571, phi_e, min: 0.000606 at y = 5.900000
phi_m, max: -0.000000 at y = 5.928571./ phi_m, min: -0.001009 at y = 6.105449
phi_e, max: 0.000240 at y = 6.138571, phi_e, min: 0.000239 at y = 5.900000
phi_m, max: -0.000000 at y = 5.928571./ phi_m, min: -0.001001 at y = 6.105449
phi_e, max: 0.000195 at y = 6.138571, phi_e, min: 0.000195 at y = 5.900000
phi_m, max: -0.000000 at y = 5.928571./ phi_m, min: -0.000992 at y = 6.105449
phi_e, max: 0.000130 at y = 5.900000, phi_e, min: 0.000129 at y = 6.138571
phi_m, max: -0.000000 at y = 5.928571./ phi_m, min: -0.000975 at y = 6.105168
phi_e, max: -0.001112 at y = 5.900000, phi_e, min: -0.001212 at y = 6.138571
phi_m, max: -0.000000 at y = 5.928571./ phi_m, min: -0.001094 at y = 6.138571
phi_e, max: -0.001184 at y = 6.138571, phi_e, min: -0.002350 at y = 5.900000
phi_m, max: -0.000000 at y = 5.928571./ phi_m, min: -0.001030 at y = 6.108376
phi_e, max: 0.058803 at y = 6.138571, phi_e, min: 0.058224 at y = 5.900000


phi_m, max: -0.000000 at y = 3.790000./ phi_m, min: -0.001374 at y = 3.761429
phi_e, max: 0.000597 at y = 4.010000, phi_e, min: 0.000596 at y = 3.761429
phi_m, max: -0.000000 at y = 3.790000./ phi_m, min: -0.001109 at y = 3.761429
phi_e, max: 0.000236 at y = 4.010000, phi_e, min: 0.000236 at y = 3.761429
phi_m, max: -0.000000 at y = 3.790000./ phi_m, min: -0.001072 at y = 3.761429
phi_e, max: 0.000193 at y = 4.010000, phi_e, min: 0.000192 at y = 3.761429
phi_m, max: -0.000000 at y = 3.790000./ phi_m, min: -0.001003 at y = 3.794084
phi_e, max: 0.000141 at y = 3.761429, phi_e, min: 0.000140 at y = 4.010000
phi_m, max: 0.003369 at y = 3.761429./ phi_m, min: -0.000719 at y = 4.010000
phi_e, max: -0.000204 at y = 3.761429, phi_e, min: -0.000311 at y = 4.010000
phi_m, max: 0.546312 at y = 3.761429./ phi_m, min: 0.000000 at y = 3.790000
phi_e, max: -0.011629 at y = 4.010000, phi_e, min: -0.012581 at y = 3.761429
phi_m, max: 43.253296 at y = 3.761429./ phi_m, min: 0.000000 at y = 3.790000
phi_e, max: 0.070793 at y = 3.793213, phi_e, min: 0.053819 at y = 3.961218


phi_m, max: -0.000000 at y = 5.260000./ phi_m, min: -0.000991 at y = 5.264832
phi_e, max: 0.000602 at y = 5.298571, phi_e, min: 0.000601 at y = 5.060000
phi_m, max: -0.000000 at y = 5.260000./ phi_m, min: -0.000999 at y = 5.264832
phi_e, max: 0.000238 at y = 5.298571, phi_e, min: 0.000237 at y = 5.060000
phi_m, max: -0.000000 at y = 5.260000./ phi_m, min: -0.000991 at y = 5.264832
phi_e, max: 0.000193 at y = 5.298571, phi_e, min: 0.000193 at y = 5.060000
phi_m, max: -0.000000 at y = 5.260000./ phi_m, min: -0.000982 at y = 5.264832
phi_e, max: 0.000134 at y = 5.060000, phi_e, min: 0.000132 at y = 5.298571
phi_m, max: -0.000000 at y = 5.260000./ phi_m, min: -0.000974 at y = 5.265168
phi_e, max: -0.000756 at y = 5.060000, phi_e, min: -0.000857 at y = 5.298571
phi_m, max: -0.000000 at y = 5.260000./ phi_m, min: -0.000965 at y = 5.264490
phi_e, max: -0.005316 at y = 5.298571, phi_e, min: -0.006494 at y = 5.060000
phi_m, max: -0.000000 at y = 5.260000./ phi_m, min: -0.000919 at y = 5.266259
phi_e, max: 0.056752 at y = 5.298571, phi_e, min: 0.056167 at y = 5.060000


phi_m, max: -0.000000 at y = 4.850000./ phi_m, min: -0.000991 at y = 4.844832
phi_e, max: 0.000601 at y = 5.088571, phi_e, min: 0.000601 at y = 4.840000
phi_m, max: -0.000000 at y = 4.850000./ phi_m, min: -0.000999 at y = 4.844832
phi_e, max: 0.000237 at y = 5.088571, phi_e, min: 0.000237 at y = 4.887583
phi_m, max: -0.000000 at y = 4.850000./ phi_m, min: -0.000991 at y = 4.844832
phi_e, max: 0.000193 at y = 5.088571, phi_e, min: 0.000193 at y = 4.909300
phi_m, max: -0.000000 at y = 4.850000./ phi_m, min: -0.000982 at y = 5.055168
phi_e, max: 0.000135 at y = 4.840000, phi_e, min: 0.000133 at y = 5.088571
phi_m, max: -0.000000 at y = 4.850000./ phi_m, min: -0.000974 at y = 5.055168
phi_e, max: -0.000663 at y = 4.840000, phi_e, min: -0.000767 at y = 5.088571
phi_m, max: -0.000000 at y = 4.850000./ phi_m, min: -0.000964 at y = 5.054832
phi_e, max: -0.006358 at y = 5.088571, phi_e, min: -0.007573 at y = 4.840000
phi_m, max: 0.002022 at y = 4.840000./ phi_m, min: -0.000736 at y = 5.060000
phi_e, max: 0.056235 at y = 5.088571, phi_e, min: 0.055634 at y = 4.840000


phi_m, max: 114.785271 at y = 0.433633./ phi_m, min: -0.021591 at y = 3.277724
phi_e, max: 0.000611 at y = 3.341429, phi_e, min: -0.575517 at y = 0.438213
phi_m, max: 106.175770 at y = 0.436426./ phi_m, min: -0.008939 at y = 3.277724
phi_e, max: 0.000242 at y = 3.341429, phi_e, min: -0.154302 at y = 0.436787
phi_m, max: 88.448626 at y = 0.437458./ phi_m, min: -0.007427 at y = 3.277724
phi_e, max: 0.000197 at y = 3.341429, phi_e, min: -0.064984 at y = 0.436787
phi_m, max: 68.257438 at y = 0.437458./ phi_m, min: -0.002515 at y = 3.321869
phi_e, max: 0.019098 at y = 0.344286, phi_e, min: -0.003821 at y = 3.198571
phi_m, max: 48.995853 at y = 0.438213./ phi_m, min: 0.000000 at y = 0.430000
phi_e, max: 0.058743 at y = 0.344286, phi_e, min: -0.002616 at y = 3.198571
phi_m, max: 52.675655 at y = 3.198571./ phi_m, min: 0.000000 at y = 0.430000
phi_e, max: 0.000366 at y = 3.341429, phi_e, min: -0.024914 at y = 0.433213
phi_m, max: 109.268696 at y = 3.341429./ phi_m, min: 0.000000 at y = 0.430000
phi_e, max: 0.000481 at y = 3.341429, phi_e, min: -0.130474 at y = 0.319071


phi_m, max: -0.000000 at y = 5.050000./ phi_m, min: -0.000991 at y = 5.475168
phi_e, max: 0.000603 at y = 5.480000, phi_e, min: 0.000601 at y = 5.021429
phi_m, max: -0.000000 at y = 5.050000./ phi_m, min: -0.000999 at y = 5.475168
phi_e, max: 0.000238 at y = 5.480000, phi_e, min: 0.000237 at y = 5.021429
phi_m, max: -0.000000 at y = 5.050000./ phi_m, min: -0.000991 at y = 5.475168
phi_e, max: 0.000194 at y = 5.480000, phi_e, min: 0.000193 at y = 5.021429
phi_m, max: -0.000000 at y = 5.050000./ phi_m, min: -0.000982 at y = 5.475168
phi_e, max: 0.000134 at y = 5.021429, phi_e, min: 0.000132 at y = 5.480000
phi_m, max: -0.000000 at y = 5.050000./ phi_m, min: -0.000974 at y = 5.055168
phi_e, max: -0.000739 at y = 5.021429, phi_e, min: -0.000934 at y = 5.480000
phi_m, max: -0.000000 at y = 5.050000./ phi_m, min: -0.000979 at y = 5.475510
phi_e, max: -0.004422 at y = 5.480000, phi_e, min: -0.006685 at y = 5.021429
phi_m, max: -0.000000 at y = 5.050000./ phi_m, min: -0.000961 at y = 5.475587
phi_e, max: 0.057195 at y = 5.480000, phi_e, min: 0.056073 at y = 5.021429


phi_m, max: 74.668361 at y = 0.640000./ phi_m, min: 0.000000 at y = 0.650000
phi_e, max: -0.501816 at y = 0.860000, phi_e, min: -0.554543 at y = 0.641787
phi_m, max: 114.974257 at y = 0.855168./ phi_m, min: 0.000000 at y = 0.650000
phi_e, max: -0.141566 at y = 0.744726, phi_e, min: -0.156504 at y = 0.858213
phi_m, max: 103.435994 at y = 0.856787./ phi_m, min: 0.000000 at y = 0.650000
phi_e, max: -0.054442 at y = 0.748082, phi_e, min: -0.065508 at y = 0.856787
phi_m, max: 84.991980 at y = 0.857458./ phi_m, min: 0.000000 at y = 0.650000
phi_e, max: 0.021061 at y = 0.744726, phi_e, min: 0.011659 at y = 0.856787
phi_m, max: 64.716356 at y = 0.857458./ phi_m, min: 0.000000 at y = 0.650000
phi_e, max: 0.059948 at y = 0.742276, phi_e, min: 0.052627 at y = 0.856787
phi_m, max: 45.905325 at y = 0.858213./ phi_m, min: 0.000000 at y = 0.650000
phi_e, max: -0.009842 at y = 0.786295, phi_e, min: -0.017487 at y = 0.641787
phi_m, max: 27.714080 at y = 0.860000./ phi_m, min: 0.000000 at y = 0.650000
phi_e, max: -0.098885 at y = 0.860000, phi_e, min: -0.111281 at y = 0.640000


phi_m, max: -0.000000 at y = 2.320000./ phi_m, min: -0.002270 at y = 2.415714
phi_e, max: -0.178754 at y = 2.415714, phi_e, min: -0.234590 at y = 2.148571
phi_m, max: 0.004917 at y = 2.177143./ phi_m, min: -0.000654 at y = 2.415714
phi_e, max: -0.070777 at y = 2.415714, phi_e, min: -0.092886 at y = 2.148571
phi_m, max: 0.478376 at y = 2.177143./ phi_m, min: 0.000000 at y = 2.320000
phi_e, max: -0.057719 at y = 2.415714, phi_e, min: -0.075775 at y = 2.148571
phi_m, max: 62.547617 at y = 2.177143./ phi_m, min: 0.000000 at y = 2.320000
phi_e, max: -0.044532 at y = 2.415714, phi_e, min: -0.066028 at y = 2.148571
phi_m, max: 114.442230 at y = 2.325587./ phi_m, min: 0.000000 at y = 2.320000
phi_e, max: -0.003007 at y = 2.203557, phi_e, min: -0.013563 at y = 2.326787
phi_m, max: 101.665683 at y = 2.326787./ phi_m, min: 0.000000 at y = 2.320000
phi_e, max: -0.007586 at y = 2.415714, phi_e, min: -0.016472 at y = 2.323213
phi_m, max: 82.849585 at y = 2.327458./ phi_m, min: 0.000000 at y = 2.320000
phi_e, max: -0.037323 at y = 2.415714, phi_e, min: -0.052465 at y = 2.148571


phi_m, max: -0.000000 at y = 5.690000./ phi_m, min: -0.000992 at y = 5.895168
phi_e, max: 0.000606 at y = 5.928571, phi_e, min: 0.000605 at y = 5.685587
phi_m, max: -0.000000 at y = 5.690000./ phi_m, min: -0.001000 at y = 5.895168
phi_e, max: 0.000239 at y = 5.928571, phi_e, min: 0.000239 at y = 5.685587
phi_m, max: -0.000000 at y = 5.690000./ phi_m, min: -0.000993 at y = 5.895168
phi_e, max: 0.000195 at y = 5.928571, phi_e, min: 0.000194 at y = 5.685587
phi_m, max: -0.000000 at y = 5.690000./ phi_m, min: -0.000984 at y = 5.895168
phi_e, max: 0.000131 at y = 5.685587, phi_e, min: 0.000130 at y = 5.928571
phi_m, max: -0.000000 at y = 5.690000./ phi_m, min: -0.000974 at y = 5.894832
phi_e, max: -0.001021 at y = 5.685587, phi_e, min: -0.001124 at y = 5.928571
phi_m, max: -0.000000 at y = 5.690000./ phi_m, min: -0.000979 at y = 5.895916
phi_e, max: -0.002212 at y = 5.928571, phi_e, min: -0.003408 at y = 5.685587
phi_m, max: -0.000000 at y = 5.690000./ phi_m, min: -0.000970 at y = 5.895587
phi_e, max: 0.058293 at y = 5.928571, phi_e, min: 0.057699 at y = 5.685587


phi_m, max: -0.000000 at y = 4.420000./ phi_m, min: -0.000992 at y = 4.424832
phi_e, max: 0.000600 at y = 4.640000, phi_e, min: 0.000599 at y = 4.362857
phi_m, max: -0.000000 at y = 4.420000./ phi_m, min: -0.000999 at y = 4.424832
phi_e, max: 0.000237 at y = 4.630000, phi_e, min: 0.000237 at y = 4.362857
phi_m, max: -0.000000 at y = 4.420000./ phi_m, min: -0.000992 at y = 4.424832
phi_e, max: 0.000193 at y = 4.630000, phi_e, min: 0.000193 at y = 4.362857
phi_m, max: -0.000000 at y = 4.420000./ phi_m, min: -0.000983 at y = 4.424832
phi_e, max: 0.000138 at y = 4.362857, phi_e, min: 0.000136 at y = 4.640000
phi_m, max: -0.000000 at y = 4.420000./ phi_m, min: -0.000966 at y = 4.425168
phi_e, max: -0.000459 at y = 4.362857, phi_e, min: -0.000577 at y = 4.640000
phi_m, max: 0.000829 at y = 4.391429./ phi_m, min: -0.000747 at y = 4.630000
phi_e, max: -0.008564 at y = 4.640000, phi_e, min: -0.009927 at y = 4.362857
phi_m, max: 0.157206 at y = 4.391429./ phi_m, min: 0.000000 at y = 4.420000
phi_e, max: 0.055159 at y = 4.640000, phi_e, min: 0.054630 at y = 4.362857


phi_m, max: -0.000000 at y = 4.210000./ phi_m, min: -0.000996 at y = 4.214832
phi_e, max: 0.000599 at y = 4.430000, phi_e, min: 0.000598 at y = 4.181429
phi_m, max: -0.000000 at y = 4.210000./ phi_m, min: -0.001001 at y = 4.214832
phi_e, max: 0.000237 at y = 4.426426, phi_e, min: 0.000237 at y = 4.181429
phi_m, max: -0.000000 at y = 4.210000./ phi_m, min: -0.000993 at y = 4.214832
phi_e, max: 0.000193 at y = 4.426426, phi_e, min: 0.000193 at y = 4.302358
phi_m, max: -0.000000 at y = 4.210000./ phi_m, min: -0.000983 at y = 4.214832
phi_e, max: 0.000139 at y = 4.181429, phi_e, min: 0.000137 at y = 4.430000
phi_m, max: -0.000000 at y = 4.210000./ phi_m, min: -0.000935 at y = 4.420000
phi_e, max: -0.000383 at y = 4.181429, phi_e, min: -0.000487 at y = 4.430000
phi_m, max: 0.008730 at y = 4.210000./ phi_m, min: 0.000000 at y = 4.210000
phi_e, max: -0.009599 at y = 4.430000, phi_e, min: -0.010799 at y = 4.181429
phi_m, max: 0.847738 at y = 4.210000./ phi_m, min: 0.000000 at y = 4.210000
phi_e, max: 0.054902 at y = 4.213213, phi_e, min: 0.054619 at y = 4.337935


phi_m, max: -0.000000 at y = 2.950000./ phi_m, min: -0.004183 at y = 3.045714
phi_e, max: -0.047576 at y = 3.045714, phi_e, min: -0.097399 at y = 2.807143
phi_m, max: -0.000000 at y = 2.950000./ phi_m, min: -0.002155 at y = 3.045714
phi_e, max: -0.018838 at y = 3.045714, phi_e, min: -0.038565 at y = 2.807143
phi_m, max: 0.000513 at y = 2.807143./ phi_m, min: -0.001718 at y = 3.045714
phi_e, max: -0.015360 at y = 3.045714, phi_e, min: -0.031446 at y = 2.807143
phi_m, max: 0.213340 at y = 2.807143./ phi_m, min: 0.000000 at y = 2.950000
phi_e, max: -0.011590 at y = 3.045714, phi_e, min: -0.023725 at y = 2.807143
phi_m, max: 15.619118 at y = 2.807143./ phi_m, min: 0.000000 at y = 2.950000
phi_e, max: -0.008325 at y = 3.045714, phi_e, min: -0.017169 at y = 2.807143
phi_m, max: 114.976671 at y = 2.954413./ phi_m, min: 0.000000 at y = 2.950000
phi_e, max: -0.002019 at y = 3.045714, phi_e, min: -0.015303 at y = 2.956787
phi_m, max: 105.534049 at y = 2.956426./ phi_m, min: 0.000000 at y = 2.950000
phi_e, max: -0.008682 at y = 3.045714, phi_e, min: -0.022586 at y = 2.807143


phi_m, max: -0.000000 at y = 2.740000./ phi_m, min: -0.001568 at y = 2.835714
phi_e, max: -0.091351 at y = 2.835714, phi_e, min: -0.141050 at y = 2.597143
phi_m, max: -0.000000 at y = 2.740000./ phi_m, min: -0.001150 at y = 2.835714
phi_e, max: -0.036170 at y = 2.835714, phi_e, min: -0.055848 at y = 2.597143
phi_m, max: 0.009560 at y = 2.597143./ phi_m, min: 0.000000 at y = 2.740000
phi_e, max: -0.029493 at y = 2.835714, phi_e, min: -0.045540 at y = 2.597143
phi_m, max: 1.427145 at y = 2.597143./ phi_m, min: 0.000000 at y = 2.740000
phi_e, max: -0.022259 at y = 2.835714, phi_e, min: -0.034405 at y = 2.597143
phi_m, max: 81.429102 at y = 2.597143./ phi_m, min: 0.000000 at y = 2.740000
phi_e, max: -0.015138 at y = 2.746787, phi_e, min: -0.027398 at y = 2.597143
phi_m, max: 113.033986 at y = 2.745916./ phi_m, min: 0.000000 at y = 2.740000
phi_e, max: -0.003440 at y = 2.835714, phi_e, min: -0.012646 at y = 2.743213
phi_m, max: 98.667438 at y = 2.746787./ phi_m, min: 0.000000 at y = 2.740000
phi_e, max: -0.020164 at y = 2.835714, phi_e, min: -0.031007 at y = 2.743213


phi_m, max: 0.000407 at y = 1.728571./ phi_m, min: -0.001479 at y = 1.900000
phi_e, max: -0.271485 at y = 1.967143, phi_e, min: -0.320252 at y = 1.728571
phi_m, max: 0.296177 at y = 1.728571./ phi_m, min: 0.000000 at y = 1.900000
phi_e, max: -0.107500 at y = 1.967143, phi_e, min: -0.126849 at y = 1.728571
phi_m, max: 24.819423 at y = 1.728571./ phi_m, min: 0.000000 at y = 1.900000
phi_e, max: -0.088122 at y = 1.967143, phi_e, min: -0.107117 at y = 1.728571
phi_m, max: 115.096900 at y = 1.904832./ phi_m, min: 0.000000 at y = 1.900000
phi_e, max: -0.033424 at y = 1.759300, phi_e, min: -0.051562 at y = 1.908213
phi_m, max: 104.497077 at y = 1.906787./ phi_m, min: 0.000000 at y = 1.900000
phi_e, max: 0.011891 at y = 1.759300, phi_e, min: -0.000907 at y = 1.906787
phi_m, max: 86.309266 at y = 1.907458./ phi_m, min: 0.000000 at y = 1.900000
phi_e, max: -0.012222 at y = 1.789071, phi_e, min: -0.018637 at y = 1.904413
phi_m, max: 66.052685 at y = 1.907458./ phi_m, min: 0.000000 at y = 1.900000
phi_e, max: -0.057865 at y = 1.967143, phi_e, min: -0.066747 at y = 1.728571


phi_m, max: 0.124254 at y = 1.308571./ phi_m, min: 0.000000 at y = 1.480000
phi_e, max: -0.351628 at y = 1.575714, phi_e, min: -0.412288 at y = 1.283356
phi_m, max: 12.980484 at y = 1.308571./ phi_m, min: 0.000000 at y = 1.480000
phi_e, max: -0.139572 at y = 1.575714, phi_e, min: -0.165800 at y = 1.283356
phi_m, max: 114.141500 at y = 1.483213./ phi_m, min: 0.000000 at y = 1.480000
phi_e, max: -0.089524 at y = 1.328131, phi_e, min: -0.128207 at y = 1.488213
phi_m, max: 107.133480 at y = 1.486426./ phi_m, min: 0.000000 at y = 1.480000
phi_e, max: -0.010100 at y = 1.343705, phi_e, min: -0.024115 at y = 1.488213
phi_m, max: 89.709336 at y = 1.487458./ phi_m, min: 0.000000 at y = 1.480000
phi_e, max: 0.033747 at y = 1.339300, phi_e, min: 0.021412 at y = 1.486787
phi_m, max: 69.570575 at y = 1.487458./ phi_m, min: 0.000000 at y = 1.480000
phi_e, max: -0.008505 at y = 1.378082, phi_e, min: -0.013790 at y = 1.485587
phi_m, max: 50.150316 at y = 1.488213./ phi_m, min: 0.000000 at y = 1.480000
phi_e, max: -0.069629 at y = 1.575714, phi_e, min: -0.082490 at y = 1.283356


phi_m, max: -0.000000 at y = 3.580000./ phi_m, min: -0.003667 at y = 3.551429
phi_e, max: 0.000596 at y = 3.790000, phi_e, min: 0.000594 at y = 3.551429
phi_m, max: -0.000000 at y = 3.580000./ phi_m, min: -0.001977 at y = 3.551429
phi_e, max: 0.000236 at y = 3.790000, phi_e, min: 0.000235 at y = 3.551429
phi_m, max: -0.000000 at y = 3.580000./ phi_m, min: -0.001778 at y = 3.551429
phi_e, max: 0.000192 at y = 3.790000, phi_e, min: 0.000191 at y = 3.551429
phi_m, max: -0.000000 at y = 3.580000./ phi_m, min: -0.001178 at y = 3.551429
phi_e, max: 0.000142 at y = 3.551429, phi_e, min: 0.000140 at y = 3.790000
phi_m, max: 0.027527 at y = 3.551429./ phi_m, min: 0.000000 at y = 3.580000
phi_e, max: -0.000099 at y = 3.551429, phi_e, min: -0.000216 at y = 3.790000
phi_m, max: 3.703708 at y = 3.551429./ phi_m, min: 0.000000 at y = 3.580000
phi_e, max: -0.011257 at y = 3.583213, phi_e, min: -0.012634 at y = 3.732857
phi_m, max: 110.672376 at y = 3.581787./ phi_m, min: 0.000000 at y = 3.580000
phi_e, max: 0.070238 at y = 3.789606, phi_e, min: 0.021370 at y = 3.583213


Writing: "Fiber2DEphapticPlaneL6rho3_7.chk"
 (0.00185269s, XML)
Steps: 8000000  Time: 0.8         
phi_m, max: -0.000000 at y = 3.971429./ phi_m, min: -0.001031 at y = 3.885714
phi_e, max: 0.000598 at y = 4.210000, phi_e, min: 0.000597 at y = 3.885714
phi_m, max: -0.000000 at y = 3.971429./ phi_m, min: -0.000991 at y = 4.000000
phi_e, max: 0.000237 at y = 4.210000, phi_e, min: 0.000236 at y = 3.885714
phi_m, max: -0.000000 at y = 3.971429./ phi_m, min: -0.000981 at y = 4.000000
phi_e, max: 0.000193 at y = 4.210000, phi_e, min: 0.000192 at y = 3.885714
phi_m, max: -0.000000 at y = 3.971429./ phi_m, min: -0.000961 at y = 4.000000
phi_e, max: 0.000140 at y = 3.885714, phi_e, min: 0.000139 at y = 4.210000
phi_m, max: 0.000139 at y = 3.885714./ phi_m, min: -0.000869 at y = 4.210000
phi_e, max: -0.000259 at y = 3.885714, phi_e, min: -0.000396 at y = 4.210000
phi_m, max: 0.130099 at y = 3.885714./ phi_m, min: 0.000000 at y = 3.971429
phi_e, max: -0.010654 at y = 4.210000, phi_e, min: -0.012187 at y = 3.885714
phi_m, max: 11.090140 at y = 3.885714./ phi_m, min: 0.000000 at y = 3.971429
phi_e, max: 0.056605 at y = 3.885714, phi_e, min: 0.053916 at y = 3.961218
phi_m, max: 112.558504 at y = 4.000000./ phi_m, min: 0.000000 at y = 3.971429
phi_e, max: 0.036470 at y = 3.885714, phi_e, min: -0.011133 at y = 4.010000


phi_m, max: -0.000000 at y = 3.370000./ phi_m, min: -0.018119 at y = 3.341429
phi_e, max: 0.000611 at y = 3.341429, phi_e, min: 0.000000 at y = 3.312857
phi_m, max: -0.000000 at y = 3.370000./ phi_m, min: -0.007600 at y = 3.341429
phi_e, max: 0.000242 at y = 3.341429, phi_e, min: 0.000000 at y = 3.312857
phi_m, max: -0.000000 at y = 3.370000./ phi_m, min: -0.006347 at y = 3.341429
phi_e, max: 0.000197 at y = 3.341429, phi_e, min: 0.000000 at y = 3.312857
phi_m, max: -0.000000 at y = 3.370000./ phi_m, min: -0.002426 at y = 3.341429
phi_e, max: 0.000149 at y = 3.341429, phi_e, min: 0.000000 at y = 3.312857
phi_m, max: 0.187703 at y = 3.341429./ phi_m, min: 0.000000 at y = 3.370000
phi_e, max: 0.000093 at y = 3.341429, phi_e, min: -0.000099 at y = 3.551429
phi_m, max: 25.019374 at y = 3.341429./ phi_m, min: 0.000000 at y = 3.370000
phi_e, max: 0.001331 at y = 3.371787, phi_e, min: -0.011529 at y = 3.545110
phi_m, max: 114.814570 at y = 3.375449./ phi_m, min: 0.000000 at y = 3.370000
phi_e, max: 0.024272 at y = 3.551429, phi_e, min: -0.000889 at y = 3.371787
phi_m, max: 102.779806 at y = 3.376787./ phi_m, min: 0.000000 at y = 3.370000
phi_e, max: 0.020121 at y = 3.551429, phi_e, min: -0.000663 at y = 3.371787


phi_m, max: -0.000000 at y = 5.480000./ phi_m, min: -0.000991 at y = 5.685168
phi_e, max: 0.000605 at y = 5.690000, phi_e, min: 0.000603 at y = 5.470000
phi_m, max: -0.000000 at y = 5.480000./ phi_m, min: -0.000999 at y = 5.685168
phi_e, max: 0.000239 at y = 5.690000, phi_e, min: 0.000238 at y = 5.470000
phi_m, max: -0.000000 at y = 5.480000./ phi_m, min: -0.000992 at y = 5.685168
phi_e, max: 0.000194 at y = 5.690000, phi_e, min: 0.000194 at y = 5.470000
phi_m, max: -0.000000 at y = 5.480000./ phi_m, min: -0.000983 at y = 5.685168
phi_e, max: 0.000132 at y = 5.470000, phi_e, min: 0.000131 at y = 5.690000
phi_m, max: -0.000000 at y = 5.480000./ phi_m, min: -0.000973 at y = 5.685168
phi_e, max: -0.000930 at y = 5.470000, phi_e, min: -0.001023 at y = 5.690000
phi_m, max: -0.000000 at y = 5.480000./ phi_m, min: -0.000976 at y = 5.684084
phi_e, max: -0.003385 at y = 5.690000, phi_e, min: -0.004472 at y = 5.470000
phi_m, max: -0.000000 at y = 5.480000./ phi_m, min: -0.000966 at y = 5.684551
phi_e, max: 0.057710 at y = 5.690000, phi_e, min: 0.057171 at y = 5.470000
phi_m, max: -0.000000 at y = 5.480000./ phi_m, min: -0.000886 at y = 5.687458
phi_e, max: -0.015395 at y = 5.690000, phi_e, min: -0.015832 at y = 5.470000


phi_m, max: 0.973053 at y = 1.070000./ phi_m, min: 0.000000 at y = 1.270000
phi_e, max: -0.407129 at y = 1.308571, phi_e, min: -0.456700 at y = 1.070000
phi_m, max: 91.596419 at y = 1.070000./ phi_m, min: 0.000000 at y = 1.270000
phi_e, max: -0.163966 at y = 1.308571, phi_e, min: -0.200837 at y = 1.070000
phi_m, max: 113.965382 at y = 1.275587./ phi_m, min: 0.000000 at y = 1.270000
phi_e, max: -0.077806 at y = 1.120581, phi_e, min: -0.093273 at y = 1.276787
phi_m, max: 100.535214 at y = 1.276787./ phi_m, min: 0.000000 at y = 1.270000
phi_e, max: 0.000138 at y = 1.115344, phi_e, min: -0.013579 at y = 1.276787
phi_m, max: 81.512760 at y = 1.277458./ phi_m, min: 0.000000 at y = 1.270000
phi_e, max: 0.042879 at y = 1.110939, phi_e, min: 0.031267 at y = 1.276787
phi_m, max: 61.257276 at y = 1.277458./ phi_m, min: 0.000000 at y = 1.270000
phi_e, max: -0.009093 at y = 1.164726, phi_e, min: -0.013069 at y = 1.274413
phi_m, max: 42.907495 at y = 1.278213./ phi_m, min: 0.000000 at y = 1.270000
phi_e, max: -0.080367 at y = 1.308571, phi_e, min: -0.091023 at y = 1.070000
phi_m, max: 24.143631 at y = 1.308571./ phi_m, min: 0.000000 at y = 1.270000
phi_e, max: -0.080318 at y = 1.308571, phi_e, min: -0.092615 at y = 1.070000


phi_m, max: 6.645479 at y = 0.860000./ phi_m, min: 0.000000 at y = 0.888571
phi_e, max: -0.445343 at y = 1.123787, phi_e, min: -0.502255 at y = 0.860000
phi_m, max: 112.244197 at y = 0.860000./ phi_m, min: 0.000000 at y = 0.888571
phi_e, max: -0.154491 at y = 0.889771, phi_e, min: -0.201193 at y = 1.068213
phi_m, max: 109.533109 at y = 1.066426./ phi_m, min: 0.000000 at y = 0.888571
phi_e, max: -0.063290 at y = 0.908131, phi_e, min: -0.080305 at y = 1.068213
phi_m, max: 93.039491 at y = 1.066787./ phi_m, min: 0.000000 at y = 0.888571
phi_e, max: 0.013266 at y = 0.904775, phi_e, min: -0.001680 at y = 1.068213
phi_m, max: 73.108313 at y = 1.067458./ phi_m, min: 0.000000 at y = 0.888571
phi_e, max: 0.053722 at y = 0.900370, phi_e, min: 0.041644 at y = 1.068213
phi_m, max: 53.324232 at y = 1.068213./ phi_m, min: 0.000000 at y = 0.888571
phi_e, max: -0.008518 at y = 0.958082, phi_e, min: -0.012416 at y = 1.065587
phi_m, max: 35.725992 at y = 1.068825./ phi_m, min: 0.000000 at y = 0.888571
phi_e, max: -0.087013 at y = 1.123787, phi_e, min: -0.099071 at y = 0.860000
phi_m, max: 14.366305 at y = 1.070000./ phi_m, min: 0.000000 at y = 0.888571
phi_e, max: -0.089004 at y = 1.123787, phi_e, min: -0.105614 at y = 0.860000


phi_m, max: -0.000000 at y = 2.358571./ phi_m, min: -0.002532 at y = 2.501429
phi_e, max: -0.135338 at y = 2.625714, phi_e, min: -0.196662 at y = 2.330000
phi_m, max: -0.000000 at y = 2.358571./ phi_m, min: -0.001122 at y = 2.530000
phi_e, max: -0.053587 at y = 2.625714, phi_e, min: -0.077868 at y = 2.330000
phi_m, max: 0.069862 at y = 2.387143./ phi_m, min: 0.000000 at y = 2.358571
phi_e, max: -0.043696 at y = 2.625714, phi_e, min: -0.063482 at y = 2.330000
phi_m, max: 9.501471 at y = 2.387143./ phi_m, min: 0.000000 at y = 2.358571
phi_e, max: -0.033047 at y = 2.625714, phi_e, min: -0.046406 at y = 2.330000
phi_m, max: 112.966571 at y = 2.532542./ phi_m, min: 0.000000 at y = 2.358571
phi_e, max: -0.007522 at y = 2.399511, phi_e, min: -0.036899 at y = 2.538213
phi_m, max: 108.083386 at y = 2.536426./ phi_m, min: 0.000000 at y = 2.358571
phi_e, max: -0.005497 at y = 2.625714, phi_e, min: -0.015216 at y = 2.330000
phi_m, max: 90.995328 at y = 2.536787./ phi_m, min: 0.000000 at y = 2.358571
phi_e, max: -0.028792 at y = 2.625714, phi_e, min: -0.046378 at y = 2.330000
phi_m, max: 70.925037 at y = 2.537458./ phi_m, min: 0.000000 at y = 2.358571
phi_e, max: -0.026659 at y = 2.625714, phi_e, min: -0.042639 at y = 2.330000


phi_m, max: -0.000000 at y = 4.640000./ phi_m, min: -0.000991 at y = 4.634832
phi_e, max: 0.000601 at y = 4.850000, phi_e, min: 0.000600 at y = 4.630000
phi_m, max: -0.000000 at y = 4.640000./ phi_m, min: -0.000999 at y = 4.634832
phi_e, max: 0.000237 at y = 4.846426, phi_e, min: 0.000237 at y = 4.699300
phi_m, max: -0.000000 at y = 4.640000./ phi_m, min: -0.000991 at y = 4.634832
phi_e, max: 0.000193 at y = 4.846426, phi_e, min: 0.000193 at y = 4.732276
phi_m, max: -0.000000 at y = 4.640000./ phi_m, min: -0.000982 at y = 4.634832
phi_e, max: 0.000136 at y = 4.630000, phi_e, min: 0.000135 at y = 4.850000
phi_m, max: -0.000000 at y = 4.640000./ phi_m, min: -0.000972 at y = 4.635168
phi_e, max: -0.000573 at y = 4.630000, phi_e, min: -0.000667 at y = 4.850000
phi_m, max: -0.000000 at y = 4.640000./ phi_m, min: -0.000932 at y = 4.840000
phi_e, max: -0.007525 at y = 4.850000, phi_e, min: -0.008612 at y = 4.630000
phi_m, max: 0.018610 at y = 4.630000./ phi_m, min: 0.000000 at y = 4.640000
phi_e, max: 0.055658 at y = 4.850000, phi_e, min: 0.055136 at y = 4.630000
phi_m, max: 1.844167 at y = 4.630000./ phi_m, min: 0.000000 at y = 4.640000
phi_e, max: -0.015533 at y = 4.631787, phi_e, min: -0.016830 at y = 4.817747


phi_m, max: 113.563286 at y = 0.225587./ phi_m, min: 0.000000 at y = 0.220000
phi_e, max: -0.559712 at y = 0.335274, phi_e, min: -0.568883 at y = 0.224413
phi_m, max: 99.623701 at y = 0.226787./ phi_m, min: 0.000000 at y = 0.220000
phi_e, max: -0.145225 at y = 0.337724, phi_e, min: -0.152999 at y = 0.224413
phi_m, max: 80.459797 at y = 0.226787./ phi_m, min: 0.000000 at y = 0.220000
phi_e, max: -0.057546 at y = 0.337724, phi_e, min: -0.063649 at y = 0.224413
phi_m, max: 60.274631 at y = 0.227458./ phi_m, min: 0.000000 at y = 0.220000
phi_e, max: 0.019106 at y = 0.337724, phi_e, min: 0.014681 at y = 0.224413
phi_m, max: 42.471131 at y = 0.344286./ phi_m, min: 0.000000 at y = 0.220000
phi_e, max: 0.058749 at y = 0.337724, phi_e, min: 0.055754 at y = 0.224413
phi_m, max: 25.174117 at y = 0.344286./ phi_m, min: 0.000000 at y = 0.220000
phi_e, max: -0.024012 at y = 0.344286, phi_e, min: -0.025395 at y = 0.225168
phi_m, max: 6.033036 at y = 0.344286./ phi_m, min: 0.000000 at y = 0.220000
phi_e, max: -0.130316 at y = 0.344286, phi_e, min: -0.130689 at y = 0.105714
phi_m, max: 0.473699 at y = 0.344286./ phi_m, min: 0.000000 at y = 0.220000
phi_e, max: -0.139145 at y = 0.344286, phi_e, min: -0.139281 at y = 0.105714


phi_m, max: 112.079681 at y = 0.011175./ phi_m, min: 0.000000 at y = -0.010000
phi_e, max: -0.561556 at y = 0.121918, phi_e, min: -0.568649 at y = 0.016787
phi_m, max: 96.769066 at y = 0.009413./ phi_m, min: 0.000000 at y = -0.010000
phi_e, max: -0.147121 at y = 0.121918, phi_e, min: -0.153011 at y = 0.016787
phi_m, max: 77.425389 at y = 0.008376./ phi_m, min: 0.000000 at y = -0.010000
phi_e, max: -0.059184 at y = 0.121918, phi_e, min: -0.063775 at y = 0.016787
phi_m, max: 57.605573 at y = 0.007458./ phi_m, min: 0.000000 at y = -0.010000
phi_e, max: 0.017806 at y = 0.121918, phi_e, min: 0.014458 at y = 0.015587
phi_m, max: 40.062897 at y = 0.006426./ phi_m, min: 0.000000 at y = -0.010000
phi_e, max: 0.057793 at y = 0.121918, phi_e, min: 0.055507 at y = 0.014413
phi_m, max: 20.362228 at y = 0.004832./ phi_m, min: 0.000000 at y = -0.010000
phi_e, max: -0.024758 at y = 0.124075, phi_e, min: -0.025694 at y = 0.004413
phi_m, max: 3.395087 at y = 0.134286./ phi_m, min: 0.000000 at y = -0.010000
phi_e, max: -0.130671 at y = 0.134286, phi_e, min: -0.130781 at y = 0.003213
phi_m, max: 0.341669 at y = 0.001787./ phi_m, min: 0.000000 at y = -0.010000
phi_e, max: -0.139277 at y = 0.134286, phi_e, min: -0.139314 at y = 0.005587


phi_m, max: 0.018845 at y = 1.490000./ phi_m, min: 0.000000 at y = 1.518571
phi_e, max: -0.314157 at y = 1.757143, phi_e, min: -0.369417 at y = 1.490000
phi_m, max: 2.209736 at y = 1.490000./ phi_m, min: 0.000000 at y = 1.518571
phi_e, max: -0.124439 at y = 1.757143, phi_e, min: -0.146408 at y = 1.490000
phi_m, max: 104.494372 at y = 1.490000./ phi_m, min: 0.000000 at y = 1.518571
phi_e, max: -0.105208 at y = 1.757143, phi_e, min: -0.127042 at y = 1.490000
phi_m, max: 112.369470 at y = 1.696259./ phi_m, min: 0.000000 at y = 1.518571
phi_e, max: -0.021386 at y = 1.543494, phi_e, min: -0.036898 at y = 1.696787
phi_m, max: 97.477920 at y = 1.696787./ phi_m, min: 0.000000 at y = 1.518571
phi_e, max: 0.023340 at y = 1.536932, phi_e, min: 0.009275 at y = 1.696787
phi_m, max: 77.998792 at y = 1.697458./ phi_m, min: 0.000000 at y = 1.518571
phi_e, max: -0.010086 at y = 1.573557, phi_e, min: -0.016731 at y = 1.695587
phi_m, max: 57.866893 at y = 1.697458./ phi_m, min: 0.000000 at y = 1.518571
phi_e, max: -0.064695 at y = 1.757143, phi_e, min: -0.075222 at y = 1.490000
phi_m, max: 39.928596 at y = 1.698376./ phi_m, min: 0.000000 at y = 1.518571
phi_e, max: -0.062870 at y = 1.757143, phi_e, min: -0.074015 at y = 1.490000


phi_m, max: -0.000000 at y = 6.310000./ phi_m, min: -0.001063 at y = 6.318825
phi_e, max: 0.000608 at y = 6.330000, phi_e, min: 0.000607 at y = 6.110000
phi_m, max: -0.000000 at y = 6.310000./ phi_m, min: -0.001071 at y = 6.318825
phi_e, max: 0.000240 at y = 6.330000, phi_e, min: 0.000240 at y = 6.110000
phi_m, max: -0.000000 at y = 6.310000./ phi_m, min: -0.001063 at y = 6.318825
phi_e, max: 0.000196 at y = 6.320000, phi_e, min: 0.000195 at y = 6.110000
phi_m, max: -0.000000 at y = 6.310000./ phi_m, min: -0.001052 at y = 6.318825
phi_e, max: 0.000129 at y = 6.110000, phi_e, min: 0.000129 at y = 6.320000
phi_m, max: -0.000000 at y = 6.310000./ phi_m, min: -0.000984 at y = 6.315510
phi_e, max: -0.001200 at y = 6.110000, phi_e, min: -0.001290 at y = 6.330000
phi_m, max: -0.000000 at y = 6.310000./ phi_m, min: -0.001928 at y = 6.320000
phi_e, max: -0.000275 at y = 6.330000, phi_e, min: -0.001322 at y = 6.110000
phi_m, max: -0.000000 at y = 6.310000./ phi_m, min: -0.001489 at y = 6.320000
phi_e, max: 0.059255 at y = 6.330000, phi_e, min: 0.058734 at y = 6.110000
phi_m, max: -0.000000 at y = 6.310000./ phi_m, min: -0.001395 at y = 6.320000
phi_e, max: -0.014145 at y = 6.330000, phi_e, min: -0.014566 at y = 6.110000


phi_m, max: -0.000000 at y = 5.928571./ phi_m, min: -0.001000 at y = 6.105449
phi_e, max: 0.000607 at y = 6.138571, phi_e, min: 0.000606 at y = 5.900000
phi_m, max: -0.000000 at y = 5.928571./ phi_m, min: -0.001009 at y = 6.105449
phi_e, max: 0.000240 at y = 6.138571, phi_e, min: 0.000239 at y = 5.900000
phi_m, max: -0.000000 at y = 5.928571./ phi_m, min: -0.001001 at y = 6.105449
phi_e, max: 0.000195 at y = 6.138571, phi_e, min: 0.000195 at y = 5.900000
phi_m, max: -0.000000 at y = 5.928571./ phi_m, min: -0.000992 at y = 6.105449
phi_e, max: 0.000130 at y = 5.900000, phi_e, min: 0.000129 at y = 6.138571
phi_m, max: -0.000000 at y = 5.928571./ phi_m, min: -0.000975 at y = 6.105168
phi_e, max: -0.001112 at y = 5.900000, phi_e, min: -0.001212 at y = 6.138571
phi_m, max: -0.000000 at y = 5.928571./ phi_m, min: -0.001094 at y = 6.138571
phi_e, max: -0.001184 at y = 6.138571, phi_e, min: -0.002350 at y = 5.900000
phi_m, max: -0.000000 at y = 5.928571./ phi_m, min: -0.001030 at y = 6.108376
phi_e, max: 0.058803 at y = 6.138571, phi_e, min: 0.058224 at y = 5.900000
phi_m, max: -0.000000 at y = 5.928571./ phi_m, min: -0.001010 at y = 6.107458
phi_e, max: -0.014510 at y = 6.138571, phi_e, min: -0.014979 at y = 5.900000


phi_m, max: -0.000000 at y = 3.790000./ phi_m, min: -0.001374 at y = 3.761429
phi_e, max: 0.000597 at y = 4.010000, phi_e, min: 0.000596 at y = 3.761429
phi_m, max: -0.000000 at y = 3.790000./ phi_m, min: -0.001109 at y = 3.761429
phi_e, max: 0.000236 at y = 4.010000, phi_e, min: 0.000236 at y = 3.761429
phi_m, max: -0.000000 at y = 3.790000./ phi_m, min: -0.001072 at y = 3.761429
phi_e, max: 0.000193 at y = 4.010000, phi_e, min: 0.000192 at y = 3.761429
phi_m, max: -0.000000 at y = 3.790000./ phi_m, min: -0.001003 at y = 3.794084
phi_e, max: 0.000141 at y = 3.761429, phi_e, min: 0.000140 at y = 4.010000
phi_m, max: 0.003369 at y = 3.761429./ phi_m, min: -0.000719 at y = 4.010000
phi_e, max: -0.000204 at y = 3.761429, phi_e, min: -0.000311 at y = 4.010000
phi_m, max: 0.546312 at y = 3.761429./ phi_m, min: 0.000000 at y = 3.790000
phi_e, max: -0.011629 at y = 4.010000, phi_e, min: -0.012581 at y = 3.761429
phi_m, max: 43.253296 at y = 3.761429./ phi_m, min: 0.000000 at y = 3.790000
phi_e, max: 0.070793 at y = 3.793213, phi_e, min: 0.053819 at y = 3.961218
phi_m, max: 114.555878 at y = 4.003633./ phi_m, min: 0.000000 at y = 3.790000
phi_e, max: 0.042649 at y = 3.835133, phi_e, min: -0.011267 at y = 4.009413


phi_m, max: -0.000000 at y = 5.260000./ phi_m, min: -0.000991 at y = 5.264832
phi_e, max: 0.000602 at y = 5.298571, phi_e, min: 0.000601 at y = 5.060000
phi_m, max: -0.000000 at y = 5.260000./ phi_m, min: -0.000999 at y = 5.264832
phi_e, max: 0.000238 at y = 5.298571, phi_e, min: 0.000237 at y = 5.060000
phi_m, max: -0.000000 at y = 5.260000./ phi_m, min: -0.000991 at y = 5.264832
phi_e, max: 0.000193 at y = 5.298571, phi_e, min: 0.000193 at y = 5.060000
phi_m, max: -0.000000 at y = 5.260000./ phi_m, min: -0.000982 at y = 5.264832
phi_e, max: 0.000134 at y = 5.060000, phi_e, min: 0.000132 at y = 5.298571
phi_m, max: -0.000000 at y = 5.260000./ phi_m, min: -0.000974 at y = 5.265168
phi_e, max: -0.000756 at y = 5.060000, phi_e, min: -0.000857 at y = 5.298571
phi_m, max: -0.000000 at y = 5.260000./ phi_m, min: -0.000965 at y = 5.264490
phi_e, max: -0.005316 at y = 5.298571, phi_e, min: -0.006494 at y = 5.060000
phi_m, max: -0.000000 at y = 5.260000./ phi_m, min: -0.000919 at y = 5.266259
phi_e, max: 0.056752 at y = 5.298571, phi_e, min: 0.056167 at y = 5.060000
phi_m, max: 0.016133 at y = 5.063356./ phi_m, min: 0.000000 at y = 5.260000
phi_e, max: -0.016160 at y = 5.298571, phi_e, min: -0.016604 at y = 5.060000


phi_m, max: -0.000000 at y = 4.850000./ phi_m, min: -0.000991 at y = 4.844832
phi_e, max: 0.000601 at y = 5.088571, phi_e, min: 0.000601 at y = 4.840000
phi_m, max: -0.000000 at y = 4.850000./ phi_m, min: -0.000999 at y = 4.844832
phi_e, max: 0.000237 at y = 5.088571, phi_e, min: 0.000237 at y = 4.887583
phi_m, max: -0.000000 at y = 4.850000./ phi_m, min: -0.000991 at y = 4.844832
phi_e, max: 0.000193 at y = 5.088571, phi_e, min: 0.000193 at y = 4.909300
phi_m, max: -0.000000 at y = 4.850000./ phi_m, min: -0.000982 at y = 5.055168
phi_e, max: 0.000135 at y = 4.840000, phi_e, min: 0.000133 at y = 5.088571
phi_m, max: -0.000000 at y = 4.850000./ phi_m, min: -0.000974 at y = 5.055168
phi_e, max: -0.000663 at y = 4.840000, phi_e, min: -0.000767 at y = 5.088571
phi_m, max: -0.000000 at y = 4.850000./ phi_m, min: -0.000964 at y = 5.054832
phi_e, max: -0.006358 at y = 5.088571, phi_e, min: -0.007573 at y = 4.840000
phi_m, max: 0.002022 at y = 4.840000./ phi_m, min: -0.000736 at y = 5.060000
phi_e, max: 0.056235 at y = 5.088571, phi_e, min: 0.055634 at y = 4.840000
phi_m, max: 0.270915 at y = 4.840000./ phi_m, min: 0.000000 at y = 4.850000
phi_e, max: -0.016554 at y = 5.088571, phi_e, min: -0.016813 at y = 4.840000


phi_m, max: 0.000407 at y = 1.728571./ phi_m, min: -0.001479 at y = 1.900000
phi_e, max: -0.271485 at y = 1.967143, phi_e, min: -0.320252 at y = 1.728571
phi_m, max: 0.296177 at y = 1.728571./ phi_m, min: 0.000000 at y = 1.900000
phi_e, max: -0.107500 at y = 1.967143, phi_e, min: -0.126849 at y = 1.728571
phi_m, max: 24.819423 at y = 1.728571./ phi_m, min: 0.000000 at y = 1.900000
phi_e, max: -0.088122 at y = 1.967143, phi_e, min: -0.107117 at y = 1.728571
phi_m, max: 115.096900 at y = 1.904832./ phi_m, min: 0.000000 at y = 1.900000
phi_e, max: -0.033424 at y = 1.759300, phi_e, min: -0.051562 at y = 1.908213
phi_m, max: 104.497077 at y = 1.906787./ phi_m, min: 0.000000 at y = 1.900000
phi_e, max: 0.011891 at y = 1.759300, phi_e, min: -0.000907 at y = 1.906787
phi_m, max: 86.309266 at y = 1.907458./ phi_m, min: 0.000000 at y = 1.900000
phi_e, max: -0.012222 at y = 1.789071, phi_e, min: -0.018637 at y = 1.904413
phi_m, max: 66.052685 at y = 1.907458./ phi_m, min: 0.000000 at y = 1.900000
phi_e, max: -0.057865 at y = 1.967143, phi_e, min: -0.066747 at y = 1.728571
phi_m, max: 47.065466 at y = 1.908213./ phi_m, min: 0.000000 at y = 1.900000
phi_e, max: -0.055255 at y = 1.967143, phi_e, min: -0.064706 at y = 1.728571


phi_m, max: 0.124254 at y = 1.308571./ phi_m, min: 0.000000 at y = 1.480000
phi_e, max: -0.351628 at y = 1.575714, phi_e, min: -0.412288 at y = 1.283356
phi_m, max: 12.980484 at y = 1.308571./ phi_m, min: 0.000000 at y = 1.480000
phi_e, max: -0.139572 at y = 1.575714, phi_e, min: -0.165800 at y = 1.283356
phi_m, max: 114.141500 at y = 1.483213./ phi_m, min: 0.000000 at y = 1.480000
phi_e, max: -0.089524 at y = 1.328131, phi_e, min: -0.128207 at y = 1.488213
phi_m, max: 107.133480 at y = 1.486426./ phi_m, min: 0.000000 at y = 1.480000
phi_e, max: -0.010100 at y = 1.343705, phi_e, min: -0.024115 at y = 1.488213
phi_m, max: 89.709336 at y = 1.487458./ phi_m, min: 0.000000 at y = 1.480000
phi_e, max: 0.033747 at y = 1.339300, phi_e, min: 0.021412 at y = 1.486787
phi_m, max: 69.570575 at y = 1.487458./ phi_m, min: 0.000000 at y = 1.480000
phi_e, max: -0.008505 at y = 1.378082, phi_e, min: -0.013790 at y = 1.485587
phi_m, max: 50.150316 at y = 1.488213./ phi_m, min: 0.000000 at y = 1.480000
phi_e, max: -0.069629 at y = 1.575714, phi_e, min: -0.082490 at y = 1.283356
phi_m, max: 32.521799 at y = 1.489413./ phi_m, min: 0.000000 at y = 1.480000
phi_e, max: -0.068863 at y = 1.575714, phi_e, min: -0.082133 at y = 1.283356


phi_m, max: 114.785271 at y = 0.433633./ phi_m, min: -0.021591 at y = 3.277724
phi_e, max: 0.000611 at y = 3.341429, phi_e, min: -0.575517 at y = 0.438213
phi_m, max: 106.175770 at y = 0.436426./ phi_m, min: -0.008939 at y = 3.277724
phi_e, max: 0.000242 at y = 3.341429, phi_e, min: -0.154302 at y = 0.436787
phi_m, max: 88.448626 at y = 0.437458./ phi_m, min: -0.007427 at y = 3.277724
phi_e, max: 0.000197 at y = 3.341429, phi_e, min: -0.064984 at y = 0.436787
phi_m, max: 68.257438 at y = 0.437458./ phi_m, min: -0.002515 at y = 3.321869
phi_e, max: 0.019098 at y = 0.344286, phi_e, min: -0.003821 at y = 3.198571
phi_m, max: 48.995853 at y = 0.438213./ phi_m, min: 0.000000 at y = 0.430000
phi_e, max: 0.058743 at y = 0.344286, phi_e, min: -0.002616 at y = 3.198571
phi_m, max: 52.675655 at y = 3.198571./ phi_m, min: 0.000000 at y = 0.430000
phi_e, max: 0.000366 at y = 3.341429, phi_e, min: -0.024914 at y = 0.433213
phi_m, max: 109.268696 at y = 3.341429./ phi_m, min: 0.000000 at y = 0.430000
phi_e, max: 0.000481 at y = 3.341429, phi_e, min: -0.130474 at y = 0.319071
phi_m, max: 96.399986 at y = 3.341429./ phi_m, min: 0.000000 at y = 0.430000
phi_e, max: 0.000427 at y = 3.341429, phi_e, min: -0.139280 at y = 0.319071


phi_m, max: -0.000000 at y = 5.050000./ phi_m, min: -0.000991 at y = 5.475168
phi_e, max: 0.000603 at y = 5.480000, phi_e, min: 0.000601 at y = 5.021429
phi_m, max: -0.000000 at y = 5.050000./ phi_m, min: -0.000999 at y = 5.475168
phi_e, max: 0.000238 at y = 5.480000, phi_e, min: 0.000237 at y = 5.021429
phi_m, max: -0.000000 at y = 5.050000./ phi_m, min: -0.000991 at y = 5.475168
phi_e, max: 0.000194 at y = 5.480000, phi_e, min: 0.000193 at y = 5.021429
phi_m, max: -0.000000 at y = 5.050000./ phi_m, min: -0.000982 at y = 5.475168
phi_e, max: 0.000134 at y = 5.021429, phi_e, min: 0.000132 at y = 5.480000
phi_m, max: -0.000000 at y = 5.050000./ phi_m, min: -0.000974 at y = 5.055168
phi_e, max: -0.000739 at y = 5.021429, phi_e, min: -0.000934 at y = 5.480000
phi_m, max: -0.000000 at y = 5.050000./ phi_m, min: -0.000979 at y = 5.475510
phi_e, max: -0.004422 at y = 5.480000, phi_e, min: -0.006685 at y = 5.021429
phi_m, max: -0.000000 at y = 5.050000./ phi_m, min: -0.000961 at y = 5.475587
phi_e, max: 0.057195 at y = 5.480000, phi_e, min: 0.056073 at y = 5.021429
phi_m, max: 0.039173 at y = 5.050000./ phi_m, min: -0.000559 at y = 5.480000
phi_e, max: -0.015812 at y = 5.480000, phi_e, min: -0.016678 at y = 5.021429


phi_m, max: 74.668361 at y = 0.640000./ phi_m, min: 0.000000 at y = 0.650000
phi_e, max: -0.501816 at y = 0.860000, phi_e, min: -0.554543 at y = 0.641787
phi_m, max: 114.974257 at y = 0.855168./ phi_m, min: 0.000000 at y = 0.650000
phi_e, max: -0.141566 at y = 0.744726, phi_e, min: -0.156504 at y = 0.858213
phi_m, max: 103.435994 at y = 0.856787./ phi_m, min: 0.000000 at y = 0.650000
phi_e, max: -0.054442 at y = 0.748082, phi_e, min: -0.065508 at y = 0.856787
phi_m, max: 84.991980 at y = 0.857458./ phi_m, min: 0.000000 at y = 0.650000
phi_e, max: 0.021061 at y = 0.744726, phi_e, min: 0.011659 at y = 0.856787
phi_m, max: 64.716356 at y = 0.857458./ phi_m, min: 0.000000 at y = 0.650000
phi_e, max: 0.059948 at y = 0.742276, phi_e, min: 0.052627 at y = 0.856787
phi_m, max: 45.905325 at y = 0.858213./ phi_m, min: 0.000000 at y = 0.650000
phi_e, max: -0.009842 at y = 0.786295, phi_e, min: -0.017487 at y = 0.641787
phi_m, max: 27.714080 at y = 0.860000./ phi_m, min: 0.000000 at y = 0.650000
phi_e, max: -0.098885 at y = 0.860000, phi_e, min: -0.111281 at y = 0.640000
phi_m, max: 6.987810 at y = 0.860000./ phi_m, min: 0.000000 at y = 0.650000
phi_e, max: -0.105587 at y = 0.860000, phi_e, min: -0.120924 at y = 0.640000


phi_m, max: -0.000000 at y = 2.320000./ phi_m, min: -0.002270 at y = 2.415714
phi_e, max: -0.178754 at y = 2.415714, phi_e, min: -0.234590 at y = 2.148571
phi_m, max: 0.004917 at y = 2.177143./ phi_m, min: -0.000654 at y = 2.415714
phi_e, max: -0.070777 at y = 2.415714, phi_e, min: -0.092886 at y = 2.148571
phi_m, max: 0.478376 at y = 2.177143./ phi_m, min: 0.000000 at y = 2.320000
phi_e, max: -0.057719 at y = 2.415714, phi_e, min: -0.075775 at y = 2.148571
phi_m, max: 62.547617 at y = 2.177143./ phi_m, min: 0.000000 at y = 2.320000
phi_e, max: -0.044532 at y = 2.415714, phi_e, min: -0.066028 at y = 2.148571
phi_m, max: 114.442230 at y = 2.325587./ phi_m, min: 0.000000 at y = 2.320000
phi_e, max: -0.003007 at y = 2.203557, phi_e, min: -0.013563 at y = 2.326787
phi_m, max: 101.665683 at y = 2.326787./ phi_m, min: 0.000000 at y = 2.320000
phi_e, max: -0.007586 at y = 2.415714, phi_e, min: -0.016472 at y = 2.323213
phi_m, max: 82.849585 at y = 2.327458./ phi_m, min: 0.000000 at y = 2.320000
phi_e, max: -0.037323 at y = 2.415714, phi_e, min: -0.052465 at y = 2.148571
phi_m, max: 62.574396 at y = 2.327458./ phi_m, min: 0.000000 at y = 2.320000
phi_e, max: -0.035005 at y = 2.415714, phi_e, min: -0.049124 at y = 2.148571


phi_m, max: -0.000000 at y = 5.690000./ phi_m, min: -0.000992 at y = 5.895168
phi_e, max: 0.000606 at y = 5.928571, phi_e, min: 0.000605 at y = 5.685587
phi_m, max: -0.000000 at y = 5.690000./ phi_m, min: -0.001000 at y = 5.895168
phi_e, max: 0.000239 at y = 5.928571, phi_e, min: 0.000239 at y = 5.685587
phi_m, max: -0.000000 at y = 5.690000./ phi_m, min: -0.000993 at y = 5.895168
phi_e, max: 0.000195 at y = 5.928571, phi_e, min: 0.000194 at y = 5.685587
phi_m, max: -0.000000 at y = 5.690000./ phi_m, min: -0.000984 at y = 5.895168
phi_e, max: 0.000131 at y = 5.685587, phi_e, min: 0.000130 at y = 5.928571
phi_m, max: -0.000000 at y = 5.690000./ phi_m, min: -0.000974 at y = 5.894832
phi_e, max: -0.001021 at y = 5.685587, phi_e, min: -0.001124 at y = 5.928571
phi_m, max: -0.000000 at y = 5.690000./ phi_m, min: -0.000979 at y = 5.895916
phi_e, max: -0.002212 at y = 5.928571, phi_e, min: -0.003408 at y = 5.685587
phi_m, max: -0.000000 at y = 5.690000./ phi_m, min: -0.000970 at y = 5.895587
phi_e, max: 0.058293 at y = 5.928571, phi_e, min: 0.057699 at y = 5.685587
phi_m, max: -0.000000 at y = 5.690000./ phi_m, min: -0.000952 at y = 5.895916
phi_e, max: -0.014923 at y = 5.928571, phi_e, min: -0.015404 at y = 5.685587


phi_m, max: -0.000000 at y = 4.420000./ phi_m, min: -0.000992 at y = 4.424832
phi_e, max: 0.000600 at y = 4.640000, phi_e, min: 0.000599 at y = 4.362857
phi_m, max: -0.000000 at y = 4.420000./ phi_m, min: -0.000999 at y = 4.424832
phi_e, max: 0.000237 at y = 4.630000, phi_e, min: 0.000237 at y = 4.362857
phi_m, max: -0.000000 at y = 4.420000./ phi_m, min: -0.000992 at y = 4.424832
phi_e, max: 0.000193 at y = 4.630000, phi_e, min: 0.000193 at y = 4.362857
phi_m, max: -0.000000 at y = 4.420000./ phi_m, min: -0.000983 at y = 4.424832
phi_e, max: 0.000138 at y = 4.362857, phi_e, min: 0.000136 at y = 4.640000
phi_m, max: -0.000000 at y = 4.420000./ phi_m, min: -0.000966 at y = 4.425168
phi_e, max: -0.000459 at y = 4.362857, phi_e, min: -0.000577 at y = 4.640000
phi_m, max: 0.000829 at y = 4.391429./ phi_m, min: -0.000747 at y = 4.630000
phi_e, max: -0.008564 at y = 4.640000, phi_e, min: -0.009927 at y = 4.362857
phi_m, max: 0.157206 at y = 4.391429./ phi_m, min: 0.000000 at y = 4.420000
phi_e, max: 0.055159 at y = 4.640000, phi_e, min: 0.054630 at y = 4.362857
phi_m, max: 15.411351 at y = 4.391429./ phi_m, min: 0.000000 at y = 4.420000
phi_e, max: -0.005215 at y = 4.421787, phi_e, min: -0.015665 at y = 4.640000


phi_m, max: -0.000000 at y = 4.210000./ phi_m, min: -0.000996 at y = 4.214832
phi_e, max: 0.000599 at y = 4.430000, phi_e, min: 0.000598 at y = 4.181429
phi_m, max: -0.000000 at y = 4.210000./ phi_m, min: -0.001001 at y = 4.214832
phi_e, max: 0.000237 at y = 4.426426, phi_e, min: 0.000237 at y = 4.181429
phi_m, max: -0.000000 at y = 4.210000./ phi_m, min: -0.000993 at y = 4.214832
phi_e, max: 0.000193 at y = 4.426426, phi_e, min: 0.000193 at y = 4.302358
phi_m, max: -0.000000 at y = 4.210000./ phi_m, min: -0.000983 at y = 4.214832
phi_e, max: 0.000139 at y = 4.181429, phi_e, min: 0.000137 at y = 4.430000
phi_m, max: -0.000000 at y = 4.210000./ phi_m, min: -0.000935 at y = 4.420000
phi_e, max: -0.000383 at y = 4.181429, phi_e, min: -0.000487 at y = 4.430000
phi_m, max: 0.008730 at y = 4.210000./ phi_m, min: 0.000000 at y = 4.210000
phi_e, max: -0.009599 at y = 4.430000, phi_e, min: -0.010799 at y = 4.181429
phi_m, max: 0.847738 at y = 4.210000./ phi_m, min: 0.000000 at y = 4.210000
phi_e, max: 0.054902 at y = 4.213213, phi_e, min: 0.054619 at y = 4.337935
phi_m, max: 65.699399 at y = 4.210000./ phi_m, min: 0.000000 at y = 4.210000
phi_e, max: -0.005380 at y = 4.421175, phi_e, min: -0.010639 at y = 4.210587


phi_m, max: -0.000000 at y = 2.950000./ phi_m, min: -0.004183 at y = 3.045714
phi_e, max: -0.047576 at y = 3.045714, phi_e, min: -0.097399 at y = 2.807143
phi_m, max: -0.000000 at y = 2.950000./ phi_m, min: -0.002155 at y = 3.045714
phi_e, max: -0.018838 at y = 3.045714, phi_e, min: -0.038565 at y = 2.807143
phi_m, max: 0.000513 at y = 2.807143./ phi_m, min: -0.001718 at y = 3.045714
phi_e, max: -0.015360 at y = 3.045714, phi_e, min: -0.031446 at y = 2.807143
phi_m, max: 0.213340 at y = 2.807143./ phi_m, min: 0.000000 at y = 2.950000
phi_e, max: -0.011590 at y = 3.045714, phi_e, min: -0.023725 at y = 2.807143
phi_m, max: 15.619118 at y = 2.807143./ phi_m, min: 0.000000 at y = 2.950000
phi_e, max: -0.008325 at y = 3.045714, phi_e, min: -0.017169 at y = 2.807143
phi_m, max: 114.976671 at y = 2.954413./ phi_m, min: 0.000000 at y = 2.950000
phi_e, max: -0.002019 at y = 3.045714, phi_e, min: -0.015303 at y = 2.956787
phi_m, max: 105.534049 at y = 2.956426./ phi_m, min: 0.000000 at y = 2.950000
phi_e, max: -0.008682 at y = 3.045714, phi_e, min: -0.022586 at y = 2.807143
phi_m, max: 87.622388 at y = 2.957458./ phi_m, min: 0.000000 at y = 2.950000
phi_e, max: -0.007930 at y = 3.045714, phi_e, min: -0.020474 at y = 2.807143


phi_m, max: -0.000000 at y = 2.740000./ phi_m, min: -0.001568 at y = 2.835714
phi_e, max: -0.091351 at y = 2.835714, phi_e, min: -0.141050 at y = 2.597143
phi_m, max: -0.000000 at y = 2.740000./ phi_m, min: -0.001150 at y = 2.835714
phi_e, max: -0.036170 at y = 2.835714, phi_e, min: -0.055848 at y = 2.597143
phi_m, max: 0.009560 at y = 2.597143./ phi_m, min: 0.000000 at y = 2.740000
phi_e, max: -0.029493 at y = 2.835714, phi_e, min: -0.045540 at y = 2.597143
phi_m, max: 1.427145 at y = 2.597143./ phi_m, min: 0.000000 at y = 2.740000
phi_e, max: -0.022259 at y = 2.835714, phi_e, min: -0.034405 at y = 2.597143
phi_m, max: 81.429102 at y = 2.597143./ phi_m, min: 0.000000 at y = 2.740000
phi_e, max: -0.015138 at y = 2.746787, phi_e, min: -0.027398 at y = 2.597143
phi_m, max: 113.033986 at y = 2.745916./ phi_m, min: 0.000000 at y = 2.740000
phi_e, max: -0.003440 at y = 2.835714, phi_e, min: -0.012646 at y = 2.743213
phi_m, max: 98.667438 at y = 2.746787./ phi_m, min: 0.000000 at y = 2.740000
phi_e, max: -0.020164 at y = 2.835714, phi_e, min: -0.031007 at y = 2.743213
phi_m, max: 79.349945 at y = 2.747458./ phi_m, min: 0.000000 at y = 2.740000
phi_e, max: -0.018373 at y = 2.835714, phi_e, min: -0.028297 at y = 2.597143


phi_m, max: -0.000000 at y = 2.110000./ phi_m, min: -0.001581 at y = 2.056213
phi_e, max: -0.228565 at y = 2.177143, phi_e, min: -0.277169 at y = 1.938571
phi_m, max: 0.043783 at y = 1.938571./ phi_m, min: 0.000000 at y = 2.110000
phi_e, max: -0.090501 at y = 2.177143, phi_e, min: -0.109749 at y = 1.938571
phi_m, max: 3.670721 at y = 1.938571./ phi_m, min: 0.000000 at y = 2.110000
phi_e, max: -0.073853 at y = 2.177143, phi_e, min: -0.089857 at y = 1.938571
phi_m, max: 107.667042 at y = 1.938571./ phi_m, min: 0.000000 at y = 2.110000
phi_e, max: -0.046575 at y = 1.973705, phi_e, min: -0.071315 at y = 2.114413
phi_m, max: 110.378490 at y = 2.116426./ phi_m, min: 0.000000 at y = 2.110000
phi_e, max: 0.002865 at y = 1.983346, phi_e, min: -0.008404 at y = 2.116787
phi_m, max: 94.288485 at y = 2.116787./ phi_m, min: 0.000000 at y = 2.110000
phi_e, max: -0.012766 at y = 2.177143, phi_e, min: -0.018772 at y = 2.114413
phi_m, max: 74.462632 at y = 2.117458./ phi_m, min: 0.000000 at y = 2.110000
phi_e, max: -0.049669 at y = 2.177143, phi_e, min: -0.060125 at y = 1.938571
phi_m, max: 54.563027 at y = 2.118213./ phi_m, min: 0.000000 at y = 2.110000
phi_e, max: -0.046756 at y = 2.177143, phi_e, min: -0.057213 at y = 1.938571



Time: 0.100000
CPU Time: 141.190380 min.
phi_m, max: -0.000000 at y = 3.131429./ phi_m, min: -0.019448 at y = 3.227143
phi_e, max: 0.000608 at y = 6.330000, phi_e, min: -0.053521 at y = 3.017143

Time: 0.200000
CPU Time: 138.036366 min.
phi_m, max: -0.000000 at y = 3.131429./ phi_m, min: -0.008105 at y = 3.227143
phi_e, max: 0.000240 at y = 6.330000, phi_e, min: -0.021192 at y = 3.017143

Time: 0.300000
CPU Time: 134.729599 min.
phi_m, max: -0.000000 at y = 3.131429./ phi_m, min: -0.006740 at y = 3.227143
phi_e, max: 0.000196 at y = 6.330000, phi_e, min: -0.017280 at y = 3.017143

Time: 0.400000
CPU Time: 134.629891 min.
phi_m, max: 0.026446 at y = 3.045714./ phi_m, min: -0.001051 at y = 6.320000
phi_e, max: 0.000129 at y = 6.320000, phi_e, min: -0.013036 at y = 3.017143

Time: 0.500000
CPU Time: 135.607442 min.
phi_m, max: 2.054168 at y = 3.045714./ phi_m, min: -0.000964 at y = 6.320000
phi_e, max: -0.000884 at y = 3.255714, phi_e, min: -0.009235 at y = 3.017143

Time: 0.600000
CPU Time: 136.130311 min.
phi_m, max: 95.505925 at y = 3.045714./ phi_m, min: -0.001963 at y = 6.330000
phi_e, max: -0.000245 at y = 6.330000, phi_e, min: -0.010264 at y = 3.161787

Time: 0.700000
CPU Time: 136.013256 min.
phi_m, max: 111.184794 at y = 3.166259./ phi_m, min: -0.001506 at y = 6.330000
phi_e, max: 0.059269 at y = 6.330000, phi_e, min: -0.011570 at y = 3.017143

Time: 0.800000
CPU Time: 134.044105 min.
phi_m, max: 95.530486 at y = 3.166787./ phi_m, min: -0.001409 at y = 6.330000
phi_e, max: -0.001991 at y = 3.255714, phi_e, min: -0.014153 at y = 6.320000


Writing: "Fiber2DEphapticPlaneL6rho3_8.chk"
phi_m, max: -0.000000 at y = 3.580000./ phi_m, min: -0.003667 at y = 3.551429
phi_e, max: 0.000596 at y = 3.790000, phi_e, min: 0.000594 at y = 3.551429
phi_m, max: -0.000000 at y = 3.580000./ phi_m, min: -0.001977 at y = 3.551429
phi_e, max: 0.000236 at y = 3.790000, phi_e, min: 0.000235 at y = 3.551429
phi_m, max: -0.000000 at y = 3.580000./ phi_m, min: -0.001778 at y = 3.551429
phi_e, max: 0.000192 at y = 3.790000, phi_e, min: 0.000191 at y = 3.551429
phi_m, max: -0.000000 at y = 3.580000./ phi_m, min: -0.001178 at y = 3.551429
phi_e, max: 0.000142 at y = 3.551429, phi_e, min: 0.000140 at y = 3.790000
phi_m, max: 0.027527 at y = 3.551429./ phi_m, min: 0.000000 at y = 3.580000
phi_e, max: -0.000099 at y = 3.551429, phi_e, min: -0.000216 at y = 3.790000
phi_m, max: 3.703708 at y = 3.551429./ phi_m, min: 0.000000 at y = 3.580000
phi_e, max: -0.011257 at y = 3.583213, phi_e, min: -0.012634 at y = 3.732857
phi_m, max: 110.672376 at y = 3.581787./ phi_m, min: 0.000000 at y = 3.580000
phi_e, max: 0.070238 at y = 3.789606, phi_e, min: 0.021370 at y = 3.583213
phi_m, max: 109.005798 at y = 3.586426./ phi_m, min: 0.000000 at y = 3.580000
phi_e, max: 0.040885 at y = 3.761429, phi_e, min: 0.018942 at y = 3.581787


phi_m, max: 107.904278 at y = 0.440000./ phi_m, min: 0.000000 at y = 0.430000
phi_e, max: -0.496333 at y = 0.888571, phi_e, min: -0.575072 at y = 0.440000
phi_m, max: 111.649168 at y = 0.646259./ phi_m, min: 0.000000 at y = 0.430000
phi_e, max: -0.148978 at y = 0.553086, phi_e, min: -0.156066 at y = 0.858825
phi_m, max: 96.272599 at y = 0.646787./ phi_m, min: 0.000000 at y = 0.430000
phi_e, max: -0.060714 at y = 0.550636, phi_e, min: -0.065168 at y = 0.858825
phi_m, max: 76.648437 at y = 0.647458./ phi_m, min: 0.000000 at y = 0.430000
phi_e, max: 0.016624 at y = 0.547724, phi_e, min: 0.011942 at y = 0.858825
phi_m, max: 56.592368 at y = 0.648213./ phi_m, min: 0.000000 at y = 0.430000
phi_e, max: 0.056988 at y = 0.545274, phi_e, min: 0.052845 at y = 0.858825
phi_m, max: 38.785848 at y = 0.648376./ phi_m, min: 0.000000 at y = 0.430000
phi_e, max: -0.010025 at y = 0.888571, phi_e, min: -0.024626 at y = 0.440000
phi_m, max: 18.307628 at y = 0.650000./ phi_m, min: 0.000000 at y = 0.430000
phi_e, max: -0.096923 at y = 0.888571, phi_e, min: -0.126927 at y = 0.430000
phi_m, max: 2.879439 at y = 0.650000./ phi_m, min: 0.000000 at y = 0.430000
phi_e, max: -0.103701 at y = 0.888571, phi_e, min: -0.135956 at y = 0.430000


 (0.00834313s, XML)
Steps: 9000000  Time: 0.9         
phi_m, max: -0.000000 at y = 3.580000./ phi_m, min: -0.003667 at y = 3.551429
phi_e, max: 0.000596 at y = 3.790000, phi_e, min: 0.000594 at y = 3.551429
phi_m, max: -0.000000 at y = 3.580000./ phi_m, min: -0.001977 at y = 3.551429
phi_e, max: 0.000236 at y = 3.790000, phi_e, min: 0.000235 at y = 3.551429
phi_m, max: -0.000000 at y = 3.580000./ phi_m, min: -0.001778 at y = 3.551429
phi_e, max: 0.000192 at y = 3.790000, phi_e, min: 0.000191 at y = 3.551429
phi_m, max: -0.000000 at y = 3.580000./ phi_m, min: -0.001178 at y = 3.551429
phi_e, max: 0.000142 at y = 3.551429, phi_e, min: 0.000140 at y = 3.790000
phi_m, max: 0.027527 at y = 3.551429./ phi_m, min: 0.000000 at y = 3.580000
phi_e, max: -0.000099 at y = 3.551429, phi_e, min: -0.000216 at y = 3.790000
phi_m, max: 3.703708 at y = 3.551429./ phi_m, min: 0.000000 at y = 3.580000
phi_e, max: -0.011257 at y = 3.583213, phi_e, min: -0.012634 at y = 3.732857
phi_m, max: 110.672376 at y = 3.581787./ phi_m, min: 0.000000 at y = 3.580000
phi_e, max: 0.070238 at y = 3.789606, phi_e, min: 0.021370 at y = 3.583213
phi_m, max: 109.005798 at y = 3.586426./ phi_m, min: 0.000000 at y = 3.580000
phi_e, max: 0.040885 at y = 3.761429, phi_e, min: 0.018942 at y = 3.581787
phi_m, max: 93.464042 at y = 3.761429./ phi_m, min: 0.000000 at y = 3.580000
phi_e, max: 0.033698 at y = 3.761429, phi_e, min: 0.015373 at y = 3.581787


phi_m, max: -0.000000 at y = 2.110000./ phi_m, min: -0.001581 at y = 2.056213
phi_e, max: -0.228565 at y = 2.177143, phi_e, min: -0.277169 at y = 1.938571
phi_m, max: 0.043783 at y = 1.938571./ phi_m, min: 0.000000 at y = 2.110000
phi_e, max: -0.090501 at y = 2.177143, phi_e, min: -0.109749 at y = 1.938571
phi_m, max: 3.670721 at y = 1.938571./ phi_m, min: 0.000000 at y = 2.110000
phi_e, max: -0.073853 at y = 2.177143, phi_e, min: -0.089857 at y = 1.938571
phi_m, max: 107.667042 at y = 1.938571./ phi_m, min: 0.000000 at y = 2.110000
phi_e, max: -0.046575 at y = 1.973705, phi_e, min: -0.071315 at y = 2.114413
phi_m, max: 110.378490 at y = 2.116426./ phi_m, min: 0.000000 at y = 2.110000
phi_e, max: 0.002865 at y = 1.983346, phi_e, min: -0.008404 at y = 2.116787
phi_m, max: 94.288485 at y = 2.116787./ phi_m, min: 0.000000 at y = 2.110000
phi_e, max: -0.012766 at y = 2.177143, phi_e, min: -0.018772 at y = 2.114413
phi_m, max: 74.462632 at y = 2.117458./ phi_m, min: 0.000000 at y = 2.110000
phi_e, max: -0.049669 at y = 2.177143, phi_e, min: -0.060125 at y = 1.938571
phi_m, max: 54.563027 at y = 2.118213./ phi_m, min: 0.000000 at y = 2.110000
phi_e, max: -0.046756 at y = 2.177143, phi_e, min: -0.057213 at y = 1.938571
phi_m, max: 36.905556 at y = 2.118825./ phi_m, min: 0.000000 at y = 2.110000
phi_e, max: -0.040779 at y = 2.177143, phi_e, min: -0.050072 at y = 1.938571


phi_m, max: -0.000000 at y = 3.971429./ phi_m, min: -0.001031 at y = 3.885714
phi_e, max: 0.000598 at y = 4.210000, phi_e, min: 0.000597 at y = 3.885714
phi_m, max: -0.000000 at y = 3.971429./ phi_m, min: -0.000991 at y = 4.000000
phi_e, max: 0.000237 at y = 4.210000, phi_e, min: 0.000236 at y = 3.885714
phi_m, max: -0.000000 at y = 3.971429./ phi_m, min: -0.000981 at y = 4.000000
phi_e, max: 0.000193 at y = 4.210000, phi_e, min: 0.000192 at y = 3.885714
phi_m, max: -0.000000 at y = 3.971429./ phi_m, min: -0.000961 at y = 4.000000
phi_e, max: 0.000140 at y = 3.885714, phi_e, min: 0.000139 at y = 4.210000
phi_m, max: 0.000139 at y = 3.885714./ phi_m, min: -0.000869 at y = 4.210000
phi_e, max: -0.000259 at y = 3.885714, phi_e, min: -0.000396 at y = 4.210000
phi_m, max: 0.130099 at y = 3.885714./ phi_m, min: 0.000000 at y = 3.971429
phi_e, max: -0.010654 at y = 4.210000, phi_e, min: -0.012187 at y = 3.885714
phi_m, max: 11.090140 at y = 3.885714./ phi_m, min: 0.000000 at y = 3.971429
phi_e, max: 0.056605 at y = 3.885714, phi_e, min: 0.053916 at y = 3.961218
phi_m, max: 112.558504 at y = 4.000000./ phi_m, min: 0.000000 at y = 3.971429
phi_e, max: 0.036470 at y = 3.885714, phi_e, min: -0.011133 at y = 4.010000
phi_m, max: 108.715862 at y = 4.210000./ phi_m, min: 0.000000 at y = 3.971429
phi_e, max: 0.037648 at y = 3.885714, phi_e, min: 0.018714 at y = 4.010000


phi_m, max: -0.000000 at y = 3.370000./ phi_m, min: -0.018119 at y = 3.341429
phi_e, max: 0.000611 at y = 3.341429, phi_e, min: 0.000000 at y = 3.312857
phi_m, max: -0.000000 at y = 3.370000./ phi_m, min: -0.007600 at y = 3.341429
phi_e, max: 0.000242 at y = 3.341429, phi_e, min: 0.000000 at y = 3.312857
phi_m, max: -0.000000 at y = 3.370000./ phi_m, min: -0.006347 at y = 3.341429
phi_e, max: 0.000197 at y = 3.341429, phi_e, min: 0.000000 at y = 3.312857
phi_m, max: -0.000000 at y = 3.370000./ phi_m, min: -0.002426 at y = 3.341429
phi_e, max: 0.000149 at y = 3.341429, phi_e, min: 0.000000 at y = 3.312857
phi_m, max: 0.187703 at y = 3.341429./ phi_m, min: 0.000000 at y = 3.370000
phi_e, max: 0.000093 at y = 3.341429, phi_e, min: -0.000099 at y = 3.551429
phi_m, max: 25.019374 at y = 3.341429./ phi_m, min: 0.000000 at y = 3.370000
phi_e, max: 0.001331 at y = 3.371787, phi_e, min: -0.011529 at y = 3.545110
phi_m, max: 114.814570 at y = 3.375449./ phi_m, min: 0.000000 at y = 3.370000
phi_e, max: 0.024272 at y = 3.551429, phi_e, min: -0.000889 at y = 3.371787
phi_m, max: 102.779806 at y = 3.376787./ phi_m, min: 0.000000 at y = 3.370000
phi_e, max: 0.020121 at y = 3.551429, phi_e, min: -0.000663 at y = 3.371787
phi_m, max: 85.981751 at y = 3.551429./ phi_m, min: 0.000000 at y = 3.370000
phi_e, max: 0.016352 at y = 3.551429, phi_e, min: -0.000527 at y = 3.371787


phi_m, max: -0.000000 at y = 5.480000./ phi_m, min: -0.000991 at y = 5.685168
phi_e, max: 0.000605 at y = 5.690000, phi_e, min: 0.000603 at y = 5.470000
phi_m, max: -0.000000 at y = 5.480000./ phi_m, min: -0.000999 at y = 5.685168
phi_e, max: 0.000239 at y = 5.690000, phi_e, min: 0.000238 at y = 5.470000
phi_m, max: -0.000000 at y = 5.480000./ phi_m, min: -0.000992 at y = 5.685168
phi_e, max: 0.000194 at y = 5.690000, phi_e, min: 0.000194 at y = 5.470000
phi_m, max: -0.000000 at y = 5.480000./ phi_m, min: -0.000983 at y = 5.685168
phi_e, max: 0.000132 at y = 5.470000, phi_e, min: 0.000131 at y = 5.690000
phi_m, max: -0.000000 at y = 5.480000./ phi_m, min: -0.000973 at y = 5.685168
phi_e, max: -0.000930 at y = 5.470000, phi_e, min: -0.001023 at y = 5.690000
phi_m, max: -0.000000 at y = 5.480000./ phi_m, min: -0.000976 at y = 5.684084
phi_e, max: -0.003385 at y = 5.690000, phi_e, min: -0.004472 at y = 5.470000
phi_m, max: -0.000000 at y = 5.480000./ phi_m, min: -0.000966 at y = 5.684551
phi_e, max: 0.057710 at y = 5.690000, phi_e, min: 0.057171 at y = 5.470000
phi_m, max: -0.000000 at y = 5.480000./ phi_m, min: -0.000886 at y = 5.687458
phi_e, max: -0.015395 at y = 5.690000, phi_e, min: -0.015832 at y = 5.470000
phi_m, max: 0.046345 at y = 5.480000./ phi_m, min: 0.000000 at y = 5.480000
phi_e, max: 0.111942 at y = 5.690000, phi_e, min: 0.111592 at y = 5.470000


phi_m, max: 0.973053 at y = 1.070000./ phi_m, min: 0.000000 at y = 1.270000
phi_e, max: -0.407129 at y = 1.308571, phi_e, min: -0.456700 at y = 1.070000
phi_m, max: 91.596419 at y = 1.070000./ phi_m, min: 0.000000 at y = 1.270000
phi_e, max: -0.163966 at y = 1.308571, phi_e, min: -0.200837 at y = 1.070000
phi_m, max: 113.965382 at y = 1.275587./ phi_m, min: 0.000000 at y = 1.270000
phi_e, max: -0.077806 at y = 1.120581, phi_e, min: -0.093273 at y = 1.276787
phi_m, max: 100.535214 at y = 1.276787./ phi_m, min: 0.000000 at y = 1.270000
phi_e, max: 0.000138 at y = 1.115344, phi_e, min: -0.013579 at y = 1.276787
phi_m, max: 81.512760 at y = 1.277458./ phi_m, min: 0.000000 at y = 1.270000
phi_e, max: 0.042879 at y = 1.110939, phi_e, min: 0.031267 at y = 1.276787
phi_m, max: 61.257276 at y = 1.277458./ phi_m, min: 0.000000 at y = 1.270000
phi_e, max: -0.009093 at y = 1.164726, phi_e, min: -0.013069 at y = 1.274413
phi_m, max: 42.907495 at y = 1.278213./ phi_m, min: 0.000000 at y = 1.270000
phi_e, max: -0.080367 at y = 1.308571, phi_e, min: -0.091023 at y = 1.070000
phi_m, max: 24.143631 at y = 1.308571./ phi_m, min: 0.000000 at y = 1.270000
phi_e, max: -0.080318 at y = 1.308571, phi_e, min: -0.092615 at y = 1.070000
phi_m, max: 5.256574 at y = 1.308571./ phi_m, min: 0.000000 at y = 1.270000
phi_e, max: -0.078011 at y = 1.308571, phi_e, min: -0.091909 at y = 1.070000


phi_m, max: 6.645479 at y = 0.860000./ phi_m, min: 0.000000 at y = 0.888571
phi_e, max: -0.445343 at y = 1.123787, phi_e, min: -0.502255 at y = 0.860000
phi_m, max: 112.244197 at y = 0.860000./ phi_m, min: 0.000000 at y = 0.888571
phi_e, max: -0.154491 at y = 0.889771, phi_e, min: -0.201193 at y = 1.068213
phi_m, max: 109.533109 at y = 1.066426./ phi_m, min: 0.000000 at y = 0.888571
phi_e, max: -0.063290 at y = 0.908131, phi_e, min: -0.080305 at y = 1.068213
phi_m, max: 93.039491 at y = 1.066787./ phi_m, min: 0.000000 at y = 0.888571
phi_e, max: 0.013266 at y = 0.904775, phi_e, min: -0.001680 at y = 1.068213
phi_m, max: 73.108313 at y = 1.067458./ phi_m, min: 0.000000 at y = 0.888571
phi_e, max: 0.053722 at y = 0.900370, phi_e, min: 0.041644 at y = 1.068213
phi_m, max: 53.324232 at y = 1.068213./ phi_m, min: 0.000000 at y = 0.888571
phi_e, max: -0.008518 at y = 0.958082, phi_e, min: -0.012416 at y = 1.065587
phi_m, max: 35.725992 at y = 1.068825./ phi_m, min: 0.000000 at y = 0.888571
phi_e, max: -0.087013 at y = 1.123787, phi_e, min: -0.099071 at y = 0.860000
phi_m, max: 14.366305 at y = 1.070000./ phi_m, min: 0.000000 at y = 0.888571
phi_e, max: -0.089004 at y = 1.123787, phi_e, min: -0.105614 at y = 0.860000
phi_m, max: 1.887528 at y = 1.070000./ phi_m, min: 0.000000 at y = 0.888571
phi_e, max: -0.088757 at y = 1.123787, phi_e, min: -0.104288 at y = 0.860000


phi_m, max: -0.000000 at y = 2.358571./ phi_m, min: -0.002532 at y = 2.501429
phi_e, max: -0.135338 at y = 2.625714, phi_e, min: -0.196662 at y = 2.330000
phi_m, max: -0.000000 at y = 2.358571./ phi_m, min: -0.001122 at y = 2.530000
phi_e, max: -0.053587 at y = 2.625714, phi_e, min: -0.077868 at y = 2.330000
phi_m, max: 0.069862 at y = 2.387143./ phi_m, min: 0.000000 at y = 2.358571
phi_e, max: -0.043696 at y = 2.625714, phi_e, min: -0.063482 at y = 2.330000
phi_m, max: 9.501471 at y = 2.387143./ phi_m, min: 0.000000 at y = 2.358571
phi_e, max: -0.033047 at y = 2.625714, phi_e, min: -0.046406 at y = 2.330000
phi_m, max: 112.966571 at y = 2.532542./ phi_m, min: 0.000000 at y = 2.358571
phi_e, max: -0.007522 at y = 2.399511, phi_e, min: -0.036899 at y = 2.538213
phi_m, max: 108.083386 at y = 2.536426./ phi_m, min: 0.000000 at y = 2.358571
phi_e, max: -0.005497 at y = 2.625714, phi_e, min: -0.015216 at y = 2.330000
phi_m, max: 90.995328 at y = 2.536787./ phi_m, min: 0.000000 at y = 2.358571
phi_e, max: -0.028792 at y = 2.625714, phi_e, min: -0.046378 at y = 2.330000
phi_m, max: 70.925037 at y = 2.537458./ phi_m, min: 0.000000 at y = 2.358571
phi_e, max: -0.026659 at y = 2.625714, phi_e, min: -0.042639 at y = 2.330000
phi_m, max: 51.355700 at y = 2.538213./ phi_m, min: 0.000000 at y = 2.358571
phi_e, max: -0.023064 at y = 2.625714, phi_e, min: -0.036631 at y = 2.330000


phi_m, max: -0.000000 at y = 4.640000./ phi_m, min: -0.000991 at y = 4.634832
phi_e, max: 0.000601 at y = 4.850000, phi_e, min: 0.000600 at y = 4.630000
phi_m, max: -0.000000 at y = 4.640000./ phi_m, min: -0.000999 at y = 4.634832
phi_e, max: 0.000237 at y = 4.846426, phi_e, min: 0.000237 at y = 4.699300
phi_m, max: -0.000000 at y = 4.640000./ phi_m, min: -0.000991 at y = 4.634832
phi_e, max: 0.000193 at y = 4.846426, phi_e, min: 0.000193 at y = 4.732276
phi_m, max: -0.000000 at y = 4.640000./ phi_m, min: -0.000982 at y = 4.634832
phi_e, max: 0.000136 at y = 4.630000, phi_e, min: 0.000135 at y = 4.850000
phi_m, max: -0.000000 at y = 4.640000./ phi_m, min: -0.000972 at y = 4.635168
phi_e, max: -0.000573 at y = 4.630000, phi_e, min: -0.000667 at y = 4.850000
phi_m, max: -0.000000 at y = 4.640000./ phi_m, min: -0.000932 at y = 4.840000
phi_e, max: -0.007525 at y = 4.850000, phi_e, min: -0.008612 at y = 4.630000
phi_m, max: 0.018610 at y = 4.630000./ phi_m, min: 0.000000 at y = 4.640000
phi_e, max: 0.055658 at y = 4.850000, phi_e, min: 0.055136 at y = 4.630000
phi_m, max: 1.844167 at y = 4.630000./ phi_m, min: 0.000000 at y = 4.640000
phi_e, max: -0.015533 at y = 4.631787, phi_e, min: -0.016830 at y = 4.817747
phi_m, max: 105.985233 at y = 4.631175./ phi_m, min: 0.000000 at y = 4.640000
phi_e, max: 0.140184 at y = 4.840000, phi_e, min: 0.080707 at y = 4.631787


phi_m, max: 113.563286 at y = 0.225587./ phi_m, min: 0.000000 at y = 0.220000
phi_e, max: -0.559712 at y = 0.335274, phi_e, min: -0.568883 at y = 0.224413
phi_m, max: 99.623701 at y = 0.226787./ phi_m, min: 0.000000 at y = 0.220000
phi_e, max: -0.145225 at y = 0.337724, phi_e, min: -0.152999 at y = 0.224413
phi_m, max: 80.459797 at y = 0.226787./ phi_m, min: 0.000000 at y = 0.220000
phi_e, max: -0.057546 at y = 0.337724, phi_e, min: -0.063649 at y = 0.224413
phi_m, max: 60.274631 at y = 0.227458./ phi_m, min: 0.000000 at y = 0.220000
phi_e, max: 0.019106 at y = 0.337724, phi_e, min: 0.014681 at y = 0.224413
phi_m, max: 42.471131 at y = 0.344286./ phi_m, min: 0.000000 at y = 0.220000
phi_e, max: 0.058749 at y = 0.337724, phi_e, min: 0.055754 at y = 0.224413
phi_m, max: 25.174117 at y = 0.344286./ phi_m, min: 0.000000 at y = 0.220000
phi_e, max: -0.024012 at y = 0.344286, phi_e, min: -0.025395 at y = 0.225168
phi_m, max: 6.033036 at y = 0.344286./ phi_m, min: 0.000000 at y = 0.220000
phi_e, max: -0.130316 at y = 0.344286, phi_e, min: -0.130689 at y = 0.105714
phi_m, max: 0.473699 at y = 0.344286./ phi_m, min: 0.000000 at y = 0.220000
phi_e, max: -0.139145 at y = 0.344286, phi_e, min: -0.139281 at y = 0.105714
phi_m, max: -0.000000 at y = 0.220000./ phi_m, min: -0.261566 at y = 0.226426
phi_e, max: -0.131706 at y = 0.344286, phi_e, min: -0.131809 at y = 0.315714


phi_m, max: 112.079681 at y = 0.011175./ phi_m, min: 0.000000 at y = -0.010000
phi_e, max: -0.561556 at y = 0.121918, phi_e, min: -0.568649 at y = 0.016787
phi_m, max: 96.769066 at y = 0.009413./ phi_m, min: 0.000000 at y = -0.010000
phi_e, max: -0.147121 at y = 0.121918, phi_e, min: -0.153011 at y = 0.016787
phi_m, max: 77.425389 at y = 0.008376./ phi_m, min: 0.000000 at y = -0.010000
phi_e, max: -0.059184 at y = 0.121918, phi_e, min: -0.063775 at y = 0.016787
phi_m, max: 57.605573 at y = 0.007458./ phi_m, min: 0.000000 at y = -0.010000
phi_e, max: 0.017806 at y = 0.121918, phi_e, min: 0.014458 at y = 0.015587
phi_m, max: 40.062897 at y = 0.006426./ phi_m, min: 0.000000 at y = -0.010000
phi_e, max: 0.057793 at y = 0.121918, phi_e, min: 0.055507 at y = 0.014413
phi_m, max: 20.362228 at y = 0.004832./ phi_m, min: 0.000000 at y = -0.010000
phi_e, max: -0.024758 at y = 0.124075, phi_e, min: -0.025694 at y = 0.004413
phi_m, max: 3.395087 at y = 0.134286./ phi_m, min: 0.000000 at y = -0.010000
phi_e, max: -0.130671 at y = 0.134286, phi_e, min: -0.130781 at y = 0.003213
phi_m, max: 0.341669 at y = 0.001787./ phi_m, min: 0.000000 at y = -0.010000
phi_e, max: -0.139277 at y = 0.134286, phi_e, min: -0.139314 at y = 0.005587
phi_m, max: -0.000000 at y = -0.010000./ phi_m, min: -0.202466 at y = 0.134286
phi_e, max: -0.131790 at y = 0.134286, phi_e, min: -0.131805 at y = 0.005587


phi_m, max: 0.018845 at y = 1.490000./ phi_m, min: 0.000000 at y = 1.518571
phi_e, max: -0.314157 at y = 1.757143, phi_e, min: -0.369417 at y = 1.490000
phi_m, max: 2.209736 at y = 1.490000./ phi_m, min: 0.000000 at y = 1.518571
phi_e, max: -0.124439 at y = 1.757143, phi_e, min: -0.146408 at y = 1.490000
phi_m, max: 104.494372 at y = 1.490000./ phi_m, min: 0.000000 at y = 1.518571
phi_e, max: -0.105208 at y = 1.757143, phi_e, min: -0.127042 at y = 1.490000
phi_m, max: 112.369470 at y = 1.696259./ phi_m, min: 0.000000 at y = 1.518571
phi_e, max: -0.021386 at y = 1.543494, phi_e, min: -0.036898 at y = 1.696787
phi_m, max: 97.477920 at y = 1.696787./ phi_m, min: 0.000000 at y = 1.518571
phi_e, max: 0.023340 at y = 1.536932, phi_e, min: 0.009275 at y = 1.696787
phi_m, max: 77.998792 at y = 1.697458./ phi_m, min: 0.000000 at y = 1.518571
phi_e, max: -0.010086 at y = 1.573557, phi_e, min: -0.016731 at y = 1.695587
phi_m, max: 57.866893 at y = 1.697458./ phi_m, min: 0.000000 at y = 1.518571
phi_e, max: -0.064695 at y = 1.757143, phi_e, min: -0.075222 at y = 1.490000
phi_m, max: 39.928596 at y = 1.698376./ phi_m, min: 0.000000 at y = 1.518571
phi_e, max: -0.062870 at y = 1.757143, phi_e, min: -0.074015 at y = 1.490000
phi_m, max: 20.243782 at y = 1.728571./ phi_m, min: 0.000000 at y = 1.518571
phi_e, max: -0.055969 at y = 1.757143, phi_e, min: -0.068196 at y = 1.490000


phi_m, max: -0.000000 at y = 6.310000./ phi_m, min: -0.001063 at y = 6.318825
phi_e, max: 0.000608 at y = 6.330000, phi_e, min: 0.000607 at y = 6.110000
phi_m, max: -0.000000 at y = 6.310000./ phi_m, min: -0.001071 at y = 6.318825
phi_e, max: 0.000240 at y = 6.330000, phi_e, min: 0.000240 at y = 6.110000
phi_m, max: -0.000000 at y = 6.310000./ phi_m, min: -0.001063 at y = 6.318825
phi_e, max: 0.000196 at y = 6.320000, phi_e, min: 0.000195 at y = 6.110000
phi_m, max: -0.000000 at y = 6.310000./ phi_m, min: -0.001052 at y = 6.318825
phi_e, max: 0.000129 at y = 6.110000, phi_e, min: 0.000129 at y = 6.320000
phi_m, max: -0.000000 at y = 6.310000./ phi_m, min: -0.000984 at y = 6.315510
phi_e, max: -0.001200 at y = 6.110000, phi_e, min: -0.001290 at y = 6.330000
phi_m, max: -0.000000 at y = 6.310000./ phi_m, min: -0.001928 at y = 6.320000
phi_e, max: -0.000275 at y = 6.330000, phi_e, min: -0.001322 at y = 6.110000
phi_m, max: -0.000000 at y = 6.310000./ phi_m, min: -0.001489 at y = 6.320000
phi_e, max: 0.059255 at y = 6.330000, phi_e, min: 0.058734 at y = 6.110000
phi_m, max: -0.000000 at y = 6.310000./ phi_m, min: -0.001395 at y = 6.320000
phi_e, max: -0.014145 at y = 6.330000, phi_e, min: -0.014566 at y = 6.110000
phi_m, max: -0.000000 at y = 6.310000./ phi_m, min: -0.001268 at y = 6.320000
phi_e, max: 0.112907 at y = 6.330000, phi_e, min: 0.112583 at y = 6.110000


phi_m, max: -0.000000 at y = 5.928571./ phi_m, min: -0.001000 at y = 6.105449
phi_e, max: 0.000607 at y = 6.138571, phi_e, min: 0.000606 at y = 5.900000
phi_m, max: -0.000000 at y = 5.928571./ phi_m, min: -0.001009 at y = 6.105449
phi_e, max: 0.000240 at y = 6.138571, phi_e, min: 0.000239 at y = 5.900000
phi_m, max: -0.000000 at y = 5.928571./ phi_m, min: -0.001001 at y = 6.105449
phi_e, max: 0.000195 at y = 6.138571, phi_e, min: 0.000195 at y = 5.900000
phi_m, max: -0.000000 at y = 5.928571./ phi_m, min: -0.000992 at y = 6.105449
phi_e, max: 0.000130 at y = 5.900000, phi_e, min: 0.000129 at y = 6.138571
phi_m, max: -0.000000 at y = 5.928571./ phi_m, min: -0.000975 at y = 6.105168
phi_e, max: -0.001112 at y = 5.900000, phi_e, min: -0.001212 at y = 6.138571
phi_m, max: -0.000000 at y = 5.928571./ phi_m, min: -0.001094 at y = 6.138571
phi_e, max: -0.001184 at y = 6.138571, phi_e, min: -0.002350 at y = 5.900000
phi_m, max: -0.000000 at y = 5.928571./ phi_m, min: -0.001030 at y = 6.108376
phi_e, max: 0.058803 at y = 6.138571, phi_e, min: 0.058224 at y = 5.900000
phi_m, max: -0.000000 at y = 5.928571./ phi_m, min: -0.001010 at y = 6.107458
phi_e, max: -0.014510 at y = 6.138571, phi_e, min: -0.014979 at y = 5.900000
phi_m, max: 0.000138 at y = 5.900000./ phi_m, min: -0.000836 at y = 6.138571
phi_e, max: 0.112625 at y = 6.138571, phi_e, min: 0.112264 at y = 5.900000


phi_m, max: -0.000000 at y = 3.790000./ phi_m, min: -0.001374 at y = 3.761429
phi_e, max: 0.000597 at y = 4.010000, phi_e, min: 0.000596 at y = 3.761429
phi_m, max: -0.000000 at y = 3.790000./ phi_m, min: -0.001109 at y = 3.761429
phi_e, max: 0.000236 at y = 4.010000, phi_e, min: 0.000236 at y = 3.761429
phi_m, max: -0.000000 at y = 3.790000./ phi_m, min: -0.001072 at y = 3.761429
phi_e, max: 0.000193 at y = 4.010000, phi_e, min: 0.000192 at y = 3.761429
phi_m, max: -0.000000 at y = 3.790000./ phi_m, min: -0.001003 at y = 3.794084
phi_e, max: 0.000141 at y = 3.761429, phi_e, min: 0.000140 at y = 4.010000
phi_m, max: 0.003369 at y = 3.761429./ phi_m, min: -0.000719 at y = 4.010000
phi_e, max: -0.000204 at y = 3.761429, phi_e, min: -0.000311 at y = 4.010000
phi_m, max: 0.546312 at y = 3.761429./ phi_m, min: 0.000000 at y = 3.790000
phi_e, max: -0.011629 at y = 4.010000, phi_e, min: -0.012581 at y = 3.761429
phi_m, max: 43.253296 at y = 3.761429./ phi_m, min: 0.000000 at y = 3.790000
phi_e, max: 0.070793 at y = 3.793213, phi_e, min: 0.053819 at y = 3.961218
phi_m, max: 114.555878 at y = 4.003633./ phi_m, min: 0.000000 at y = 3.790000
phi_e, max: 0.042649 at y = 3.835133, phi_e, min: -0.011267 at y = 4.009413
phi_m, max: 106.560100 at y = 4.006426./ phi_m, min: 0.000000 at y = 3.790000
phi_e, max: 0.038591 at y = 3.860792, phi_e, min: 0.018622 at y = 4.008213


phi_m, max: -0.000000 at y = 5.260000./ phi_m, min: -0.000991 at y = 5.264832
phi_e, max: 0.000602 at y = 5.298571, phi_e, min: 0.000601 at y = 5.060000
phi_m, max: -0.000000 at y = 5.260000./ phi_m, min: -0.000999 at y = 5.264832
phi_e, max: 0.000238 at y = 5.298571, phi_e, min: 0.000237 at y = 5.060000
phi_m, max: -0.000000 at y = 5.260000./ phi_m, min: -0.000991 at y = 5.264832
phi_e, max: 0.000193 at y = 5.298571, phi_e, min: 0.000193 at y = 5.060000
phi_m, max: -0.000000 at y = 5.260000./ phi_m, min: -0.000982 at y = 5.264832
phi_e, max: 0.000134 at y = 5.060000, phi_e, min: 0.000132 at y = 5.298571
phi_m, max: -0.000000 at y = 5.260000./ phi_m, min: -0.000974 at y = 5.265168
phi_e, max: -0.000756 at y = 5.060000, phi_e, min: -0.000857 at y = 5.298571
phi_m, max: -0.000000 at y = 5.260000./ phi_m, min: -0.000965 at y = 5.264490
phi_e, max: -0.005316 at y = 5.298571, phi_e, min: -0.006494 at y = 5.060000
phi_m, max: -0.000000 at y = 5.260000./ phi_m, min: -0.000919 at y = 5.266259
phi_e, max: 0.056752 at y = 5.298571, phi_e, min: 0.056167 at y = 5.060000
phi_m, max: 0.016133 at y = 5.063356./ phi_m, min: 0.000000 at y = 5.260000
phi_e, max: -0.016160 at y = 5.298571, phi_e, min: -0.016604 at y = 5.060000
phi_m, max: 2.027502 at y = 5.063356./ phi_m, min: 0.000000 at y = 5.260000
phi_e, max: 0.115751 at y = 5.060000, phi_e, min: 0.112640 at y = 5.298571


phi_m, max: -0.000000 at y = 4.850000./ phi_m, min: -0.000991 at y = 4.844832
phi_e, max: 0.000601 at y = 5.088571, phi_e, min: 0.000601 at y = 4.840000
phi_m, max: -0.000000 at y = 4.850000./ phi_m, min: -0.000999 at y = 4.844832
phi_e, max: 0.000237 at y = 5.088571, phi_e, min: 0.000237 at y = 4.887583
phi_m, max: -0.000000 at y = 4.850000./ phi_m, min: -0.000991 at y = 4.844832
phi_e, max: 0.000193 at y = 5.088571, phi_e, min: 0.000193 at y = 4.909300
phi_m, max: -0.000000 at y = 4.850000./ phi_m, min: -0.000982 at y = 5.055168
phi_e, max: 0.000135 at y = 4.840000, phi_e, min: 0.000133 at y = 5.088571
phi_m, max: -0.000000 at y = 4.850000./ phi_m, min: -0.000974 at y = 5.055168
phi_e, max: -0.000663 at y = 4.840000, phi_e, min: -0.000767 at y = 5.088571
phi_m, max: -0.000000 at y = 4.850000./ phi_m, min: -0.000964 at y = 5.054832
phi_e, max: -0.006358 at y = 5.088571, phi_e, min: -0.007573 at y = 4.840000
phi_m, max: 0.002022 at y = 4.840000./ phi_m, min: -0.000736 at y = 5.060000
phi_e, max: 0.056235 at y = 5.088571, phi_e, min: 0.055634 at y = 4.840000
phi_m, max: 0.270915 at y = 4.840000./ phi_m, min: 0.000000 at y = 4.850000
phi_e, max: -0.016554 at y = 5.088571, phi_e, min: -0.016813 at y = 4.840000
phi_m, max: 30.962400 at y = 4.840000./ phi_m, min: 0.000000 at y = 4.850000
phi_e, max: 0.140288 at y = 4.841787, phi_e, min: 0.115228 at y = 5.088571


phi_m, max: 0.000407 at y = 1.728571./ phi_m, min: -0.001479 at y = 1.900000
phi_e, max: -0.271485 at y = 1.967143, phi_e, min: -0.320252 at y = 1.728571
phi_m, max: 0.296177 at y = 1.728571./ phi_m, min: 0.000000 at y = 1.900000
phi_e, max: -0.107500 at y = 1.967143, phi_e, min: -0.126849 at y = 1.728571
phi_m, max: 24.819423 at y = 1.728571./ phi_m, min: 0.000000 at y = 1.900000
phi_e, max: -0.088122 at y = 1.967143, phi_e, min: -0.107117 at y = 1.728571
phi_m, max: 115.096900 at y = 1.904832./ phi_m, min: 0.000000 at y = 1.900000
phi_e, max: -0.033424 at y = 1.759300, phi_e, min: -0.051562 at y = 1.908213
phi_m, max: 104.497077 at y = 1.906787./ phi_m, min: 0.000000 at y = 1.900000
phi_e, max: 0.011891 at y = 1.759300, phi_e, min: -0.000907 at y = 1.906787
phi_m, max: 86.309266 at y = 1.907458./ phi_m, min: 0.000000 at y = 1.900000
phi_e, max: -0.012222 at y = 1.789071, phi_e, min: -0.018637 at y = 1.904413
phi_m, max: 66.052685 at y = 1.907458./ phi_m, min: 0.000000 at y = 1.900000
phi_e, max: -0.057865 at y = 1.967143, phi_e, min: -0.066747 at y = 1.728571
phi_m, max: 47.065466 at y = 1.908213./ phi_m, min: 0.000000 at y = 1.900000
phi_e, max: -0.055255 at y = 1.967143, phi_e, min: -0.064706 at y = 1.728571
phi_m, max: 29.380040 at y = 1.963787./ phi_m, min: 0.000000 at y = 1.900000
phi_e, max: -0.048479 at y = 1.967143, phi_e, min: -0.057511 at y = 1.728571


phi_m, max: 0.124254 at y = 1.308571./ phi_m, min: 0.000000 at y = 1.480000
phi_e, max: -0.351628 at y = 1.575714, phi_e, min: -0.412288 at y = 1.283356
phi_m, max: 12.980484 at y = 1.308571./ phi_m, min: 0.000000 at y = 1.480000
phi_e, max: -0.139572 at y = 1.575714, phi_e, min: -0.165800 at y = 1.283356
phi_m, max: 114.141500 at y = 1.483213./ phi_m, min: 0.000000 at y = 1.480000
phi_e, max: -0.089524 at y = 1.328131, phi_e, min: -0.128207 at y = 1.488213
phi_m, max: 107.133480 at y = 1.486426./ phi_m, min: 0.000000 at y = 1.480000
phi_e, max: -0.010100 at y = 1.343705, phi_e, min: -0.024115 at y = 1.488213
phi_m, max: 89.709336 at y = 1.487458./ phi_m, min: 0.000000 at y = 1.480000
phi_e, max: 0.033747 at y = 1.339300, phi_e, min: 0.021412 at y = 1.486787
phi_m, max: 69.570575 at y = 1.487458./ phi_m, min: 0.000000 at y = 1.480000
phi_e, max: -0.008505 at y = 1.378082, phi_e, min: -0.013790 at y = 1.485587
phi_m, max: 50.150316 at y = 1.488213./ phi_m, min: 0.000000 at y = 1.480000
phi_e, max: -0.069629 at y = 1.575714, phi_e, min: -0.082490 at y = 1.283356
phi_m, max: 32.521799 at y = 1.489413./ phi_m, min: 0.000000 at y = 1.480000
phi_e, max: -0.068863 at y = 1.575714, phi_e, min: -0.082133 at y = 1.283356
phi_m, max: 11.389063 at y = 1.518571./ phi_m, min: 0.000000 at y = 1.480000
phi_e, max: -0.063688 at y = 1.575714, phi_e, min: -0.079448 at y = 1.283356


phi_m, max: 114.785271 at y = 0.433633./ phi_m, min: -0.021591 at y = 3.277724
phi_e, max: 0.000611 at y = 3.341429, phi_e, min: -0.575517 at y = 0.438213
phi_m, max: 106.175770 at y = 0.436426./ phi_m, min: -0.008939 at y = 3.277724
phi_e, max: 0.000242 at y = 3.341429, phi_e, min: -0.154302 at y = 0.436787
phi_m, max: 88.448626 at y = 0.437458./ phi_m, min: -0.007427 at y = 3.277724
phi_e, max: 0.000197 at y = 3.341429, phi_e, min: -0.064984 at y = 0.436787
phi_m, max: 68.257438 at y = 0.437458./ phi_m, min: -0.002515 at y = 3.321869
phi_e, max: 0.019098 at y = 0.344286, phi_e, min: -0.003821 at y = 3.198571
phi_m, max: 48.995853 at y = 0.438213./ phi_m, min: 0.000000 at y = 0.430000
phi_e, max: 0.058743 at y = 0.344286, phi_e, min: -0.002616 at y = 3.198571
phi_m, max: 52.675655 at y = 3.198571./ phi_m, min: 0.000000 at y = 0.430000
phi_e, max: 0.000366 at y = 3.341429, phi_e, min: -0.024914 at y = 0.433213
phi_m, max: 109.268696 at y = 3.341429./ phi_m, min: 0.000000 at y = 0.430000
phi_e, max: 0.000481 at y = 3.341429, phi_e, min: -0.130474 at y = 0.319071
phi_m, max: 96.399986 at y = 3.341429./ phi_m, min: 0.000000 at y = 0.430000
phi_e, max: 0.000427 at y = 3.341429, phi_e, min: -0.139280 at y = 0.319071
phi_m, max: 78.077600 at y = 3.341429./ phi_m, min: -0.221076 at y = 0.344286
phi_e, max: 0.000347 at y = 3.341429, phi_e, min: -0.131813 at y = 0.319071


phi_m, max: -0.000000 at y = 5.050000./ phi_m, min: -0.000991 at y = 5.475168
phi_e, max: 0.000603 at y = 5.480000, phi_e, min: 0.000601 at y = 5.021429
phi_m, max: -0.000000 at y = 5.050000./ phi_m, min: -0.000999 at y = 5.475168
phi_e, max: 0.000238 at y = 5.480000, phi_e, min: 0.000237 at y = 5.021429
phi_m, max: -0.000000 at y = 5.050000./ phi_m, min: -0.000991 at y = 5.475168
phi_e, max: 0.000194 at y = 5.480000, phi_e, min: 0.000193 at y = 5.021429
phi_m, max: -0.000000 at y = 5.050000./ phi_m, min: -0.000982 at y = 5.475168
phi_e, max: 0.000134 at y = 5.021429, phi_e, min: 0.000132 at y = 5.480000
phi_m, max: -0.000000 at y = 5.050000./ phi_m, min: -0.000974 at y = 5.055168
phi_e, max: -0.000739 at y = 5.021429, phi_e, min: -0.000934 at y = 5.480000
phi_m, max: -0.000000 at y = 5.050000./ phi_m, min: -0.000979 at y = 5.475510
phi_e, max: -0.004422 at y = 5.480000, phi_e, min: -0.006685 at y = 5.021429
phi_m, max: -0.000000 at y = 5.050000./ phi_m, min: -0.000961 at y = 5.475587
phi_e, max: 0.057195 at y = 5.480000, phi_e, min: 0.056073 at y = 5.021429
phi_m, max: 0.039173 at y = 5.050000./ phi_m, min: -0.000559 at y = 5.480000
phi_e, max: -0.015812 at y = 5.480000, phi_e, min: -0.016678 at y = 5.021429
phi_m, max: 4.723895 at y = 5.050000./ phi_m, min: 0.000000 at y = 5.050000
phi_e, max: 0.115907 at y = 5.021429, phi_e, min: 0.111577 at y = 5.451640


phi_m, max: 74.668361 at y = 0.640000./ phi_m, min: 0.000000 at y = 0.650000
phi_e, max: -0.501816 at y = 0.860000, phi_e, min: -0.554543 at y = 0.641787
phi_m, max: 114.974257 at y = 0.855168./ phi_m, min: 0.000000 at y = 0.650000
phi_e, max: -0.141566 at y = 0.744726, phi_e, min: -0.156504 at y = 0.858213
phi_m, max: 103.435994 at y = 0.856787./ phi_m, min: 0.000000 at y = 0.650000
phi_e, max: -0.054442 at y = 0.748082, phi_e, min: -0.065508 at y = 0.856787
phi_m, max: 84.991980 at y = 0.857458./ phi_m, min: 0.000000 at y = 0.650000
phi_e, max: 0.021061 at y = 0.744726, phi_e, min: 0.011659 at y = 0.856787
phi_m, max: 64.716356 at y = 0.857458./ phi_m, min: 0.000000 at y = 0.650000
phi_e, max: 0.059948 at y = 0.742276, phi_e, min: 0.052627 at y = 0.856787
phi_m, max: 45.905325 at y = 0.858213./ phi_m, min: 0.000000 at y = 0.650000
phi_e, max: -0.009842 at y = 0.786295, phi_e, min: -0.017487 at y = 0.641787
phi_m, max: 27.714080 at y = 0.860000./ phi_m, min: 0.000000 at y = 0.650000
phi_e, max: -0.098885 at y = 0.860000, phi_e, min: -0.111281 at y = 0.640000
phi_m, max: 6.987810 at y = 0.860000./ phi_m, min: 0.000000 at y = 0.650000
phi_e, max: -0.105587 at y = 0.860000, phi_e, min: -0.120924 at y = 0.640000
phi_m, max: 0.576796 at y = 0.860000./ phi_m, min: -0.065402 at y = 0.640000
phi_e, max: -0.104262 at y = 0.860000, phi_e, min: -0.116975 at y = 0.640000


phi_m, max: -0.000000 at y = 2.320000./ phi_m, min: -0.002270 at y = 2.415714
phi_e, max: -0.178754 at y = 2.415714, phi_e, min: -0.234590 at y = 2.148571
phi_m, max: 0.004917 at y = 2.177143./ phi_m, min: -0.000654 at y = 2.415714
phi_e, max: -0.070777 at y = 2.415714, phi_e, min: -0.092886 at y = 2.148571
phi_m, max: 0.478376 at y = 2.177143./ phi_m, min: 0.000000 at y = 2.320000
phi_e, max: -0.057719 at y = 2.415714, phi_e, min: -0.075775 at y = 2.148571
phi_m, max: 62.547617 at y = 2.177143./ phi_m, min: 0.000000 at y = 2.320000
phi_e, max: -0.044532 at y = 2.415714, phi_e, min: -0.066028 at y = 2.148571
phi_m, max: 114.442230 at y = 2.325587./ phi_m, min: 0.000000 at y = 2.320000
phi_e, max: -0.003007 at y = 2.203557, phi_e, min: -0.013563 at y = 2.326787
phi_m, max: 101.665683 at y = 2.326787./ phi_m, min: 0.000000 at y = 2.320000
phi_e, max: -0.007586 at y = 2.415714, phi_e, min: -0.016472 at y = 2.323213
phi_m, max: 82.849585 at y = 2.327458./ phi_m, min: 0.000000 at y = 2.320000
phi_e, max: -0.037323 at y = 2.415714, phi_e, min: -0.052465 at y = 2.148571
phi_m, max: 62.574396 at y = 2.327458./ phi_m, min: 0.000000 at y = 2.320000
phi_e, max: -0.035005 at y = 2.415714, phi_e, min: -0.049124 at y = 2.148571
phi_m, max: 44.050418 at y = 2.328213./ phi_m, min: 0.000000 at y = 2.320000
phi_e, max: -0.030566 at y = 2.415714, phi_e, min: -0.042673 at y = 2.148571


phi_m, max: -0.000000 at y = 5.690000./ phi_m, min: -0.000992 at y = 5.895168
phi_e, max: 0.000606 at y = 5.928571, phi_e, min: 0.000605 at y = 5.685587
phi_m, max: -0.000000 at y = 5.690000./ phi_m, min: -0.001000 at y = 5.895168
phi_e, max: 0.000239 at y = 5.928571, phi_e, min: 0.000239 at y = 5.685587
phi_m, max: -0.000000 at y = 5.690000./ phi_m, min: -0.000993 at y = 5.895168
phi_e, max: 0.000195 at y = 5.928571, phi_e, min: 0.000194 at y = 5.685587
phi_m, max: -0.000000 at y = 5.690000./ phi_m, min: -0.000984 at y = 5.895168
phi_e, max: 0.000131 at y = 5.685587, phi_e, min: 0.000130 at y = 5.928571
phi_m, max: -0.000000 at y = 5.690000./ phi_m, min: -0.000974 at y = 5.894832
phi_e, max: -0.001021 at y = 5.685587, phi_e, min: -0.001124 at y = 5.928571
phi_m, max: -0.000000 at y = 5.690000./ phi_m, min: -0.000979 at y = 5.895916
phi_e, max: -0.002212 at y = 5.928571, phi_e, min: -0.003408 at y = 5.685587
phi_m, max: -0.000000 at y = 5.690000./ phi_m, min: -0.000970 at y = 5.895587
phi_e, max: 0.058293 at y = 5.928571, phi_e, min: 0.057699 at y = 5.685587
phi_m, max: -0.000000 at y = 5.690000./ phi_m, min: -0.000952 at y = 5.895916
phi_e, max: -0.014923 at y = 5.928571, phi_e, min: -0.015404 at y = 5.685587
phi_m, max: 0.006201 at y = 5.690000./ phi_m, min: 0.000000 at y = 5.690000
phi_e, max: 0.112307 at y = 5.928571, phi_e, min: 0.111935 at y = 5.685587


phi_m, max: -0.000000 at y = 4.420000./ phi_m, min: -0.000992 at y = 4.424832
phi_e, max: 0.000600 at y = 4.640000, phi_e, min: 0.000599 at y = 4.362857
phi_m, max: -0.000000 at y = 4.420000./ phi_m, min: -0.000999 at y = 4.424832
phi_e, max: 0.000237 at y = 4.630000, phi_e, min: 0.000237 at y = 4.362857
phi_m, max: -0.000000 at y = 4.420000./ phi_m, min: -0.000992 at y = 4.424832
phi_e, max: 0.000193 at y = 4.630000, phi_e, min: 0.000193 at y = 4.362857
phi_m, max: -0.000000 at y = 4.420000./ phi_m, min: -0.000983 at y = 4.424832
phi_e, max: 0.000138 at y = 4.362857, phi_e, min: 0.000136 at y = 4.640000
phi_m, max: -0.000000 at y = 4.420000./ phi_m, min: -0.000966 at y = 4.425168
phi_e, max: -0.000459 at y = 4.362857, phi_e, min: -0.000577 at y = 4.640000
phi_m, max: 0.000829 at y = 4.391429./ phi_m, min: -0.000747 at y = 4.630000
phi_e, max: -0.008564 at y = 4.640000, phi_e, min: -0.009927 at y = 4.362857
phi_m, max: 0.157206 at y = 4.391429./ phi_m, min: 0.000000 at y = 4.420000
phi_e, max: 0.055159 at y = 4.640000, phi_e, min: 0.054630 at y = 4.362857
phi_m, max: 15.411351 at y = 4.391429./ phi_m, min: 0.000000 at y = 4.420000
phi_e, max: -0.005215 at y = 4.421787, phi_e, min: -0.015665 at y = 4.640000
phi_m, max: 115.048005 at y = 4.425168./ phi_m, min: 0.000000 at y = 4.420000
phi_e, max: 0.085337 at y = 4.640000, phi_e, min: 0.047455 at y = 4.362857


phi_m, max: -0.000000 at y = 4.210000./ phi_m, min: -0.000996 at y = 4.214832
phi_e, max: 0.000599 at y = 4.430000, phi_e, min: 0.000598 at y = 4.181429
phi_m, max: -0.000000 at y = 4.210000./ phi_m, min: -0.001001 at y = 4.214832
phi_e, max: 0.000237 at y = 4.426426, phi_e, min: 0.000237 at y = 4.181429
phi_m, max: -0.000000 at y = 4.210000./ phi_m, min: -0.000993 at y = 4.214832
phi_e, max: 0.000193 at y = 4.426426, phi_e, min: 0.000193 at y = 4.302358
phi_m, max: -0.000000 at y = 4.210000./ phi_m, min: -0.000983 at y = 4.214832
phi_e, max: 0.000139 at y = 4.181429, phi_e, min: 0.000137 at y = 4.430000
phi_m, max: -0.000000 at y = 4.210000./ phi_m, min: -0.000935 at y = 4.420000
phi_e, max: -0.000383 at y = 4.181429, phi_e, min: -0.000487 at y = 4.430000
phi_m, max: 0.008730 at y = 4.210000./ phi_m, min: 0.000000 at y = 4.210000
phi_e, max: -0.009599 at y = 4.430000, phi_e, min: -0.010799 at y = 4.181429
phi_m, max: 0.847738 at y = 4.210000./ phi_m, min: 0.000000 at y = 4.210000
phi_e, max: 0.054902 at y = 4.213213, phi_e, min: 0.054619 at y = 4.337935
phi_m, max: 65.699399 at y = 4.210000./ phi_m, min: 0.000000 at y = 4.210000
phi_e, max: -0.005380 at y = 4.421175, phi_e, min: -0.010639 at y = 4.210587
phi_m, max: 112.411466 at y = 4.420000./ phi_m, min: 0.000000 at y = 4.210000
phi_e, max: 0.050472 at y = 4.430000, phi_e, min: 0.021238 at y = 4.210587


phi_m, max: -0.000000 at y = 2.950000./ phi_m, min: -0.004183 at y = 3.045714
phi_e, max: -0.047576 at y = 3.045714, phi_e, min: -0.097399 at y = 2.807143
phi_m, max: -0.000000 at y = 2.950000./ phi_m, min: -0.002155 at y = 3.045714
phi_e, max: -0.018838 at y = 3.045714, phi_e, min: -0.038565 at y = 2.807143
phi_m, max: 0.000513 at y = 2.807143./ phi_m, min: -0.001718 at y = 3.045714
phi_e, max: -0.015360 at y = 3.045714, phi_e, min: -0.031446 at y = 2.807143
phi_m, max: 0.213340 at y = 2.807143./ phi_m, min: 0.000000 at y = 2.950000
phi_e, max: -0.011590 at y = 3.045714, phi_e, min: -0.023725 at y = 2.807143
phi_m, max: 15.619118 at y = 2.807143./ phi_m, min: 0.000000 at y = 2.950000
phi_e, max: -0.008325 at y = 3.045714, phi_e, min: -0.017169 at y = 2.807143
phi_m, max: 114.976671 at y = 2.954413./ phi_m, min: 0.000000 at y = 2.950000
phi_e, max: -0.002019 at y = 3.045714, phi_e, min: -0.015303 at y = 2.956787
phi_m, max: 105.534049 at y = 2.956426./ phi_m, min: 0.000000 at y = 2.950000
phi_e, max: -0.008682 at y = 3.045714, phi_e, min: -0.022586 at y = 2.807143
phi_m, max: 87.622388 at y = 2.957458./ phi_m, min: 0.000000 at y = 2.950000
phi_e, max: -0.007930 at y = 3.045714, phi_e, min: -0.020474 at y = 2.807143
phi_m, max: 67.399509 at y = 2.957458./ phi_m, min: 0.000000 at y = 2.950000
phi_e, max: -0.006793 at y = 3.045714, phi_e, min: -0.017380 at y = 2.807143


phi_m, max: -0.000000 at y = 2.740000./ phi_m, min: -0.001568 at y = 2.835714
phi_e, max: -0.091351 at y = 2.835714, phi_e, min: -0.141050 at y = 2.597143
phi_m, max: -0.000000 at y = 2.740000./ phi_m, min: -0.001150 at y = 2.835714
phi_e, max: -0.036170 at y = 2.835714, phi_e, min: -0.055848 at y = 2.597143
phi_m, max: 0.009560 at y = 2.597143./ phi_m, min: 0.000000 at y = 2.740000
phi_e, max: -0.029493 at y = 2.835714, phi_e, min: -0.045540 at y = 2.597143
phi_m, max: 1.427145 at y = 2.597143./ phi_m, min: 0.000000 at y = 2.740000
phi_e, max: -0.022259 at y = 2.835714, phi_e, min: -0.034405 at y = 2.597143
phi_m, max: 81.429102 at y = 2.597143./ phi_m, min: 0.000000 at y = 2.740000
phi_e, max: -0.015138 at y = 2.746787, phi_e, min: -0.027398 at y = 2.597143
phi_m, max: 113.033986 at y = 2.745916./ phi_m, min: 0.000000 at y = 2.740000
phi_e, max: -0.003440 at y = 2.835714, phi_e, min: -0.012646 at y = 2.743213
phi_m, max: 98.667438 at y = 2.746787./ phi_m, min: 0.000000 at y = 2.740000
phi_e, max: -0.020164 at y = 2.835714, phi_e, min: -0.031007 at y = 2.743213
phi_m, max: 79.349945 at y = 2.747458./ phi_m, min: 0.000000 at y = 2.740000
phi_e, max: -0.018373 at y = 2.835714, phi_e, min: -0.028297 at y = 2.597143
phi_m, max: 59.158339 at y = 2.747458./ phi_m, min: 0.000000 at y = 2.740000
phi_e, max: -0.015673 at y = 2.835714, phi_e, min: -0.024421 at y = 2.597143



Time: 0.100000
CPU Time: 141.190380 min.
phi_m, max: -0.000000 at y = 3.131429./ phi_m, min: -0.019448 at y = 3.227143
phi_e, max: 0.000608 at y = 6.330000, phi_e, min: -0.053521 at y = 3.017143

Time: 0.200000
CPU Time: 138.036366 min.
phi_m, max: -0.000000 at y = 3.131429./ phi_m, min: -0.008105 at y = 3.227143
phi_e, max: 0.000240 at y = 6.330000, phi_e, min: -0.021192 at y = 3.017143

Time: 0.300000
CPU Time: 134.729599 min.
phi_m, max: -0.000000 at y = 3.131429./ phi_m, min: -0.006740 at y = 3.227143
phi_e, max: 0.000196 at y = 6.330000, phi_e, min: -0.017280 at y = 3.017143

Time: 0.400000
CPU Time: 134.629891 min.
phi_m, max: 0.026446 at y = 3.045714./ phi_m, min: -0.001051 at y = 6.320000
phi_e, max: 0.000129 at y = 6.320000, phi_e, min: -0.013036 at y = 3.017143

Time: 0.500000
CPU Time: 135.607442 min.
phi_m, max: 2.054168 at y = 3.045714./ phi_m, min: -0.000964 at y = 6.320000
phi_e, max: -0.000884 at y = 3.255714, phi_e, min: -0.009235 at y = 3.017143

Time: 0.600000
CPU Time: 136.130311 min.
phi_m, max: 95.505925 at y = 3.045714./ phi_m, min: -0.001963 at y = 6.330000
phi_e, max: -0.000245 at y = 6.330000, phi_e, min: -0.010264 at y = 3.161787

Time: 0.700000
CPU Time: 136.013256 min.
phi_m, max: 111.184794 at y = 3.166259./ phi_m, min: -0.001506 at y = 6.330000
phi_e, max: 0.059269 at y = 6.330000, phi_e, min: -0.011570 at y = 3.017143

Time: 0.800000
CPU Time: 134.044105 min.
phi_m, max: 95.530486 at y = 3.166787./ phi_m, min: -0.001409 at y = 6.330000
phi_e, max: -0.001991 at y = 3.255714, phi_e, min: -0.014153 at y = 6.320000

Time: 0.900000
CPU Time: 133.215903 min.
phi_m, max: 75.825879 at y = 3.167458./ phi_m, min: -0.001279 at y = 6.330000
phi_e, max: 0.112916 at y = 6.330000, phi_e, min: -0.008796 at y = 3.017143


Writing: "Fiber2DEphapticPlaneL6rho3_9.chk"
phi_m, max: 107.904278 at y = 0.440000./ phi_m, min: 0.000000 at y = 0.430000
phi_e, max: -0.496333 at y = 0.888571, phi_e, min: -0.575072 at y = 0.440000
phi_m, max: 111.649168 at y = 0.646259./ phi_m, min: 0.000000 at y = 0.430000
phi_e, max: -0.148978 at y = 0.553086, phi_e, min: -0.156066 at y = 0.858825
phi_m, max: 96.272599 at y = 0.646787./ phi_m, min: 0.000000 at y = 0.430000
phi_e, max: -0.060714 at y = 0.550636, phi_e, min: -0.065168 at y = 0.858825
phi_m, max: 76.648437 at y = 0.647458./ phi_m, min: 0.000000 at y = 0.430000
phi_e, max: 0.016624 at y = 0.547724, phi_e, min: 0.011942 at y = 0.858825
phi_m, max: 56.592368 at y = 0.648213./ phi_m, min: 0.000000 at y = 0.430000
phi_e, max: 0.056988 at y = 0.545274, phi_e, min: 0.052845 at y = 0.858825
phi_m, max: 38.785848 at y = 0.648376./ phi_m, min: 0.000000 at y = 0.430000
phi_e, max: -0.010025 at y = 0.888571, phi_e, min: -0.024626 at y = 0.440000
phi_m, max: 18.307628 at y = 0.650000./ phi_m, min: 0.000000 at y = 0.430000
phi_e, max: -0.096923 at y = 0.888571, phi_e, min: -0.126927 at y = 0.430000
phi_m, max: 2.879439 at y = 0.650000./ phi_m, min: 0.000000 at y = 0.430000
phi_e, max: -0.103701 at y = 0.888571, phi_e, min: -0.135956 at y = 0.430000
phi_m, max: 0.043682 at y = 0.650000./ phi_m, min: -0.174565 at y = 0.440000
phi_e, max: -0.102698 at y = 0.888571, phi_e, min: -0.129146 at y = 0.430000


 (0.00189201s, XML)
Steps: 10000000 Time: 1           
phi_m, max: 0.973053 at y = 1.070000./ phi_m, min: 0.000000 at y = 1.270000
phi_e, max: -0.407129 at y = 1.308571, phi_e, min: -0.456700 at y = 1.070000
phi_m, max: 91.596419 at y = 1.070000./ phi_m, min: 0.000000 at y = 1.270000
phi_e, max: -0.163966 at y = 1.308571, phi_e, min: -0.200837 at y = 1.070000
phi_m, max: 113.965382 at y = 1.275587./ phi_m, min: 0.000000 at y = 1.270000
phi_e, max: -0.077806 at y = 1.120581, phi_e, min: -0.093273 at y = 1.276787
phi_m, max: 100.535214 at y = 1.276787./ phi_m, min: 0.000000 at y = 1.270000
phi_e, max: 0.000138 at y = 1.115344, phi_e, min: -0.013579 at y = 1.276787
phi_m, max: 81.512760 at y = 1.277458./ phi_m, min: 0.000000 at y = 1.270000
phi_e, max: 0.042879 at y = 1.110939, phi_e, min: 0.031267 at y = 1.276787
phi_m, max: 61.257276 at y = 1.277458./ phi_m, min: 0.000000 at y = 1.270000
phi_e, max: -0.009093 at y = 1.164726, phi_e, min: -0.013069 at y = 1.274413
phi_m, max: 42.907495 at y = 1.278213./ phi_m, min: 0.000000 at y = 1.270000
phi_e, max: -0.080367 at y = 1.308571, phi_e, min: -0.091023 at y = 1.070000
phi_m, max: 24.143631 at y = 1.308571./ phi_m, min: 0.000000 at y = 1.270000
phi_e, max: -0.080318 at y = 1.308571, phi_e, min: -0.092615 at y = 1.070000
phi_m, max: 5.256574 at y = 1.308571./ phi_m, min: 0.000000 at y = 1.270000
phi_e, max: -0.078011 at y = 1.308571, phi_e, min: -0.091909 at y = 1.070000
phi_m, max: 0.349105 at y = 1.308571./ phi_m, min: -0.073766 at y = 1.070000
phi_e, max: -0.068366 at y = 1.308571, phi_e, min: -0.078639 at y = 1.070000


phi_m, max: 6.645479 at y = 0.860000./ phi_m, min: 0.000000 at y = 0.888571
phi_e, max: -0.445343 at y = 1.123787, phi_e, min: -0.502255 at y = 0.860000
phi_m, max: 112.244197 at y = 0.860000./ phi_m, min: 0.000000 at y = 0.888571
phi_e, max: -0.154491 at y = 0.889771, phi_e, min: -0.201193 at y = 1.068213
phi_m, max: 109.533109 at y = 1.066426./ phi_m, min: 0.000000 at y = 0.888571
phi_e, max: -0.063290 at y = 0.908131, phi_e, min: -0.080305 at y = 1.068213
phi_m, max: 93.039491 at y = 1.066787./ phi_m, min: 0.000000 at y = 0.888571
phi_e, max: 0.013266 at y = 0.904775, phi_e, min: -0.001680 at y = 1.068213
phi_m, max: 73.108313 at y = 1.067458./ phi_m, min: 0.000000 at y = 0.888571
phi_e, max: 0.053722 at y = 0.900370, phi_e, min: 0.041644 at y = 1.068213
phi_m, max: 53.324232 at y = 1.068213./ phi_m, min: 0.000000 at y = 0.888571
phi_e, max: -0.008518 at y = 0.958082, phi_e, min: -0.012416 at y = 1.065587
phi_m, max: 35.725992 at y = 1.068825./ phi_m, min: 0.000000 at y = 0.888571
phi_e, max: -0.087013 at y = 1.123787, phi_e, min: -0.099071 at y = 0.860000
phi_m, max: 14.366305 at y = 1.070000./ phi_m, min: 0.000000 at y = 0.888571
phi_e, max: -0.089004 at y = 1.123787, phi_e, min: -0.105614 at y = 0.860000
phi_m, max: 1.887528 at y = 1.070000./ phi_m, min: 0.000000 at y = 0.888571
phi_e, max: -0.088757 at y = 1.123787, phi_e, min: -0.104288 at y = 0.860000
phi_m, max: -0.000000 at y = 0.888571./ phi_m, min: -0.234497 at y = 0.860000
phi_e, max: -0.076289 at y = 1.123787, phi_e, min: -0.087762 at y = 0.860000


phi_m, max: -0.000000 at y = 2.358571./ phi_m, min: -0.002532 at y = 2.501429
phi_e, max: -0.135338 at y = 2.625714, phi_e, min: -0.196662 at y = 2.330000
phi_m, max: -0.000000 at y = 2.358571./ phi_m, min: -0.001122 at y = 2.530000
phi_e, max: -0.053587 at y = 2.625714, phi_e, min: -0.077868 at y = 2.330000
phi_m, max: 0.069862 at y = 2.387143./ phi_m, min: 0.000000 at y = 2.358571
phi_e, max: -0.043696 at y = 2.625714, phi_e, min: -0.063482 at y = 2.330000
phi_m, max: 9.501471 at y = 2.387143./ phi_m, min: 0.000000 at y = 2.358571
phi_e, max: -0.033047 at y = 2.625714, phi_e, min: -0.046406 at y = 2.330000
phi_m, max: 112.966571 at y = 2.532542./ phi_m, min: 0.000000 at y = 2.358571
phi_e, max: -0.007522 at y = 2.399511, phi_e, min: -0.036899 at y = 2.538213
phi_m, max: 108.083386 at y = 2.536426./ phi_m, min: 0.000000 at y = 2.358571
phi_e, max: -0.005497 at y = 2.625714, phi_e, min: -0.015216 at y = 2.330000
phi_m, max: 90.995328 at y = 2.536787./ phi_m, min: 0.000000 at y = 2.358571
phi_e, max: -0.028792 at y = 2.625714, phi_e, min: -0.046378 at y = 2.330000
phi_m, max: 70.925037 at y = 2.537458./ phi_m, min: 0.000000 at y = 2.358571
phi_e, max: -0.026659 at y = 2.625714, phi_e, min: -0.042639 at y = 2.330000
phi_m, max: 51.355700 at y = 2.538213./ phi_m, min: 0.000000 at y = 2.358571
phi_e, max: -0.023064 at y = 2.625714, phi_e, min: -0.036631 at y = 2.330000
phi_m, max: 33.777078 at y = 2.597143./ phi_m, min: 0.000000 at y = 2.358571
phi_e, max: -0.017846 at y = 2.625714, phi_e, min: -0.028113 at y = 2.330000


phi_m, max: -0.000000 at y = 4.640000./ phi_m, min: -0.000991 at y = 4.634832
phi_e, max: 0.000601 at y = 4.850000, phi_e, min: 0.000600 at y = 4.630000
phi_m, max: -0.000000 at y = 4.640000./ phi_m, min: -0.000999 at y = 4.634832
phi_e, max: 0.000237 at y = 4.846426, phi_e, min: 0.000237 at y = 4.699300
phi_m, max: -0.000000 at y = 4.640000./ phi_m, min: -0.000991 at y = 4.634832
phi_e, max: 0.000193 at y = 4.846426, phi_e, min: 0.000193 at y = 4.732276
phi_m, max: -0.000000 at y = 4.640000./ phi_m, min: -0.000982 at y = 4.634832
phi_e, max: 0.000136 at y = 4.630000, phi_e, min: 0.000135 at y = 4.850000
phi_m, max: -0.000000 at y = 4.640000./ phi_m, min: -0.000972 at y = 4.635168
phi_e, max: -0.000573 at y = 4.630000, phi_e, min: -0.000667 at y = 4.850000
phi_m, max: -0.000000 at y = 4.640000./ phi_m, min: -0.000932 at y = 4.840000
phi_e, max: -0.007525 at y = 4.850000, phi_e, min: -0.008612 at y = 4.630000
phi_m, max: 0.018610 at y = 4.630000./ phi_m, min: 0.000000 at y = 4.640000
phi_e, max: 0.055658 at y = 4.850000, phi_e, min: 0.055136 at y = 4.630000
phi_m, max: 1.844167 at y = 4.630000./ phi_m, min: 0.000000 at y = 4.640000
phi_e, max: -0.015533 at y = 4.631787, phi_e, min: -0.016830 at y = 4.817747
phi_m, max: 105.985233 at y = 4.631175./ phi_m, min: 0.000000 at y = 4.640000
phi_e, max: 0.140184 at y = 4.840000, phi_e, min: 0.080707 at y = 4.631787
phi_m, max: 111.218993 at y = 4.840000./ phi_m, min: 0.000000 at y = 4.640000
phi_e, max: 0.095534 at y = 4.850000, phi_e, min: 0.063974 at y = 4.630587


phi_m, max: 113.563286 at y = 0.225587./ phi_m, min: 0.000000 at y = 0.220000
phi_e, max: -0.559712 at y = 0.335274, phi_e, min: -0.568883 at y = 0.224413
phi_m, max: 99.623701 at y = 0.226787./ phi_m, min: 0.000000 at y = 0.220000
phi_e, max: -0.145225 at y = 0.337724, phi_e, min: -0.152999 at y = 0.224413
phi_m, max: 80.459797 at y = 0.226787./ phi_m, min: 0.000000 at y = 0.220000
phi_e, max: -0.057546 at y = 0.337724, phi_e, min: -0.063649 at y = 0.224413
phi_m, max: 60.274631 at y = 0.227458./ phi_m, min: 0.000000 at y = 0.220000
phi_e, max: 0.019106 at y = 0.337724, phi_e, min: 0.014681 at y = 0.224413
phi_m, max: 42.471131 at y = 0.344286./ phi_m, min: 0.000000 at y = 0.220000
phi_e, max: 0.058749 at y = 0.337724, phi_e, min: 0.055754 at y = 0.224413
phi_m, max: 25.174117 at y = 0.344286./ phi_m, min: 0.000000 at y = 0.220000
phi_e, max: -0.024012 at y = 0.344286, phi_e, min: -0.025395 at y = 0.225168
phi_m, max: 6.033036 at y = 0.344286./ phi_m, min: 0.000000 at y = 0.220000
phi_e, max: -0.130316 at y = 0.344286, phi_e, min: -0.130689 at y = 0.105714
phi_m, max: 0.473699 at y = 0.344286./ phi_m, min: 0.000000 at y = 0.220000
phi_e, max: -0.139145 at y = 0.344286, phi_e, min: -0.139281 at y = 0.105714
phi_m, max: -0.000000 at y = 0.220000./ phi_m, min: -0.261566 at y = 0.226426
phi_e, max: -0.131706 at y = 0.344286, phi_e, min: -0.131809 at y = 0.315714
phi_m, max: -0.000000 at y = 0.220000./ phi_m, min: -0.391794 at y = 0.226426
phi_e, max: -0.108126 at y = 0.344286, phi_e, min: -0.108202 at y = 0.315714


phi_m, max: 112.079681 at y = 0.011175./ phi_m, min: 0.000000 at y = -0.010000
phi_e, max: -0.561556 at y = 0.121918, phi_e, min: -0.568649 at y = 0.016787
phi_m, max: 96.769066 at y = 0.009413./ phi_m, min: 0.000000 at y = -0.010000
phi_e, max: -0.147121 at y = 0.121918, phi_e, min: -0.153011 at y = 0.016787
phi_m, max: 77.425389 at y = 0.008376./ phi_m, min: 0.000000 at y = -0.010000
phi_e, max: -0.059184 at y = 0.121918, phi_e, min: -0.063775 at y = 0.016787
phi_m, max: 57.605573 at y = 0.007458./ phi_m, min: 0.000000 at y = -0.010000
phi_e, max: 0.017806 at y = 0.121918, phi_e, min: 0.014458 at y = 0.015587
phi_m, max: 40.062897 at y = 0.006426./ phi_m, min: 0.000000 at y = -0.010000
phi_e, max: 0.057793 at y = 0.121918, phi_e, min: 0.055507 at y = 0.014413
phi_m, max: 20.362228 at y = 0.004832./ phi_m, min: 0.000000 at y = -0.010000
phi_e, max: -0.024758 at y = 0.124075, phi_e, min: -0.025694 at y = 0.004413
phi_m, max: 3.395087 at y = 0.134286./ phi_m, min: 0.000000 at y = -0.010000
phi_e, max: -0.130671 at y = 0.134286, phi_e, min: -0.130781 at y = 0.003213
phi_m, max: 0.341669 at y = 0.001787./ phi_m, min: 0.000000 at y = -0.010000
phi_e, max: -0.139277 at y = 0.134286, phi_e, min: -0.139314 at y = 0.005587
phi_m, max: -0.000000 at y = -0.010000./ phi_m, min: -0.202466 at y = 0.134286
phi_e, max: -0.131790 at y = 0.134286, phi_e, min: -0.131805 at y = 0.005587
phi_m, max: -0.000000 at y = -0.010000./ phi_m, min: -0.332077 at y = 0.134286
phi_e, max: -0.108178 at y = 0.019413, phi_e, min: -0.108185 at y = 0.115925


phi_m, max: 0.018845 at y = 1.490000./ phi_m, min: 0.000000 at y = 1.518571
phi_e, max: -0.314157 at y = 1.757143, phi_e, min: -0.369417 at y = 1.490000
phi_m, max: 2.209736 at y = 1.490000./ phi_m, min: 0.000000 at y = 1.518571
phi_e, max: -0.124439 at y = 1.757143, phi_e, min: -0.146408 at y = 1.490000
phi_m, max: 104.494372 at y = 1.490000./ phi_m, min: 0.000000 at y = 1.518571
phi_e, max: -0.105208 at y = 1.757143, phi_e, min: -0.127042 at y = 1.490000
phi_m, max: 112.369470 at y = 1.696259./ phi_m, min: 0.000000 at y = 1.518571
phi_e, max: -0.021386 at y = 1.543494, phi_e, min: -0.036898 at y = 1.696787
phi_m, max: 97.477920 at y = 1.696787./ phi_m, min: 0.000000 at y = 1.518571
phi_e, max: 0.023340 at y = 1.536932, phi_e, min: 0.009275 at y = 1.696787
phi_m, max: 77.998792 at y = 1.697458./ phi_m, min: 0.000000 at y = 1.518571
phi_e, max: -0.010086 at y = 1.573557, phi_e, min: -0.016731 at y = 1.695587
phi_m, max: 57.866893 at y = 1.697458./ phi_m, min: 0.000000 at y = 1.518571
phi_e, max: -0.064695 at y = 1.757143, phi_e, min: -0.075222 at y = 1.490000
phi_m, max: 39.928596 at y = 1.698376./ phi_m, min: 0.000000 at y = 1.518571
phi_e, max: -0.062870 at y = 1.757143, phi_e, min: -0.074015 at y = 1.490000
phi_m, max: 20.243782 at y = 1.728571./ phi_m, min: 0.000000 at y = 1.518571
phi_e, max: -0.055969 at y = 1.757143, phi_e, min: -0.068196 at y = 1.490000
phi_m, max: 3.620310 at y = 1.728571./ phi_m, min: 0.000000 at y = 1.518571
phi_e, max: -0.048919 at y = 1.757143, phi_e, min: -0.060463 at y = 1.490000


phi_m, max: -0.000000 at y = 6.310000./ phi_m, min: -0.001063 at y = 6.318825
phi_e, max: 0.000608 at y = 6.330000, phi_e, min: 0.000607 at y = 6.110000
phi_m, max: -0.000000 at y = 6.310000./ phi_m, min: -0.001071 at y = 6.318825
phi_e, max: 0.000240 at y = 6.330000, phi_e, min: 0.000240 at y = 6.110000
phi_m, max: -0.000000 at y = 6.310000./ phi_m, min: -0.001063 at y = 6.318825
phi_e, max: 0.000196 at y = 6.320000, phi_e, min: 0.000195 at y = 6.110000
phi_m, max: -0.000000 at y = 6.310000./ phi_m, min: -0.001052 at y = 6.318825
phi_e, max: 0.000129 at y = 6.110000, phi_e, min: 0.000129 at y = 6.320000
phi_m, max: -0.000000 at y = 6.310000./ phi_m, min: -0.000984 at y = 6.315510
phi_e, max: -0.001200 at y = 6.110000, phi_e, min: -0.001290 at y = 6.330000
phi_m, max: -0.000000 at y = 6.310000./ phi_m, min: -0.001928 at y = 6.320000
phi_e, max: -0.000275 at y = 6.330000, phi_e, min: -0.001322 at y = 6.110000
phi_m, max: -0.000000 at y = 6.310000./ phi_m, min: -0.001489 at y = 6.320000
phi_e, max: 0.059255 at y = 6.330000, phi_e, min: 0.058734 at y = 6.110000
phi_m, max: -0.000000 at y = 6.310000./ phi_m, min: -0.001395 at y = 6.320000
phi_e, max: -0.014145 at y = 6.330000, phi_e, min: -0.014566 at y = 6.110000
phi_m, max: -0.000000 at y = 6.310000./ phi_m, min: -0.001268 at y = 6.320000
phi_e, max: 0.112907 at y = 6.330000, phi_e, min: 0.112583 at y = 6.110000
phi_m, max: 0.010834 at y = 6.110000./ phi_m, min: 0.000000 at y = 6.310000
phi_e, max: 0.230265 at y = 6.330000, phi_e, min: 0.230037 at y = 6.110000


phi_m, max: -0.000000 at y = 5.928571./ phi_m, min: -0.001000 at y = 6.105449
phi_e, max: 0.000607 at y = 6.138571, phi_e, min: 0.000606 at y = 5.900000
phi_m, max: -0.000000 at y = 5.928571./ phi_m, min: -0.001009 at y = 6.105449
phi_e, max: 0.000240 at y = 6.138571, phi_e, min: 0.000239 at y = 5.900000
phi_m, max: -0.000000 at y = 5.928571./ phi_m, min: -0.001001 at y = 6.105449
phi_e, max: 0.000195 at y = 6.138571, phi_e, min: 0.000195 at y = 5.900000
phi_m, max: -0.000000 at y = 5.928571./ phi_m, min: -0.000992 at y = 6.105449
phi_e, max: 0.000130 at y = 5.900000, phi_e, min: 0.000129 at y = 6.138571
phi_m, max: -0.000000 at y = 5.928571./ phi_m, min: -0.000975 at y = 6.105168
phi_e, max: -0.001112 at y = 5.900000, phi_e, min: -0.001212 at y = 6.138571
phi_m, max: -0.000000 at y = 5.928571./ phi_m, min: -0.001094 at y = 6.138571
phi_e, max: -0.001184 at y = 6.138571, phi_e, min: -0.002350 at y = 5.900000
phi_m, max: -0.000000 at y = 5.928571./ phi_m, min: -0.001030 at y = 6.108376
phi_e, max: 0.058803 at y = 6.138571, phi_e, min: 0.058224 at y = 5.900000
phi_m, max: -0.000000 at y = 5.928571./ phi_m, min: -0.001010 at y = 6.107458
phi_e, max: -0.014510 at y = 6.138571, phi_e, min: -0.014979 at y = 5.900000
phi_m, max: 0.000138 at y = 5.900000./ phi_m, min: -0.000836 at y = 6.138571
phi_e, max: 0.112625 at y = 6.138571, phi_e, min: 0.112264 at y = 5.900000
phi_m, max: 0.077112 at y = 5.900000./ phi_m, min: 0.000000 at y = 5.928571
phi_e, max: 0.230066 at y = 6.138571, phi_e, min: 0.229799 at y = 5.900000


phi_m, max: -0.000000 at y = 3.790000./ phi_m, min: -0.001374 at y = 3.761429
phi_e, max: 0.000597 at y = 4.010000, phi_e, min: 0.000596 at y = 3.761429
phi_m, max: -0.000000 at y = 3.790000./ phi_m, min: -0.001109 at y = 3.761429
phi_e, max: 0.000236 at y = 4.010000, phi_e, min: 0.000236 at y = 3.761429
phi_m, max: -0.000000 at y = 3.790000./ phi_m, min: -0.001072 at y = 3.761429
phi_e, max: 0.000193 at y = 4.010000, phi_e, min: 0.000192 at y = 3.761429
phi_m, max: -0.000000 at y = 3.790000./ phi_m, min: -0.001003 at y = 3.794084
phi_e, max: 0.000141 at y = 3.761429, phi_e, min: 0.000140 at y = 4.010000
phi_m, max: 0.003369 at y = 3.761429./ phi_m, min: -0.000719 at y = 4.010000
phi_e, max: -0.000204 at y = 3.761429, phi_e, min: -0.000311 at y = 4.010000
phi_m, max: 0.546312 at y = 3.761429./ phi_m, min: 0.000000 at y = 3.790000
phi_e, max: -0.011629 at y = 4.010000, phi_e, min: -0.012581 at y = 3.761429
phi_m, max: 43.253296 at y = 3.761429./ phi_m, min: 0.000000 at y = 3.790000
phi_e, max: 0.070793 at y = 3.793213, phi_e, min: 0.053819 at y = 3.961218
phi_m, max: 114.555878 at y = 4.003633./ phi_m, min: 0.000000 at y = 3.790000
phi_e, max: 0.042649 at y = 3.835133, phi_e, min: -0.011267 at y = 4.009413
phi_m, max: 106.560100 at y = 4.006426./ phi_m, min: 0.000000 at y = 3.790000
phi_e, max: 0.038591 at y = 3.860792, phi_e, min: 0.018622 at y = 4.008213
phi_m, max: 88.951857 at y = 4.007458./ phi_m, min: 0.000000 at y = 3.790000
phi_e, max: 0.029491 at y = 3.860792, phi_e, min: 0.013025 at y = 4.008213


phi_m, max: -0.000000 at y = 5.260000./ phi_m, min: -0.000991 at y = 5.264832
phi_e, max: 0.000602 at y = 5.298571, phi_e, min: 0.000601 at y = 5.060000
phi_m, max: -0.000000 at y = 5.260000./ phi_m, min: -0.000999 at y = 5.264832
phi_e, max: 0.000238 at y = 5.298571, phi_e, min: 0.000237 at y = 5.060000
phi_m, max: -0.000000 at y = 5.260000./ phi_m, min: -0.000991 at y = 5.264832
phi_e, max: 0.000193 at y = 5.298571, phi_e, min: 0.000193 at y = 5.060000
phi_m, max: -0.000000 at y = 5.260000./ phi_m, min: -0.000982 at y = 5.264832
phi_e, max: 0.000134 at y = 5.060000, phi_e, min: 0.000132 at y = 5.298571
phi_m, max: -0.000000 at y = 5.260000./ phi_m, min: -0.000974 at y = 5.265168
phi_e, max: -0.000756 at y = 5.060000, phi_e, min: -0.000857 at y = 5.298571
phi_m, max: -0.000000 at y = 5.260000./ phi_m, min: -0.000965 at y = 5.264490
phi_e, max: -0.005316 at y = 5.298571, phi_e, min: -0.006494 at y = 5.060000
phi_m, max: -0.000000 at y = 5.260000./ phi_m, min: -0.000919 at y = 5.266259
phi_e, max: 0.056752 at y = 5.298571, phi_e, min: 0.056167 at y = 5.060000
phi_m, max: 0.016133 at y = 5.063356./ phi_m, min: 0.000000 at y = 5.260000
phi_e, max: -0.016160 at y = 5.298571, phi_e, min: -0.016604 at y = 5.060000
phi_m, max: 2.027502 at y = 5.063356./ phi_m, min: 0.000000 at y = 5.260000
phi_e, max: 0.115751 at y = 5.060000, phi_e, min: 0.112640 at y = 5.298571
phi_m, max: 101.785249 at y = 5.063356./ phi_m, min: 0.000000 at y = 5.260000
phi_e, max: 0.192079 at y = 5.298571, phi_e, min: 0.100308 at y = 5.060000


phi_m, max: -0.000000 at y = 4.850000./ phi_m, min: -0.000991 at y = 4.844832
phi_e, max: 0.000601 at y = 5.088571, phi_e, min: 0.000601 at y = 4.840000
phi_m, max: -0.000000 at y = 4.850000./ phi_m, min: -0.000999 at y = 4.844832
phi_e, max: 0.000237 at y = 5.088571, phi_e, min: 0.000237 at y = 4.887583
phi_m, max: -0.000000 at y = 4.850000./ phi_m, min: -0.000991 at y = 4.844832
phi_e, max: 0.000193 at y = 5.088571, phi_e, min: 0.000193 at y = 4.909300
phi_m, max: -0.000000 at y = 4.850000./ phi_m, min: -0.000982 at y = 5.055168
phi_e, max: 0.000135 at y = 4.840000, phi_e, min: 0.000133 at y = 5.088571
phi_m, max: -0.000000 at y = 4.850000./ phi_m, min: -0.000974 at y = 5.055168
phi_e, max: -0.000663 at y = 4.840000, phi_e, min: -0.000767 at y = 5.088571
phi_m, max: -0.000000 at y = 4.850000./ phi_m, min: -0.000964 at y = 5.054832
phi_e, max: -0.006358 at y = 5.088571, phi_e, min: -0.007573 at y = 4.840000
phi_m, max: 0.002022 at y = 4.840000./ phi_m, min: -0.000736 at y = 5.060000
phi_e, max: 0.056235 at y = 5.088571, phi_e, min: 0.055634 at y = 4.840000
phi_m, max: 0.270915 at y = 4.840000./ phi_m, min: 0.000000 at y = 4.850000
phi_e, max: -0.016554 at y = 5.088571, phi_e, min: -0.016813 at y = 4.840000
phi_m, max: 30.962400 at y = 4.840000./ phi_m, min: 0.000000 at y = 4.850000
phi_e, max: 0.140288 at y = 4.841787, phi_e, min: 0.115228 at y = 5.088571
phi_m, max: 114.184959 at y = 4.845587./ phi_m, min: 0.000000 at y = 4.850000
phi_e, max: 0.111048 at y = 4.962129, phi_e, min: 0.093173 at y = 4.840587


phi_m, max: 0.000407 at y = 1.728571./ phi_m, min: -0.001479 at y = 1.900000
phi_e, max: -0.271485 at y = 1.967143, phi_e, min: -0.320252 at y = 1.728571
phi_m, max: 0.296177 at y = 1.728571./ phi_m, min: 0.000000 at y = 1.900000
phi_e, max: -0.107500 at y = 1.967143, phi_e, min: -0.126849 at y = 1.728571
phi_m, max: 24.819423 at y = 1.728571./ phi_m, min: 0.000000 at y = 1.900000
phi_e, max: -0.088122 at y = 1.967143, phi_e, min: -0.107117 at y = 1.728571
phi_m, max: 115.096900 at y = 1.904832./ phi_m, min: 0.000000 at y = 1.900000
phi_e, max: -0.033424 at y = 1.759300, phi_e, min: -0.051562 at y = 1.908213
phi_m, max: 104.497077 at y = 1.906787./ phi_m, min: 0.000000 at y = 1.900000
phi_e, max: 0.011891 at y = 1.759300, phi_e, min: -0.000907 at y = 1.906787
phi_m, max: 86.309266 at y = 1.907458./ phi_m, min: 0.000000 at y = 1.900000
phi_e, max: -0.012222 at y = 1.789071, phi_e, min: -0.018637 at y = 1.904413
phi_m, max: 66.052685 at y = 1.907458./ phi_m, min: 0.000000 at y = 1.900000
phi_e, max: -0.057865 at y = 1.967143, phi_e, min: -0.066747 at y = 1.728571
phi_m, max: 47.065466 at y = 1.908213./ phi_m, min: 0.000000 at y = 1.900000
phi_e, max: -0.055255 at y = 1.967143, phi_e, min: -0.064706 at y = 1.728571
phi_m, max: 29.380040 at y = 1.963787./ phi_m, min: 0.000000 at y = 1.900000
phi_e, max: -0.048479 at y = 1.967143, phi_e, min: -0.057511 at y = 1.728571
phi_m, max: 8.875788 at y = 1.963787./ phi_m, min: 0.000000 at y = 1.900000
phi_e, max: -0.040112 at y = 1.967143, phi_e, min: -0.050163 at y = 1.728571


phi_m, max: 0.124254 at y = 1.308571./ phi_m, min: 0.000000 at y = 1.480000
phi_e, max: -0.351628 at y = 1.575714, phi_e, min: -0.412288 at y = 1.283356
phi_m, max: 12.980484 at y = 1.308571./ phi_m, min: 0.000000 at y = 1.480000
phi_e, max: -0.139572 at y = 1.575714, phi_e, min: -0.165800 at y = 1.283356
phi_m, max: 114.141500 at y = 1.483213./ phi_m, min: 0.000000 at y = 1.480000
phi_e, max: -0.089524 at y = 1.328131, phi_e, min: -0.128207 at y = 1.488213
phi_m, max: 107.133480 at y = 1.486426./ phi_m, min: 0.000000 at y = 1.480000
phi_e, max: -0.010100 at y = 1.343705, phi_e, min: -0.024115 at y = 1.488213
phi_m, max: 89.709336 at y = 1.487458./ phi_m, min: 0.000000 at y = 1.480000
phi_e, max: 0.033747 at y = 1.339300, phi_e, min: 0.021412 at y = 1.486787
phi_m, max: 69.570575 at y = 1.487458./ phi_m, min: 0.000000 at y = 1.480000
phi_e, max: -0.008505 at y = 1.378082, phi_e, min: -0.013790 at y = 1.485587
phi_m, max: 50.150316 at y = 1.488213./ phi_m, min: 0.000000 at y = 1.480000
phi_e, max: -0.069629 at y = 1.575714, phi_e, min: -0.082490 at y = 1.283356
phi_m, max: 32.521799 at y = 1.489413./ phi_m, min: 0.000000 at y = 1.480000
phi_e, max: -0.068863 at y = 1.575714, phi_e, min: -0.082133 at y = 1.283356
phi_m, max: 11.389063 at y = 1.518571./ phi_m, min: 0.000000 at y = 1.480000
phi_e, max: -0.063688 at y = 1.575714, phi_e, min: -0.079448 at y = 1.283356
phi_m, max: 1.322465 at y = 1.518571./ phi_m, min: 0.000000 at y = 1.480000
phi_e, max: -0.056798 at y = 1.575714, phi_e, min: -0.069426 at y = 1.283356


phi_m, max: 114.785271 at y = 0.433633./ phi_m, min: -0.021591 at y = 3.277724
phi_e, max: 0.000611 at y = 3.341429, phi_e, min: -0.575517 at y = 0.438213
phi_m, max: 106.175770 at y = 0.436426./ phi_m, min: -0.008939 at y = 3.277724
phi_e, max: 0.000242 at y = 3.341429, phi_e, min: -0.154302 at y = 0.436787
phi_m, max: 88.448626 at y = 0.437458./ phi_m, min: -0.007427 at y = 3.277724
phi_e, max: 0.000197 at y = 3.341429, phi_e, min: -0.064984 at y = 0.436787
phi_m, max: 68.257438 at y = 0.437458./ phi_m, min: -0.002515 at y = 3.321869
phi_e, max: 0.019098 at y = 0.344286, phi_e, min: -0.003821 at y = 3.198571
phi_m, max: 48.995853 at y = 0.438213./ phi_m, min: 0.000000 at y = 0.430000
phi_e, max: 0.058743 at y = 0.344286, phi_e, min: -0.002616 at y = 3.198571
phi_m, max: 52.675655 at y = 3.198571./ phi_m, min: 0.000000 at y = 0.430000
phi_e, max: 0.000366 at y = 3.341429, phi_e, min: -0.024914 at y = 0.433213
phi_m, max: 109.268696 at y = 3.341429./ phi_m, min: 0.000000 at y = 0.430000
phi_e, max: 0.000481 at y = 3.341429, phi_e, min: -0.130474 at y = 0.319071
phi_m, max: 96.399986 at y = 3.341429./ phi_m, min: 0.000000 at y = 0.430000
phi_e, max: 0.000427 at y = 3.341429, phi_e, min: -0.139280 at y = 0.319071
phi_m, max: 78.077600 at y = 3.341429./ phi_m, min: -0.221076 at y = 0.344286
phi_e, max: 0.000347 at y = 3.341429, phi_e, min: -0.131813 at y = 0.319071
phi_m, max: 58.601415 at y = 3.341429./ phi_m, min: -0.381048 at y = 0.432542
phi_e, max: 0.000259 at y = 3.341429, phi_e, min: -0.108205 at y = 0.319071


phi_m, max: -0.000000 at y = 5.050000./ phi_m, min: -0.000991 at y = 5.475168
phi_e, max: 0.000603 at y = 5.480000, phi_e, min: 0.000601 at y = 5.021429
phi_m, max: -0.000000 at y = 5.050000./ phi_m, min: -0.000999 at y = 5.475168
phi_e, max: 0.000238 at y = 5.480000, phi_e, min: 0.000237 at y = 5.021429
phi_m, max: -0.000000 at y = 5.050000./ phi_m, min: -0.000991 at y = 5.475168
phi_e, max: 0.000194 at y = 5.480000, phi_e, min: 0.000193 at y = 5.021429
phi_m, max: -0.000000 at y = 5.050000./ phi_m, min: -0.000982 at y = 5.475168
phi_e, max: 0.000134 at y = 5.021429, phi_e, min: 0.000132 at y = 5.480000
phi_m, max: -0.000000 at y = 5.050000./ phi_m, min: -0.000974 at y = 5.055168
phi_e, max: -0.000739 at y = 5.021429, phi_e, min: -0.000934 at y = 5.480000
phi_m, max: -0.000000 at y = 5.050000./ phi_m, min: -0.000979 at y = 5.475510
phi_e, max: -0.004422 at y = 5.480000, phi_e, min: -0.006685 at y = 5.021429
phi_m, max: -0.000000 at y = 5.050000./ phi_m, min: -0.000961 at y = 5.475587
phi_e, max: 0.057195 at y = 5.480000, phi_e, min: 0.056073 at y = 5.021429
phi_m, max: 0.039173 at y = 5.050000./ phi_m, min: -0.000559 at y = 5.480000
phi_e, max: -0.015812 at y = 5.480000, phi_e, min: -0.016678 at y = 5.021429
phi_m, max: 4.723895 at y = 5.050000./ phi_m, min: 0.000000 at y = 5.050000
phi_e, max: 0.115907 at y = 5.021429, phi_e, min: 0.111577 at y = 5.451640
phi_m, max: 113.705704 at y = 5.053213./ phi_m, min: 0.000000 at y = 5.050000
phi_e, max: 0.228464 at y = 5.476787, phi_e, min: 0.098300 at y = 5.056787


phi_m, max: 74.668361 at y = 0.640000./ phi_m, min: 0.000000 at y = 0.650000
phi_e, max: -0.501816 at y = 0.860000, phi_e, min: -0.554543 at y = 0.641787
phi_m, max: 114.974257 at y = 0.855168./ phi_m, min: 0.000000 at y = 0.650000
phi_e, max: -0.141566 at y = 0.744726, phi_e, min: -0.156504 at y = 0.858213
phi_m, max: 103.435994 at y = 0.856787./ phi_m, min: 0.000000 at y = 0.650000
phi_e, max: -0.054442 at y = 0.748082, phi_e, min: -0.065508 at y = 0.856787
phi_m, max: 84.991980 at y = 0.857458./ phi_m, min: 0.000000 at y = 0.650000
phi_e, max: 0.021061 at y = 0.744726, phi_e, min: 0.011659 at y = 0.856787
phi_m, max: 64.716356 at y = 0.857458./ phi_m, min: 0.000000 at y = 0.650000
phi_e, max: 0.059948 at y = 0.742276, phi_e, min: 0.052627 at y = 0.856787
phi_m, max: 45.905325 at y = 0.858213./ phi_m, min: 0.000000 at y = 0.650000
phi_e, max: -0.009842 at y = 0.786295, phi_e, min: -0.017487 at y = 0.641787
phi_m, max: 27.714080 at y = 0.860000./ phi_m, min: 0.000000 at y = 0.650000
phi_e, max: -0.098885 at y = 0.860000, phi_e, min: -0.111281 at y = 0.640000
phi_m, max: 6.987810 at y = 0.860000./ phi_m, min: 0.000000 at y = 0.650000
phi_e, max: -0.105587 at y = 0.860000, phi_e, min: -0.120924 at y = 0.640000
phi_m, max: 0.576796 at y = 0.860000./ phi_m, min: -0.065402 at y = 0.640000
phi_e, max: -0.104262 at y = 0.860000, phi_e, min: -0.116975 at y = 0.640000
phi_m, max: -0.000000 at y = 0.650000./ phi_m, min: -0.340941 at y = 0.641175
phi_e, max: -0.087745 at y = 0.860000, phi_e, min: -0.097153 at y = 0.640000


phi_m, max: -0.000000 at y = 2.320000./ phi_m, min: -0.002270 at y = 2.415714
phi_e, max: -0.178754 at y = 2.415714, phi_e, min: -0.234590 at y = 2.148571
phi_m, max: 0.004917 at y = 2.177143./ phi_m, min: -0.000654 at y = 2.415714
phi_e, max: -0.070777 at y = 2.415714, phi_e, min: -0.092886 at y = 2.148571
phi_m, max: 0.478376 at y = 2.177143./ phi_m, min: 0.000000 at y = 2.320000
phi_e, max: -0.057719 at y = 2.415714, phi_e, min: -0.075775 at y = 2.148571
phi_m, max: 62.547617 at y = 2.177143./ phi_m, min: 0.000000 at y = 2.320000
phi_e, max: -0.044532 at y = 2.415714, phi_e, min: -0.066028 at y = 2.148571
phi_m, max: 114.442230 at y = 2.325587./ phi_m, min: 0.000000 at y = 2.320000
phi_e, max: -0.003007 at y = 2.203557, phi_e, min: -0.013563 at y = 2.326787
phi_m, max: 101.665683 at y = 2.326787./ phi_m, min: 0.000000 at y = 2.320000
phi_e, max: -0.007586 at y = 2.415714, phi_e, min: -0.016472 at y = 2.323213
phi_m, max: 82.849585 at y = 2.327458./ phi_m, min: 0.000000 at y = 2.320000
phi_e, max: -0.037323 at y = 2.415714, phi_e, min: -0.052465 at y = 2.148571
phi_m, max: 62.574396 at y = 2.327458./ phi_m, min: 0.000000 at y = 2.320000
phi_e, max: -0.035005 at y = 2.415714, phi_e, min: -0.049124 at y = 2.148571
phi_m, max: 44.050418 at y = 2.328213./ phi_m, min: 0.000000 at y = 2.320000
phi_e, max: -0.030566 at y = 2.415714, phi_e, min: -0.042673 at y = 2.148571
phi_m, max: 26.545449 at y = 2.415714./ phi_m, min: 0.000000 at y = 2.320000
phi_e, max: -0.023748 at y = 2.415714, phi_e, min: -0.033415 at y = 2.148571


phi_m, max: -0.000000 at y = 5.690000./ phi_m, min: -0.000992 at y = 5.895168
phi_e, max: 0.000606 at y = 5.928571, phi_e, min: 0.000605 at y = 5.685587
phi_m, max: -0.000000 at y = 5.690000./ phi_m, min: -0.001000 at y = 5.895168
phi_e, max: 0.000239 at y = 5.928571, phi_e, min: 0.000239 at y = 5.685587
phi_m, max: -0.000000 at y = 5.690000./ phi_m, min: -0.000993 at y = 5.895168
phi_e, max: 0.000195 at y = 5.928571, phi_e, min: 0.000194 at y = 5.685587
phi_m, max: -0.000000 at y = 5.690000./ phi_m, min: -0.000984 at y = 5.895168
phi_e, max: 0.000131 at y = 5.685587, phi_e, min: 0.000130 at y = 5.928571
phi_m, max: -0.000000 at y = 5.690000./ phi_m, min: -0.000974 at y = 5.894832
phi_e, max: -0.001021 at y = 5.685587, phi_e, min: -0.001124 at y = 5.928571
phi_m, max: -0.000000 at y = 5.690000./ phi_m, min: -0.000979 at y = 5.895916
phi_e, max: -0.002212 at y = 5.928571, phi_e, min: -0.003408 at y = 5.685587
phi_m, max: -0.000000 at y = 5.690000./ phi_m, min: -0.000970 at y = 5.895587
phi_e, max: 0.058293 at y = 5.928571, phi_e, min: 0.057699 at y = 5.685587
phi_m, max: -0.000000 at y = 5.690000./ phi_m, min: -0.000952 at y = 5.895916
phi_e, max: -0.014923 at y = 5.928571, phi_e, min: -0.015404 at y = 5.685587
phi_m, max: 0.006201 at y = 5.690000./ phi_m, min: 0.000000 at y = 5.690000
phi_e, max: 0.112307 at y = 5.928571, phi_e, min: 0.111935 at y = 5.685587
phi_m, max: 0.521389 at y = 5.690000./ phi_m, min: 0.000000 at y = 5.690000
phi_e, max: 0.229830 at y = 5.928571, phi_e, min: 0.229426 at y = 5.685587


phi_m, max: -0.000000 at y = 4.420000./ phi_m, min: -0.000992 at y = 4.424832
phi_e, max: 0.000600 at y = 4.640000, phi_e, min: 0.000599 at y = 4.362857
phi_m, max: -0.000000 at y = 4.420000./ phi_m, min: -0.000999 at y = 4.424832
phi_e, max: 0.000237 at y = 4.630000, phi_e, min: 0.000237 at y = 4.362857
phi_m, max: -0.000000 at y = 4.420000./ phi_m, min: -0.000992 at y = 4.424832
phi_e, max: 0.000193 at y = 4.630000, phi_e, min: 0.000193 at y = 4.362857
phi_m, max: -0.000000 at y = 4.420000./ phi_m, min: -0.000983 at y = 4.424832
phi_e, max: 0.000138 at y = 4.362857, phi_e, min: 0.000136 at y = 4.640000
phi_m, max: -0.000000 at y = 4.420000./ phi_m, min: -0.000966 at y = 4.425168
phi_e, max: -0.000459 at y = 4.362857, phi_e, min: -0.000577 at y = 4.640000
phi_m, max: 0.000829 at y = 4.391429./ phi_m, min: -0.000747 at y = 4.630000
phi_e, max: -0.008564 at y = 4.640000, phi_e, min: -0.009927 at y = 4.362857
phi_m, max: 0.157206 at y = 4.391429./ phi_m, min: 0.000000 at y = 4.420000
phi_e, max: 0.055159 at y = 4.640000, phi_e, min: 0.054630 at y = 4.362857
phi_m, max: 15.411351 at y = 4.391429./ phi_m, min: 0.000000 at y = 4.420000
phi_e, max: -0.005215 at y = 4.421787, phi_e, min: -0.015665 at y = 4.640000
phi_m, max: 115.048005 at y = 4.425168./ phi_m, min: 0.000000 at y = 4.420000
phi_e, max: 0.085337 at y = 4.640000, phi_e, min: 0.047455 at y = 4.362857
phi_m, max: 106.519664 at y = 4.630000./ phi_m, min: 0.000000 at y = 4.420000
phi_e, max: 0.066193 at y = 4.640000, phi_e, min: 0.037550 at y = 4.362857


phi_m, max: -0.000000 at y = 4.210000./ phi_m, min: -0.000996 at y = 4.214832
phi_e, max: 0.000599 at y = 4.430000, phi_e, min: 0.000598 at y = 4.181429
phi_m, max: -0.000000 at y = 4.210000./ phi_m, min: -0.001001 at y = 4.214832
phi_e, max: 0.000237 at y = 4.426426, phi_e, min: 0.000237 at y = 4.181429
phi_m, max: -0.000000 at y = 4.210000./ phi_m, min: -0.000993 at y = 4.214832
phi_e, max: 0.000193 at y = 4.426426, phi_e, min: 0.000193 at y = 4.302358
phi_m, max: -0.000000 at y = 4.210000./ phi_m, min: -0.000983 at y = 4.214832
phi_e, max: 0.000139 at y = 4.181429, phi_e, min: 0.000137 at y = 4.430000
phi_m, max: -0.000000 at y = 4.210000./ phi_m, min: -0.000935 at y = 4.420000
phi_e, max: -0.000383 at y = 4.181429, phi_e, min: -0.000487 at y = 4.430000
phi_m, max: 0.008730 at y = 4.210000./ phi_m, min: 0.000000 at y = 4.210000
phi_e, max: -0.009599 at y = 4.430000, phi_e, min: -0.010799 at y = 4.181429
phi_m, max: 0.847738 at y = 4.210000./ phi_m, min: 0.000000 at y = 4.210000
phi_e, max: 0.054902 at y = 4.213213, phi_e, min: 0.054619 at y = 4.337935
phi_m, max: 65.699399 at y = 4.210000./ phi_m, min: 0.000000 at y = 4.210000
phi_e, max: -0.005380 at y = 4.421175, phi_e, min: -0.010639 at y = 4.210587
phi_m, max: 112.411466 at y = 4.420000./ phi_m, min: 0.000000 at y = 4.210000
phi_e, max: 0.050472 at y = 4.430000, phi_e, min: 0.021238 at y = 4.210587
phi_m, max: 100.293458 at y = 4.420000./ phi_m, min: 0.000000 at y = 4.210000
phi_e, max: 0.040114 at y = 4.430000, phi_e, min: 0.015364 at y = 4.210587


phi_m, max: -0.000000 at y = 2.950000./ phi_m, min: -0.004183 at y = 3.045714
phi_e, max: -0.047576 at y = 3.045714, phi_e, min: -0.097399 at y = 2.807143
phi_m, max: -0.000000 at y = 2.950000./ phi_m, min: -0.002155 at y = 3.045714
phi_e, max: -0.018838 at y = 3.045714, phi_e, min: -0.038565 at y = 2.807143
phi_m, max: 0.000513 at y = 2.807143./ phi_m, min: -0.001718 at y = 3.045714
phi_e, max: -0.015360 at y = 3.045714, phi_e, min: -0.031446 at y = 2.807143
phi_m, max: 0.213340 at y = 2.807143./ phi_m, min: 0.000000 at y = 2.950000
phi_e, max: -0.011590 at y = 3.045714, phi_e, min: -0.023725 at y = 2.807143
phi_m, max: 15.619118 at y = 2.807143./ phi_m, min: 0.000000 at y = 2.950000
phi_e, max: -0.008325 at y = 3.045714, phi_e, min: -0.017169 at y = 2.807143
phi_m, max: 114.976671 at y = 2.954413./ phi_m, min: 0.000000 at y = 2.950000
phi_e, max: -0.002019 at y = 3.045714, phi_e, min: -0.015303 at y = 2.956787
phi_m, max: 105.534049 at y = 2.956426./ phi_m, min: 0.000000 at y = 2.950000
phi_e, max: -0.008682 at y = 3.045714, phi_e, min: -0.022586 at y = 2.807143
phi_m, max: 87.622388 at y = 2.957458./ phi_m, min: 0.000000 at y = 2.950000
phi_e, max: -0.007930 at y = 3.045714, phi_e, min: -0.020474 at y = 2.807143
phi_m, max: 67.399509 at y = 2.957458./ phi_m, min: 0.000000 at y = 2.950000
phi_e, max: -0.006793 at y = 3.045714, phi_e, min: -0.017380 at y = 2.807143
phi_m, max: 48.240074 at y = 2.958213./ phi_m, min: 0.000000 at y = 2.950000
phi_e, max: -0.005239 at y = 3.045714, phi_e, min: -0.013319 at y = 2.807143



Time: 0.100000
CPU Time: 141.190380 min.
phi_m, max: -0.000000 at y = 3.131429./ phi_m, min: -0.019448 at y = 3.227143
phi_e, max: 0.000608 at y = 6.330000, phi_e, min: -0.053521 at y = 3.017143

Time: 0.200000
CPU Time: 138.036366 min.
phi_m, max: -0.000000 at y = 3.131429./ phi_m, min: -0.008105 at y = 3.227143
phi_e, max: 0.000240 at y = 6.330000, phi_e, min: -0.021192 at y = 3.017143

Time: 0.300000
CPU Time: 134.729599 min.
phi_m, max: -0.000000 at y = 3.131429./ phi_m, min: -0.006740 at y = 3.227143
phi_e, max: 0.000196 at y = 6.330000, phi_e, min: -0.017280 at y = 3.017143

Time: 0.400000
CPU Time: 134.629891 min.
phi_m, max: 0.026446 at y = 3.045714./ phi_m, min: -0.001051 at y = 6.320000
phi_e, max: 0.000129 at y = 6.320000, phi_e, min: -0.013036 at y = 3.017143

Time: 0.500000
CPU Time: 135.607442 min.
phi_m, max: 2.054168 at y = 3.045714./ phi_m, min: -0.000964 at y = 6.320000
phi_e, max: -0.000884 at y = 3.255714, phi_e, min: -0.009235 at y = 3.017143

Time: 0.600000
CPU Time: 136.130311 min.
phi_m, max: 95.505925 at y = 3.045714./ phi_m, min: -0.001963 at y = 6.330000
phi_e, max: -0.000245 at y = 6.330000, phi_e, min: -0.010264 at y = 3.161787

Time: 0.700000
CPU Time: 136.013256 min.
phi_m, max: 111.184794 at y = 3.166259./ phi_m, min: -0.001506 at y = 6.330000
phi_e, max: 0.059269 at y = 6.330000, phi_e, min: -0.011570 at y = 3.017143

Time: 0.800000
CPU Time: 134.044105 min.
phi_m, max: 95.530486 at y = 3.166787./ phi_m, min: -0.001409 at y = 6.330000
phi_e, max: -0.001991 at y = 3.255714, phi_e, min: -0.014153 at y = 6.320000

Time: 0.900000
CPU Time: 133.215903 min.
phi_m, max: 75.825879 at y = 3.167458./ phi_m, min: -0.001279 at y = 6.330000
phi_e, max: 0.112916 at y = 6.330000, phi_e, min: -0.008796 at y = 3.017143

Time: 1.000000
CPU Time: 132.622828 min.
phi_m, max: 55.824544 at y = 3.168213./ phi_m, min: 0.000000 at y = 3.131429
phi_e, max: 0.230271 at y = 6.330000, phi_e, min: -0.006719 at y = 3.017143


phi_m, max: -0.000000 at y = 2.740000./ phi_m, min: -0.001568 at y = 2.835714
phi_e, max: -0.091351 at y = 2.835714, phi_e, min: -0.141050 at y = 2.597143
phi_m, max: -0.000000 at y = 2.740000./ phi_m, min: -0.001150 at y = 2.835714
phi_e, max: -0.036170 at y = 2.835714, phi_e, min: -0.055848 at y = 2.597143
phi_m, max: 0.009560 at y = 2.597143./ phi_m, min: 0.000000 at y = 2.740000
phi_e, max: -0.029493 at y = 2.835714, phi_e, min: -0.045540 at y = 2.597143
phi_m, max: 1.427145 at y = 2.597143./ phi_m, min: 0.000000 at y = 2.740000
phi_e, max: -0.022259 at y = 2.835714, phi_e, min: -0.034405 at y = 2.597143
phi_m, max: 81.429102 at y = 2.597143./ phi_m, min: 0.000000 at y = 2.740000
phi_e, max: -0.015138 at y = 2.746787, phi_e, min: -0.027398 at y = 2.597143
phi_m, max: 113.033986 at y = 2.745916./ phi_m, min: 0.000000 at y = 2.740000
phi_e, max: -0.003440 at y = 2.835714, phi_e, min: -0.012646 at y = 2.743213
phi_m, max: 98.667438 at y = 2.746787./ phi_m, min: 0.000000 at y = 2.740000
phi_e, max: -0.020164 at y = 2.835714, phi_e, min: -0.031007 at y = 2.743213
phi_m, max: 79.349945 at y = 2.747458./ phi_m, min: 0.000000 at y = 2.740000
phi_e, max: -0.018373 at y = 2.835714, phi_e, min: -0.028297 at y = 2.597143
phi_m, max: 59.158339 at y = 2.747458./ phi_m, min: 0.000000 at y = 2.740000
phi_e, max: -0.015673 at y = 2.835714, phi_e, min: -0.024421 at y = 2.597143
phi_m, max: 41.072277 at y = 2.748376./ phi_m, min: 0.000000 at y = 2.740000
phi_e, max: -0.012048 at y = 2.835714, phi_e, min: -0.018873 at y = 2.597143


phi_m, max: -0.000000 at y = 3.580000./ phi_m, min: -0.003667 at y = 3.551429
phi_e, max: 0.000596 at y = 3.790000, phi_e, min: 0.000594 at y = 3.551429
phi_m, max: -0.000000 at y = 3.580000./ phi_m, min: -0.001977 at y = 3.551429
phi_e, max: 0.000236 at y = 3.790000, phi_e, min: 0.000235 at y = 3.551429
phi_m, max: -0.000000 at y = 3.580000./ phi_m, min: -0.001778 at y = 3.551429
phi_e, max: 0.000192 at y = 3.790000, phi_e, min: 0.000191 at y = 3.551429
phi_m, max: -0.000000 at y = 3.580000./ phi_m, min: -0.001178 at y = 3.551429
phi_e, max: 0.000142 at y = 3.551429, phi_e, min: 0.000140 at y = 3.790000
phi_m, max: 0.027527 at y = 3.551429./ phi_m, min: 0.000000 at y = 3.580000
phi_e, max: -0.000099 at y = 3.551429, phi_e, min: -0.000216 at y = 3.790000
phi_m, max: 3.703708 at y = 3.551429./ phi_m, min: 0.000000 at y = 3.580000
phi_e, max: -0.011257 at y = 3.583213, phi_e, min: -0.012634 at y = 3.732857
phi_m, max: 110.672376 at y = 3.581787./ phi_m, min: 0.000000 at y = 3.580000
phi_e, max: 0.070238 at y = 3.789606, phi_e, min: 0.021370 at y = 3.583213
phi_m, max: 109.005798 at y = 3.586426./ phi_m, min: 0.000000 at y = 3.580000
phi_e, max: 0.040885 at y = 3.761429, phi_e, min: 0.018942 at y = 3.581787
phi_m, max: 93.464042 at y = 3.761429./ phi_m, min: 0.000000 at y = 3.580000
phi_e, max: 0.033698 at y = 3.761429, phi_e, min: 0.015373 at y = 3.581787
phi_m, max: 74.702919 at y = 3.761429./ phi_m, min: 0.000000 at y = 3.580000
phi_e, max: 0.025709 at y = 3.761429, phi_e, min: 0.011516 at y = 3.581787


phi_m, max: -0.000000 at y = 2.110000./ phi_m, min: -0.001581 at y = 2.056213
phi_e, max: -0.228565 at y = 2.177143, phi_e, min: -0.277169 at y = 1.938571
phi_m, max: 0.043783 at y = 1.938571./ phi_m, min: 0.000000 at y = 2.110000
phi_e, max: -0.090501 at y = 2.177143, phi_e, min: -0.109749 at y = 1.938571
phi_m, max: 3.670721 at y = 1.938571./ phi_m, min: 0.000000 at y = 2.110000
phi_e, max: -0.073853 at y = 2.177143, phi_e, min: -0.089857 at y = 1.938571
phi_m, max: 107.667042 at y = 1.938571./ phi_m, min: 0.000000 at y = 2.110000
phi_e, max: -0.046575 at y = 1.973705, phi_e, min: -0.071315 at y = 2.114413
phi_m, max: 110.378490 at y = 2.116426./ phi_m, min: 0.000000 at y = 2.110000
phi_e, max: 0.002865 at y = 1.983346, phi_e, min: -0.008404 at y = 2.116787
phi_m, max: 94.288485 at y = 2.116787./ phi_m, min: 0.000000 at y = 2.110000
phi_e, max: -0.012766 at y = 2.177143, phi_e, min: -0.018772 at y = 2.114413
phi_m, max: 74.462632 at y = 2.117458./ phi_m, min: 0.000000 at y = 2.110000
phi_e, max: -0.049669 at y = 2.177143, phi_e, min: -0.060125 at y = 1.938571
phi_m, max: 54.563027 at y = 2.118213./ phi_m, min: 0.000000 at y = 2.110000
phi_e, max: -0.046756 at y = 2.177143, phi_e, min: -0.057213 at y = 1.938571
phi_m, max: 36.905556 at y = 2.118825./ phi_m, min: 0.000000 at y = 2.110000
phi_e, max: -0.040779 at y = 2.177143, phi_e, min: -0.050072 at y = 1.938571
phi_m, max: 16.947948 at y = 2.177143./ phi_m, min: 0.000000 at y = 2.110000
phi_e, max: -0.032092 at y = 2.177143, phi_e, min: -0.041277 at y = 1.938571


phi_m, max: -0.000000 at y = 3.971429./ phi_m, min: -0.001031 at y = 3.885714
phi_e, max: 0.000598 at y = 4.210000, phi_e, min: 0.000597 at y = 3.885714
phi_m, max: -0.000000 at y = 3.971429./ phi_m, min: -0.000991 at y = 4.000000
phi_e, max: 0.000237 at y = 4.210000, phi_e, min: 0.000236 at y = 3.885714
phi_m, max: -0.000000 at y = 3.971429./ phi_m, min: -0.000981 at y = 4.000000
phi_e, max: 0.000193 at y = 4.210000, phi_e, min: 0.000192 at y = 3.885714
phi_m, max: -0.000000 at y = 3.971429./ phi_m, min: -0.000961 at y = 4.000000
phi_e, max: 0.000140 at y = 3.885714, phi_e, min: 0.000139 at y = 4.210000
phi_m, max: 0.000139 at y = 3.885714./ phi_m, min: -0.000869 at y = 4.210000
phi_e, max: -0.000259 at y = 3.885714, phi_e, min: -0.000396 at y = 4.210000
phi_m, max: 0.130099 at y = 3.885714./ phi_m, min: 0.000000 at y = 3.971429
phi_e, max: -0.010654 at y = 4.210000, phi_e, min: -0.012187 at y = 3.885714
phi_m, max: 11.090140 at y = 3.885714./ phi_m, min: 0.000000 at y = 3.971429
phi_e, max: 0.056605 at y = 3.885714, phi_e, min: 0.053916 at y = 3.961218
phi_m, max: 112.558504 at y = 4.000000./ phi_m, min: 0.000000 at y = 3.971429
phi_e, max: 0.036470 at y = 3.885714, phi_e, min: -0.011133 at y = 4.010000
phi_m, max: 108.715862 at y = 4.210000./ phi_m, min: 0.000000 at y = 3.971429
phi_e, max: 0.037648 at y = 3.885714, phi_e, min: 0.018714 at y = 4.010000
phi_m, max: 93.089785 at y = 4.210000./ phi_m, min: 0.000000 at y = 3.971429
phi_e, max: 0.028662 at y = 3.885714, phi_e, min: 0.013112 at y = 4.010000


phi_m, max: -0.000000 at y = 3.370000./ phi_m, min: -0.018119 at y = 3.341429
phi_e, max: 0.000611 at y = 3.341429, phi_e, min: 0.000000 at y = 3.312857
phi_m, max: -0.000000 at y = 3.370000./ phi_m, min: -0.007600 at y = 3.341429
phi_e, max: 0.000242 at y = 3.341429, phi_e, min: 0.000000 at y = 3.312857
phi_m, max: -0.000000 at y = 3.370000./ phi_m, min: -0.006347 at y = 3.341429
phi_e, max: 0.000197 at y = 3.341429, phi_e, min: 0.000000 at y = 3.312857
phi_m, max: -0.000000 at y = 3.370000./ phi_m, min: -0.002426 at y = 3.341429
phi_e, max: 0.000149 at y = 3.341429, phi_e, min: 0.000000 at y = 3.312857
phi_m, max: 0.187703 at y = 3.341429./ phi_m, min: 0.000000 at y = 3.370000
phi_e, max: 0.000093 at y = 3.341429, phi_e, min: -0.000099 at y = 3.551429
phi_m, max: 25.019374 at y = 3.341429./ phi_m, min: 0.000000 at y = 3.370000
phi_e, max: 0.001331 at y = 3.371787, phi_e, min: -0.011529 at y = 3.545110
phi_m, max: 114.814570 at y = 3.375449./ phi_m, min: 0.000000 at y = 3.370000
phi_e, max: 0.024272 at y = 3.551429, phi_e, min: -0.000889 at y = 3.371787
phi_m, max: 102.779806 at y = 3.376787./ phi_m, min: 0.000000 at y = 3.370000
phi_e, max: 0.020121 at y = 3.551429, phi_e, min: -0.000663 at y = 3.371787
phi_m, max: 85.981751 at y = 3.551429./ phi_m, min: 0.000000 at y = 3.370000
phi_e, max: 0.016352 at y = 3.551429, phi_e, min: -0.000527 at y = 3.371787
phi_m, max: 66.588126 at y = 3.551429./ phi_m, min: 0.000000 at y = 3.370000
phi_e, max: 0.012270 at y = 3.551429, phi_e, min: -0.000388 at y = 3.371787


phi_m, max: -0.000000 at y = 5.480000./ phi_m, min: -0.000991 at y = 5.685168
phi_e, max: 0.000605 at y = 5.690000, phi_e, min: 0.000603 at y = 5.470000
phi_m, max: -0.000000 at y = 5.480000./ phi_m, min: -0.000999 at y = 5.685168
phi_e, max: 0.000239 at y = 5.690000, phi_e, min: 0.000238 at y = 5.470000
phi_m, max: -0.000000 at y = 5.480000./ phi_m, min: -0.000992 at y = 5.685168
phi_e, max: 0.000194 at y = 5.690000, phi_e, min: 0.000194 at y = 5.470000
phi_m, max: -0.000000 at y = 5.480000./ phi_m, min: -0.000983 at y = 5.685168
phi_e, max: 0.000132 at y = 5.470000, phi_e, min: 0.000131 at y = 5.690000
phi_m, max: -0.000000 at y = 5.480000./ phi_m, min: -0.000973 at y = 5.685168
phi_e, max: -0.000930 at y = 5.470000, phi_e, min: -0.001023 at y = 5.690000
phi_m, max: -0.000000 at y = 5.480000./ phi_m, min: -0.000976 at y = 5.684084
phi_e, max: -0.003385 at y = 5.690000, phi_e, min: -0.004472 at y = 5.470000
phi_m, max: -0.000000 at y = 5.480000./ phi_m, min: -0.000966 at y = 5.684551
phi_e, max: 0.057710 at y = 5.690000, phi_e, min: 0.057171 at y = 5.470000
phi_m, max: -0.000000 at y = 5.480000./ phi_m, min: -0.000886 at y = 5.687458
phi_e, max: -0.015395 at y = 5.690000, phi_e, min: -0.015832 at y = 5.470000
phi_m, max: 0.046345 at y = 5.480000./ phi_m, min: 0.000000 at y = 5.480000
phi_e, max: 0.111942 at y = 5.690000, phi_e, min: 0.111592 at y = 5.470000
phi_m, max: 3.500820 at y = 5.480000./ phi_m, min: 0.000000 at y = 5.480000
phi_e, max: 0.229471 at y = 5.686787, phi_e, min: 0.227831 at y = 5.470000


phi_m, max: 107.904278 at y = 0.440000./ phi_m, min: 0.000000 at y = 0.430000
phi_e, max: -0.496333 at y = 0.888571, phi_e, min: -0.575072 at y = 0.440000
phi_m, max: 111.649168 at y = 0.646259./ phi_m, min: 0.000000 at y = 0.430000
phi_e, max: -0.148978 at y = 0.553086, phi_e, min: -0.156066 at y = 0.858825
phi_m, max: 96.272599 at y = 0.646787./ phi_m, min: 0.000000 at y = 0.430000
phi_e, max: -0.060714 at y = 0.550636, phi_e, min: -0.065168 at y = 0.858825
phi_m, max: 76.648437 at y = 0.647458./ phi_m, min: 0.000000 at y = 0.430000
phi_e, max: 0.016624 at y = 0.547724, phi_e, min: 0.011942 at y = 0.858825
phi_m, max: 56.592368 at y = 0.648213./ phi_m, min: 0.000000 at y = 0.430000
phi_e, max: 0.056988 at y = 0.545274, phi_e, min: 0.052845 at y = 0.858825
phi_m, max: 38.785848 at y = 0.648376./ phi_m, min: 0.000000 at y = 0.430000
phi_e, max: -0.010025 at y = 0.888571, phi_e, min: -0.024626 at y = 0.440000
phi_m, max: 18.307628 at y = 0.650000./ phi_m, min: 0.000000 at y = 0.430000
phi_e, max: -0.096923 at y = 0.888571, phi_e, min: -0.126927 at y = 0.430000
phi_m, max: 2.879439 at y = 0.650000./ phi_m, min: 0.000000 at y = 0.430000
phi_e, max: -0.103701 at y = 0.888571, phi_e, min: -0.135956 at y = 0.430000
phi_m, max: 0.043682 at y = 0.650000./ phi_m, min: -0.174565 at y = 0.440000
phi_e, max: -0.102698 at y = 0.888571, phi_e, min: -0.129146 at y = 0.430000
phi_m, max: -0.000000 at y = 0.430000./ phi_m, min: -0.366204 at y = 0.440000
phi_e, max: -0.086582 at y = 0.888571, phi_e, min: -0.106210 at y = 0.430000


Writing: "Fiber2DEphapticPlaneL6rho3_10.chk"
 (0.0083064s, XML)
Steps: 11000000 Time: 1.1         
phi_m, max: 0.000407 at y = 1.728571./ phi_m, min: -0.001479 at y = 1.900000
phi_e, max: -0.271485 at y = 1.967143, phi_e, min: -0.320252 at y = 1.728571
phi_m, max: 0.296177 at y = 1.728571./ phi_m, min: 0.000000 at y = 1.900000
phi_e, max: -0.107500 at y = 1.967143, phi_e, min: -0.126849 at y = 1.728571
phi_m, max: 24.819423 at y = 1.728571./ phi_m, min: 0.000000 at y = 1.900000
phi_e, max: -0.088122 at y = 1.967143, phi_e, min: -0.107117 at y = 1.728571
phi_m, max: 115.096900 at y = 1.904832./ phi_m, min: 0.000000 at y = 1.900000
phi_e, max: -0.033424 at y = 1.759300, phi_e, min: -0.051562 at y = 1.908213
phi_m, max: 104.497077 at y = 1.906787./ phi_m, min: 0.000000 at y = 1.900000
phi_e, max: 0.011891 at y = 1.759300, phi_e, min: -0.000907 at y = 1.906787
phi_m, max: 86.309266 at y = 1.907458./ phi_m, min: 0.000000 at y = 1.900000
phi_e, max: -0.012222 at y = 1.789071, phi_e, min: -0.018637 at y = 1.904413
phi_m, max: 66.052685 at y = 1.907458./ phi_m, min: 0.000000 at y = 1.900000
phi_e, max: -0.057865 at y = 1.967143, phi_e, min: -0.066747 at y = 1.728571
phi_m, max: 47.065466 at y = 1.908213./ phi_m, min: 0.000000 at y = 1.900000
phi_e, max: -0.055255 at y = 1.967143, phi_e, min: -0.064706 at y = 1.728571
phi_m, max: 29.380040 at y = 1.963787./ phi_m, min: 0.000000 at y = 1.900000
phi_e, max: -0.048479 at y = 1.967143, phi_e, min: -0.057511 at y = 1.728571
phi_m, max: 8.875788 at y = 1.963787./ phi_m, min: 0.000000 at y = 1.900000
phi_e, max: -0.040112 at y = 1.967143, phi_e, min: -0.050163 at y = 1.728571
phi_m, max: 0.891165 at y = 1.963787./ phi_m, min: 0.000000 at y = 1.900000
phi_e, max: -0.033138 at y = 1.967143, phi_e, min: -0.040156 at y = 1.728571


phi_m, max: 0.124254 at y = 1.308571./ phi_m, min: 0.000000 at y = 1.480000
phi_e, max: -0.351628 at y = 1.575714, phi_e, min: -0.412288 at y = 1.283356
phi_m, max: 12.980484 at y = 1.308571./ phi_m, min: 0.000000 at y = 1.480000
phi_e, max: -0.139572 at y = 1.575714, phi_e, min: -0.165800 at y = 1.283356
phi_m, max: 114.141500 at y = 1.483213./ phi_m, min: 0.000000 at y = 1.480000
phi_e, max: -0.089524 at y = 1.328131, phi_e, min: -0.128207 at y = 1.488213
phi_m, max: 107.133480 at y = 1.486426./ phi_m, min: 0.000000 at y = 1.480000
phi_e, max: -0.010100 at y = 1.343705, phi_e, min: -0.024115 at y = 1.488213
phi_m, max: 89.709336 at y = 1.487458./ phi_m, min: 0.000000 at y = 1.480000
phi_e, max: 0.033747 at y = 1.339300, phi_e, min: 0.021412 at y = 1.486787
phi_m, max: 69.570575 at y = 1.487458./ phi_m, min: 0.000000 at y = 1.480000
phi_e, max: -0.008505 at y = 1.378082, phi_e, min: -0.013790 at y = 1.485587
phi_m, max: 50.150316 at y = 1.488213./ phi_m, min: 0.000000 at y = 1.480000
phi_e, max: -0.069629 at y = 1.575714, phi_e, min: -0.082490 at y = 1.283356
phi_m, max: 32.521799 at y = 1.489413./ phi_m, min: 0.000000 at y = 1.480000
phi_e, max: -0.068863 at y = 1.575714, phi_e, min: -0.082133 at y = 1.283356
phi_m, max: 11.389063 at y = 1.518571./ phi_m, min: 0.000000 at y = 1.480000
phi_e, max: -0.063688 at y = 1.575714, phi_e, min: -0.079448 at y = 1.283356
phi_m, max: 1.322465 at y = 1.518571./ phi_m, min: 0.000000 at y = 1.480000
phi_e, max: -0.056798 at y = 1.575714, phi_e, min: -0.069426 at y = 1.283356
phi_m, max: -0.000000 at y = 1.480000./ phi_m, min: -0.260742 at y = 1.308571
phi_e, max: -0.044661 at y = 1.575714, phi_e, min: -0.053298 at y = 1.283356


phi_m, max: 114.785271 at y = 0.433633./ phi_m, min: -0.021591 at y = 3.277724
phi_e, max: 0.000611 at y = 3.341429, phi_e, min: -0.575517 at y = 0.438213
phi_m, max: 106.175770 at y = 0.436426./ phi_m, min: -0.008939 at y = 3.277724
phi_e, max: 0.000242 at y = 3.341429, phi_e, min: -0.154302 at y = 0.436787
phi_m, max: 88.448626 at y = 0.437458./ phi_m, min: -0.007427 at y = 3.277724
phi_e, max: 0.000197 at y = 3.341429, phi_e, min: -0.064984 at y = 0.436787
phi_m, max: 68.257438 at y = 0.437458./ phi_m, min: -0.002515 at y = 3.321869
phi_e, max: 0.019098 at y = 0.344286, phi_e, min: -0.003821 at y = 3.198571
phi_m, max: 48.995853 at y = 0.438213./ phi_m, min: 0.000000 at y = 0.430000
phi_e, max: 0.058743 at y = 0.344286, phi_e, min: -0.002616 at y = 3.198571
phi_m, max: 52.675655 at y = 3.198571./ phi_m, min: 0.000000 at y = 0.430000
phi_e, max: 0.000366 at y = 3.341429, phi_e, min: -0.024914 at y = 0.433213
phi_m, max: 109.268696 at y = 3.341429./ phi_m, min: 0.000000 at y = 0.430000
phi_e, max: 0.000481 at y = 3.341429, phi_e, min: -0.130474 at y = 0.319071
phi_m, max: 96.399986 at y = 3.341429./ phi_m, min: 0.000000 at y = 0.430000
phi_e, max: 0.000427 at y = 3.341429, phi_e, min: -0.139280 at y = 0.319071
phi_m, max: 78.077600 at y = 3.341429./ phi_m, min: -0.221076 at y = 0.344286
phi_e, max: 0.000347 at y = 3.341429, phi_e, min: -0.131813 at y = 0.319071
phi_m, max: 58.601415 at y = 3.341429./ phi_m, min: -0.381048 at y = 0.432542
phi_e, max: 0.000259 at y = 3.341429, phi_e, min: -0.108205 at y = 0.319071
phi_m, max: 40.929646 at y = 3.341429./ phi_m, min: -0.452623 at y = 0.434413
phi_e, max: 0.000187 at y = 3.341429, phi_e, min: -0.080073 at y = 0.319071


phi_m, max: -0.000000 at y = 5.050000./ phi_m, min: -0.000991 at y = 5.475168
phi_e, max: 0.000603 at y = 5.480000, phi_e, min: 0.000601 at y = 5.021429
phi_m, max: -0.000000 at y = 5.050000./ phi_m, min: -0.000999 at y = 5.475168
phi_e, max: 0.000238 at y = 5.480000, phi_e, min: 0.000237 at y = 5.021429
phi_m, max: -0.000000 at y = 5.050000./ phi_m, min: -0.000991 at y = 5.475168
phi_e, max: 0.000194 at y = 5.480000, phi_e, min: 0.000193 at y = 5.021429
phi_m, max: -0.000000 at y = 5.050000./ phi_m, min: -0.000982 at y = 5.475168
phi_e, max: 0.000134 at y = 5.021429, phi_e, min: 0.000132 at y = 5.480000
phi_m, max: -0.000000 at y = 5.050000./ phi_m, min: -0.000974 at y = 5.055168
phi_e, max: -0.000739 at y = 5.021429, phi_e, min: -0.000934 at y = 5.480000
phi_m, max: -0.000000 at y = 5.050000./ phi_m, min: -0.000979 at y = 5.475510
phi_e, max: -0.004422 at y = 5.480000, phi_e, min: -0.006685 at y = 5.021429
phi_m, max: -0.000000 at y = 5.050000./ phi_m, min: -0.000961 at y = 5.475587
phi_e, max: 0.057195 at y = 5.480000, phi_e, min: 0.056073 at y = 5.021429
phi_m, max: 0.039173 at y = 5.050000./ phi_m, min: -0.000559 at y = 5.480000
phi_e, max: -0.015812 at y = 5.480000, phi_e, min: -0.016678 at y = 5.021429
phi_m, max: 4.723895 at y = 5.050000./ phi_m, min: 0.000000 at y = 5.050000
phi_e, max: 0.115907 at y = 5.021429, phi_e, min: 0.111577 at y = 5.451640
phi_m, max: 113.705704 at y = 5.053213./ phi_m, min: 0.000000 at y = 5.050000
phi_e, max: 0.228464 at y = 5.476787, phi_e, min: 0.098300 at y = 5.056787
phi_m, max: 115.078171 at y = 5.474551./ phi_m, min: 0.000000 at y = 5.050000
phi_e, max: 0.091051 at y = 5.117143, phi_e, min: 0.054844 at y = 5.479413


phi_m, max: 74.668361 at y = 0.640000./ phi_m, min: 0.000000 at y = 0.650000
phi_e, max: -0.501816 at y = 0.860000, phi_e, min: -0.554543 at y = 0.641787
phi_m, max: 114.974257 at y = 0.855168./ phi_m, min: 0.000000 at y = 0.650000
phi_e, max: -0.141566 at y = 0.744726, phi_e, min: -0.156504 at y = 0.858213
phi_m, max: 103.435994 at y = 0.856787./ phi_m, min: 0.000000 at y = 0.650000
phi_e, max: -0.054442 at y = 0.748082, phi_e, min: -0.065508 at y = 0.856787
phi_m, max: 84.991980 at y = 0.857458./ phi_m, min: 0.000000 at y = 0.650000
phi_e, max: 0.021061 at y = 0.744726, phi_e, min: 0.011659 at y = 0.856787
phi_m, max: 64.716356 at y = 0.857458./ phi_m, min: 0.000000 at y = 0.650000
phi_e, max: 0.059948 at y = 0.742276, phi_e, min: 0.052627 at y = 0.856787
phi_m, max: 45.905325 at y = 0.858213./ phi_m, min: 0.000000 at y = 0.650000
phi_e, max: -0.009842 at y = 0.786295, phi_e, min: -0.017487 at y = 0.641787
phi_m, max: 27.714080 at y = 0.860000./ phi_m, min: 0.000000 at y = 0.650000
phi_e, max: -0.098885 at y = 0.860000, phi_e, min: -0.111281 at y = 0.640000
phi_m, max: 6.987810 at y = 0.860000./ phi_m, min: 0.000000 at y = 0.650000
phi_e, max: -0.105587 at y = 0.860000, phi_e, min: -0.120924 at y = 0.640000
phi_m, max: 0.576796 at y = 0.860000./ phi_m, min: -0.065402 at y = 0.640000
phi_e, max: -0.104262 at y = 0.860000, phi_e, min: -0.116975 at y = 0.640000
phi_m, max: -0.000000 at y = 0.650000./ phi_m, min: -0.340941 at y = 0.641175
phi_e, max: -0.087745 at y = 0.860000, phi_e, min: -0.097153 at y = 0.640000
phi_m, max: -0.000000 at y = 0.650000./ phi_m, min: -0.433937 at y = 0.643213
phi_e, max: -0.065929 at y = 0.860000, phi_e, min: -0.072425 at y = 0.640000


phi_m, max: -0.000000 at y = 2.320000./ phi_m, min: -0.002270 at y = 2.415714
phi_e, max: -0.178754 at y = 2.415714, phi_e, min: -0.234590 at y = 2.148571
phi_m, max: 0.004917 at y = 2.177143./ phi_m, min: -0.000654 at y = 2.415714
phi_e, max: -0.070777 at y = 2.415714, phi_e, min: -0.092886 at y = 2.148571
phi_m, max: 0.478376 at y = 2.177143./ phi_m, min: 0.000000 at y = 2.320000
phi_e, max: -0.057719 at y = 2.415714, phi_e, min: -0.075775 at y = 2.148571
phi_m, max: 62.547617 at y = 2.177143./ phi_m, min: 0.000000 at y = 2.320000
phi_e, max: -0.044532 at y = 2.415714, phi_e, min: -0.066028 at y = 2.148571
phi_m, max: 114.442230 at y = 2.325587./ phi_m, min: 0.000000 at y = 2.320000
phi_e, max: -0.003007 at y = 2.203557, phi_e, min: -0.013563 at y = 2.326787
phi_m, max: 101.665683 at y = 2.326787./ phi_m, min: 0.000000 at y = 2.320000
phi_e, max: -0.007586 at y = 2.415714, phi_e, min: -0.016472 at y = 2.323213
phi_m, max: 82.849585 at y = 2.327458./ phi_m, min: 0.000000 at y = 2.320000
phi_e, max: -0.037323 at y = 2.415714, phi_e, min: -0.052465 at y = 2.148571
phi_m, max: 62.574396 at y = 2.327458./ phi_m, min: 0.000000 at y = 2.320000
phi_e, max: -0.035005 at y = 2.415714, phi_e, min: -0.049124 at y = 2.148571
phi_m, max: 44.050418 at y = 2.328213./ phi_m, min: 0.000000 at y = 2.320000
phi_e, max: -0.030566 at y = 2.415714, phi_e, min: -0.042673 at y = 2.148571
phi_m, max: 26.545449 at y = 2.415714./ phi_m, min: 0.000000 at y = 2.320000
phi_e, max: -0.023748 at y = 2.415714, phi_e, min: -0.033415 at y = 2.148571
phi_m, max: 6.925696 at y = 2.415714./ phi_m, min: 0.000000 at y = 2.320000
phi_e, max: -0.019456 at y = 2.415714, phi_e, min: -0.027715 at y = 2.148571


phi_m, max: -0.000000 at y = 5.690000./ phi_m, min: -0.000992 at y = 5.895168
phi_e, max: 0.000606 at y = 5.928571, phi_e, min: 0.000605 at y = 5.685587
phi_m, max: -0.000000 at y = 5.690000./ phi_m, min: -0.001000 at y = 5.895168
phi_e, max: 0.000239 at y = 5.928571, phi_e, min: 0.000239 at y = 5.685587
phi_m, max: -0.000000 at y = 5.690000./ phi_m, min: -0.000993 at y = 5.895168
phi_e, max: 0.000195 at y = 5.928571, phi_e, min: 0.000194 at y = 5.685587
phi_m, max: -0.000000 at y = 5.690000./ phi_m, min: -0.000984 at y = 5.895168
phi_e, max: 0.000131 at y = 5.685587, phi_e, min: 0.000130 at y = 5.928571
phi_m, max: -0.000000 at y = 5.690000./ phi_m, min: -0.000974 at y = 5.894832
phi_e, max: -0.001021 at y = 5.685587, phi_e, min: -0.001124 at y = 5.928571
phi_m, max: -0.000000 at y = 5.690000./ phi_m, min: -0.000979 at y = 5.895916
phi_e, max: -0.002212 at y = 5.928571, phi_e, min: -0.003408 at y = 5.685587
phi_m, max: -0.000000 at y = 5.690000./ phi_m, min: -0.000970 at y = 5.895587
phi_e, max: 0.058293 at y = 5.928571, phi_e, min: 0.057699 at y = 5.685587
phi_m, max: -0.000000 at y = 5.690000./ phi_m, min: -0.000952 at y = 5.895916
phi_e, max: -0.014923 at y = 5.928571, phi_e, min: -0.015404 at y = 5.685587
phi_m, max: 0.006201 at y = 5.690000./ phi_m, min: 0.000000 at y = 5.690000
phi_e, max: 0.112307 at y = 5.928571, phi_e, min: 0.111935 at y = 5.685587
phi_m, max: 0.521389 at y = 5.690000./ phi_m, min: 0.000000 at y = 5.690000
phi_e, max: 0.229830 at y = 5.928571, phi_e, min: 0.229426 at y = 5.685587
phi_m, max: 71.603509 at y = 5.690000./ phi_m, min: 0.000000 at y = 5.690000
phi_e, max: 0.028103 at y = 5.896787, phi_e, min: 0.009652 at y = 5.690000


phi_m, max: -0.000000 at y = 4.420000./ phi_m, min: -0.000992 at y = 4.424832
phi_e, max: 0.000600 at y = 4.640000, phi_e, min: 0.000599 at y = 4.362857
phi_m, max: -0.000000 at y = 4.420000./ phi_m, min: -0.000999 at y = 4.424832
phi_e, max: 0.000237 at y = 4.630000, phi_e, min: 0.000237 at y = 4.362857
phi_m, max: -0.000000 at y = 4.420000./ phi_m, min: -0.000992 at y = 4.424832
phi_e, max: 0.000193 at y = 4.630000, phi_e, min: 0.000193 at y = 4.362857
phi_m, max: -0.000000 at y = 4.420000./ phi_m, min: -0.000983 at y = 4.424832
phi_e, max: 0.000138 at y = 4.362857, phi_e, min: 0.000136 at y = 4.640000
phi_m, max: -0.000000 at y = 4.420000./ phi_m, min: -0.000966 at y = 4.425168
phi_e, max: -0.000459 at y = 4.362857, phi_e, min: -0.000577 at y = 4.640000
phi_m, max: 0.000829 at y = 4.391429./ phi_m, min: -0.000747 at y = 4.630000
phi_e, max: -0.008564 at y = 4.640000, phi_e, min: -0.009927 at y = 4.362857
phi_m, max: 0.157206 at y = 4.391429./ phi_m, min: 0.000000 at y = 4.420000
phi_e, max: 0.055159 at y = 4.640000, phi_e, min: 0.054630 at y = 4.362857
phi_m, max: 15.411351 at y = 4.391429./ phi_m, min: 0.000000 at y = 4.420000
phi_e, max: -0.005215 at y = 4.421787, phi_e, min: -0.015665 at y = 4.640000
phi_m, max: 115.048005 at y = 4.425168./ phi_m, min: 0.000000 at y = 4.420000
phi_e, max: 0.085337 at y = 4.640000, phi_e, min: 0.047455 at y = 4.362857
phi_m, max: 106.519664 at y = 4.630000./ phi_m, min: 0.000000 at y = 4.420000
phi_e, max: 0.066193 at y = 4.640000, phi_e, min: 0.037550 at y = 4.362857
phi_m, max: 89.878816 at y = 4.630000./ phi_m, min: 0.000000 at y = 4.420000
phi_e, max: 0.051469 at y = 4.640000, phi_e, min: 0.028067 at y = 4.362857


phi_m, max: -0.000000 at y = 4.210000./ phi_m, min: -0.000996 at y = 4.214832
phi_e, max: 0.000599 at y = 4.430000, phi_e, min: 0.000598 at y = 4.181429
phi_m, max: -0.000000 at y = 4.210000./ phi_m, min: -0.001001 at y = 4.214832
phi_e, max: 0.000237 at y = 4.426426, phi_e, min: 0.000237 at y = 4.181429
phi_m, max: -0.000000 at y = 4.210000./ phi_m, min: -0.000993 at y = 4.214832
phi_e, max: 0.000193 at y = 4.426426, phi_e, min: 0.000193 at y = 4.302358
phi_m, max: -0.000000 at y = 4.210000./ phi_m, min: -0.000983 at y = 4.214832
phi_e, max: 0.000139 at y = 4.181429, phi_e, min: 0.000137 at y = 4.430000
phi_m, max: -0.000000 at y = 4.210000./ phi_m, min: -0.000935 at y = 4.420000
phi_e, max: -0.000383 at y = 4.181429, phi_e, min: -0.000487 at y = 4.430000
phi_m, max: 0.008730 at y = 4.210000./ phi_m, min: 0.000000 at y = 4.210000
phi_e, max: -0.009599 at y = 4.430000, phi_e, min: -0.010799 at y = 4.181429
phi_m, max: 0.847738 at y = 4.210000./ phi_m, min: 0.000000 at y = 4.210000
phi_e, max: 0.054902 at y = 4.213213, phi_e, min: 0.054619 at y = 4.337935
phi_m, max: 65.699399 at y = 4.210000./ phi_m, min: 0.000000 at y = 4.210000
phi_e, max: -0.005380 at y = 4.421175, phi_e, min: -0.010639 at y = 4.210587
phi_m, max: 112.411466 at y = 4.420000./ phi_m, min: 0.000000 at y = 4.210000
phi_e, max: 0.050472 at y = 4.430000, phi_e, min: 0.021238 at y = 4.210587
phi_m, max: 100.293458 at y = 4.420000./ phi_m, min: 0.000000 at y = 4.210000
phi_e, max: 0.040114 at y = 4.430000, phi_e, min: 0.015364 at y = 4.210587
phi_m, max: 81.871038 at y = 4.420000./ phi_m, min: 0.000000 at y = 4.210000
phi_e, max: 0.030140 at y = 4.430000, phi_e, min: 0.010539 at y = 4.211787



Time: 0.100000
CPU Time: 141.190380 min.
phi_m, max: -0.000000 at y = 3.131429./ phi_m, min: -0.019448 at y = 3.227143
phi_e, max: 0.000608 at y = 6.330000, phi_e, min: -0.053521 at y = 3.017143

Time: 0.200000
CPU Time: 138.036366 min.
phi_m, max: -0.000000 at y = 3.131429./ phi_m, min: -0.008105 at y = 3.227143
phi_e, max: 0.000240 at y = 6.330000, phi_e, min: -0.021192 at y = 3.017143

Time: 0.300000
CPU Time: 134.729599 min.
phi_m, max: -0.000000 at y = 3.131429./ phi_m, min: -0.006740 at y = 3.227143
phi_e, max: 0.000196 at y = 6.330000, phi_e, min: -0.017280 at y = 3.017143

Time: 0.400000
CPU Time: 134.629891 min.
phi_m, max: 0.026446 at y = 3.045714./ phi_m, min: -0.001051 at y = 6.320000
phi_e, max: 0.000129 at y = 6.320000, phi_e, min: -0.013036 at y = 3.017143

Time: 0.500000
CPU Time: 135.607442 min.
phi_m, max: 2.054168 at y = 3.045714./ phi_m, min: -0.000964 at y = 6.320000
phi_e, max: -0.000884 at y = 3.255714, phi_e, min: -0.009235 at y = 3.017143

Time: 0.600000
CPU Time: 136.130311 min.
phi_m, max: 95.505925 at y = 3.045714./ phi_m, min: -0.001963 at y = 6.330000
phi_e, max: -0.000245 at y = 6.330000, phi_e, min: -0.010264 at y = 3.161787

Time: 0.700000
CPU Time: 136.013256 min.
phi_m, max: 111.184794 at y = 3.166259./ phi_m, min: -0.001506 at y = 6.330000
phi_e, max: 0.059269 at y = 6.330000, phi_e, min: -0.011570 at y = 3.017143

Time: 0.800000
CPU Time: 134.044105 min.
phi_m, max: 95.530486 at y = 3.166787./ phi_m, min: -0.001409 at y = 6.330000
phi_e, max: -0.001991 at y = 3.255714, phi_e, min: -0.014153 at y = 6.320000

Time: 0.900000
CPU Time: 133.215903 min.
phi_m, max: 75.825879 at y = 3.167458./ phi_m, min: -0.001279 at y = 6.330000
phi_e, max: 0.112916 at y = 6.330000, phi_e, min: -0.008796 at y = 3.017143

Time: 1.000000
CPU Time: 132.622828 min.
phi_m, max: 55.824544 at y = 3.168213./ phi_m, min: 0.000000 at y = 3.131429
phi_e, max: 0.230271 at y = 6.330000, phi_e, min: -0.006719 at y = 3.017143

Time: 1.100000
CPU Time: 130.114707 min.
phi_m, max: 38.079959 at y = 3.168376./ phi_m, min: 0.000000 at y = 3.131429
phi_e, max: 0.030689 at y = 6.320000, phi_e, min: -0.004661 at y = 3.017143


phi_m, max: -0.000000 at y = 5.480000./ phi_m, min: -0.000991 at y = 5.685168
phi_e, max: 0.000605 at y = 5.690000, phi_e, min: 0.000603 at y = 5.470000
phi_m, max: -0.000000 at y = 5.480000./ phi_m, min: -0.000999 at y = 5.685168
phi_e, max: 0.000239 at y = 5.690000, phi_e, min: 0.000238 at y = 5.470000
phi_m, max: -0.000000 at y = 5.480000./ phi_m, min: -0.000992 at y = 5.685168
phi_e, max: 0.000194 at y = 5.690000, phi_e, min: 0.000194 at y = 5.470000
phi_m, max: -0.000000 at y = 5.480000./ phi_m, min: -0.000983 at y = 5.685168
phi_e, max: 0.000132 at y = 5.470000, phi_e, min: 0.000131 at y = 5.690000
phi_m, max: -0.000000 at y = 5.480000./ phi_m, min: -0.000973 at y = 5.685168
phi_e, max: -0.000930 at y = 5.470000, phi_e, min: -0.001023 at y = 5.690000
phi_m, max: -0.000000 at y = 5.480000./ phi_m, min: -0.000976 at y = 5.684084
phi_e, max: -0.003385 at y = 5.690000, phi_e, min: -0.004472 at y = 5.470000
phi_m, max: -0.000000 at y = 5.480000./ phi_m, min: -0.000966 at y = 5.684551
phi_e, max: 0.057710 at y = 5.690000, phi_e, min: 0.057171 at y = 5.470000
phi_m, max: -0.000000 at y = 5.480000./ phi_m, min: -0.000886 at y = 5.687458
phi_e, max: -0.015395 at y = 5.690000, phi_e, min: -0.015832 at y = 5.470000
phi_m, max: 0.046345 at y = 5.480000./ phi_m, min: 0.000000 at y = 5.480000
phi_e, max: 0.111942 at y = 5.690000, phi_e, min: 0.111592 at y = 5.470000
phi_m, max: 3.500820 at y = 5.480000./ phi_m, min: 0.000000 at y = 5.480000
phi_e, max: 0.229471 at y = 5.686787, phi_e, min: 0.227831 at y = 5.470000
phi_m, max: 110.880028 at y = 5.480000./ phi_m, min: 0.000000 at y = 5.480000
phi_e, max: 0.058351 at y = 5.470000, phi_e, min: 0.009151 at y = 5.684413


phi_m, max: 107.904278 at y = 0.440000./ phi_m, min: 0.000000 at y = 0.430000
phi_e, max: -0.496333 at y = 0.888571, phi_e, min: -0.575072 at y = 0.440000
phi_m, max: 111.649168 at y = 0.646259./ phi_m, min: 0.000000 at y = 0.430000
phi_e, max: -0.148978 at y = 0.553086, phi_e, min: -0.156066 at y = 0.858825
phi_m, max: 96.272599 at y = 0.646787./ phi_m, min: 0.000000 at y = 0.430000
phi_e, max: -0.060714 at y = 0.550636, phi_e, min: -0.065168 at y = 0.858825
phi_m, max: 76.648437 at y = 0.647458./ phi_m, min: 0.000000 at y = 0.430000
phi_e, max: 0.016624 at y = 0.547724, phi_e, min: 0.011942 at y = 0.858825
phi_m, max: 56.592368 at y = 0.648213./ phi_m, min: 0.000000 at y = 0.430000
phi_e, max: 0.056988 at y = 0.545274, phi_e, min: 0.052845 at y = 0.858825
phi_m, max: 38.785848 at y = 0.648376./ phi_m, min: 0.000000 at y = 0.430000
phi_e, max: -0.010025 at y = 0.888571, phi_e, min: -0.024626 at y = 0.440000
phi_m, max: 18.307628 at y = 0.650000./ phi_m, min: 0.000000 at y = 0.430000
phi_e, max: -0.096923 at y = 0.888571, phi_e, min: -0.126927 at y = 0.430000
phi_m, max: 2.879439 at y = 0.650000./ phi_m, min: 0.000000 at y = 0.430000
phi_e, max: -0.103701 at y = 0.888571, phi_e, min: -0.135956 at y = 0.430000
phi_m, max: 0.043682 at y = 0.650000./ phi_m, min: -0.174565 at y = 0.440000
phi_e, max: -0.102698 at y = 0.888571, phi_e, min: -0.129146 at y = 0.430000
phi_m, max: -0.000000 at y = 0.430000./ phi_m, min: -0.366204 at y = 0.440000
phi_e, max: -0.086582 at y = 0.888571, phi_e, min: -0.106210 at y = 0.430000
phi_m, max: -0.000000 at y = 0.430000./ phi_m, min: -0.440043 at y = 0.440000
phi_e, max: -0.065128 at y = 0.888571, phi_e, min: -0.078681 at y = 0.430000


phi_m, max: -0.000000 at y = 2.740000./ phi_m, min: -0.001568 at y = 2.835714
phi_e, max: -0.091351 at y = 2.835714, phi_e, min: -0.141050 at y = 2.597143
phi_m, max: -0.000000 at y = 2.740000./ phi_m, min: -0.001150 at y = 2.835714
phi_e, max: -0.036170 at y = 2.835714, phi_e, min: -0.055848 at y = 2.597143
phi_m, max: 0.009560 at y = 2.597143./ phi_m, min: 0.000000 at y = 2.740000
phi_e, max: -0.029493 at y = 2.835714, phi_e, min: -0.045540 at y = 2.597143
phi_m, max: 1.427145 at y = 2.597143./ phi_m, min: 0.000000 at y = 2.740000
phi_e, max: -0.022259 at y = 2.835714, phi_e, min: -0.034405 at y = 2.597143
phi_m, max: 81.429102 at y = 2.597143./ phi_m, min: 0.000000 at y = 2.740000
phi_e, max: -0.015138 at y = 2.746787, phi_e, min: -0.027398 at y = 2.597143
phi_m, max: 113.033986 at y = 2.745916./ phi_m, min: 0.000000 at y = 2.740000
phi_e, max: -0.003440 at y = 2.835714, phi_e, min: -0.012646 at y = 2.743213
phi_m, max: 98.667438 at y = 2.746787./ phi_m, min: 0.000000 at y = 2.740000
phi_e, max: -0.020164 at y = 2.835714, phi_e, min: -0.031007 at y = 2.743213
phi_m, max: 79.349945 at y = 2.747458./ phi_m, min: 0.000000 at y = 2.740000
phi_e, max: -0.018373 at y = 2.835714, phi_e, min: -0.028297 at y = 2.597143
phi_m, max: 59.158339 at y = 2.747458./ phi_m, min: 0.000000 at y = 2.740000
phi_e, max: -0.015673 at y = 2.835714, phi_e, min: -0.024421 at y = 2.597143
phi_m, max: 41.072277 at y = 2.748376./ phi_m, min: 0.000000 at y = 2.740000
phi_e, max: -0.012048 at y = 2.835714, phi_e, min: -0.018873 at y = 2.597143
phi_m, max: 22.926008 at y = 2.835714./ phi_m, min: 0.000000 at y = 2.740000
phi_e, max: -0.008562 at y = 2.835714, phi_e, min: -0.014308 at y = 2.597143


phi_m, max: -0.000000 at y = 3.580000./ phi_m, min: -0.003667 at y = 3.551429
phi_e, max: 0.000596 at y = 3.790000, phi_e, min: 0.000594 at y = 3.551429
phi_m, max: -0.000000 at y = 3.580000./ phi_m, min: -0.001977 at y = 3.551429
phi_e, max: 0.000236 at y = 3.790000, phi_e, min: 0.000235 at y = 3.551429
phi_m, max: -0.000000 at y = 3.580000./ phi_m, min: -0.001778 at y = 3.551429
phi_e, max: 0.000192 at y = 3.790000, phi_e, min: 0.000191 at y = 3.551429
phi_m, max: -0.000000 at y = 3.580000./ phi_m, min: -0.001178 at y = 3.551429
phi_e, max: 0.000142 at y = 3.551429, phi_e, min: 0.000140 at y = 3.790000
phi_m, max: 0.027527 at y = 3.551429./ phi_m, min: 0.000000 at y = 3.580000
phi_e, max: -0.000099 at y = 3.551429, phi_e, min: -0.000216 at y = 3.790000
phi_m, max: 3.703708 at y = 3.551429./ phi_m, min: 0.000000 at y = 3.580000
phi_e, max: -0.011257 at y = 3.583213, phi_e, min: -0.012634 at y = 3.732857
phi_m, max: 110.672376 at y = 3.581787./ phi_m, min: 0.000000 at y = 3.580000
phi_e, max: 0.070238 at y = 3.789606, phi_e, min: 0.021370 at y = 3.583213
phi_m, max: 109.005798 at y = 3.586426./ phi_m, min: 0.000000 at y = 3.580000
phi_e, max: 0.040885 at y = 3.761429, phi_e, min: 0.018942 at y = 3.581787
phi_m, max: 93.464042 at y = 3.761429./ phi_m, min: 0.000000 at y = 3.580000
phi_e, max: 0.033698 at y = 3.761429, phi_e, min: 0.015373 at y = 3.581787
phi_m, max: 74.702919 at y = 3.761429./ phi_m, min: 0.000000 at y = 3.580000
phi_e, max: 0.025709 at y = 3.761429, phi_e, min: 0.011516 at y = 3.581787
phi_m, max: 55.357810 at y = 3.761429./ phi_m, min: 0.000000 at y = 3.580000
phi_e, max: 0.018427 at y = 3.761429, phi_e, min: 0.008218 at y = 3.581787


phi_m, max: -0.000000 at y = 2.110000./ phi_m, min: -0.001581 at y = 2.056213
phi_e, max: -0.228565 at y = 2.177143, phi_e, min: -0.277169 at y = 1.938571
phi_m, max: 0.043783 at y = 1.938571./ phi_m, min: 0.000000 at y = 2.110000
phi_e, max: -0.090501 at y = 2.177143, phi_e, min: -0.109749 at y = 1.938571
phi_m, max: 3.670721 at y = 1.938571./ phi_m, min: 0.000000 at y = 2.110000
phi_e, max: -0.073853 at y = 2.177143, phi_e, min: -0.089857 at y = 1.938571
phi_m, max: 107.667042 at y = 1.938571./ phi_m, min: 0.000000 at y = 2.110000
phi_e, max: -0.046575 at y = 1.973705, phi_e, min: -0.071315 at y = 2.114413
phi_m, max: 110.378490 at y = 2.116426./ phi_m, min: 0.000000 at y = 2.110000
phi_e, max: 0.002865 at y = 1.983346, phi_e, min: -0.008404 at y = 2.116787
phi_m, max: 94.288485 at y = 2.116787./ phi_m, min: 0.000000 at y = 2.110000
phi_e, max: -0.012766 at y = 2.177143, phi_e, min: -0.018772 at y = 2.114413
phi_m, max: 74.462632 at y = 2.117458./ phi_m, min: 0.000000 at y = 2.110000
phi_e, max: -0.049669 at y = 2.177143, phi_e, min: -0.060125 at y = 1.938571
phi_m, max: 54.563027 at y = 2.118213./ phi_m, min: 0.000000 at y = 2.110000
phi_e, max: -0.046756 at y = 2.177143, phi_e, min: -0.057213 at y = 1.938571
phi_m, max: 36.905556 at y = 2.118825./ phi_m, min: 0.000000 at y = 2.110000
phi_e, max: -0.040779 at y = 2.177143, phi_e, min: -0.050072 at y = 1.938571
phi_m, max: 16.947948 at y = 2.177143./ phi_m, min: 0.000000 at y = 2.110000
phi_e, max: -0.032092 at y = 2.177143, phi_e, min: -0.041277 at y = 1.938571
phi_m, max: 2.643087 at y = 2.177143./ phi_m, min: 0.000000 at y = 2.110000
phi_e, max: -0.026858 at y = 2.177143, phi_e, min: -0.033943 at y = 1.938571


phi_m, max: -0.000000 at y = 3.971429./ phi_m, min: -0.001031 at y = 3.885714
phi_e, max: 0.000598 at y = 4.210000, phi_e, min: 0.000597 at y = 3.885714
phi_m, max: -0.000000 at y = 3.971429./ phi_m, min: -0.000991 at y = 4.000000
phi_e, max: 0.000237 at y = 4.210000, phi_e, min: 0.000236 at y = 3.885714
phi_m, max: -0.000000 at y = 3.971429./ phi_m, min: -0.000981 at y = 4.000000
phi_e, max: 0.000193 at y = 4.210000, phi_e, min: 0.000192 at y = 3.885714
phi_m, max: -0.000000 at y = 3.971429./ phi_m, min: -0.000961 at y = 4.000000
phi_e, max: 0.000140 at y = 3.885714, phi_e, min: 0.000139 at y = 4.210000
phi_m, max: 0.000139 at y = 3.885714./ phi_m, min: -0.000869 at y = 4.210000
phi_e, max: -0.000259 at y = 3.885714, phi_e, min: -0.000396 at y = 4.210000
phi_m, max: 0.130099 at y = 3.885714./ phi_m, min: 0.000000 at y = 3.971429
phi_e, max: -0.010654 at y = 4.210000, phi_e, min: -0.012187 at y = 3.885714
phi_m, max: 11.090140 at y = 3.885714./ phi_m, min: 0.000000 at y = 3.971429
phi_e, max: 0.056605 at y = 3.885714, phi_e, min: 0.053916 at y = 3.961218
phi_m, max: 112.558504 at y = 4.000000./ phi_m, min: 0.000000 at y = 3.971429
phi_e, max: 0.036470 at y = 3.885714, phi_e, min: -0.011133 at y = 4.010000
phi_m, max: 108.715862 at y = 4.210000./ phi_m, min: 0.000000 at y = 3.971429
phi_e, max: 0.037648 at y = 3.885714, phi_e, min: 0.018714 at y = 4.010000
phi_m, max: 93.089785 at y = 4.210000./ phi_m, min: 0.000000 at y = 3.971429
phi_e, max: 0.028662 at y = 3.885714, phi_e, min: 0.013112 at y = 4.010000
phi_m, max: 73.616197 at y = 4.210000./ phi_m, min: 0.000000 at y = 3.971429
phi_e, max: 0.020455 at y = 3.885714, phi_e, min: 0.008643 at y = 4.010000


phi_m, max: -0.000000 at y = 3.370000./ phi_m, min: -0.018119 at y = 3.341429
phi_e, max: 0.000611 at y = 3.341429, phi_e, min: 0.000000 at y = 3.312857
phi_m, max: -0.000000 at y = 3.370000./ phi_m, min: -0.007600 at y = 3.341429
phi_e, max: 0.000242 at y = 3.341429, phi_e, min: 0.000000 at y = 3.312857
phi_m, max: -0.000000 at y = 3.370000./ phi_m, min: -0.006347 at y = 3.341429
phi_e, max: 0.000197 at y = 3.341429, phi_e, min: 0.000000 at y = 3.312857
phi_m, max: -0.000000 at y = 3.370000./ phi_m, min: -0.002426 at y = 3.341429
phi_e, max: 0.000149 at y = 3.341429, phi_e, min: 0.000000 at y = 3.312857
phi_m, max: 0.187703 at y = 3.341429./ phi_m, min: 0.000000 at y = 3.370000
phi_e, max: 0.000093 at y = 3.341429, phi_e, min: -0.000099 at y = 3.551429
phi_m, max: 25.019374 at y = 3.341429./ phi_m, min: 0.000000 at y = 3.370000
phi_e, max: 0.001331 at y = 3.371787, phi_e, min: -0.011529 at y = 3.545110
phi_m, max: 114.814570 at y = 3.375449./ phi_m, min: 0.000000 at y = 3.370000
phi_e, max: 0.024272 at y = 3.551429, phi_e, min: -0.000889 at y = 3.371787
phi_m, max: 102.779806 at y = 3.376787./ phi_m, min: 0.000000 at y = 3.370000
phi_e, max: 0.020121 at y = 3.551429, phi_e, min: -0.000663 at y = 3.371787
phi_m, max: 85.981751 at y = 3.551429./ phi_m, min: 0.000000 at y = 3.370000
phi_e, max: 0.016352 at y = 3.551429, phi_e, min: -0.000527 at y = 3.371787
phi_m, max: 66.588126 at y = 3.551429./ phi_m, min: 0.000000 at y = 3.370000
phi_e, max: 0.012270 at y = 3.551429, phi_e, min: -0.000388 at y = 3.371787
phi_m, max: 47.930545 at y = 3.551429./ phi_m, min: 0.000000 at y = 3.370000
phi_e, max: 0.008746 at y = 3.551429, phi_e, min: -0.000257 at y = 3.371787


phi_m, max: -0.000000 at y = 2.950000./ phi_m, min: -0.004183 at y = 3.045714
phi_e, max: -0.047576 at y = 3.045714, phi_e, min: -0.097399 at y = 2.807143
phi_m, max: -0.000000 at y = 2.950000./ phi_m, min: -0.002155 at y = 3.045714
phi_e, max: -0.018838 at y = 3.045714, phi_e, min: -0.038565 at y = 2.807143
phi_m, max: 0.000513 at y = 2.807143./ phi_m, min: -0.001718 at y = 3.045714
phi_e, max: -0.015360 at y = 3.045714, phi_e, min: -0.031446 at y = 2.807143
phi_m, max: 0.213340 at y = 2.807143./ phi_m, min: 0.000000 at y = 2.950000
phi_e, max: -0.011590 at y = 3.045714, phi_e, min: -0.023725 at y = 2.807143
phi_m, max: 15.619118 at y = 2.807143./ phi_m, min: 0.000000 at y = 2.950000
phi_e, max: -0.008325 at y = 3.045714, phi_e, min: -0.017169 at y = 2.807143
phi_m, max: 114.976671 at y = 2.954413./ phi_m, min: 0.000000 at y = 2.950000
phi_e, max: -0.002019 at y = 3.045714, phi_e, min: -0.015303 at y = 2.956787
phi_m, max: 105.534049 at y = 2.956426./ phi_m, min: 0.000000 at y = 2.950000
phi_e, max: -0.008682 at y = 3.045714, phi_e, min: -0.022586 at y = 2.807143
phi_m, max: 87.622388 at y = 2.957458./ phi_m, min: 0.000000 at y = 2.950000
phi_e, max: -0.007930 at y = 3.045714, phi_e, min: -0.020474 at y = 2.807143
phi_m, max: 67.399509 at y = 2.957458./ phi_m, min: 0.000000 at y = 2.950000
phi_e, max: -0.006793 at y = 3.045714, phi_e, min: -0.017380 at y = 2.807143
phi_m, max: 48.240074 at y = 2.958213./ phi_m, min: 0.000000 at y = 2.950000
phi_e, max: -0.005239 at y = 3.045714, phi_e, min: -0.013319 at y = 2.807143
phi_m, max: 31.133394 at y = 3.045714./ phi_m, min: 0.000000 at y = 2.950000
phi_e, max: -0.003642 at y = 3.045714, phi_e, min: -0.009424 at y = 2.807143


phi_m, max: 0.973053 at y = 1.070000./ phi_m, min: 0.000000 at y = 1.270000
phi_e, max: -0.407129 at y = 1.308571, phi_e, min: -0.456700 at y = 1.070000
phi_m, max: 91.596419 at y = 1.070000./ phi_m, min: 0.000000 at y = 1.270000
phi_e, max: -0.163966 at y = 1.308571, phi_e, min: -0.200837 at y = 1.070000
phi_m, max: 113.965382 at y = 1.275587./ phi_m, min: 0.000000 at y = 1.270000
phi_e, max: -0.077806 at y = 1.120581, phi_e, min: -0.093273 at y = 1.276787
phi_m, max: 100.535214 at y = 1.276787./ phi_m, min: 0.000000 at y = 1.270000
phi_e, max: 0.000138 at y = 1.115344, phi_e, min: -0.013579 at y = 1.276787
phi_m, max: 81.512760 at y = 1.277458./ phi_m, min: 0.000000 at y = 1.270000
phi_e, max: 0.042879 at y = 1.110939, phi_e, min: 0.031267 at y = 1.276787
phi_m, max: 61.257276 at y = 1.277458./ phi_m, min: 0.000000 at y = 1.270000
phi_e, max: -0.009093 at y = 1.164726, phi_e, min: -0.013069 at y = 1.274413
phi_m, max: 42.907495 at y = 1.278213./ phi_m, min: 0.000000 at y = 1.270000
phi_e, max: -0.080367 at y = 1.308571, phi_e, min: -0.091023 at y = 1.070000
phi_m, max: 24.143631 at y = 1.308571./ phi_m, min: 0.000000 at y = 1.270000
phi_e, max: -0.080318 at y = 1.308571, phi_e, min: -0.092615 at y = 1.070000
phi_m, max: 5.256574 at y = 1.308571./ phi_m, min: 0.000000 at y = 1.270000
phi_e, max: -0.078011 at y = 1.308571, phi_e, min: -0.091909 at y = 1.070000
phi_m, max: 0.349105 at y = 1.308571./ phi_m, min: -0.073766 at y = 1.070000
phi_e, max: -0.068366 at y = 1.308571, phi_e, min: -0.078639 at y = 1.070000
phi_m, max: -0.000000 at y = 1.270000./ phi_m, min: -0.342494 at y = 1.070000
phi_e, max: -0.052571 at y = 1.308571, phi_e, min: -0.059631 at y = 1.070000


phi_m, max: 6.645479 at y = 0.860000./ phi_m, min: 0.000000 at y = 0.888571
phi_e, max: -0.445343 at y = 1.123787, phi_e, min: -0.502255 at y = 0.860000
phi_m, max: 112.244197 at y = 0.860000./ phi_m, min: 0.000000 at y = 0.888571
phi_e, max: -0.154491 at y = 0.889771, phi_e, min: -0.201193 at y = 1.068213
phi_m, max: 109.533109 at y = 1.066426./ phi_m, min: 0.000000 at y = 0.888571
phi_e, max: -0.063290 at y = 0.908131, phi_e, min: -0.080305 at y = 1.068213
phi_m, max: 93.039491 at y = 1.066787./ phi_m, min: 0.000000 at y = 0.888571
phi_e, max: 0.013266 at y = 0.904775, phi_e, min: -0.001680 at y = 1.068213
phi_m, max: 73.108313 at y = 1.067458./ phi_m, min: 0.000000 at y = 0.888571
phi_e, max: 0.053722 at y = 0.900370, phi_e, min: 0.041644 at y = 1.068213
phi_m, max: 53.324232 at y = 1.068213./ phi_m, min: 0.000000 at y = 0.888571
phi_e, max: -0.008518 at y = 0.958082, phi_e, min: -0.012416 at y = 1.065587
phi_m, max: 35.725992 at y = 1.068825./ phi_m, min: 0.000000 at y = 0.888571
phi_e, max: -0.087013 at y = 1.123787, phi_e, min: -0.099071 at y = 0.860000
phi_m, max: 14.366305 at y = 1.070000./ phi_m, min: 0.000000 at y = 0.888571
phi_e, max: -0.089004 at y = 1.123787, phi_e, min: -0.105614 at y = 0.860000
phi_m, max: 1.887528 at y = 1.070000./ phi_m, min: 0.000000 at y = 0.888571
phi_e, max: -0.088757 at y = 1.123787, phi_e, min: -0.104288 at y = 0.860000
phi_m, max: -0.000000 at y = 0.888571./ phi_m, min: -0.234497 at y = 0.860000
phi_e, max: -0.076289 at y = 1.123787, phi_e, min: -0.087762 at y = 0.860000
phi_m, max: -0.000000 at y = 0.888571./ phi_m, min: -0.387117 at y = 0.860000
phi_e, max: -0.058014 at y = 1.123787, phi_e, min: -0.065941 at y = 0.860000


phi_m, max: -0.000000 at y = 2.358571./ phi_m, min: -0.002532 at y = 2.501429
phi_e, max: -0.135338 at y = 2.625714, phi_e, min: -0.196662 at y = 2.330000
phi_m, max: -0.000000 at y = 2.358571./ phi_m, min: -0.001122 at y = 2.530000
phi_e, max: -0.053587 at y = 2.625714, phi_e, min: -0.077868 at y = 2.330000
phi_m, max: 0.069862 at y = 2.387143./ phi_m, min: 0.000000 at y = 2.358571
phi_e, max: -0.043696 at y = 2.625714, phi_e, min: -0.063482 at y = 2.330000
phi_m, max: 9.501471 at y = 2.387143./ phi_m, min: 0.000000 at y = 2.358571
phi_e, max: -0.033047 at y = 2.625714, phi_e, min: -0.046406 at y = 2.330000
phi_m, max: 112.966571 at y = 2.532542./ phi_m, min: 0.000000 at y = 2.358571
phi_e, max: -0.007522 at y = 2.399511, phi_e, min: -0.036899 at y = 2.538213
phi_m, max: 108.083386 at y = 2.536426./ phi_m, min: 0.000000 at y = 2.358571
phi_e, max: -0.005497 at y = 2.625714, phi_e, min: -0.015216 at y = 2.330000
phi_m, max: 90.995328 at y = 2.536787./ phi_m, min: 0.000000 at y = 2.358571
phi_e, max: -0.028792 at y = 2.625714, phi_e, min: -0.046378 at y = 2.330000
phi_m, max: 70.925037 at y = 2.537458./ phi_m, min: 0.000000 at y = 2.358571
phi_e, max: -0.026659 at y = 2.625714, phi_e, min: -0.042639 at y = 2.330000
phi_m, max: 51.355700 at y = 2.538213./ phi_m, min: 0.000000 at y = 2.358571
phi_e, max: -0.023064 at y = 2.625714, phi_e, min: -0.036631 at y = 2.330000
phi_m, max: 33.777078 at y = 2.597143./ phi_m, min: 0.000000 at y = 2.358571
phi_e, max: -0.017846 at y = 2.625714, phi_e, min: -0.028113 at y = 2.330000
phi_m, max: 13.297838 at y = 2.597143./ phi_m, min: 0.000000 at y = 2.358571
phi_e, max: -0.013574 at y = 2.625714, phi_e, min: -0.022088 at y = 2.330000


phi_m, max: -0.000000 at y = 4.640000./ phi_m, min: -0.000991 at y = 4.634832
phi_e, max: 0.000601 at y = 4.850000, phi_e, min: 0.000600 at y = 4.630000
phi_m, max: -0.000000 at y = 4.640000./ phi_m, min: -0.000999 at y = 4.634832
phi_e, max: 0.000237 at y = 4.846426, phi_e, min: 0.000237 at y = 4.699300
phi_m, max: -0.000000 at y = 4.640000./ phi_m, min: -0.000991 at y = 4.634832
phi_e, max: 0.000193 at y = 4.846426, phi_e, min: 0.000193 at y = 4.732276
phi_m, max: -0.000000 at y = 4.640000./ phi_m, min: -0.000982 at y = 4.634832
phi_e, max: 0.000136 at y = 4.630000, phi_e, min: 0.000135 at y = 4.850000
phi_m, max: -0.000000 at y = 4.640000./ phi_m, min: -0.000972 at y = 4.635168
phi_e, max: -0.000573 at y = 4.630000, phi_e, min: -0.000667 at y = 4.850000
phi_m, max: -0.000000 at y = 4.640000./ phi_m, min: -0.000932 at y = 4.840000
phi_e, max: -0.007525 at y = 4.850000, phi_e, min: -0.008612 at y = 4.630000
phi_m, max: 0.018610 at y = 4.630000./ phi_m, min: 0.000000 at y = 4.640000
phi_e, max: 0.055658 at y = 4.850000, phi_e, min: 0.055136 at y = 4.630000
phi_m, max: 1.844167 at y = 4.630000./ phi_m, min: 0.000000 at y = 4.640000
phi_e, max: -0.015533 at y = 4.631787, phi_e, min: -0.016830 at y = 4.817747
phi_m, max: 105.985233 at y = 4.631175./ phi_m, min: 0.000000 at y = 4.640000
phi_e, max: 0.140184 at y = 4.840000, phi_e, min: 0.080707 at y = 4.631787
phi_m, max: 111.218993 at y = 4.840000./ phi_m, min: 0.000000 at y = 4.640000
phi_e, max: 0.095534 at y = 4.850000, phi_e, min: 0.063974 at y = 4.630587
phi_m, max: 97.386471 at y = 4.840000./ phi_m, min: 0.000000 at y = 4.640000
phi_e, max: 0.076112 at y = 4.850000, phi_e, min: 0.049609 at y = 4.631787


phi_m, max: 113.563286 at y = 0.225587./ phi_m, min: 0.000000 at y = 0.220000
phi_e, max: -0.559712 at y = 0.335274, phi_e, min: -0.568883 at y = 0.224413
phi_m, max: 99.623701 at y = 0.226787./ phi_m, min: 0.000000 at y = 0.220000
phi_e, max: -0.145225 at y = 0.337724, phi_e, min: -0.152999 at y = 0.224413
phi_m, max: 80.459797 at y = 0.226787./ phi_m, min: 0.000000 at y = 0.220000
phi_e, max: -0.057546 at y = 0.337724, phi_e, min: -0.063649 at y = 0.224413
phi_m, max: 60.274631 at y = 0.227458./ phi_m, min: 0.000000 at y = 0.220000
phi_e, max: 0.019106 at y = 0.337724, phi_e, min: 0.014681 at y = 0.224413
phi_m, max: 42.471131 at y = 0.344286./ phi_m, min: 0.000000 at y = 0.220000
phi_e, max: 0.058749 at y = 0.337724, phi_e, min: 0.055754 at y = 0.224413
phi_m, max: 25.174117 at y = 0.344286./ phi_m, min: 0.000000 at y = 0.220000
phi_e, max: -0.024012 at y = 0.344286, phi_e, min: -0.025395 at y = 0.225168
phi_m, max: 6.033036 at y = 0.344286./ phi_m, min: 0.000000 at y = 0.220000
phi_e, max: -0.130316 at y = 0.344286, phi_e, min: -0.130689 at y = 0.105714
phi_m, max: 0.473699 at y = 0.344286./ phi_m, min: 0.000000 at y = 0.220000
phi_e, max: -0.139145 at y = 0.344286, phi_e, min: -0.139281 at y = 0.105714
phi_m, max: -0.000000 at y = 0.220000./ phi_m, min: -0.261566 at y = 0.226426
phi_e, max: -0.131706 at y = 0.344286, phi_e, min: -0.131809 at y = 0.315714
phi_m, max: -0.000000 at y = 0.220000./ phi_m, min: -0.391794 at y = 0.226426
phi_e, max: -0.108126 at y = 0.344286, phi_e, min: -0.108202 at y = 0.315714
phi_m, max: -0.000000 at y = 0.220000./ phi_m, min: -0.453656 at y = 0.226259
phi_e, max: -0.080019 at y = 0.344286, phi_e, min: -0.080071 at y = 0.315714


phi_m, max: 112.079681 at y = 0.011175./ phi_m, min: 0.000000 at y = -0.010000
phi_e, max: -0.561556 at y = 0.121918, phi_e, min: -0.568649 at y = 0.016787
phi_m, max: 96.769066 at y = 0.009413./ phi_m, min: 0.000000 at y = -0.010000
phi_e, max: -0.147121 at y = 0.121918, phi_e, min: -0.153011 at y = 0.016787
phi_m, max: 77.425389 at y = 0.008376./ phi_m, min: 0.000000 at y = -0.010000
phi_e, max: -0.059184 at y = 0.121918, phi_e, min: -0.063775 at y = 0.016787
phi_m, max: 57.605573 at y = 0.007458./ phi_m, min: 0.000000 at y = -0.010000
phi_e, max: 0.017806 at y = 0.121918, phi_e, min: 0.014458 at y = 0.015587
phi_m, max: 40.062897 at y = 0.006426./ phi_m, min: 0.000000 at y = -0.010000
phi_e, max: 0.057793 at y = 0.121918, phi_e, min: 0.055507 at y = 0.014413
phi_m, max: 20.362228 at y = 0.004832./ phi_m, min: 0.000000 at y = -0.010000
phi_e, max: -0.024758 at y = 0.124075, phi_e, min: -0.025694 at y = 0.004413
phi_m, max: 3.395087 at y = 0.134286./ phi_m, min: 0.000000 at y = -0.010000
phi_e, max: -0.130671 at y = 0.134286, phi_e, min: -0.130781 at y = 0.003213
phi_m, max: 0.341669 at y = 0.001787./ phi_m, min: 0.000000 at y = -0.010000
phi_e, max: -0.139277 at y = 0.134286, phi_e, min: -0.139314 at y = 0.005587
phi_m, max: -0.000000 at y = -0.010000./ phi_m, min: -0.202466 at y = 0.134286
phi_e, max: -0.131790 at y = 0.134286, phi_e, min: -0.131805 at y = 0.005587
phi_m, max: -0.000000 at y = -0.010000./ phi_m, min: -0.332077 at y = 0.134286
phi_e, max: -0.108178 at y = 0.019413, phi_e, min: -0.108185 at y = 0.115925
phi_m, max: -0.000000 at y = -0.010000./ phi_m, min: -0.400030 at y = 0.134286
phi_e, max: -0.080040 at y = 0.018213, phi_e, min: -0.080057 at y = 0.117513


phi_m, max: 0.018845 at y = 1.490000./ phi_m, min: 0.000000 at y = 1.518571
phi_e, max: -0.314157 at y = 1.757143, phi_e, min: -0.369417 at y = 1.490000
phi_m, max: 2.209736 at y = 1.490000./ phi_m, min: 0.000000 at y = 1.518571
phi_e, max: -0.124439 at y = 1.757143, phi_e, min: -0.146408 at y = 1.490000
phi_m, max: 104.494372 at y = 1.490000./ phi_m, min: 0.000000 at y = 1.518571
phi_e, max: -0.105208 at y = 1.757143, phi_e, min: -0.127042 at y = 1.490000
phi_m, max: 112.369470 at y = 1.696259./ phi_m, min: 0.000000 at y = 1.518571
phi_e, max: -0.021386 at y = 1.543494, phi_e, min: -0.036898 at y = 1.696787
phi_m, max: 97.477920 at y = 1.696787./ phi_m, min: 0.000000 at y = 1.518571
phi_e, max: 0.023340 at y = 1.536932, phi_e, min: 0.009275 at y = 1.696787
phi_m, max: 77.998792 at y = 1.697458./ phi_m, min: 0.000000 at y = 1.518571
phi_e, max: -0.010086 at y = 1.573557, phi_e, min: -0.016731 at y = 1.695587
phi_m, max: 57.866893 at y = 1.697458./ phi_m, min: 0.000000 at y = 1.518571
phi_e, max: -0.064695 at y = 1.757143, phi_e, min: -0.075222 at y = 1.490000
phi_m, max: 39.928596 at y = 1.698376./ phi_m, min: 0.000000 at y = 1.518571
phi_e, max: -0.062870 at y = 1.757143, phi_e, min: -0.074015 at y = 1.490000
phi_m, max: 20.243782 at y = 1.728571./ phi_m, min: 0.000000 at y = 1.518571
phi_e, max: -0.055969 at y = 1.757143, phi_e, min: -0.068196 at y = 1.490000
phi_m, max: 3.620310 at y = 1.728571./ phi_m, min: 0.000000 at y = 1.518571
phi_e, max: -0.048919 at y = 1.757143, phi_e, min: -0.060463 at y = 1.490000
phi_m, max: 0.139896 at y = 1.728571./ phi_m, min: -0.156039 at y = 1.490000
phi_e, max: -0.039293 at y = 1.757143, phi_e, min: -0.047181 at y = 1.490000


phi_m, max: -0.000000 at y = 6.310000./ phi_m, min: -0.001063 at y = 6.318825
phi_e, max: 0.000608 at y = 6.330000, phi_e, min: 0.000607 at y = 6.110000
phi_m, max: -0.000000 at y = 6.310000./ phi_m, min: -0.001071 at y = 6.318825
phi_e, max: 0.000240 at y = 6.330000, phi_e, min: 0.000240 at y = 6.110000
phi_m, max: -0.000000 at y = 6.310000./ phi_m, min: -0.001063 at y = 6.318825
phi_e, max: 0.000196 at y = 6.320000, phi_e, min: 0.000195 at y = 6.110000
phi_m, max: -0.000000 at y = 6.310000./ phi_m, min: -0.001052 at y = 6.318825
phi_e, max: 0.000129 at y = 6.110000, phi_e, min: 0.000129 at y = 6.320000
phi_m, max: -0.000000 at y = 6.310000./ phi_m, min: -0.000984 at y = 6.315510
phi_e, max: -0.001200 at y = 6.110000, phi_e, min: -0.001290 at y = 6.330000
phi_m, max: -0.000000 at y = 6.310000./ phi_m, min: -0.001928 at y = 6.320000
phi_e, max: -0.000275 at y = 6.330000, phi_e, min: -0.001322 at y = 6.110000
phi_m, max: -0.000000 at y = 6.310000./ phi_m, min: -0.001489 at y = 6.320000
phi_e, max: 0.059255 at y = 6.330000, phi_e, min: 0.058734 at y = 6.110000
phi_m, max: -0.000000 at y = 6.310000./ phi_m, min: -0.001395 at y = 6.320000
phi_e, max: -0.014145 at y = 6.330000, phi_e, min: -0.014566 at y = 6.110000
phi_m, max: -0.000000 at y = 6.310000./ phi_m, min: -0.001268 at y = 6.320000
phi_e, max: 0.112907 at y = 6.330000, phi_e, min: 0.112583 at y = 6.110000
phi_m, max: 0.010834 at y = 6.110000./ phi_m, min: 0.000000 at y = 6.310000
phi_e, max: 0.230265 at y = 6.330000, phi_e, min: 0.230037 at y = 6.110000
phi_m, max: 1.619218 at y = 6.110000./ phi_m, min: 0.000000 at y = 6.310000
phi_e, max: 0.030690 at y = 6.318213, phi_e, min: 0.030018 at y = 6.110000


phi_m, max: -0.000000 at y = 5.928571./ phi_m, min: -0.001000 at y = 6.105449
phi_e, max: 0.000607 at y = 6.138571, phi_e, min: 0.000606 at y = 5.900000
phi_m, max: -0.000000 at y = 5.928571./ phi_m, min: -0.001009 at y = 6.105449
phi_e, max: 0.000240 at y = 6.138571, phi_e, min: 0.000239 at y = 5.900000
phi_m, max: -0.000000 at y = 5.928571./ phi_m, min: -0.001001 at y = 6.105449
phi_e, max: 0.000195 at y = 6.138571, phi_e, min: 0.000195 at y = 5.900000
phi_m, max: -0.000000 at y = 5.928571./ phi_m, min: -0.000992 at y = 6.105449
phi_e, max: 0.000130 at y = 5.900000, phi_e, min: 0.000129 at y = 6.138571
phi_m, max: -0.000000 at y = 5.928571./ phi_m, min: -0.000975 at y = 6.105168
phi_e, max: -0.001112 at y = 5.900000, phi_e, min: -0.001212 at y = 6.138571
phi_m, max: -0.000000 at y = 5.928571./ phi_m, min: -0.001094 at y = 6.138571
phi_e, max: -0.001184 at y = 6.138571, phi_e, min: -0.002350 at y = 5.900000
phi_m, max: -0.000000 at y = 5.928571./ phi_m, min: -0.001030 at y = 6.108376
phi_e, max: 0.058803 at y = 6.138571, phi_e, min: 0.058224 at y = 5.900000
phi_m, max: -0.000000 at y = 5.928571./ phi_m, min: -0.001010 at y = 6.107458
phi_e, max: -0.014510 at y = 6.138571, phi_e, min: -0.014979 at y = 5.900000
phi_m, max: 0.000138 at y = 5.900000./ phi_m, min: -0.000836 at y = 6.138571
phi_e, max: 0.112625 at y = 6.138571, phi_e, min: 0.112264 at y = 5.900000
phi_m, max: 0.077112 at y = 5.900000./ phi_m, min: 0.000000 at y = 5.928571
phi_e, max: 0.230066 at y = 6.138571, phi_e, min: 0.229799 at y = 5.900000
phi_m, max: 10.744771 at y = 5.900000./ phi_m, min: 0.000000 at y = 5.928571
phi_e, max: 0.030126 at y = 6.105587, phi_e, min: 0.027414 at y = 5.900000


phi_m, max: -0.000000 at y = 3.790000./ phi_m, min: -0.001374 at y = 3.761429
phi_e, max: 0.000597 at y = 4.010000, phi_e, min: 0.000596 at y = 3.761429
phi_m, max: -0.000000 at y = 3.790000./ phi_m, min: -0.001109 at y = 3.761429
phi_e, max: 0.000236 at y = 4.010000, phi_e, min: 0.000236 at y = 3.761429
phi_m, max: -0.000000 at y = 3.790000./ phi_m, min: -0.001072 at y = 3.761429
phi_e, max: 0.000193 at y = 4.010000, phi_e, min: 0.000192 at y = 3.761429
phi_m, max: -0.000000 at y = 3.790000./ phi_m, min: -0.001003 at y = 3.794084
phi_e, max: 0.000141 at y = 3.761429, phi_e, min: 0.000140 at y = 4.010000
phi_m, max: 0.003369 at y = 3.761429./ phi_m, min: -0.000719 at y = 4.010000
phi_e, max: -0.000204 at y = 3.761429, phi_e, min: -0.000311 at y = 4.010000
phi_m, max: 0.546312 at y = 3.761429./ phi_m, min: 0.000000 at y = 3.790000
phi_e, max: -0.011629 at y = 4.010000, phi_e, min: -0.012581 at y = 3.761429
phi_m, max: 43.253296 at y = 3.761429./ phi_m, min: 0.000000 at y = 3.790000
phi_e, max: 0.070793 at y = 3.793213, phi_e, min: 0.053819 at y = 3.961218
phi_m, max: 114.555878 at y = 4.003633./ phi_m, min: 0.000000 at y = 3.790000
phi_e, max: 0.042649 at y = 3.835133, phi_e, min: -0.011267 at y = 4.009413
phi_m, max: 106.560100 at y = 4.006426./ phi_m, min: 0.000000 at y = 3.790000
phi_e, max: 0.038591 at y = 3.860792, phi_e, min: 0.018622 at y = 4.008213
phi_m, max: 88.951857 at y = 4.007458./ phi_m, min: 0.000000 at y = 3.790000
phi_e, max: 0.029491 at y = 3.860792, phi_e, min: 0.013025 at y = 4.008213
phi_m, max: 68.778070 at y = 4.007458./ phi_m, min: 0.000000 at y = 3.790000
phi_e, max: 0.021131 at y = 3.858342, phi_e, min: 0.008567 at y = 4.008213


phi_m, max: -0.000000 at y = 5.260000./ phi_m, min: -0.000991 at y = 5.264832
phi_e, max: 0.000602 at y = 5.298571, phi_e, min: 0.000601 at y = 5.060000
phi_m, max: -0.000000 at y = 5.260000./ phi_m, min: -0.000999 at y = 5.264832
phi_e, max: 0.000238 at y = 5.298571, phi_e, min: 0.000237 at y = 5.060000
phi_m, max: -0.000000 at y = 5.260000./ phi_m, min: -0.000991 at y = 5.264832
phi_e, max: 0.000193 at y = 5.298571, phi_e, min: 0.000193 at y = 5.060000
phi_m, max: -0.000000 at y = 5.260000./ phi_m, min: -0.000982 at y = 5.264832
phi_e, max: 0.000134 at y = 5.060000, phi_e, min: 0.000132 at y = 5.298571
phi_m, max: -0.000000 at y = 5.260000./ phi_m, min: -0.000974 at y = 5.265168
phi_e, max: -0.000756 at y = 5.060000, phi_e, min: -0.000857 at y = 5.298571
phi_m, max: -0.000000 at y = 5.260000./ phi_m, min: -0.000965 at y = 5.264490
phi_e, max: -0.005316 at y = 5.298571, phi_e, min: -0.006494 at y = 5.060000
phi_m, max: -0.000000 at y = 5.260000./ phi_m, min: -0.000919 at y = 5.266259
phi_e, max: 0.056752 at y = 5.298571, phi_e, min: 0.056167 at y = 5.060000
phi_m, max: 0.016133 at y = 5.063356./ phi_m, min: 0.000000 at y = 5.260000
phi_e, max: -0.016160 at y = 5.298571, phi_e, min: -0.016604 at y = 5.060000
phi_m, max: 2.027502 at y = 5.063356./ phi_m, min: 0.000000 at y = 5.260000
phi_e, max: 0.115751 at y = 5.060000, phi_e, min: 0.112640 at y = 5.298571
phi_m, max: 101.785249 at y = 5.063356./ phi_m, min: 0.000000 at y = 5.260000
phi_e, max: 0.192079 at y = 5.298571, phi_e, min: 0.100308 at y = 5.060000
phi_m, max: 112.673651 at y = 5.266259./ phi_m, min: 0.000000 at y = 5.260000
phi_e, max: 0.091354 at y = 5.136703, phi_e, min: 0.080157 at y = 5.265587


phi_m, max: -0.000000 at y = 4.850000./ phi_m, min: -0.000991 at y = 4.844832
phi_e, max: 0.000601 at y = 5.088571, phi_e, min: 0.000601 at y = 4.840000
phi_m, max: -0.000000 at y = 4.850000./ phi_m, min: -0.000999 at y = 4.844832
phi_e, max: 0.000237 at y = 5.088571, phi_e, min: 0.000237 at y = 4.887583
phi_m, max: -0.000000 at y = 4.850000./ phi_m, min: -0.000991 at y = 4.844832
phi_e, max: 0.000193 at y = 5.088571, phi_e, min: 0.000193 at y = 4.909300
phi_m, max: -0.000000 at y = 4.850000./ phi_m, min: -0.000982 at y = 5.055168
phi_e, max: 0.000135 at y = 4.840000, phi_e, min: 0.000133 at y = 5.088571
phi_m, max: -0.000000 at y = 4.850000./ phi_m, min: -0.000974 at y = 5.055168
phi_e, max: -0.000663 at y = 4.840000, phi_e, min: -0.000767 at y = 5.088571
phi_m, max: -0.000000 at y = 4.850000./ phi_m, min: -0.000964 at y = 5.054832
phi_e, max: -0.006358 at y = 5.088571, phi_e, min: -0.007573 at y = 4.840000
phi_m, max: 0.002022 at y = 4.840000./ phi_m, min: -0.000736 at y = 5.060000
phi_e, max: 0.056235 at y = 5.088571, phi_e, min: 0.055634 at y = 4.840000
phi_m, max: 0.270915 at y = 4.840000./ phi_m, min: 0.000000 at y = 4.850000
phi_e, max: -0.016554 at y = 5.088571, phi_e, min: -0.016813 at y = 4.840000
phi_m, max: 30.962400 at y = 4.840000./ phi_m, min: 0.000000 at y = 4.850000
phi_e, max: 0.140288 at y = 4.841787, phi_e, min: 0.115228 at y = 5.088571
phi_m, max: 114.184959 at y = 4.845587./ phi_m, min: 0.000000 at y = 4.850000
phi_e, max: 0.111048 at y = 4.962129, phi_e, min: 0.093173 at y = 4.840587
phi_m, max: 107.559663 at y = 5.056426./ phi_m, min: 0.000000 at y = 4.850000
phi_e, max: 0.091703 at y = 4.981058, phi_e, min: 0.074102 at y = 4.840587


Writing: "Fiber2DEphapticPlaneL6rho3_11.chk"
 (0.00181003s, XML)
Steps: 12000000 Time: 1.2         
phi_m, max: -0.000000 at y = 5.050000./ phi_m, min: -0.000991 at y = 5.475168
phi_e, max: 0.000603 at y = 5.480000, phi_e, min: 0.000601 at y = 5.021429
phi_m, max: -0.000000 at y = 5.050000./ phi_m, min: -0.000999 at y = 5.475168
phi_e, max: 0.000238 at y = 5.480000, phi_e, min: 0.000237 at y = 5.021429
phi_m, max: -0.000000 at y = 5.050000./ phi_m, min: -0.000991 at y = 5.475168
phi_e, max: 0.000194 at y = 5.480000, phi_e, min: 0.000193 at y = 5.021429
phi_m, max: -0.000000 at y = 5.050000./ phi_m, min: -0.000982 at y = 5.475168
phi_e, max: 0.000134 at y = 5.021429, phi_e, min: 0.000132 at y = 5.480000
phi_m, max: -0.000000 at y = 5.050000./ phi_m, min: -0.000974 at y = 5.055168
phi_e, max: -0.000739 at y = 5.021429, phi_e, min: -0.000934 at y = 5.480000
phi_m, max: -0.000000 at y = 5.050000./ phi_m, min: -0.000979 at y = 5.475510
phi_e, max: -0.004422 at y = 5.480000, phi_e, min: -0.006685 at y = 5.021429
phi_m, max: -0.000000 at y = 5.050000./ phi_m, min: -0.000961 at y = 5.475587
phi_e, max: 0.057195 at y = 5.480000, phi_e, min: 0.056073 at y = 5.021429
phi_m, max: 0.039173 at y = 5.050000./ phi_m, min: -0.000559 at y = 5.480000
phi_e, max: -0.015812 at y = 5.480000, phi_e, min: -0.016678 at y = 5.021429
phi_m, max: 4.723895 at y = 5.050000./ phi_m, min: 0.000000 at y = 5.050000
phi_e, max: 0.115907 at y = 5.021429, phi_e, min: 0.111577 at y = 5.451640
phi_m, max: 113.705704 at y = 5.053213./ phi_m, min: 0.000000 at y = 5.050000
phi_e, max: 0.228464 at y = 5.476787, phi_e, min: 0.098300 at y = 5.056787
phi_m, max: 115.078171 at y = 5.474551./ phi_m, min: 0.000000 at y = 5.050000
phi_e, max: 0.091051 at y = 5.117143, phi_e, min: 0.054844 at y = 5.479413
phi_m, max: 104.966386 at y = 5.476426./ phi_m, min: 0.000000 at y = 5.050000
phi_e, max: 0.078087 at y = 5.117143, phi_e, min: 0.058131 at y = 5.478213


phi_m, max: 74.668361 at y = 0.640000./ phi_m, min: 0.000000 at y = 0.650000
phi_e, max: -0.501816 at y = 0.860000, phi_e, min: -0.554543 at y = 0.641787
phi_m, max: 114.974257 at y = 0.855168./ phi_m, min: 0.000000 at y = 0.650000
phi_e, max: -0.141566 at y = 0.744726, phi_e, min: -0.156504 at y = 0.858213
phi_m, max: 103.435994 at y = 0.856787./ phi_m, min: 0.000000 at y = 0.650000
phi_e, max: -0.054442 at y = 0.748082, phi_e, min: -0.065508 at y = 0.856787
phi_m, max: 84.991980 at y = 0.857458./ phi_m, min: 0.000000 at y = 0.650000
phi_e, max: 0.021061 at y = 0.744726, phi_e, min: 0.011659 at y = 0.856787
phi_m, max: 64.716356 at y = 0.857458./ phi_m, min: 0.000000 at y = 0.650000
phi_e, max: 0.059948 at y = 0.742276, phi_e, min: 0.052627 at y = 0.856787
phi_m, max: 45.905325 at y = 0.858213./ phi_m, min: 0.000000 at y = 0.650000
phi_e, max: -0.009842 at y = 0.786295, phi_e, min: -0.017487 at y = 0.641787
phi_m, max: 27.714080 at y = 0.860000./ phi_m, min: 0.000000 at y = 0.650000
phi_e, max: -0.098885 at y = 0.860000, phi_e, min: -0.111281 at y = 0.640000
phi_m, max: 6.987810 at y = 0.860000./ phi_m, min: 0.000000 at y = 0.650000
phi_e, max: -0.105587 at y = 0.860000, phi_e, min: -0.120924 at y = 0.640000
phi_m, max: 0.576796 at y = 0.860000./ phi_m, min: -0.065402 at y = 0.640000
phi_e, max: -0.104262 at y = 0.860000, phi_e, min: -0.116975 at y = 0.640000
phi_m, max: -0.000000 at y = 0.650000./ phi_m, min: -0.340941 at y = 0.641175
phi_e, max: -0.087745 at y = 0.860000, phi_e, min: -0.097153 at y = 0.640000
phi_m, max: -0.000000 at y = 0.650000./ phi_m, min: -0.433937 at y = 0.643213
phi_e, max: -0.065929 at y = 0.860000, phi_e, min: -0.072425 at y = 0.640000
phi_m, max: -0.000000 at y = 0.650000./ phi_m, min: -0.476751 at y = 0.644413
phi_e, max: -0.036289 at y = 0.860000, phi_e, min: -0.039538 at y = 0.640000


phi_m, max: -0.000000 at y = 2.320000./ phi_m, min: -0.002270 at y = 2.415714
phi_e, max: -0.178754 at y = 2.415714, phi_e, min: -0.234590 at y = 2.148571
phi_m, max: 0.004917 at y = 2.177143./ phi_m, min: -0.000654 at y = 2.415714
phi_e, max: -0.070777 at y = 2.415714, phi_e, min: -0.092886 at y = 2.148571
phi_m, max: 0.478376 at y = 2.177143./ phi_m, min: 0.000000 at y = 2.320000
phi_e, max: -0.057719 at y = 2.415714, phi_e, min: -0.075775 at y = 2.148571
phi_m, max: 62.547617 at y = 2.177143./ phi_m, min: 0.000000 at y = 2.320000
phi_e, max: -0.044532 at y = 2.415714, phi_e, min: -0.066028 at y = 2.148571
phi_m, max: 114.442230 at y = 2.325587./ phi_m, min: 0.000000 at y = 2.320000
phi_e, max: -0.003007 at y = 2.203557, phi_e, min: -0.013563 at y = 2.326787
phi_m, max: 101.665683 at y = 2.326787./ phi_m, min: 0.000000 at y = 2.320000
phi_e, max: -0.007586 at y = 2.415714, phi_e, min: -0.016472 at y = 2.323213
phi_m, max: 82.849585 at y = 2.327458./ phi_m, min: 0.000000 at y = 2.320000
phi_e, max: -0.037323 at y = 2.415714, phi_e, min: -0.052465 at y = 2.148571
phi_m, max: 62.574396 at y = 2.327458./ phi_m, min: 0.000000 at y = 2.320000
phi_e, max: -0.035005 at y = 2.415714, phi_e, min: -0.049124 at y = 2.148571
phi_m, max: 44.050418 at y = 2.328213./ phi_m, min: 0.000000 at y = 2.320000
phi_e, max: -0.030566 at y = 2.415714, phi_e, min: -0.042673 at y = 2.148571
phi_m, max: 26.545449 at y = 2.415714./ phi_m, min: 0.000000 at y = 2.320000
phi_e, max: -0.023748 at y = 2.415714, phi_e, min: -0.033415 at y = 2.148571
phi_m, max: 6.925696 at y = 2.415714./ phi_m, min: 0.000000 at y = 2.320000
phi_e, max: -0.019456 at y = 2.415714, phi_e, min: -0.027715 at y = 2.148571
phi_m, max: 0.590024 at y = 2.415714./ phi_m, min: 0.000000 at y = 2.320000
phi_e, max: -0.013279 at y = 2.415714, phi_e, min: -0.017278 at y = 2.148571


phi_m, max: -0.000000 at y = 5.690000./ phi_m, min: -0.000992 at y = 5.895168
phi_e, max: 0.000606 at y = 5.928571, phi_e, min: 0.000605 at y = 5.685587
phi_m, max: -0.000000 at y = 5.690000./ phi_m, min: -0.001000 at y = 5.895168
phi_e, max: 0.000239 at y = 5.928571, phi_e, min: 0.000239 at y = 5.685587
phi_m, max: -0.000000 at y = 5.690000./ phi_m, min: -0.000993 at y = 5.895168
phi_e, max: 0.000195 at y = 5.928571, phi_e, min: 0.000194 at y = 5.685587
phi_m, max: -0.000000 at y = 5.690000./ phi_m, min: -0.000984 at y = 5.895168
phi_e, max: 0.000131 at y = 5.685587, phi_e, min: 0.000130 at y = 5.928571
phi_m, max: -0.000000 at y = 5.690000./ phi_m, min: -0.000974 at y = 5.894832
phi_e, max: -0.001021 at y = 5.685587, phi_e, min: -0.001124 at y = 5.928571
phi_m, max: -0.000000 at y = 5.690000./ phi_m, min: -0.000979 at y = 5.895916
phi_e, max: -0.002212 at y = 5.928571, phi_e, min: -0.003408 at y = 5.685587
phi_m, max: -0.000000 at y = 5.690000./ phi_m, min: -0.000970 at y = 5.895587
phi_e, max: 0.058293 at y = 5.928571, phi_e, min: 0.057699 at y = 5.685587
phi_m, max: -0.000000 at y = 5.690000./ phi_m, min: -0.000952 at y = 5.895916
phi_e, max: -0.014923 at y = 5.928571, phi_e, min: -0.015404 at y = 5.685587
phi_m, max: 0.006201 at y = 5.690000./ phi_m, min: 0.000000 at y = 5.690000
phi_e, max: 0.112307 at y = 5.928571, phi_e, min: 0.111935 at y = 5.685587
phi_m, max: 0.521389 at y = 5.690000./ phi_m, min: 0.000000 at y = 5.690000
phi_e, max: 0.229830 at y = 5.928571, phi_e, min: 0.229426 at y = 5.685587
phi_m, max: 71.603509 at y = 5.690000./ phi_m, min: 0.000000 at y = 5.690000
phi_e, max: 0.028103 at y = 5.896787, phi_e, min: 0.009652 at y = 5.690000
phi_m, max: 114.624710 at y = 5.895587./ phi_m, min: 0.000000 at y = 5.690000
phi_e, max: 0.031189 at y = 5.685587, phi_e, min: -0.001349 at y = 5.928571


phi_m, max: -0.000000 at y = 4.420000./ phi_m, min: -0.000992 at y = 4.424832
phi_e, max: 0.000600 at y = 4.640000, phi_e, min: 0.000599 at y = 4.362857
phi_m, max: -0.000000 at y = 4.420000./ phi_m, min: -0.000999 at y = 4.424832
phi_e, max: 0.000237 at y = 4.630000, phi_e, min: 0.000237 at y = 4.362857
phi_m, max: -0.000000 at y = 4.420000./ phi_m, min: -0.000992 at y = 4.424832
phi_e, max: 0.000193 at y = 4.630000, phi_e, min: 0.000193 at y = 4.362857
phi_m, max: -0.000000 at y = 4.420000./ phi_m, min: -0.000983 at y = 4.424832
phi_e, max: 0.000138 at y = 4.362857, phi_e, min: 0.000136 at y = 4.640000
phi_m, max: -0.000000 at y = 4.420000./ phi_m, min: -0.000966 at y = 4.425168
phi_e, max: -0.000459 at y = 4.362857, phi_e, min: -0.000577 at y = 4.640000
phi_m, max: 0.000829 at y = 4.391429./ phi_m, min: -0.000747 at y = 4.630000
phi_e, max: -0.008564 at y = 4.640000, phi_e, min: -0.009927 at y = 4.362857
phi_m, max: 0.157206 at y = 4.391429./ phi_m, min: 0.000000 at y = 4.420000
phi_e, max: 0.055159 at y = 4.640000, phi_e, min: 0.054630 at y = 4.362857
phi_m, max: 15.411351 at y = 4.391429./ phi_m, min: 0.000000 at y = 4.420000
phi_e, max: -0.005215 at y = 4.421787, phi_e, min: -0.015665 at y = 4.640000
phi_m, max: 115.048005 at y = 4.425168./ phi_m, min: 0.000000 at y = 4.420000
phi_e, max: 0.085337 at y = 4.640000, phi_e, min: 0.047455 at y = 4.362857
phi_m, max: 106.519664 at y = 4.630000./ phi_m, min: 0.000000 at y = 4.420000
phi_e, max: 0.066193 at y = 4.640000, phi_e, min: 0.037550 at y = 4.362857
phi_m, max: 89.878816 at y = 4.630000./ phi_m, min: 0.000000 at y = 4.420000
phi_e, max: 0.051469 at y = 4.640000, phi_e, min: 0.028067 at y = 4.362857
phi_m, max: 70.146994 at y = 4.630000./ phi_m, min: 0.000000 at y = 4.420000
phi_e, max: 0.044323 at y = 4.640000, phi_e, min: 0.025257 at y = 4.362857



Time: 0.100000
CPU Time: 141.190380 min.
phi_m, max: -0.000000 at y = 3.131429./ phi_m, min: -0.019448 at y = 3.227143
phi_e, max: 0.000608 at y = 6.330000, phi_e, min: -0.053521 at y = 3.017143

Time: 0.200000
CPU Time: 138.036366 min.
phi_m, max: -0.000000 at y = 3.131429./ phi_m, min: -0.008105 at y = 3.227143
phi_e, max: 0.000240 at y = 6.330000, phi_e, min: -0.021192 at y = 3.017143

Time: 0.300000
CPU Time: 134.729599 min.
phi_m, max: -0.000000 at y = 3.131429./ phi_m, min: -0.006740 at y = 3.227143
phi_e, max: 0.000196 at y = 6.330000, phi_e, min: -0.017280 at y = 3.017143

Time: 0.400000
CPU Time: 134.629891 min.
phi_m, max: 0.026446 at y = 3.045714./ phi_m, min: -0.001051 at y = 6.320000
phi_e, max: 0.000129 at y = 6.320000, phi_e, min: -0.013036 at y = 3.017143

Time: 0.500000
CPU Time: 135.607442 min.
phi_m, max: 2.054168 at y = 3.045714./ phi_m, min: -0.000964 at y = 6.320000
phi_e, max: -0.000884 at y = 3.255714, phi_e, min: -0.009235 at y = 3.017143

Time: 0.600000
CPU Time: 136.130311 min.
phi_m, max: 95.505925 at y = 3.045714./ phi_m, min: -0.001963 at y = 6.330000
phi_e, max: -0.000245 at y = 6.330000, phi_e, min: -0.010264 at y = 3.161787

Time: 0.700000
CPU Time: 136.013256 min.
phi_m, max: 111.184794 at y = 3.166259./ phi_m, min: -0.001506 at y = 6.330000
phi_e, max: 0.059269 at y = 6.330000, phi_e, min: -0.011570 at y = 3.017143

Time: 0.800000
CPU Time: 134.044105 min.
phi_m, max: 95.530486 at y = 3.166787./ phi_m, min: -0.001409 at y = 6.330000
phi_e, max: -0.001991 at y = 3.255714, phi_e, min: -0.014153 at y = 6.320000

Time: 0.900000
CPU Time: 133.215903 min.
phi_m, max: 75.825879 at y = 3.167458./ phi_m, min: -0.001279 at y = 6.330000
phi_e, max: 0.112916 at y = 6.330000, phi_e, min: -0.008796 at y = 3.017143

Time: 1.000000
CPU Time: 132.622828 min.
phi_m, max: 55.824544 at y = 3.168213./ phi_m, min: 0.000000 at y = 3.131429
phi_e, max: 0.230271 at y = 6.330000, phi_e, min: -0.006719 at y = 3.017143

Time: 1.100000
CPU Time: 130.114707 min.
phi_m, max: 38.079959 at y = 3.168376./ phi_m, min: 0.000000 at y = 3.131429
phi_e, max: 0.030689 at y = 6.320000, phi_e, min: -0.004661 at y = 3.017143

Time: 1.200000
CPU Time: 130.706478 min.
phi_m, max: 37.031638 at y = 6.320000./ phi_m, min: 0.000000 at y = 3.131429
phi_e, max: -0.000759 at y = 3.255714, phi_e, min: -0.034254 at y = 6.320000


phi_m, max: -0.000000 at y = 5.480000./ phi_m, min: -0.000991 at y = 5.685168
phi_e, max: 0.000605 at y = 5.690000, phi_e, min: 0.000603 at y = 5.470000
phi_m, max: -0.000000 at y = 5.480000./ phi_m, min: -0.000999 at y = 5.685168
phi_e, max: 0.000239 at y = 5.690000, phi_e, min: 0.000238 at y = 5.470000
phi_m, max: -0.000000 at y = 5.480000./ phi_m, min: -0.000992 at y = 5.685168
phi_e, max: 0.000194 at y = 5.690000, phi_e, min: 0.000194 at y = 5.470000
phi_m, max: -0.000000 at y = 5.480000./ phi_m, min: -0.000983 at y = 5.685168
phi_e, max: 0.000132 at y = 5.470000, phi_e, min: 0.000131 at y = 5.690000
phi_m, max: -0.000000 at y = 5.480000./ phi_m, min: -0.000973 at y = 5.685168
phi_e, max: -0.000930 at y = 5.470000, phi_e, min: -0.001023 at y = 5.690000
phi_m, max: -0.000000 at y = 5.480000./ phi_m, min: -0.000976 at y = 5.684084
phi_e, max: -0.003385 at y = 5.690000, phi_e, min: -0.004472 at y = 5.470000
phi_m, max: -0.000000 at y = 5.480000./ phi_m, min: -0.000966 at y = 5.684551
phi_e, max: 0.057710 at y = 5.690000, phi_e, min: 0.057171 at y = 5.470000
phi_m, max: -0.000000 at y = 5.480000./ phi_m, min: -0.000886 at y = 5.687458
phi_e, max: -0.015395 at y = 5.690000, phi_e, min: -0.015832 at y = 5.470000
phi_m, max: 0.046345 at y = 5.480000./ phi_m, min: 0.000000 at y = 5.480000
phi_e, max: 0.111942 at y = 5.690000, phi_e, min: 0.111592 at y = 5.470000
phi_m, max: 3.500820 at y = 5.480000./ phi_m, min: 0.000000 at y = 5.480000
phi_e, max: 0.229471 at y = 5.686787, phi_e, min: 0.227831 at y = 5.470000
phi_m, max: 110.880028 at y = 5.480000./ phi_m, min: 0.000000 at y = 5.480000
phi_e, max: 0.058351 at y = 5.470000, phi_e, min: 0.009151 at y = 5.684413
phi_m, max: 110.745552 at y = 5.686426./ phi_m, min: 0.000000 at y = 5.480000
phi_e, max: 0.060216 at y = 5.470000, phi_e, min: 0.029961 at y = 5.688213


phi_m, max: 107.904278 at y = 0.440000./ phi_m, min: 0.000000 at y = 0.430000
phi_e, max: -0.496333 at y = 0.888571, phi_e, min: -0.575072 at y = 0.440000
phi_m, max: 111.649168 at y = 0.646259./ phi_m, min: 0.000000 at y = 0.430000
phi_e, max: -0.148978 at y = 0.553086, phi_e, min: -0.156066 at y = 0.858825
phi_m, max: 96.272599 at y = 0.646787./ phi_m, min: 0.000000 at y = 0.430000
phi_e, max: -0.060714 at y = 0.550636, phi_e, min: -0.065168 at y = 0.858825
phi_m, max: 76.648437 at y = 0.647458./ phi_m, min: 0.000000 at y = 0.430000
phi_e, max: 0.016624 at y = 0.547724, phi_e, min: 0.011942 at y = 0.858825
phi_m, max: 56.592368 at y = 0.648213./ phi_m, min: 0.000000 at y = 0.430000
phi_e, max: 0.056988 at y = 0.545274, phi_e, min: 0.052845 at y = 0.858825
phi_m, max: 38.785848 at y = 0.648376./ phi_m, min: 0.000000 at y = 0.430000
phi_e, max: -0.010025 at y = 0.888571, phi_e, min: -0.024626 at y = 0.440000
phi_m, max: 18.307628 at y = 0.650000./ phi_m, min: 0.000000 at y = 0.430000
phi_e, max: -0.096923 at y = 0.888571, phi_e, min: -0.126927 at y = 0.430000
phi_m, max: 2.879439 at y = 0.650000./ phi_m, min: 0.000000 at y = 0.430000
phi_e, max: -0.103701 at y = 0.888571, phi_e, min: -0.135956 at y = 0.430000
phi_m, max: 0.043682 at y = 0.650000./ phi_m, min: -0.174565 at y = 0.440000
phi_e, max: -0.102698 at y = 0.888571, phi_e, min: -0.129146 at y = 0.430000
phi_m, max: -0.000000 at y = 0.430000./ phi_m, min: -0.366204 at y = 0.440000
phi_e, max: -0.086582 at y = 0.888571, phi_e, min: -0.106210 at y = 0.430000
phi_m, max: -0.000000 at y = 0.430000./ phi_m, min: -0.440043 at y = 0.440000
phi_e, max: -0.065128 at y = 0.888571, phi_e, min: -0.078681 at y = 0.430000
phi_m, max: -0.000000 at y = 0.430000./ phi_m, min: -0.476751 at y = 0.644413
phi_e, max: -0.035894 at y = 0.888571, phi_e, min: -0.042665 at y = 0.430000


phi_m, max: -0.000000 at y = 2.740000./ phi_m, min: -0.001568 at y = 2.835714
phi_e, max: -0.091351 at y = 2.835714, phi_e, min: -0.141050 at y = 2.597143
phi_m, max: -0.000000 at y = 2.740000./ phi_m, min: -0.001150 at y = 2.835714
phi_e, max: -0.036170 at y = 2.835714, phi_e, min: -0.055848 at y = 2.597143
phi_m, max: 0.009560 at y = 2.597143./ phi_m, min: 0.000000 at y = 2.740000
phi_e, max: -0.029493 at y = 2.835714, phi_e, min: -0.045540 at y = 2.597143
phi_m, max: 1.427145 at y = 2.597143./ phi_m, min: 0.000000 at y = 2.740000
phi_e, max: -0.022259 at y = 2.835714, phi_e, min: -0.034405 at y = 2.597143
phi_m, max: 81.429102 at y = 2.597143./ phi_m, min: 0.000000 at y = 2.740000
phi_e, max: -0.015138 at y = 2.746787, phi_e, min: -0.027398 at y = 2.597143
phi_m, max: 113.033986 at y = 2.745916./ phi_m, min: 0.000000 at y = 2.740000
phi_e, max: -0.003440 at y = 2.835714, phi_e, min: -0.012646 at y = 2.743213
phi_m, max: 98.667438 at y = 2.746787./ phi_m, min: 0.000000 at y = 2.740000
phi_e, max: -0.020164 at y = 2.835714, phi_e, min: -0.031007 at y = 2.743213
phi_m, max: 79.349945 at y = 2.747458./ phi_m, min: 0.000000 at y = 2.740000
phi_e, max: -0.018373 at y = 2.835714, phi_e, min: -0.028297 at y = 2.597143
phi_m, max: 59.158339 at y = 2.747458./ phi_m, min: 0.000000 at y = 2.740000
phi_e, max: -0.015673 at y = 2.835714, phi_e, min: -0.024421 at y = 2.597143
phi_m, max: 41.072277 at y = 2.748376./ phi_m, min: 0.000000 at y = 2.740000
phi_e, max: -0.012048 at y = 2.835714, phi_e, min: -0.018873 at y = 2.597143
phi_m, max: 22.926008 at y = 2.835714./ phi_m, min: 0.000000 at y = 2.740000
phi_e, max: -0.008562 at y = 2.835714, phi_e, min: -0.014308 at y = 2.597143
phi_m, max: 4.884420 at y = 2.835714./ phi_m, min: 0.000000 at y = 2.740000
phi_e, max: -0.006853 at y = 2.835714, phi_e, min: -0.010522 at y = 2.597143


phi_m, max: -0.000000 at y = 3.580000./ phi_m, min: -0.003667 at y = 3.551429
phi_e, max: 0.000596 at y = 3.790000, phi_e, min: 0.000594 at y = 3.551429
phi_m, max: -0.000000 at y = 3.580000./ phi_m, min: -0.001977 at y = 3.551429
phi_e, max: 0.000236 at y = 3.790000, phi_e, min: 0.000235 at y = 3.551429
phi_m, max: -0.000000 at y = 3.580000./ phi_m, min: -0.001778 at y = 3.551429
phi_e, max: 0.000192 at y = 3.790000, phi_e, min: 0.000191 at y = 3.551429
phi_m, max: -0.000000 at y = 3.580000./ phi_m, min: -0.001178 at y = 3.551429
phi_e, max: 0.000142 at y = 3.551429, phi_e, min: 0.000140 at y = 3.790000
phi_m, max: 0.027527 at y = 3.551429./ phi_m, min: 0.000000 at y = 3.580000
phi_e, max: -0.000099 at y = 3.551429, phi_e, min: -0.000216 at y = 3.790000
phi_m, max: 3.703708 at y = 3.551429./ phi_m, min: 0.000000 at y = 3.580000
phi_e, max: -0.011257 at y = 3.583213, phi_e, min: -0.012634 at y = 3.732857
phi_m, max: 110.672376 at y = 3.581787./ phi_m, min: 0.000000 at y = 3.580000
phi_e, max: 0.070238 at y = 3.789606, phi_e, min: 0.021370 at y = 3.583213
phi_m, max: 109.005798 at y = 3.586426./ phi_m, min: 0.000000 at y = 3.580000
phi_e, max: 0.040885 at y = 3.761429, phi_e, min: 0.018942 at y = 3.581787
phi_m, max: 93.464042 at y = 3.761429./ phi_m, min: 0.000000 at y = 3.580000
phi_e, max: 0.033698 at y = 3.761429, phi_e, min: 0.015373 at y = 3.581787
phi_m, max: 74.702919 at y = 3.761429./ phi_m, min: 0.000000 at y = 3.580000
phi_e, max: 0.025709 at y = 3.761429, phi_e, min: 0.011516 at y = 3.581787
phi_m, max: 55.357810 at y = 3.761429./ phi_m, min: 0.000000 at y = 3.580000
phi_e, max: 0.018427 at y = 3.761429, phi_e, min: 0.008218 at y = 3.581787
phi_m, max: 38.039950 at y = 3.761429./ phi_m, min: 0.000000 at y = 3.580000
phi_e, max: 0.014848 at y = 3.761429, phi_e, min: 0.006663 at y = 3.581787


phi_m, max: -0.000000 at y = 2.110000./ phi_m, min: -0.001581 at y = 2.056213
phi_e, max: -0.228565 at y = 2.177143, phi_e, min: -0.277169 at y = 1.938571
phi_m, max: 0.043783 at y = 1.938571./ phi_m, min: 0.000000 at y = 2.110000
phi_e, max: -0.090501 at y = 2.177143, phi_e, min: -0.109749 at y = 1.938571
phi_m, max: 3.670721 at y = 1.938571./ phi_m, min: 0.000000 at y = 2.110000
phi_e, max: -0.073853 at y = 2.177143, phi_e, min: -0.089857 at y = 1.938571
phi_m, max: 107.667042 at y = 1.938571./ phi_m, min: 0.000000 at y = 2.110000
phi_e, max: -0.046575 at y = 1.973705, phi_e, min: -0.071315 at y = 2.114413
phi_m, max: 110.378490 at y = 2.116426./ phi_m, min: 0.000000 at y = 2.110000
phi_e, max: 0.002865 at y = 1.983346, phi_e, min: -0.008404 at y = 2.116787
phi_m, max: 94.288485 at y = 2.116787./ phi_m, min: 0.000000 at y = 2.110000
phi_e, max: -0.012766 at y = 2.177143, phi_e, min: -0.018772 at y = 2.114413
phi_m, max: 74.462632 at y = 2.117458./ phi_m, min: 0.000000 at y = 2.110000
phi_e, max: -0.049669 at y = 2.177143, phi_e, min: -0.060125 at y = 1.938571
phi_m, max: 54.563027 at y = 2.118213./ phi_m, min: 0.000000 at y = 2.110000
phi_e, max: -0.046756 at y = 2.177143, phi_e, min: -0.057213 at y = 1.938571
phi_m, max: 36.905556 at y = 2.118825./ phi_m, min: 0.000000 at y = 2.110000
phi_e, max: -0.040779 at y = 2.177143, phi_e, min: -0.050072 at y = 1.938571
phi_m, max: 16.947948 at y = 2.177143./ phi_m, min: 0.000000 at y = 2.110000
phi_e, max: -0.032092 at y = 2.177143, phi_e, min: -0.041277 at y = 1.938571
phi_m, max: 2.643087 at y = 2.177143./ phi_m, min: 0.000000 at y = 2.110000
phi_e, max: -0.026858 at y = 2.177143, phi_e, min: -0.033943 at y = 1.938571
phi_m, max: 0.025674 at y = 2.177143./ phi_m, min: -0.198223 at y = 1.938571
phi_e, max: -0.016859 at y = 2.177143, phi_e, min: -0.020305 at y = 1.938571


phi_m, max: -0.000000 at y = 3.971429./ phi_m, min: -0.001031 at y = 3.885714
phi_e, max: 0.000598 at y = 4.210000, phi_e, min: 0.000597 at y = 3.885714
phi_m, max: -0.000000 at y = 3.971429./ phi_m, min: -0.000991 at y = 4.000000
phi_e, max: 0.000237 at y = 4.210000, phi_e, min: 0.000236 at y = 3.885714
phi_m, max: -0.000000 at y = 3.971429./ phi_m, min: -0.000981 at y = 4.000000
phi_e, max: 0.000193 at y = 4.210000, phi_e, min: 0.000192 at y = 3.885714
phi_m, max: -0.000000 at y = 3.971429./ phi_m, min: -0.000961 at y = 4.000000
phi_e, max: 0.000140 at y = 3.885714, phi_e, min: 0.000139 at y = 4.210000
phi_m, max: 0.000139 at y = 3.885714./ phi_m, min: -0.000869 at y = 4.210000
phi_e, max: -0.000259 at y = 3.885714, phi_e, min: -0.000396 at y = 4.210000
phi_m, max: 0.130099 at y = 3.885714./ phi_m, min: 0.000000 at y = 3.971429
phi_e, max: -0.010654 at y = 4.210000, phi_e, min: -0.012187 at y = 3.885714
phi_m, max: 11.090140 at y = 3.885714./ phi_m, min: 0.000000 at y = 3.971429
phi_e, max: 0.056605 at y = 3.885714, phi_e, min: 0.053916 at y = 3.961218
phi_m, max: 112.558504 at y = 4.000000./ phi_m, min: 0.000000 at y = 3.971429
phi_e, max: 0.036470 at y = 3.885714, phi_e, min: -0.011133 at y = 4.010000
phi_m, max: 108.715862 at y = 4.210000./ phi_m, min: 0.000000 at y = 3.971429
phi_e, max: 0.037648 at y = 3.885714, phi_e, min: 0.018714 at y = 4.010000
phi_m, max: 93.089785 at y = 4.210000./ phi_m, min: 0.000000 at y = 3.971429
phi_e, max: 0.028662 at y = 3.885714, phi_e, min: 0.013112 at y = 4.010000
phi_m, max: 73.616197 at y = 4.210000./ phi_m, min: 0.000000 at y = 3.971429
phi_e, max: 0.020455 at y = 3.885714, phi_e, min: 0.008643 at y = 4.010000
phi_m, max: 54.001959 at y = 4.210000./ phi_m, min: 0.000000 at y = 3.971429
phi_e, max: 0.016940 at y = 3.885714, phi_e, min: 0.009275 at y = 4.010000


phi_m, max: -0.000000 at y = 3.370000./ phi_m, min: -0.018119 at y = 3.341429
phi_e, max: 0.000611 at y = 3.341429, phi_e, min: 0.000000 at y = 3.312857
phi_m, max: -0.000000 at y = 3.370000./ phi_m, min: -0.007600 at y = 3.341429
phi_e, max: 0.000242 at y = 3.341429, phi_e, min: 0.000000 at y = 3.312857
phi_m, max: -0.000000 at y = 3.370000./ phi_m, min: -0.006347 at y = 3.341429
phi_e, max: 0.000197 at y = 3.341429, phi_e, min: 0.000000 at y = 3.312857
phi_m, max: -0.000000 at y = 3.370000./ phi_m, min: -0.002426 at y = 3.341429
phi_e, max: 0.000149 at y = 3.341429, phi_e, min: 0.000000 at y = 3.312857
phi_m, max: 0.187703 at y = 3.341429./ phi_m, min: 0.000000 at y = 3.370000
phi_e, max: 0.000093 at y = 3.341429, phi_e, min: -0.000099 at y = 3.551429
phi_m, max: 25.019374 at y = 3.341429./ phi_m, min: 0.000000 at y = 3.370000
phi_e, max: 0.001331 at y = 3.371787, phi_e, min: -0.011529 at y = 3.545110
phi_m, max: 114.814570 at y = 3.375449./ phi_m, min: 0.000000 at y = 3.370000
phi_e, max: 0.024272 at y = 3.551429, phi_e, min: -0.000889 at y = 3.371787
phi_m, max: 102.779806 at y = 3.376787./ phi_m, min: 0.000000 at y = 3.370000
phi_e, max: 0.020121 at y = 3.551429, phi_e, min: -0.000663 at y = 3.371787
phi_m, max: 85.981751 at y = 3.551429./ phi_m, min: 0.000000 at y = 3.370000
phi_e, max: 0.016352 at y = 3.551429, phi_e, min: -0.000527 at y = 3.371787
phi_m, max: 66.588126 at y = 3.551429./ phi_m, min: 0.000000 at y = 3.370000
phi_e, max: 0.012270 at y = 3.551429, phi_e, min: -0.000388 at y = 3.371787
phi_m, max: 47.930545 at y = 3.551429./ phi_m, min: 0.000000 at y = 3.370000
phi_e, max: 0.008746 at y = 3.551429, phi_e, min: -0.000257 at y = 3.371787
phi_m, max: 30.744731 at y = 3.551429./ phi_m, min: 0.000000 at y = 3.370000
phi_e, max: 0.006867 at y = 3.551429, phi_e, min: 0.000000 at y = 3.312857


phi_m, max: -0.000000 at y = 2.950000./ phi_m, min: -0.004183 at y = 3.045714
phi_e, max: -0.047576 at y = 3.045714, phi_e, min: -0.097399 at y = 2.807143
phi_m, max: -0.000000 at y = 2.950000./ phi_m, min: -0.002155 at y = 3.045714
phi_e, max: -0.018838 at y = 3.045714, phi_e, min: -0.038565 at y = 2.807143
phi_m, max: 0.000513 at y = 2.807143./ phi_m, min: -0.001718 at y = 3.045714
phi_e, max: -0.015360 at y = 3.045714, phi_e, min: -0.031446 at y = 2.807143
phi_m, max: 0.213340 at y = 2.807143./ phi_m, min: 0.000000 at y = 2.950000
phi_e, max: -0.011590 at y = 3.045714, phi_e, min: -0.023725 at y = 2.807143
phi_m, max: 15.619118 at y = 2.807143./ phi_m, min: 0.000000 at y = 2.950000
phi_e, max: -0.008325 at y = 3.045714, phi_e, min: -0.017169 at y = 2.807143
phi_m, max: 114.976671 at y = 2.954413./ phi_m, min: 0.000000 at y = 2.950000
phi_e, max: -0.002019 at y = 3.045714, phi_e, min: -0.015303 at y = 2.956787
phi_m, max: 105.534049 at y = 2.956426./ phi_m, min: 0.000000 at y = 2.950000
phi_e, max: -0.008682 at y = 3.045714, phi_e, min: -0.022586 at y = 2.807143
phi_m, max: 87.622388 at y = 2.957458./ phi_m, min: 0.000000 at y = 2.950000
phi_e, max: -0.007930 at y = 3.045714, phi_e, min: -0.020474 at y = 2.807143
phi_m, max: 67.399509 at y = 2.957458./ phi_m, min: 0.000000 at y = 2.950000
phi_e, max: -0.006793 at y = 3.045714, phi_e, min: -0.017380 at y = 2.807143
phi_m, max: 48.240074 at y = 2.958213./ phi_m, min: 0.000000 at y = 2.950000
phi_e, max: -0.005239 at y = 3.045714, phi_e, min: -0.013319 at y = 2.807143
phi_m, max: 31.133394 at y = 3.045714./ phi_m, min: 0.000000 at y = 2.950000
phi_e, max: -0.003642 at y = 3.045714, phi_e, min: -0.009424 at y = 2.807143
phi_m, max: 10.685320 at y = 3.045714./ phi_m, min: 0.000000 at y = 2.950000
phi_e, max: -0.003522 at y = 3.045714, phi_e, min: -0.007282 at y = 2.807143


phi_m, max: 0.973053 at y = 1.070000./ phi_m, min: 0.000000 at y = 1.270000
phi_e, max: -0.407129 at y = 1.308571, phi_e, min: -0.456700 at y = 1.070000
phi_m, max: 91.596419 at y = 1.070000./ phi_m, min: 0.000000 at y = 1.270000
phi_e, max: -0.163966 at y = 1.308571, phi_e, min: -0.200837 at y = 1.070000
phi_m, max: 113.965382 at y = 1.275587./ phi_m, min: 0.000000 at y = 1.270000
phi_e, max: -0.077806 at y = 1.120581, phi_e, min: -0.093273 at y = 1.276787
phi_m, max: 100.535214 at y = 1.276787./ phi_m, min: 0.000000 at y = 1.270000
phi_e, max: 0.000138 at y = 1.115344, phi_e, min: -0.013579 at y = 1.276787
phi_m, max: 81.512760 at y = 1.277458./ phi_m, min: 0.000000 at y = 1.270000
phi_e, max: 0.042879 at y = 1.110939, phi_e, min: 0.031267 at y = 1.276787
phi_m, max: 61.257276 at y = 1.277458./ phi_m, min: 0.000000 at y = 1.270000
phi_e, max: -0.009093 at y = 1.164726, phi_e, min: -0.013069 at y = 1.274413
phi_m, max: 42.907495 at y = 1.278213./ phi_m, min: 0.000000 at y = 1.270000
phi_e, max: -0.080367 at y = 1.308571, phi_e, min: -0.091023 at y = 1.070000
phi_m, max: 24.143631 at y = 1.308571./ phi_m, min: 0.000000 at y = 1.270000
phi_e, max: -0.080318 at y = 1.308571, phi_e, min: -0.092615 at y = 1.070000
phi_m, max: 5.256574 at y = 1.308571./ phi_m, min: 0.000000 at y = 1.270000
phi_e, max: -0.078011 at y = 1.308571, phi_e, min: -0.091909 at y = 1.070000
phi_m, max: 0.349105 at y = 1.308571./ phi_m, min: -0.073766 at y = 1.070000
phi_e, max: -0.068366 at y = 1.308571, phi_e, min: -0.078639 at y = 1.070000
phi_m, max: -0.000000 at y = 1.270000./ phi_m, min: -0.342494 at y = 1.070000
phi_e, max: -0.052571 at y = 1.308571, phi_e, min: -0.059631 at y = 1.070000
phi_m, max: -0.000000 at y = 1.270000./ phi_m, min: -0.430027 at y = 1.070000
phi_e, max: -0.029571 at y = 1.308571, phi_e, min: -0.033111 at y = 1.070000


phi_m, max: 6.645479 at y = 0.860000./ phi_m, min: 0.000000 at y = 0.888571
phi_e, max: -0.445343 at y = 1.123787, phi_e, min: -0.502255 at y = 0.860000
phi_m, max: 112.244197 at y = 0.860000./ phi_m, min: 0.000000 at y = 0.888571
phi_e, max: -0.154491 at y = 0.889771, phi_e, min: -0.201193 at y = 1.068213
phi_m, max: 109.533109 at y = 1.066426./ phi_m, min: 0.000000 at y = 0.888571
phi_e, max: -0.063290 at y = 0.908131, phi_e, min: -0.080305 at y = 1.068213
phi_m, max: 93.039491 at y = 1.066787./ phi_m, min: 0.000000 at y = 0.888571
phi_e, max: 0.013266 at y = 0.904775, phi_e, min: -0.001680 at y = 1.068213
phi_m, max: 73.108313 at y = 1.067458./ phi_m, min: 0.000000 at y = 0.888571
phi_e, max: 0.053722 at y = 0.900370, phi_e, min: 0.041644 at y = 1.068213
phi_m, max: 53.324232 at y = 1.068213./ phi_m, min: 0.000000 at y = 0.888571
phi_e, max: -0.008518 at y = 0.958082, phi_e, min: -0.012416 at y = 1.065587
phi_m, max: 35.725992 at y = 1.068825./ phi_m, min: 0.000000 at y = 0.888571
phi_e, max: -0.087013 at y = 1.123787, phi_e, min: -0.099071 at y = 0.860000
phi_m, max: 14.366305 at y = 1.070000./ phi_m, min: 0.000000 at y = 0.888571
phi_e, max: -0.089004 at y = 1.123787, phi_e, min: -0.105614 at y = 0.860000
phi_m, max: 1.887528 at y = 1.070000./ phi_m, min: 0.000000 at y = 0.888571
phi_e, max: -0.088757 at y = 1.123787, phi_e, min: -0.104288 at y = 0.860000
phi_m, max: -0.000000 at y = 0.888571./ phi_m, min: -0.234497 at y = 0.860000
phi_e, max: -0.076289 at y = 1.123787, phi_e, min: -0.087762 at y = 0.860000
phi_m, max: -0.000000 at y = 0.888571./ phi_m, min: -0.387117 at y = 0.860000
phi_e, max: -0.058014 at y = 1.123787, phi_e, min: -0.065941 at y = 0.860000
phi_m, max: -0.000000 at y = 0.888571./ phi_m, min: -0.450243 at y = 0.860000
phi_e, max: -0.032310 at y = 1.123787, phi_e, min: -0.036298 at y = 0.860000


phi_m, max: -0.000000 at y = 2.358571./ phi_m, min: -0.002532 at y = 2.501429
phi_e, max: -0.135338 at y = 2.625714, phi_e, min: -0.196662 at y = 2.330000
phi_m, max: -0.000000 at y = 2.358571./ phi_m, min: -0.001122 at y = 2.530000
phi_e, max: -0.053587 at y = 2.625714, phi_e, min: -0.077868 at y = 2.330000
phi_m, max: 0.069862 at y = 2.387143./ phi_m, min: 0.000000 at y = 2.358571
phi_e, max: -0.043696 at y = 2.625714, phi_e, min: -0.063482 at y = 2.330000
phi_m, max: 9.501471 at y = 2.387143./ phi_m, min: 0.000000 at y = 2.358571
phi_e, max: -0.033047 at y = 2.625714, phi_e, min: -0.046406 at y = 2.330000
phi_m, max: 112.966571 at y = 2.532542./ phi_m, min: 0.000000 at y = 2.358571
phi_e, max: -0.007522 at y = 2.399511, phi_e, min: -0.036899 at y = 2.538213
phi_m, max: 108.083386 at y = 2.536426./ phi_m, min: 0.000000 at y = 2.358571
phi_e, max: -0.005497 at y = 2.625714, phi_e, min: -0.015216 at y = 2.330000
phi_m, max: 90.995328 at y = 2.536787./ phi_m, min: 0.000000 at y = 2.358571
phi_e, max: -0.028792 at y = 2.625714, phi_e, min: -0.046378 at y = 2.330000
phi_m, max: 70.925037 at y = 2.537458./ phi_m, min: 0.000000 at y = 2.358571
phi_e, max: -0.026659 at y = 2.625714, phi_e, min: -0.042639 at y = 2.330000
phi_m, max: 51.355700 at y = 2.538213./ phi_m, min: 0.000000 at y = 2.358571
phi_e, max: -0.023064 at y = 2.625714, phi_e, min: -0.036631 at y = 2.330000
phi_m, max: 33.777078 at y = 2.597143./ phi_m, min: 0.000000 at y = 2.358571
phi_e, max: -0.017846 at y = 2.625714, phi_e, min: -0.028113 at y = 2.330000
phi_m, max: 13.297838 at y = 2.597143./ phi_m, min: 0.000000 at y = 2.358571
phi_e, max: -0.013574 at y = 2.625714, phi_e, min: -0.022088 at y = 2.330000
phi_m, max: 1.731995 at y = 2.597143./ phi_m, min: 0.000000 at y = 2.358571
phi_e, max: -0.010122 at y = 2.625714, phi_e, min: -0.014541 at y = 2.330000


phi_m, max: -0.000000 at y = 4.640000./ phi_m, min: -0.000991 at y = 4.634832
phi_e, max: 0.000601 at y = 4.850000, phi_e, min: 0.000600 at y = 4.630000
phi_m, max: -0.000000 at y = 4.640000./ phi_m, min: -0.000999 at y = 4.634832
phi_e, max: 0.000237 at y = 4.846426, phi_e, min: 0.000237 at y = 4.699300
phi_m, max: -0.000000 at y = 4.640000./ phi_m, min: -0.000991 at y = 4.634832
phi_e, max: 0.000193 at y = 4.846426, phi_e, min: 0.000193 at y = 4.732276
phi_m, max: -0.000000 at y = 4.640000./ phi_m, min: -0.000982 at y = 4.634832
phi_e, max: 0.000136 at y = 4.630000, phi_e, min: 0.000135 at y = 4.850000
phi_m, max: -0.000000 at y = 4.640000./ phi_m, min: -0.000972 at y = 4.635168
phi_e, max: -0.000573 at y = 4.630000, phi_e, min: -0.000667 at y = 4.850000
phi_m, max: -0.000000 at y = 4.640000./ phi_m, min: -0.000932 at y = 4.840000
phi_e, max: -0.007525 at y = 4.850000, phi_e, min: -0.008612 at y = 4.630000
phi_m, max: 0.018610 at y = 4.630000./ phi_m, min: 0.000000 at y = 4.640000
phi_e, max: 0.055658 at y = 4.850000, phi_e, min: 0.055136 at y = 4.630000
phi_m, max: 1.844167 at y = 4.630000./ phi_m, min: 0.000000 at y = 4.640000
phi_e, max: -0.015533 at y = 4.631787, phi_e, min: -0.016830 at y = 4.817747
phi_m, max: 105.985233 at y = 4.631175./ phi_m, min: 0.000000 at y = 4.640000
phi_e, max: 0.140184 at y = 4.840000, phi_e, min: 0.080707 at y = 4.631787
phi_m, max: 111.218993 at y = 4.840000./ phi_m, min: 0.000000 at y = 4.640000
phi_e, max: 0.095534 at y = 4.850000, phi_e, min: 0.063974 at y = 4.630587
phi_m, max: 97.386471 at y = 4.840000./ phi_m, min: 0.000000 at y = 4.640000
phi_e, max: 0.076112 at y = 4.850000, phi_e, min: 0.049609 at y = 4.631787
phi_m, max: 78.447562 at y = 4.840000./ phi_m, min: 0.000000 at y = 4.640000
phi_e, max: 0.064602 at y = 4.850000, phi_e, min: 0.042838 at y = 4.631787


phi_m, max: 113.563286 at y = 0.225587./ phi_m, min: 0.000000 at y = 0.220000
phi_e, max: -0.559712 at y = 0.335274, phi_e, min: -0.568883 at y = 0.224413
phi_m, max: 99.623701 at y = 0.226787./ phi_m, min: 0.000000 at y = 0.220000
phi_e, max: -0.145225 at y = 0.337724, phi_e, min: -0.152999 at y = 0.224413
phi_m, max: 80.459797 at y = 0.226787./ phi_m, min: 0.000000 at y = 0.220000
phi_e, max: -0.057546 at y = 0.337724, phi_e, min: -0.063649 at y = 0.224413
phi_m, max: 60.274631 at y = 0.227458./ phi_m, min: 0.000000 at y = 0.220000
phi_e, max: 0.019106 at y = 0.337724, phi_e, min: 0.014681 at y = 0.224413
phi_m, max: 42.471131 at y = 0.344286./ phi_m, min: 0.000000 at y = 0.220000
phi_e, max: 0.058749 at y = 0.337724, phi_e, min: 0.055754 at y = 0.224413
phi_m, max: 25.174117 at y = 0.344286./ phi_m, min: 0.000000 at y = 0.220000
phi_e, max: -0.024012 at y = 0.344286, phi_e, min: -0.025395 at y = 0.225168
phi_m, max: 6.033036 at y = 0.344286./ phi_m, min: 0.000000 at y = 0.220000
phi_e, max: -0.130316 at y = 0.344286, phi_e, min: -0.130689 at y = 0.105714
phi_m, max: 0.473699 at y = 0.344286./ phi_m, min: 0.000000 at y = 0.220000
phi_e, max: -0.139145 at y = 0.344286, phi_e, min: -0.139281 at y = 0.105714
phi_m, max: -0.000000 at y = 0.220000./ phi_m, min: -0.261566 at y = 0.226426
phi_e, max: -0.131706 at y = 0.344286, phi_e, min: -0.131809 at y = 0.315714
phi_m, max: -0.000000 at y = 0.220000./ phi_m, min: -0.391794 at y = 0.226426
phi_e, max: -0.108126 at y = 0.344286, phi_e, min: -0.108202 at y = 0.315714
phi_m, max: -0.000000 at y = 0.220000./ phi_m, min: -0.453656 at y = 0.226259
phi_e, max: -0.080019 at y = 0.344286, phi_e, min: -0.080071 at y = 0.315714
phi_m, max: -0.000000 at y = 0.220000./ phi_m, min: -0.477463 at y = 0.225916
phi_e, max: -0.043332 at y = 0.224413, phi_e, min: -0.043377 at y = 0.315714


phi_m, max: 112.079681 at y = 0.011175./ phi_m, min: 0.000000 at y = -0.010000
phi_e, max: -0.561556 at y = 0.121918, phi_e, min: -0.568649 at y = 0.016787
phi_m, max: 96.769066 at y = 0.009413./ phi_m, min: 0.000000 at y = -0.010000
phi_e, max: -0.147121 at y = 0.121918, phi_e, min: -0.153011 at y = 0.016787
phi_m, max: 77.425389 at y = 0.008376./ phi_m, min: 0.000000 at y = -0.010000
phi_e, max: -0.059184 at y = 0.121918, phi_e, min: -0.063775 at y = 0.016787
phi_m, max: 57.605573 at y = 0.007458./ phi_m, min: 0.000000 at y = -0.010000
phi_e, max: 0.017806 at y = 0.121918, phi_e, min: 0.014458 at y = 0.015587
phi_m, max: 40.062897 at y = 0.006426./ phi_m, min: 0.000000 at y = -0.010000
phi_e, max: 0.057793 at y = 0.121918, phi_e, min: 0.055507 at y = 0.014413
phi_m, max: 20.362228 at y = 0.004832./ phi_m, min: 0.000000 at y = -0.010000
phi_e, max: -0.024758 at y = 0.124075, phi_e, min: -0.025694 at y = 0.004413
phi_m, max: 3.395087 at y = 0.134286./ phi_m, min: 0.000000 at y = -0.010000
phi_e, max: -0.130671 at y = 0.134286, phi_e, min: -0.130781 at y = 0.003213
phi_m, max: 0.341669 at y = 0.001787./ phi_m, min: 0.000000 at y = -0.010000
phi_e, max: -0.139277 at y = 0.134286, phi_e, min: -0.139314 at y = 0.005587
phi_m, max: -0.000000 at y = -0.010000./ phi_m, min: -0.202466 at y = 0.134286
phi_e, max: -0.131790 at y = 0.134286, phi_e, min: -0.131805 at y = 0.005587
phi_m, max: -0.000000 at y = -0.010000./ phi_m, min: -0.332077 at y = 0.134286
phi_e, max: -0.108178 at y = 0.019413, phi_e, min: -0.108185 at y = 0.115925
phi_m, max: -0.000000 at y = -0.010000./ phi_m, min: -0.400030 at y = 0.134286
phi_e, max: -0.080040 at y = 0.018213, phi_e, min: -0.080057 at y = 0.117513
phi_m, max: -0.000000 at y = -0.010000./ phi_m, min: -0.441930 at y = 0.014490
phi_e, max: -0.043344 at y = 0.016787, phi_e, min: -0.043367 at y = 0.117513


phi_m, max: 0.018845 at y = 1.490000./ phi_m, min: 0.000000 at y = 1.518571
phi_e, max: -0.314157 at y = 1.757143, phi_e, min: -0.369417 at y = 1.490000
phi_m, max: 2.209736 at y = 1.490000./ phi_m, min: 0.000000 at y = 1.518571
phi_e, max: -0.124439 at y = 1.757143, phi_e, min: -0.146408 at y = 1.490000
phi_m, max: 104.494372 at y = 1.490000./ phi_m, min: 0.000000 at y = 1.518571
phi_e, max: -0.105208 at y = 1.757143, phi_e, min: -0.127042 at y = 1.490000
phi_m, max: 112.369470 at y = 1.696259./ phi_m, min: 0.000000 at y = 1.518571
phi_e, max: -0.021386 at y = 1.543494, phi_e, min: -0.036898 at y = 1.696787
phi_m, max: 97.477920 at y = 1.696787./ phi_m, min: 0.000000 at y = 1.518571
phi_e, max: 0.023340 at y = 1.536932, phi_e, min: 0.009275 at y = 1.696787
phi_m, max: 77.998792 at y = 1.697458./ phi_m, min: 0.000000 at y = 1.518571
phi_e, max: -0.010086 at y = 1.573557, phi_e, min: -0.016731 at y = 1.695587
phi_m, max: 57.866893 at y = 1.697458./ phi_m, min: 0.000000 at y = 1.518571
phi_e, max: -0.064695 at y = 1.757143, phi_e, min: -0.075222 at y = 1.490000
phi_m, max: 39.928596 at y = 1.698376./ phi_m, min: 0.000000 at y = 1.518571
phi_e, max: -0.062870 at y = 1.757143, phi_e, min: -0.074015 at y = 1.490000
phi_m, max: 20.243782 at y = 1.728571./ phi_m, min: 0.000000 at y = 1.518571
phi_e, max: -0.055969 at y = 1.757143, phi_e, min: -0.068196 at y = 1.490000
phi_m, max: 3.620310 at y = 1.728571./ phi_m, min: 0.000000 at y = 1.518571
phi_e, max: -0.048919 at y = 1.757143, phi_e, min: -0.060463 at y = 1.490000
phi_m, max: 0.139896 at y = 1.728571./ phi_m, min: -0.156039 at y = 1.490000
phi_e, max: -0.039293 at y = 1.757143, phi_e, min: -0.047181 at y = 1.490000
phi_m, max: -0.000000 at y = 1.518571./ phi_m, min: -0.363126 at y = 1.490000
phi_e, max: -0.022941 at y = 1.757143, phi_e, min: -0.026865 at y = 1.490000


phi_m, max: -0.000000 at y = 6.310000./ phi_m, min: -0.001063 at y = 6.318825
phi_e, max: 0.000608 at y = 6.330000, phi_e, min: 0.000607 at y = 6.110000
phi_m, max: -0.000000 at y = 6.310000./ phi_m, min: -0.001071 at y = 6.318825
phi_e, max: 0.000240 at y = 6.330000, phi_e, min: 0.000240 at y = 6.110000
phi_m, max: -0.000000 at y = 6.310000./ phi_m, min: -0.001063 at y = 6.318825
phi_e, max: 0.000196 at y = 6.320000, phi_e, min: 0.000195 at y = 6.110000
phi_m, max: -0.000000 at y = 6.310000./ phi_m, min: -0.001052 at y = 6.318825
phi_e, max: 0.000129 at y = 6.110000, phi_e, min: 0.000129 at y = 6.320000
phi_m, max: -0.000000 at y = 6.310000./ phi_m, min: -0.000984 at y = 6.315510
phi_e, max: -0.001200 at y = 6.110000, phi_e, min: -0.001290 at y = 6.330000
phi_m, max: -0.000000 at y = 6.310000./ phi_m, min: -0.001928 at y = 6.320000
phi_e, max: -0.000275 at y = 6.330000, phi_e, min: -0.001322 at y = 6.110000
phi_m, max: -0.000000 at y = 6.310000./ phi_m, min: -0.001489 at y = 6.320000
phi_e, max: 0.059255 at y = 6.330000, phi_e, min: 0.058734 at y = 6.110000
phi_m, max: -0.000000 at y = 6.310000./ phi_m, min: -0.001395 at y = 6.320000
phi_e, max: -0.014145 at y = 6.330000, phi_e, min: -0.014566 at y = 6.110000
phi_m, max: -0.000000 at y = 6.310000./ phi_m, min: -0.001268 at y = 6.320000
phi_e, max: 0.112907 at y = 6.330000, phi_e, min: 0.112583 at y = 6.110000
phi_m, max: 0.010834 at y = 6.110000./ phi_m, min: 0.000000 at y = 6.310000
phi_e, max: 0.230265 at y = 6.330000, phi_e, min: 0.230037 at y = 6.110000
phi_m, max: 1.619218 at y = 6.110000./ phi_m, min: 0.000000 at y = 6.310000
phi_e, max: 0.030690 at y = 6.318213, phi_e, min: 0.030018 at y = 6.110000
phi_m, max: 100.979343 at y = 6.110000./ phi_m, min: 0.000000 at y = 6.310000
phi_e, max: -0.033138 at y = 6.318213, phi_e, min: -0.055781 at y = 6.110000


phi_m, max: -0.000000 at y = 5.928571./ phi_m, min: -0.001000 at y = 6.105449
phi_e, max: 0.000607 at y = 6.138571, phi_e, min: 0.000606 at y = 5.900000
phi_m, max: -0.000000 at y = 5.928571./ phi_m, min: -0.001009 at y = 6.105449
phi_e, max: 0.000240 at y = 6.138571, phi_e, min: 0.000239 at y = 5.900000
phi_m, max: -0.000000 at y = 5.928571./ phi_m, min: -0.001001 at y = 6.105449
phi_e, max: 0.000195 at y = 6.138571, phi_e, min: 0.000195 at y = 5.900000
phi_m, max: -0.000000 at y = 5.928571./ phi_m, min: -0.000992 at y = 6.105449
phi_e, max: 0.000130 at y = 5.900000, phi_e, min: 0.000129 at y = 6.138571
phi_m, max: -0.000000 at y = 5.928571./ phi_m, min: -0.000975 at y = 6.105168
phi_e, max: -0.001112 at y = 5.900000, phi_e, min: -0.001212 at y = 6.138571
phi_m, max: -0.000000 at y = 5.928571./ phi_m, min: -0.001094 at y = 6.138571
phi_e, max: -0.001184 at y = 6.138571, phi_e, min: -0.002350 at y = 5.900000
phi_m, max: -0.000000 at y = 5.928571./ phi_m, min: -0.001030 at y = 6.108376
phi_e, max: 0.058803 at y = 6.138571, phi_e, min: 0.058224 at y = 5.900000
phi_m, max: -0.000000 at y = 5.928571./ phi_m, min: -0.001010 at y = 6.107458
phi_e, max: -0.014510 at y = 6.138571, phi_e, min: -0.014979 at y = 5.900000
phi_m, max: 0.000138 at y = 5.900000./ phi_m, min: -0.000836 at y = 6.138571
phi_e, max: 0.112625 at y = 6.138571, phi_e, min: 0.112264 at y = 5.900000
phi_m, max: 0.077112 at y = 5.900000./ phi_m, min: 0.000000 at y = 5.928571
phi_e, max: 0.230066 at y = 6.138571, phi_e, min: 0.229799 at y = 5.900000
phi_m, max: 10.744771 at y = 5.900000./ phi_m, min: 0.000000 at y = 5.928571
phi_e, max: 0.030126 at y = 6.105587, phi_e, min: 0.027414 at y = 5.900000
phi_m, max: 112.374065 at y = 5.900000./ phi_m, min: 0.000000 at y = 5.928571
phi_e, max: -0.000004 at y = 5.900000, phi_e, min: -0.056640 at y = 6.108213


phi_m, max: -0.000000 at y = 3.790000./ phi_m, min: -0.001374 at y = 3.761429
phi_e, max: 0.000597 at y = 4.010000, phi_e, min: 0.000596 at y = 3.761429
phi_m, max: -0.000000 at y = 3.790000./ phi_m, min: -0.001109 at y = 3.761429
phi_e, max: 0.000236 at y = 4.010000, phi_e, min: 0.000236 at y = 3.761429
phi_m, max: -0.000000 at y = 3.790000./ phi_m, min: -0.001072 at y = 3.761429
phi_e, max: 0.000193 at y = 4.010000, phi_e, min: 0.000192 at y = 3.761429
phi_m, max: -0.000000 at y = 3.790000./ phi_m, min: -0.001003 at y = 3.794084
phi_e, max: 0.000141 at y = 3.761429, phi_e, min: 0.000140 at y = 4.010000
phi_m, max: 0.003369 at y = 3.761429./ phi_m, min: -0.000719 at y = 4.010000
phi_e, max: -0.000204 at y = 3.761429, phi_e, min: -0.000311 at y = 4.010000
phi_m, max: 0.546312 at y = 3.761429./ phi_m, min: 0.000000 at y = 3.790000
phi_e, max: -0.011629 at y = 4.010000, phi_e, min: -0.012581 at y = 3.761429
phi_m, max: 43.253296 at y = 3.761429./ phi_m, min: 0.000000 at y = 3.790000
phi_e, max: 0.070793 at y = 3.793213, phi_e, min: 0.053819 at y = 3.961218
phi_m, max: 114.555878 at y = 4.003633./ phi_m, min: 0.000000 at y = 3.790000
phi_e, max: 0.042649 at y = 3.835133, phi_e, min: -0.011267 at y = 4.009413
phi_m, max: 106.560100 at y = 4.006426./ phi_m, min: 0.000000 at y = 3.790000
phi_e, max: 0.038591 at y = 3.860792, phi_e, min: 0.018622 at y = 4.008213
phi_m, max: 88.951857 at y = 4.007458./ phi_m, min: 0.000000 at y = 3.790000
phi_e, max: 0.029491 at y = 3.860792, phi_e, min: 0.013025 at y = 4.008213
phi_m, max: 68.778070 at y = 4.007458./ phi_m, min: 0.000000 at y = 3.790000
phi_e, max: 0.021131 at y = 3.858342, phi_e, min: 0.008567 at y = 4.008213
phi_m, max: 49.450626 at y = 4.008213./ phi_m, min: 0.000000 at y = 3.790000
phi_e, max: 0.017284 at y = 3.863705, phi_e, min: 0.009207 at y = 4.008213


phi_m, max: -0.000000 at y = 5.260000./ phi_m, min: -0.000991 at y = 5.264832
phi_e, max: 0.000602 at y = 5.298571, phi_e, min: 0.000601 at y = 5.060000
phi_m, max: -0.000000 at y = 5.260000./ phi_m, min: -0.000999 at y = 5.264832
phi_e, max: 0.000238 at y = 5.298571, phi_e, min: 0.000237 at y = 5.060000
phi_m, max: -0.000000 at y = 5.260000./ phi_m, min: -0.000991 at y = 5.264832
phi_e, max: 0.000193 at y = 5.298571, phi_e, min: 0.000193 at y = 5.060000
phi_m, max: -0.000000 at y = 5.260000./ phi_m, min: -0.000982 at y = 5.264832
phi_e, max: 0.000134 at y = 5.060000, phi_e, min: 0.000132 at y = 5.298571
phi_m, max: -0.000000 at y = 5.260000./ phi_m, min: -0.000974 at y = 5.265168
phi_e, max: -0.000756 at y = 5.060000, phi_e, min: -0.000857 at y = 5.298571
phi_m, max: -0.000000 at y = 5.260000./ phi_m, min: -0.000965 at y = 5.264490
phi_e, max: -0.005316 at y = 5.298571, phi_e, min: -0.006494 at y = 5.060000
phi_m, max: -0.000000 at y = 5.260000./ phi_m, min: -0.000919 at y = 5.266259
phi_e, max: 0.056752 at y = 5.298571, phi_e, min: 0.056167 at y = 5.060000
phi_m, max: 0.016133 at y = 5.063356./ phi_m, min: 0.000000 at y = 5.260000
phi_e, max: -0.016160 at y = 5.298571, phi_e, min: -0.016604 at y = 5.060000
phi_m, max: 2.027502 at y = 5.063356./ phi_m, min: 0.000000 at y = 5.260000
phi_e, max: 0.115751 at y = 5.060000, phi_e, min: 0.112640 at y = 5.298571
phi_m, max: 101.785249 at y = 5.063356./ phi_m, min: 0.000000 at y = 5.260000
phi_e, max: 0.192079 at y = 5.298571, phi_e, min: 0.100308 at y = 5.060000
phi_m, max: 112.673651 at y = 5.266259./ phi_m, min: 0.000000 at y = 5.260000
phi_e, max: 0.091354 at y = 5.136703, phi_e, min: 0.080157 at y = 5.265587
phi_m, max: 98.011983 at y = 5.266787./ phi_m, min: 0.000000 at y = 5.260000
phi_e, max: 0.078680 at y = 5.147871, phi_e, min: 0.070819 at y = 5.264413


phi_m, max: -0.000000 at y = 4.210000./ phi_m, min: -0.000996 at y = 4.214832
phi_e, max: 0.000599 at y = 4.430000, phi_e, min: 0.000598 at y = 4.181429
phi_m, max: -0.000000 at y = 4.210000./ phi_m, min: -0.001001 at y = 4.214832
phi_e, max: 0.000237 at y = 4.426426, phi_e, min: 0.000237 at y = 4.181429
phi_m, max: -0.000000 at y = 4.210000./ phi_m, min: -0.000993 at y = 4.214832
phi_e, max: 0.000193 at y = 4.426426, phi_e, min: 0.000193 at y = 4.302358
phi_m, max: -0.000000 at y = 4.210000./ phi_m, min: -0.000983 at y = 4.214832
phi_e, max: 0.000139 at y = 4.181429, phi_e, min: 0.000137 at y = 4.430000
phi_m, max: -0.000000 at y = 4.210000./ phi_m, min: -0.000935 at y = 4.420000
phi_e, max: -0.000383 at y = 4.181429, phi_e, min: -0.000487 at y = 4.430000
phi_m, max: 0.008730 at y = 4.210000./ phi_m, min: 0.000000 at y = 4.210000
phi_e, max: -0.009599 at y = 4.430000, phi_e, min: -0.010799 at y = 4.181429
phi_m, max: 0.847738 at y = 4.210000./ phi_m, min: 0.000000 at y = 4.210000
phi_e, max: 0.054902 at y = 4.213213, phi_e, min: 0.054619 at y = 4.337935
phi_m, max: 65.699399 at y = 4.210000./ phi_m, min: 0.000000 at y = 4.210000
phi_e, max: -0.005380 at y = 4.421175, phi_e, min: -0.010639 at y = 4.210587
phi_m, max: 112.411466 at y = 4.420000./ phi_m, min: 0.000000 at y = 4.210000
phi_e, max: 0.050472 at y = 4.430000, phi_e, min: 0.021238 at y = 4.210587
phi_m, max: 100.293458 at y = 4.420000./ phi_m, min: 0.000000 at y = 4.210000
phi_e, max: 0.040114 at y = 4.430000, phi_e, min: 0.015364 at y = 4.210587
phi_m, max: 81.871038 at y = 4.420000./ phi_m, min: 0.000000 at y = 4.210000
phi_e, max: 0.030140 at y = 4.430000, phi_e, min: 0.010539 at y = 4.211787
phi_m, max: 61.914368 at y = 4.420000./ phi_m, min: 0.000000 at y = 4.210000
phi_e, max: 0.027137 at y = 4.430000, phi_e, min: 0.011750 at y = 4.211787


phi_m, max: 0.000407 at y = 1.728571./ phi_m, min: -0.001479 at y = 1.900000
phi_e, max: -0.271485 at y = 1.967143, phi_e, min: -0.320252 at y = 1.728571
phi_m, max: 0.296177 at y = 1.728571./ phi_m, min: 0.000000 at y = 1.900000
phi_e, max: -0.107500 at y = 1.967143, phi_e, min: -0.126849 at y = 1.728571
phi_m, max: 24.819423 at y = 1.728571./ phi_m, min: 0.000000 at y = 1.900000
phi_e, max: -0.088122 at y = 1.967143, phi_e, min: -0.107117 at y = 1.728571
phi_m, max: 115.096900 at y = 1.904832./ phi_m, min: 0.000000 at y = 1.900000
phi_e, max: -0.033424 at y = 1.759300, phi_e, min: -0.051562 at y = 1.908213
phi_m, max: 104.497077 at y = 1.906787./ phi_m, min: 0.000000 at y = 1.900000
phi_e, max: 0.011891 at y = 1.759300, phi_e, min: -0.000907 at y = 1.906787
phi_m, max: 86.309266 at y = 1.907458./ phi_m, min: 0.000000 at y = 1.900000
phi_e, max: -0.012222 at y = 1.789071, phi_e, min: -0.018637 at y = 1.904413
phi_m, max: 66.052685 at y = 1.907458./ phi_m, min: 0.000000 at y = 1.900000
phi_e, max: -0.057865 at y = 1.967143, phi_e, min: -0.066747 at y = 1.728571
phi_m, max: 47.065466 at y = 1.908213./ phi_m, min: 0.000000 at y = 1.900000
phi_e, max: -0.055255 at y = 1.967143, phi_e, min: -0.064706 at y = 1.728571
phi_m, max: 29.380040 at y = 1.963787./ phi_m, min: 0.000000 at y = 1.900000
phi_e, max: -0.048479 at y = 1.967143, phi_e, min: -0.057511 at y = 1.728571
phi_m, max: 8.875788 at y = 1.963787./ phi_m, min: 0.000000 at y = 1.900000
phi_e, max: -0.040112 at y = 1.967143, phi_e, min: -0.050163 at y = 1.728571
phi_m, max: 0.891165 at y = 1.963787./ phi_m, min: 0.000000 at y = 1.900000
phi_e, max: -0.033138 at y = 1.967143, phi_e, min: -0.040156 at y = 1.728571
phi_m, max: -0.000000 at y = 1.900000./ phi_m, min: -0.293903 at y = 1.728571
phi_e, max: -0.019909 at y = 1.967143, phi_e, min: -0.023367 at y = 1.728571


phi_m, max: 0.124254 at y = 1.308571./ phi_m, min: 0.000000 at y = 1.480000
phi_e, max: -0.351628 at y = 1.575714, phi_e, min: -0.412288 at y = 1.283356
phi_m, max: 12.980484 at y = 1.308571./ phi_m, min: 0.000000 at y = 1.480000
phi_e, max: -0.139572 at y = 1.575714, phi_e, min: -0.165800 at y = 1.283356
phi_m, max: 114.141500 at y = 1.483213./ phi_m, min: 0.000000 at y = 1.480000
phi_e, max: -0.089524 at y = 1.328131, phi_e, min: -0.128207 at y = 1.488213
phi_m, max: 107.133480 at y = 1.486426./ phi_m, min: 0.000000 at y = 1.480000
phi_e, max: -0.010100 at y = 1.343705, phi_e, min: -0.024115 at y = 1.488213
phi_m, max: 89.709336 at y = 1.487458./ phi_m, min: 0.000000 at y = 1.480000
phi_e, max: 0.033747 at y = 1.339300, phi_e, min: 0.021412 at y = 1.486787
phi_m, max: 69.570575 at y = 1.487458./ phi_m, min: 0.000000 at y = 1.480000
phi_e, max: -0.008505 at y = 1.378082, phi_e, min: -0.013790 at y = 1.485587
phi_m, max: 50.150316 at y = 1.488213./ phi_m, min: 0.000000 at y = 1.480000
phi_e, max: -0.069629 at y = 1.575714, phi_e, min: -0.082490 at y = 1.283356
phi_m, max: 32.521799 at y = 1.489413./ phi_m, min: 0.000000 at y = 1.480000
phi_e, max: -0.068863 at y = 1.575714, phi_e, min: -0.082133 at y = 1.283356
phi_m, max: 11.389063 at y = 1.518571./ phi_m, min: 0.000000 at y = 1.480000
phi_e, max: -0.063688 at y = 1.575714, phi_e, min: -0.079448 at y = 1.283356
phi_m, max: 1.322465 at y = 1.518571./ phi_m, min: 0.000000 at y = 1.480000
phi_e, max: -0.056798 at y = 1.575714, phi_e, min: -0.069426 at y = 1.283356
phi_m, max: -0.000000 at y = 1.480000./ phi_m, min: -0.260742 at y = 1.308571
phi_e, max: -0.044661 at y = 1.575714, phi_e, min: -0.053298 at y = 1.283356
phi_m, max: -0.000000 at y = 1.480000./ phi_m, min: -0.390129 at y = 1.308571
phi_e, max: -0.025617 at y = 1.575714, phi_e, min: -0.029929 at y = 1.283356


phi_m, max: 114.785271 at y = 0.433633./ phi_m, min: -0.021591 at y = 3.277724
phi_e, max: 0.000611 at y = 3.341429, phi_e, min: -0.575517 at y = 0.438213
phi_m, max: 106.175770 at y = 0.436426./ phi_m, min: -0.008939 at y = 3.277724
phi_e, max: 0.000242 at y = 3.341429, phi_e, min: -0.154302 at y = 0.436787
phi_m, max: 88.448626 at y = 0.437458./ phi_m, min: -0.007427 at y = 3.277724
phi_e, max: 0.000197 at y = 3.341429, phi_e, min: -0.064984 at y = 0.436787
phi_m, max: 68.257438 at y = 0.437458./ phi_m, min: -0.002515 at y = 3.321869
phi_e, max: 0.019098 at y = 0.344286, phi_e, min: -0.003821 at y = 3.198571
phi_m, max: 48.995853 at y = 0.438213./ phi_m, min: 0.000000 at y = 0.430000
phi_e, max: 0.058743 at y = 0.344286, phi_e, min: -0.002616 at y = 3.198571
phi_m, max: 52.675655 at y = 3.198571./ phi_m, min: 0.000000 at y = 0.430000
phi_e, max: 0.000366 at y = 3.341429, phi_e, min: -0.024914 at y = 0.433213
phi_m, max: 109.268696 at y = 3.341429./ phi_m, min: 0.000000 at y = 0.430000
phi_e, max: 0.000481 at y = 3.341429, phi_e, min: -0.130474 at y = 0.319071
phi_m, max: 96.399986 at y = 3.341429./ phi_m, min: 0.000000 at y = 0.430000
phi_e, max: 0.000427 at y = 3.341429, phi_e, min: -0.139280 at y = 0.319071
phi_m, max: 78.077600 at y = 3.341429./ phi_m, min: -0.221076 at y = 0.344286
phi_e, max: 0.000347 at y = 3.341429, phi_e, min: -0.131813 at y = 0.319071
phi_m, max: 58.601415 at y = 3.341429./ phi_m, min: -0.381048 at y = 0.432542
phi_e, max: 0.000259 at y = 3.341429, phi_e, min: -0.108205 at y = 0.319071
phi_m, max: 40.929646 at y = 3.341429./ phi_m, min: -0.452623 at y = 0.434413
phi_e, max: 0.000187 at y = 3.341429, phi_e, min: -0.080073 at y = 0.319071
phi_m, max: 22.190263 at y = 3.341429./ phi_m, min: -0.482497 at y = 0.434832
phi_e, max: 0.000254 at y = 3.341429, phi_e, min: -0.043378 at y = 0.324726


phi_m, max: -0.000000 at y = 4.850000./ phi_m, min: -0.000991 at y = 4.844832
phi_e, max: 0.000601 at y = 5.088571, phi_e, min: 0.000601 at y = 4.840000
phi_m, max: -0.000000 at y = 4.850000./ phi_m, min: -0.000999 at y = 4.844832
phi_e, max: 0.000237 at y = 5.088571, phi_e, min: 0.000237 at y = 4.887583
phi_m, max: -0.000000 at y = 4.850000./ phi_m, min: -0.000991 at y = 4.844832
phi_e, max: 0.000193 at y = 5.088571, phi_e, min: 0.000193 at y = 4.909300
phi_m, max: -0.000000 at y = 4.850000./ phi_m, min: -0.000982 at y = 5.055168
phi_e, max: 0.000135 at y = 4.840000, phi_e, min: 0.000133 at y = 5.088571
phi_m, max: -0.000000 at y = 4.850000./ phi_m, min: -0.000974 at y = 5.055168
phi_e, max: -0.000663 at y = 4.840000, phi_e, min: -0.000767 at y = 5.088571
phi_m, max: -0.000000 at y = 4.850000./ phi_m, min: -0.000964 at y = 5.054832
phi_e, max: -0.006358 at y = 5.088571, phi_e, min: -0.007573 at y = 4.840000
phi_m, max: 0.002022 at y = 4.840000./ phi_m, min: -0.000736 at y = 5.060000
phi_e, max: 0.056235 at y = 5.088571, phi_e, min: 0.055634 at y = 4.840000
phi_m, max: 0.270915 at y = 4.840000./ phi_m, min: 0.000000 at y = 4.850000
phi_e, max: -0.016554 at y = 5.088571, phi_e, min: -0.016813 at y = 4.840000
phi_m, max: 30.962400 at y = 4.840000./ phi_m, min: 0.000000 at y = 4.850000
phi_e, max: 0.140288 at y = 4.841787, phi_e, min: 0.115228 at y = 5.088571
phi_m, max: 114.184959 at y = 4.845587./ phi_m, min: 0.000000 at y = 4.850000
phi_e, max: 0.111048 at y = 4.962129, phi_e, min: 0.093173 at y = 4.840587
phi_m, max: 107.559663 at y = 5.056426./ phi_m, min: 0.000000 at y = 4.850000
phi_e, max: 0.091703 at y = 4.981058, phi_e, min: 0.074102 at y = 4.840587
phi_m, max: 90.281547 at y = 5.056787./ phi_m, min: 0.000000 at y = 4.850000
phi_e, max: 0.077628 at y = 4.983846, phi_e, min: 0.062953 at y = 4.841787


Writing: "Fiber2DEphapticPlaneL6rho3_12.chk"
 (0.00183115s, XML)
Steps: 13000000 Time: 1.3         
phi_m, max: -0.000000 at y = 4.640000./ phi_m, min: -0.000991 at y = 4.634832
phi_e, max: 0.000601 at y = 4.850000, phi_e, min: 0.000600 at y = 4.630000
phi_m, max: -0.000000 at y = 4.640000./ phi_m, min: -0.000999 at y = 4.634832
phi_e, max: 0.000237 at y = 4.846426, phi_e, min: 0.000237 at y = 4.699300
phi_m, max: -0.000000 at y = 4.640000./ phi_m, min: -0.000991 at y = 4.634832
phi_e, max: 0.000193 at y = 4.846426, phi_e, min: 0.000193 at y = 4.732276
phi_m, max: -0.000000 at y = 4.640000./ phi_m, min: -0.000982 at y = 4.634832
phi_e, max: 0.000136 at y = 4.630000, phi_e, min: 0.000135 at y = 4.850000
phi_m, max: -0.000000 at y = 4.640000./ phi_m, min: -0.000972 at y = 4.635168
phi_e, max: -0.000573 at y = 4.630000, phi_e, min: -0.000667 at y = 4.850000
phi_m, max: -0.000000 at y = 4.640000./ phi_m, min: -0.000932 at y = 4.840000
phi_e, max: -0.007525 at y = 4.850000, phi_e, min: -0.008612 at y = 4.630000
phi_m, max: 0.018610 at y = 4.630000./ phi_m, min: 0.000000 at y = 4.640000
phi_e, max: 0.055658 at y = 4.850000, phi_e, min: 0.055136 at y = 4.630000
phi_m, max: 1.844167 at y = 4.630000./ phi_m, min: 0.000000 at y = 4.640000
phi_e, max: -0.015533 at y = 4.631787, phi_e, min: -0.016830 at y = 4.817747
phi_m, max: 105.985233 at y = 4.631175./ phi_m, min: 0.000000 at y = 4.640000
phi_e, max: 0.140184 at y = 4.840000, phi_e, min: 0.080707 at y = 4.631787
phi_m, max: 111.218993 at y = 4.840000./ phi_m, min: 0.000000 at y = 4.640000
phi_e, max: 0.095534 at y = 4.850000, phi_e, min: 0.063974 at y = 4.630587
phi_m, max: 97.386471 at y = 4.840000./ phi_m, min: 0.000000 at y = 4.640000
phi_e, max: 0.076112 at y = 4.850000, phi_e, min: 0.049609 at y = 4.631787
phi_m, max: 78.447562 at y = 4.840000./ phi_m, min: 0.000000 at y = 4.640000
phi_e, max: 0.064602 at y = 4.850000, phi_e, min: 0.042838 at y = 4.631787
phi_m, max: 58.563714 at y = 4.840000./ phi_m, min: 0.000000 at y = 4.640000
phi_e, max: 0.052815 at y = 4.850000, phi_e, min: 0.035093 at y = 4.630587


phi_m, max: 113.563286 at y = 0.225587./ phi_m, min: 0.000000 at y = 0.220000
phi_e, max: -0.559712 at y = 0.335274, phi_e, min: -0.568883 at y = 0.224413
phi_m, max: 99.623701 at y = 0.226787./ phi_m, min: 0.000000 at y = 0.220000
phi_e, max: -0.145225 at y = 0.337724, phi_e, min: -0.152999 at y = 0.224413
phi_m, max: 80.459797 at y = 0.226787./ phi_m, min: 0.000000 at y = 0.220000
phi_e, max: -0.057546 at y = 0.337724, phi_e, min: -0.063649 at y = 0.224413
phi_m, max: 60.274631 at y = 0.227458./ phi_m, min: 0.000000 at y = 0.220000
phi_e, max: 0.019106 at y = 0.337724, phi_e, min: 0.014681 at y = 0.224413
phi_m, max: 42.471131 at y = 0.344286./ phi_m, min: 0.000000 at y = 0.220000
phi_e, max: 0.058749 at y = 0.337724, phi_e, min: 0.055754 at y = 0.224413
phi_m, max: 25.174117 at y = 0.344286./ phi_m, min: 0.000000 at y = 0.220000
phi_e, max: -0.024012 at y = 0.344286, phi_e, min: -0.025395 at y = 0.225168
phi_m, max: 6.033036 at y = 0.344286./ phi_m, min: 0.000000 at y = 0.220000
phi_e, max: -0.130316 at y = 0.344286, phi_e, min: -0.130689 at y = 0.105714
phi_m, max: 0.473699 at y = 0.344286./ phi_m, min: 0.000000 at y = 0.220000
phi_e, max: -0.139145 at y = 0.344286, phi_e, min: -0.139281 at y = 0.105714
phi_m, max: -0.000000 at y = 0.220000./ phi_m, min: -0.261566 at y = 0.226426
phi_e, max: -0.131706 at y = 0.344286, phi_e, min: -0.131809 at y = 0.315714
phi_m, max: -0.000000 at y = 0.220000./ phi_m, min: -0.391794 at y = 0.226426
phi_e, max: -0.108126 at y = 0.344286, phi_e, min: -0.108202 at y = 0.315714
phi_m, max: -0.000000 at y = 0.220000./ phi_m, min: -0.453656 at y = 0.226259
phi_e, max: -0.080019 at y = 0.344286, phi_e, min: -0.080071 at y = 0.315714
phi_m, max: -0.000000 at y = 0.220000./ phi_m, min: -0.477463 at y = 0.225916
phi_e, max: -0.043332 at y = 0.224413, phi_e, min: -0.043377 at y = 0.315714
phi_m, max: -0.000000 at y = 0.220000./ phi_m, min: -0.474632 at y = 0.225587
phi_e, max: -0.009946 at y = 0.224413, phi_e, min: -0.009986 at y = 0.325925


phi_m, max: 112.079681 at y = 0.011175./ phi_m, min: 0.000000 at y = -0.010000
phi_e, max: -0.561556 at y = 0.121918, phi_e, min: -0.568649 at y = 0.016787
phi_m, max: 96.769066 at y = 0.009413./ phi_m, min: 0.000000 at y = -0.010000
phi_e, max: -0.147121 at y = 0.121918, phi_e, min: -0.153011 at y = 0.016787
phi_m, max: 77.425389 at y = 0.008376./ phi_m, min: 0.000000 at y = -0.010000
phi_e, max: -0.059184 at y = 0.121918, phi_e, min: -0.063775 at y = 0.016787
phi_m, max: 57.605573 at y = 0.007458./ phi_m, min: 0.000000 at y = -0.010000
phi_e, max: 0.017806 at y = 0.121918, phi_e, min: 0.014458 at y = 0.015587
phi_m, max: 40.062897 at y = 0.006426./ phi_m, min: 0.000000 at y = -0.010000
phi_e, max: 0.057793 at y = 0.121918, phi_e, min: 0.055507 at y = 0.014413
phi_m, max: 20.362228 at y = 0.004832./ phi_m, min: 0.000000 at y = -0.010000
phi_e, max: -0.024758 at y = 0.124075, phi_e, min: -0.025694 at y = 0.004413
phi_m, max: 3.395087 at y = 0.134286./ phi_m, min: 0.000000 at y = -0.010000
phi_e, max: -0.130671 at y = 0.134286, phi_e, min: -0.130781 at y = 0.003213
phi_m, max: 0.341669 at y = 0.001787./ phi_m, min: 0.000000 at y = -0.010000
phi_e, max: -0.139277 at y = 0.134286, phi_e, min: -0.139314 at y = 0.005587
phi_m, max: -0.000000 at y = -0.010000./ phi_m, min: -0.202466 at y = 0.134286
phi_e, max: -0.131790 at y = 0.134286, phi_e, min: -0.131805 at y = 0.005587
phi_m, max: -0.000000 at y = -0.010000./ phi_m, min: -0.332077 at y = 0.134286
phi_e, max: -0.108178 at y = 0.019413, phi_e, min: -0.108185 at y = 0.115925
phi_m, max: -0.000000 at y = -0.010000./ phi_m, min: -0.400030 at y = 0.134286
phi_e, max: -0.080040 at y = 0.018213, phi_e, min: -0.080057 at y = 0.117513
phi_m, max: -0.000000 at y = -0.010000./ phi_m, min: -0.441930 at y = 0.014490
phi_e, max: -0.043344 at y = 0.016787, phi_e, min: -0.043367 at y = 0.117513
phi_m, max: -0.000000 at y = -0.010000./ phi_m, min: -0.460157 at y = 0.005916
phi_e, max: -0.009952 at y = 0.014413, phi_e, min: -0.009979 at y = 0.121918


phi_m, max: 0.018845 at y = 1.490000./ phi_m, min: 0.000000 at y = 1.518571
phi_e, max: -0.314157 at y = 1.757143, phi_e, min: -0.369417 at y = 1.490000
phi_m, max: 2.209736 at y = 1.490000./ phi_m, min: 0.000000 at y = 1.518571
phi_e, max: -0.124439 at y = 1.757143, phi_e, min: -0.146408 at y = 1.490000
phi_m, max: 104.494372 at y = 1.490000./ phi_m, min: 0.000000 at y = 1.518571
phi_e, max: -0.105208 at y = 1.757143, phi_e, min: -0.127042 at y = 1.490000
phi_m, max: 112.369470 at y = 1.696259./ phi_m, min: 0.000000 at y = 1.518571
phi_e, max: -0.021386 at y = 1.543494, phi_e, min: -0.036898 at y = 1.696787
phi_m, max: 97.477920 at y = 1.696787./ phi_m, min: 0.000000 at y = 1.518571
phi_e, max: 0.023340 at y = 1.536932, phi_e, min: 0.009275 at y = 1.696787
phi_m, max: 77.998792 at y = 1.697458./ phi_m, min: 0.000000 at y = 1.518571
phi_e, max: -0.010086 at y = 1.573557, phi_e, min: -0.016731 at y = 1.695587
phi_m, max: 57.866893 at y = 1.697458./ phi_m, min: 0.000000 at y = 1.518571
phi_e, max: -0.064695 at y = 1.757143, phi_e, min: -0.075222 at y = 1.490000
phi_m, max: 39.928596 at y = 1.698376./ phi_m, min: 0.000000 at y = 1.518571
phi_e, max: -0.062870 at y = 1.757143, phi_e, min: -0.074015 at y = 1.490000
phi_m, max: 20.243782 at y = 1.728571./ phi_m, min: 0.000000 at y = 1.518571
phi_e, max: -0.055969 at y = 1.757143, phi_e, min: -0.068196 at y = 1.490000
phi_m, max: 3.620310 at y = 1.728571./ phi_m, min: 0.000000 at y = 1.518571
phi_e, max: -0.048919 at y = 1.757143, phi_e, min: -0.060463 at y = 1.490000
phi_m, max: 0.139896 at y = 1.728571./ phi_m, min: -0.156039 at y = 1.490000
phi_e, max: -0.039293 at y = 1.757143, phi_e, min: -0.047181 at y = 1.490000
phi_m, max: -0.000000 at y = 1.518571./ phi_m, min: -0.363126 at y = 1.490000
phi_e, max: -0.022941 at y = 1.757143, phi_e, min: -0.026865 at y = 1.490000
phi_m, max: -0.000000 at y = 1.518571./ phi_m, min: -0.439324 at y = 1.490000
phi_e, max: -0.006348 at y = 1.757143, phi_e, min: -0.007026 at y = 1.490000


phi_m, max: -0.000000 at y = 6.310000./ phi_m, min: -0.001063 at y = 6.318825
phi_e, max: 0.000608 at y = 6.330000, phi_e, min: 0.000607 at y = 6.110000
phi_m, max: -0.000000 at y = 6.310000./ phi_m, min: -0.001071 at y = 6.318825
phi_e, max: 0.000240 at y = 6.330000, phi_e, min: 0.000240 at y = 6.110000
phi_m, max: -0.000000 at y = 6.310000./ phi_m, min: -0.001063 at y = 6.318825
phi_e, max: 0.000196 at y = 6.320000, phi_e, min: 0.000195 at y = 6.110000
phi_m, max: -0.000000 at y = 6.310000./ phi_m, min: -0.001052 at y = 6.318825
phi_e, max: 0.000129 at y = 6.110000, phi_e, min: 0.000129 at y = 6.320000
phi_m, max: -0.000000 at y = 6.310000./ phi_m, min: -0.000984 at y = 6.315510
phi_e, max: -0.001200 at y = 6.110000, phi_e, min: -0.001290 at y = 6.330000
phi_m, max: -0.000000 at y = 6.310000./ phi_m, min: -0.001928 at y = 6.320000
phi_e, max: -0.000275 at y = 6.330000, phi_e, min: -0.001322 at y = 6.110000
phi_m, max: -0.000000 at y = 6.310000./ phi_m, min: -0.001489 at y = 6.320000
phi_e, max: 0.059255 at y = 6.330000, phi_e, min: 0.058734 at y = 6.110000
phi_m, max: -0.000000 at y = 6.310000./ phi_m, min: -0.001395 at y = 6.320000
phi_e, max: -0.014145 at y = 6.330000, phi_e, min: -0.014566 at y = 6.110000
phi_m, max: -0.000000 at y = 6.310000./ phi_m, min: -0.001268 at y = 6.320000
phi_e, max: 0.112907 at y = 6.330000, phi_e, min: 0.112583 at y = 6.110000
phi_m, max: 0.010834 at y = 6.110000./ phi_m, min: 0.000000 at y = 6.310000
phi_e, max: 0.230265 at y = 6.330000, phi_e, min: 0.230037 at y = 6.110000
phi_m, max: 1.619218 at y = 6.110000./ phi_m, min: 0.000000 at y = 6.310000
phi_e, max: 0.030690 at y = 6.318213, phi_e, min: 0.030018 at y = 6.110000
phi_m, max: 100.979343 at y = 6.110000./ phi_m, min: 0.000000 at y = 6.310000
phi_e, max: -0.033138 at y = 6.318213, phi_e, min: -0.055781 at y = 6.110000
phi_m, max: 112.603966 at y = 6.318376./ phi_m, min: 0.000000 at y = 6.310000
phi_e, max: -0.016508 at y = 6.138571, phi_e, min: -0.030854 at y = 6.313213


phi_m, max: -0.000000 at y = 5.928571./ phi_m, min: -0.001000 at y = 6.105449
phi_e, max: 0.000607 at y = 6.138571, phi_e, min: 0.000606 at y = 5.900000
phi_m, max: -0.000000 at y = 5.928571./ phi_m, min: -0.001009 at y = 6.105449
phi_e, max: 0.000240 at y = 6.138571, phi_e, min: 0.000239 at y = 5.900000
phi_m, max: -0.000000 at y = 5.928571./ phi_m, min: -0.001001 at y = 6.105449
phi_e, max: 0.000195 at y = 6.138571, phi_e, min: 0.000195 at y = 5.900000
phi_m, max: -0.000000 at y = 5.928571./ phi_m, min: -0.000992 at y = 6.105449
phi_e, max: 0.000130 at y = 5.900000, phi_e, min: 0.000129 at y = 6.138571
phi_m, max: -0.000000 at y = 5.928571./ phi_m, min: -0.000975 at y = 6.105168
phi_e, max: -0.001112 at y = 5.900000, phi_e, min: -0.001212 at y = 6.138571
phi_m, max: -0.000000 at y = 5.928571./ phi_m, min: -0.001094 at y = 6.138571
phi_e, max: -0.001184 at y = 6.138571, phi_e, min: -0.002350 at y = 5.900000
phi_m, max: -0.000000 at y = 5.928571./ phi_m, min: -0.001030 at y = 6.108376
phi_e, max: 0.058803 at y = 6.138571, phi_e, min: 0.058224 at y = 5.900000
phi_m, max: -0.000000 at y = 5.928571./ phi_m, min: -0.001010 at y = 6.107458
phi_e, max: -0.014510 at y = 6.138571, phi_e, min: -0.014979 at y = 5.900000
phi_m, max: 0.000138 at y = 5.900000./ phi_m, min: -0.000836 at y = 6.138571
phi_e, max: 0.112625 at y = 6.138571, phi_e, min: 0.112264 at y = 5.900000
phi_m, max: 0.077112 at y = 5.900000./ phi_m, min: 0.000000 at y = 5.928571
phi_e, max: 0.230066 at y = 6.138571, phi_e, min: 0.229799 at y = 5.900000
phi_m, max: 10.744771 at y = 5.900000./ phi_m, min: 0.000000 at y = 5.928571
phi_e, max: 0.030126 at y = 6.105587, phi_e, min: 0.027414 at y = 5.900000
phi_m, max: 112.374065 at y = 5.900000./ phi_m, min: 0.000000 at y = 5.928571
phi_e, max: -0.000004 at y = 5.900000, phi_e, min: -0.056640 at y = 6.108213
phi_m, max: 108.415243 at y = 6.106426./ phi_m, min: 0.000000 at y = 5.928571
phi_e, max: 0.007024 at y = 5.900000, phi_e, min: -0.017580 at y = 6.108213


phi_m, max: -0.000000 at y = 3.790000./ phi_m, min: -0.001374 at y = 3.761429
phi_e, max: 0.000597 at y = 4.010000, phi_e, min: 0.000596 at y = 3.761429
phi_m, max: -0.000000 at y = 3.790000./ phi_m, min: -0.001109 at y = 3.761429
phi_e, max: 0.000236 at y = 4.010000, phi_e, min: 0.000236 at y = 3.761429
phi_m, max: -0.000000 at y = 3.790000./ phi_m, min: -0.001072 at y = 3.761429
phi_e, max: 0.000193 at y = 4.010000, phi_e, min: 0.000192 at y = 3.761429
phi_m, max: -0.000000 at y = 3.790000./ phi_m, min: -0.001003 at y = 3.794084
phi_e, max: 0.000141 at y = 3.761429, phi_e, min: 0.000140 at y = 4.010000
phi_m, max: 0.003369 at y = 3.761429./ phi_m, min: -0.000719 at y = 4.010000
phi_e, max: -0.000204 at y = 3.761429, phi_e, min: -0.000311 at y = 4.010000
phi_m, max: 0.546312 at y = 3.761429./ phi_m, min: 0.000000 at y = 3.790000
phi_e, max: -0.011629 at y = 4.010000, phi_e, min: -0.012581 at y = 3.761429
phi_m, max: 43.253296 at y = 3.761429./ phi_m, min: 0.000000 at y = 3.790000
phi_e, max: 0.070793 at y = 3.793213, phi_e, min: 0.053819 at y = 3.961218
phi_m, max: 114.555878 at y = 4.003633./ phi_m, min: 0.000000 at y = 3.790000
phi_e, max: 0.042649 at y = 3.835133, phi_e, min: -0.011267 at y = 4.009413
phi_m, max: 106.560100 at y = 4.006426./ phi_m, min: 0.000000 at y = 3.790000
phi_e, max: 0.038591 at y = 3.860792, phi_e, min: 0.018622 at y = 4.008213
phi_m, max: 88.951857 at y = 4.007458./ phi_m, min: 0.000000 at y = 3.790000
phi_e, max: 0.029491 at y = 3.860792, phi_e, min: 0.013025 at y = 4.008213
phi_m, max: 68.778070 at y = 4.007458./ phi_m, min: 0.000000 at y = 3.790000
phi_e, max: 0.021131 at y = 3.858342, phi_e, min: 0.008567 at y = 4.008213
phi_m, max: 49.450626 at y = 4.008213./ phi_m, min: 0.000000 at y = 3.790000
phi_e, max: 0.017284 at y = 3.863705, phi_e, min: 0.009207 at y = 4.008213
phi_m, max: 31.776912 at y = 4.009413./ phi_m, min: 0.000000 at y = 3.790000
phi_e, max: 0.009911 at y = 3.866154, phi_e, min: 0.005297 at y = 4.006787


phi_m, max: -0.000000 at y = 5.260000./ phi_m, min: -0.000991 at y = 5.264832
phi_e, max: 0.000602 at y = 5.298571, phi_e, min: 0.000601 at y = 5.060000
phi_m, max: -0.000000 at y = 5.260000./ phi_m, min: -0.000999 at y = 5.264832
phi_e, max: 0.000238 at y = 5.298571, phi_e, min: 0.000237 at y = 5.060000
phi_m, max: -0.000000 at y = 5.260000./ phi_m, min: -0.000991 at y = 5.264832
phi_e, max: 0.000193 at y = 5.298571, phi_e, min: 0.000193 at y = 5.060000
phi_m, max: -0.000000 at y = 5.260000./ phi_m, min: -0.000982 at y = 5.264832
phi_e, max: 0.000134 at y = 5.060000, phi_e, min: 0.000132 at y = 5.298571
phi_m, max: -0.000000 at y = 5.260000./ phi_m, min: -0.000974 at y = 5.265168
phi_e, max: -0.000756 at y = 5.060000, phi_e, min: -0.000857 at y = 5.298571
phi_m, max: -0.000000 at y = 5.260000./ phi_m, min: -0.000965 at y = 5.264490
phi_e, max: -0.005316 at y = 5.298571, phi_e, min: -0.006494 at y = 5.060000
phi_m, max: -0.000000 at y = 5.260000./ phi_m, min: -0.000919 at y = 5.266259
phi_e, max: 0.056752 at y = 5.298571, phi_e, min: 0.056167 at y = 5.060000
phi_m, max: 0.016133 at y = 5.063356./ phi_m, min: 0.000000 at y = 5.260000
phi_e, max: -0.016160 at y = 5.298571, phi_e, min: -0.016604 at y = 5.060000
phi_m, max: 2.027502 at y = 5.063356./ phi_m, min: 0.000000 at y = 5.260000
phi_e, max: 0.115751 at y = 5.060000, phi_e, min: 0.112640 at y = 5.298571
phi_m, max: 101.785249 at y = 5.063356./ phi_m, min: 0.000000 at y = 5.260000
phi_e, max: 0.192079 at y = 5.298571, phi_e, min: 0.100308 at y = 5.060000
phi_m, max: 112.673651 at y = 5.266259./ phi_m, min: 0.000000 at y = 5.260000
phi_e, max: 0.091354 at y = 5.136703, phi_e, min: 0.080157 at y = 5.265587
phi_m, max: 98.011983 at y = 5.266787./ phi_m, min: 0.000000 at y = 5.260000
phi_e, max: 0.078680 at y = 5.147871, phi_e, min: 0.070819 at y = 5.264413
phi_m, max: 78.603127 at y = 5.267458./ phi_m, min: 0.000000 at y = 5.260000
phi_e, max: 0.065775 at y = 5.158082, phi_e, min: 0.060364 at y = 5.264413


phi_m, max: -0.000000 at y = 4.210000./ phi_m, min: -0.000996 at y = 4.214832
phi_e, max: 0.000599 at y = 4.430000, phi_e, min: 0.000598 at y = 4.181429
phi_m, max: -0.000000 at y = 4.210000./ phi_m, min: -0.001001 at y = 4.214832
phi_e, max: 0.000237 at y = 4.426426, phi_e, min: 0.000237 at y = 4.181429
phi_m, max: -0.000000 at y = 4.210000./ phi_m, min: -0.000993 at y = 4.214832
phi_e, max: 0.000193 at y = 4.426426, phi_e, min: 0.000193 at y = 4.302358
phi_m, max: -0.000000 at y = 4.210000./ phi_m, min: -0.000983 at y = 4.214832
phi_e, max: 0.000139 at y = 4.181429, phi_e, min: 0.000137 at y = 4.430000
phi_m, max: -0.000000 at y = 4.210000./ phi_m, min: -0.000935 at y = 4.420000
phi_e, max: -0.000383 at y = 4.181429, phi_e, min: -0.000487 at y = 4.430000
phi_m, max: 0.008730 at y = 4.210000./ phi_m, min: 0.000000 at y = 4.210000
phi_e, max: -0.009599 at y = 4.430000, phi_e, min: -0.010799 at y = 4.181429
phi_m, max: 0.847738 at y = 4.210000./ phi_m, min: 0.000000 at y = 4.210000
phi_e, max: 0.054902 at y = 4.213213, phi_e, min: 0.054619 at y = 4.337935
phi_m, max: 65.699399 at y = 4.210000./ phi_m, min: 0.000000 at y = 4.210000
phi_e, max: -0.005380 at y = 4.421175, phi_e, min: -0.010639 at y = 4.210587
phi_m, max: 112.411466 at y = 4.420000./ phi_m, min: 0.000000 at y = 4.210000
phi_e, max: 0.050472 at y = 4.430000, phi_e, min: 0.021238 at y = 4.210587
phi_m, max: 100.293458 at y = 4.420000./ phi_m, min: 0.000000 at y = 4.210000
phi_e, max: 0.040114 at y = 4.430000, phi_e, min: 0.015364 at y = 4.210587
phi_m, max: 81.871038 at y = 4.420000./ phi_m, min: 0.000000 at y = 4.210000
phi_e, max: 0.030140 at y = 4.430000, phi_e, min: 0.010539 at y = 4.211787
phi_m, max: 61.914368 at y = 4.420000./ phi_m, min: 0.000000 at y = 4.210000
phi_e, max: 0.027137 at y = 4.430000, phi_e, min: 0.011750 at y = 4.211787
phi_m, max: 43.599510 at y = 4.420000./ phi_m, min: 0.000000 at y = 4.210000
phi_e, max: 0.022060 at y = 4.430000, phi_e, min: 0.008858 at y = 4.181429


phi_m, max: 0.000407 at y = 1.728571./ phi_m, min: -0.001479 at y = 1.900000
phi_e, max: -0.271485 at y = 1.967143, phi_e, min: -0.320252 at y = 1.728571
phi_m, max: 0.296177 at y = 1.728571./ phi_m, min: 0.000000 at y = 1.900000
phi_e, max: -0.107500 at y = 1.967143, phi_e, min: -0.126849 at y = 1.728571
phi_m, max: 24.819423 at y = 1.728571./ phi_m, min: 0.000000 at y = 1.900000
phi_e, max: -0.088122 at y = 1.967143, phi_e, min: -0.107117 at y = 1.728571
phi_m, max: 115.096900 at y = 1.904832./ phi_m, min: 0.000000 at y = 1.900000
phi_e, max: -0.033424 at y = 1.759300, phi_e, min: -0.051562 at y = 1.908213
phi_m, max: 104.497077 at y = 1.906787./ phi_m, min: 0.000000 at y = 1.900000
phi_e, max: 0.011891 at y = 1.759300, phi_e, min: -0.000907 at y = 1.906787
phi_m, max: 86.309266 at y = 1.907458./ phi_m, min: 0.000000 at y = 1.900000
phi_e, max: -0.012222 at y = 1.789071, phi_e, min: -0.018637 at y = 1.904413
phi_m, max: 66.052685 at y = 1.907458./ phi_m, min: 0.000000 at y = 1.900000
phi_e, max: -0.057865 at y = 1.967143, phi_e, min: -0.066747 at y = 1.728571
phi_m, max: 47.065466 at y = 1.908213./ phi_m, min: 0.000000 at y = 1.900000
phi_e, max: -0.055255 at y = 1.967143, phi_e, min: -0.064706 at y = 1.728571
phi_m, max: 29.380040 at y = 1.963787./ phi_m, min: 0.000000 at y = 1.900000
phi_e, max: -0.048479 at y = 1.967143, phi_e, min: -0.057511 at y = 1.728571
phi_m, max: 8.875788 at y = 1.963787./ phi_m, min: 0.000000 at y = 1.900000
phi_e, max: -0.040112 at y = 1.967143, phi_e, min: -0.050163 at y = 1.728571
phi_m, max: 0.891165 at y = 1.963787./ phi_m, min: 0.000000 at y = 1.900000
phi_e, max: -0.033138 at y = 1.967143, phi_e, min: -0.040156 at y = 1.728571
phi_m, max: -0.000000 at y = 1.900000./ phi_m, min: -0.293903 at y = 1.728571
phi_e, max: -0.019909 at y = 1.967143, phi_e, min: -0.023367 at y = 1.728571
phi_m, max: -0.000000 at y = 1.900000./ phi_m, min: -0.403011 at y = 1.728571
phi_e, max: -0.005828 at y = 1.967143, phi_e, min: -0.006415 at y = 1.728571


phi_m, max: 0.124254 at y = 1.308571./ phi_m, min: 0.000000 at y = 1.480000
phi_e, max: -0.351628 at y = 1.575714, phi_e, min: -0.412288 at y = 1.283356
phi_m, max: 12.980484 at y = 1.308571./ phi_m, min: 0.000000 at y = 1.480000
phi_e, max: -0.139572 at y = 1.575714, phi_e, min: -0.165800 at y = 1.283356
phi_m, max: 114.141500 at y = 1.483213./ phi_m, min: 0.000000 at y = 1.480000
phi_e, max: -0.089524 at y = 1.328131, phi_e, min: -0.128207 at y = 1.488213
phi_m, max: 107.133480 at y = 1.486426./ phi_m, min: 0.000000 at y = 1.480000
phi_e, max: -0.010100 at y = 1.343705, phi_e, min: -0.024115 at y = 1.488213
phi_m, max: 89.709336 at y = 1.487458./ phi_m, min: 0.000000 at y = 1.480000
phi_e, max: 0.033747 at y = 1.339300, phi_e, min: 0.021412 at y = 1.486787
phi_m, max: 69.570575 at y = 1.487458./ phi_m, min: 0.000000 at y = 1.480000
phi_e, max: -0.008505 at y = 1.378082, phi_e, min: -0.013790 at y = 1.485587
phi_m, max: 50.150316 at y = 1.488213./ phi_m, min: 0.000000 at y = 1.480000
phi_e, max: -0.069629 at y = 1.575714, phi_e, min: -0.082490 at y = 1.283356
phi_m, max: 32.521799 at y = 1.489413./ phi_m, min: 0.000000 at y = 1.480000
phi_e, max: -0.068863 at y = 1.575714, phi_e, min: -0.082133 at y = 1.283356
phi_m, max: 11.389063 at y = 1.518571./ phi_m, min: 0.000000 at y = 1.480000
phi_e, max: -0.063688 at y = 1.575714, phi_e, min: -0.079448 at y = 1.283356
phi_m, max: 1.322465 at y = 1.518571./ phi_m, min: 0.000000 at y = 1.480000
phi_e, max: -0.056798 at y = 1.575714, phi_e, min: -0.069426 at y = 1.283356
phi_m, max: -0.000000 at y = 1.480000./ phi_m, min: -0.260742 at y = 1.308571
phi_e, max: -0.044661 at y = 1.575714, phi_e, min: -0.053298 at y = 1.283356
phi_m, max: -0.000000 at y = 1.480000./ phi_m, min: -0.390129 at y = 1.308571
phi_e, max: -0.025617 at y = 1.575714, phi_e, min: -0.029929 at y = 1.283356
phi_m, max: -0.000000 at y = 1.480000./ phi_m, min: -0.453620 at y = 1.483633
phi_e, max: -0.006825 at y = 1.575714, phi_e, min: -0.007572 at y = 1.283356


phi_m, max: -0.000000 at y = 4.420000./ phi_m, min: -0.000992 at y = 4.424832
phi_e, max: 0.000600 at y = 4.640000, phi_e, min: 0.000599 at y = 4.362857
phi_m, max: -0.000000 at y = 4.420000./ phi_m, min: -0.000999 at y = 4.424832
phi_e, max: 0.000237 at y = 4.630000, phi_e, min: 0.000237 at y = 4.362857
phi_m, max: -0.000000 at y = 4.420000./ phi_m, min: -0.000992 at y = 4.424832
phi_e, max: 0.000193 at y = 4.630000, phi_e, min: 0.000193 at y = 4.362857
phi_m, max: -0.000000 at y = 4.420000./ phi_m, min: -0.000983 at y = 4.424832
phi_e, max: 0.000138 at y = 4.362857, phi_e, min: 0.000136 at y = 4.640000
phi_m, max: -0.000000 at y = 4.420000./ phi_m, min: -0.000966 at y = 4.425168
phi_e, max: -0.000459 at y = 4.362857, phi_e, min: -0.000577 at y = 4.640000
phi_m, max: 0.000829 at y = 4.391429./ phi_m, min: -0.000747 at y = 4.630000
phi_e, max: -0.008564 at y = 4.640000, phi_e, min: -0.009927 at y = 4.362857
phi_m, max: 0.157206 at y = 4.391429./ phi_m, min: 0.000000 at y = 4.420000
phi_e, max: 0.055159 at y = 4.640000, phi_e, min: 0.054630 at y = 4.362857
phi_m, max: 15.411351 at y = 4.391429./ phi_m, min: 0.000000 at y = 4.420000
phi_e, max: -0.005215 at y = 4.421787, phi_e, min: -0.015665 at y = 4.640000
phi_m, max: 115.048005 at y = 4.425168./ phi_m, min: 0.000000 at y = 4.420000
phi_e, max: 0.085337 at y = 4.640000, phi_e, min: 0.047455 at y = 4.362857
phi_m, max: 106.519664 at y = 4.630000./ phi_m, min: 0.000000 at y = 4.420000
phi_e, max: 0.066193 at y = 4.640000, phi_e, min: 0.037550 at y = 4.362857
phi_m, max: 89.878816 at y = 4.630000./ phi_m, min: 0.000000 at y = 4.420000
phi_e, max: 0.051469 at y = 4.640000, phi_e, min: 0.028067 at y = 4.362857
phi_m, max: 70.146994 at y = 4.630000./ phi_m, min: 0.000000 at y = 4.420000
phi_e, max: 0.044323 at y = 4.640000, phi_e, min: 0.025257 at y = 4.362857
phi_m, max: 50.840343 at y = 4.630000./ phi_m, min: 0.000000 at y = 4.420000
phi_e, max: 0.036234 at y = 4.640000, phi_e, min: 0.020091 at y = 4.362857


phi_m, max: -0.000000 at y = 5.050000./ phi_m, min: -0.000991 at y = 5.475168
phi_e, max: 0.000603 at y = 5.480000, phi_e, min: 0.000601 at y = 5.021429
phi_m, max: -0.000000 at y = 5.050000./ phi_m, min: -0.000999 at y = 5.475168
phi_e, max: 0.000238 at y = 5.480000, phi_e, min: 0.000237 at y = 5.021429
phi_m, max: -0.000000 at y = 5.050000./ phi_m, min: -0.000991 at y = 5.475168
phi_e, max: 0.000194 at y = 5.480000, phi_e, min: 0.000193 at y = 5.021429
phi_m, max: -0.000000 at y = 5.050000./ phi_m, min: -0.000982 at y = 5.475168
phi_e, max: 0.000134 at y = 5.021429, phi_e, min: 0.000132 at y = 5.480000
phi_m, max: -0.000000 at y = 5.050000./ phi_m, min: -0.000974 at y = 5.055168
phi_e, max: -0.000739 at y = 5.021429, phi_e, min: -0.000934 at y = 5.480000
phi_m, max: -0.000000 at y = 5.050000./ phi_m, min: -0.000979 at y = 5.475510
phi_e, max: -0.004422 at y = 5.480000, phi_e, min: -0.006685 at y = 5.021429
phi_m, max: -0.000000 at y = 5.050000./ phi_m, min: -0.000961 at y = 5.475587
phi_e, max: 0.057195 at y = 5.480000, phi_e, min: 0.056073 at y = 5.021429
phi_m, max: 0.039173 at y = 5.050000./ phi_m, min: -0.000559 at y = 5.480000
phi_e, max: -0.015812 at y = 5.480000, phi_e, min: -0.016678 at y = 5.021429
phi_m, max: 4.723895 at y = 5.050000./ phi_m, min: 0.000000 at y = 5.050000
phi_e, max: 0.115907 at y = 5.021429, phi_e, min: 0.111577 at y = 5.451640
phi_m, max: 113.705704 at y = 5.053213./ phi_m, min: 0.000000 at y = 5.050000
phi_e, max: 0.228464 at y = 5.476787, phi_e, min: 0.098300 at y = 5.056787
phi_m, max: 115.078171 at y = 5.474551./ phi_m, min: 0.000000 at y = 5.050000
phi_e, max: 0.091051 at y = 5.117143, phi_e, min: 0.054844 at y = 5.479413
phi_m, max: 104.966386 at y = 5.476426./ phi_m, min: 0.000000 at y = 5.050000
phi_e, max: 0.078087 at y = 5.117143, phi_e, min: 0.058131 at y = 5.478213
phi_m, max: 86.900538 at y = 5.477458./ phi_m, min: 0.000000 at y = 5.050000
phi_e, max: 0.065050 at y = 5.117143, phi_e, min: 0.051443 at y = 5.478213


phi_m, max: 74.668361 at y = 0.640000./ phi_m, min: 0.000000 at y = 0.650000
phi_e, max: -0.501816 at y = 0.860000, phi_e, min: -0.554543 at y = 0.641787
phi_m, max: 114.974257 at y = 0.855168./ phi_m, min: 0.000000 at y = 0.650000
phi_e, max: -0.141566 at y = 0.744726, phi_e, min: -0.156504 at y = 0.858213
phi_m, max: 103.435994 at y = 0.856787./ phi_m, min: 0.000000 at y = 0.650000
phi_e, max: -0.054442 at y = 0.748082, phi_e, min: -0.065508 at y = 0.856787
phi_m, max: 84.991980 at y = 0.857458./ phi_m, min: 0.000000 at y = 0.650000
phi_e, max: 0.021061 at y = 0.744726, phi_e, min: 0.011659 at y = 0.856787
phi_m, max: 64.716356 at y = 0.857458./ phi_m, min: 0.000000 at y = 0.650000
phi_e, max: 0.059948 at y = 0.742276, phi_e, min: 0.052627 at y = 0.856787
phi_m, max: 45.905325 at y = 0.858213./ phi_m, min: 0.000000 at y = 0.650000
phi_e, max: -0.009842 at y = 0.786295, phi_e, min: -0.017487 at y = 0.641787
phi_m, max: 27.714080 at y = 0.860000./ phi_m, min: 0.000000 at y = 0.650000
phi_e, max: -0.098885 at y = 0.860000, phi_e, min: -0.111281 at y = 0.640000
phi_m, max: 6.987810 at y = 0.860000./ phi_m, min: 0.000000 at y = 0.650000
phi_e, max: -0.105587 at y = 0.860000, phi_e, min: -0.120924 at y = 0.640000
phi_m, max: 0.576796 at y = 0.860000./ phi_m, min: -0.065402 at y = 0.640000
phi_e, max: -0.104262 at y = 0.860000, phi_e, min: -0.116975 at y = 0.640000
phi_m, max: -0.000000 at y = 0.650000./ phi_m, min: -0.340941 at y = 0.641175
phi_e, max: -0.087745 at y = 0.860000, phi_e, min: -0.097153 at y = 0.640000
phi_m, max: -0.000000 at y = 0.650000./ phi_m, min: -0.433937 at y = 0.643213
phi_e, max: -0.065929 at y = 0.860000, phi_e, min: -0.072425 at y = 0.640000
phi_m, max: -0.000000 at y = 0.650000./ phi_m, min: -0.476751 at y = 0.644413
phi_e, max: -0.036289 at y = 0.860000, phi_e, min: -0.039538 at y = 0.640000
phi_m, max: -0.000000 at y = 0.650000./ phi_m, min: -0.486835 at y = 0.644832
phi_e, max: -0.008740 at y = 0.860000, phi_e, min: -0.009300 at y = 0.640000


phi_m, max: -0.000000 at y = 2.320000./ phi_m, min: -0.002270 at y = 2.415714
phi_e, max: -0.178754 at y = 2.415714, phi_e, min: -0.234590 at y = 2.148571
phi_m, max: 0.004917 at y = 2.177143./ phi_m, min: -0.000654 at y = 2.415714
phi_e, max: -0.070777 at y = 2.415714, phi_e, min: -0.092886 at y = 2.148571
phi_m, max: 0.478376 at y = 2.177143./ phi_m, min: 0.000000 at y = 2.320000
phi_e, max: -0.057719 at y = 2.415714, phi_e, min: -0.075775 at y = 2.148571
phi_m, max: 62.547617 at y = 2.177143./ phi_m, min: 0.000000 at y = 2.320000
phi_e, max: -0.044532 at y = 2.415714, phi_e, min: -0.066028 at y = 2.148571
phi_m, max: 114.442230 at y = 2.325587./ phi_m, min: 0.000000 at y = 2.320000
phi_e, max: -0.003007 at y = 2.203557, phi_e, min: -0.013563 at y = 2.326787
phi_m, max: 101.665683 at y = 2.326787./ phi_m, min: 0.000000 at y = 2.320000
phi_e, max: -0.007586 at y = 2.415714, phi_e, min: -0.016472 at y = 2.323213
phi_m, max: 82.849585 at y = 2.327458./ phi_m, min: 0.000000 at y = 2.320000
phi_e, max: -0.037323 at y = 2.415714, phi_e, min: -0.052465 at y = 2.148571
phi_m, max: 62.574396 at y = 2.327458./ phi_m, min: 0.000000 at y = 2.320000
phi_e, max: -0.035005 at y = 2.415714, phi_e, min: -0.049124 at y = 2.148571
phi_m, max: 44.050418 at y = 2.328213./ phi_m, min: 0.000000 at y = 2.320000
phi_e, max: -0.030566 at y = 2.415714, phi_e, min: -0.042673 at y = 2.148571
phi_m, max: 26.545449 at y = 2.415714./ phi_m, min: 0.000000 at y = 2.320000
phi_e, max: -0.023748 at y = 2.415714, phi_e, min: -0.033415 at y = 2.148571
phi_m, max: 6.925696 at y = 2.415714./ phi_m, min: 0.000000 at y = 2.320000
phi_e, max: -0.019456 at y = 2.415714, phi_e, min: -0.027715 at y = 2.148571
phi_m, max: 0.590024 at y = 2.415714./ phi_m, min: 0.000000 at y = 2.320000
phi_e, max: -0.013279 at y = 2.415714, phi_e, min: -0.017278 at y = 2.148571
phi_m, max: -0.000000 at y = 2.320000./ phi_m, min: -0.310443 at y = 2.177143
phi_e, max: -0.004755 at y = 2.415714, phi_e, min: -0.005385 at y = 2.148571


phi_m, max: -0.000000 at y = 5.690000./ phi_m, min: -0.000992 at y = 5.895168
phi_e, max: 0.000606 at y = 5.928571, phi_e, min: 0.000605 at y = 5.685587
phi_m, max: -0.000000 at y = 5.690000./ phi_m, min: -0.001000 at y = 5.895168
phi_e, max: 0.000239 at y = 5.928571, phi_e, min: 0.000239 at y = 5.685587
phi_m, max: -0.000000 at y = 5.690000./ phi_m, min: -0.000993 at y = 5.895168
phi_e, max: 0.000195 at y = 5.928571, phi_e, min: 0.000194 at y = 5.685587
phi_m, max: -0.000000 at y = 5.690000./ phi_m, min: -0.000984 at y = 5.895168
phi_e, max: 0.000131 at y = 5.685587, phi_e, min: 0.000130 at y = 5.928571
phi_m, max: -0.000000 at y = 5.690000./ phi_m, min: -0.000974 at y = 5.894832
phi_e, max: -0.001021 at y = 5.685587, phi_e, min: -0.001124 at y = 5.928571
phi_m, max: -0.000000 at y = 5.690000./ phi_m, min: -0.000979 at y = 5.895916
phi_e, max: -0.002212 at y = 5.928571, phi_e, min: -0.003408 at y = 5.685587
phi_m, max: -0.000000 at y = 5.690000./ phi_m, min: -0.000970 at y = 5.895587
phi_e, max: 0.058293 at y = 5.928571, phi_e, min: 0.057699 at y = 5.685587
phi_m, max: -0.000000 at y = 5.690000./ phi_m, min: -0.000952 at y = 5.895916
phi_e, max: -0.014923 at y = 5.928571, phi_e, min: -0.015404 at y = 5.685587
phi_m, max: 0.006201 at y = 5.690000./ phi_m, min: 0.000000 at y = 5.690000
phi_e, max: 0.112307 at y = 5.928571, phi_e, min: 0.111935 at y = 5.685587
phi_m, max: 0.521389 at y = 5.690000./ phi_m, min: 0.000000 at y = 5.690000
phi_e, max: 0.229830 at y = 5.928571, phi_e, min: 0.229426 at y = 5.685587
phi_m, max: 71.603509 at y = 5.690000./ phi_m, min: 0.000000 at y = 5.690000
phi_e, max: 0.028103 at y = 5.896787, phi_e, min: 0.009652 at y = 5.690000
phi_m, max: 114.624710 at y = 5.895587./ phi_m, min: 0.000000 at y = 5.690000
phi_e, max: 0.031189 at y = 5.685587, phi_e, min: -0.001349 at y = 5.928571
phi_m, max: 102.163804 at y = 5.896787./ phi_m, min: 0.000000 at y = 5.690000
phi_e, max: 0.030764 at y = 5.685587, phi_e, min: 0.006196 at y = 5.898213



Time: 0.100000
CPU Time: 141.190380 min.
phi_m, max: -0.000000 at y = 3.131429./ phi_m, min: -0.019448 at y = 3.227143
phi_e, max: 0.000608 at y = 6.330000, phi_e, min: -0.053521 at y = 3.017143

Time: 0.200000
CPU Time: 138.036366 min.
phi_m, max: -0.000000 at y = 3.131429./ phi_m, min: -0.008105 at y = 3.227143
phi_e, max: 0.000240 at y = 6.330000, phi_e, min: -0.021192 at y = 3.017143

Time: 0.300000
CPU Time: 134.729599 min.
phi_m, max: -0.000000 at y = 3.131429./ phi_m, min: -0.006740 at y = 3.227143
phi_e, max: 0.000196 at y = 6.330000, phi_e, min: -0.017280 at y = 3.017143

Time: 0.400000
CPU Time: 134.629891 min.
phi_m, max: 0.026446 at y = 3.045714./ phi_m, min: -0.001051 at y = 6.320000
phi_e, max: 0.000129 at y = 6.320000, phi_e, min: -0.013036 at y = 3.017143

Time: 0.500000
CPU Time: 135.607442 min.
phi_m, max: 2.054168 at y = 3.045714./ phi_m, min: -0.000964 at y = 6.320000
phi_e, max: -0.000884 at y = 3.255714, phi_e, min: -0.009235 at y = 3.017143

Time: 0.600000
CPU Time: 136.130311 min.
phi_m, max: 95.505925 at y = 3.045714./ phi_m, min: -0.001963 at y = 6.330000
phi_e, max: -0.000245 at y = 6.330000, phi_e, min: -0.010264 at y = 3.161787

Time: 0.700000
CPU Time: 136.013256 min.
phi_m, max: 111.184794 at y = 3.166259./ phi_m, min: -0.001506 at y = 6.330000
phi_e, max: 0.059269 at y = 6.330000, phi_e, min: -0.011570 at y = 3.017143

Time: 0.800000
CPU Time: 134.044105 min.
phi_m, max: 95.530486 at y = 3.166787./ phi_m, min: -0.001409 at y = 6.330000
phi_e, max: -0.001991 at y = 3.255714, phi_e, min: -0.014153 at y = 6.320000

Time: 0.900000
CPU Time: 133.215903 min.
phi_m, max: 75.825879 at y = 3.167458./ phi_m, min: -0.001279 at y = 6.330000
phi_e, max: 0.112916 at y = 6.330000, phi_e, min: -0.008796 at y = 3.017143

Time: 1.000000
CPU Time: 132.622828 min.
phi_m, max: 55.824544 at y = 3.168213./ phi_m, min: 0.000000 at y = 3.131429
phi_e, max: 0.230271 at y = 6.330000, phi_e, min: -0.006719 at y = 3.017143

Time: 1.100000
CPU Time: 130.114707 min.
phi_m, max: 38.079959 at y = 3.168376./ phi_m, min: 0.000000 at y = 3.131429
phi_e, max: 0.030689 at y = 6.320000, phi_e, min: -0.004661 at y = 3.017143

Time: 1.200000
CPU Time: 130.706478 min.
phi_m, max: 37.031638 at y = 6.320000./ phi_m, min: 0.000000 at y = 3.131429
phi_e, max: -0.000759 at y = 3.255714, phi_e, min: -0.034254 at y = 6.320000

Time: 1.300000
CPU Time: 130.498055 min.
phi_m, max: 112.478538 at y = 6.320000./ phi_m, min: 0.000000 at y = 3.131429
phi_e, max: -0.000860 at y = 3.255714, phi_e, min: -0.030634 at y = 6.320000


phi_m, max: -0.000000 at y = 4.850000./ phi_m, min: -0.000991 at y = 4.844832
phi_e, max: 0.000601 at y = 5.088571, phi_e, min: 0.000601 at y = 4.840000
phi_m, max: -0.000000 at y = 4.850000./ phi_m, min: -0.000999 at y = 4.844832
phi_e, max: 0.000237 at y = 5.088571, phi_e, min: 0.000237 at y = 4.887583
phi_m, max: -0.000000 at y = 4.850000./ phi_m, min: -0.000991 at y = 4.844832
phi_e, max: 0.000193 at y = 5.088571, phi_e, min: 0.000193 at y = 4.909300
phi_m, max: -0.000000 at y = 4.850000./ phi_m, min: -0.000982 at y = 5.055168
phi_e, max: 0.000135 at y = 4.840000, phi_e, min: 0.000133 at y = 5.088571
phi_m, max: -0.000000 at y = 4.850000./ phi_m, min: -0.000974 at y = 5.055168
phi_e, max: -0.000663 at y = 4.840000, phi_e, min: -0.000767 at y = 5.088571
phi_m, max: -0.000000 at y = 4.850000./ phi_m, min: -0.000964 at y = 5.054832
phi_e, max: -0.006358 at y = 5.088571, phi_e, min: -0.007573 at y = 4.840000
phi_m, max: 0.002022 at y = 4.840000./ phi_m, min: -0.000736 at y = 5.060000
phi_e, max: 0.056235 at y = 5.088571, phi_e, min: 0.055634 at y = 4.840000
phi_m, max: 0.270915 at y = 4.840000./ phi_m, min: 0.000000 at y = 4.850000
phi_e, max: -0.016554 at y = 5.088571, phi_e, min: -0.016813 at y = 4.840000
phi_m, max: 30.962400 at y = 4.840000./ phi_m, min: 0.000000 at y = 4.850000
phi_e, max: 0.140288 at y = 4.841787, phi_e, min: 0.115228 at y = 5.088571
phi_m, max: 114.184959 at y = 4.845587./ phi_m, min: 0.000000 at y = 4.850000
phi_e, max: 0.111048 at y = 4.962129, phi_e, min: 0.093173 at y = 4.840587
phi_m, max: 107.559663 at y = 5.056426./ phi_m, min: 0.000000 at y = 4.850000
phi_e, max: 0.091703 at y = 4.981058, phi_e, min: 0.074102 at y = 4.840587
phi_m, max: 90.281547 at y = 5.056787./ phi_m, min: 0.000000 at y = 4.850000
phi_e, max: 0.077628 at y = 4.983846, phi_e, min: 0.062953 at y = 4.841787
phi_m, max: 70.171891 at y = 5.057458./ phi_m, min: 0.000000 at y = 4.850000
phi_e, max: 0.063650 at y = 5.088571, phi_e, min: 0.051521 at y = 4.840587


phi_m, max: -0.000000 at y = 5.480000./ phi_m, min: -0.000991 at y = 5.685168
phi_e, max: 0.000605 at y = 5.690000, phi_e, min: 0.000603 at y = 5.470000
phi_m, max: -0.000000 at y = 5.480000./ phi_m, min: -0.000999 at y = 5.685168
phi_e, max: 0.000239 at y = 5.690000, phi_e, min: 0.000238 at y = 5.470000
phi_m, max: -0.000000 at y = 5.480000./ phi_m, min: -0.000992 at y = 5.685168
phi_e, max: 0.000194 at y = 5.690000, phi_e, min: 0.000194 at y = 5.470000
phi_m, max: -0.000000 at y = 5.480000./ phi_m, min: -0.000983 at y = 5.685168
phi_e, max: 0.000132 at y = 5.470000, phi_e, min: 0.000131 at y = 5.690000
phi_m, max: -0.000000 at y = 5.480000./ phi_m, min: -0.000973 at y = 5.685168
phi_e, max: -0.000930 at y = 5.470000, phi_e, min: -0.001023 at y = 5.690000
phi_m, max: -0.000000 at y = 5.480000./ phi_m, min: -0.000976 at y = 5.684084
phi_e, max: -0.003385 at y = 5.690000, phi_e, min: -0.004472 at y = 5.470000
phi_m, max: -0.000000 at y = 5.480000./ phi_m, min: -0.000966 at y = 5.684551
phi_e, max: 0.057710 at y = 5.690000, phi_e, min: 0.057171 at y = 5.470000
phi_m, max: -0.000000 at y = 5.480000./ phi_m, min: -0.000886 at y = 5.687458
phi_e, max: -0.015395 at y = 5.690000, phi_e, min: -0.015832 at y = 5.470000
phi_m, max: 0.046345 at y = 5.480000./ phi_m, min: 0.000000 at y = 5.480000
phi_e, max: 0.111942 at y = 5.690000, phi_e, min: 0.111592 at y = 5.470000
phi_m, max: 3.500820 at y = 5.480000./ phi_m, min: 0.000000 at y = 5.480000
phi_e, max: 0.229471 at y = 5.686787, phi_e, min: 0.227831 at y = 5.470000
phi_m, max: 110.880028 at y = 5.480000./ phi_m, min: 0.000000 at y = 5.480000
phi_e, max: 0.058351 at y = 5.470000, phi_e, min: 0.009151 at y = 5.684413
phi_m, max: 110.745552 at y = 5.686426./ phi_m, min: 0.000000 at y = 5.480000
phi_e, max: 0.060216 at y = 5.470000, phi_e, min: 0.029961 at y = 5.688213
phi_m, max: 94.847180 at y = 5.686787./ phi_m, min: 0.000000 at y = 5.480000
phi_e, max: 0.053067 at y = 5.470000, phi_e, min: 0.029764 at y = 5.688213


phi_m, max: 107.904278 at y = 0.440000./ phi_m, min: 0.000000 at y = 0.430000
phi_e, max: -0.496333 at y = 0.888571, phi_e, min: -0.575072 at y = 0.440000
phi_m, max: 111.649168 at y = 0.646259./ phi_m, min: 0.000000 at y = 0.430000
phi_e, max: -0.148978 at y = 0.553086, phi_e, min: -0.156066 at y = 0.858825
phi_m, max: 96.272599 at y = 0.646787./ phi_m, min: 0.000000 at y = 0.430000
phi_e, max: -0.060714 at y = 0.550636, phi_e, min: -0.065168 at y = 0.858825
phi_m, max: 76.648437 at y = 0.647458./ phi_m, min: 0.000000 at y = 0.430000
phi_e, max: 0.016624 at y = 0.547724, phi_e, min: 0.011942 at y = 0.858825
phi_m, max: 56.592368 at y = 0.648213./ phi_m, min: 0.000000 at y = 0.430000
phi_e, max: 0.056988 at y = 0.545274, phi_e, min: 0.052845 at y = 0.858825
phi_m, max: 38.785848 at y = 0.648376./ phi_m, min: 0.000000 at y = 0.430000
phi_e, max: -0.010025 at y = 0.888571, phi_e, min: -0.024626 at y = 0.440000
phi_m, max: 18.307628 at y = 0.650000./ phi_m, min: 0.000000 at y = 0.430000
phi_e, max: -0.096923 at y = 0.888571, phi_e, min: -0.126927 at y = 0.430000
phi_m, max: 2.879439 at y = 0.650000./ phi_m, min: 0.000000 at y = 0.430000
phi_e, max: -0.103701 at y = 0.888571, phi_e, min: -0.135956 at y = 0.430000
phi_m, max: 0.043682 at y = 0.650000./ phi_m, min: -0.174565 at y = 0.440000
phi_e, max: -0.102698 at y = 0.888571, phi_e, min: -0.129146 at y = 0.430000
phi_m, max: -0.000000 at y = 0.430000./ phi_m, min: -0.366204 at y = 0.440000
phi_e, max: -0.086582 at y = 0.888571, phi_e, min: -0.106210 at y = 0.430000
phi_m, max: -0.000000 at y = 0.430000./ phi_m, min: -0.440043 at y = 0.440000
phi_e, max: -0.065128 at y = 0.888571, phi_e, min: -0.078681 at y = 0.430000
phi_m, max: -0.000000 at y = 0.430000./ phi_m, min: -0.476751 at y = 0.644413
phi_e, max: -0.035894 at y = 0.888571, phi_e, min: -0.042665 at y = 0.430000
phi_m, max: -0.000000 at y = 0.430000./ phi_m, min: -0.486835 at y = 0.644832
phi_e, max: -0.008679 at y = 0.888571, phi_e, min: -0.009835 at y = 0.430000


phi_m, max: -0.000000 at y = 2.740000./ phi_m, min: -0.001568 at y = 2.835714
phi_e, max: -0.091351 at y = 2.835714, phi_e, min: -0.141050 at y = 2.597143
phi_m, max: -0.000000 at y = 2.740000./ phi_m, min: -0.001150 at y = 2.835714
phi_e, max: -0.036170 at y = 2.835714, phi_e, min: -0.055848 at y = 2.597143
phi_m, max: 0.009560 at y = 2.597143./ phi_m, min: 0.000000 at y = 2.740000
phi_e, max: -0.029493 at y = 2.835714, phi_e, min: -0.045540 at y = 2.597143
phi_m, max: 1.427145 at y = 2.597143./ phi_m, min: 0.000000 at y = 2.740000
phi_e, max: -0.022259 at y = 2.835714, phi_e, min: -0.034405 at y = 2.597143
phi_m, max: 81.429102 at y = 2.597143./ phi_m, min: 0.000000 at y = 2.740000
phi_e, max: -0.015138 at y = 2.746787, phi_e, min: -0.027398 at y = 2.597143
phi_m, max: 113.033986 at y = 2.745916./ phi_m, min: 0.000000 at y = 2.740000
phi_e, max: -0.003440 at y = 2.835714, phi_e, min: -0.012646 at y = 2.743213
phi_m, max: 98.667438 at y = 2.746787./ phi_m, min: 0.000000 at y = 2.740000
phi_e, max: -0.020164 at y = 2.835714, phi_e, min: -0.031007 at y = 2.743213
phi_m, max: 79.349945 at y = 2.747458./ phi_m, min: 0.000000 at y = 2.740000
phi_e, max: -0.018373 at y = 2.835714, phi_e, min: -0.028297 at y = 2.597143
phi_m, max: 59.158339 at y = 2.747458./ phi_m, min: 0.000000 at y = 2.740000
phi_e, max: -0.015673 at y = 2.835714, phi_e, min: -0.024421 at y = 2.597143
phi_m, max: 41.072277 at y = 2.748376./ phi_m, min: 0.000000 at y = 2.740000
phi_e, max: -0.012048 at y = 2.835714, phi_e, min: -0.018873 at y = 2.597143
phi_m, max: 22.926008 at y = 2.835714./ phi_m, min: 0.000000 at y = 2.740000
phi_e, max: -0.008562 at y = 2.835714, phi_e, min: -0.014308 at y = 2.597143
phi_m, max: 4.884420 at y = 2.835714./ phi_m, min: 0.000000 at y = 2.740000
phi_e, max: -0.006853 at y = 2.835714, phi_e, min: -0.010522 at y = 2.597143
phi_m, max: 0.306766 at y = 2.835714./ phi_m, min: -0.082166 at y = 2.597143
phi_e, max: -0.003728 at y = 2.835714, phi_e, min: -0.004315 at y = 2.597143


phi_m, max: -0.000000 at y = 3.580000./ phi_m, min: -0.003667 at y = 3.551429
phi_e, max: 0.000596 at y = 3.790000, phi_e, min: 0.000594 at y = 3.551429
phi_m, max: -0.000000 at y = 3.580000./ phi_m, min: -0.001977 at y = 3.551429
phi_e, max: 0.000236 at y = 3.790000, phi_e, min: 0.000235 at y = 3.551429
phi_m, max: -0.000000 at y = 3.580000./ phi_m, min: -0.001778 at y = 3.551429
phi_e, max: 0.000192 at y = 3.790000, phi_e, min: 0.000191 at y = 3.551429
phi_m, max: -0.000000 at y = 3.580000./ phi_m, min: -0.001178 at y = 3.551429
phi_e, max: 0.000142 at y = 3.551429, phi_e, min: 0.000140 at y = 3.790000
phi_m, max: 0.027527 at y = 3.551429./ phi_m, min: 0.000000 at y = 3.580000
phi_e, max: -0.000099 at y = 3.551429, phi_e, min: -0.000216 at y = 3.790000
phi_m, max: 3.703708 at y = 3.551429./ phi_m, min: 0.000000 at y = 3.580000
phi_e, max: -0.011257 at y = 3.583213, phi_e, min: -0.012634 at y = 3.732857
phi_m, max: 110.672376 at y = 3.581787./ phi_m, min: 0.000000 at y = 3.580000
phi_e, max: 0.070238 at y = 3.789606, phi_e, min: 0.021370 at y = 3.583213
phi_m, max: 109.005798 at y = 3.586426./ phi_m, min: 0.000000 at y = 3.580000
phi_e, max: 0.040885 at y = 3.761429, phi_e, min: 0.018942 at y = 3.581787
phi_m, max: 93.464042 at y = 3.761429./ phi_m, min: 0.000000 at y = 3.580000
phi_e, max: 0.033698 at y = 3.761429, phi_e, min: 0.015373 at y = 3.581787
phi_m, max: 74.702919 at y = 3.761429./ phi_m, min: 0.000000 at y = 3.580000
phi_e, max: 0.025709 at y = 3.761429, phi_e, min: 0.011516 at y = 3.581787
phi_m, max: 55.357810 at y = 3.761429./ phi_m, min: 0.000000 at y = 3.580000
phi_e, max: 0.018427 at y = 3.761429, phi_e, min: 0.008218 at y = 3.581787
phi_m, max: 38.039950 at y = 3.761429./ phi_m, min: 0.000000 at y = 3.580000
phi_e, max: 0.014848 at y = 3.761429, phi_e, min: 0.006663 at y = 3.581787
phi_m, max: 18.296012 at y = 3.761429./ phi_m, min: 0.000000 at y = 3.580000
phi_e, max: 0.008130 at y = 3.790000, phi_e, min: 0.003578 at y = 3.551429


phi_m, max: -0.000000 at y = 2.110000./ phi_m, min: -0.001581 at y = 2.056213
phi_e, max: -0.228565 at y = 2.177143, phi_e, min: -0.277169 at y = 1.938571
phi_m, max: 0.043783 at y = 1.938571./ phi_m, min: 0.000000 at y = 2.110000
phi_e, max: -0.090501 at y = 2.177143, phi_e, min: -0.109749 at y = 1.938571
phi_m, max: 3.670721 at y = 1.938571./ phi_m, min: 0.000000 at y = 2.110000
phi_e, max: -0.073853 at y = 2.177143, phi_e, min: -0.089857 at y = 1.938571
phi_m, max: 107.667042 at y = 1.938571./ phi_m, min: 0.000000 at y = 2.110000
phi_e, max: -0.046575 at y = 1.973705, phi_e, min: -0.071315 at y = 2.114413
phi_m, max: 110.378490 at y = 2.116426./ phi_m, min: 0.000000 at y = 2.110000
phi_e, max: 0.002865 at y = 1.983346, phi_e, min: -0.008404 at y = 2.116787
phi_m, max: 94.288485 at y = 2.116787./ phi_m, min: 0.000000 at y = 2.110000
phi_e, max: -0.012766 at y = 2.177143, phi_e, min: -0.018772 at y = 2.114413
phi_m, max: 74.462632 at y = 2.117458./ phi_m, min: 0.000000 at y = 2.110000
phi_e, max: -0.049669 at y = 2.177143, phi_e, min: -0.060125 at y = 1.938571
phi_m, max: 54.563027 at y = 2.118213./ phi_m, min: 0.000000 at y = 2.110000
phi_e, max: -0.046756 at y = 2.177143, phi_e, min: -0.057213 at y = 1.938571
phi_m, max: 36.905556 at y = 2.118825./ phi_m, min: 0.000000 at y = 2.110000
phi_e, max: -0.040779 at y = 2.177143, phi_e, min: -0.050072 at y = 1.938571
phi_m, max: 16.947948 at y = 2.177143./ phi_m, min: 0.000000 at y = 2.110000
phi_e, max: -0.032092 at y = 2.177143, phi_e, min: -0.041277 at y = 1.938571
phi_m, max: 2.643087 at y = 2.177143./ phi_m, min: 0.000000 at y = 2.110000
phi_e, max: -0.026858 at y = 2.177143, phi_e, min: -0.033943 at y = 1.938571
phi_m, max: 0.025674 at y = 2.177143./ phi_m, min: -0.198223 at y = 1.938571
phi_e, max: -0.016859 at y = 2.177143, phi_e, min: -0.020305 at y = 1.938571
phi_m, max: -0.000000 at y = 2.110000./ phi_m, min: -0.368866 at y = 1.938571
phi_e, max: -0.005323 at y = 2.177143, phi_e, min: -0.005889 at y = 1.938571


phi_m, max: -0.000000 at y = 3.971429./ phi_m, min: -0.001031 at y = 3.885714
phi_e, max: 0.000598 at y = 4.210000, phi_e, min: 0.000597 at y = 3.885714
phi_m, max: -0.000000 at y = 3.971429./ phi_m, min: -0.000991 at y = 4.000000
phi_e, max: 0.000237 at y = 4.210000, phi_e, min: 0.000236 at y = 3.885714
phi_m, max: -0.000000 at y = 3.971429./ phi_m, min: -0.000981 at y = 4.000000
phi_e, max: 0.000193 at y = 4.210000, phi_e, min: 0.000192 at y = 3.885714
phi_m, max: -0.000000 at y = 3.971429./ phi_m, min: -0.000961 at y = 4.000000
phi_e, max: 0.000140 at y = 3.885714, phi_e, min: 0.000139 at y = 4.210000
phi_m, max: 0.000139 at y = 3.885714./ phi_m, min: -0.000869 at y = 4.210000
phi_e, max: -0.000259 at y = 3.885714, phi_e, min: -0.000396 at y = 4.210000
phi_m, max: 0.130099 at y = 3.885714./ phi_m, min: 0.000000 at y = 3.971429
phi_e, max: -0.010654 at y = 4.210000, phi_e, min: -0.012187 at y = 3.885714
phi_m, max: 11.090140 at y = 3.885714./ phi_m, min: 0.000000 at y = 3.971429
phi_e, max: 0.056605 at y = 3.885714, phi_e, min: 0.053916 at y = 3.961218
phi_m, max: 112.558504 at y = 4.000000./ phi_m, min: 0.000000 at y = 3.971429
phi_e, max: 0.036470 at y = 3.885714, phi_e, min: -0.011133 at y = 4.010000
phi_m, max: 108.715862 at y = 4.210000./ phi_m, min: 0.000000 at y = 3.971429
phi_e, max: 0.037648 at y = 3.885714, phi_e, min: 0.018714 at y = 4.010000
phi_m, max: 93.089785 at y = 4.210000./ phi_m, min: 0.000000 at y = 3.971429
phi_e, max: 0.028662 at y = 3.885714, phi_e, min: 0.013112 at y = 4.010000
phi_m, max: 73.616197 at y = 4.210000./ phi_m, min: 0.000000 at y = 3.971429
phi_e, max: 0.020455 at y = 3.885714, phi_e, min: 0.008643 at y = 4.010000
phi_m, max: 54.001959 at y = 4.210000./ phi_m, min: 0.000000 at y = 3.971429
phi_e, max: 0.016940 at y = 3.885714, phi_e, min: 0.009275 at y = 4.010000
phi_m, max: 36.516377 at y = 4.210000./ phi_m, min: 0.000000 at y = 3.971429
phi_e, max: 0.009746 at y = 3.885714, phi_e, min: 0.005386 at y = 4.010000


phi_m, max: -0.000000 at y = 3.370000./ phi_m, min: -0.018119 at y = 3.341429
phi_e, max: 0.000611 at y = 3.341429, phi_e, min: 0.000000 at y = 3.312857
phi_m, max: -0.000000 at y = 3.370000./ phi_m, min: -0.007600 at y = 3.341429
phi_e, max: 0.000242 at y = 3.341429, phi_e, min: 0.000000 at y = 3.312857
phi_m, max: -0.000000 at y = 3.370000./ phi_m, min: -0.006347 at y = 3.341429
phi_e, max: 0.000197 at y = 3.341429, phi_e, min: 0.000000 at y = 3.312857
phi_m, max: -0.000000 at y = 3.370000./ phi_m, min: -0.002426 at y = 3.341429
phi_e, max: 0.000149 at y = 3.341429, phi_e, min: 0.000000 at y = 3.312857
phi_m, max: 0.187703 at y = 3.341429./ phi_m, min: 0.000000 at y = 3.370000
phi_e, max: 0.000093 at y = 3.341429, phi_e, min: -0.000099 at y = 3.551429
phi_m, max: 25.019374 at y = 3.341429./ phi_m, min: 0.000000 at y = 3.370000
phi_e, max: 0.001331 at y = 3.371787, phi_e, min: -0.011529 at y = 3.545110
phi_m, max: 114.814570 at y = 3.375449./ phi_m, min: 0.000000 at y = 3.370000
phi_e, max: 0.024272 at y = 3.551429, phi_e, min: -0.000889 at y = 3.371787
phi_m, max: 102.779806 at y = 3.376787./ phi_m, min: 0.000000 at y = 3.370000
phi_e, max: 0.020121 at y = 3.551429, phi_e, min: -0.000663 at y = 3.371787
phi_m, max: 85.981751 at y = 3.551429./ phi_m, min: 0.000000 at y = 3.370000
phi_e, max: 0.016352 at y = 3.551429, phi_e, min: -0.000527 at y = 3.371787
phi_m, max: 66.588126 at y = 3.551429./ phi_m, min: 0.000000 at y = 3.370000
phi_e, max: 0.012270 at y = 3.551429, phi_e, min: -0.000388 at y = 3.371787
phi_m, max: 47.930545 at y = 3.551429./ phi_m, min: 0.000000 at y = 3.370000
phi_e, max: 0.008746 at y = 3.551429, phi_e, min: -0.000257 at y = 3.371787
phi_m, max: 30.744731 at y = 3.551429./ phi_m, min: 0.000000 at y = 3.370000
phi_e, max: 0.006867 at y = 3.551429, phi_e, min: 0.000000 at y = 3.312857
phi_m, max: 9.777364 at y = 3.551429./ phi_m, min: 0.000000 at y = 3.370000
phi_e, max: 0.003586 at y = 3.551429, phi_e, min: 0.000000 at y = 3.312857


phi_m, max: -0.000000 at y = 2.950000./ phi_m, min: -0.004183 at y = 3.045714
phi_e, max: -0.047576 at y = 3.045714, phi_e, min: -0.097399 at y = 2.807143
phi_m, max: -0.000000 at y = 2.950000./ phi_m, min: -0.002155 at y = 3.045714
phi_e, max: -0.018838 at y = 3.045714, phi_e, min: -0.038565 at y = 2.807143
phi_m, max: 0.000513 at y = 2.807143./ phi_m, min: -0.001718 at y = 3.045714
phi_e, max: -0.015360 at y = 3.045714, phi_e, min: -0.031446 at y = 2.807143
phi_m, max: 0.213340 at y = 2.807143./ phi_m, min: 0.000000 at y = 2.950000
phi_e, max: -0.011590 at y = 3.045714, phi_e, min: -0.023725 at y = 2.807143
phi_m, max: 15.619118 at y = 2.807143./ phi_m, min: 0.000000 at y = 2.950000
phi_e, max: -0.008325 at y = 3.045714, phi_e, min: -0.017169 at y = 2.807143
phi_m, max: 114.976671 at y = 2.954413./ phi_m, min: 0.000000 at y = 2.950000
phi_e, max: -0.002019 at y = 3.045714, phi_e, min: -0.015303 at y = 2.956787
phi_m, max: 105.534049 at y = 2.956426./ phi_m, min: 0.000000 at y = 2.950000
phi_e, max: -0.008682 at y = 3.045714, phi_e, min: -0.022586 at y = 2.807143
phi_m, max: 87.622388 at y = 2.957458./ phi_m, min: 0.000000 at y = 2.950000
phi_e, max: -0.007930 at y = 3.045714, phi_e, min: -0.020474 at y = 2.807143
phi_m, max: 67.399509 at y = 2.957458./ phi_m, min: 0.000000 at y = 2.950000
phi_e, max: -0.006793 at y = 3.045714, phi_e, min: -0.017380 at y = 2.807143
phi_m, max: 48.240074 at y = 2.958213./ phi_m, min: 0.000000 at y = 2.950000
phi_e, max: -0.005239 at y = 3.045714, phi_e, min: -0.013319 at y = 2.807143
phi_m, max: 31.133394 at y = 3.045714./ phi_m, min: 0.000000 at y = 2.950000
phi_e, max: -0.003642 at y = 3.045714, phi_e, min: -0.009424 at y = 2.807143
phi_m, max: 10.685320 at y = 3.045714./ phi_m, min: 0.000000 at y = 2.950000
phi_e, max: -0.003522 at y = 3.045714, phi_e, min: -0.007282 at y = 2.807143
phi_m, max: 1.210507 at y = 3.045714./ phi_m, min: 0.000000 at y = 2.950000
phi_e, max: -0.003156 at y = 3.045714, phi_e, min: -0.003794 at y = 2.807143


phi_m, max: 0.973053 at y = 1.070000./ phi_m, min: 0.000000 at y = 1.270000
phi_e, max: -0.407129 at y = 1.308571, phi_e, min: -0.456700 at y = 1.070000
phi_m, max: 91.596419 at y = 1.070000./ phi_m, min: 0.000000 at y = 1.270000
phi_e, max: -0.163966 at y = 1.308571, phi_e, min: -0.200837 at y = 1.070000
phi_m, max: 113.965382 at y = 1.275587./ phi_m, min: 0.000000 at y = 1.270000
phi_e, max: -0.077806 at y = 1.120581, phi_e, min: -0.093273 at y = 1.276787
phi_m, max: 100.535214 at y = 1.276787./ phi_m, min: 0.000000 at y = 1.270000
phi_e, max: 0.000138 at y = 1.115344, phi_e, min: -0.013579 at y = 1.276787
phi_m, max: 81.512760 at y = 1.277458./ phi_m, min: 0.000000 at y = 1.270000
phi_e, max: 0.042879 at y = 1.110939, phi_e, min: 0.031267 at y = 1.276787
phi_m, max: 61.257276 at y = 1.277458./ phi_m, min: 0.000000 at y = 1.270000
phi_e, max: -0.009093 at y = 1.164726, phi_e, min: -0.013069 at y = 1.274413
phi_m, max: 42.907495 at y = 1.278213./ phi_m, min: 0.000000 at y = 1.270000
phi_e, max: -0.080367 at y = 1.308571, phi_e, min: -0.091023 at y = 1.070000
phi_m, max: 24.143631 at y = 1.308571./ phi_m, min: 0.000000 at y = 1.270000
phi_e, max: -0.080318 at y = 1.308571, phi_e, min: -0.092615 at y = 1.070000
phi_m, max: 5.256574 at y = 1.308571./ phi_m, min: 0.000000 at y = 1.270000
phi_e, max: -0.078011 at y = 1.308571, phi_e, min: -0.091909 at y = 1.070000
phi_m, max: 0.349105 at y = 1.308571./ phi_m, min: -0.073766 at y = 1.070000
phi_e, max: -0.068366 at y = 1.308571, phi_e, min: -0.078639 at y = 1.070000
phi_m, max: -0.000000 at y = 1.270000./ phi_m, min: -0.342494 at y = 1.070000
phi_e, max: -0.052571 at y = 1.308571, phi_e, min: -0.059631 at y = 1.070000
phi_m, max: -0.000000 at y = 1.270000./ phi_m, min: -0.430027 at y = 1.070000
phi_e, max: -0.029571 at y = 1.308571, phi_e, min: -0.033111 at y = 1.070000
phi_m, max: -0.000000 at y = 1.270000./ phi_m, min: -0.470171 at y = 1.274084
phi_e, max: -0.007518 at y = 1.308571, phi_e, min: -0.008150 at y = 1.070000


phi_m, max: 6.645479 at y = 0.860000./ phi_m, min: 0.000000 at y = 0.888571
phi_e, max: -0.445343 at y = 1.123787, phi_e, min: -0.502255 at y = 0.860000
phi_m, max: 112.244197 at y = 0.860000./ phi_m, min: 0.000000 at y = 0.888571
phi_e, max: -0.154491 at y = 0.889771, phi_e, min: -0.201193 at y = 1.068213
phi_m, max: 109.533109 at y = 1.066426./ phi_m, min: 0.000000 at y = 0.888571
phi_e, max: -0.063290 at y = 0.908131, phi_e, min: -0.080305 at y = 1.068213
phi_m, max: 93.039491 at y = 1.066787./ phi_m, min: 0.000000 at y = 0.888571
phi_e, max: 0.013266 at y = 0.904775, phi_e, min: -0.001680 at y = 1.068213
phi_m, max: 73.108313 at y = 1.067458./ phi_m, min: 0.000000 at y = 0.888571
phi_e, max: 0.053722 at y = 0.900370, phi_e, min: 0.041644 at y = 1.068213
phi_m, max: 53.324232 at y = 1.068213./ phi_m, min: 0.000000 at y = 0.888571
phi_e, max: -0.008518 at y = 0.958082, phi_e, min: -0.012416 at y = 1.065587
phi_m, max: 35.725992 at y = 1.068825./ phi_m, min: 0.000000 at y = 0.888571
phi_e, max: -0.087013 at y = 1.123787, phi_e, min: -0.099071 at y = 0.860000
phi_m, max: 14.366305 at y = 1.070000./ phi_m, min: 0.000000 at y = 0.888571
phi_e, max: -0.089004 at y = 1.123787, phi_e, min: -0.105614 at y = 0.860000
phi_m, max: 1.887528 at y = 1.070000./ phi_m, min: 0.000000 at y = 0.888571
phi_e, max: -0.088757 at y = 1.123787, phi_e, min: -0.104288 at y = 0.860000
phi_m, max: -0.000000 at y = 0.888571./ phi_m, min: -0.234497 at y = 0.860000
phi_e, max: -0.076289 at y = 1.123787, phi_e, min: -0.087762 at y = 0.860000
phi_m, max: -0.000000 at y = 0.888571./ phi_m, min: -0.387117 at y = 0.860000
phi_e, max: -0.058014 at y = 1.123787, phi_e, min: -0.065941 at y = 0.860000
phi_m, max: -0.000000 at y = 0.888571./ phi_m, min: -0.450243 at y = 0.860000
phi_e, max: -0.032310 at y = 1.123787, phi_e, min: -0.036298 at y = 0.860000
phi_m, max: -0.000000 at y = 0.888571./ phi_m, min: -0.480730 at y = 1.064490
phi_e, max: -0.008020 at y = 1.123787, phi_e, min: -0.008744 at y = 0.860000


phi_m, max: -0.000000 at y = 2.358571./ phi_m, min: -0.002532 at y = 2.501429
phi_e, max: -0.135338 at y = 2.625714, phi_e, min: -0.196662 at y = 2.330000
phi_m, max: -0.000000 at y = 2.358571./ phi_m, min: -0.001122 at y = 2.530000
phi_e, max: -0.053587 at y = 2.625714, phi_e, min: -0.077868 at y = 2.330000
phi_m, max: 0.069862 at y = 2.387143./ phi_m, min: 0.000000 at y = 2.358571
phi_e, max: -0.043696 at y = 2.625714, phi_e, min: -0.063482 at y = 2.330000
phi_m, max: 9.501471 at y = 2.387143./ phi_m, min: 0.000000 at y = 2.358571
phi_e, max: -0.033047 at y = 2.625714, phi_e, min: -0.046406 at y = 2.330000
phi_m, max: 112.966571 at y = 2.532542./ phi_m, min: 0.000000 at y = 2.358571
phi_e, max: -0.007522 at y = 2.399511, phi_e, min: -0.036899 at y = 2.538213
phi_m, max: 108.083386 at y = 2.536426./ phi_m, min: 0.000000 at y = 2.358571
phi_e, max: -0.005497 at y = 2.625714, phi_e, min: -0.015216 at y = 2.330000
phi_m, max: 90.995328 at y = 2.536787./ phi_m, min: 0.000000 at y = 2.358571
phi_e, max: -0.028792 at y = 2.625714, phi_e, min: -0.046378 at y = 2.330000
phi_m, max: 70.925037 at y = 2.537458./ phi_m, min: 0.000000 at y = 2.358571
phi_e, max: -0.026659 at y = 2.625714, phi_e, min: -0.042639 at y = 2.330000
phi_m, max: 51.355700 at y = 2.538213./ phi_m, min: 0.000000 at y = 2.358571
phi_e, max: -0.023064 at y = 2.625714, phi_e, min: -0.036631 at y = 2.330000
phi_m, max: 33.777078 at y = 2.597143./ phi_m, min: 0.000000 at y = 2.358571
phi_e, max: -0.017846 at y = 2.625714, phi_e, min: -0.028113 at y = 2.330000
phi_m, max: 13.297838 at y = 2.597143./ phi_m, min: 0.000000 at y = 2.358571
phi_e, max: -0.013574 at y = 2.625714, phi_e, min: -0.022088 at y = 2.330000
phi_m, max: 1.731995 at y = 2.597143./ phi_m, min: 0.000000 at y = 2.358571
phi_e, max: -0.010122 at y = 2.625714, phi_e, min: -0.014541 at y = 2.330000
phi_m, max: -0.000000 at y = 2.358571./ phi_m, min: -0.232085 at y = 2.387143
phi_e, max: -0.004253 at y = 2.625714, phi_e, min: -0.004940 at y = 2.330000


phi_m, max: 114.785271 at y = 0.433633./ phi_m, min: -0.021591 at y = 3.277724
phi_e, max: 0.000611 at y = 3.341429, phi_e, min: -0.575517 at y = 0.438213
phi_m, max: 106.175770 at y = 0.436426./ phi_m, min: -0.008939 at y = 3.277724
phi_e, max: 0.000242 at y = 3.341429, phi_e, min: -0.154302 at y = 0.436787
phi_m, max: 88.448626 at y = 0.437458./ phi_m, min: -0.007427 at y = 3.277724
phi_e, max: 0.000197 at y = 3.341429, phi_e, min: -0.064984 at y = 0.436787
phi_m, max: 68.257438 at y = 0.437458./ phi_m, min: -0.002515 at y = 3.321869
phi_e, max: 0.019098 at y = 0.344286, phi_e, min: -0.003821 at y = 3.198571
phi_m, max: 48.995853 at y = 0.438213./ phi_m, min: 0.000000 at y = 0.430000
phi_e, max: 0.058743 at y = 0.344286, phi_e, min: -0.002616 at y = 3.198571
phi_m, max: 52.675655 at y = 3.198571./ phi_m, min: 0.000000 at y = 0.430000
phi_e, max: 0.000366 at y = 3.341429, phi_e, min: -0.024914 at y = 0.433213
phi_m, max: 109.268696 at y = 3.341429./ phi_m, min: 0.000000 at y = 0.430000
phi_e, max: 0.000481 at y = 3.341429, phi_e, min: -0.130474 at y = 0.319071
phi_m, max: 96.399986 at y = 3.341429./ phi_m, min: 0.000000 at y = 0.430000
phi_e, max: 0.000427 at y = 3.341429, phi_e, min: -0.139280 at y = 0.319071
phi_m, max: 78.077600 at y = 3.341429./ phi_m, min: -0.221076 at y = 0.344286
phi_e, max: 0.000347 at y = 3.341429, phi_e, min: -0.131813 at y = 0.319071
phi_m, max: 58.601415 at y = 3.341429./ phi_m, min: -0.381048 at y = 0.432542
phi_e, max: 0.000259 at y = 3.341429, phi_e, min: -0.108205 at y = 0.319071
phi_m, max: 40.929646 at y = 3.341429./ phi_m, min: -0.452623 at y = 0.434413
phi_e, max: 0.000187 at y = 3.341429, phi_e, min: -0.080073 at y = 0.319071
phi_m, max: 22.190263 at y = 3.341429./ phi_m, min: -0.482497 at y = 0.434832
phi_e, max: 0.000254 at y = 3.341429, phi_e, min: -0.043378 at y = 0.324726
phi_m, max: 4.300467 at y = 3.341429./ phi_m, min: -0.483473 at y = 0.435168
phi_e, max: 0.000416 at y = 3.341429, phi_e, min: -0.009987 at y = 0.325925


Writing: "Fiber2DEphapticPlaneL6rho3_13.chk"
 (0.00178484s, XML)
Steps: 14000000 Time: 1.4         
phi_m, max: -0.000000 at y = 4.640000./ phi_m, min: -0.000991 at y = 4.634832
phi_e, max: 0.000601 at y = 4.850000, phi_e, min: 0.000600 at y = 4.630000
phi_m, max: -0.000000 at y = 4.640000./ phi_m, min: -0.000999 at y = 4.634832
phi_e, max: 0.000237 at y = 4.846426, phi_e, min: 0.000237 at y = 4.699300
phi_m, max: -0.000000 at y = 4.640000./ phi_m, min: -0.000991 at y = 4.634832
phi_e, max: 0.000193 at y = 4.846426, phi_e, min: 0.000193 at y = 4.732276
phi_m, max: -0.000000 at y = 4.640000./ phi_m, min: -0.000982 at y = 4.634832
phi_e, max: 0.000136 at y = 4.630000, phi_e, min: 0.000135 at y = 4.850000
phi_m, max: -0.000000 at y = 4.640000./ phi_m, min: -0.000972 at y = 4.635168
phi_e, max: -0.000573 at y = 4.630000, phi_e, min: -0.000667 at y = 4.850000
phi_m, max: -0.000000 at y = 4.640000./ phi_m, min: -0.000932 at y = 4.840000
phi_e, max: -0.007525 at y = 4.850000, phi_e, min: -0.008612 at y = 4.630000
phi_m, max: 0.018610 at y = 4.630000./ phi_m, min: 0.000000 at y = 4.640000
phi_e, max: 0.055658 at y = 4.850000, phi_e, min: 0.055136 at y = 4.630000
phi_m, max: 1.844167 at y = 4.630000./ phi_m, min: 0.000000 at y = 4.640000
phi_e, max: -0.015533 at y = 4.631787, phi_e, min: -0.016830 at y = 4.817747
phi_m, max: 105.985233 at y = 4.631175./ phi_m, min: 0.000000 at y = 4.640000
phi_e, max: 0.140184 at y = 4.840000, phi_e, min: 0.080707 at y = 4.631787
phi_m, max: 111.218993 at y = 4.840000./ phi_m, min: 0.000000 at y = 4.640000
phi_e, max: 0.095534 at y = 4.850000, phi_e, min: 0.063974 at y = 4.630587
phi_m, max: 97.386471 at y = 4.840000./ phi_m, min: 0.000000 at y = 4.640000
phi_e, max: 0.076112 at y = 4.850000, phi_e, min: 0.049609 at y = 4.631787
phi_m, max: 78.447562 at y = 4.840000./ phi_m, min: 0.000000 at y = 4.640000
phi_e, max: 0.064602 at y = 4.850000, phi_e, min: 0.042838 at y = 4.631787
phi_m, max: 58.563714 at y = 4.840000./ phi_m, min: 0.000000 at y = 4.640000
phi_e, max: 0.052815 at y = 4.850000, phi_e, min: 0.035093 at y = 4.630587
phi_m, max: 40.664983 at y = 4.840000./ phi_m, min: 0.000000 at y = 4.640000
phi_e, max: 0.039587 at y = 4.850000, phi_e, min: 0.026537 at y = 4.631787


phi_m, max: 113.563286 at y = 0.225587./ phi_m, min: 0.000000 at y = 0.220000
phi_e, max: -0.559712 at y = 0.335274, phi_e, min: -0.568883 at y = 0.224413
phi_m, max: 99.623701 at y = 0.226787./ phi_m, min: 0.000000 at y = 0.220000
phi_e, max: -0.145225 at y = 0.337724, phi_e, min: -0.152999 at y = 0.224413
phi_m, max: 80.459797 at y = 0.226787./ phi_m, min: 0.000000 at y = 0.220000
phi_e, max: -0.057546 at y = 0.337724, phi_e, min: -0.063649 at y = 0.224413
phi_m, max: 60.274631 at y = 0.227458./ phi_m, min: 0.000000 at y = 0.220000
phi_e, max: 0.019106 at y = 0.337724, phi_e, min: 0.014681 at y = 0.224413
phi_m, max: 42.471131 at y = 0.344286./ phi_m, min: 0.000000 at y = 0.220000
phi_e, max: 0.058749 at y = 0.337724, phi_e, min: 0.055754 at y = 0.224413
phi_m, max: 25.174117 at y = 0.344286./ phi_m, min: 0.000000 at y = 0.220000
phi_e, max: -0.024012 at y = 0.344286, phi_e, min: -0.025395 at y = 0.225168
phi_m, max: 6.033036 at y = 0.344286./ phi_m, min: 0.000000 at y = 0.220000
phi_e, max: -0.130316 at y = 0.344286, phi_e, min: -0.130689 at y = 0.105714
phi_m, max: 0.473699 at y = 0.344286./ phi_m, min: 0.000000 at y = 0.220000
phi_e, max: -0.139145 at y = 0.344286, phi_e, min: -0.139281 at y = 0.105714
phi_m, max: -0.000000 at y = 0.220000./ phi_m, min: -0.261566 at y = 0.226426
phi_e, max: -0.131706 at y = 0.344286, phi_e, min: -0.131809 at y = 0.315714
phi_m, max: -0.000000 at y = 0.220000./ phi_m, min: -0.391794 at y = 0.226426
phi_e, max: -0.108126 at y = 0.344286, phi_e, min: -0.108202 at y = 0.315714
phi_m, max: -0.000000 at y = 0.220000./ phi_m, min: -0.453656 at y = 0.226259
phi_e, max: -0.080019 at y = 0.344286, phi_e, min: -0.080071 at y = 0.315714
phi_m, max: -0.000000 at y = 0.220000./ phi_m, min: -0.477463 at y = 0.225916
phi_e, max: -0.043332 at y = 0.224413, phi_e, min: -0.043377 at y = 0.315714
phi_m, max: -0.000000 at y = 0.220000./ phi_m, min: -0.474632 at y = 0.225587
phi_e, max: -0.009946 at y = 0.224413, phi_e, min: -0.009986 at y = 0.325925
phi_m, max: -0.000000 at y = 0.220000./ phi_m, min: -0.453857 at y = 0.225449
phi_e, max: -0.002337 at y = 0.224413, phi_e, min: -0.002374 at y = 0.337724


phi_m, max: 112.079681 at y = 0.011175./ phi_m, min: 0.000000 at y = -0.010000
phi_e, max: -0.561556 at y = 0.121918, phi_e, min: -0.568649 at y = 0.016787
phi_m, max: 96.769066 at y = 0.009413./ phi_m, min: 0.000000 at y = -0.010000
phi_e, max: -0.147121 at y = 0.121918, phi_e, min: -0.153011 at y = 0.016787
phi_m, max: 77.425389 at y = 0.008376./ phi_m, min: 0.000000 at y = -0.010000
phi_e, max: -0.059184 at y = 0.121918, phi_e, min: -0.063775 at y = 0.016787
phi_m, max: 57.605573 at y = 0.007458./ phi_m, min: 0.000000 at y = -0.010000
phi_e, max: 0.017806 at y = 0.121918, phi_e, min: 0.014458 at y = 0.015587
phi_m, max: 40.062897 at y = 0.006426./ phi_m, min: 0.000000 at y = -0.010000
phi_e, max: 0.057793 at y = 0.121918, phi_e, min: 0.055507 at y = 0.014413
phi_m, max: 20.362228 at y = 0.004832./ phi_m, min: 0.000000 at y = -0.010000
phi_e, max: -0.024758 at y = 0.124075, phi_e, min: -0.025694 at y = 0.004413
phi_m, max: 3.395087 at y = 0.134286./ phi_m, min: 0.000000 at y = -0.010000
phi_e, max: -0.130671 at y = 0.134286, phi_e, min: -0.130781 at y = 0.003213
phi_m, max: 0.341669 at y = 0.001787./ phi_m, min: 0.000000 at y = -0.010000
phi_e, max: -0.139277 at y = 0.134286, phi_e, min: -0.139314 at y = 0.005587
phi_m, max: -0.000000 at y = -0.010000./ phi_m, min: -0.202466 at y = 0.134286
phi_e, max: -0.131790 at y = 0.134286, phi_e, min: -0.131805 at y = 0.005587
phi_m, max: -0.000000 at y = -0.010000./ phi_m, min: -0.332077 at y = 0.134286
phi_e, max: -0.108178 at y = 0.019413, phi_e, min: -0.108185 at y = 0.115925
phi_m, max: -0.000000 at y = -0.010000./ phi_m, min: -0.400030 at y = 0.134286
phi_e, max: -0.080040 at y = 0.018213, phi_e, min: -0.080057 at y = 0.117513
phi_m, max: -0.000000 at y = -0.010000./ phi_m, min: -0.441930 at y = 0.014490
phi_e, max: -0.043344 at y = 0.016787, phi_e, min: -0.043367 at y = 0.117513
phi_m, max: -0.000000 at y = -0.010000./ phi_m, min: -0.460157 at y = 0.005916
phi_e, max: -0.009952 at y = 0.014413, phi_e, min: -0.009979 at y = 0.121918
phi_m, max: -0.000000 at y = -0.010000./ phi_m, min: -0.455321 at y = 0.004084
phi_e, max: -0.002338 at y = 0.006787, phi_e, min: -0.002366 at y = 0.121918


phi_m, max: 0.018845 at y = 1.490000./ phi_m, min: 0.000000 at y = 1.518571
phi_e, max: -0.314157 at y = 1.757143, phi_e, min: -0.369417 at y = 1.490000
phi_m, max: 2.209736 at y = 1.490000./ phi_m, min: 0.000000 at y = 1.518571
phi_e, max: -0.124439 at y = 1.757143, phi_e, min: -0.146408 at y = 1.490000
phi_m, max: 104.494372 at y = 1.490000./ phi_m, min: 0.000000 at y = 1.518571
phi_e, max: -0.105208 at y = 1.757143, phi_e, min: -0.127042 at y = 1.490000
phi_m, max: 112.369470 at y = 1.696259./ phi_m, min: 0.000000 at y = 1.518571
phi_e, max: -0.021386 at y = 1.543494, phi_e, min: -0.036898 at y = 1.696787
phi_m, max: 97.477920 at y = 1.696787./ phi_m, min: 0.000000 at y = 1.518571
phi_e, max: 0.023340 at y = 1.536932, phi_e, min: 0.009275 at y = 1.696787
phi_m, max: 77.998792 at y = 1.697458./ phi_m, min: 0.000000 at y = 1.518571
phi_e, max: -0.010086 at y = 1.573557, phi_e, min: -0.016731 at y = 1.695587
phi_m, max: 57.866893 at y = 1.697458./ phi_m, min: 0.000000 at y = 1.518571
phi_e, max: -0.064695 at y = 1.757143, phi_e, min: -0.075222 at y = 1.490000
phi_m, max: 39.928596 at y = 1.698376./ phi_m, min: 0.000000 at y = 1.518571
phi_e, max: -0.062870 at y = 1.757143, phi_e, min: -0.074015 at y = 1.490000
phi_m, max: 20.243782 at y = 1.728571./ phi_m, min: 0.000000 at y = 1.518571
phi_e, max: -0.055969 at y = 1.757143, phi_e, min: -0.068196 at y = 1.490000
phi_m, max: 3.620310 at y = 1.728571./ phi_m, min: 0.000000 at y = 1.518571
phi_e, max: -0.048919 at y = 1.757143, phi_e, min: -0.060463 at y = 1.490000
phi_m, max: 0.139896 at y = 1.728571./ phi_m, min: -0.156039 at y = 1.490000
phi_e, max: -0.039293 at y = 1.757143, phi_e, min: -0.047181 at y = 1.490000
phi_m, max: -0.000000 at y = 1.518571./ phi_m, min: -0.363126 at y = 1.490000
phi_e, max: -0.022941 at y = 1.757143, phi_e, min: -0.026865 at y = 1.490000
phi_m, max: -0.000000 at y = 1.518571./ phi_m, min: -0.439324 at y = 1.490000
phi_e, max: -0.006348 at y = 1.757143, phi_e, min: -0.007026 at y = 1.490000
phi_m, max: -0.000000 at y = 1.518571./ phi_m, min: -0.475212 at y = 1.694413
phi_e, max: -0.002096 at y = 1.696787, phi_e, min: -0.002155 at y = 1.550499


phi_m, max: -0.000000 at y = 6.310000./ phi_m, min: -0.001063 at y = 6.318825
phi_e, max: 0.000608 at y = 6.330000, phi_e, min: 0.000607 at y = 6.110000
phi_m, max: -0.000000 at y = 6.310000./ phi_m, min: -0.001071 at y = 6.318825
phi_e, max: 0.000240 at y = 6.330000, phi_e, min: 0.000240 at y = 6.110000
phi_m, max: -0.000000 at y = 6.310000./ phi_m, min: -0.001063 at y = 6.318825
phi_e, max: 0.000196 at y = 6.320000, phi_e, min: 0.000195 at y = 6.110000
phi_m, max: -0.000000 at y = 6.310000./ phi_m, min: -0.001052 at y = 6.318825
phi_e, max: 0.000129 at y = 6.110000, phi_e, min: 0.000129 at y = 6.320000
phi_m, max: -0.000000 at y = 6.310000./ phi_m, min: -0.000984 at y = 6.315510
phi_e, max: -0.001200 at y = 6.110000, phi_e, min: -0.001290 at y = 6.330000
phi_m, max: -0.000000 at y = 6.310000./ phi_m, min: -0.001928 at y = 6.320000
phi_e, max: -0.000275 at y = 6.330000, phi_e, min: -0.001322 at y = 6.110000
phi_m, max: -0.000000 at y = 6.310000./ phi_m, min: -0.001489 at y = 6.320000
phi_e, max: 0.059255 at y = 6.330000, phi_e, min: 0.058734 at y = 6.110000
phi_m, max: -0.000000 at y = 6.310000./ phi_m, min: -0.001395 at y = 6.320000
phi_e, max: -0.014145 at y = 6.330000, phi_e, min: -0.014566 at y = 6.110000
phi_m, max: -0.000000 at y = 6.310000./ phi_m, min: -0.001268 at y = 6.320000
phi_e, max: 0.112907 at y = 6.330000, phi_e, min: 0.112583 at y = 6.110000
phi_m, max: 0.010834 at y = 6.110000./ phi_m, min: 0.000000 at y = 6.310000
phi_e, max: 0.230265 at y = 6.330000, phi_e, min: 0.230037 at y = 6.110000
phi_m, max: 1.619218 at y = 6.110000./ phi_m, min: 0.000000 at y = 6.310000
phi_e, max: 0.030690 at y = 6.318213, phi_e, min: 0.030018 at y = 6.110000
phi_m, max: 100.979343 at y = 6.110000./ phi_m, min: 0.000000 at y = 6.310000
phi_e, max: -0.033138 at y = 6.318213, phi_e, min: -0.055781 at y = 6.110000
phi_m, max: 112.603966 at y = 6.318376./ phi_m, min: 0.000000 at y = 6.310000
phi_e, max: -0.016508 at y = 6.138571, phi_e, min: -0.030854 at y = 6.313213
phi_m, max: 97.560968 at y = 6.318376./ phi_m, min: 0.000000 at y = 6.310000
phi_e, max: -0.015271 at y = 6.138571, phi_e, min: -0.028461 at y = 6.314413


phi_m, max: -0.000000 at y = 5.928571./ phi_m, min: -0.001000 at y = 6.105449
phi_e, max: 0.000607 at y = 6.138571, phi_e, min: 0.000606 at y = 5.900000
phi_m, max: -0.000000 at y = 5.928571./ phi_m, min: -0.001009 at y = 6.105449
phi_e, max: 0.000240 at y = 6.138571, phi_e, min: 0.000239 at y = 5.900000
phi_m, max: -0.000000 at y = 5.928571./ phi_m, min: -0.001001 at y = 6.105449
phi_e, max: 0.000195 at y = 6.138571, phi_e, min: 0.000195 at y = 5.900000
phi_m, max: -0.000000 at y = 5.928571./ phi_m, min: -0.000992 at y = 6.105449
phi_e, max: 0.000130 at y = 5.900000, phi_e, min: 0.000129 at y = 6.138571
phi_m, max: -0.000000 at y = 5.928571./ phi_m, min: -0.000975 at y = 6.105168
phi_e, max: -0.001112 at y = 5.900000, phi_e, min: -0.001212 at y = 6.138571
phi_m, max: -0.000000 at y = 5.928571./ phi_m, min: -0.001094 at y = 6.138571
phi_e, max: -0.001184 at y = 6.138571, phi_e, min: -0.002350 at y = 5.900000
phi_m, max: -0.000000 at y = 5.928571./ phi_m, min: -0.001030 at y = 6.108376
phi_e, max: 0.058803 at y = 6.138571, phi_e, min: 0.058224 at y = 5.900000
phi_m, max: -0.000000 at y = 5.928571./ phi_m, min: -0.001010 at y = 6.107458
phi_e, max: -0.014510 at y = 6.138571, phi_e, min: -0.014979 at y = 5.900000
phi_m, max: 0.000138 at y = 5.900000./ phi_m, min: -0.000836 at y = 6.138571
phi_e, max: 0.112625 at y = 6.138571, phi_e, min: 0.112264 at y = 5.900000
phi_m, max: 0.077112 at y = 5.900000./ phi_m, min: 0.000000 at y = 5.928571
phi_e, max: 0.230066 at y = 6.138571, phi_e, min: 0.229799 at y = 5.900000
phi_m, max: 10.744771 at y = 5.900000./ phi_m, min: 0.000000 at y = 5.928571
phi_e, max: 0.030126 at y = 6.105587, phi_e, min: 0.027414 at y = 5.900000
phi_m, max: 112.374065 at y = 5.900000./ phi_m, min: 0.000000 at y = 5.928571
phi_e, max: -0.000004 at y = 5.900000, phi_e, min: -0.056640 at y = 6.108213
phi_m, max: 108.415243 at y = 6.106426./ phi_m, min: 0.000000 at y = 5.928571
phi_e, max: 0.007024 at y = 5.900000, phi_e, min: -0.017580 at y = 6.108213
phi_m, max: 91.425203 at y = 6.106787./ phi_m, min: 0.000000 at y = 5.928571
phi_e, max: 0.004276 at y = 5.900000, phi_e, min: -0.016188 at y = 6.108213


phi_m, max: -0.000000 at y = 3.790000./ phi_m, min: -0.001374 at y = 3.761429
phi_e, max: 0.000597 at y = 4.010000, phi_e, min: 0.000596 at y = 3.761429
phi_m, max: -0.000000 at y = 3.790000./ phi_m, min: -0.001109 at y = 3.761429
phi_e, max: 0.000236 at y = 4.010000, phi_e, min: 0.000236 at y = 3.761429
phi_m, max: -0.000000 at y = 3.790000./ phi_m, min: -0.001072 at y = 3.761429
phi_e, max: 0.000193 at y = 4.010000, phi_e, min: 0.000192 at y = 3.761429
phi_m, max: -0.000000 at y = 3.790000./ phi_m, min: -0.001003 at y = 3.794084
phi_e, max: 0.000141 at y = 3.761429, phi_e, min: 0.000140 at y = 4.010000
phi_m, max: 0.003369 at y = 3.761429./ phi_m, min: -0.000719 at y = 4.010000
phi_e, max: -0.000204 at y = 3.761429, phi_e, min: -0.000311 at y = 4.010000
phi_m, max: 0.546312 at y = 3.761429./ phi_m, min: 0.000000 at y = 3.790000
phi_e, max: -0.011629 at y = 4.010000, phi_e, min: -0.012581 at y = 3.761429
phi_m, max: 43.253296 at y = 3.761429./ phi_m, min: 0.000000 at y = 3.790000
phi_e, max: 0.070793 at y = 3.793213, phi_e, min: 0.053819 at y = 3.961218
phi_m, max: 114.555878 at y = 4.003633./ phi_m, min: 0.000000 at y = 3.790000
phi_e, max: 0.042649 at y = 3.835133, phi_e, min: -0.011267 at y = 4.009413
phi_m, max: 106.560100 at y = 4.006426./ phi_m, min: 0.000000 at y = 3.790000
phi_e, max: 0.038591 at y = 3.860792, phi_e, min: 0.018622 at y = 4.008213
phi_m, max: 88.951857 at y = 4.007458./ phi_m, min: 0.000000 at y = 3.790000
phi_e, max: 0.029491 at y = 3.860792, phi_e, min: 0.013025 at y = 4.008213
phi_m, max: 68.778070 at y = 4.007458./ phi_m, min: 0.000000 at y = 3.790000
phi_e, max: 0.021131 at y = 3.858342, phi_e, min: 0.008567 at y = 4.008213
phi_m, max: 49.450626 at y = 4.008213./ phi_m, min: 0.000000 at y = 3.790000
phi_e, max: 0.017284 at y = 3.863705, phi_e, min: 0.009207 at y = 4.008213
phi_m, max: 31.776912 at y = 4.009413./ phi_m, min: 0.000000 at y = 3.790000
phi_e, max: 0.009911 at y = 3.866154, phi_e, min: 0.005297 at y = 4.006787
phi_m, max: 10.156409 at y = 4.010000./ phi_m, min: 0.000000 at y = 3.790000
phi_e, max: 0.007549 at y = 4.010000, phi_e, min: 0.005184 at y = 3.761429


phi_m, max: -0.000000 at y = 5.260000./ phi_m, min: -0.000991 at y = 5.264832
phi_e, max: 0.000602 at y = 5.298571, phi_e, min: 0.000601 at y = 5.060000
phi_m, max: -0.000000 at y = 5.260000./ phi_m, min: -0.000999 at y = 5.264832
phi_e, max: 0.000238 at y = 5.298571, phi_e, min: 0.000237 at y = 5.060000
phi_m, max: -0.000000 at y = 5.260000./ phi_m, min: -0.000991 at y = 5.264832
phi_e, max: 0.000193 at y = 5.298571, phi_e, min: 0.000193 at y = 5.060000
phi_m, max: -0.000000 at y = 5.260000./ phi_m, min: -0.000982 at y = 5.264832
phi_e, max: 0.000134 at y = 5.060000, phi_e, min: 0.000132 at y = 5.298571
phi_m, max: -0.000000 at y = 5.260000./ phi_m, min: -0.000974 at y = 5.265168
phi_e, max: -0.000756 at y = 5.060000, phi_e, min: -0.000857 at y = 5.298571
phi_m, max: -0.000000 at y = 5.260000./ phi_m, min: -0.000965 at y = 5.264490
phi_e, max: -0.005316 at y = 5.298571, phi_e, min: -0.006494 at y = 5.060000
phi_m, max: -0.000000 at y = 5.260000./ phi_m, min: -0.000919 at y = 5.266259
phi_e, max: 0.056752 at y = 5.298571, phi_e, min: 0.056167 at y = 5.060000
phi_m, max: 0.016133 at y = 5.063356./ phi_m, min: 0.000000 at y = 5.260000
phi_e, max: -0.016160 at y = 5.298571, phi_e, min: -0.016604 at y = 5.060000
phi_m, max: 2.027502 at y = 5.063356./ phi_m, min: 0.000000 at y = 5.260000
phi_e, max: 0.115751 at y = 5.060000, phi_e, min: 0.112640 at y = 5.298571
phi_m, max: 101.785249 at y = 5.063356./ phi_m, min: 0.000000 at y = 5.260000
phi_e, max: 0.192079 at y = 5.298571, phi_e, min: 0.100308 at y = 5.060000
phi_m, max: 112.673651 at y = 5.266259./ phi_m, min: 0.000000 at y = 5.260000
phi_e, max: 0.091354 at y = 5.136703, phi_e, min: 0.080157 at y = 5.265587
phi_m, max: 98.011983 at y = 5.266787./ phi_m, min: 0.000000 at y = 5.260000
phi_e, max: 0.078680 at y = 5.147871, phi_e, min: 0.070819 at y = 5.264413
phi_m, max: 78.603127 at y = 5.267458./ phi_m, min: 0.000000 at y = 5.260000
phi_e, max: 0.065775 at y = 5.158082, phi_e, min: 0.060364 at y = 5.264413
phi_m, max: 58.442691 at y = 5.267458./ phi_m, min: 0.000000 at y = 5.260000
phi_e, max: 0.049365 at y = 5.158082, phi_e, min: 0.045522 at y = 5.264413


phi_m, max: -0.000000 at y = 4.210000./ phi_m, min: -0.000996 at y = 4.214832
phi_e, max: 0.000599 at y = 4.430000, phi_e, min: 0.000598 at y = 4.181429
phi_m, max: -0.000000 at y = 4.210000./ phi_m, min: -0.001001 at y = 4.214832
phi_e, max: 0.000237 at y = 4.426426, phi_e, min: 0.000237 at y = 4.181429
phi_m, max: -0.000000 at y = 4.210000./ phi_m, min: -0.000993 at y = 4.214832
phi_e, max: 0.000193 at y = 4.426426, phi_e, min: 0.000193 at y = 4.302358
phi_m, max: -0.000000 at y = 4.210000./ phi_m, min: -0.000983 at y = 4.214832
phi_e, max: 0.000139 at y = 4.181429, phi_e, min: 0.000137 at y = 4.430000
phi_m, max: -0.000000 at y = 4.210000./ phi_m, min: -0.000935 at y = 4.420000
phi_e, max: -0.000383 at y = 4.181429, phi_e, min: -0.000487 at y = 4.430000
phi_m, max: 0.008730 at y = 4.210000./ phi_m, min: 0.000000 at y = 4.210000
phi_e, max: -0.009599 at y = 4.430000, phi_e, min: -0.010799 at y = 4.181429
phi_m, max: 0.847738 at y = 4.210000./ phi_m, min: 0.000000 at y = 4.210000
phi_e, max: 0.054902 at y = 4.213213, phi_e, min: 0.054619 at y = 4.337935
phi_m, max: 65.699399 at y = 4.210000./ phi_m, min: 0.000000 at y = 4.210000
phi_e, max: -0.005380 at y = 4.421175, phi_e, min: -0.010639 at y = 4.210587
phi_m, max: 112.411466 at y = 4.420000./ phi_m, min: 0.000000 at y = 4.210000
phi_e, max: 0.050472 at y = 4.430000, phi_e, min: 0.021238 at y = 4.210587
phi_m, max: 100.293458 at y = 4.420000./ phi_m, min: 0.000000 at y = 4.210000
phi_e, max: 0.040114 at y = 4.430000, phi_e, min: 0.015364 at y = 4.210587
phi_m, max: 81.871038 at y = 4.420000./ phi_m, min: 0.000000 at y = 4.210000
phi_e, max: 0.030140 at y = 4.430000, phi_e, min: 0.010539 at y = 4.211787
phi_m, max: 61.914368 at y = 4.420000./ phi_m, min: 0.000000 at y = 4.210000
phi_e, max: 0.027137 at y = 4.430000, phi_e, min: 0.011750 at y = 4.211787
phi_m, max: 43.599510 at y = 4.420000./ phi_m, min: 0.000000 at y = 4.210000
phi_e, max: 0.022060 at y = 4.430000, phi_e, min: 0.008858 at y = 4.181429
phi_m, max: 25.040457 at y = 4.420000./ phi_m, min: 0.000000 at y = 4.210000
phi_e, max: 0.017296 at y = 4.430000, phi_e, min: 0.010214 at y = 4.181429


phi_m, max: 0.000407 at y = 1.728571./ phi_m, min: -0.001479 at y = 1.900000
phi_e, max: -0.271485 at y = 1.967143, phi_e, min: -0.320252 at y = 1.728571
phi_m, max: 0.296177 at y = 1.728571./ phi_m, min: 0.000000 at y = 1.900000
phi_e, max: -0.107500 at y = 1.967143, phi_e, min: -0.126849 at y = 1.728571
phi_m, max: 24.819423 at y = 1.728571./ phi_m, min: 0.000000 at y = 1.900000
phi_e, max: -0.088122 at y = 1.967143, phi_e, min: -0.107117 at y = 1.728571
phi_m, max: 115.096900 at y = 1.904832./ phi_m, min: 0.000000 at y = 1.900000
phi_e, max: -0.033424 at y = 1.759300, phi_e, min: -0.051562 at y = 1.908213
phi_m, max: 104.497077 at y = 1.906787./ phi_m, min: 0.000000 at y = 1.900000
phi_e, max: 0.011891 at y = 1.759300, phi_e, min: -0.000907 at y = 1.906787
phi_m, max: 86.309266 at y = 1.907458./ phi_m, min: 0.000000 at y = 1.900000
phi_e, max: -0.012222 at y = 1.789071, phi_e, min: -0.018637 at y = 1.904413
phi_m, max: 66.052685 at y = 1.907458./ phi_m, min: 0.000000 at y = 1.900000
phi_e, max: -0.057865 at y = 1.967143, phi_e, min: -0.066747 at y = 1.728571
phi_m, max: 47.065466 at y = 1.908213./ phi_m, min: 0.000000 at y = 1.900000
phi_e, max: -0.055255 at y = 1.967143, phi_e, min: -0.064706 at y = 1.728571
phi_m, max: 29.380040 at y = 1.963787./ phi_m, min: 0.000000 at y = 1.900000
phi_e, max: -0.048479 at y = 1.967143, phi_e, min: -0.057511 at y = 1.728571
phi_m, max: 8.875788 at y = 1.963787./ phi_m, min: 0.000000 at y = 1.900000
phi_e, max: -0.040112 at y = 1.967143, phi_e, min: -0.050163 at y = 1.728571
phi_m, max: 0.891165 at y = 1.963787./ phi_m, min: 0.000000 at y = 1.900000
phi_e, max: -0.033138 at y = 1.967143, phi_e, min: -0.040156 at y = 1.728571
phi_m, max: -0.000000 at y = 1.900000./ phi_m, min: -0.293903 at y = 1.728571
phi_e, max: -0.019909 at y = 1.967143, phi_e, min: -0.023367 at y = 1.728571
phi_m, max: -0.000000 at y = 1.900000./ phi_m, min: -0.403011 at y = 1.728571
phi_e, max: -0.005828 at y = 1.967143, phi_e, min: -0.006415 at y = 1.728571
phi_m, max: -0.000000 at y = 1.900000./ phi_m, min: -0.461271 at y = 1.903741
phi_e, max: -0.002071 at y = 1.905587, phi_e, min: -0.002116 at y = 1.776703


phi_m, max: 0.124254 at y = 1.308571./ phi_m, min: 0.000000 at y = 1.480000
phi_e, max: -0.351628 at y = 1.575714, phi_e, min: -0.412288 at y = 1.283356
phi_m, max: 12.980484 at y = 1.308571./ phi_m, min: 0.000000 at y = 1.480000
phi_e, max: -0.139572 at y = 1.575714, phi_e, min: -0.165800 at y = 1.283356
phi_m, max: 114.141500 at y = 1.483213./ phi_m, min: 0.000000 at y = 1.480000
phi_e, max: -0.089524 at y = 1.328131, phi_e, min: -0.128207 at y = 1.488213
phi_m, max: 107.133480 at y = 1.486426./ phi_m, min: 0.000000 at y = 1.480000
phi_e, max: -0.010100 at y = 1.343705, phi_e, min: -0.024115 at y = 1.488213
phi_m, max: 89.709336 at y = 1.487458./ phi_m, min: 0.000000 at y = 1.480000
phi_e, max: 0.033747 at y = 1.339300, phi_e, min: 0.021412 at y = 1.486787
phi_m, max: 69.570575 at y = 1.487458./ phi_m, min: 0.000000 at y = 1.480000
phi_e, max: -0.008505 at y = 1.378082, phi_e, min: -0.013790 at y = 1.485587
phi_m, max: 50.150316 at y = 1.488213./ phi_m, min: 0.000000 at y = 1.480000
phi_e, max: -0.069629 at y = 1.575714, phi_e, min: -0.082490 at y = 1.283356
phi_m, max: 32.521799 at y = 1.489413./ phi_m, min: 0.000000 at y = 1.480000
phi_e, max: -0.068863 at y = 1.575714, phi_e, min: -0.082133 at y = 1.283356
phi_m, max: 11.389063 at y = 1.518571./ phi_m, min: 0.000000 at y = 1.480000
phi_e, max: -0.063688 at y = 1.575714, phi_e, min: -0.079448 at y = 1.283356
phi_m, max: 1.322465 at y = 1.518571./ phi_m, min: 0.000000 at y = 1.480000
phi_e, max: -0.056798 at y = 1.575714, phi_e, min: -0.069426 at y = 1.283356
phi_m, max: -0.000000 at y = 1.480000./ phi_m, min: -0.260742 at y = 1.308571
phi_e, max: -0.044661 at y = 1.575714, phi_e, min: -0.053298 at y = 1.283356
phi_m, max: -0.000000 at y = 1.480000./ phi_m, min: -0.390129 at y = 1.308571
phi_e, max: -0.025617 at y = 1.575714, phi_e, min: -0.029929 at y = 1.283356
phi_m, max: -0.000000 at y = 1.480000./ phi_m, min: -0.453620 at y = 1.483633
phi_e, max: -0.006825 at y = 1.575714, phi_e, min: -0.007572 at y = 1.283356
phi_m, max: -0.000000 at y = 1.480000./ phi_m, min: -0.483500 at y = 1.484551
phi_e, max: -0.002140 at y = 1.486787, phi_e, min: -0.002199 at y = 1.349511


phi_m, max: -0.000000 at y = 4.420000./ phi_m, min: -0.000992 at y = 4.424832
phi_e, max: 0.000600 at y = 4.640000, phi_e, min: 0.000599 at y = 4.362857
phi_m, max: -0.000000 at y = 4.420000./ phi_m, min: -0.000999 at y = 4.424832
phi_e, max: 0.000237 at y = 4.630000, phi_e, min: 0.000237 at y = 4.362857
phi_m, max: -0.000000 at y = 4.420000./ phi_m, min: -0.000992 at y = 4.424832
phi_e, max: 0.000193 at y = 4.630000, phi_e, min: 0.000193 at y = 4.362857
phi_m, max: -0.000000 at y = 4.420000./ phi_m, min: -0.000983 at y = 4.424832
phi_e, max: 0.000138 at y = 4.362857, phi_e, min: 0.000136 at y = 4.640000
phi_m, max: -0.000000 at y = 4.420000./ phi_m, min: -0.000966 at y = 4.425168
phi_e, max: -0.000459 at y = 4.362857, phi_e, min: -0.000577 at y = 4.640000
phi_m, max: 0.000829 at y = 4.391429./ phi_m, min: -0.000747 at y = 4.630000
phi_e, max: -0.008564 at y = 4.640000, phi_e, min: -0.009927 at y = 4.362857
phi_m, max: 0.157206 at y = 4.391429./ phi_m, min: 0.000000 at y = 4.420000
phi_e, max: 0.055159 at y = 4.640000, phi_e, min: 0.054630 at y = 4.362857
phi_m, max: 15.411351 at y = 4.391429./ phi_m, min: 0.000000 at y = 4.420000
phi_e, max: -0.005215 at y = 4.421787, phi_e, min: -0.015665 at y = 4.640000
phi_m, max: 115.048005 at y = 4.425168./ phi_m, min: 0.000000 at y = 4.420000
phi_e, max: 0.085337 at y = 4.640000, phi_e, min: 0.047455 at y = 4.362857
phi_m, max: 106.519664 at y = 4.630000./ phi_m, min: 0.000000 at y = 4.420000
phi_e, max: 0.066193 at y = 4.640000, phi_e, min: 0.037550 at y = 4.362857
phi_m, max: 89.878816 at y = 4.630000./ phi_m, min: 0.000000 at y = 4.420000
phi_e, max: 0.051469 at y = 4.640000, phi_e, min: 0.028067 at y = 4.362857
phi_m, max: 70.146994 at y = 4.630000./ phi_m, min: 0.000000 at y = 4.420000
phi_e, max: 0.044323 at y = 4.640000, phi_e, min: 0.025257 at y = 4.362857
phi_m, max: 50.840343 at y = 4.630000./ phi_m, min: 0.000000 at y = 4.420000
phi_e, max: 0.036234 at y = 4.640000, phi_e, min: 0.020091 at y = 4.362857
phi_m, max: 33.415623 at y = 4.630000./ phi_m, min: 0.000000 at y = 4.420000
phi_e, max: 0.027361 at y = 4.640000, phi_e, min: 0.015930 at y = 4.362857


phi_m, max: -0.000000 at y = 5.050000./ phi_m, min: -0.000991 at y = 5.475168
phi_e, max: 0.000603 at y = 5.480000, phi_e, min: 0.000601 at y = 5.021429
phi_m, max: -0.000000 at y = 5.050000./ phi_m, min: -0.000999 at y = 5.475168
phi_e, max: 0.000238 at y = 5.480000, phi_e, min: 0.000237 at y = 5.021429
phi_m, max: -0.000000 at y = 5.050000./ phi_m, min: -0.000991 at y = 5.475168
phi_e, max: 0.000194 at y = 5.480000, phi_e, min: 0.000193 at y = 5.021429
phi_m, max: -0.000000 at y = 5.050000./ phi_m, min: -0.000982 at y = 5.475168
phi_e, max: 0.000134 at y = 5.021429, phi_e, min: 0.000132 at y = 5.480000
phi_m, max: -0.000000 at y = 5.050000./ phi_m, min: -0.000974 at y = 5.055168
phi_e, max: -0.000739 at y = 5.021429, phi_e, min: -0.000934 at y = 5.480000
phi_m, max: -0.000000 at y = 5.050000./ phi_m, min: -0.000979 at y = 5.475510
phi_e, max: -0.004422 at y = 5.480000, phi_e, min: -0.006685 at y = 5.021429
phi_m, max: -0.000000 at y = 5.050000./ phi_m, min: -0.000961 at y = 5.475587
phi_e, max: 0.057195 at y = 5.480000, phi_e, min: 0.056073 at y = 5.021429
phi_m, max: 0.039173 at y = 5.050000./ phi_m, min: -0.000559 at y = 5.480000
phi_e, max: -0.015812 at y = 5.480000, phi_e, min: -0.016678 at y = 5.021429
phi_m, max: 4.723895 at y = 5.050000./ phi_m, min: 0.000000 at y = 5.050000
phi_e, max: 0.115907 at y = 5.021429, phi_e, min: 0.111577 at y = 5.451640
phi_m, max: 113.705704 at y = 5.053213./ phi_m, min: 0.000000 at y = 5.050000
phi_e, max: 0.228464 at y = 5.476787, phi_e, min: 0.098300 at y = 5.056787
phi_m, max: 115.078171 at y = 5.474551./ phi_m, min: 0.000000 at y = 5.050000
phi_e, max: 0.091051 at y = 5.117143, phi_e, min: 0.054844 at y = 5.479413
phi_m, max: 104.966386 at y = 5.476426./ phi_m, min: 0.000000 at y = 5.050000
phi_e, max: 0.078087 at y = 5.117143, phi_e, min: 0.058131 at y = 5.478213
phi_m, max: 86.900538 at y = 5.477458./ phi_m, min: 0.000000 at y = 5.050000
phi_e, max: 0.065050 at y = 5.117143, phi_e, min: 0.051443 at y = 5.478213
phi_m, max: 66.657279 at y = 5.477458./ phi_m, min: 0.000000 at y = 5.050000
phi_e, max: 0.048956 at y = 5.345503, phi_e, min: 0.038835 at y = 5.478213


phi_m, max: 74.668361 at y = 0.640000./ phi_m, min: 0.000000 at y = 0.650000
phi_e, max: -0.501816 at y = 0.860000, phi_e, min: -0.554543 at y = 0.641787
phi_m, max: 114.974257 at y = 0.855168./ phi_m, min: 0.000000 at y = 0.650000
phi_e, max: -0.141566 at y = 0.744726, phi_e, min: -0.156504 at y = 0.858213
phi_m, max: 103.435994 at y = 0.856787./ phi_m, min: 0.000000 at y = 0.650000
phi_e, max: -0.054442 at y = 0.748082, phi_e, min: -0.065508 at y = 0.856787
phi_m, max: 84.991980 at y = 0.857458./ phi_m, min: 0.000000 at y = 0.650000
phi_e, max: 0.021061 at y = 0.744726, phi_e, min: 0.011659 at y = 0.856787
phi_m, max: 64.716356 at y = 0.857458./ phi_m, min: 0.000000 at y = 0.650000
phi_e, max: 0.059948 at y = 0.742276, phi_e, min: 0.052627 at y = 0.856787
phi_m, max: 45.905325 at y = 0.858213./ phi_m, min: 0.000000 at y = 0.650000
phi_e, max: -0.009842 at y = 0.786295, phi_e, min: -0.017487 at y = 0.641787
phi_m, max: 27.714080 at y = 0.860000./ phi_m, min: 0.000000 at y = 0.650000
phi_e, max: -0.098885 at y = 0.860000, phi_e, min: -0.111281 at y = 0.640000
phi_m, max: 6.987810 at y = 0.860000./ phi_m, min: 0.000000 at y = 0.650000
phi_e, max: -0.105587 at y = 0.860000, phi_e, min: -0.120924 at y = 0.640000
phi_m, max: 0.576796 at y = 0.860000./ phi_m, min: -0.065402 at y = 0.640000
phi_e, max: -0.104262 at y = 0.860000, phi_e, min: -0.116975 at y = 0.640000
phi_m, max: -0.000000 at y = 0.650000./ phi_m, min: -0.340941 at y = 0.641175
phi_e, max: -0.087745 at y = 0.860000, phi_e, min: -0.097153 at y = 0.640000
phi_m, max: -0.000000 at y = 0.650000./ phi_m, min: -0.433937 at y = 0.643213
phi_e, max: -0.065929 at y = 0.860000, phi_e, min: -0.072425 at y = 0.640000
phi_m, max: -0.000000 at y = 0.650000./ phi_m, min: -0.476751 at y = 0.644413
phi_e, max: -0.036289 at y = 0.860000, phi_e, min: -0.039538 at y = 0.640000
phi_m, max: -0.000000 at y = 0.650000./ phi_m, min: -0.486835 at y = 0.644832
phi_e, max: -0.008740 at y = 0.860000, phi_e, min: -0.009300 at y = 0.640000
phi_m, max: -0.000000 at y = 0.650000./ phi_m, min: -0.481580 at y = 0.855168
phi_e, max: -0.002307 at y = 0.856787, phi_e, min: -0.002363 at y = 0.744726


phi_m, max: -0.000000 at y = 2.320000./ phi_m, min: -0.002270 at y = 2.415714
phi_e, max: -0.178754 at y = 2.415714, phi_e, min: -0.234590 at y = 2.148571
phi_m, max: 0.004917 at y = 2.177143./ phi_m, min: -0.000654 at y = 2.415714
phi_e, max: -0.070777 at y = 2.415714, phi_e, min: -0.092886 at y = 2.148571
phi_m, max: 0.478376 at y = 2.177143./ phi_m, min: 0.000000 at y = 2.320000
phi_e, max: -0.057719 at y = 2.415714, phi_e, min: -0.075775 at y = 2.148571
phi_m, max: 62.547617 at y = 2.177143./ phi_m, min: 0.000000 at y = 2.320000
phi_e, max: -0.044532 at y = 2.415714, phi_e, min: -0.066028 at y = 2.148571
phi_m, max: 114.442230 at y = 2.325587./ phi_m, min: 0.000000 at y = 2.320000
phi_e, max: -0.003007 at y = 2.203557, phi_e, min: -0.013563 at y = 2.326787
phi_m, max: 101.665683 at y = 2.326787./ phi_m, min: 0.000000 at y = 2.320000
phi_e, max: -0.007586 at y = 2.415714, phi_e, min: -0.016472 at y = 2.323213
phi_m, max: 82.849585 at y = 2.327458./ phi_m, min: 0.000000 at y = 2.320000
phi_e, max: -0.037323 at y = 2.415714, phi_e, min: -0.052465 at y = 2.148571
phi_m, max: 62.574396 at y = 2.327458./ phi_m, min: 0.000000 at y = 2.320000
phi_e, max: -0.035005 at y = 2.415714, phi_e, min: -0.049124 at y = 2.148571
phi_m, max: 44.050418 at y = 2.328213./ phi_m, min: 0.000000 at y = 2.320000
phi_e, max: -0.030566 at y = 2.415714, phi_e, min: -0.042673 at y = 2.148571
phi_m, max: 26.545449 at y = 2.415714./ phi_m, min: 0.000000 at y = 2.320000
phi_e, max: -0.023748 at y = 2.415714, phi_e, min: -0.033415 at y = 2.148571
phi_m, max: 6.925696 at y = 2.415714./ phi_m, min: 0.000000 at y = 2.320000
phi_e, max: -0.019456 at y = 2.415714, phi_e, min: -0.027715 at y = 2.148571
phi_m, max: 0.590024 at y = 2.415714./ phi_m, min: 0.000000 at y = 2.320000
phi_e, max: -0.013279 at y = 2.415714, phi_e, min: -0.017278 at y = 2.148571
phi_m, max: -0.000000 at y = 2.320000./ phi_m, min: -0.310443 at y = 2.177143
phi_e, max: -0.004755 at y = 2.415714, phi_e, min: -0.005385 at y = 2.148571
phi_m, max: -0.000000 at y = 2.320000./ phi_m, min: -0.412799 at y = 2.322542
phi_e, max: -0.002077 at y = 2.323213, phi_e, min: -0.002115 at y = 2.415714



Time: 0.100000
CPU Time: 141.190380 min.
phi_m, max: -0.000000 at y = 3.131429./ phi_m, min: -0.019448 at y = 3.227143
phi_e, max: 0.000608 at y = 6.330000, phi_e, min: -0.053521 at y = 3.017143

Time: 0.200000
CPU Time: 138.036366 min.
phi_m, max: -0.000000 at y = 3.131429./ phi_m, min: -0.008105 at y = 3.227143
phi_e, max: 0.000240 at y = 6.330000, phi_e, min: -0.021192 at y = 3.017143

Time: 0.300000
CPU Time: 134.729599 min.
phi_m, max: -0.000000 at y = 3.131429./ phi_m, min: -0.006740 at y = 3.227143
phi_e, max: 0.000196 at y = 6.330000, phi_e, min: -0.017280 at y = 3.017143

Time: 0.400000
CPU Time: 134.629891 min.
phi_m, max: 0.026446 at y = 3.045714./ phi_m, min: -0.001051 at y = 6.320000
phi_e, max: 0.000129 at y = 6.320000, phi_e, min: -0.013036 at y = 3.017143

Time: 0.500000
CPU Time: 135.607442 min.
phi_m, max: 2.054168 at y = 3.045714./ phi_m, min: -0.000964 at y = 6.320000
phi_e, max: -0.000884 at y = 3.255714, phi_e, min: -0.009235 at y = 3.017143

Time: 0.600000
CPU Time: 136.130311 min.
phi_m, max: 95.505925 at y = 3.045714./ phi_m, min: -0.001963 at y = 6.330000
phi_e, max: -0.000245 at y = 6.330000, phi_e, min: -0.010264 at y = 3.161787

Time: 0.700000
CPU Time: 136.013256 min.
phi_m, max: 111.184794 at y = 3.166259./ phi_m, min: -0.001506 at y = 6.330000
phi_e, max: 0.059269 at y = 6.330000, phi_e, min: -0.011570 at y = 3.017143

Time: 0.800000
CPU Time: 134.044105 min.
phi_m, max: 95.530486 at y = 3.166787./ phi_m, min: -0.001409 at y = 6.330000
phi_e, max: -0.001991 at y = 3.255714, phi_e, min: -0.014153 at y = 6.320000

Time: 0.900000
CPU Time: 133.215903 min.
phi_m, max: 75.825879 at y = 3.167458./ phi_m, min: -0.001279 at y = 6.330000
phi_e, max: 0.112916 at y = 6.330000, phi_e, min: -0.008796 at y = 3.017143

Time: 1.000000
CPU Time: 132.622828 min.
phi_m, max: 55.824544 at y = 3.168213./ phi_m, min: 0.000000 at y = 3.131429
phi_e, max: 0.230271 at y = 6.330000, phi_e, min: -0.006719 at y = 3.017143

Time: 1.100000
CPU Time: 130.114707 min.
phi_m, max: 38.079959 at y = 3.168376./ phi_m, min: 0.000000 at y = 3.131429
phi_e, max: 0.030689 at y = 6.320000, phi_e, min: -0.004661 at y = 3.017143

Time: 1.200000
CPU Time: 130.706478 min.
phi_m, max: 37.031638 at y = 6.320000./ phi_m, min: 0.000000 at y = 3.131429
phi_e, max: -0.000759 at y = 3.255714, phi_e, min: -0.034254 at y = 6.320000

Time: 1.300000
CPU Time: 130.498055 min.
phi_m, max: 112.478538 at y = 6.320000./ phi_m, min: 0.000000 at y = 3.131429
phi_e, max: -0.000860 at y = 3.255714, phi_e, min: -0.030634 at y = 6.320000

Time: 1.400000
CPU Time: 131.022998 min.
phi_m, max: 97.468877 at y = 6.320000./ phi_m, min: -0.142017 at y = 3.045714
phi_e, max: -0.000688 at y = 3.255714, phi_e, min: -0.028291 at y = 6.320000


Writing: "Fiber2DEphapticPlaneL6rho3_14.chk"
phi_m, max: -0.000000 at y = 2.358571./ phi_m, min: -0.002532 at y = 2.501429
phi_e, max: -0.135338 at y = 2.625714, phi_e, min: -0.196662 at y = 2.330000
phi_m, max: -0.000000 at y = 2.358571./ phi_m, min: -0.001122 at y = 2.530000
phi_e, max: -0.053587 at y = 2.625714, phi_e, min: -0.077868 at y = 2.330000
phi_m, max: 0.069862 at y = 2.387143./ phi_m, min: 0.000000 at y = 2.358571
phi_e, max: -0.043696 at y = 2.625714, phi_e, min: -0.063482 at y = 2.330000
phi_m, max: 9.501471 at y = 2.387143./ phi_m, min: 0.000000 at y = 2.358571
phi_e, max: -0.033047 at y = 2.625714, phi_e, min: -0.046406 at y = 2.330000
phi_m, max: 112.966571 at y = 2.532542./ phi_m, min: 0.000000 at y = 2.358571
phi_e, max: -0.007522 at y = 2.399511, phi_e, min: -0.036899 at y = 2.538213
phi_m, max: 108.083386 at y = 2.536426./ phi_m, min: 0.000000 at y = 2.358571
phi_e, max: -0.005497 at y = 2.625714, phi_e, min: -0.015216 at y = 2.330000
phi_m, max: 90.995328 at y = 2.536787./ phi_m, min: 0.000000 at y = 2.358571
phi_e, max: -0.028792 at y = 2.625714, phi_e, min: -0.046378 at y = 2.330000
phi_m, max: 70.925037 at y = 2.537458./ phi_m, min: 0.000000 at y = 2.358571
phi_e, max: -0.026659 at y = 2.625714, phi_e, min: -0.042639 at y = 2.330000
phi_m, max: 51.355700 at y = 2.538213./ phi_m, min: 0.000000 at y = 2.358571
phi_e, max: -0.023064 at y = 2.625714, phi_e, min: -0.036631 at y = 2.330000
phi_m, max: 33.777078 at y = 2.597143./ phi_m, min: 0.000000 at y = 2.358571
phi_e, max: -0.017846 at y = 2.625714, phi_e, min: -0.028113 at y = 2.330000
phi_m, max: 13.297838 at y = 2.597143./ phi_m, min: 0.000000 at y = 2.358571
phi_e, max: -0.013574 at y = 2.625714, phi_e, min: -0.022088 at y = 2.330000
phi_m, max: 1.731995 at y = 2.597143./ phi_m, min: 0.000000 at y = 2.358571
phi_e, max: -0.010122 at y = 2.625714, phi_e, min: -0.014541 at y = 2.330000
phi_m, max: -0.000000 at y = 2.358571./ phi_m, min: -0.232085 at y = 2.387143
phi_e, max: -0.004253 at y = 2.625714, phi_e, min: -0.004940 at y = 2.330000
phi_m, max: -0.000000 at y = 2.358571./ phi_m, min: -0.375549 at y = 2.387143
phi_e, max: -0.002082 at y = 2.330000, phi_e, min: -0.002131 at y = 2.625714


phi_m, max: 114.785271 at y = 0.433633./ phi_m, min: -0.021591 at y = 3.277724
phi_e, max: 0.000611 at y = 3.341429, phi_e, min: -0.575517 at y = 0.438213
phi_m, max: 106.175770 at y = 0.436426./ phi_m, min: -0.008939 at y = 3.277724
phi_e, max: 0.000242 at y = 3.341429, phi_e, min: -0.154302 at y = 0.436787
phi_m, max: 88.448626 at y = 0.437458./ phi_m, min: -0.007427 at y = 3.277724
phi_e, max: 0.000197 at y = 3.341429, phi_e, min: -0.064984 at y = 0.436787
phi_m, max: 68.257438 at y = 0.437458./ phi_m, min: -0.002515 at y = 3.321869
phi_e, max: 0.019098 at y = 0.344286, phi_e, min: -0.003821 at y = 3.198571
phi_m, max: 48.995853 at y = 0.438213./ phi_m, min: 0.000000 at y = 0.430000
phi_e, max: 0.058743 at y = 0.344286, phi_e, min: -0.002616 at y = 3.198571
phi_m, max: 52.675655 at y = 3.198571./ phi_m, min: 0.000000 at y = 0.430000
phi_e, max: 0.000366 at y = 3.341429, phi_e, min: -0.024914 at y = 0.433213
phi_m, max: 109.268696 at y = 3.341429./ phi_m, min: 0.000000 at y = 0.430000
phi_e, max: 0.000481 at y = 3.341429, phi_e, min: -0.130474 at y = 0.319071
phi_m, max: 96.399986 at y = 3.341429./ phi_m, min: 0.000000 at y = 0.430000
phi_e, max: 0.000427 at y = 3.341429, phi_e, min: -0.139280 at y = 0.319071
phi_m, max: 78.077600 at y = 3.341429./ phi_m, min: -0.221076 at y = 0.344286
phi_e, max: 0.000347 at y = 3.341429, phi_e, min: -0.131813 at y = 0.319071
phi_m, max: 58.601415 at y = 3.341429./ phi_m, min: -0.381048 at y = 0.432542
phi_e, max: 0.000259 at y = 3.341429, phi_e, min: -0.108205 at y = 0.319071
phi_m, max: 40.929646 at y = 3.341429./ phi_m, min: -0.452623 at y = 0.434413
phi_e, max: 0.000187 at y = 3.341429, phi_e, min: -0.080073 at y = 0.319071
phi_m, max: 22.190263 at y = 3.341429./ phi_m, min: -0.482497 at y = 0.434832
phi_e, max: 0.000254 at y = 3.341429, phi_e, min: -0.043378 at y = 0.324726
phi_m, max: 4.300467 at y = 3.341429./ phi_m, min: -0.483473 at y = 0.435168
phi_e, max: 0.000416 at y = 3.341429, phi_e, min: -0.009987 at y = 0.325925
phi_m, max: 0.219247 at y = 3.341429./ phi_m, min: -0.464702 at y = 0.435449
phi_e, max: 0.000348 at y = 3.341429, phi_e, min: -0.002374 at y = 0.344286


phi_m, max: -0.000000 at y = 4.850000./ phi_m, min: -0.000991 at y = 4.844832
phi_e, max: 0.000601 at y = 5.088571, phi_e, min: 0.000601 at y = 4.840000
phi_m, max: -0.000000 at y = 4.850000./ phi_m, min: -0.000999 at y = 4.844832
phi_e, max: 0.000237 at y = 5.088571, phi_e, min: 0.000237 at y = 4.887583
phi_m, max: -0.000000 at y = 4.850000./ phi_m, min: -0.000991 at y = 4.844832
phi_e, max: 0.000193 at y = 5.088571, phi_e, min: 0.000193 at y = 4.909300
phi_m, max: -0.000000 at y = 4.850000./ phi_m, min: -0.000982 at y = 5.055168
phi_e, max: 0.000135 at y = 4.840000, phi_e, min: 0.000133 at y = 5.088571
phi_m, max: -0.000000 at y = 4.850000./ phi_m, min: -0.000974 at y = 5.055168
phi_e, max: -0.000663 at y = 4.840000, phi_e, min: -0.000767 at y = 5.088571
phi_m, max: -0.000000 at y = 4.850000./ phi_m, min: -0.000964 at y = 5.054832
phi_e, max: -0.006358 at y = 5.088571, phi_e, min: -0.007573 at y = 4.840000
phi_m, max: 0.002022 at y = 4.840000./ phi_m, min: -0.000736 at y = 5.060000
phi_e, max: 0.056235 at y = 5.088571, phi_e, min: 0.055634 at y = 4.840000
phi_m, max: 0.270915 at y = 4.840000./ phi_m, min: 0.000000 at y = 4.850000
phi_e, max: -0.016554 at y = 5.088571, phi_e, min: -0.016813 at y = 4.840000
phi_m, max: 30.962400 at y = 4.840000./ phi_m, min: 0.000000 at y = 4.850000
phi_e, max: 0.140288 at y = 4.841787, phi_e, min: 0.115228 at y = 5.088571
phi_m, max: 114.184959 at y = 4.845587./ phi_m, min: 0.000000 at y = 4.850000
phi_e, max: 0.111048 at y = 4.962129, phi_e, min: 0.093173 at y = 4.840587
phi_m, max: 107.559663 at y = 5.056426./ phi_m, min: 0.000000 at y = 4.850000
phi_e, max: 0.091703 at y = 4.981058, phi_e, min: 0.074102 at y = 4.840587
phi_m, max: 90.281547 at y = 5.056787./ phi_m, min: 0.000000 at y = 4.850000
phi_e, max: 0.077628 at y = 4.983846, phi_e, min: 0.062953 at y = 4.841787
phi_m, max: 70.171891 at y = 5.057458./ phi_m, min: 0.000000 at y = 4.850000
phi_e, max: 0.063650 at y = 5.088571, phi_e, min: 0.051521 at y = 4.840587
phi_m, max: 50.683885 at y = 5.058213./ phi_m, min: 0.000000 at y = 4.850000
phi_e, max: 0.047760 at y = 5.088571, phi_e, min: 0.038657 at y = 4.840587


phi_m, max: -0.000000 at y = 5.480000./ phi_m, min: -0.000991 at y = 5.685168
phi_e, max: 0.000605 at y = 5.690000, phi_e, min: 0.000603 at y = 5.470000
phi_m, max: -0.000000 at y = 5.480000./ phi_m, min: -0.000999 at y = 5.685168
phi_e, max: 0.000239 at y = 5.690000, phi_e, min: 0.000238 at y = 5.470000
phi_m, max: -0.000000 at y = 5.480000./ phi_m, min: -0.000992 at y = 5.685168
phi_e, max: 0.000194 at y = 5.690000, phi_e, min: 0.000194 at y = 5.470000
phi_m, max: -0.000000 at y = 5.480000./ phi_m, min: -0.000983 at y = 5.685168
phi_e, max: 0.000132 at y = 5.470000, phi_e, min: 0.000131 at y = 5.690000
phi_m, max: -0.000000 at y = 5.480000./ phi_m, min: -0.000973 at y = 5.685168
phi_e, max: -0.000930 at y = 5.470000, phi_e, min: -0.001023 at y = 5.690000
phi_m, max: -0.000000 at y = 5.480000./ phi_m, min: -0.000976 at y = 5.684084
phi_e, max: -0.003385 at y = 5.690000, phi_e, min: -0.004472 at y = 5.470000
phi_m, max: -0.000000 at y = 5.480000./ phi_m, min: -0.000966 at y = 5.684551
phi_e, max: 0.057710 at y = 5.690000, phi_e, min: 0.057171 at y = 5.470000
phi_m, max: -0.000000 at y = 5.480000./ phi_m, min: -0.000886 at y = 5.687458
phi_e, max: -0.015395 at y = 5.690000, phi_e, min: -0.015832 at y = 5.470000
phi_m, max: 0.046345 at y = 5.480000./ phi_m, min: 0.000000 at y = 5.480000
phi_e, max: 0.111942 at y = 5.690000, phi_e, min: 0.111592 at y = 5.470000
phi_m, max: 3.500820 at y = 5.480000./ phi_m, min: 0.000000 at y = 5.480000
phi_e, max: 0.229471 at y = 5.686787, phi_e, min: 0.227831 at y = 5.470000
phi_m, max: 110.880028 at y = 5.480000./ phi_m, min: 0.000000 at y = 5.480000
phi_e, max: 0.058351 at y = 5.470000, phi_e, min: 0.009151 at y = 5.684413
phi_m, max: 110.745552 at y = 5.686426./ phi_m, min: 0.000000 at y = 5.480000
phi_e, max: 0.060216 at y = 5.470000, phi_e, min: 0.029961 at y = 5.688213
phi_m, max: 94.847180 at y = 5.686787./ phi_m, min: 0.000000 at y = 5.480000
phi_e, max: 0.053067 at y = 5.470000, phi_e, min: 0.029764 at y = 5.688213
phi_m, max: 75.073626 at y = 5.687458./ phi_m, min: 0.000000 at y = 5.480000
phi_e, max: 0.040046 at y = 5.470000, phi_e, min: 0.022283 at y = 5.688213


phi_m, max: 107.904278 at y = 0.440000./ phi_m, min: 0.000000 at y = 0.430000
phi_e, max: -0.496333 at y = 0.888571, phi_e, min: -0.575072 at y = 0.440000
phi_m, max: 111.649168 at y = 0.646259./ phi_m, min: 0.000000 at y = 0.430000
phi_e, max: -0.148978 at y = 0.553086, phi_e, min: -0.156066 at y = 0.858825
phi_m, max: 96.272599 at y = 0.646787./ phi_m, min: 0.000000 at y = 0.430000
phi_e, max: -0.060714 at y = 0.550636, phi_e, min: -0.065168 at y = 0.858825
phi_m, max: 76.648437 at y = 0.647458./ phi_m, min: 0.000000 at y = 0.430000
phi_e, max: 0.016624 at y = 0.547724, phi_e, min: 0.011942 at y = 0.858825
phi_m, max: 56.592368 at y = 0.648213./ phi_m, min: 0.000000 at y = 0.430000
phi_e, max: 0.056988 at y = 0.545274, phi_e, min: 0.052845 at y = 0.858825
phi_m, max: 38.785848 at y = 0.648376./ phi_m, min: 0.000000 at y = 0.430000
phi_e, max: -0.010025 at y = 0.888571, phi_e, min: -0.024626 at y = 0.440000
phi_m, max: 18.307628 at y = 0.650000./ phi_m, min: 0.000000 at y = 0.430000
phi_e, max: -0.096923 at y = 0.888571, phi_e, min: -0.126927 at y = 0.430000
phi_m, max: 2.879439 at y = 0.650000./ phi_m, min: 0.000000 at y = 0.430000
phi_e, max: -0.103701 at y = 0.888571, phi_e, min: -0.135956 at y = 0.430000
phi_m, max: 0.043682 at y = 0.650000./ phi_m, min: -0.174565 at y = 0.440000
phi_e, max: -0.102698 at y = 0.888571, phi_e, min: -0.129146 at y = 0.430000
phi_m, max: -0.000000 at y = 0.430000./ phi_m, min: -0.366204 at y = 0.440000
phi_e, max: -0.086582 at y = 0.888571, phi_e, min: -0.106210 at y = 0.430000
phi_m, max: -0.000000 at y = 0.430000./ phi_m, min: -0.440043 at y = 0.440000
phi_e, max: -0.065128 at y = 0.888571, phi_e, min: -0.078681 at y = 0.430000
phi_m, max: -0.000000 at y = 0.430000./ phi_m, min: -0.476751 at y = 0.644413
phi_e, max: -0.035894 at y = 0.888571, phi_e, min: -0.042665 at y = 0.430000
phi_m, max: -0.000000 at y = 0.430000./ phi_m, min: -0.486835 at y = 0.644832
phi_e, max: -0.008679 at y = 0.888571, phi_e, min: -0.009835 at y = 0.430000
phi_m, max: -0.000000 at y = 0.430000./ phi_m, min: -0.474221 at y = 0.645449
phi_e, max: -0.002309 at y = 0.858825, phi_e, min: -0.002344 at y = 0.527871


phi_m, max: -0.000000 at y = 2.740000./ phi_m, min: -0.001568 at y = 2.835714
phi_e, max: -0.091351 at y = 2.835714, phi_e, min: -0.141050 at y = 2.597143
phi_m, max: -0.000000 at y = 2.740000./ phi_m, min: -0.001150 at y = 2.835714
phi_e, max: -0.036170 at y = 2.835714, phi_e, min: -0.055848 at y = 2.597143
phi_m, max: 0.009560 at y = 2.597143./ phi_m, min: 0.000000 at y = 2.740000
phi_e, max: -0.029493 at y = 2.835714, phi_e, min: -0.045540 at y = 2.597143
phi_m, max: 1.427145 at y = 2.597143./ phi_m, min: 0.000000 at y = 2.740000
phi_e, max: -0.022259 at y = 2.835714, phi_e, min: -0.034405 at y = 2.597143
phi_m, max: 81.429102 at y = 2.597143./ phi_m, min: 0.000000 at y = 2.740000
phi_e, max: -0.015138 at y = 2.746787, phi_e, min: -0.027398 at y = 2.597143
phi_m, max: 113.033986 at y = 2.745916./ phi_m, min: 0.000000 at y = 2.740000
phi_e, max: -0.003440 at y = 2.835714, phi_e, min: -0.012646 at y = 2.743213
phi_m, max: 98.667438 at y = 2.746787./ phi_m, min: 0.000000 at y = 2.740000
phi_e, max: -0.020164 at y = 2.835714, phi_e, min: -0.031007 at y = 2.743213
phi_m, max: 79.349945 at y = 2.747458./ phi_m, min: 0.000000 at y = 2.740000
phi_e, max: -0.018373 at y = 2.835714, phi_e, min: -0.028297 at y = 2.597143
phi_m, max: 59.158339 at y = 2.747458./ phi_m, min: 0.000000 at y = 2.740000
phi_e, max: -0.015673 at y = 2.835714, phi_e, min: -0.024421 at y = 2.597143
phi_m, max: 41.072277 at y = 2.748376./ phi_m, min: 0.000000 at y = 2.740000
phi_e, max: -0.012048 at y = 2.835714, phi_e, min: -0.018873 at y = 2.597143
phi_m, max: 22.926008 at y = 2.835714./ phi_m, min: 0.000000 at y = 2.740000
phi_e, max: -0.008562 at y = 2.835714, phi_e, min: -0.014308 at y = 2.597143
phi_m, max: 4.884420 at y = 2.835714./ phi_m, min: 0.000000 at y = 2.740000
phi_e, max: -0.006853 at y = 2.835714, phi_e, min: -0.010522 at y = 2.597143
phi_m, max: 0.306766 at y = 2.835714./ phi_m, min: -0.082166 at y = 2.597143
phi_e, max: -0.003728 at y = 2.835714, phi_e, min: -0.004315 at y = 2.597143
phi_m, max: -0.000000 at y = 2.740000./ phi_m, min: -0.333390 at y = 2.597143
phi_e, max: -0.002115 at y = 2.741787, phi_e, min: -0.002150 at y = 2.835714


phi_m, max: -0.000000 at y = 3.580000./ phi_m, min: -0.003667 at y = 3.551429
phi_e, max: 0.000596 at y = 3.790000, phi_e, min: 0.000594 at y = 3.551429
phi_m, max: -0.000000 at y = 3.580000./ phi_m, min: -0.001977 at y = 3.551429
phi_e, max: 0.000236 at y = 3.790000, phi_e, min: 0.000235 at y = 3.551429
phi_m, max: -0.000000 at y = 3.580000./ phi_m, min: -0.001778 at y = 3.551429
phi_e, max: 0.000192 at y = 3.790000, phi_e, min: 0.000191 at y = 3.551429
phi_m, max: -0.000000 at y = 3.580000./ phi_m, min: -0.001178 at y = 3.551429
phi_e, max: 0.000142 at y = 3.551429, phi_e, min: 0.000140 at y = 3.790000
phi_m, max: 0.027527 at y = 3.551429./ phi_m, min: 0.000000 at y = 3.580000
phi_e, max: -0.000099 at y = 3.551429, phi_e, min: -0.000216 at y = 3.790000
phi_m, max: 3.703708 at y = 3.551429./ phi_m, min: 0.000000 at y = 3.580000
phi_e, max: -0.011257 at y = 3.583213, phi_e, min: -0.012634 at y = 3.732857
phi_m, max: 110.672376 at y = 3.581787./ phi_m, min: 0.000000 at y = 3.580000
phi_e, max: 0.070238 at y = 3.789606, phi_e, min: 0.021370 at y = 3.583213
phi_m, max: 109.005798 at y = 3.586426./ phi_m, min: 0.000000 at y = 3.580000
phi_e, max: 0.040885 at y = 3.761429, phi_e, min: 0.018942 at y = 3.581787
phi_m, max: 93.464042 at y = 3.761429./ phi_m, min: 0.000000 at y = 3.580000
phi_e, max: 0.033698 at y = 3.761429, phi_e, min: 0.015373 at y = 3.581787
phi_m, max: 74.702919 at y = 3.761429./ phi_m, min: 0.000000 at y = 3.580000
phi_e, max: 0.025709 at y = 3.761429, phi_e, min: 0.011516 at y = 3.581787
phi_m, max: 55.357810 at y = 3.761429./ phi_m, min: 0.000000 at y = 3.580000
phi_e, max: 0.018427 at y = 3.761429, phi_e, min: 0.008218 at y = 3.581787
phi_m, max: 38.039950 at y = 3.761429./ phi_m, min: 0.000000 at y = 3.580000
phi_e, max: 0.014848 at y = 3.761429, phi_e, min: 0.006663 at y = 3.581787
phi_m, max: 18.296012 at y = 3.761429./ phi_m, min: 0.000000 at y = 3.580000
phi_e, max: 0.008130 at y = 3.790000, phi_e, min: 0.003578 at y = 3.551429
phi_m, max: 2.913077 at y = 3.761429./ phi_m, min: 0.000000 at y = 3.580000
phi_e, max: 0.005520 at y = 3.790000, phi_e, min: 0.002808 at y = 3.551429


phi_m, max: -0.000000 at y = 2.110000./ phi_m, min: -0.001581 at y = 2.056213
phi_e, max: -0.228565 at y = 2.177143, phi_e, min: -0.277169 at y = 1.938571
phi_m, max: 0.043783 at y = 1.938571./ phi_m, min: 0.000000 at y = 2.110000
phi_e, max: -0.090501 at y = 2.177143, phi_e, min: -0.109749 at y = 1.938571
phi_m, max: 3.670721 at y = 1.938571./ phi_m, min: 0.000000 at y = 2.110000
phi_e, max: -0.073853 at y = 2.177143, phi_e, min: -0.089857 at y = 1.938571
phi_m, max: 107.667042 at y = 1.938571./ phi_m, min: 0.000000 at y = 2.110000
phi_e, max: -0.046575 at y = 1.973705, phi_e, min: -0.071315 at y = 2.114413
phi_m, max: 110.378490 at y = 2.116426./ phi_m, min: 0.000000 at y = 2.110000
phi_e, max: 0.002865 at y = 1.983346, phi_e, min: -0.008404 at y = 2.116787
phi_m, max: 94.288485 at y = 2.116787./ phi_m, min: 0.000000 at y = 2.110000
phi_e, max: -0.012766 at y = 2.177143, phi_e, min: -0.018772 at y = 2.114413
phi_m, max: 74.462632 at y = 2.117458./ phi_m, min: 0.000000 at y = 2.110000
phi_e, max: -0.049669 at y = 2.177143, phi_e, min: -0.060125 at y = 1.938571
phi_m, max: 54.563027 at y = 2.118213./ phi_m, min: 0.000000 at y = 2.110000
phi_e, max: -0.046756 at y = 2.177143, phi_e, min: -0.057213 at y = 1.938571
phi_m, max: 36.905556 at y = 2.118825./ phi_m, min: 0.000000 at y = 2.110000
phi_e, max: -0.040779 at y = 2.177143, phi_e, min: -0.050072 at y = 1.938571
phi_m, max: 16.947948 at y = 2.177143./ phi_m, min: 0.000000 at y = 2.110000
phi_e, max: -0.032092 at y = 2.177143, phi_e, min: -0.041277 at y = 1.938571
phi_m, max: 2.643087 at y = 2.177143./ phi_m, min: 0.000000 at y = 2.110000
phi_e, max: -0.026858 at y = 2.177143, phi_e, min: -0.033943 at y = 1.938571
phi_m, max: 0.025674 at y = 2.177143./ phi_m, min: -0.198223 at y = 1.938571
phi_e, max: -0.016859 at y = 2.177143, phi_e, min: -0.020305 at y = 1.938571
phi_m, max: -0.000000 at y = 2.110000./ phi_m, min: -0.368866 at y = 1.938571
phi_e, max: -0.005323 at y = 2.177143, phi_e, min: -0.005889 at y = 1.938571
phi_m, max: -0.000000 at y = 2.110000./ phi_m, min: -0.440836 at y = 2.113213
phi_e, max: -0.002065 at y = 2.114413, phi_e, min: -0.002097 at y = 2.004726


phi_m, max: -0.000000 at y = 3.971429./ phi_m, min: -0.001031 at y = 3.885714
phi_e, max: 0.000598 at y = 4.210000, phi_e, min: 0.000597 at y = 3.885714
phi_m, max: -0.000000 at y = 3.971429./ phi_m, min: -0.000991 at y = 4.000000
phi_e, max: 0.000237 at y = 4.210000, phi_e, min: 0.000236 at y = 3.885714
phi_m, max: -0.000000 at y = 3.971429./ phi_m, min: -0.000981 at y = 4.000000
phi_e, max: 0.000193 at y = 4.210000, phi_e, min: 0.000192 at y = 3.885714
phi_m, max: -0.000000 at y = 3.971429./ phi_m, min: -0.000961 at y = 4.000000
phi_e, max: 0.000140 at y = 3.885714, phi_e, min: 0.000139 at y = 4.210000
phi_m, max: 0.000139 at y = 3.885714./ phi_m, min: -0.000869 at y = 4.210000
phi_e, max: -0.000259 at y = 3.885714, phi_e, min: -0.000396 at y = 4.210000
phi_m, max: 0.130099 at y = 3.885714./ phi_m, min: 0.000000 at y = 3.971429
phi_e, max: -0.010654 at y = 4.210000, phi_e, min: -0.012187 at y = 3.885714
phi_m, max: 11.090140 at y = 3.885714./ phi_m, min: 0.000000 at y = 3.971429
phi_e, max: 0.056605 at y = 3.885714, phi_e, min: 0.053916 at y = 3.961218
phi_m, max: 112.558504 at y = 4.000000./ phi_m, min: 0.000000 at y = 3.971429
phi_e, max: 0.036470 at y = 3.885714, phi_e, min: -0.011133 at y = 4.010000
phi_m, max: 108.715862 at y = 4.210000./ phi_m, min: 0.000000 at y = 3.971429
phi_e, max: 0.037648 at y = 3.885714, phi_e, min: 0.018714 at y = 4.010000
phi_m, max: 93.089785 at y = 4.210000./ phi_m, min: 0.000000 at y = 3.971429
phi_e, max: 0.028662 at y = 3.885714, phi_e, min: 0.013112 at y = 4.010000
phi_m, max: 73.616197 at y = 4.210000./ phi_m, min: 0.000000 at y = 3.971429
phi_e, max: 0.020455 at y = 3.885714, phi_e, min: 0.008643 at y = 4.010000
phi_m, max: 54.001959 at y = 4.210000./ phi_m, min: 0.000000 at y = 3.971429
phi_e, max: 0.016940 at y = 3.885714, phi_e, min: 0.009275 at y = 4.010000
phi_m, max: 36.516377 at y = 4.210000./ phi_m, min: 0.000000 at y = 3.971429
phi_e, max: 0.009746 at y = 3.885714, phi_e, min: 0.005386 at y = 4.010000
phi_m, max: 15.523747 at y = 4.210000./ phi_m, min: 0.000000 at y = 3.971429
phi_e, max: 0.010643 at y = 4.210000, phi_e, min: 0.006422 at y = 3.885714


phi_m, max: -0.000000 at y = 3.370000./ phi_m, min: -0.018119 at y = 3.341429
phi_e, max: 0.000611 at y = 3.341429, phi_e, min: 0.000000 at y = 3.312857
phi_m, max: -0.000000 at y = 3.370000./ phi_m, min: -0.007600 at y = 3.341429
phi_e, max: 0.000242 at y = 3.341429, phi_e, min: 0.000000 at y = 3.312857
phi_m, max: -0.000000 at y = 3.370000./ phi_m, min: -0.006347 at y = 3.341429
phi_e, max: 0.000197 at y = 3.341429, phi_e, min: 0.000000 at y = 3.312857
phi_m, max: -0.000000 at y = 3.370000./ phi_m, min: -0.002426 at y = 3.341429
phi_e, max: 0.000149 at y = 3.341429, phi_e, min: 0.000000 at y = 3.312857
phi_m, max: 0.187703 at y = 3.341429./ phi_m, min: 0.000000 at y = 3.370000
phi_e, max: 0.000093 at y = 3.341429, phi_e, min: -0.000099 at y = 3.551429
phi_m, max: 25.019374 at y = 3.341429./ phi_m, min: 0.000000 at y = 3.370000
phi_e, max: 0.001331 at y = 3.371787, phi_e, min: -0.011529 at y = 3.545110
phi_m, max: 114.814570 at y = 3.375449./ phi_m, min: 0.000000 at y = 3.370000
phi_e, max: 0.024272 at y = 3.551429, phi_e, min: -0.000889 at y = 3.371787
phi_m, max: 102.779806 at y = 3.376787./ phi_m, min: 0.000000 at y = 3.370000
phi_e, max: 0.020121 at y = 3.551429, phi_e, min: -0.000663 at y = 3.371787
phi_m, max: 85.981751 at y = 3.551429./ phi_m, min: 0.000000 at y = 3.370000
phi_e, max: 0.016352 at y = 3.551429, phi_e, min: -0.000527 at y = 3.371787
phi_m, max: 66.588126 at y = 3.551429./ phi_m, min: 0.000000 at y = 3.370000
phi_e, max: 0.012270 at y = 3.551429, phi_e, min: -0.000388 at y = 3.371787
phi_m, max: 47.930545 at y = 3.551429./ phi_m, min: 0.000000 at y = 3.370000
phi_e, max: 0.008746 at y = 3.551429, phi_e, min: -0.000257 at y = 3.371787
phi_m, max: 30.744731 at y = 3.551429./ phi_m, min: 0.000000 at y = 3.370000
phi_e, max: 0.006867 at y = 3.551429, phi_e, min: 0.000000 at y = 3.312857
phi_m, max: 9.777364 at y = 3.551429./ phi_m, min: 0.000000 at y = 3.370000
phi_e, max: 0.003586 at y = 3.551429, phi_e, min: 0.000000 at y = 3.312857
phi_m, max: 1.007025 at y = 3.551429./ phi_m, min: 0.000000 at y = 3.370000
phi_e, max: 0.002809 at y = 3.551429, phi_e, min: 0.000000 at y = 3.312857


phi_m, max: -0.000000 at y = 2.950000./ phi_m, min: -0.004183 at y = 3.045714
phi_e, max: -0.047576 at y = 3.045714, phi_e, min: -0.097399 at y = 2.807143
phi_m, max: -0.000000 at y = 2.950000./ phi_m, min: -0.002155 at y = 3.045714
phi_e, max: -0.018838 at y = 3.045714, phi_e, min: -0.038565 at y = 2.807143
phi_m, max: 0.000513 at y = 2.807143./ phi_m, min: -0.001718 at y = 3.045714
phi_e, max: -0.015360 at y = 3.045714, phi_e, min: -0.031446 at y = 2.807143
phi_m, max: 0.213340 at y = 2.807143./ phi_m, min: 0.000000 at y = 2.950000
phi_e, max: -0.011590 at y = 3.045714, phi_e, min: -0.023725 at y = 2.807143
phi_m, max: 15.619118 at y = 2.807143./ phi_m, min: 0.000000 at y = 2.950000
phi_e, max: -0.008325 at y = 3.045714, phi_e, min: -0.017169 at y = 2.807143
phi_m, max: 114.976671 at y = 2.954413./ phi_m, min: 0.000000 at y = 2.950000
phi_e, max: -0.002019 at y = 3.045714, phi_e, min: -0.015303 at y = 2.956787
phi_m, max: 105.534049 at y = 2.956426./ phi_m, min: 0.000000 at y = 2.950000
phi_e, max: -0.008682 at y = 3.045714, phi_e, min: -0.022586 at y = 2.807143
phi_m, max: 87.622388 at y = 2.957458./ phi_m, min: 0.000000 at y = 2.950000
phi_e, max: -0.007930 at y = 3.045714, phi_e, min: -0.020474 at y = 2.807143
phi_m, max: 67.399509 at y = 2.957458./ phi_m, min: 0.000000 at y = 2.950000
phi_e, max: -0.006793 at y = 3.045714, phi_e, min: -0.017380 at y = 2.807143
phi_m, max: 48.240074 at y = 2.958213./ phi_m, min: 0.000000 at y = 2.950000
phi_e, max: -0.005239 at y = 3.045714, phi_e, min: -0.013319 at y = 2.807143
phi_m, max: 31.133394 at y = 3.045714./ phi_m, min: 0.000000 at y = 2.950000
phi_e, max: -0.003642 at y = 3.045714, phi_e, min: -0.009424 at y = 2.807143
phi_m, max: 10.685320 at y = 3.045714./ phi_m, min: 0.000000 at y = 2.950000
phi_e, max: -0.003522 at y = 3.045714, phi_e, min: -0.007282 at y = 2.807143
phi_m, max: 1.210507 at y = 3.045714./ phi_m, min: 0.000000 at y = 2.950000
phi_e, max: -0.003156 at y = 3.045714, phi_e, min: -0.003794 at y = 2.807143
phi_m, max: -0.000000 at y = 2.950000./ phi_m, min: -0.270067 at y = 2.807143
phi_e, max: -0.002140 at y = 2.951787, phi_e, min: -0.002176 at y = 3.042358


phi_m, max: 0.973053 at y = 1.070000./ phi_m, min: 0.000000 at y = 1.270000
phi_e, max: -0.407129 at y = 1.308571, phi_e, min: -0.456700 at y = 1.070000
phi_m, max: 91.596419 at y = 1.070000./ phi_m, min: 0.000000 at y = 1.270000
phi_e, max: -0.163966 at y = 1.308571, phi_e, min: -0.200837 at y = 1.070000
phi_m, max: 113.965382 at y = 1.275587./ phi_m, min: 0.000000 at y = 1.270000
phi_e, max: -0.077806 at y = 1.120581, phi_e, min: -0.093273 at y = 1.276787
phi_m, max: 100.535214 at y = 1.276787./ phi_m, min: 0.000000 at y = 1.270000
phi_e, max: 0.000138 at y = 1.115344, phi_e, min: -0.013579 at y = 1.276787
phi_m, max: 81.512760 at y = 1.277458./ phi_m, min: 0.000000 at y = 1.270000
phi_e, max: 0.042879 at y = 1.110939, phi_e, min: 0.031267 at y = 1.276787
phi_m, max: 61.257276 at y = 1.277458./ phi_m, min: 0.000000 at y = 1.270000
phi_e, max: -0.009093 at y = 1.164726, phi_e, min: -0.013069 at y = 1.274413
phi_m, max: 42.907495 at y = 1.278213./ phi_m, min: 0.000000 at y = 1.270000
phi_e, max: -0.080367 at y = 1.308571, phi_e, min: -0.091023 at y = 1.070000
phi_m, max: 24.143631 at y = 1.308571./ phi_m, min: 0.000000 at y = 1.270000
phi_e, max: -0.080318 at y = 1.308571, phi_e, min: -0.092615 at y = 1.070000
phi_m, max: 5.256574 at y = 1.308571./ phi_m, min: 0.000000 at y = 1.270000
phi_e, max: -0.078011 at y = 1.308571, phi_e, min: -0.091909 at y = 1.070000
phi_m, max: 0.349105 at y = 1.308571./ phi_m, min: -0.073766 at y = 1.070000
phi_e, max: -0.068366 at y = 1.308571, phi_e, min: -0.078639 at y = 1.070000
phi_m, max: -0.000000 at y = 1.270000./ phi_m, min: -0.342494 at y = 1.070000
phi_e, max: -0.052571 at y = 1.308571, phi_e, min: -0.059631 at y = 1.070000
phi_m, max: -0.000000 at y = 1.270000./ phi_m, min: -0.430027 at y = 1.070000
phi_e, max: -0.029571 at y = 1.308571, phi_e, min: -0.033111 at y = 1.070000
phi_m, max: -0.000000 at y = 1.270000./ phi_m, min: -0.470171 at y = 1.274084
phi_e, max: -0.007518 at y = 1.308571, phi_e, min: -0.008150 at y = 1.070000
phi_m, max: -0.000000 at y = 1.270000./ phi_m, min: -0.486869 at y = 1.274832
phi_e, max: -0.002180 at y = 1.275587, phi_e, min: -0.002245 at y = 1.118131


phi_m, max: 6.645479 at y = 0.860000./ phi_m, min: 0.000000 at y = 0.888571
phi_e, max: -0.445343 at y = 1.123787, phi_e, min: -0.502255 at y = 0.860000
phi_m, max: 112.244197 at y = 0.860000./ phi_m, min: 0.000000 at y = 0.888571
phi_e, max: -0.154491 at y = 0.889771, phi_e, min: -0.201193 at y = 1.068213
phi_m, max: 109.533109 at y = 1.066426./ phi_m, min: 0.000000 at y = 0.888571
phi_e, max: -0.063290 at y = 0.908131, phi_e, min: -0.080305 at y = 1.068213
phi_m, max: 93.039491 at y = 1.066787./ phi_m, min: 0.000000 at y = 0.888571
phi_e, max: 0.013266 at y = 0.904775, phi_e, min: -0.001680 at y = 1.068213
phi_m, max: 73.108313 at y = 1.067458./ phi_m, min: 0.000000 at y = 0.888571
phi_e, max: 0.053722 at y = 0.900370, phi_e, min: 0.041644 at y = 1.068213
phi_m, max: 53.324232 at y = 1.068213./ phi_m, min: 0.000000 at y = 0.888571
phi_e, max: -0.008518 at y = 0.958082, phi_e, min: -0.012416 at y = 1.065587
phi_m, max: 35.725992 at y = 1.068825./ phi_m, min: 0.000000 at y = 0.888571
phi_e, max: -0.087013 at y = 1.123787, phi_e, min: -0.099071 at y = 0.860000
phi_m, max: 14.366305 at y = 1.070000./ phi_m, min: 0.000000 at y = 0.888571
phi_e, max: -0.089004 at y = 1.123787, phi_e, min: -0.105614 at y = 0.860000
phi_m, max: 1.887528 at y = 1.070000./ phi_m, min: 0.000000 at y = 0.888571
phi_e, max: -0.088757 at y = 1.123787, phi_e, min: -0.104288 at y = 0.860000
phi_m, max: -0.000000 at y = 0.888571./ phi_m, min: -0.234497 at y = 0.860000
phi_e, max: -0.076289 at y = 1.123787, phi_e, min: -0.087762 at y = 0.860000
phi_m, max: -0.000000 at y = 0.888571./ phi_m, min: -0.387117 at y = 0.860000
phi_e, max: -0.058014 at y = 1.123787, phi_e, min: -0.065941 at y = 0.860000
phi_m, max: -0.000000 at y = 0.888571./ phi_m, min: -0.450243 at y = 0.860000
phi_e, max: -0.032310 at y = 1.123787, phi_e, min: -0.036298 at y = 0.860000
phi_m, max: -0.000000 at y = 0.888571./ phi_m, min: -0.480730 at y = 1.064490
phi_e, max: -0.008020 at y = 1.123787, phi_e, min: -0.008744 at y = 0.860000
phi_m, max: -0.000000 at y = 0.888571./ phi_m, min: -0.486008 at y = 1.065168
phi_e, max: -0.002235 at y = 1.066787, phi_e, min: -0.002316 at y = 0.904775


phi_m, max: -0.000000 at y = 5.690000./ phi_m, min: -0.000992 at y = 5.895168
phi_e, max: 0.000606 at y = 5.928571, phi_e, min: 0.000605 at y = 5.685587
phi_m, max: -0.000000 at y = 5.690000./ phi_m, min: -0.001000 at y = 5.895168
phi_e, max: 0.000239 at y = 5.928571, phi_e, min: 0.000239 at y = 5.685587
phi_m, max: -0.000000 at y = 5.690000./ phi_m, min: -0.000993 at y = 5.895168
phi_e, max: 0.000195 at y = 5.928571, phi_e, min: 0.000194 at y = 5.685587
phi_m, max: -0.000000 at y = 5.690000./ phi_m, min: -0.000984 at y = 5.895168
phi_e, max: 0.000131 at y = 5.685587, phi_e, min: 0.000130 at y = 5.928571
phi_m, max: -0.000000 at y = 5.690000./ phi_m, min: -0.000974 at y = 5.894832
phi_e, max: -0.001021 at y = 5.685587, phi_e, min: -0.001124 at y = 5.928571
phi_m, max: -0.000000 at y = 5.690000./ phi_m, min: -0.000979 at y = 5.895916
phi_e, max: -0.002212 at y = 5.928571, phi_e, min: -0.003408 at y = 5.685587
phi_m, max: -0.000000 at y = 5.690000./ phi_m, min: -0.000970 at y = 5.895587
phi_e, max: 0.058293 at y = 5.928571, phi_e, min: 0.057699 at y = 5.685587
phi_m, max: -0.000000 at y = 5.690000./ phi_m, min: -0.000952 at y = 5.895916
phi_e, max: -0.014923 at y = 5.928571, phi_e, min: -0.015404 at y = 5.685587
phi_m, max: 0.006201 at y = 5.690000./ phi_m, min: 0.000000 at y = 5.690000
phi_e, max: 0.112307 at y = 5.928571, phi_e, min: 0.111935 at y = 5.685587
phi_m, max: 0.521389 at y = 5.690000./ phi_m, min: 0.000000 at y = 5.690000
phi_e, max: 0.229830 at y = 5.928571, phi_e, min: 0.229426 at y = 5.685587
phi_m, max: 71.603509 at y = 5.690000./ phi_m, min: 0.000000 at y = 5.690000
phi_e, max: 0.028103 at y = 5.896787, phi_e, min: 0.009652 at y = 5.690000
phi_m, max: 114.624710 at y = 5.895587./ phi_m, min: 0.000000 at y = 5.690000
phi_e, max: 0.031189 at y = 5.685587, phi_e, min: -0.001349 at y = 5.928571
phi_m, max: 102.163804 at y = 5.896787./ phi_m, min: 0.000000 at y = 5.690000
phi_e, max: 0.030764 at y = 5.685587, phi_e, min: 0.006196 at y = 5.898213
phi_m, max: 83.444306 at y = 5.897458./ phi_m, min: 0.000000 at y = 5.690000
phi_e, max: 0.023058 at y = 5.685587, phi_e, min: 0.003608 at y = 5.898213


 (0.0084191s, XML)
Steps: 15000000 Time: 1.5         
phi_m, max: -0.000000 at y = 4.210000./ phi_m, min: -0.000996 at y = 4.214832
phi_e, max: 0.000599 at y = 4.430000, phi_e, min: 0.000598 at y = 4.181429
phi_m, max: -0.000000 at y = 4.210000./ phi_m, min: -0.001001 at y = 4.214832
phi_e, max: 0.000237 at y = 4.426426, phi_e, min: 0.000237 at y = 4.181429
phi_m, max: -0.000000 at y = 4.210000./ phi_m, min: -0.000993 at y = 4.214832
phi_e, max: 0.000193 at y = 4.426426, phi_e, min: 0.000193 at y = 4.302358
phi_m, max: -0.000000 at y = 4.210000./ phi_m, min: -0.000983 at y = 4.214832
phi_e, max: 0.000139 at y = 4.181429, phi_e, min: 0.000137 at y = 4.430000
phi_m, max: -0.000000 at y = 4.210000./ phi_m, min: -0.000935 at y = 4.420000
phi_e, max: -0.000383 at y = 4.181429, phi_e, min: -0.000487 at y = 4.430000
phi_m, max: 0.008730 at y = 4.210000./ phi_m, min: 0.000000 at y = 4.210000
phi_e, max: -0.009599 at y = 4.430000, phi_e, min: -0.010799 at y = 4.181429
phi_m, max: 0.847738 at y = 4.210000./ phi_m, min: 0.000000 at y = 4.210000
phi_e, max: 0.054902 at y = 4.213213, phi_e, min: 0.054619 at y = 4.337935
phi_m, max: 65.699399 at y = 4.210000./ phi_m, min: 0.000000 at y = 4.210000
phi_e, max: -0.005380 at y = 4.421175, phi_e, min: -0.010639 at y = 4.210587
phi_m, max: 112.411466 at y = 4.420000./ phi_m, min: 0.000000 at y = 4.210000
phi_e, max: 0.050472 at y = 4.430000, phi_e, min: 0.021238 at y = 4.210587
phi_m, max: 100.293458 at y = 4.420000./ phi_m, min: 0.000000 at y = 4.210000
phi_e, max: 0.040114 at y = 4.430000, phi_e, min: 0.015364 at y = 4.210587
phi_m, max: 81.871038 at y = 4.420000./ phi_m, min: 0.000000 at y = 4.210000
phi_e, max: 0.030140 at y = 4.430000, phi_e, min: 0.010539 at y = 4.211787
phi_m, max: 61.914368 at y = 4.420000./ phi_m, min: 0.000000 at y = 4.210000
phi_e, max: 0.027137 at y = 4.430000, phi_e, min: 0.011750 at y = 4.211787
phi_m, max: 43.599510 at y = 4.420000./ phi_m, min: 0.000000 at y = 4.210000
phi_e, max: 0.022060 at y = 4.430000, phi_e, min: 0.008858 at y = 4.181429
phi_m, max: 25.040457 at y = 4.420000./ phi_m, min: 0.000000 at y = 4.210000
phi_e, max: 0.017296 at y = 4.430000, phi_e, min: 0.010214 at y = 4.181429
phi_m, max: 5.401378 at y = 4.420000./ phi_m, min: 0.000000 at y = 4.210000
phi_e, max: 0.010788 at y = 4.430000, phi_e, min: 0.008502 at y = 4.181429


phi_m, max: 0.000407 at y = 1.728571./ phi_m, min: -0.001479 at y = 1.900000
phi_e, max: -0.271485 at y = 1.967143, phi_e, min: -0.320252 at y = 1.728571
phi_m, max: 0.296177 at y = 1.728571./ phi_m, min: 0.000000 at y = 1.900000
phi_e, max: -0.107500 at y = 1.967143, phi_e, min: -0.126849 at y = 1.728571
phi_m, max: 24.819423 at y = 1.728571./ phi_m, min: 0.000000 at y = 1.900000
phi_e, max: -0.088122 at y = 1.967143, phi_e, min: -0.107117 at y = 1.728571
phi_m, max: 115.096900 at y = 1.904832./ phi_m, min: 0.000000 at y = 1.900000
phi_e, max: -0.033424 at y = 1.759300, phi_e, min: -0.051562 at y = 1.908213
phi_m, max: 104.497077 at y = 1.906787./ phi_m, min: 0.000000 at y = 1.900000
phi_e, max: 0.011891 at y = 1.759300, phi_e, min: -0.000907 at y = 1.906787
phi_m, max: 86.309266 at y = 1.907458./ phi_m, min: 0.000000 at y = 1.900000
phi_e, max: -0.012222 at y = 1.789071, phi_e, min: -0.018637 at y = 1.904413
phi_m, max: 66.052685 at y = 1.907458./ phi_m, min: 0.000000 at y = 1.900000
phi_e, max: -0.057865 at y = 1.967143, phi_e, min: -0.066747 at y = 1.728571
phi_m, max: 47.065466 at y = 1.908213./ phi_m, min: 0.000000 at y = 1.900000
phi_e, max: -0.055255 at y = 1.967143, phi_e, min: -0.064706 at y = 1.728571
phi_m, max: 29.380040 at y = 1.963787./ phi_m, min: 0.000000 at y = 1.900000
phi_e, max: -0.048479 at y = 1.967143, phi_e, min: -0.057511 at y = 1.728571
phi_m, max: 8.875788 at y = 1.963787./ phi_m, min: 0.000000 at y = 1.900000
phi_e, max: -0.040112 at y = 1.967143, phi_e, min: -0.050163 at y = 1.728571
phi_m, max: 0.891165 at y = 1.963787./ phi_m, min: 0.000000 at y = 1.900000
phi_e, max: -0.033138 at y = 1.967143, phi_e, min: -0.040156 at y = 1.728571
phi_m, max: -0.000000 at y = 1.900000./ phi_m, min: -0.293903 at y = 1.728571
phi_e, max: -0.019909 at y = 1.967143, phi_e, min: -0.023367 at y = 1.728571
phi_m, max: -0.000000 at y = 1.900000./ phi_m, min: -0.403011 at y = 1.728571
phi_e, max: -0.005828 at y = 1.967143, phi_e, min: -0.006415 at y = 1.728571
phi_m, max: -0.000000 at y = 1.900000./ phi_m, min: -0.461271 at y = 1.903741
phi_e, max: -0.002071 at y = 1.905587, phi_e, min: -0.002116 at y = 1.776703
phi_m, max: -0.000000 at y = 1.900000./ phi_m, min: -0.485419 at y = 1.904832
phi_e, max: -0.001244 at y = 1.728571, phi_e, min: -0.001293 at y = 1.967143


phi_m, max: 0.124254 at y = 1.308571./ phi_m, min: 0.000000 at y = 1.480000
phi_e, max: -0.351628 at y = 1.575714, phi_e, min: -0.412288 at y = 1.283356
phi_m, max: 12.980484 at y = 1.308571./ phi_m, min: 0.000000 at y = 1.480000
phi_e, max: -0.139572 at y = 1.575714, phi_e, min: -0.165800 at y = 1.283356
phi_m, max: 114.141500 at y = 1.483213./ phi_m, min: 0.000000 at y = 1.480000
phi_e, max: -0.089524 at y = 1.328131, phi_e, min: -0.128207 at y = 1.488213
phi_m, max: 107.133480 at y = 1.486426./ phi_m, min: 0.000000 at y = 1.480000
phi_e, max: -0.010100 at y = 1.343705, phi_e, min: -0.024115 at y = 1.488213
phi_m, max: 89.709336 at y = 1.487458./ phi_m, min: 0.000000 at y = 1.480000
phi_e, max: 0.033747 at y = 1.339300, phi_e, min: 0.021412 at y = 1.486787
phi_m, max: 69.570575 at y = 1.487458./ phi_m, min: 0.000000 at y = 1.480000
phi_e, max: -0.008505 at y = 1.378082, phi_e, min: -0.013790 at y = 1.485587
phi_m, max: 50.150316 at y = 1.488213./ phi_m, min: 0.000000 at y = 1.480000
phi_e, max: -0.069629 at y = 1.575714, phi_e, min: -0.082490 at y = 1.283356
phi_m, max: 32.521799 at y = 1.489413./ phi_m, min: 0.000000 at y = 1.480000
phi_e, max: -0.068863 at y = 1.575714, phi_e, min: -0.082133 at y = 1.283356
phi_m, max: 11.389063 at y = 1.518571./ phi_m, min: 0.000000 at y = 1.480000
phi_e, max: -0.063688 at y = 1.575714, phi_e, min: -0.079448 at y = 1.283356
phi_m, max: 1.322465 at y = 1.518571./ phi_m, min: 0.000000 at y = 1.480000
phi_e, max: -0.056798 at y = 1.575714, phi_e, min: -0.069426 at y = 1.283356
phi_m, max: -0.000000 at y = 1.480000./ phi_m, min: -0.260742 at y = 1.308571
phi_e, max: -0.044661 at y = 1.575714, phi_e, min: -0.053298 at y = 1.283356
phi_m, max: -0.000000 at y = 1.480000./ phi_m, min: -0.390129 at y = 1.308571
phi_e, max: -0.025617 at y = 1.575714, phi_e, min: -0.029929 at y = 1.283356
phi_m, max: -0.000000 at y = 1.480000./ phi_m, min: -0.453620 at y = 1.483633
phi_e, max: -0.006825 at y = 1.575714, phi_e, min: -0.007572 at y = 1.283356
phi_m, max: -0.000000 at y = 1.480000./ phi_m, min: -0.483500 at y = 1.484551
phi_e, max: -0.002140 at y = 1.486787, phi_e, min: -0.002199 at y = 1.349511
phi_m, max: -0.000000 at y = 1.480000./ phi_m, min: -0.484500 at y = 1.485168
phi_e, max: -0.001196 at y = 1.283356, phi_e, min: -0.001246 at y = 1.575714


phi_m, max: -0.000000 at y = 4.420000./ phi_m, min: -0.000992 at y = 4.424832
phi_e, max: 0.000600 at y = 4.640000, phi_e, min: 0.000599 at y = 4.362857
phi_m, max: -0.000000 at y = 4.420000./ phi_m, min: -0.000999 at y = 4.424832
phi_e, max: 0.000237 at y = 4.630000, phi_e, min: 0.000237 at y = 4.362857
phi_m, max: -0.000000 at y = 4.420000./ phi_m, min: -0.000992 at y = 4.424832
phi_e, max: 0.000193 at y = 4.630000, phi_e, min: 0.000193 at y = 4.362857
phi_m, max: -0.000000 at y = 4.420000./ phi_m, min: -0.000983 at y = 4.424832
phi_e, max: 0.000138 at y = 4.362857, phi_e, min: 0.000136 at y = 4.640000
phi_m, max: -0.000000 at y = 4.420000./ phi_m, min: -0.000966 at y = 4.425168
phi_e, max: -0.000459 at y = 4.362857, phi_e, min: -0.000577 at y = 4.640000
phi_m, max: 0.000829 at y = 4.391429./ phi_m, min: -0.000747 at y = 4.630000
phi_e, max: -0.008564 at y = 4.640000, phi_e, min: -0.009927 at y = 4.362857
phi_m, max: 0.157206 at y = 4.391429./ phi_m, min: 0.000000 at y = 4.420000
phi_e, max: 0.055159 at y = 4.640000, phi_e, min: 0.054630 at y = 4.362857
phi_m, max: 15.411351 at y = 4.391429./ phi_m, min: 0.000000 at y = 4.420000
phi_e, max: -0.005215 at y = 4.421787, phi_e, min: -0.015665 at y = 4.640000
phi_m, max: 115.048005 at y = 4.425168./ phi_m, min: 0.000000 at y = 4.420000
phi_e, max: 0.085337 at y = 4.640000, phi_e, min: 0.047455 at y = 4.362857
phi_m, max: 106.519664 at y = 4.630000./ phi_m, min: 0.000000 at y = 4.420000
phi_e, max: 0.066193 at y = 4.640000, phi_e, min: 0.037550 at y = 4.362857
phi_m, max: 89.878816 at y = 4.630000./ phi_m, min: 0.000000 at y = 4.420000
phi_e, max: 0.051469 at y = 4.640000, phi_e, min: 0.028067 at y = 4.362857
phi_m, max: 70.146994 at y = 4.630000./ phi_m, min: 0.000000 at y = 4.420000
phi_e, max: 0.044323 at y = 4.640000, phi_e, min: 0.025257 at y = 4.362857
phi_m, max: 50.840343 at y = 4.630000./ phi_m, min: 0.000000 at y = 4.420000
phi_e, max: 0.036234 at y = 4.640000, phi_e, min: 0.020091 at y = 4.362857
phi_m, max: 33.415623 at y = 4.630000./ phi_m, min: 0.000000 at y = 4.420000
phi_e, max: 0.027361 at y = 4.640000, phi_e, min: 0.015930 at y = 4.362857
phi_m, max: 11.853843 at y = 4.630000./ phi_m, min: 0.000000 at y = 4.420000
phi_e, max: 0.013334 at y = 4.640000, phi_e, min: 0.010115 at y = 4.362857


phi_m, max: -0.000000 at y = 5.050000./ phi_m, min: -0.000991 at y = 5.475168
phi_e, max: 0.000603 at y = 5.480000, phi_e, min: 0.000601 at y = 5.021429
phi_m, max: -0.000000 at y = 5.050000./ phi_m, min: -0.000999 at y = 5.475168
phi_e, max: 0.000238 at y = 5.480000, phi_e, min: 0.000237 at y = 5.021429
phi_m, max: -0.000000 at y = 5.050000./ phi_m, min: -0.000991 at y = 5.475168
phi_e, max: 0.000194 at y = 5.480000, phi_e, min: 0.000193 at y = 5.021429
phi_m, max: -0.000000 at y = 5.050000./ phi_m, min: -0.000982 at y = 5.475168
phi_e, max: 0.000134 at y = 5.021429, phi_e, min: 0.000132 at y = 5.480000
phi_m, max: -0.000000 at y = 5.050000./ phi_m, min: -0.000974 at y = 5.055168
phi_e, max: -0.000739 at y = 5.021429, phi_e, min: -0.000934 at y = 5.480000
phi_m, max: -0.000000 at y = 5.050000./ phi_m, min: -0.000979 at y = 5.475510
phi_e, max: -0.004422 at y = 5.480000, phi_e, min: -0.006685 at y = 5.021429
phi_m, max: -0.000000 at y = 5.050000./ phi_m, min: -0.000961 at y = 5.475587
phi_e, max: 0.057195 at y = 5.480000, phi_e, min: 0.056073 at y = 5.021429
phi_m, max: 0.039173 at y = 5.050000./ phi_m, min: -0.000559 at y = 5.480000
phi_e, max: -0.015812 at y = 5.480000, phi_e, min: -0.016678 at y = 5.021429
phi_m, max: 4.723895 at y = 5.050000./ phi_m, min: 0.000000 at y = 5.050000
phi_e, max: 0.115907 at y = 5.021429, phi_e, min: 0.111577 at y = 5.451640
phi_m, max: 113.705704 at y = 5.053213./ phi_m, min: 0.000000 at y = 5.050000
phi_e, max: 0.228464 at y = 5.476787, phi_e, min: 0.098300 at y = 5.056787
phi_m, max: 115.078171 at y = 5.474551./ phi_m, min: 0.000000 at y = 5.050000
phi_e, max: 0.091051 at y = 5.117143, phi_e, min: 0.054844 at y = 5.479413
phi_m, max: 104.966386 at y = 5.476426./ phi_m, min: 0.000000 at y = 5.050000
phi_e, max: 0.078087 at y = 5.117143, phi_e, min: 0.058131 at y = 5.478213
phi_m, max: 86.900538 at y = 5.477458./ phi_m, min: 0.000000 at y = 5.050000
phi_e, max: 0.065050 at y = 5.117143, phi_e, min: 0.051443 at y = 5.478213
phi_m, max: 66.657279 at y = 5.477458./ phi_m, min: 0.000000 at y = 5.050000
phi_e, max: 0.048956 at y = 5.345503, phi_e, min: 0.038835 at y = 5.478213
phi_m, max: 47.591849 at y = 5.478213./ phi_m, min: 0.000000 at y = 5.050000
phi_e, max: 0.024240 at y = 5.345503, phi_e, min: 0.017292 at y = 5.478213


phi_m, max: 74.668361 at y = 0.640000./ phi_m, min: 0.000000 at y = 0.650000
phi_e, max: -0.501816 at y = 0.860000, phi_e, min: -0.554543 at y = 0.641787
phi_m, max: 114.974257 at y = 0.855168./ phi_m, min: 0.000000 at y = 0.650000
phi_e, max: -0.141566 at y = 0.744726, phi_e, min: -0.156504 at y = 0.858213
phi_m, max: 103.435994 at y = 0.856787./ phi_m, min: 0.000000 at y = 0.650000
phi_e, max: -0.054442 at y = 0.748082, phi_e, min: -0.065508 at y = 0.856787
phi_m, max: 84.991980 at y = 0.857458./ phi_m, min: 0.000000 at y = 0.650000
phi_e, max: 0.021061 at y = 0.744726, phi_e, min: 0.011659 at y = 0.856787
phi_m, max: 64.716356 at y = 0.857458./ phi_m, min: 0.000000 at y = 0.650000
phi_e, max: 0.059948 at y = 0.742276, phi_e, min: 0.052627 at y = 0.856787
phi_m, max: 45.905325 at y = 0.858213./ phi_m, min: 0.000000 at y = 0.650000
phi_e, max: -0.009842 at y = 0.786295, phi_e, min: -0.017487 at y = 0.641787
phi_m, max: 27.714080 at y = 0.860000./ phi_m, min: 0.000000 at y = 0.650000
phi_e, max: -0.098885 at y = 0.860000, phi_e, min: -0.111281 at y = 0.640000
phi_m, max: 6.987810 at y = 0.860000./ phi_m, min: 0.000000 at y = 0.650000
phi_e, max: -0.105587 at y = 0.860000, phi_e, min: -0.120924 at y = 0.640000
phi_m, max: 0.576796 at y = 0.860000./ phi_m, min: -0.065402 at y = 0.640000
phi_e, max: -0.104262 at y = 0.860000, phi_e, min: -0.116975 at y = 0.640000
phi_m, max: -0.000000 at y = 0.650000./ phi_m, min: -0.340941 at y = 0.641175
phi_e, max: -0.087745 at y = 0.860000, phi_e, min: -0.097153 at y = 0.640000
phi_m, max: -0.000000 at y = 0.650000./ phi_m, min: -0.433937 at y = 0.643213
phi_e, max: -0.065929 at y = 0.860000, phi_e, min: -0.072425 at y = 0.640000
phi_m, max: -0.000000 at y = 0.650000./ phi_m, min: -0.476751 at y = 0.644413
phi_e, max: -0.036289 at y = 0.860000, phi_e, min: -0.039538 at y = 0.640000
phi_m, max: -0.000000 at y = 0.650000./ phi_m, min: -0.486835 at y = 0.644832
phi_e, max: -0.008740 at y = 0.860000, phi_e, min: -0.009300 at y = 0.640000
phi_m, max: -0.000000 at y = 0.650000./ phi_m, min: -0.481580 at y = 0.855168
phi_e, max: -0.002307 at y = 0.856787, phi_e, min: -0.002363 at y = 0.744726
phi_m, max: -0.000000 at y = 0.650000./ phi_m, min: -0.459466 at y = 0.855449
phi_e, max: -0.001140 at y = 0.643213, phi_e, min: -0.001214 at y = 0.781058



Time: 0.100000
CPU Time: 141.190380 min.
phi_m, max: -0.000000 at y = 3.131429./ phi_m, min: -0.019448 at y = 3.227143
phi_e, max: 0.000608 at y = 6.330000, phi_e, min: -0.053521 at y = 3.017143

Time: 0.200000
CPU Time: 138.036366 min.
phi_m, max: -0.000000 at y = 3.131429./ phi_m, min: -0.008105 at y = 3.227143
phi_e, max: 0.000240 at y = 6.330000, phi_e, min: -0.021192 at y = 3.017143

Time: 0.300000
CPU Time: 134.729599 min.
phi_m, max: -0.000000 at y = 3.131429./ phi_m, min: -0.006740 at y = 3.227143
phi_e, max: 0.000196 at y = 6.330000, phi_e, min: -0.017280 at y = 3.017143

Time: 0.400000
CPU Time: 134.629891 min.
phi_m, max: 0.026446 at y = 3.045714./ phi_m, min: -0.001051 at y = 6.320000
phi_e, max: 0.000129 at y = 6.320000, phi_e, min: -0.013036 at y = 3.017143

Time: 0.500000
CPU Time: 135.607442 min.
phi_m, max: 2.054168 at y = 3.045714./ phi_m, min: -0.000964 at y = 6.320000
phi_e, max: -0.000884 at y = 3.255714, phi_e, min: -0.009235 at y = 3.017143

Time: 0.600000
CPU Time: 136.130311 min.
phi_m, max: 95.505925 at y = 3.045714./ phi_m, min: -0.001963 at y = 6.330000
phi_e, max: -0.000245 at y = 6.330000, phi_e, min: -0.010264 at y = 3.161787

Time: 0.700000
CPU Time: 136.013256 min.
phi_m, max: 111.184794 at y = 3.166259./ phi_m, min: -0.001506 at y = 6.330000
phi_e, max: 0.059269 at y = 6.330000, phi_e, min: -0.011570 at y = 3.017143

Time: 0.800000
CPU Time: 134.044105 min.
phi_m, max: 95.530486 at y = 3.166787./ phi_m, min: -0.001409 at y = 6.330000
phi_e, max: -0.001991 at y = 3.255714, phi_e, min: -0.014153 at y = 6.320000

Time: 0.900000
CPU Time: 133.215903 min.
phi_m, max: 75.825879 at y = 3.167458./ phi_m, min: -0.001279 at y = 6.330000
phi_e, max: 0.112916 at y = 6.330000, phi_e, min: -0.008796 at y = 3.017143

Time: 1.000000
CPU Time: 132.622828 min.
phi_m, max: 55.824544 at y = 3.168213./ phi_m, min: 0.000000 at y = 3.131429
phi_e, max: 0.230271 at y = 6.330000, phi_e, min: -0.006719 at y = 3.017143

Time: 1.100000
CPU Time: 130.114707 min.
phi_m, max: 38.079959 at y = 3.168376./ phi_m, min: 0.000000 at y = 3.131429
phi_e, max: 0.030689 at y = 6.320000, phi_e, min: -0.004661 at y = 3.017143

Time: 1.200000
CPU Time: 130.706478 min.
phi_m, max: 37.031638 at y = 6.320000./ phi_m, min: 0.000000 at y = 3.131429
phi_e, max: -0.000759 at y = 3.255714, phi_e, min: -0.034254 at y = 6.320000

Time: 1.300000
CPU Time: 130.498055 min.
phi_m, max: 112.478538 at y = 6.320000./ phi_m, min: 0.000000 at y = 3.131429
phi_e, max: -0.000860 at y = 3.255714, phi_e, min: -0.030634 at y = 6.320000

Time: 1.400000
CPU Time: 131.022998 min.
phi_m, max: 97.468877 at y = 6.320000./ phi_m, min: -0.142017 at y = 3.045714
phi_e, max: -0.000688 at y = 3.255714, phi_e, min: -0.028291 at y = 6.320000

Time: 1.500000
CPU Time: 131.316753 min.
phi_m, max: 77.947309 at y = 6.320000./ phi_m, min: -0.346635 at y = 3.161175
phi_e, max: -0.000541 at y = 3.255714, phi_e, min: -0.033569 at y = 6.320000


phi_m, max: -0.000000 at y = 2.740000./ phi_m, min: -0.001568 at y = 2.835714
phi_e, max: -0.091351 at y = 2.835714, phi_e, min: -0.141050 at y = 2.597143
phi_m, max: -0.000000 at y = 2.740000./ phi_m, min: -0.001150 at y = 2.835714
phi_e, max: -0.036170 at y = 2.835714, phi_e, min: -0.055848 at y = 2.597143
phi_m, max: 0.009560 at y = 2.597143./ phi_m, min: 0.000000 at y = 2.740000
phi_e, max: -0.029493 at y = 2.835714, phi_e, min: -0.045540 at y = 2.597143
phi_m, max: 1.427145 at y = 2.597143./ phi_m, min: 0.000000 at y = 2.740000
phi_e, max: -0.022259 at y = 2.835714, phi_e, min: -0.034405 at y = 2.597143
phi_m, max: 81.429102 at y = 2.597143./ phi_m, min: 0.000000 at y = 2.740000
phi_e, max: -0.015138 at y = 2.746787, phi_e, min: -0.027398 at y = 2.597143
phi_m, max: 113.033986 at y = 2.745916./ phi_m, min: 0.000000 at y = 2.740000
phi_e, max: -0.003440 at y = 2.835714, phi_e, min: -0.012646 at y = 2.743213
phi_m, max: 98.667438 at y = 2.746787./ phi_m, min: 0.000000 at y = 2.740000
phi_e, max: -0.020164 at y = 2.835714, phi_e, min: -0.031007 at y = 2.743213
phi_m, max: 79.349945 at y = 2.747458./ phi_m, min: 0.000000 at y = 2.740000
phi_e, max: -0.018373 at y = 2.835714, phi_e, min: -0.028297 at y = 2.597143
phi_m, max: 59.158339 at y = 2.747458./ phi_m, min: 0.000000 at y = 2.740000
phi_e, max: -0.015673 at y = 2.835714, phi_e, min: -0.024421 at y = 2.597143
phi_m, max: 41.072277 at y = 2.748376./ phi_m, min: 0.000000 at y = 2.740000
phi_e, max: -0.012048 at y = 2.835714, phi_e, min: -0.018873 at y = 2.597143
phi_m, max: 22.926008 at y = 2.835714./ phi_m, min: 0.000000 at y = 2.740000
phi_e, max: -0.008562 at y = 2.835714, phi_e, min: -0.014308 at y = 2.597143
phi_m, max: 4.884420 at y = 2.835714./ phi_m, min: 0.000000 at y = 2.740000
phi_e, max: -0.006853 at y = 2.835714, phi_e, min: -0.010522 at y = 2.597143
phi_m, max: 0.306766 at y = 2.835714./ phi_m, min: -0.082166 at y = 2.597143
phi_e, max: -0.003728 at y = 2.835714, phi_e, min: -0.004315 at y = 2.597143
phi_m, max: -0.000000 at y = 2.740000./ phi_m, min: -0.333390 at y = 2.597143
phi_e, max: -0.002115 at y = 2.741787, phi_e, min: -0.002150 at y = 2.835714
phi_m, max: -0.000000 at y = 2.740000./ phi_m, min: -0.425495 at y = 2.742542
phi_e, max: -0.001489 at y = 2.597143, phi_e, min: -0.001577 at y = 2.835714


phi_m, max: -0.000000 at y = 2.110000./ phi_m, min: -0.001581 at y = 2.056213
phi_e, max: -0.228565 at y = 2.177143, phi_e, min: -0.277169 at y = 1.938571
phi_m, max: 0.043783 at y = 1.938571./ phi_m, min: 0.000000 at y = 2.110000
phi_e, max: -0.090501 at y = 2.177143, phi_e, min: -0.109749 at y = 1.938571
phi_m, max: 3.670721 at y = 1.938571./ phi_m, min: 0.000000 at y = 2.110000
phi_e, max: -0.073853 at y = 2.177143, phi_e, min: -0.089857 at y = 1.938571
phi_m, max: 107.667042 at y = 1.938571./ phi_m, min: 0.000000 at y = 2.110000
phi_e, max: -0.046575 at y = 1.973705, phi_e, min: -0.071315 at y = 2.114413
phi_m, max: 110.378490 at y = 2.116426./ phi_m, min: 0.000000 at y = 2.110000
phi_e, max: 0.002865 at y = 1.983346, phi_e, min: -0.008404 at y = 2.116787
phi_m, max: 94.288485 at y = 2.116787./ phi_m, min: 0.000000 at y = 2.110000
phi_e, max: -0.012766 at y = 2.177143, phi_e, min: -0.018772 at y = 2.114413
phi_m, max: 74.462632 at y = 2.117458./ phi_m, min: 0.000000 at y = 2.110000
phi_e, max: -0.049669 at y = 2.177143, phi_e, min: -0.060125 at y = 1.938571
phi_m, max: 54.563027 at y = 2.118213./ phi_m, min: 0.000000 at y = 2.110000
phi_e, max: -0.046756 at y = 2.177143, phi_e, min: -0.057213 at y = 1.938571
phi_m, max: 36.905556 at y = 2.118825./ phi_m, min: 0.000000 at y = 2.110000
phi_e, max: -0.040779 at y = 2.177143, phi_e, min: -0.050072 at y = 1.938571
phi_m, max: 16.947948 at y = 2.177143./ phi_m, min: 0.000000 at y = 2.110000
phi_e, max: -0.032092 at y = 2.177143, phi_e, min: -0.041277 at y = 1.938571
phi_m, max: 2.643087 at y = 2.177143./ phi_m, min: 0.000000 at y = 2.110000
phi_e, max: -0.026858 at y = 2.177143, phi_e, min: -0.033943 at y = 1.938571
phi_m, max: 0.025674 at y = 2.177143./ phi_m, min: -0.198223 at y = 1.938571
phi_e, max: -0.016859 at y = 2.177143, phi_e, min: -0.020305 at y = 1.938571
phi_m, max: -0.000000 at y = 2.110000./ phi_m, min: -0.368866 at y = 1.938571
phi_e, max: -0.005323 at y = 2.177143, phi_e, min: -0.005889 at y = 1.938571
phi_m, max: -0.000000 at y = 2.110000./ phi_m, min: -0.440836 at y = 2.113213
phi_e, max: -0.002065 at y = 2.114413, phi_e, min: -0.002097 at y = 2.004726
phi_m, max: -0.000000 at y = 2.110000./ phi_m, min: -0.479288 at y = 2.114413
phi_e, max: -0.001277 at y = 1.938571, phi_e, min: -0.001346 at y = 2.177143


phi_m, max: -0.000000 at y = 3.971429./ phi_m, min: -0.001031 at y = 3.885714
phi_e, max: 0.000598 at y = 4.210000, phi_e, min: 0.000597 at y = 3.885714
phi_m, max: -0.000000 at y = 3.971429./ phi_m, min: -0.000991 at y = 4.000000
phi_e, max: 0.000237 at y = 4.210000, phi_e, min: 0.000236 at y = 3.885714
phi_m, max: -0.000000 at y = 3.971429./ phi_m, min: -0.000981 at y = 4.000000
phi_e, max: 0.000193 at y = 4.210000, phi_e, min: 0.000192 at y = 3.885714
phi_m, max: -0.000000 at y = 3.971429./ phi_m, min: -0.000961 at y = 4.000000
phi_e, max: 0.000140 at y = 3.885714, phi_e, min: 0.000139 at y = 4.210000
phi_m, max: 0.000139 at y = 3.885714./ phi_m, min: -0.000869 at y = 4.210000
phi_e, max: -0.000259 at y = 3.885714, phi_e, min: -0.000396 at y = 4.210000
phi_m, max: 0.130099 at y = 3.885714./ phi_m, min: 0.000000 at y = 3.971429
phi_e, max: -0.010654 at y = 4.210000, phi_e, min: -0.012187 at y = 3.885714
phi_m, max: 11.090140 at y = 3.885714./ phi_m, min: 0.000000 at y = 3.971429
phi_e, max: 0.056605 at y = 3.885714, phi_e, min: 0.053916 at y = 3.961218
phi_m, max: 112.558504 at y = 4.000000./ phi_m, min: 0.000000 at y = 3.971429
phi_e, max: 0.036470 at y = 3.885714, phi_e, min: -0.011133 at y = 4.010000
phi_m, max: 108.715862 at y = 4.210000./ phi_m, min: 0.000000 at y = 3.971429
phi_e, max: 0.037648 at y = 3.885714, phi_e, min: 0.018714 at y = 4.010000
phi_m, max: 93.089785 at y = 4.210000./ phi_m, min: 0.000000 at y = 3.971429
phi_e, max: 0.028662 at y = 3.885714, phi_e, min: 0.013112 at y = 4.010000
phi_m, max: 73.616197 at y = 4.210000./ phi_m, min: 0.000000 at y = 3.971429
phi_e, max: 0.020455 at y = 3.885714, phi_e, min: 0.008643 at y = 4.010000
phi_m, max: 54.001959 at y = 4.210000./ phi_m, min: 0.000000 at y = 3.971429
phi_e, max: 0.016940 at y = 3.885714, phi_e, min: 0.009275 at y = 4.010000
phi_m, max: 36.516377 at y = 4.210000./ phi_m, min: 0.000000 at y = 3.971429
phi_e, max: 0.009746 at y = 3.885714, phi_e, min: 0.005386 at y = 4.010000
phi_m, max: 15.523747 at y = 4.210000./ phi_m, min: 0.000000 at y = 3.971429
phi_e, max: 0.010643 at y = 4.210000, phi_e, min: 0.006422 at y = 3.885714
phi_m, max: 2.098599 at y = 4.210000./ phi_m, min: 0.000000 at y = 3.971429
phi_e, max: 0.008797 at y = 4.210000, phi_e, min: 0.005397 at y = 3.885714


phi_m, max: -0.000000 at y = 3.370000./ phi_m, min: -0.018119 at y = 3.341429
phi_e, max: 0.000611 at y = 3.341429, phi_e, min: 0.000000 at y = 3.312857
phi_m, max: -0.000000 at y = 3.370000./ phi_m, min: -0.007600 at y = 3.341429
phi_e, max: 0.000242 at y = 3.341429, phi_e, min: 0.000000 at y = 3.312857
phi_m, max: -0.000000 at y = 3.370000./ phi_m, min: -0.006347 at y = 3.341429
phi_e, max: 0.000197 at y = 3.341429, phi_e, min: 0.000000 at y = 3.312857
phi_m, max: -0.000000 at y = 3.370000./ phi_m, min: -0.002426 at y = 3.341429
phi_e, max: 0.000149 at y = 3.341429, phi_e, min: 0.000000 at y = 3.312857
phi_m, max: 0.187703 at y = 3.341429./ phi_m, min: 0.000000 at y = 3.370000
phi_e, max: 0.000093 at y = 3.341429, phi_e, min: -0.000099 at y = 3.551429
phi_m, max: 25.019374 at y = 3.341429./ phi_m, min: 0.000000 at y = 3.370000
phi_e, max: 0.001331 at y = 3.371787, phi_e, min: -0.011529 at y = 3.545110
phi_m, max: 114.814570 at y = 3.375449./ phi_m, min: 0.000000 at y = 3.370000
phi_e, max: 0.024272 at y = 3.551429, phi_e, min: -0.000889 at y = 3.371787
phi_m, max: 102.779806 at y = 3.376787./ phi_m, min: 0.000000 at y = 3.370000
phi_e, max: 0.020121 at y = 3.551429, phi_e, min: -0.000663 at y = 3.371787
phi_m, max: 85.981751 at y = 3.551429./ phi_m, min: 0.000000 at y = 3.370000
phi_e, max: 0.016352 at y = 3.551429, phi_e, min: -0.000527 at y = 3.371787
phi_m, max: 66.588126 at y = 3.551429./ phi_m, min: 0.000000 at y = 3.370000
phi_e, max: 0.012270 at y = 3.551429, phi_e, min: -0.000388 at y = 3.371787
phi_m, max: 47.930545 at y = 3.551429./ phi_m, min: 0.000000 at y = 3.370000
phi_e, max: 0.008746 at y = 3.551429, phi_e, min: -0.000257 at y = 3.371787
phi_m, max: 30.744731 at y = 3.551429./ phi_m, min: 0.000000 at y = 3.370000
phi_e, max: 0.006867 at y = 3.551429, phi_e, min: 0.000000 at y = 3.312857
phi_m, max: 9.777364 at y = 3.551429./ phi_m, min: 0.000000 at y = 3.370000
phi_e, max: 0.003586 at y = 3.551429, phi_e, min: 0.000000 at y = 3.312857
phi_m, max: 1.007025 at y = 3.551429./ phi_m, min: 0.000000 at y = 3.370000
phi_e, max: 0.002809 at y = 3.551429, phi_e, min: 0.000000 at y = 3.312857
phi_m, max: -0.000000 at y = 3.370000./ phi_m, min: -0.280667 at y = 3.370000
phi_e, max: 0.002243 at y = 3.551429, phi_e, min: 0.000000 at y = 3.312857


phi_m, max: -0.000000 at y = 2.950000./ phi_m, min: -0.004183 at y = 3.045714
phi_e, max: -0.047576 at y = 3.045714, phi_e, min: -0.097399 at y = 2.807143
phi_m, max: -0.000000 at y = 2.950000./ phi_m, min: -0.002155 at y = 3.045714
phi_e, max: -0.018838 at y = 3.045714, phi_e, min: -0.038565 at y = 2.807143
phi_m, max: 0.000513 at y = 2.807143./ phi_m, min: -0.001718 at y = 3.045714
phi_e, max: -0.015360 at y = 3.045714, phi_e, min: -0.031446 at y = 2.807143
phi_m, max: 0.213340 at y = 2.807143./ phi_m, min: 0.000000 at y = 2.950000
phi_e, max: -0.011590 at y = 3.045714, phi_e, min: -0.023725 at y = 2.807143
phi_m, max: 15.619118 at y = 2.807143./ phi_m, min: 0.000000 at y = 2.950000
phi_e, max: -0.008325 at y = 3.045714, phi_e, min: -0.017169 at y = 2.807143
phi_m, max: 114.976671 at y = 2.954413./ phi_m, min: 0.000000 at y = 2.950000
phi_e, max: -0.002019 at y = 3.045714, phi_e, min: -0.015303 at y = 2.956787
phi_m, max: 105.534049 at y = 2.956426./ phi_m, min: 0.000000 at y = 2.950000
phi_e, max: -0.008682 at y = 3.045714, phi_e, min: -0.022586 at y = 2.807143
phi_m, max: 87.622388 at y = 2.957458./ phi_m, min: 0.000000 at y = 2.950000
phi_e, max: -0.007930 at y = 3.045714, phi_e, min: -0.020474 at y = 2.807143
phi_m, max: 67.399509 at y = 2.957458./ phi_m, min: 0.000000 at y = 2.950000
phi_e, max: -0.006793 at y = 3.045714, phi_e, min: -0.017380 at y = 2.807143
phi_m, max: 48.240074 at y = 2.958213./ phi_m, min: 0.000000 at y = 2.950000
phi_e, max: -0.005239 at y = 3.045714, phi_e, min: -0.013319 at y = 2.807143
phi_m, max: 31.133394 at y = 3.045714./ phi_m, min: 0.000000 at y = 2.950000
phi_e, max: -0.003642 at y = 3.045714, phi_e, min: -0.009424 at y = 2.807143
phi_m, max: 10.685320 at y = 3.045714./ phi_m, min: 0.000000 at y = 2.950000
phi_e, max: -0.003522 at y = 3.045714, phi_e, min: -0.007282 at y = 2.807143
phi_m, max: 1.210507 at y = 3.045714./ phi_m, min: 0.000000 at y = 2.950000
phi_e, max: -0.003156 at y = 3.045714, phi_e, min: -0.003794 at y = 2.807143
phi_m, max: -0.000000 at y = 2.950000./ phi_m, min: -0.270067 at y = 2.807143
phi_e, max: -0.002140 at y = 2.951787, phi_e, min: -0.002176 at y = 3.042358
phi_m, max: -0.000000 at y = 2.950000./ phi_m, min: -0.392136 at y = 2.951787
phi_e, max: -0.001561 at y = 2.807143, phi_e, min: -0.001666 at y = 3.045714


phi_m, max: 0.973053 at y = 1.070000./ phi_m, min: 0.000000 at y = 1.270000
phi_e, max: -0.407129 at y = 1.308571, phi_e, min: -0.456700 at y = 1.070000
phi_m, max: 91.596419 at y = 1.070000./ phi_m, min: 0.000000 at y = 1.270000
phi_e, max: -0.163966 at y = 1.308571, phi_e, min: -0.200837 at y = 1.070000
phi_m, max: 113.965382 at y = 1.275587./ phi_m, min: 0.000000 at y = 1.270000
phi_e, max: -0.077806 at y = 1.120581, phi_e, min: -0.093273 at y = 1.276787
phi_m, max: 100.535214 at y = 1.276787./ phi_m, min: 0.000000 at y = 1.270000
phi_e, max: 0.000138 at y = 1.115344, phi_e, min: -0.013579 at y = 1.276787
phi_m, max: 81.512760 at y = 1.277458./ phi_m, min: 0.000000 at y = 1.270000
phi_e, max: 0.042879 at y = 1.110939, phi_e, min: 0.031267 at y = 1.276787
phi_m, max: 61.257276 at y = 1.277458./ phi_m, min: 0.000000 at y = 1.270000
phi_e, max: -0.009093 at y = 1.164726, phi_e, min: -0.013069 at y = 1.274413
phi_m, max: 42.907495 at y = 1.278213./ phi_m, min: 0.000000 at y = 1.270000
phi_e, max: -0.080367 at y = 1.308571, phi_e, min: -0.091023 at y = 1.070000
phi_m, max: 24.143631 at y = 1.308571./ phi_m, min: 0.000000 at y = 1.270000
phi_e, max: -0.080318 at y = 1.308571, phi_e, min: -0.092615 at y = 1.070000
phi_m, max: 5.256574 at y = 1.308571./ phi_m, min: 0.000000 at y = 1.270000
phi_e, max: -0.078011 at y = 1.308571, phi_e, min: -0.091909 at y = 1.070000
phi_m, max: 0.349105 at y = 1.308571./ phi_m, min: -0.073766 at y = 1.070000
phi_e, max: -0.068366 at y = 1.308571, phi_e, min: -0.078639 at y = 1.070000
phi_m, max: -0.000000 at y = 1.270000./ phi_m, min: -0.342494 at y = 1.070000
phi_e, max: -0.052571 at y = 1.308571, phi_e, min: -0.059631 at y = 1.070000
phi_m, max: -0.000000 at y = 1.270000./ phi_m, min: -0.430027 at y = 1.070000
phi_e, max: -0.029571 at y = 1.308571, phi_e, min: -0.033111 at y = 1.070000
phi_m, max: -0.000000 at y = 1.270000./ phi_m, min: -0.470171 at y = 1.274084
phi_e, max: -0.007518 at y = 1.308571, phi_e, min: -0.008150 at y = 1.070000
phi_m, max: -0.000000 at y = 1.270000./ phi_m, min: -0.486869 at y = 1.274832
phi_e, max: -0.002180 at y = 1.275587, phi_e, min: -0.002245 at y = 1.118131
phi_m, max: -0.000000 at y = 1.270000./ phi_m, min: -0.478739 at y = 1.275168
phi_e, max: -0.001184 at y = 1.070000, phi_e, min: -0.001215 at y = 1.174075


phi_m, max: 6.645479 at y = 0.860000./ phi_m, min: 0.000000 at y = 0.888571
phi_e, max: -0.445343 at y = 1.123787, phi_e, min: -0.502255 at y = 0.860000
phi_m, max: 112.244197 at y = 0.860000./ phi_m, min: 0.000000 at y = 0.888571
phi_e, max: -0.154491 at y = 0.889771, phi_e, min: -0.201193 at y = 1.068213
phi_m, max: 109.533109 at y = 1.066426./ phi_m, min: 0.000000 at y = 0.888571
phi_e, max: -0.063290 at y = 0.908131, phi_e, min: -0.080305 at y = 1.068213
phi_m, max: 93.039491 at y = 1.066787./ phi_m, min: 0.000000 at y = 0.888571
phi_e, max: 0.013266 at y = 0.904775, phi_e, min: -0.001680 at y = 1.068213
phi_m, max: 73.108313 at y = 1.067458./ phi_m, min: 0.000000 at y = 0.888571
phi_e, max: 0.053722 at y = 0.900370, phi_e, min: 0.041644 at y = 1.068213
phi_m, max: 53.324232 at y = 1.068213./ phi_m, min: 0.000000 at y = 0.888571
phi_e, max: -0.008518 at y = 0.958082, phi_e, min: -0.012416 at y = 1.065587
phi_m, max: 35.725992 at y = 1.068825./ phi_m, min: 0.000000 at y = 0.888571
phi_e, max: -0.087013 at y = 1.123787, phi_e, min: -0.099071 at y = 0.860000
phi_m, max: 14.366305 at y = 1.070000./ phi_m, min: 0.000000 at y = 0.888571
phi_e, max: -0.089004 at y = 1.123787, phi_e, min: -0.105614 at y = 0.860000
phi_m, max: 1.887528 at y = 1.070000./ phi_m, min: 0.000000 at y = 0.888571
phi_e, max: -0.088757 at y = 1.123787, phi_e, min: -0.104288 at y = 0.860000
phi_m, max: -0.000000 at y = 0.888571./ phi_m, min: -0.234497 at y = 0.860000
phi_e, max: -0.076289 at y = 1.123787, phi_e, min: -0.087762 at y = 0.860000
phi_m, max: -0.000000 at y = 0.888571./ phi_m, min: -0.387117 at y = 0.860000
phi_e, max: -0.058014 at y = 1.123787, phi_e, min: -0.065941 at y = 0.860000
phi_m, max: -0.000000 at y = 0.888571./ phi_m, min: -0.450243 at y = 0.860000
phi_e, max: -0.032310 at y = 1.123787, phi_e, min: -0.036298 at y = 0.860000
phi_m, max: -0.000000 at y = 0.888571./ phi_m, min: -0.480730 at y = 1.064490
phi_e, max: -0.008020 at y = 1.123787, phi_e, min: -0.008744 at y = 0.860000
phi_m, max: -0.000000 at y = 0.888571./ phi_m, min: -0.486008 at y = 1.065168
phi_e, max: -0.002235 at y = 1.066787, phi_e, min: -0.002316 at y = 0.904775
phi_m, max: -0.000000 at y = 0.888571./ phi_m, min: -0.470222 at y = 1.065449
phi_e, max: -0.001182 at y = 1.065587, phi_e, min: -0.001219 at y = 0.954726


phi_m, max: -0.000000 at y = 2.320000./ phi_m, min: -0.002270 at y = 2.415714
phi_e, max: -0.178754 at y = 2.415714, phi_e, min: -0.234590 at y = 2.148571
phi_m, max: 0.004917 at y = 2.177143./ phi_m, min: -0.000654 at y = 2.415714
phi_e, max: -0.070777 at y = 2.415714, phi_e, min: -0.092886 at y = 2.148571
phi_m, max: 0.478376 at y = 2.177143./ phi_m, min: 0.000000 at y = 2.320000
phi_e, max: -0.057719 at y = 2.415714, phi_e, min: -0.075775 at y = 2.148571
phi_m, max: 62.547617 at y = 2.177143./ phi_m, min: 0.000000 at y = 2.320000
phi_e, max: -0.044532 at y = 2.415714, phi_e, min: -0.066028 at y = 2.148571
phi_m, max: 114.442230 at y = 2.325587./ phi_m, min: 0.000000 at y = 2.320000
phi_e, max: -0.003007 at y = 2.203557, phi_e, min: -0.013563 at y = 2.326787
phi_m, max: 101.665683 at y = 2.326787./ phi_m, min: 0.000000 at y = 2.320000
phi_e, max: -0.007586 at y = 2.415714, phi_e, min: -0.016472 at y = 2.323213
phi_m, max: 82.849585 at y = 2.327458./ phi_m, min: 0.000000 at y = 2.320000
phi_e, max: -0.037323 at y = 2.415714, phi_e, min: -0.052465 at y = 2.148571
phi_m, max: 62.574396 at y = 2.327458./ phi_m, min: 0.000000 at y = 2.320000
phi_e, max: -0.035005 at y = 2.415714, phi_e, min: -0.049124 at y = 2.148571
phi_m, max: 44.050418 at y = 2.328213./ phi_m, min: 0.000000 at y = 2.320000
phi_e, max: -0.030566 at y = 2.415714, phi_e, min: -0.042673 at y = 2.148571
phi_m, max: 26.545449 at y = 2.415714./ phi_m, min: 0.000000 at y = 2.320000
phi_e, max: -0.023748 at y = 2.415714, phi_e, min: -0.033415 at y = 2.148571
phi_m, max: 6.925696 at y = 2.415714./ phi_m, min: 0.000000 at y = 2.320000
phi_e, max: -0.019456 at y = 2.415714, phi_e, min: -0.027715 at y = 2.148571
phi_m, max: 0.590024 at y = 2.415714./ phi_m, min: 0.000000 at y = 2.320000
phi_e, max: -0.013279 at y = 2.415714, phi_e, min: -0.017278 at y = 2.148571
phi_m, max: -0.000000 at y = 2.320000./ phi_m, min: -0.310443 at y = 2.177143
phi_e, max: -0.004755 at y = 2.415714, phi_e, min: -0.005385 at y = 2.148571
phi_m, max: -0.000000 at y = 2.320000./ phi_m, min: -0.412799 at y = 2.322542
phi_e, max: -0.002077 at y = 2.323213, phi_e, min: -0.002115 at y = 2.415714
phi_m, max: -0.000000 at y = 2.320000./ phi_m, min: -0.467801 at y = 2.324084
phi_e, max: -0.001327 at y = 2.148571, phi_e, min: -0.001433 at y = 2.415714


phi_m, max: -0.000000 at y = 4.640000./ phi_m, min: -0.000991 at y = 4.634832
phi_e, max: 0.000601 at y = 4.850000, phi_e, min: 0.000600 at y = 4.630000
phi_m, max: -0.000000 at y = 4.640000./ phi_m, min: -0.000999 at y = 4.634832
phi_e, max: 0.000237 at y = 4.846426, phi_e, min: 0.000237 at y = 4.699300
phi_m, max: -0.000000 at y = 4.640000./ phi_m, min: -0.000991 at y = 4.634832
phi_e, max: 0.000193 at y = 4.846426, phi_e, min: 0.000193 at y = 4.732276
phi_m, max: -0.000000 at y = 4.640000./ phi_m, min: -0.000982 at y = 4.634832
phi_e, max: 0.000136 at y = 4.630000, phi_e, min: 0.000135 at y = 4.850000
phi_m, max: -0.000000 at y = 4.640000./ phi_m, min: -0.000972 at y = 4.635168
phi_e, max: -0.000573 at y = 4.630000, phi_e, min: -0.000667 at y = 4.850000
phi_m, max: -0.000000 at y = 4.640000./ phi_m, min: -0.000932 at y = 4.840000
phi_e, max: -0.007525 at y = 4.850000, phi_e, min: -0.008612 at y = 4.630000
phi_m, max: 0.018610 at y = 4.630000./ phi_m, min: 0.000000 at y = 4.640000
phi_e, max: 0.055658 at y = 4.850000, phi_e, min: 0.055136 at y = 4.630000
phi_m, max: 1.844167 at y = 4.630000./ phi_m, min: 0.000000 at y = 4.640000
phi_e, max: -0.015533 at y = 4.631787, phi_e, min: -0.016830 at y = 4.817747
phi_m, max: 105.985233 at y = 4.631175./ phi_m, min: 0.000000 at y = 4.640000
phi_e, max: 0.140184 at y = 4.840000, phi_e, min: 0.080707 at y = 4.631787
phi_m, max: 111.218993 at y = 4.840000./ phi_m, min: 0.000000 at y = 4.640000
phi_e, max: 0.095534 at y = 4.850000, phi_e, min: 0.063974 at y = 4.630587
phi_m, max: 97.386471 at y = 4.840000./ phi_m, min: 0.000000 at y = 4.640000
phi_e, max: 0.076112 at y = 4.850000, phi_e, min: 0.049609 at y = 4.631787
phi_m, max: 78.447562 at y = 4.840000./ phi_m, min: 0.000000 at y = 4.640000
phi_e, max: 0.064602 at y = 4.850000, phi_e, min: 0.042838 at y = 4.631787
phi_m, max: 58.563714 at y = 4.840000./ phi_m, min: 0.000000 at y = 4.640000
phi_e, max: 0.052815 at y = 4.850000, phi_e, min: 0.035093 at y = 4.630587
phi_m, max: 40.664983 at y = 4.840000./ phi_m, min: 0.000000 at y = 4.640000
phi_e, max: 0.039587 at y = 4.850000, phi_e, min: 0.026537 at y = 4.631787
phi_m, max: 21.107656 at y = 4.840000./ phi_m, min: 0.000000 at y = 4.640000
phi_e, max: 0.018084 at y = 4.850000, phi_e, min: 0.013090 at y = 4.630000


phi_m, max: 113.563286 at y = 0.225587./ phi_m, min: 0.000000 at y = 0.220000
phi_e, max: -0.559712 at y = 0.335274, phi_e, min: -0.568883 at y = 0.224413
phi_m, max: 99.623701 at y = 0.226787./ phi_m, min: 0.000000 at y = 0.220000
phi_e, max: -0.145225 at y = 0.337724, phi_e, min: -0.152999 at y = 0.224413
phi_m, max: 80.459797 at y = 0.226787./ phi_m, min: 0.000000 at y = 0.220000
phi_e, max: -0.057546 at y = 0.337724, phi_e, min: -0.063649 at y = 0.224413
phi_m, max: 60.274631 at y = 0.227458./ phi_m, min: 0.000000 at y = 0.220000
phi_e, max: 0.019106 at y = 0.337724, phi_e, min: 0.014681 at y = 0.224413
phi_m, max: 42.471131 at y = 0.344286./ phi_m, min: 0.000000 at y = 0.220000
phi_e, max: 0.058749 at y = 0.337724, phi_e, min: 0.055754 at y = 0.224413
phi_m, max: 25.174117 at y = 0.344286./ phi_m, min: 0.000000 at y = 0.220000
phi_e, max: -0.024012 at y = 0.344286, phi_e, min: -0.025395 at y = 0.225168
phi_m, max: 6.033036 at y = 0.344286./ phi_m, min: 0.000000 at y = 0.220000
phi_e, max: -0.130316 at y = 0.344286, phi_e, min: -0.130689 at y = 0.105714
phi_m, max: 0.473699 at y = 0.344286./ phi_m, min: 0.000000 at y = 0.220000
phi_e, max: -0.139145 at y = 0.344286, phi_e, min: -0.139281 at y = 0.105714
phi_m, max: -0.000000 at y = 0.220000./ phi_m, min: -0.261566 at y = 0.226426
phi_e, max: -0.131706 at y = 0.344286, phi_e, min: -0.131809 at y = 0.315714
phi_m, max: -0.000000 at y = 0.220000./ phi_m, min: -0.391794 at y = 0.226426
phi_e, max: -0.108126 at y = 0.344286, phi_e, min: -0.108202 at y = 0.315714
phi_m, max: -0.000000 at y = 0.220000./ phi_m, min: -0.453656 at y = 0.226259
phi_e, max: -0.080019 at y = 0.344286, phi_e, min: -0.080071 at y = 0.315714
phi_m, max: -0.000000 at y = 0.220000./ phi_m, min: -0.477463 at y = 0.225916
phi_e, max: -0.043332 at y = 0.224413, phi_e, min: -0.043377 at y = 0.315714
phi_m, max: -0.000000 at y = 0.220000./ phi_m, min: -0.474632 at y = 0.225587
phi_e, max: -0.009946 at y = 0.224413, phi_e, min: -0.009986 at y = 0.325925
phi_m, max: -0.000000 at y = 0.220000./ phi_m, min: -0.453857 at y = 0.225449
phi_e, max: -0.002337 at y = 0.224413, phi_e, min: -0.002374 at y = 0.337724
phi_m, max: -0.000000 at y = 0.220000./ phi_m, min: -0.422252 at y = 0.225449
phi_e, max: -0.001077 at y = 0.224413, phi_e, min: -0.001111 at y = 0.344286


phi_m, max: 112.079681 at y = 0.011175./ phi_m, min: 0.000000 at y = -0.010000
phi_e, max: -0.561556 at y = 0.121918, phi_e, min: -0.568649 at y = 0.016787
phi_m, max: 96.769066 at y = 0.009413./ phi_m, min: 0.000000 at y = -0.010000
phi_e, max: -0.147121 at y = 0.121918, phi_e, min: -0.153011 at y = 0.016787
phi_m, max: 77.425389 at y = 0.008376./ phi_m, min: 0.000000 at y = -0.010000
phi_e, max: -0.059184 at y = 0.121918, phi_e, min: -0.063775 at y = 0.016787
phi_m, max: 57.605573 at y = 0.007458./ phi_m, min: 0.000000 at y = -0.010000
phi_e, max: 0.017806 at y = 0.121918, phi_e, min: 0.014458 at y = 0.015587
phi_m, max: 40.062897 at y = 0.006426./ phi_m, min: 0.000000 at y = -0.010000
phi_e, max: 0.057793 at y = 0.121918, phi_e, min: 0.055507 at y = 0.014413
phi_m, max: 20.362228 at y = 0.004832./ phi_m, min: 0.000000 at y = -0.010000
phi_e, max: -0.024758 at y = 0.124075, phi_e, min: -0.025694 at y = 0.004413
phi_m, max: 3.395087 at y = 0.134286./ phi_m, min: 0.000000 at y = -0.010000
phi_e, max: -0.130671 at y = 0.134286, phi_e, min: -0.130781 at y = 0.003213
phi_m, max: 0.341669 at y = 0.001787./ phi_m, min: 0.000000 at y = -0.010000
phi_e, max: -0.139277 at y = 0.134286, phi_e, min: -0.139314 at y = 0.005587
phi_m, max: -0.000000 at y = -0.010000./ phi_m, min: -0.202466 at y = 0.134286
phi_e, max: -0.131790 at y = 0.134286, phi_e, min: -0.131805 at y = 0.005587
phi_m, max: -0.000000 at y = -0.010000./ phi_m, min: -0.332077 at y = 0.134286
phi_e, max: -0.108178 at y = 0.019413, phi_e, min: -0.108185 at y = 0.115925
phi_m, max: -0.000000 at y = -0.010000./ phi_m, min: -0.400030 at y = 0.134286
phi_e, max: -0.080040 at y = 0.018213, phi_e, min: -0.080057 at y = 0.117513
phi_m, max: -0.000000 at y = -0.010000./ phi_m, min: -0.441930 at y = 0.014490
phi_e, max: -0.043344 at y = 0.016787, phi_e, min: -0.043367 at y = 0.117513
phi_m, max: -0.000000 at y = -0.010000./ phi_m, min: -0.460157 at y = 0.005916
phi_e, max: -0.009952 at y = 0.014413, phi_e, min: -0.009979 at y = 0.121918
phi_m, max: -0.000000 at y = -0.010000./ phi_m, min: -0.455321 at y = 0.004084
phi_e, max: -0.002338 at y = 0.006787, phi_e, min: -0.002366 at y = 0.121918
phi_m, max: -0.000000 at y = -0.010000./ phi_m, min: -0.434125 at y = 0.003574
phi_e, max: -0.001075 at y = 0.006787, phi_e, min: -0.001104 at y = 0.121918


phi_m, max: 0.018845 at y = 1.490000./ phi_m, min: 0.000000 at y = 1.518571
phi_e, max: -0.314157 at y = 1.757143, phi_e, min: -0.369417 at y = 1.490000
phi_m, max: 2.209736 at y = 1.490000./ phi_m, min: 0.000000 at y = 1.518571
phi_e, max: -0.124439 at y = 1.757143, phi_e, min: -0.146408 at y = 1.490000
phi_m, max: 104.494372 at y = 1.490000./ phi_m, min: 0.000000 at y = 1.518571
phi_e, max: -0.105208 at y = 1.757143, phi_e, min: -0.127042 at y = 1.490000
phi_m, max: 112.369470 at y = 1.696259./ phi_m, min: 0.000000 at y = 1.518571
phi_e, max: -0.021386 at y = 1.543494, phi_e, min: -0.036898 at y = 1.696787
phi_m, max: 97.477920 at y = 1.696787./ phi_m, min: 0.000000 at y = 1.518571
phi_e, max: 0.023340 at y = 1.536932, phi_e, min: 0.009275 at y = 1.696787
phi_m, max: 77.998792 at y = 1.697458./ phi_m, min: 0.000000 at y = 1.518571
phi_e, max: -0.010086 at y = 1.573557, phi_e, min: -0.016731 at y = 1.695587
phi_m, max: 57.866893 at y = 1.697458./ phi_m, min: 0.000000 at y = 1.518571
phi_e, max: -0.064695 at y = 1.757143, phi_e, min: -0.075222 at y = 1.490000
phi_m, max: 39.928596 at y = 1.698376./ phi_m, min: 0.000000 at y = 1.518571
phi_e, max: -0.062870 at y = 1.757143, phi_e, min: -0.074015 at y = 1.490000
phi_m, max: 20.243782 at y = 1.728571./ phi_m, min: 0.000000 at y = 1.518571
phi_e, max: -0.055969 at y = 1.757143, phi_e, min: -0.068196 at y = 1.490000
phi_m, max: 3.620310 at y = 1.728571./ phi_m, min: 0.000000 at y = 1.518571
phi_e, max: -0.048919 at y = 1.757143, phi_e, min: -0.060463 at y = 1.490000
phi_m, max: 0.139896 at y = 1.728571./ phi_m, min: -0.156039 at y = 1.490000
phi_e, max: -0.039293 at y = 1.757143, phi_e, min: -0.047181 at y = 1.490000
phi_m, max: -0.000000 at y = 1.518571./ phi_m, min: -0.363126 at y = 1.490000
phi_e, max: -0.022941 at y = 1.757143, phi_e, min: -0.026865 at y = 1.490000
phi_m, max: -0.000000 at y = 1.518571./ phi_m, min: -0.439324 at y = 1.490000
phi_e, max: -0.006348 at y = 1.757143, phi_e, min: -0.007026 at y = 1.490000
phi_m, max: -0.000000 at y = 1.518571./ phi_m, min: -0.475212 at y = 1.694413
phi_e, max: -0.002096 at y = 1.696787, phi_e, min: -0.002155 at y = 1.550499
phi_m, max: -0.000000 at y = 1.518571./ phi_m, min: -0.486931 at y = 1.694832
phi_e, max: -0.001212 at y = 1.490000, phi_e, min: -0.001258 at y = 1.757143


phi_m, max: -0.000000 at y = 6.310000./ phi_m, min: -0.001063 at y = 6.318825
phi_e, max: 0.000608 at y = 6.330000, phi_e, min: 0.000607 at y = 6.110000
phi_m, max: -0.000000 at y = 6.310000./ phi_m, min: -0.001071 at y = 6.318825
phi_e, max: 0.000240 at y = 6.330000, phi_e, min: 0.000240 at y = 6.110000
phi_m, max: -0.000000 at y = 6.310000./ phi_m, min: -0.001063 at y = 6.318825
phi_e, max: 0.000196 at y = 6.320000, phi_e, min: 0.000195 at y = 6.110000
phi_m, max: -0.000000 at y = 6.310000./ phi_m, min: -0.001052 at y = 6.318825
phi_e, max: 0.000129 at y = 6.110000, phi_e, min: 0.000129 at y = 6.320000
phi_m, max: -0.000000 at y = 6.310000./ phi_m, min: -0.000984 at y = 6.315510
phi_e, max: -0.001200 at y = 6.110000, phi_e, min: -0.001290 at y = 6.330000
phi_m, max: -0.000000 at y = 6.310000./ phi_m, min: -0.001928 at y = 6.320000
phi_e, max: -0.000275 at y = 6.330000, phi_e, min: -0.001322 at y = 6.110000
phi_m, max: -0.000000 at y = 6.310000./ phi_m, min: -0.001489 at y = 6.320000
phi_e, max: 0.059255 at y = 6.330000, phi_e, min: 0.058734 at y = 6.110000
phi_m, max: -0.000000 at y = 6.310000./ phi_m, min: -0.001395 at y = 6.320000
phi_e, max: -0.014145 at y = 6.330000, phi_e, min: -0.014566 at y = 6.110000
phi_m, max: -0.000000 at y = 6.310000./ phi_m, min: -0.001268 at y = 6.320000
phi_e, max: 0.112907 at y = 6.330000, phi_e, min: 0.112583 at y = 6.110000
phi_m, max: 0.010834 at y = 6.110000./ phi_m, min: 0.000000 at y = 6.310000
phi_e, max: 0.230265 at y = 6.330000, phi_e, min: 0.230037 at y = 6.110000
phi_m, max: 1.619218 at y = 6.110000./ phi_m, min: 0.000000 at y = 6.310000
phi_e, max: 0.030690 at y = 6.318213, phi_e, min: 0.030018 at y = 6.110000
phi_m, max: 100.979343 at y = 6.110000./ phi_m, min: 0.000000 at y = 6.310000
phi_e, max: -0.033138 at y = 6.318213, phi_e, min: -0.055781 at y = 6.110000
phi_m, max: 112.603966 at y = 6.318376./ phi_m, min: 0.000000 at y = 6.310000
phi_e, max: -0.016508 at y = 6.138571, phi_e, min: -0.030854 at y = 6.313213
phi_m, max: 97.560968 at y = 6.318376./ phi_m, min: 0.000000 at y = 6.310000
phi_e, max: -0.015271 at y = 6.138571, phi_e, min: -0.028461 at y = 6.314413
phi_m, max: 78.010033 at y = 6.318825./ phi_m, min: 0.000000 at y = 6.310000
phi_e, max: -0.022596 at y = 6.138571, phi_e, min: -0.033693 at y = 6.314413


phi_m, max: -0.000000 at y = 5.928571./ phi_m, min: -0.001000 at y = 6.105449
phi_e, max: 0.000607 at y = 6.138571, phi_e, min: 0.000606 at y = 5.900000
phi_m, max: -0.000000 at y = 5.928571./ phi_m, min: -0.001009 at y = 6.105449
phi_e, max: 0.000240 at y = 6.138571, phi_e, min: 0.000239 at y = 5.900000
phi_m, max: -0.000000 at y = 5.928571./ phi_m, min: -0.001001 at y = 6.105449
phi_e, max: 0.000195 at y = 6.138571, phi_e, min: 0.000195 at y = 5.900000
phi_m, max: -0.000000 at y = 5.928571./ phi_m, min: -0.000992 at y = 6.105449
phi_e, max: 0.000130 at y = 5.900000, phi_e, min: 0.000129 at y = 6.138571
phi_m, max: -0.000000 at y = 5.928571./ phi_m, min: -0.000975 at y = 6.105168
phi_e, max: -0.001112 at y = 5.900000, phi_e, min: -0.001212 at y = 6.138571
phi_m, max: -0.000000 at y = 5.928571./ phi_m, min: -0.001094 at y = 6.138571
phi_e, max: -0.001184 at y = 6.138571, phi_e, min: -0.002350 at y = 5.900000
phi_m, max: -0.000000 at y = 5.928571./ phi_m, min: -0.001030 at y = 6.108376
phi_e, max: 0.058803 at y = 6.138571, phi_e, min: 0.058224 at y = 5.900000
phi_m, max: -0.000000 at y = 5.928571./ phi_m, min: -0.001010 at y = 6.107458
phi_e, max: -0.014510 at y = 6.138571, phi_e, min: -0.014979 at y = 5.900000
phi_m, max: 0.000138 at y = 5.900000./ phi_m, min: -0.000836 at y = 6.138571
phi_e, max: 0.112625 at y = 6.138571, phi_e, min: 0.112264 at y = 5.900000
phi_m, max: 0.077112 at y = 5.900000./ phi_m, min: 0.000000 at y = 5.928571
phi_e, max: 0.230066 at y = 6.138571, phi_e, min: 0.229799 at y = 5.900000
phi_m, max: 10.744771 at y = 5.900000./ phi_m, min: 0.000000 at y = 5.928571
phi_e, max: 0.030126 at y = 6.105587, phi_e, min: 0.027414 at y = 5.900000
phi_m, max: 112.374065 at y = 5.900000./ phi_m, min: 0.000000 at y = 5.928571
phi_e, max: -0.000004 at y = 5.900000, phi_e, min: -0.056640 at y = 6.108213
phi_m, max: 108.415243 at y = 6.106426./ phi_m, min: 0.000000 at y = 5.928571
phi_e, max: 0.007024 at y = 5.900000, phi_e, min: -0.017580 at y = 6.108213
phi_m, max: 91.425203 at y = 6.106787./ phi_m, min: 0.000000 at y = 5.928571
phi_e, max: 0.004276 at y = 5.900000, phi_e, min: -0.016188 at y = 6.108213
phi_m, max: 71.336771 at y = 6.107458./ phi_m, min: 0.000000 at y = 5.928571
phi_e, max: -0.007546 at y = 5.900000, phi_e, min: -0.023318 at y = 6.108213


phi_m, max: -0.000000 at y = 3.790000./ phi_m, min: -0.001374 at y = 3.761429
phi_e, max: 0.000597 at y = 4.010000, phi_e, min: 0.000596 at y = 3.761429
phi_m, max: -0.000000 at y = 3.790000./ phi_m, min: -0.001109 at y = 3.761429
phi_e, max: 0.000236 at y = 4.010000, phi_e, min: 0.000236 at y = 3.761429
phi_m, max: -0.000000 at y = 3.790000./ phi_m, min: -0.001072 at y = 3.761429
phi_e, max: 0.000193 at y = 4.010000, phi_e, min: 0.000192 at y = 3.761429
phi_m, max: -0.000000 at y = 3.790000./ phi_m, min: -0.001003 at y = 3.794084
phi_e, max: 0.000141 at y = 3.761429, phi_e, min: 0.000140 at y = 4.010000
phi_m, max: 0.003369 at y = 3.761429./ phi_m, min: -0.000719 at y = 4.010000
phi_e, max: -0.000204 at y = 3.761429, phi_e, min: -0.000311 at y = 4.010000
phi_m, max: 0.546312 at y = 3.761429./ phi_m, min: 0.000000 at y = 3.790000
phi_e, max: -0.011629 at y = 4.010000, phi_e, min: -0.012581 at y = 3.761429
phi_m, max: 43.253296 at y = 3.761429./ phi_m, min: 0.000000 at y = 3.790000
phi_e, max: 0.070793 at y = 3.793213, phi_e, min: 0.053819 at y = 3.961218
phi_m, max: 114.555878 at y = 4.003633./ phi_m, min: 0.000000 at y = 3.790000
phi_e, max: 0.042649 at y = 3.835133, phi_e, min: -0.011267 at y = 4.009413
phi_m, max: 106.560100 at y = 4.006426./ phi_m, min: 0.000000 at y = 3.790000
phi_e, max: 0.038591 at y = 3.860792, phi_e, min: 0.018622 at y = 4.008213
phi_m, max: 88.951857 at y = 4.007458./ phi_m, min: 0.000000 at y = 3.790000
phi_e, max: 0.029491 at y = 3.860792, phi_e, min: 0.013025 at y = 4.008213
phi_m, max: 68.778070 at y = 4.007458./ phi_m, min: 0.000000 at y = 3.790000
phi_e, max: 0.021131 at y = 3.858342, phi_e, min: 0.008567 at y = 4.008213
phi_m, max: 49.450626 at y = 4.008213./ phi_m, min: 0.000000 at y = 3.790000
phi_e, max: 0.017284 at y = 3.863705, phi_e, min: 0.009207 at y = 4.008213
phi_m, max: 31.776912 at y = 4.009413./ phi_m, min: 0.000000 at y = 3.790000
phi_e, max: 0.009911 at y = 3.866154, phi_e, min: 0.005297 at y = 4.006787
phi_m, max: 10.156409 at y = 4.010000./ phi_m, min: 0.000000 at y = 3.790000
phi_e, max: 0.007549 at y = 4.010000, phi_e, min: 0.005184 at y = 3.761429
phi_m, max: 1.072700 at y = 4.010000./ phi_m, min: 0.000000 at y = 3.790000
phi_e, max: 0.006785 at y = 4.010000, phi_e, min: 0.004177 at y = 3.761429


phi_m, max: -0.000000 at y = 5.260000./ phi_m, min: -0.000991 at y = 5.264832
phi_e, max: 0.000602 at y = 5.298571, phi_e, min: 0.000601 at y = 5.060000
phi_m, max: -0.000000 at y = 5.260000./ phi_m, min: -0.000999 at y = 5.264832
phi_e, max: 0.000238 at y = 5.298571, phi_e, min: 0.000237 at y = 5.060000
phi_m, max: -0.000000 at y = 5.260000./ phi_m, min: -0.000991 at y = 5.264832
phi_e, max: 0.000193 at y = 5.298571, phi_e, min: 0.000193 at y = 5.060000
phi_m, max: -0.000000 at y = 5.260000./ phi_m, min: -0.000982 at y = 5.264832
phi_e, max: 0.000134 at y = 5.060000, phi_e, min: 0.000132 at y = 5.298571
phi_m, max: -0.000000 at y = 5.260000./ phi_m, min: -0.000974 at y = 5.265168
phi_e, max: -0.000756 at y = 5.060000, phi_e, min: -0.000857 at y = 5.298571
phi_m, max: -0.000000 at y = 5.260000./ phi_m, min: -0.000965 at y = 5.264490
phi_e, max: -0.005316 at y = 5.298571, phi_e, min: -0.006494 at y = 5.060000
phi_m, max: -0.000000 at y = 5.260000./ phi_m, min: -0.000919 at y = 5.266259
phi_e, max: 0.056752 at y = 5.298571, phi_e, min: 0.056167 at y = 5.060000
phi_m, max: 0.016133 at y = 5.063356./ phi_m, min: 0.000000 at y = 5.260000
phi_e, max: -0.016160 at y = 5.298571, phi_e, min: -0.016604 at y = 5.060000
phi_m, max: 2.027502 at y = 5.063356./ phi_m, min: 0.000000 at y = 5.260000
phi_e, max: 0.115751 at y = 5.060000, phi_e, min: 0.112640 at y = 5.298571
phi_m, max: 101.785249 at y = 5.063356./ phi_m, min: 0.000000 at y = 5.260000
phi_e, max: 0.192079 at y = 5.298571, phi_e, min: 0.100308 at y = 5.060000
phi_m, max: 112.673651 at y = 5.266259./ phi_m, min: 0.000000 at y = 5.260000
phi_e, max: 0.091354 at y = 5.136703, phi_e, min: 0.080157 at y = 5.265587
phi_m, max: 98.011983 at y = 5.266787./ phi_m, min: 0.000000 at y = 5.260000
phi_e, max: 0.078680 at y = 5.147871, phi_e, min: 0.070819 at y = 5.264413
phi_m, max: 78.603127 at y = 5.267458./ phi_m, min: 0.000000 at y = 5.260000
phi_e, max: 0.065775 at y = 5.158082, phi_e, min: 0.060364 at y = 5.264413
phi_m, max: 58.442691 at y = 5.267458./ phi_m, min: 0.000000 at y = 5.260000
phi_e, max: 0.049365 at y = 5.158082, phi_e, min: 0.045522 at y = 5.264413
phi_m, max: 40.440348 at y = 5.268376./ phi_m, min: 0.000000 at y = 5.260000
phi_e, max: 0.024189 at y = 5.164075, phi_e, min: 0.021692 at y = 5.264413


phi_m, max: -0.000000 at y = 5.690000./ phi_m, min: -0.000992 at y = 5.895168
phi_e, max: 0.000606 at y = 5.928571, phi_e, min: 0.000605 at y = 5.685587
phi_m, max: -0.000000 at y = 5.690000./ phi_m, min: -0.001000 at y = 5.895168
phi_e, max: 0.000239 at y = 5.928571, phi_e, min: 0.000239 at y = 5.685587
phi_m, max: -0.000000 at y = 5.690000./ phi_m, min: -0.000993 at y = 5.895168
phi_e, max: 0.000195 at y = 5.928571, phi_e, min: 0.000194 at y = 5.685587
phi_m, max: -0.000000 at y = 5.690000./ phi_m, min: -0.000984 at y = 5.895168
phi_e, max: 0.000131 at y = 5.685587, phi_e, min: 0.000130 at y = 5.928571
phi_m, max: -0.000000 at y = 5.690000./ phi_m, min: -0.000974 at y = 5.894832
phi_e, max: -0.001021 at y = 5.685587, phi_e, min: -0.001124 at y = 5.928571
phi_m, max: -0.000000 at y = 5.690000./ phi_m, min: -0.000979 at y = 5.895916
phi_e, max: -0.002212 at y = 5.928571, phi_e, min: -0.003408 at y = 5.685587
phi_m, max: -0.000000 at y = 5.690000./ phi_m, min: -0.000970 at y = 5.895587
phi_e, max: 0.058293 at y = 5.928571, phi_e, min: 0.057699 at y = 5.685587
phi_m, max: -0.000000 at y = 5.690000./ phi_m, min: -0.000952 at y = 5.895916
phi_e, max: -0.014923 at y = 5.928571, phi_e, min: -0.015404 at y = 5.685587
phi_m, max: 0.006201 at y = 5.690000./ phi_m, min: 0.000000 at y = 5.690000
phi_e, max: 0.112307 at y = 5.928571, phi_e, min: 0.111935 at y = 5.685587
phi_m, max: 0.521389 at y = 5.690000./ phi_m, min: 0.000000 at y = 5.690000
phi_e, max: 0.229830 at y = 5.928571, phi_e, min: 0.229426 at y = 5.685587
phi_m, max: 71.603509 at y = 5.690000./ phi_m, min: 0.000000 at y = 5.690000
phi_e, max: 0.028103 at y = 5.896787, phi_e, min: 0.009652 at y = 5.690000
phi_m, max: 114.624710 at y = 5.895587./ phi_m, min: 0.000000 at y = 5.690000
phi_e, max: 0.031189 at y = 5.685587, phi_e, min: -0.001349 at y = 5.928571
phi_m, max: 102.163804 at y = 5.896787./ phi_m, min: 0.000000 at y = 5.690000
phi_e, max: 0.030764 at y = 5.685587, phi_e, min: 0.006196 at y = 5.898213
phi_m, max: 83.444306 at y = 5.897458./ phi_m, min: 0.000000 at y = 5.690000
phi_e, max: 0.023058 at y = 5.685587, phi_e, min: 0.003608 at y = 5.898213
phi_m, max: 63.163368 at y = 5.897458./ phi_m, min: 0.000000 at y = 5.690000
phi_e, max: 0.006195 at y = 5.685587, phi_e, min: -0.008046 at y = 5.898213


phi_m, max: -0.000000 at y = 2.358571./ phi_m, min: -0.002532 at y = 2.501429
phi_e, max: -0.135338 at y = 2.625714, phi_e, min: -0.196662 at y = 2.330000
phi_m, max: -0.000000 at y = 2.358571./ phi_m, min: -0.001122 at y = 2.530000
phi_e, max: -0.053587 at y = 2.625714, phi_e, min: -0.077868 at y = 2.330000
phi_m, max: 0.069862 at y = 2.387143./ phi_m, min: 0.000000 at y = 2.358571
phi_e, max: -0.043696 at y = 2.625714, phi_e, min: -0.063482 at y = 2.330000
phi_m, max: 9.501471 at y = 2.387143./ phi_m, min: 0.000000 at y = 2.358571
phi_e, max: -0.033047 at y = 2.625714, phi_e, min: -0.046406 at y = 2.330000
phi_m, max: 112.966571 at y = 2.532542./ phi_m, min: 0.000000 at y = 2.358571
phi_e, max: -0.007522 at y = 2.399511, phi_e, min: -0.036899 at y = 2.538213
phi_m, max: 108.083386 at y = 2.536426./ phi_m, min: 0.000000 at y = 2.358571
phi_e, max: -0.005497 at y = 2.625714, phi_e, min: -0.015216 at y = 2.330000
phi_m, max: 90.995328 at y = 2.536787./ phi_m, min: 0.000000 at y = 2.358571
phi_e, max: -0.028792 at y = 2.625714, phi_e, min: -0.046378 at y = 2.330000
phi_m, max: 70.925037 at y = 2.537458./ phi_m, min: 0.000000 at y = 2.358571
phi_e, max: -0.026659 at y = 2.625714, phi_e, min: -0.042639 at y = 2.330000
phi_m, max: 51.355700 at y = 2.538213./ phi_m, min: 0.000000 at y = 2.358571
phi_e, max: -0.023064 at y = 2.625714, phi_e, min: -0.036631 at y = 2.330000
phi_m, max: 33.777078 at y = 2.597143./ phi_m, min: 0.000000 at y = 2.358571
phi_e, max: -0.017846 at y = 2.625714, phi_e, min: -0.028113 at y = 2.330000
phi_m, max: 13.297838 at y = 2.597143./ phi_m, min: 0.000000 at y = 2.358571
phi_e, max: -0.013574 at y = 2.625714, phi_e, min: -0.022088 at y = 2.330000
phi_m, max: 1.731995 at y = 2.597143./ phi_m, min: 0.000000 at y = 2.358571
phi_e, max: -0.010122 at y = 2.625714, phi_e, min: -0.014541 at y = 2.330000
phi_m, max: -0.000000 at y = 2.358571./ phi_m, min: -0.232085 at y = 2.387143
phi_e, max: -0.004253 at y = 2.625714, phi_e, min: -0.004940 at y = 2.330000
phi_m, max: -0.000000 at y = 2.358571./ phi_m, min: -0.375549 at y = 2.387143
phi_e, max: -0.002082 at y = 2.330000, phi_e, min: -0.002131 at y = 2.625714
phi_m, max: -0.000000 at y = 2.358571./ phi_m, min: -0.450188 at y = 2.533574
phi_e, max: -0.001374 at y = 2.330000, phi_e, min: -0.001502 at y = 2.625714


phi_m, max: 114.785271 at y = 0.433633./ phi_m, min: -0.021591 at y = 3.277724
phi_e, max: 0.000611 at y = 3.341429, phi_e, min: -0.575517 at y = 0.438213
phi_m, max: 106.175770 at y = 0.436426./ phi_m, min: -0.008939 at y = 3.277724
phi_e, max: 0.000242 at y = 3.341429, phi_e, min: -0.154302 at y = 0.436787
phi_m, max: 88.448626 at y = 0.437458./ phi_m, min: -0.007427 at y = 3.277724
phi_e, max: 0.000197 at y = 3.341429, phi_e, min: -0.064984 at y = 0.436787
phi_m, max: 68.257438 at y = 0.437458./ phi_m, min: -0.002515 at y = 3.321869
phi_e, max: 0.019098 at y = 0.344286, phi_e, min: -0.003821 at y = 3.198571
phi_m, max: 48.995853 at y = 0.438213./ phi_m, min: 0.000000 at y = 0.430000
phi_e, max: 0.058743 at y = 0.344286, phi_e, min: -0.002616 at y = 3.198571
phi_m, max: 52.675655 at y = 3.198571./ phi_m, min: 0.000000 at y = 0.430000
phi_e, max: 0.000366 at y = 3.341429, phi_e, min: -0.024914 at y = 0.433213
phi_m, max: 109.268696 at y = 3.341429./ phi_m, min: 0.000000 at y = 0.430000
phi_e, max: 0.000481 at y = 3.341429, phi_e, min: -0.130474 at y = 0.319071
phi_m, max: 96.399986 at y = 3.341429./ phi_m, min: 0.000000 at y = 0.430000
phi_e, max: 0.000427 at y = 3.341429, phi_e, min: -0.139280 at y = 0.319071
phi_m, max: 78.077600 at y = 3.341429./ phi_m, min: -0.221076 at y = 0.344286
phi_e, max: 0.000347 at y = 3.341429, phi_e, min: -0.131813 at y = 0.319071
phi_m, max: 58.601415 at y = 3.341429./ phi_m, min: -0.381048 at y = 0.432542
phi_e, max: 0.000259 at y = 3.341429, phi_e, min: -0.108205 at y = 0.319071
phi_m, max: 40.929646 at y = 3.341429./ phi_m, min: -0.452623 at y = 0.434413
phi_e, max: 0.000187 at y = 3.341429, phi_e, min: -0.080073 at y = 0.319071
phi_m, max: 22.190263 at y = 3.341429./ phi_m, min: -0.482497 at y = 0.434832
phi_e, max: 0.000254 at y = 3.341429, phi_e, min: -0.043378 at y = 0.324726
phi_m, max: 4.300467 at y = 3.341429./ phi_m, min: -0.483473 at y = 0.435168
phi_e, max: 0.000416 at y = 3.341429, phi_e, min: -0.009987 at y = 0.325925
phi_m, max: 0.219247 at y = 3.341429./ phi_m, min: -0.464702 at y = 0.435449
phi_e, max: 0.000348 at y = 3.341429, phi_e, min: -0.002374 at y = 0.344286
phi_m, max: -0.000000 at y = 0.430000./ phi_m, min: -0.433867 at y = 0.435510
phi_e, max: 0.000276 at y = 3.341429, phi_e, min: -0.001111 at y = 0.344286


phi_m, max: -0.000000 at y = 4.850000./ phi_m, min: -0.000991 at y = 4.844832
phi_e, max: 0.000601 at y = 5.088571, phi_e, min: 0.000601 at y = 4.840000
phi_m, max: -0.000000 at y = 4.850000./ phi_m, min: -0.000999 at y = 4.844832
phi_e, max: 0.000237 at y = 5.088571, phi_e, min: 0.000237 at y = 4.887583
phi_m, max: -0.000000 at y = 4.850000./ phi_m, min: -0.000991 at y = 4.844832
phi_e, max: 0.000193 at y = 5.088571, phi_e, min: 0.000193 at y = 4.909300
phi_m, max: -0.000000 at y = 4.850000./ phi_m, min: -0.000982 at y = 5.055168
phi_e, max: 0.000135 at y = 4.840000, phi_e, min: 0.000133 at y = 5.088571
phi_m, max: -0.000000 at y = 4.850000./ phi_m, min: -0.000974 at y = 5.055168
phi_e, max: -0.000663 at y = 4.840000, phi_e, min: -0.000767 at y = 5.088571
phi_m, max: -0.000000 at y = 4.850000./ phi_m, min: -0.000964 at y = 5.054832
phi_e, max: -0.006358 at y = 5.088571, phi_e, min: -0.007573 at y = 4.840000
phi_m, max: 0.002022 at y = 4.840000./ phi_m, min: -0.000736 at y = 5.060000
phi_e, max: 0.056235 at y = 5.088571, phi_e, min: 0.055634 at y = 4.840000
phi_m, max: 0.270915 at y = 4.840000./ phi_m, min: 0.000000 at y = 4.850000
phi_e, max: -0.016554 at y = 5.088571, phi_e, min: -0.016813 at y = 4.840000
phi_m, max: 30.962400 at y = 4.840000./ phi_m, min: 0.000000 at y = 4.850000
phi_e, max: 0.140288 at y = 4.841787, phi_e, min: 0.115228 at y = 5.088571
phi_m, max: 114.184959 at y = 4.845587./ phi_m, min: 0.000000 at y = 4.850000
phi_e, max: 0.111048 at y = 4.962129, phi_e, min: 0.093173 at y = 4.840587
phi_m, max: 107.559663 at y = 5.056426./ phi_m, min: 0.000000 at y = 4.850000
phi_e, max: 0.091703 at y = 4.981058, phi_e, min: 0.074102 at y = 4.840587
phi_m, max: 90.281547 at y = 5.056787./ phi_m, min: 0.000000 at y = 4.850000
phi_e, max: 0.077628 at y = 4.983846, phi_e, min: 0.062953 at y = 4.841787
phi_m, max: 70.171891 at y = 5.057458./ phi_m, min: 0.000000 at y = 4.850000
phi_e, max: 0.063650 at y = 5.088571, phi_e, min: 0.051521 at y = 4.840587
phi_m, max: 50.683885 at y = 5.058213./ phi_m, min: 0.000000 at y = 4.850000
phi_e, max: 0.047760 at y = 5.088571, phi_e, min: 0.038657 at y = 4.840587
phi_m, max: 33.080521 at y = 5.058825./ phi_m, min: 0.000000 at y = 4.850000
phi_e, max: 0.022920 at y = 5.088571, phi_e, min: 0.017548 at y = 4.841787


phi_m, max: -0.000000 at y = 5.480000./ phi_m, min: -0.000991 at y = 5.685168
phi_e, max: 0.000605 at y = 5.690000, phi_e, min: 0.000603 at y = 5.470000
phi_m, max: -0.000000 at y = 5.480000./ phi_m, min: -0.000999 at y = 5.685168
phi_e, max: 0.000239 at y = 5.690000, phi_e, min: 0.000238 at y = 5.470000
phi_m, max: -0.000000 at y = 5.480000./ phi_m, min: -0.000992 at y = 5.685168
phi_e, max: 0.000194 at y = 5.690000, phi_e, min: 0.000194 at y = 5.470000
phi_m, max: -0.000000 at y = 5.480000./ phi_m, min: -0.000983 at y = 5.685168
phi_e, max: 0.000132 at y = 5.470000, phi_e, min: 0.000131 at y = 5.690000
phi_m, max: -0.000000 at y = 5.480000./ phi_m, min: -0.000973 at y = 5.685168
phi_e, max: -0.000930 at y = 5.470000, phi_e, min: -0.001023 at y = 5.690000
phi_m, max: -0.000000 at y = 5.480000./ phi_m, min: -0.000976 at y = 5.684084
phi_e, max: -0.003385 at y = 5.690000, phi_e, min: -0.004472 at y = 5.470000
phi_m, max: -0.000000 at y = 5.480000./ phi_m, min: -0.000966 at y = 5.684551
phi_e, max: 0.057710 at y = 5.690000, phi_e, min: 0.057171 at y = 5.470000
phi_m, max: -0.000000 at y = 5.480000./ phi_m, min: -0.000886 at y = 5.687458
phi_e, max: -0.015395 at y = 5.690000, phi_e, min: -0.015832 at y = 5.470000
phi_m, max: 0.046345 at y = 5.480000./ phi_m, min: 0.000000 at y = 5.480000
phi_e, max: 0.111942 at y = 5.690000, phi_e, min: 0.111592 at y = 5.470000
phi_m, max: 3.500820 at y = 5.480000./ phi_m, min: 0.000000 at y = 5.480000
phi_e, max: 0.229471 at y = 5.686787, phi_e, min: 0.227831 at y = 5.470000
phi_m, max: 110.880028 at y = 5.480000./ phi_m, min: 0.000000 at y = 5.480000
phi_e, max: 0.058351 at y = 5.470000, phi_e, min: 0.009151 at y = 5.684413
phi_m, max: 110.745552 at y = 5.686426./ phi_m, min: 0.000000 at y = 5.480000
phi_e, max: 0.060216 at y = 5.470000, phi_e, min: 0.029961 at y = 5.688213
phi_m, max: 94.847180 at y = 5.686787./ phi_m, min: 0.000000 at y = 5.480000
phi_e, max: 0.053067 at y = 5.470000, phi_e, min: 0.029764 at y = 5.688213
phi_m, max: 75.073626 at y = 5.687458./ phi_m, min: 0.000000 at y = 5.480000
phi_e, max: 0.040046 at y = 5.470000, phi_e, min: 0.022283 at y = 5.688213
phi_m, max: 55.126335 at y = 5.688213./ phi_m, min: 0.000000 at y = 5.480000
phi_e, max: 0.018136 at y = 5.470000, phi_e, min: 0.005640 at y = 5.688213


phi_m, max: 107.904278 at y = 0.440000./ phi_m, min: 0.000000 at y = 0.430000
phi_e, max: -0.496333 at y = 0.888571, phi_e, min: -0.575072 at y = 0.440000
phi_m, max: 111.649168 at y = 0.646259./ phi_m, min: 0.000000 at y = 0.430000
phi_e, max: -0.148978 at y = 0.553086, phi_e, min: -0.156066 at y = 0.858825
phi_m, max: 96.272599 at y = 0.646787./ phi_m, min: 0.000000 at y = 0.430000
phi_e, max: -0.060714 at y = 0.550636, phi_e, min: -0.065168 at y = 0.858825
phi_m, max: 76.648437 at y = 0.647458./ phi_m, min: 0.000000 at y = 0.430000
phi_e, max: 0.016624 at y = 0.547724, phi_e, min: 0.011942 at y = 0.858825
phi_m, max: 56.592368 at y = 0.648213./ phi_m, min: 0.000000 at y = 0.430000
phi_e, max: 0.056988 at y = 0.545274, phi_e, min: 0.052845 at y = 0.858825
phi_m, max: 38.785848 at y = 0.648376./ phi_m, min: 0.000000 at y = 0.430000
phi_e, max: -0.010025 at y = 0.888571, phi_e, min: -0.024626 at y = 0.440000
phi_m, max: 18.307628 at y = 0.650000./ phi_m, min: 0.000000 at y = 0.430000
phi_e, max: -0.096923 at y = 0.888571, phi_e, min: -0.126927 at y = 0.430000
phi_m, max: 2.879439 at y = 0.650000./ phi_m, min: 0.000000 at y = 0.430000
phi_e, max: -0.103701 at y = 0.888571, phi_e, min: -0.135956 at y = 0.430000
phi_m, max: 0.043682 at y = 0.650000./ phi_m, min: -0.174565 at y = 0.440000
phi_e, max: -0.102698 at y = 0.888571, phi_e, min: -0.129146 at y = 0.430000
phi_m, max: -0.000000 at y = 0.430000./ phi_m, min: -0.366204 at y = 0.440000
phi_e, max: -0.086582 at y = 0.888571, phi_e, min: -0.106210 at y = 0.430000
phi_m, max: -0.000000 at y = 0.430000./ phi_m, min: -0.440043 at y = 0.440000
phi_e, max: -0.065128 at y = 0.888571, phi_e, min: -0.078681 at y = 0.430000
phi_m, max: -0.000000 at y = 0.430000./ phi_m, min: -0.476751 at y = 0.644413
phi_e, max: -0.035894 at y = 0.888571, phi_e, min: -0.042665 at y = 0.430000
phi_m, max: -0.000000 at y = 0.430000./ phi_m, min: -0.486835 at y = 0.644832
phi_e, max: -0.008679 at y = 0.888571, phi_e, min: -0.009835 at y = 0.430000
phi_m, max: -0.000000 at y = 0.430000./ phi_m, min: -0.474221 at y = 0.645449
phi_e, max: -0.002309 at y = 0.858825, phi_e, min: -0.002344 at y = 0.527871
phi_m, max: -0.000000 at y = 0.430000./ phi_m, min: -0.447047 at y = 0.645510
phi_e, max: -0.001088 at y = 0.440000, phi_e, min: -0.001205 at y = 0.888571


phi_m, max: -0.000000 at y = 3.580000./ phi_m, min: -0.003667 at y = 3.551429
phi_e, max: 0.000596 at y = 3.790000, phi_e, min: 0.000594 at y = 3.551429
phi_m, max: -0.000000 at y = 3.580000./ phi_m, min: -0.001977 at y = 3.551429
phi_e, max: 0.000236 at y = 3.790000, phi_e, min: 0.000235 at y = 3.551429
phi_m, max: -0.000000 at y = 3.580000./ phi_m, min: -0.001778 at y = 3.551429
phi_e, max: 0.000192 at y = 3.790000, phi_e, min: 0.000191 at y = 3.551429
phi_m, max: -0.000000 at y = 3.580000./ phi_m, min: -0.001178 at y = 3.551429
phi_e, max: 0.000142 at y = 3.551429, phi_e, min: 0.000140 at y = 3.790000
phi_m, max: 0.027527 at y = 3.551429./ phi_m, min: 0.000000 at y = 3.580000
phi_e, max: -0.000099 at y = 3.551429, phi_e, min: -0.000216 at y = 3.790000
phi_m, max: 3.703708 at y = 3.551429./ phi_m, min: 0.000000 at y = 3.580000
phi_e, max: -0.011257 at y = 3.583213, phi_e, min: -0.012634 at y = 3.732857
phi_m, max: 110.672376 at y = 3.581787./ phi_m, min: 0.000000 at y = 3.580000
phi_e, max: 0.070238 at y = 3.789606, phi_e, min: 0.021370 at y = 3.583213
phi_m, max: 109.005798 at y = 3.586426./ phi_m, min: 0.000000 at y = 3.580000
phi_e, max: 0.040885 at y = 3.761429, phi_e, min: 0.018942 at y = 3.581787
phi_m, max: 93.464042 at y = 3.761429./ phi_m, min: 0.000000 at y = 3.580000
phi_e, max: 0.033698 at y = 3.761429, phi_e, min: 0.015373 at y = 3.581787
phi_m, max: 74.702919 at y = 3.761429./ phi_m, min: 0.000000 at y = 3.580000
phi_e, max: 0.025709 at y = 3.761429, phi_e, min: 0.011516 at y = 3.581787
phi_m, max: 55.357810 at y = 3.761429./ phi_m, min: 0.000000 at y = 3.580000
phi_e, max: 0.018427 at y = 3.761429, phi_e, min: 0.008218 at y = 3.581787
phi_m, max: 38.039950 at y = 3.761429./ phi_m, min: 0.000000 at y = 3.580000
phi_e, max: 0.014848 at y = 3.761429, phi_e, min: 0.006663 at y = 3.581787
phi_m, max: 18.296012 at y = 3.761429./ phi_m, min: 0.000000 at y = 3.580000
phi_e, max: 0.008130 at y = 3.790000, phi_e, min: 0.003578 at y = 3.551429
phi_m, max: 2.913077 at y = 3.761429./ phi_m, min: 0.000000 at y = 3.580000
phi_e, max: 0.005520 at y = 3.790000, phi_e, min: 0.002808 at y = 3.551429
phi_m, max: 0.050904 at y = 3.761429./ phi_m, min: -0.173537 at y = 3.551429
phi_e, max: 0.004457 at y = 3.790000, phi_e, min: 0.002243 at y = 3.551429


Writing: "Fiber2DEphapticPlaneL6rho3_15.chk"
 (0.00206564s, XML)
Steps: 16000000 Time: 1.6         
phi_m, max: -0.000000 at y = 5.480000./ phi_m, min: -0.000991 at y = 5.685168
phi_e, max: 0.000605 at y = 5.690000, phi_e, min: 0.000603 at y = 5.470000
phi_m, max: -0.000000 at y = 5.480000./ phi_m, min: -0.000999 at y = 5.685168
phi_e, max: 0.000239 at y = 5.690000, phi_e, min: 0.000238 at y = 5.470000
phi_m, max: -0.000000 at y = 5.480000./ phi_m, min: -0.000992 at y = 5.685168
phi_e, max: 0.000194 at y = 5.690000, phi_e, min: 0.000194 at y = 5.470000
phi_m, max: -0.000000 at y = 5.480000./ phi_m, min: -0.000983 at y = 5.685168
phi_e, max: 0.000132 at y = 5.470000, phi_e, min: 0.000131 at y = 5.690000
phi_m, max: -0.000000 at y = 5.480000./ phi_m, min: -0.000973 at y = 5.685168
phi_e, max: -0.000930 at y = 5.470000, phi_e, min: -0.001023 at y = 5.690000
phi_m, max: -0.000000 at y = 5.480000./ phi_m, min: -0.000976 at y = 5.684084
phi_e, max: -0.003385 at y = 5.690000, phi_e, min: -0.004472 at y = 5.470000
phi_m, max: -0.000000 at y = 5.480000./ phi_m, min: -0.000966 at y = 5.684551
phi_e, max: 0.057710 at y = 5.690000, phi_e, min: 0.057171 at y = 5.470000
phi_m, max: -0.000000 at y = 5.480000./ phi_m, min: -0.000886 at y = 5.687458
phi_e, max: -0.015395 at y = 5.690000, phi_e, min: -0.015832 at y = 5.470000
phi_m, max: 0.046345 at y = 5.480000./ phi_m, min: 0.000000 at y = 5.480000
phi_e, max: 0.111942 at y = 5.690000, phi_e, min: 0.111592 at y = 5.470000
phi_m, max: 3.500820 at y = 5.480000./ phi_m, min: 0.000000 at y = 5.480000
phi_e, max: 0.229471 at y = 5.686787, phi_e, min: 0.227831 at y = 5.470000
phi_m, max: 110.880028 at y = 5.480000./ phi_m, min: 0.000000 at y = 5.480000
phi_e, max: 0.058351 at y = 5.470000, phi_e, min: 0.009151 at y = 5.684413
phi_m, max: 110.745552 at y = 5.686426./ phi_m, min: 0.000000 at y = 5.480000
phi_e, max: 0.060216 at y = 5.470000, phi_e, min: 0.029961 at y = 5.688213
phi_m, max: 94.847180 at y = 5.686787./ phi_m, min: 0.000000 at y = 5.480000
phi_e, max: 0.053067 at y = 5.470000, phi_e, min: 0.029764 at y = 5.688213
phi_m, max: 75.073626 at y = 5.687458./ phi_m, min: 0.000000 at y = 5.480000
phi_e, max: 0.040046 at y = 5.470000, phi_e, min: 0.022283 at y = 5.688213
phi_m, max: 55.126335 at y = 5.688213./ phi_m, min: 0.000000 at y = 5.480000
phi_e, max: 0.018136 at y = 5.470000, phi_e, min: 0.005640 at y = 5.688213
phi_m, max: 37.433274 at y = 5.688376./ phi_m, min: 0.000000 at y = 5.480000
phi_e, max: 0.004946 at y = 5.470000, phi_e, min: -0.003679 at y = 5.688213


phi_m, max: -0.000000 at y = 3.580000./ phi_m, min: -0.003667 at y = 3.551429
phi_e, max: 0.000596 at y = 3.790000, phi_e, min: 0.000594 at y = 3.551429
phi_m, max: -0.000000 at y = 3.580000./ phi_m, min: -0.001977 at y = 3.551429
phi_e, max: 0.000236 at y = 3.790000, phi_e, min: 0.000235 at y = 3.551429
phi_m, max: -0.000000 at y = 3.580000./ phi_m, min: -0.001778 at y = 3.551429
phi_e, max: 0.000192 at y = 3.790000, phi_e, min: 0.000191 at y = 3.551429
phi_m, max: -0.000000 at y = 3.580000./ phi_m, min: -0.001178 at y = 3.551429
phi_e, max: 0.000142 at y = 3.551429, phi_e, min: 0.000140 at y = 3.790000
phi_m, max: 0.027527 at y = 3.551429./ phi_m, min: 0.000000 at y = 3.580000
phi_e, max: -0.000099 at y = 3.551429, phi_e, min: -0.000216 at y = 3.790000
phi_m, max: 3.703708 at y = 3.551429./ phi_m, min: 0.000000 at y = 3.580000
phi_e, max: -0.011257 at y = 3.583213, phi_e, min: -0.012634 at y = 3.732857
phi_m, max: 110.672376 at y = 3.581787./ phi_m, min: 0.000000 at y = 3.580000
phi_e, max: 0.070238 at y = 3.789606, phi_e, min: 0.021370 at y = 3.583213
phi_m, max: 109.005798 at y = 3.586426./ phi_m, min: 0.000000 at y = 3.580000
phi_e, max: 0.040885 at y = 3.761429, phi_e, min: 0.018942 at y = 3.581787
phi_m, max: 93.464042 at y = 3.761429./ phi_m, min: 0.000000 at y = 3.580000
phi_e, max: 0.033698 at y = 3.761429, phi_e, min: 0.015373 at y = 3.581787
phi_m, max: 74.702919 at y = 3.761429./ phi_m, min: 0.000000 at y = 3.580000
phi_e, max: 0.025709 at y = 3.761429, phi_e, min: 0.011516 at y = 3.581787
phi_m, max: 55.357810 at y = 3.761429./ phi_m, min: 0.000000 at y = 3.580000
phi_e, max: 0.018427 at y = 3.761429, phi_e, min: 0.008218 at y = 3.581787
phi_m, max: 38.039950 at y = 3.761429./ phi_m, min: 0.000000 at y = 3.580000
phi_e, max: 0.014848 at y = 3.761429, phi_e, min: 0.006663 at y = 3.581787
phi_m, max: 18.296012 at y = 3.761429./ phi_m, min: 0.000000 at y = 3.580000
phi_e, max: 0.008130 at y = 3.790000, phi_e, min: 0.003578 at y = 3.551429
phi_m, max: 2.913077 at y = 3.761429./ phi_m, min: 0.000000 at y = 3.580000
phi_e, max: 0.005520 at y = 3.790000, phi_e, min: 0.002808 at y = 3.551429
phi_m, max: 0.050904 at y = 3.761429./ phi_m, min: -0.173537 at y = 3.551429
phi_e, max: 0.004457 at y = 3.790000, phi_e, min: 0.002243 at y = 3.551429
phi_m, max: -0.000000 at y = 3.580000./ phi_m, min: -0.367733 at y = 3.581624
phi_e, max: 0.003248 at y = 3.790000, phi_e, min: 0.001630 at y = 3.551429


phi_m, max: -0.000000 at y = 2.740000./ phi_m, min: -0.001568 at y = 2.835714
phi_e, max: -0.091351 at y = 2.835714, phi_e, min: -0.141050 at y = 2.597143
phi_m, max: -0.000000 at y = 2.740000./ phi_m, min: -0.001150 at y = 2.835714
phi_e, max: -0.036170 at y = 2.835714, phi_e, min: -0.055848 at y = 2.597143
phi_m, max: 0.009560 at y = 2.597143./ phi_m, min: 0.000000 at y = 2.740000
phi_e, max: -0.029493 at y = 2.835714, phi_e, min: -0.045540 at y = 2.597143
phi_m, max: 1.427145 at y = 2.597143./ phi_m, min: 0.000000 at y = 2.740000
phi_e, max: -0.022259 at y = 2.835714, phi_e, min: -0.034405 at y = 2.597143
phi_m, max: 81.429102 at y = 2.597143./ phi_m, min: 0.000000 at y = 2.740000
phi_e, max: -0.015138 at y = 2.746787, phi_e, min: -0.027398 at y = 2.597143
phi_m, max: 113.033986 at y = 2.745916./ phi_m, min: 0.000000 at y = 2.740000
phi_e, max: -0.003440 at y = 2.835714, phi_e, min: -0.012646 at y = 2.743213
phi_m, max: 98.667438 at y = 2.746787./ phi_m, min: 0.000000 at y = 2.740000
phi_e, max: -0.020164 at y = 2.835714, phi_e, min: -0.031007 at y = 2.743213
phi_m, max: 79.349945 at y = 2.747458./ phi_m, min: 0.000000 at y = 2.740000
phi_e, max: -0.018373 at y = 2.835714, phi_e, min: -0.028297 at y = 2.597143
phi_m, max: 59.158339 at y = 2.747458./ phi_m, min: 0.000000 at y = 2.740000
phi_e, max: -0.015673 at y = 2.835714, phi_e, min: -0.024421 at y = 2.597143
phi_m, max: 41.072277 at y = 2.748376./ phi_m, min: 0.000000 at y = 2.740000
phi_e, max: -0.012048 at y = 2.835714, phi_e, min: -0.018873 at y = 2.597143
phi_m, max: 22.926008 at y = 2.835714./ phi_m, min: 0.000000 at y = 2.740000
phi_e, max: -0.008562 at y = 2.835714, phi_e, min: -0.014308 at y = 2.597143
phi_m, max: 4.884420 at y = 2.835714./ phi_m, min: 0.000000 at y = 2.740000
phi_e, max: -0.006853 at y = 2.835714, phi_e, min: -0.010522 at y = 2.597143
phi_m, max: 0.306766 at y = 2.835714./ phi_m, min: -0.082166 at y = 2.597143
phi_e, max: -0.003728 at y = 2.835714, phi_e, min: -0.004315 at y = 2.597143
phi_m, max: -0.000000 at y = 2.740000./ phi_m, min: -0.333390 at y = 2.597143
phi_e, max: -0.002115 at y = 2.741787, phi_e, min: -0.002150 at y = 2.835714
phi_m, max: -0.000000 at y = 2.740000./ phi_m, min: -0.425495 at y = 2.742542
phi_e, max: -0.001489 at y = 2.597143, phi_e, min: -0.001577 at y = 2.835714
phi_m, max: -0.000000 at y = 2.740000./ phi_m, min: -0.473248 at y = 2.744084
phi_e, max: -0.001011 at y = 2.597143, phi_e, min: -0.001108 at y = 2.835714


phi_m, max: -0.000000 at y = 2.110000./ phi_m, min: -0.001581 at y = 2.056213
phi_e, max: -0.228565 at y = 2.177143, phi_e, min: -0.277169 at y = 1.938571
phi_m, max: 0.043783 at y = 1.938571./ phi_m, min: 0.000000 at y = 2.110000
phi_e, max: -0.090501 at y = 2.177143, phi_e, min: -0.109749 at y = 1.938571
phi_m, max: 3.670721 at y = 1.938571./ phi_m, min: 0.000000 at y = 2.110000
phi_e, max: -0.073853 at y = 2.177143, phi_e, min: -0.089857 at y = 1.938571
phi_m, max: 107.667042 at y = 1.938571./ phi_m, min: 0.000000 at y = 2.110000
phi_e, max: -0.046575 at y = 1.973705, phi_e, min: -0.071315 at y = 2.114413
phi_m, max: 110.378490 at y = 2.116426./ phi_m, min: 0.000000 at y = 2.110000
phi_e, max: 0.002865 at y = 1.983346, phi_e, min: -0.008404 at y = 2.116787
phi_m, max: 94.288485 at y = 2.116787./ phi_m, min: 0.000000 at y = 2.110000
phi_e, max: -0.012766 at y = 2.177143, phi_e, min: -0.018772 at y = 2.114413
phi_m, max: 74.462632 at y = 2.117458./ phi_m, min: 0.000000 at y = 2.110000
phi_e, max: -0.049669 at y = 2.177143, phi_e, min: -0.060125 at y = 1.938571
phi_m, max: 54.563027 at y = 2.118213./ phi_m, min: 0.000000 at y = 2.110000
phi_e, max: -0.046756 at y = 2.177143, phi_e, min: -0.057213 at y = 1.938571
phi_m, max: 36.905556 at y = 2.118825./ phi_m, min: 0.000000 at y = 2.110000
phi_e, max: -0.040779 at y = 2.177143, phi_e, min: -0.050072 at y = 1.938571
phi_m, max: 16.947948 at y = 2.177143./ phi_m, min: 0.000000 at y = 2.110000
phi_e, max: -0.032092 at y = 2.177143, phi_e, min: -0.041277 at y = 1.938571
phi_m, max: 2.643087 at y = 2.177143./ phi_m, min: 0.000000 at y = 2.110000
phi_e, max: -0.026858 at y = 2.177143, phi_e, min: -0.033943 at y = 1.938571
phi_m, max: 0.025674 at y = 2.177143./ phi_m, min: -0.198223 at y = 1.938571
phi_e, max: -0.016859 at y = 2.177143, phi_e, min: -0.020305 at y = 1.938571
phi_m, max: -0.000000 at y = 2.110000./ phi_m, min: -0.368866 at y = 1.938571
phi_e, max: -0.005323 at y = 2.177143, phi_e, min: -0.005889 at y = 1.938571
phi_m, max: -0.000000 at y = 2.110000./ phi_m, min: -0.440836 at y = 2.113213
phi_e, max: -0.002065 at y = 2.114413, phi_e, min: -0.002097 at y = 2.004726
phi_m, max: -0.000000 at y = 2.110000./ phi_m, min: -0.479288 at y = 2.114413
phi_e, max: -0.001277 at y = 1.938571, phi_e, min: -0.001346 at y = 2.177143
phi_m, max: -0.000000 at y = 2.110000./ phi_m, min: -0.486311 at y = 2.115168
phi_e, max: -0.000770 at y = 1.938571, phi_e, min: -0.000850 at y = 2.177143


phi_m, max: -0.000000 at y = 3.971429./ phi_m, min: -0.001031 at y = 3.885714
phi_e, max: 0.000598 at y = 4.210000, phi_e, min: 0.000597 at y = 3.885714
phi_m, max: -0.000000 at y = 3.971429./ phi_m, min: -0.000991 at y = 4.000000
phi_e, max: 0.000237 at y = 4.210000, phi_e, min: 0.000236 at y = 3.885714
phi_m, max: -0.000000 at y = 3.971429./ phi_m, min: -0.000981 at y = 4.000000
phi_e, max: 0.000193 at y = 4.210000, phi_e, min: 0.000192 at y = 3.885714
phi_m, max: -0.000000 at y = 3.971429./ phi_m, min: -0.000961 at y = 4.000000
phi_e, max: 0.000140 at y = 3.885714, phi_e, min: 0.000139 at y = 4.210000
phi_m, max: 0.000139 at y = 3.885714./ phi_m, min: -0.000869 at y = 4.210000
phi_e, max: -0.000259 at y = 3.885714, phi_e, min: -0.000396 at y = 4.210000
phi_m, max: 0.130099 at y = 3.885714./ phi_m, min: 0.000000 at y = 3.971429
phi_e, max: -0.010654 at y = 4.210000, phi_e, min: -0.012187 at y = 3.885714
phi_m, max: 11.090140 at y = 3.885714./ phi_m, min: 0.000000 at y = 3.971429
phi_e, max: 0.056605 at y = 3.885714, phi_e, min: 0.053916 at y = 3.961218
phi_m, max: 112.558504 at y = 4.000000./ phi_m, min: 0.000000 at y = 3.971429
phi_e, max: 0.036470 at y = 3.885714, phi_e, min: -0.011133 at y = 4.010000
phi_m, max: 108.715862 at y = 4.210000./ phi_m, min: 0.000000 at y = 3.971429
phi_e, max: 0.037648 at y = 3.885714, phi_e, min: 0.018714 at y = 4.010000
phi_m, max: 93.089785 at y = 4.210000./ phi_m, min: 0.000000 at y = 3.971429
phi_e, max: 0.028662 at y = 3.885714, phi_e, min: 0.013112 at y = 4.010000
phi_m, max: 73.616197 at y = 4.210000./ phi_m, min: 0.000000 at y = 3.971429
phi_e, max: 0.020455 at y = 3.885714, phi_e, min: 0.008643 at y = 4.010000
phi_m, max: 54.001959 at y = 4.210000./ phi_m, min: 0.000000 at y = 3.971429
phi_e, max: 0.016940 at y = 3.885714, phi_e, min: 0.009275 at y = 4.010000
phi_m, max: 36.516377 at y = 4.210000./ phi_m, min: 0.000000 at y = 3.971429
phi_e, max: 0.009746 at y = 3.885714, phi_e, min: 0.005386 at y = 4.010000
phi_m, max: 15.523747 at y = 4.210000./ phi_m, min: 0.000000 at y = 3.971429
phi_e, max: 0.010643 at y = 4.210000, phi_e, min: 0.006422 at y = 3.885714
phi_m, max: 2.098599 at y = 4.210000./ phi_m, min: 0.000000 at y = 3.971429
phi_e, max: 0.008797 at y = 4.210000, phi_e, min: 0.005397 at y = 3.885714
phi_m, max: -0.000000 at y = 3.971429./ phi_m, min: -0.245979 at y = 3.885714
phi_e, max: 0.006274 at y = 4.210000, phi_e, min: 0.003918 at y = 3.885714


phi_m, max: -0.000000 at y = 3.370000./ phi_m, min: -0.018119 at y = 3.341429
phi_e, max: 0.000611 at y = 3.341429, phi_e, min: 0.000000 at y = 3.312857
phi_m, max: -0.000000 at y = 3.370000./ phi_m, min: -0.007600 at y = 3.341429
phi_e, max: 0.000242 at y = 3.341429, phi_e, min: 0.000000 at y = 3.312857
phi_m, max: -0.000000 at y = 3.370000./ phi_m, min: -0.006347 at y = 3.341429
phi_e, max: 0.000197 at y = 3.341429, phi_e, min: 0.000000 at y = 3.312857
phi_m, max: -0.000000 at y = 3.370000./ phi_m, min: -0.002426 at y = 3.341429
phi_e, max: 0.000149 at y = 3.341429, phi_e, min: 0.000000 at y = 3.312857
phi_m, max: 0.187703 at y = 3.341429./ phi_m, min: 0.000000 at y = 3.370000
phi_e, max: 0.000093 at y = 3.341429, phi_e, min: -0.000099 at y = 3.551429
phi_m, max: 25.019374 at y = 3.341429./ phi_m, min: 0.000000 at y = 3.370000
phi_e, max: 0.001331 at y = 3.371787, phi_e, min: -0.011529 at y = 3.545110
phi_m, max: 114.814570 at y = 3.375449./ phi_m, min: 0.000000 at y = 3.370000
phi_e, max: 0.024272 at y = 3.551429, phi_e, min: -0.000889 at y = 3.371787
phi_m, max: 102.779806 at y = 3.376787./ phi_m, min: 0.000000 at y = 3.370000
phi_e, max: 0.020121 at y = 3.551429, phi_e, min: -0.000663 at y = 3.371787
phi_m, max: 85.981751 at y = 3.551429./ phi_m, min: 0.000000 at y = 3.370000
phi_e, max: 0.016352 at y = 3.551429, phi_e, min: -0.000527 at y = 3.371787
phi_m, max: 66.588126 at y = 3.551429./ phi_m, min: 0.000000 at y = 3.370000
phi_e, max: 0.012270 at y = 3.551429, phi_e, min: -0.000388 at y = 3.371787
phi_m, max: 47.930545 at y = 3.551429./ phi_m, min: 0.000000 at y = 3.370000
phi_e, max: 0.008746 at y = 3.551429, phi_e, min: -0.000257 at y = 3.371787
phi_m, max: 30.744731 at y = 3.551429./ phi_m, min: 0.000000 at y = 3.370000
phi_e, max: 0.006867 at y = 3.551429, phi_e, min: 0.000000 at y = 3.312857
phi_m, max: 9.777364 at y = 3.551429./ phi_m, min: 0.000000 at y = 3.370000
phi_e, max: 0.003586 at y = 3.551429, phi_e, min: 0.000000 at y = 3.312857
phi_m, max: 1.007025 at y = 3.551429./ phi_m, min: 0.000000 at y = 3.370000
phi_e, max: 0.002809 at y = 3.551429, phi_e, min: 0.000000 at y = 3.312857
phi_m, max: -0.000000 at y = 3.370000./ phi_m, min: -0.280667 at y = 3.370000
phi_e, max: 0.002243 at y = 3.551429, phi_e, min: 0.000000 at y = 3.312857
phi_m, max: -0.000000 at y = 3.370000./ phi_m, min: -0.407210 at y = 3.372542
phi_e, max: 0.001631 at y = 3.551429, phi_e, min: 0.000000 at y = 3.312857


phi_m, max: -0.000000 at y = 2.950000./ phi_m, min: -0.004183 at y = 3.045714
phi_e, max: -0.047576 at y = 3.045714, phi_e, min: -0.097399 at y = 2.807143
phi_m, max: -0.000000 at y = 2.950000./ phi_m, min: -0.002155 at y = 3.045714
phi_e, max: -0.018838 at y = 3.045714, phi_e, min: -0.038565 at y = 2.807143
phi_m, max: 0.000513 at y = 2.807143./ phi_m, min: -0.001718 at y = 3.045714
phi_e, max: -0.015360 at y = 3.045714, phi_e, min: -0.031446 at y = 2.807143
phi_m, max: 0.213340 at y = 2.807143./ phi_m, min: 0.000000 at y = 2.950000
phi_e, max: -0.011590 at y = 3.045714, phi_e, min: -0.023725 at y = 2.807143
phi_m, max: 15.619118 at y = 2.807143./ phi_m, min: 0.000000 at y = 2.950000
phi_e, max: -0.008325 at y = 3.045714, phi_e, min: -0.017169 at y = 2.807143
phi_m, max: 114.976671 at y = 2.954413./ phi_m, min: 0.000000 at y = 2.950000
phi_e, max: -0.002019 at y = 3.045714, phi_e, min: -0.015303 at y = 2.956787
phi_m, max: 105.534049 at y = 2.956426./ phi_m, min: 0.000000 at y = 2.950000
phi_e, max: -0.008682 at y = 3.045714, phi_e, min: -0.022586 at y = 2.807143
phi_m, max: 87.622388 at y = 2.957458./ phi_m, min: 0.000000 at y = 2.950000
phi_e, max: -0.007930 at y = 3.045714, phi_e, min: -0.020474 at y = 2.807143
phi_m, max: 67.399509 at y = 2.957458./ phi_m, min: 0.000000 at y = 2.950000
phi_e, max: -0.006793 at y = 3.045714, phi_e, min: -0.017380 at y = 2.807143
phi_m, max: 48.240074 at y = 2.958213./ phi_m, min: 0.000000 at y = 2.950000
phi_e, max: -0.005239 at y = 3.045714, phi_e, min: -0.013319 at y = 2.807143
phi_m, max: 31.133394 at y = 3.045714./ phi_m, min: 0.000000 at y = 2.950000
phi_e, max: -0.003642 at y = 3.045714, phi_e, min: -0.009424 at y = 2.807143
phi_m, max: 10.685320 at y = 3.045714./ phi_m, min: 0.000000 at y = 2.950000
phi_e, max: -0.003522 at y = 3.045714, phi_e, min: -0.007282 at y = 2.807143
phi_m, max: 1.210507 at y = 3.045714./ phi_m, min: 0.000000 at y = 2.950000
phi_e, max: -0.003156 at y = 3.045714, phi_e, min: -0.003794 at y = 2.807143
phi_m, max: -0.000000 at y = 2.950000./ phi_m, min: -0.270067 at y = 2.807143
phi_e, max: -0.002140 at y = 2.951787, phi_e, min: -0.002176 at y = 3.042358
phi_m, max: -0.000000 at y = 2.950000./ phi_m, min: -0.392136 at y = 2.951787
phi_e, max: -0.001561 at y = 2.807143, phi_e, min: -0.001666 at y = 3.045714
phi_m, max: -0.000000 at y = 2.950000./ phi_m, min: -0.458235 at y = 2.953633
phi_e, max: -0.001091 at y = 2.807143, phi_e, min: -0.001205 at y = 3.045714


phi_m, max: 0.973053 at y = 1.070000./ phi_m, min: 0.000000 at y = 1.270000
phi_e, max: -0.407129 at y = 1.308571, phi_e, min: -0.456700 at y = 1.070000
phi_m, max: 91.596419 at y = 1.070000./ phi_m, min: 0.000000 at y = 1.270000
phi_e, max: -0.163966 at y = 1.308571, phi_e, min: -0.200837 at y = 1.070000
phi_m, max: 113.965382 at y = 1.275587./ phi_m, min: 0.000000 at y = 1.270000
phi_e, max: -0.077806 at y = 1.120581, phi_e, min: -0.093273 at y = 1.276787
phi_m, max: 100.535214 at y = 1.276787./ phi_m, min: 0.000000 at y = 1.270000
phi_e, max: 0.000138 at y = 1.115344, phi_e, min: -0.013579 at y = 1.276787
phi_m, max: 81.512760 at y = 1.277458./ phi_m, min: 0.000000 at y = 1.270000
phi_e, max: 0.042879 at y = 1.110939, phi_e, min: 0.031267 at y = 1.276787
phi_m, max: 61.257276 at y = 1.277458./ phi_m, min: 0.000000 at y = 1.270000
phi_e, max: -0.009093 at y = 1.164726, phi_e, min: -0.013069 at y = 1.274413
phi_m, max: 42.907495 at y = 1.278213./ phi_m, min: 0.000000 at y = 1.270000
phi_e, max: -0.080367 at y = 1.308571, phi_e, min: -0.091023 at y = 1.070000
phi_m, max: 24.143631 at y = 1.308571./ phi_m, min: 0.000000 at y = 1.270000
phi_e, max: -0.080318 at y = 1.308571, phi_e, min: -0.092615 at y = 1.070000
phi_m, max: 5.256574 at y = 1.308571./ phi_m, min: 0.000000 at y = 1.270000
phi_e, max: -0.078011 at y = 1.308571, phi_e, min: -0.091909 at y = 1.070000
phi_m, max: 0.349105 at y = 1.308571./ phi_m, min: -0.073766 at y = 1.070000
phi_e, max: -0.068366 at y = 1.308571, phi_e, min: -0.078639 at y = 1.070000
phi_m, max: -0.000000 at y = 1.270000./ phi_m, min: -0.342494 at y = 1.070000
phi_e, max: -0.052571 at y = 1.308571, phi_e, min: -0.059631 at y = 1.070000
phi_m, max: -0.000000 at y = 1.270000./ phi_m, min: -0.430027 at y = 1.070000
phi_e, max: -0.029571 at y = 1.308571, phi_e, min: -0.033111 at y = 1.070000
phi_m, max: -0.000000 at y = 1.270000./ phi_m, min: -0.470171 at y = 1.274084
phi_e, max: -0.007518 at y = 1.308571, phi_e, min: -0.008150 at y = 1.070000
phi_m, max: -0.000000 at y = 1.270000./ phi_m, min: -0.486869 at y = 1.274832
phi_e, max: -0.002180 at y = 1.275587, phi_e, min: -0.002245 at y = 1.118131
phi_m, max: -0.000000 at y = 1.270000./ phi_m, min: -0.478739 at y = 1.275168
phi_e, max: -0.001184 at y = 1.070000, phi_e, min: -0.001215 at y = 1.174075
phi_m, max: -0.000000 at y = 1.270000./ phi_m, min: -0.454331 at y = 1.275510
phi_e, max: -0.000619 at y = 1.070000, phi_e, min: -0.000664 at y = 1.308571


phi_m, max: 6.645479 at y = 0.860000./ phi_m, min: 0.000000 at y = 0.888571
phi_e, max: -0.445343 at y = 1.123787, phi_e, min: -0.502255 at y = 0.860000
phi_m, max: 112.244197 at y = 0.860000./ phi_m, min: 0.000000 at y = 0.888571
phi_e, max: -0.154491 at y = 0.889771, phi_e, min: -0.201193 at y = 1.068213
phi_m, max: 109.533109 at y = 1.066426./ phi_m, min: 0.000000 at y = 0.888571
phi_e, max: -0.063290 at y = 0.908131, phi_e, min: -0.080305 at y = 1.068213
phi_m, max: 93.039491 at y = 1.066787./ phi_m, min: 0.000000 at y = 0.888571
phi_e, max: 0.013266 at y = 0.904775, phi_e, min: -0.001680 at y = 1.068213
phi_m, max: 73.108313 at y = 1.067458./ phi_m, min: 0.000000 at y = 0.888571
phi_e, max: 0.053722 at y = 0.900370, phi_e, min: 0.041644 at y = 1.068213
phi_m, max: 53.324232 at y = 1.068213./ phi_m, min: 0.000000 at y = 0.888571
phi_e, max: -0.008518 at y = 0.958082, phi_e, min: -0.012416 at y = 1.065587
phi_m, max: 35.725992 at y = 1.068825./ phi_m, min: 0.000000 at y = 0.888571
phi_e, max: -0.087013 at y = 1.123787, phi_e, min: -0.099071 at y = 0.860000
phi_m, max: 14.366305 at y = 1.070000./ phi_m, min: 0.000000 at y = 0.888571
phi_e, max: -0.089004 at y = 1.123787, phi_e, min: -0.105614 at y = 0.860000
phi_m, max: 1.887528 at y = 1.070000./ phi_m, min: 0.000000 at y = 0.888571
phi_e, max: -0.088757 at y = 1.123787, phi_e, min: -0.104288 at y = 0.860000
phi_m, max: -0.000000 at y = 0.888571./ phi_m, min: -0.234497 at y = 0.860000
phi_e, max: -0.076289 at y = 1.123787, phi_e, min: -0.087762 at y = 0.860000
phi_m, max: -0.000000 at y = 0.888571./ phi_m, min: -0.387117 at y = 0.860000
phi_e, max: -0.058014 at y = 1.123787, phi_e, min: -0.065941 at y = 0.860000
phi_m, max: -0.000000 at y = 0.888571./ phi_m, min: -0.450243 at y = 0.860000
phi_e, max: -0.032310 at y = 1.123787, phi_e, min: -0.036298 at y = 0.860000
phi_m, max: -0.000000 at y = 0.888571./ phi_m, min: -0.480730 at y = 1.064490
phi_e, max: -0.008020 at y = 1.123787, phi_e, min: -0.008744 at y = 0.860000
phi_m, max: -0.000000 at y = 0.888571./ phi_m, min: -0.486008 at y = 1.065168
phi_e, max: -0.002235 at y = 1.066787, phi_e, min: -0.002316 at y = 0.904775
phi_m, max: -0.000000 at y = 0.888571./ phi_m, min: -0.470222 at y = 1.065449
phi_e, max: -0.001182 at y = 1.065587, phi_e, min: -0.001219 at y = 0.954726
phi_m, max: -0.000000 at y = 0.888571./ phi_m, min: -0.441137 at y = 1.065587
phi_e, max: -0.000607 at y = 0.860000, phi_e, min: -0.000647 at y = 1.123787


phi_m, max: -0.000000 at y = 2.320000./ phi_m, min: -0.002270 at y = 2.415714
phi_e, max: -0.178754 at y = 2.415714, phi_e, min: -0.234590 at y = 2.148571
phi_m, max: 0.004917 at y = 2.177143./ phi_m, min: -0.000654 at y = 2.415714
phi_e, max: -0.070777 at y = 2.415714, phi_e, min: -0.092886 at y = 2.148571
phi_m, max: 0.478376 at y = 2.177143./ phi_m, min: 0.000000 at y = 2.320000
phi_e, max: -0.057719 at y = 2.415714, phi_e, min: -0.075775 at y = 2.148571
phi_m, max: 62.547617 at y = 2.177143./ phi_m, min: 0.000000 at y = 2.320000
phi_e, max: -0.044532 at y = 2.415714, phi_e, min: -0.066028 at y = 2.148571
phi_m, max: 114.442230 at y = 2.325587./ phi_m, min: 0.000000 at y = 2.320000
phi_e, max: -0.003007 at y = 2.203557, phi_e, min: -0.013563 at y = 2.326787
phi_m, max: 101.665683 at y = 2.326787./ phi_m, min: 0.000000 at y = 2.320000
phi_e, max: -0.007586 at y = 2.415714, phi_e, min: -0.016472 at y = 2.323213
phi_m, max: 82.849585 at y = 2.327458./ phi_m, min: 0.000000 at y = 2.320000
phi_e, max: -0.037323 at y = 2.415714, phi_e, min: -0.052465 at y = 2.148571
phi_m, max: 62.574396 at y = 2.327458./ phi_m, min: 0.000000 at y = 2.320000
phi_e, max: -0.035005 at y = 2.415714, phi_e, min: -0.049124 at y = 2.148571
phi_m, max: 44.050418 at y = 2.328213./ phi_m, min: 0.000000 at y = 2.320000
phi_e, max: -0.030566 at y = 2.415714, phi_e, min: -0.042673 at y = 2.148571
phi_m, max: 26.545449 at y = 2.415714./ phi_m, min: 0.000000 at y = 2.320000
phi_e, max: -0.023748 at y = 2.415714, phi_e, min: -0.033415 at y = 2.148571
phi_m, max: 6.925696 at y = 2.415714./ phi_m, min: 0.000000 at y = 2.320000
phi_e, max: -0.019456 at y = 2.415714, phi_e, min: -0.027715 at y = 2.148571
phi_m, max: 0.590024 at y = 2.415714./ phi_m, min: 0.000000 at y = 2.320000
phi_e, max: -0.013279 at y = 2.415714, phi_e, min: -0.017278 at y = 2.148571
phi_m, max: -0.000000 at y = 2.320000./ phi_m, min: -0.310443 at y = 2.177143
phi_e, max: -0.004755 at y = 2.415714, phi_e, min: -0.005385 at y = 2.148571
phi_m, max: -0.000000 at y = 2.320000./ phi_m, min: -0.412799 at y = 2.322542
phi_e, max: -0.002077 at y = 2.323213, phi_e, min: -0.002115 at y = 2.415714
phi_m, max: -0.000000 at y = 2.320000./ phi_m, min: -0.467801 at y = 2.324084
phi_e, max: -0.001327 at y = 2.148571, phi_e, min: -0.001433 at y = 2.415714
phi_m, max: -0.000000 at y = 2.320000./ phi_m, min: -0.486531 at y = 2.324832
phi_e, max: -0.000830 at y = 2.148571, phi_e, min: -0.000948 at y = 2.415714


phi_m, max: -0.000000 at y = 4.640000./ phi_m, min: -0.000991 at y = 4.634832
phi_e, max: 0.000601 at y = 4.850000, phi_e, min: 0.000600 at y = 4.630000
phi_m, max: -0.000000 at y = 4.640000./ phi_m, min: -0.000999 at y = 4.634832
phi_e, max: 0.000237 at y = 4.846426, phi_e, min: 0.000237 at y = 4.699300
phi_m, max: -0.000000 at y = 4.640000./ phi_m, min: -0.000991 at y = 4.634832
phi_e, max: 0.000193 at y = 4.846426, phi_e, min: 0.000193 at y = 4.732276
phi_m, max: -0.000000 at y = 4.640000./ phi_m, min: -0.000982 at y = 4.634832
phi_e, max: 0.000136 at y = 4.630000, phi_e, min: 0.000135 at y = 4.850000
phi_m, max: -0.000000 at y = 4.640000./ phi_m, min: -0.000972 at y = 4.635168
phi_e, max: -0.000573 at y = 4.630000, phi_e, min: -0.000667 at y = 4.850000
phi_m, max: -0.000000 at y = 4.640000./ phi_m, min: -0.000932 at y = 4.840000
phi_e, max: -0.007525 at y = 4.850000, phi_e, min: -0.008612 at y = 4.630000
phi_m, max: 0.018610 at y = 4.630000./ phi_m, min: 0.000000 at y = 4.640000
phi_e, max: 0.055658 at y = 4.850000, phi_e, min: 0.055136 at y = 4.630000
phi_m, max: 1.844167 at y = 4.630000./ phi_m, min: 0.000000 at y = 4.640000
phi_e, max: -0.015533 at y = 4.631787, phi_e, min: -0.016830 at y = 4.817747
phi_m, max: 105.985233 at y = 4.631175./ phi_m, min: 0.000000 at y = 4.640000
phi_e, max: 0.140184 at y = 4.840000, phi_e, min: 0.080707 at y = 4.631787
phi_m, max: 111.218993 at y = 4.840000./ phi_m, min: 0.000000 at y = 4.640000
phi_e, max: 0.095534 at y = 4.850000, phi_e, min: 0.063974 at y = 4.630587
phi_m, max: 97.386471 at y = 4.840000./ phi_m, min: 0.000000 at y = 4.640000
phi_e, max: 0.076112 at y = 4.850000, phi_e, min: 0.049609 at y = 4.631787
phi_m, max: 78.447562 at y = 4.840000./ phi_m, min: 0.000000 at y = 4.640000
phi_e, max: 0.064602 at y = 4.850000, phi_e, min: 0.042838 at y = 4.631787
phi_m, max: 58.563714 at y = 4.840000./ phi_m, min: 0.000000 at y = 4.640000
phi_e, max: 0.052815 at y = 4.850000, phi_e, min: 0.035093 at y = 4.630587
phi_m, max: 40.664983 at y = 4.840000./ phi_m, min: 0.000000 at y = 4.640000
phi_e, max: 0.039587 at y = 4.850000, phi_e, min: 0.026537 at y = 4.631787
phi_m, max: 21.107656 at y = 4.840000./ phi_m, min: 0.000000 at y = 4.640000
phi_e, max: 0.018084 at y = 4.850000, phi_e, min: 0.013090 at y = 4.630000
phi_m, max: 3.711668 at y = 4.840000./ phi_m, min: 0.000000 at y = 4.640000
phi_e, max: 0.010399 at y = 4.850000, phi_e, min: 0.009021 at y = 4.630000


phi_m, max: 113.563286 at y = 0.225587./ phi_m, min: 0.000000 at y = 0.220000
phi_e, max: -0.559712 at y = 0.335274, phi_e, min: -0.568883 at y = 0.224413
phi_m, max: 99.623701 at y = 0.226787./ phi_m, min: 0.000000 at y = 0.220000
phi_e, max: -0.145225 at y = 0.337724, phi_e, min: -0.152999 at y = 0.224413
phi_m, max: 80.459797 at y = 0.226787./ phi_m, min: 0.000000 at y = 0.220000
phi_e, max: -0.057546 at y = 0.337724, phi_e, min: -0.063649 at y = 0.224413
phi_m, max: 60.274631 at y = 0.227458./ phi_m, min: 0.000000 at y = 0.220000
phi_e, max: 0.019106 at y = 0.337724, phi_e, min: 0.014681 at y = 0.224413
phi_m, max: 42.471131 at y = 0.344286./ phi_m, min: 0.000000 at y = 0.220000
phi_e, max: 0.058749 at y = 0.337724, phi_e, min: 0.055754 at y = 0.224413
phi_m, max: 25.174117 at y = 0.344286./ phi_m, min: 0.000000 at y = 0.220000
phi_e, max: -0.024012 at y = 0.344286, phi_e, min: -0.025395 at y = 0.225168
phi_m, max: 6.033036 at y = 0.344286./ phi_m, min: 0.000000 at y = 0.220000
phi_e, max: -0.130316 at y = 0.344286, phi_e, min: -0.130689 at y = 0.105714
phi_m, max: 0.473699 at y = 0.344286./ phi_m, min: 0.000000 at y = 0.220000
phi_e, max: -0.139145 at y = 0.344286, phi_e, min: -0.139281 at y = 0.105714
phi_m, max: -0.000000 at y = 0.220000./ phi_m, min: -0.261566 at y = 0.226426
phi_e, max: -0.131706 at y = 0.344286, phi_e, min: -0.131809 at y = 0.315714
phi_m, max: -0.000000 at y = 0.220000./ phi_m, min: -0.391794 at y = 0.226426
phi_e, max: -0.108126 at y = 0.344286, phi_e, min: -0.108202 at y = 0.315714
phi_m, max: -0.000000 at y = 0.220000./ phi_m, min: -0.453656 at y = 0.226259
phi_e, max: -0.080019 at y = 0.344286, phi_e, min: -0.080071 at y = 0.315714
phi_m, max: -0.000000 at y = 0.220000./ phi_m, min: -0.477463 at y = 0.225916
phi_e, max: -0.043332 at y = 0.224413, phi_e, min: -0.043377 at y = 0.315714
phi_m, max: -0.000000 at y = 0.220000./ phi_m, min: -0.474632 at y = 0.225587
phi_e, max: -0.009946 at y = 0.224413, phi_e, min: -0.009986 at y = 0.325925
phi_m, max: -0.000000 at y = 0.220000./ phi_m, min: -0.453857 at y = 0.225449
phi_e, max: -0.002337 at y = 0.224413, phi_e, min: -0.002374 at y = 0.337724
phi_m, max: -0.000000 at y = 0.220000./ phi_m, min: -0.422252 at y = 0.225449
phi_e, max: -0.001077 at y = 0.224413, phi_e, min: -0.001111 at y = 0.344286
phi_m, max: -0.000000 at y = 0.220000./ phi_m, min: -0.385051 at y = 0.225168
phi_e, max: -0.000459 at y = 0.224413, phi_e, min: -0.000489 at y = 0.344286


phi_m, max: 112.079681 at y = 0.011175./ phi_m, min: 0.000000 at y = -0.010000
phi_e, max: -0.561556 at y = 0.121918, phi_e, min: -0.568649 at y = 0.016787
phi_m, max: 96.769066 at y = 0.009413./ phi_m, min: 0.000000 at y = -0.010000
phi_e, max: -0.147121 at y = 0.121918, phi_e, min: -0.153011 at y = 0.016787
phi_m, max: 77.425389 at y = 0.008376./ phi_m, min: 0.000000 at y = -0.010000
phi_e, max: -0.059184 at y = 0.121918, phi_e, min: -0.063775 at y = 0.016787
phi_m, max: 57.605573 at y = 0.007458./ phi_m, min: 0.000000 at y = -0.010000
phi_e, max: 0.017806 at y = 0.121918, phi_e, min: 0.014458 at y = 0.015587
phi_m, max: 40.062897 at y = 0.006426./ phi_m, min: 0.000000 at y = -0.010000
phi_e, max: 0.057793 at y = 0.121918, phi_e, min: 0.055507 at y = 0.014413
phi_m, max: 20.362228 at y = 0.004832./ phi_m, min: 0.000000 at y = -0.010000
phi_e, max: -0.024758 at y = 0.124075, phi_e, min: -0.025694 at y = 0.004413
phi_m, max: 3.395087 at y = 0.134286./ phi_m, min: 0.000000 at y = -0.010000
phi_e, max: -0.130671 at y = 0.134286, phi_e, min: -0.130781 at y = 0.003213
phi_m, max: 0.341669 at y = 0.001787./ phi_m, min: 0.000000 at y = -0.010000
phi_e, max: -0.139277 at y = 0.134286, phi_e, min: -0.139314 at y = 0.005587
phi_m, max: -0.000000 at y = -0.010000./ phi_m, min: -0.202466 at y = 0.134286
phi_e, max: -0.131790 at y = 0.134286, phi_e, min: -0.131805 at y = 0.005587
phi_m, max: -0.000000 at y = -0.010000./ phi_m, min: -0.332077 at y = 0.134286
phi_e, max: -0.108178 at y = 0.019413, phi_e, min: -0.108185 at y = 0.115925
phi_m, max: -0.000000 at y = -0.010000./ phi_m, min: -0.400030 at y = 0.134286
phi_e, max: -0.080040 at y = 0.018213, phi_e, min: -0.080057 at y = 0.117513
phi_m, max: -0.000000 at y = -0.010000./ phi_m, min: -0.441930 at y = 0.014490
phi_e, max: -0.043344 at y = 0.016787, phi_e, min: -0.043367 at y = 0.117513
phi_m, max: -0.000000 at y = -0.010000./ phi_m, min: -0.460157 at y = 0.005916
phi_e, max: -0.009952 at y = 0.014413, phi_e, min: -0.009979 at y = 0.121918
phi_m, max: -0.000000 at y = -0.010000./ phi_m, min: -0.455321 at y = 0.004084
phi_e, max: -0.002338 at y = 0.006787, phi_e, min: -0.002366 at y = 0.121918
phi_m, max: -0.000000 at y = -0.010000./ phi_m, min: -0.434125 at y = 0.003574
phi_e, max: -0.001075 at y = 0.006787, phi_e, min: -0.001104 at y = 0.121918
phi_m, max: -0.000000 at y = -0.010000./ phi_m, min: -0.403146 at y = 0.003213
phi_e, max: -0.000455 at y = 0.006787, phi_e, min: -0.000482 at y = 0.121918


phi_m, max: 0.018845 at y = 1.490000./ phi_m, min: 0.000000 at y = 1.518571
phi_e, max: -0.314157 at y = 1.757143, phi_e, min: -0.369417 at y = 1.490000
phi_m, max: 2.209736 at y = 1.490000./ phi_m, min: 0.000000 at y = 1.518571
phi_e, max: -0.124439 at y = 1.757143, phi_e, min: -0.146408 at y = 1.490000
phi_m, max: 104.494372 at y = 1.490000./ phi_m, min: 0.000000 at y = 1.518571
phi_e, max: -0.105208 at y = 1.757143, phi_e, min: -0.127042 at y = 1.490000
phi_m, max: 112.369470 at y = 1.696259./ phi_m, min: 0.000000 at y = 1.518571
phi_e, max: -0.021386 at y = 1.543494, phi_e, min: -0.036898 at y = 1.696787
phi_m, max: 97.477920 at y = 1.696787./ phi_m, min: 0.000000 at y = 1.518571
phi_e, max: 0.023340 at y = 1.536932, phi_e, min: 0.009275 at y = 1.696787
phi_m, max: 77.998792 at y = 1.697458./ phi_m, min: 0.000000 at y = 1.518571
phi_e, max: -0.010086 at y = 1.573557, phi_e, min: -0.016731 at y = 1.695587
phi_m, max: 57.866893 at y = 1.697458./ phi_m, min: 0.000000 at y = 1.518571
phi_e, max: -0.064695 at y = 1.757143, phi_e, min: -0.075222 at y = 1.490000
phi_m, max: 39.928596 at y = 1.698376./ phi_m, min: 0.000000 at y = 1.518571
phi_e, max: -0.062870 at y = 1.757143, phi_e, min: -0.074015 at y = 1.490000
phi_m, max: 20.243782 at y = 1.728571./ phi_m, min: 0.000000 at y = 1.518571
phi_e, max: -0.055969 at y = 1.757143, phi_e, min: -0.068196 at y = 1.490000
phi_m, max: 3.620310 at y = 1.728571./ phi_m, min: 0.000000 at y = 1.518571
phi_e, max: -0.048919 at y = 1.757143, phi_e, min: -0.060463 at y = 1.490000
phi_m, max: 0.139896 at y = 1.728571./ phi_m, min: -0.156039 at y = 1.490000
phi_e, max: -0.039293 at y = 1.757143, phi_e, min: -0.047181 at y = 1.490000
phi_m, max: -0.000000 at y = 1.518571./ phi_m, min: -0.363126 at y = 1.490000
phi_e, max: -0.022941 at y = 1.757143, phi_e, min: -0.026865 at y = 1.490000
phi_m, max: -0.000000 at y = 1.518571./ phi_m, min: -0.439324 at y = 1.490000
phi_e, max: -0.006348 at y = 1.757143, phi_e, min: -0.007026 at y = 1.490000
phi_m, max: -0.000000 at y = 1.518571./ phi_m, min: -0.475212 at y = 1.694413
phi_e, max: -0.002096 at y = 1.696787, phi_e, min: -0.002155 at y = 1.550499
phi_m, max: -0.000000 at y = 1.518571./ phi_m, min: -0.486931 at y = 1.694832
phi_e, max: -0.001212 at y = 1.490000, phi_e, min: -0.001258 at y = 1.757143
phi_m, max: -0.000000 at y = 1.518571./ phi_m, min: -0.475429 at y = 1.695449
phi_e, max: -0.000678 at y = 1.490000, phi_e, min: -0.000740 at y = 1.757143


phi_m, max: -0.000000 at y = 6.310000./ phi_m, min: -0.001063 at y = 6.318825
phi_e, max: 0.000608 at y = 6.330000, phi_e, min: 0.000607 at y = 6.110000
phi_m, max: -0.000000 at y = 6.310000./ phi_m, min: -0.001071 at y = 6.318825
phi_e, max: 0.000240 at y = 6.330000, phi_e, min: 0.000240 at y = 6.110000
phi_m, max: -0.000000 at y = 6.310000./ phi_m, min: -0.001063 at y = 6.318825
phi_e, max: 0.000196 at y = 6.320000, phi_e, min: 0.000195 at y = 6.110000
phi_m, max: -0.000000 at y = 6.310000./ phi_m, min: -0.001052 at y = 6.318825
phi_e, max: 0.000129 at y = 6.110000, phi_e, min: 0.000129 at y = 6.320000
phi_m, max: -0.000000 at y = 6.310000./ phi_m, min: -0.000984 at y = 6.315510
phi_e, max: -0.001200 at y = 6.110000, phi_e, min: -0.001290 at y = 6.330000
phi_m, max: -0.000000 at y = 6.310000./ phi_m, min: -0.001928 at y = 6.320000
phi_e, max: -0.000275 at y = 6.330000, phi_e, min: -0.001322 at y = 6.110000
phi_m, max: -0.000000 at y = 6.310000./ phi_m, min: -0.001489 at y = 6.320000
phi_e, max: 0.059255 at y = 6.330000, phi_e, min: 0.058734 at y = 6.110000
phi_m, max: -0.000000 at y = 6.310000./ phi_m, min: -0.001395 at y = 6.320000
phi_e, max: -0.014145 at y = 6.330000, phi_e, min: -0.014566 at y = 6.110000
phi_m, max: -0.000000 at y = 6.310000./ phi_m, min: -0.001268 at y = 6.320000
phi_e, max: 0.112907 at y = 6.330000, phi_e, min: 0.112583 at y = 6.110000
phi_m, max: 0.010834 at y = 6.110000./ phi_m, min: 0.000000 at y = 6.310000
phi_e, max: 0.230265 at y = 6.330000, phi_e, min: 0.230037 at y = 6.110000
phi_m, max: 1.619218 at y = 6.110000./ phi_m, min: 0.000000 at y = 6.310000
phi_e, max: 0.030690 at y = 6.318213, phi_e, min: 0.030018 at y = 6.110000
phi_m, max: 100.979343 at y = 6.110000./ phi_m, min: 0.000000 at y = 6.310000
phi_e, max: -0.033138 at y = 6.318213, phi_e, min: -0.055781 at y = 6.110000
phi_m, max: 112.603966 at y = 6.318376./ phi_m, min: 0.000000 at y = 6.310000
phi_e, max: -0.016508 at y = 6.138571, phi_e, min: -0.030854 at y = 6.313213
phi_m, max: 97.560968 at y = 6.318376./ phi_m, min: 0.000000 at y = 6.310000
phi_e, max: -0.015271 at y = 6.138571, phi_e, min: -0.028461 at y = 6.314413
phi_m, max: 78.010033 at y = 6.318825./ phi_m, min: 0.000000 at y = 6.310000
phi_e, max: -0.022596 at y = 6.138571, phi_e, min: -0.033693 at y = 6.314413
phi_m, max: 57.843991 at y = 6.318825./ phi_m, min: 0.000000 at y = 6.310000
phi_e, max: -0.023551 at y = 6.138571, phi_e, min: -0.032153 at y = 6.315587


phi_m, max: -0.000000 at y = 5.928571./ phi_m, min: -0.001000 at y = 6.105449
phi_e, max: 0.000607 at y = 6.138571, phi_e, min: 0.000606 at y = 5.900000
phi_m, max: -0.000000 at y = 5.928571./ phi_m, min: -0.001009 at y = 6.105449
phi_e, max: 0.000240 at y = 6.138571, phi_e, min: 0.000239 at y = 5.900000
phi_m, max: -0.000000 at y = 5.928571./ phi_m, min: -0.001001 at y = 6.105449
phi_e, max: 0.000195 at y = 6.138571, phi_e, min: 0.000195 at y = 5.900000
phi_m, max: -0.000000 at y = 5.928571./ phi_m, min: -0.000992 at y = 6.105449
phi_e, max: 0.000130 at y = 5.900000, phi_e, min: 0.000129 at y = 6.138571
phi_m, max: -0.000000 at y = 5.928571./ phi_m, min: -0.000975 at y = 6.105168
phi_e, max: -0.001112 at y = 5.900000, phi_e, min: -0.001212 at y = 6.138571
phi_m, max: -0.000000 at y = 5.928571./ phi_m, min: -0.001094 at y = 6.138571
phi_e, max: -0.001184 at y = 6.138571, phi_e, min: -0.002350 at y = 5.900000
phi_m, max: -0.000000 at y = 5.928571./ phi_m, min: -0.001030 at y = 6.108376
phi_e, max: 0.058803 at y = 6.138571, phi_e, min: 0.058224 at y = 5.900000
phi_m, max: -0.000000 at y = 5.928571./ phi_m, min: -0.001010 at y = 6.107458
phi_e, max: -0.014510 at y = 6.138571, phi_e, min: -0.014979 at y = 5.900000
phi_m, max: 0.000138 at y = 5.900000./ phi_m, min: -0.000836 at y = 6.138571
phi_e, max: 0.112625 at y = 6.138571, phi_e, min: 0.112264 at y = 5.900000
phi_m, max: 0.077112 at y = 5.900000./ phi_m, min: 0.000000 at y = 5.928571
phi_e, max: 0.230066 at y = 6.138571, phi_e, min: 0.229799 at y = 5.900000
phi_m, max: 10.744771 at y = 5.900000./ phi_m, min: 0.000000 at y = 5.928571
phi_e, max: 0.030126 at y = 6.105587, phi_e, min: 0.027414 at y = 5.900000
phi_m, max: 112.374065 at y = 5.900000./ phi_m, min: 0.000000 at y = 5.928571
phi_e, max: -0.000004 at y = 5.900000, phi_e, min: -0.056640 at y = 6.108213
phi_m, max: 108.415243 at y = 6.106426./ phi_m, min: 0.000000 at y = 5.928571
phi_e, max: 0.007024 at y = 5.900000, phi_e, min: -0.017580 at y = 6.108213
phi_m, max: 91.425203 at y = 6.106787./ phi_m, min: 0.000000 at y = 5.928571
phi_e, max: 0.004276 at y = 5.900000, phi_e, min: -0.016188 at y = 6.108213
phi_m, max: 71.336771 at y = 6.107458./ phi_m, min: 0.000000 at y = 5.928571
phi_e, max: -0.007546 at y = 5.900000, phi_e, min: -0.023318 at y = 6.108213
phi_m, max: 51.687323 at y = 6.107458./ phi_m, min: 0.000000 at y = 5.928571
phi_e, max: -0.012827 at y = 5.900000, phi_e, min: -0.024076 at y = 6.108213


phi_m, max: -0.000000 at y = 3.790000./ phi_m, min: -0.001374 at y = 3.761429
phi_e, max: 0.000597 at y = 4.010000, phi_e, min: 0.000596 at y = 3.761429
phi_m, max: -0.000000 at y = 3.790000./ phi_m, min: -0.001109 at y = 3.761429
phi_e, max: 0.000236 at y = 4.010000, phi_e, min: 0.000236 at y = 3.761429
phi_m, max: -0.000000 at y = 3.790000./ phi_m, min: -0.001072 at y = 3.761429
phi_e, max: 0.000193 at y = 4.010000, phi_e, min: 0.000192 at y = 3.761429
phi_m, max: -0.000000 at y = 3.790000./ phi_m, min: -0.001003 at y = 3.794084
phi_e, max: 0.000141 at y = 3.761429, phi_e, min: 0.000140 at y = 4.010000
phi_m, max: 0.003369 at y = 3.761429./ phi_m, min: -0.000719 at y = 4.010000
phi_e, max: -0.000204 at y = 3.761429, phi_e, min: -0.000311 at y = 4.010000
phi_m, max: 0.546312 at y = 3.761429./ phi_m, min: 0.000000 at y = 3.790000
phi_e, max: -0.011629 at y = 4.010000, phi_e, min: -0.012581 at y = 3.761429
phi_m, max: 43.253296 at y = 3.761429./ phi_m, min: 0.000000 at y = 3.790000
phi_e, max: 0.070793 at y = 3.793213, phi_e, min: 0.053819 at y = 3.961218
phi_m, max: 114.555878 at y = 4.003633./ phi_m, min: 0.000000 at y = 3.790000
phi_e, max: 0.042649 at y = 3.835133, phi_e, min: -0.011267 at y = 4.009413
phi_m, max: 106.560100 at y = 4.006426./ phi_m, min: 0.000000 at y = 3.790000
phi_e, max: 0.038591 at y = 3.860792, phi_e, min: 0.018622 at y = 4.008213
phi_m, max: 88.951857 at y = 4.007458./ phi_m, min: 0.000000 at y = 3.790000
phi_e, max: 0.029491 at y = 3.860792, phi_e, min: 0.013025 at y = 4.008213
phi_m, max: 68.778070 at y = 4.007458./ phi_m, min: 0.000000 at y = 3.790000
phi_e, max: 0.021131 at y = 3.858342, phi_e, min: 0.008567 at y = 4.008213
phi_m, max: 49.450626 at y = 4.008213./ phi_m, min: 0.000000 at y = 3.790000
phi_e, max: 0.017284 at y = 3.863705, phi_e, min: 0.009207 at y = 4.008213
phi_m, max: 31.776912 at y = 4.009413./ phi_m, min: 0.000000 at y = 3.790000
phi_e, max: 0.009911 at y = 3.866154, phi_e, min: 0.005297 at y = 4.006787
phi_m, max: 10.156409 at y = 4.010000./ phi_m, min: 0.000000 at y = 3.790000
phi_e, max: 0.007549 at y = 4.010000, phi_e, min: 0.005184 at y = 3.761429
phi_m, max: 1.072700 at y = 4.010000./ phi_m, min: 0.000000 at y = 3.790000
phi_e, max: 0.006785 at y = 4.010000, phi_e, min: 0.004177 at y = 3.761429
phi_m, max: -0.000000 at y = 3.790000./ phi_m, min: -0.312121 at y = 3.790587
phi_e, max: 0.004856 at y = 4.010000, phi_e, min: 0.003042 at y = 3.761429


phi_m, max: 74.668361 at y = 0.640000./ phi_m, min: 0.000000 at y = 0.650000
phi_e, max: -0.501816 at y = 0.860000, phi_e, min: -0.554543 at y = 0.641787
phi_m, max: 114.974257 at y = 0.855168./ phi_m, min: 0.000000 at y = 0.650000
phi_e, max: -0.141566 at y = 0.744726, phi_e, min: -0.156504 at y = 0.858213
phi_m, max: 103.435994 at y = 0.856787./ phi_m, min: 0.000000 at y = 0.650000
phi_e, max: -0.054442 at y = 0.748082, phi_e, min: -0.065508 at y = 0.856787
phi_m, max: 84.991980 at y = 0.857458./ phi_m, min: 0.000000 at y = 0.650000
phi_e, max: 0.021061 at y = 0.744726, phi_e, min: 0.011659 at y = 0.856787
phi_m, max: 64.716356 at y = 0.857458./ phi_m, min: 0.000000 at y = 0.650000
phi_e, max: 0.059948 at y = 0.742276, phi_e, min: 0.052627 at y = 0.856787
phi_m, max: 45.905325 at y = 0.858213./ phi_m, min: 0.000000 at y = 0.650000
phi_e, max: -0.009842 at y = 0.786295, phi_e, min: -0.017487 at y = 0.641787
phi_m, max: 27.714080 at y = 0.860000./ phi_m, min: 0.000000 at y = 0.650000
phi_e, max: -0.098885 at y = 0.860000, phi_e, min: -0.111281 at y = 0.640000
phi_m, max: 6.987810 at y = 0.860000./ phi_m, min: 0.000000 at y = 0.650000
phi_e, max: -0.105587 at y = 0.860000, phi_e, min: -0.120924 at y = 0.640000
phi_m, max: 0.576796 at y = 0.860000./ phi_m, min: -0.065402 at y = 0.640000
phi_e, max: -0.104262 at y = 0.860000, phi_e, min: -0.116975 at y = 0.640000
phi_m, max: -0.000000 at y = 0.650000./ phi_m, min: -0.340941 at y = 0.641175
phi_e, max: -0.087745 at y = 0.860000, phi_e, min: -0.097153 at y = 0.640000
phi_m, max: -0.000000 at y = 0.650000./ phi_m, min: -0.433937 at y = 0.643213
phi_e, max: -0.065929 at y = 0.860000, phi_e, min: -0.072425 at y = 0.640000
phi_m, max: -0.000000 at y = 0.650000./ phi_m, min: -0.476751 at y = 0.644413
phi_e, max: -0.036289 at y = 0.860000, phi_e, min: -0.039538 at y = 0.640000
phi_m, max: -0.000000 at y = 0.650000./ phi_m, min: -0.486835 at y = 0.644832
phi_e, max: -0.008740 at y = 0.860000, phi_e, min: -0.009300 at y = 0.640000
phi_m, max: -0.000000 at y = 0.650000./ phi_m, min: -0.481580 at y = 0.855168
phi_e, max: -0.002307 at y = 0.856787, phi_e, min: -0.002363 at y = 0.744726
phi_m, max: -0.000000 at y = 0.650000./ phi_m, min: -0.459466 at y = 0.855449
phi_e, max: -0.001140 at y = 0.643213, phi_e, min: -0.001214 at y = 0.781058
phi_m, max: -0.000000 at y = 0.650000./ phi_m, min: -0.426716 at y = 0.855587
phi_e, max: -0.000541 at y = 0.643213, phi_e, min: -0.000622 at y = 0.791658


phi_m, max: -0.000000 at y = 4.210000./ phi_m, min: -0.000996 at y = 4.214832
phi_e, max: 0.000599 at y = 4.430000, phi_e, min: 0.000598 at y = 4.181429
phi_m, max: -0.000000 at y = 4.210000./ phi_m, min: -0.001001 at y = 4.214832
phi_e, max: 0.000237 at y = 4.426426, phi_e, min: 0.000237 at y = 4.181429
phi_m, max: -0.000000 at y = 4.210000./ phi_m, min: -0.000993 at y = 4.214832
phi_e, max: 0.000193 at y = 4.426426, phi_e, min: 0.000193 at y = 4.302358
phi_m, max: -0.000000 at y = 4.210000./ phi_m, min: -0.000983 at y = 4.214832
phi_e, max: 0.000139 at y = 4.181429, phi_e, min: 0.000137 at y = 4.430000
phi_m, max: -0.000000 at y = 4.210000./ phi_m, min: -0.000935 at y = 4.420000
phi_e, max: -0.000383 at y = 4.181429, phi_e, min: -0.000487 at y = 4.430000
phi_m, max: 0.008730 at y = 4.210000./ phi_m, min: 0.000000 at y = 4.210000
phi_e, max: -0.009599 at y = 4.430000, phi_e, min: -0.010799 at y = 4.181429
phi_m, max: 0.847738 at y = 4.210000./ phi_m, min: 0.000000 at y = 4.210000
phi_e, max: 0.054902 at y = 4.213213, phi_e, min: 0.054619 at y = 4.337935
phi_m, max: 65.699399 at y = 4.210000./ phi_m, min: 0.000000 at y = 4.210000
phi_e, max: -0.005380 at y = 4.421175, phi_e, min: -0.010639 at y = 4.210587
phi_m, max: 112.411466 at y = 4.420000./ phi_m, min: 0.000000 at y = 4.210000
phi_e, max: 0.050472 at y = 4.430000, phi_e, min: 0.021238 at y = 4.210587
phi_m, max: 100.293458 at y = 4.420000./ phi_m, min: 0.000000 at y = 4.210000
phi_e, max: 0.040114 at y = 4.430000, phi_e, min: 0.015364 at y = 4.210587
phi_m, max: 81.871038 at y = 4.420000./ phi_m, min: 0.000000 at y = 4.210000
phi_e, max: 0.030140 at y = 4.430000, phi_e, min: 0.010539 at y = 4.211787
phi_m, max: 61.914368 at y = 4.420000./ phi_m, min: 0.000000 at y = 4.210000
phi_e, max: 0.027137 at y = 4.430000, phi_e, min: 0.011750 at y = 4.211787
phi_m, max: 43.599510 at y = 4.420000./ phi_m, min: 0.000000 at y = 4.210000
phi_e, max: 0.022060 at y = 4.430000, phi_e, min: 0.008858 at y = 4.181429
phi_m, max: 25.040457 at y = 4.420000./ phi_m, min: 0.000000 at y = 4.210000
phi_e, max: 0.017296 at y = 4.430000, phi_e, min: 0.010214 at y = 4.181429
phi_m, max: 5.401378 at y = 4.420000./ phi_m, min: 0.000000 at y = 4.210000
phi_e, max: 0.010788 at y = 4.430000, phi_e, min: 0.008502 at y = 4.181429
phi_m, max: 0.349769 at y = 4.420000./ phi_m, min: -0.050846 at y = 4.210000
phi_e, max: 0.007714 at y = 4.430000, phi_e, min: 0.006063 at y = 4.181429


phi_m, max: 0.000407 at y = 1.728571./ phi_m, min: -0.001479 at y = 1.900000
phi_e, max: -0.271485 at y = 1.967143, phi_e, min: -0.320252 at y = 1.728571
phi_m, max: 0.296177 at y = 1.728571./ phi_m, min: 0.000000 at y = 1.900000
phi_e, max: -0.107500 at y = 1.967143, phi_e, min: -0.126849 at y = 1.728571
phi_m, max: 24.819423 at y = 1.728571./ phi_m, min: 0.000000 at y = 1.900000
phi_e, max: -0.088122 at y = 1.967143, phi_e, min: -0.107117 at y = 1.728571
phi_m, max: 115.096900 at y = 1.904832./ phi_m, min: 0.000000 at y = 1.900000
phi_e, max: -0.033424 at y = 1.759300, phi_e, min: -0.051562 at y = 1.908213
phi_m, max: 104.497077 at y = 1.906787./ phi_m, min: 0.000000 at y = 1.900000
phi_e, max: 0.011891 at y = 1.759300, phi_e, min: -0.000907 at y = 1.906787
phi_m, max: 86.309266 at y = 1.907458./ phi_m, min: 0.000000 at y = 1.900000
phi_e, max: -0.012222 at y = 1.789071, phi_e, min: -0.018637 at y = 1.904413
phi_m, max: 66.052685 at y = 1.907458./ phi_m, min: 0.000000 at y = 1.900000
phi_e, max: -0.057865 at y = 1.967143, phi_e, min: -0.066747 at y = 1.728571
phi_m, max: 47.065466 at y = 1.908213./ phi_m, min: 0.000000 at y = 1.900000
phi_e, max: -0.055255 at y = 1.967143, phi_e, min: -0.064706 at y = 1.728571
phi_m, max: 29.380040 at y = 1.963787./ phi_m, min: 0.000000 at y = 1.900000
phi_e, max: -0.048479 at y = 1.967143, phi_e, min: -0.057511 at y = 1.728571
phi_m, max: 8.875788 at y = 1.963787./ phi_m, min: 0.000000 at y = 1.900000
phi_e, max: -0.040112 at y = 1.967143, phi_e, min: -0.050163 at y = 1.728571
phi_m, max: 0.891165 at y = 1.963787./ phi_m, min: 0.000000 at y = 1.900000
phi_e, max: -0.033138 at y = 1.967143, phi_e, min: -0.040156 at y = 1.728571
phi_m, max: -0.000000 at y = 1.900000./ phi_m, min: -0.293903 at y = 1.728571
phi_e, max: -0.019909 at y = 1.967143, phi_e, min: -0.023367 at y = 1.728571
phi_m, max: -0.000000 at y = 1.900000./ phi_m, min: -0.403011 at y = 1.728571
phi_e, max: -0.005828 at y = 1.967143, phi_e, min: -0.006415 at y = 1.728571
phi_m, max: -0.000000 at y = 1.900000./ phi_m, min: -0.461271 at y = 1.903741
phi_e, max: -0.002071 at y = 1.905587, phi_e, min: -0.002116 at y = 1.776703
phi_m, max: -0.000000 at y = 1.900000./ phi_m, min: -0.485419 at y = 1.904832
phi_e, max: -0.001244 at y = 1.728571, phi_e, min: -0.001293 at y = 1.967143
phi_m, max: -0.000000 at y = 1.900000./ phi_m, min: -0.482423 at y = 1.905168
phi_e, max: -0.000725 at y = 1.728571, phi_e, min: -0.000786 at y = 1.967143


phi_m, max: 0.124254 at y = 1.308571./ phi_m, min: 0.000000 at y = 1.480000
phi_e, max: -0.351628 at y = 1.575714, phi_e, min: -0.412288 at y = 1.283356
phi_m, max: 12.980484 at y = 1.308571./ phi_m, min: 0.000000 at y = 1.480000
phi_e, max: -0.139572 at y = 1.575714, phi_e, min: -0.165800 at y = 1.283356
phi_m, max: 114.141500 at y = 1.483213./ phi_m, min: 0.000000 at y = 1.480000
phi_e, max: -0.089524 at y = 1.328131, phi_e, min: -0.128207 at y = 1.488213
phi_m, max: 107.133480 at y = 1.486426./ phi_m, min: 0.000000 at y = 1.480000
phi_e, max: -0.010100 at y = 1.343705, phi_e, min: -0.024115 at y = 1.488213
phi_m, max: 89.709336 at y = 1.487458./ phi_m, min: 0.000000 at y = 1.480000
phi_e, max: 0.033747 at y = 1.339300, phi_e, min: 0.021412 at y = 1.486787
phi_m, max: 69.570575 at y = 1.487458./ phi_m, min: 0.000000 at y = 1.480000
phi_e, max: -0.008505 at y = 1.378082, phi_e, min: -0.013790 at y = 1.485587
phi_m, max: 50.150316 at y = 1.488213./ phi_m, min: 0.000000 at y = 1.480000
phi_e, max: -0.069629 at y = 1.575714, phi_e, min: -0.082490 at y = 1.283356
phi_m, max: 32.521799 at y = 1.489413./ phi_m, min: 0.000000 at y = 1.480000
phi_e, max: -0.068863 at y = 1.575714, phi_e, min: -0.082133 at y = 1.283356
phi_m, max: 11.389063 at y = 1.518571./ phi_m, min: 0.000000 at y = 1.480000
phi_e, max: -0.063688 at y = 1.575714, phi_e, min: -0.079448 at y = 1.283356
phi_m, max: 1.322465 at y = 1.518571./ phi_m, min: 0.000000 at y = 1.480000
phi_e, max: -0.056798 at y = 1.575714, phi_e, min: -0.069426 at y = 1.283356
phi_m, max: -0.000000 at y = 1.480000./ phi_m, min: -0.260742 at y = 1.308571
phi_e, max: -0.044661 at y = 1.575714, phi_e, min: -0.053298 at y = 1.283356
phi_m, max: -0.000000 at y = 1.480000./ phi_m, min: -0.390129 at y = 1.308571
phi_e, max: -0.025617 at y = 1.575714, phi_e, min: -0.029929 at y = 1.283356
phi_m, max: -0.000000 at y = 1.480000./ phi_m, min: -0.453620 at y = 1.483633
phi_e, max: -0.006825 at y = 1.575714, phi_e, min: -0.007572 at y = 1.283356
phi_m, max: -0.000000 at y = 1.480000./ phi_m, min: -0.483500 at y = 1.484551
phi_e, max: -0.002140 at y = 1.486787, phi_e, min: -0.002199 at y = 1.349511
phi_m, max: -0.000000 at y = 1.480000./ phi_m, min: -0.484500 at y = 1.485168
phi_e, max: -0.001196 at y = 1.283356, phi_e, min: -0.001246 at y = 1.575714
phi_m, max: -0.000000 at y = 1.480000./ phi_m, min: -0.465909 at y = 1.485449
phi_e, max: -0.000648 at y = 1.283356, phi_e, min: -0.000717 at y = 1.575714


phi_m, max: -0.000000 at y = 4.420000./ phi_m, min: -0.000992 at y = 4.424832
phi_e, max: 0.000600 at y = 4.640000, phi_e, min: 0.000599 at y = 4.362857
phi_m, max: -0.000000 at y = 4.420000./ phi_m, min: -0.000999 at y = 4.424832
phi_e, max: 0.000237 at y = 4.630000, phi_e, min: 0.000237 at y = 4.362857
phi_m, max: -0.000000 at y = 4.420000./ phi_m, min: -0.000992 at y = 4.424832
phi_e, max: 0.000193 at y = 4.630000, phi_e, min: 0.000193 at y = 4.362857
phi_m, max: -0.000000 at y = 4.420000./ phi_m, min: -0.000983 at y = 4.424832
phi_e, max: 0.000138 at y = 4.362857, phi_e, min: 0.000136 at y = 4.640000
phi_m, max: -0.000000 at y = 4.420000./ phi_m, min: -0.000966 at y = 4.425168
phi_e, max: -0.000459 at y = 4.362857, phi_e, min: -0.000577 at y = 4.640000
phi_m, max: 0.000829 at y = 4.391429./ phi_m, min: -0.000747 at y = 4.630000
phi_e, max: -0.008564 at y = 4.640000, phi_e, min: -0.009927 at y = 4.362857
phi_m, max: 0.157206 at y = 4.391429./ phi_m, min: 0.000000 at y = 4.420000
phi_e, max: 0.055159 at y = 4.640000, phi_e, min: 0.054630 at y = 4.362857
phi_m, max: 15.411351 at y = 4.391429./ phi_m, min: 0.000000 at y = 4.420000
phi_e, max: -0.005215 at y = 4.421787, phi_e, min: -0.015665 at y = 4.640000
phi_m, max: 115.048005 at y = 4.425168./ phi_m, min: 0.000000 at y = 4.420000
phi_e, max: 0.085337 at y = 4.640000, phi_e, min: 0.047455 at y = 4.362857
phi_m, max: 106.519664 at y = 4.630000./ phi_m, min: 0.000000 at y = 4.420000
phi_e, max: 0.066193 at y = 4.640000, phi_e, min: 0.037550 at y = 4.362857
phi_m, max: 89.878816 at y = 4.630000./ phi_m, min: 0.000000 at y = 4.420000
phi_e, max: 0.051469 at y = 4.640000, phi_e, min: 0.028067 at y = 4.362857
phi_m, max: 70.146994 at y = 4.630000./ phi_m, min: 0.000000 at y = 4.420000
phi_e, max: 0.044323 at y = 4.640000, phi_e, min: 0.025257 at y = 4.362857
phi_m, max: 50.840343 at y = 4.630000./ phi_m, min: 0.000000 at y = 4.420000
phi_e, max: 0.036234 at y = 4.640000, phi_e, min: 0.020091 at y = 4.362857
phi_m, max: 33.415623 at y = 4.630000./ phi_m, min: 0.000000 at y = 4.420000
phi_e, max: 0.027361 at y = 4.640000, phi_e, min: 0.015930 at y = 4.362857
phi_m, max: 11.853843 at y = 4.630000./ phi_m, min: 0.000000 at y = 4.420000
phi_e, max: 0.013334 at y = 4.640000, phi_e, min: 0.010115 at y = 4.362857
phi_m, max: 1.342170 at y = 4.630000./ phi_m, min: 0.000000 at y = 4.420000
phi_e, max: 0.009079 at y = 4.640000, phi_e, min: 0.007244 at y = 4.362857


phi_m, max: -0.000000 at y = 5.050000./ phi_m, min: -0.000991 at y = 5.475168
phi_e, max: 0.000603 at y = 5.480000, phi_e, min: 0.000601 at y = 5.021429
phi_m, max: -0.000000 at y = 5.050000./ phi_m, min: -0.000999 at y = 5.475168
phi_e, max: 0.000238 at y = 5.480000, phi_e, min: 0.000237 at y = 5.021429
phi_m, max: -0.000000 at y = 5.050000./ phi_m, min: -0.000991 at y = 5.475168
phi_e, max: 0.000194 at y = 5.480000, phi_e, min: 0.000193 at y = 5.021429
phi_m, max: -0.000000 at y = 5.050000./ phi_m, min: -0.000982 at y = 5.475168
phi_e, max: 0.000134 at y = 5.021429, phi_e, min: 0.000132 at y = 5.480000
phi_m, max: -0.000000 at y = 5.050000./ phi_m, min: -0.000974 at y = 5.055168
phi_e, max: -0.000739 at y = 5.021429, phi_e, min: -0.000934 at y = 5.480000
phi_m, max: -0.000000 at y = 5.050000./ phi_m, min: -0.000979 at y = 5.475510
phi_e, max: -0.004422 at y = 5.480000, phi_e, min: -0.006685 at y = 5.021429
phi_m, max: -0.000000 at y = 5.050000./ phi_m, min: -0.000961 at y = 5.475587
phi_e, max: 0.057195 at y = 5.480000, phi_e, min: 0.056073 at y = 5.021429
phi_m, max: 0.039173 at y = 5.050000./ phi_m, min: -0.000559 at y = 5.480000
phi_e, max: -0.015812 at y = 5.480000, phi_e, min: -0.016678 at y = 5.021429
phi_m, max: 4.723895 at y = 5.050000./ phi_m, min: 0.000000 at y = 5.050000
phi_e, max: 0.115907 at y = 5.021429, phi_e, min: 0.111577 at y = 5.451640
phi_m, max: 113.705704 at y = 5.053213./ phi_m, min: 0.000000 at y = 5.050000
phi_e, max: 0.228464 at y = 5.476787, phi_e, min: 0.098300 at y = 5.056787
phi_m, max: 115.078171 at y = 5.474551./ phi_m, min: 0.000000 at y = 5.050000
phi_e, max: 0.091051 at y = 5.117143, phi_e, min: 0.054844 at y = 5.479413
phi_m, max: 104.966386 at y = 5.476426./ phi_m, min: 0.000000 at y = 5.050000
phi_e, max: 0.078087 at y = 5.117143, phi_e, min: 0.058131 at y = 5.478213
phi_m, max: 86.900538 at y = 5.477458./ phi_m, min: 0.000000 at y = 5.050000
phi_e, max: 0.065050 at y = 5.117143, phi_e, min: 0.051443 at y = 5.478213
phi_m, max: 66.657279 at y = 5.477458./ phi_m, min: 0.000000 at y = 5.050000
phi_e, max: 0.048956 at y = 5.345503, phi_e, min: 0.038835 at y = 5.478213
phi_m, max: 47.591849 at y = 5.478213./ phi_m, min: 0.000000 at y = 5.050000
phi_e, max: 0.024240 at y = 5.345503, phi_e, min: 0.017292 at y = 5.478213
phi_m, max: 29.703945 at y = 5.479413./ phi_m, min: 0.000000 at y = 5.050000
phi_e, max: 0.011688 at y = 5.117143, phi_e, min: 0.004372 at y = 5.476787



Time: 0.100000
CPU Time: 141.190380 min.
phi_m, max: -0.000000 at y = 3.131429./ phi_m, min: -0.019448 at y = 3.227143
phi_e, max: 0.000608 at y = 6.330000, phi_e, min: -0.053521 at y = 3.017143

Time: 0.200000
CPU Time: 138.036366 min.
phi_m, max: -0.000000 at y = 3.131429./ phi_m, min: -0.008105 at y = 3.227143
phi_e, max: 0.000240 at y = 6.330000, phi_e, min: -0.021192 at y = 3.017143

Time: 0.300000
CPU Time: 134.729599 min.
phi_m, max: -0.000000 at y = 3.131429./ phi_m, min: -0.006740 at y = 3.227143
phi_e, max: 0.000196 at y = 6.330000, phi_e, min: -0.017280 at y = 3.017143

Time: 0.400000
CPU Time: 134.629891 min.
phi_m, max: 0.026446 at y = 3.045714./ phi_m, min: -0.001051 at y = 6.320000
phi_e, max: 0.000129 at y = 6.320000, phi_e, min: -0.013036 at y = 3.017143

Time: 0.500000
CPU Time: 135.607442 min.
phi_m, max: 2.054168 at y = 3.045714./ phi_m, min: -0.000964 at y = 6.320000
phi_e, max: -0.000884 at y = 3.255714, phi_e, min: -0.009235 at y = 3.017143

Time: 0.600000
CPU Time: 136.130311 min.
phi_m, max: 95.505925 at y = 3.045714./ phi_m, min: -0.001963 at y = 6.330000
phi_e, max: -0.000245 at y = 6.330000, phi_e, min: -0.010264 at y = 3.161787

Time: 0.700000
CPU Time: 136.013256 min.
phi_m, max: 111.184794 at y = 3.166259./ phi_m, min: -0.001506 at y = 6.330000
phi_e, max: 0.059269 at y = 6.330000, phi_e, min: -0.011570 at y = 3.017143

Time: 0.800000
CPU Time: 134.044105 min.
phi_m, max: 95.530486 at y = 3.166787./ phi_m, min: -0.001409 at y = 6.330000
phi_e, max: -0.001991 at y = 3.255714, phi_e, min: -0.014153 at y = 6.320000

Time: 0.900000
CPU Time: 133.215903 min.
phi_m, max: 75.825879 at y = 3.167458./ phi_m, min: -0.001279 at y = 6.330000
phi_e, max: 0.112916 at y = 6.330000, phi_e, min: -0.008796 at y = 3.017143

Time: 1.000000
CPU Time: 132.622828 min.
phi_m, max: 55.824544 at y = 3.168213./ phi_m, min: 0.000000 at y = 3.131429
phi_e, max: 0.230271 at y = 6.330000, phi_e, min: -0.006719 at y = 3.017143

Time: 1.100000
CPU Time: 130.114707 min.
phi_m, max: 38.079959 at y = 3.168376./ phi_m, min: 0.000000 at y = 3.131429
phi_e, max: 0.030689 at y = 6.320000, phi_e, min: -0.004661 at y = 3.017143

Time: 1.200000
CPU Time: 130.706478 min.
phi_m, max: 37.031638 at y = 6.320000./ phi_m, min: 0.000000 at y = 3.131429
phi_e, max: -0.000759 at y = 3.255714, phi_e, min: -0.034254 at y = 6.320000

Time: 1.300000
CPU Time: 130.498055 min.
phi_m, max: 112.478538 at y = 6.320000./ phi_m, min: 0.000000 at y = 3.131429
phi_e, max: -0.000860 at y = 3.255714, phi_e, min: -0.030634 at y = 6.320000

Time: 1.400000
CPU Time: 131.022998 min.
phi_m, max: 97.468877 at y = 6.320000./ phi_m, min: -0.142017 at y = 3.045714
phi_e, max: -0.000688 at y = 3.255714, phi_e, min: -0.028291 at y = 6.320000

Time: 1.500000
CPU Time: 131.316753 min.
phi_m, max: 77.947309 at y = 6.320000./ phi_m, min: -0.346635 at y = 3.161175
phi_e, max: -0.000541 at y = 3.255714, phi_e, min: -0.033569 at y = 6.320000

Time: 1.600000
CPU Time: 131.287838 min.
phi_m, max: 57.803635 at y = 6.320000./ phi_m, min: -0.436463 at y = 3.163213
phi_e, max: -0.000396 at y = 3.255714, phi_e, min: -0.032066 at y = 6.320000


Writing: "Fiber2DEphapticPlaneL6rho3_16.chk"
phi_m, max: -0.000000 at y = 5.690000./ phi_m, min: -0.000992 at y = 5.895168
phi_e, max: 0.000606 at y = 5.928571, phi_e, min: 0.000605 at y = 5.685587
phi_m, max: -0.000000 at y = 5.690000./ phi_m, min: -0.001000 at y = 5.895168
phi_e, max: 0.000239 at y = 5.928571, phi_e, min: 0.000239 at y = 5.685587
phi_m, max: -0.000000 at y = 5.690000./ phi_m, min: -0.000993 at y = 5.895168
phi_e, max: 0.000195 at y = 5.928571, phi_e, min: 0.000194 at y = 5.685587
phi_m, max: -0.000000 at y = 5.690000./ phi_m, min: -0.000984 at y = 5.895168
phi_e, max: 0.000131 at y = 5.685587, phi_e, min: 0.000130 at y = 5.928571
phi_m, max: -0.000000 at y = 5.690000./ phi_m, min: -0.000974 at y = 5.894832
phi_e, max: -0.001021 at y = 5.685587, phi_e, min: -0.001124 at y = 5.928571
phi_m, max: -0.000000 at y = 5.690000./ phi_m, min: -0.000979 at y = 5.895916
phi_e, max: -0.002212 at y = 5.928571, phi_e, min: -0.003408 at y = 5.685587
phi_m, max: -0.000000 at y = 5.690000./ phi_m, min: -0.000970 at y = 5.895587
phi_e, max: 0.058293 at y = 5.928571, phi_e, min: 0.057699 at y = 5.685587
phi_m, max: -0.000000 at y = 5.690000./ phi_m, min: -0.000952 at y = 5.895916
phi_e, max: -0.014923 at y = 5.928571, phi_e, min: -0.015404 at y = 5.685587
phi_m, max: 0.006201 at y = 5.690000./ phi_m, min: 0.000000 at y = 5.690000
phi_e, max: 0.112307 at y = 5.928571, phi_e, min: 0.111935 at y = 5.685587
phi_m, max: 0.521389 at y = 5.690000./ phi_m, min: 0.000000 at y = 5.690000
phi_e, max: 0.229830 at y = 5.928571, phi_e, min: 0.229426 at y = 5.685587
phi_m, max: 71.603509 at y = 5.690000./ phi_m, min: 0.000000 at y = 5.690000
phi_e, max: 0.028103 at y = 5.896787, phi_e, min: 0.009652 at y = 5.690000
phi_m, max: 114.624710 at y = 5.895587./ phi_m, min: 0.000000 at y = 5.690000
phi_e, max: 0.031189 at y = 5.685587, phi_e, min: -0.001349 at y = 5.928571
phi_m, max: 102.163804 at y = 5.896787./ phi_m, min: 0.000000 at y = 5.690000
phi_e, max: 0.030764 at y = 5.685587, phi_e, min: 0.006196 at y = 5.898213
phi_m, max: 83.444306 at y = 5.897458./ phi_m, min: 0.000000 at y = 5.690000
phi_e, max: 0.023058 at y = 5.685587, phi_e, min: 0.003608 at y = 5.898213
phi_m, max: 63.163368 at y = 5.897458./ phi_m, min: 0.000000 at y = 5.690000
phi_e, max: 0.006195 at y = 5.685587, phi_e, min: -0.008046 at y = 5.898213
phi_m, max: 44.556033 at y = 5.898213./ phi_m, min: 0.000000 at y = 5.690000
phi_e, max: -0.003288 at y = 5.685587, phi_e, min: -0.013180 at y = 5.898213


phi_m, max: -0.000000 at y = 5.260000./ phi_m, min: -0.000991 at y = 5.264832
phi_e, max: 0.000602 at y = 5.298571, phi_e, min: 0.000601 at y = 5.060000
phi_m, max: -0.000000 at y = 5.260000./ phi_m, min: -0.000999 at y = 5.264832
phi_e, max: 0.000238 at y = 5.298571, phi_e, min: 0.000237 at y = 5.060000
phi_m, max: -0.000000 at y = 5.260000./ phi_m, min: -0.000991 at y = 5.264832
phi_e, max: 0.000193 at y = 5.298571, phi_e, min: 0.000193 at y = 5.060000
phi_m, max: -0.000000 at y = 5.260000./ phi_m, min: -0.000982 at y = 5.264832
phi_e, max: 0.000134 at y = 5.060000, phi_e, min: 0.000132 at y = 5.298571
phi_m, max: -0.000000 at y = 5.260000./ phi_m, min: -0.000974 at y = 5.265168
phi_e, max: -0.000756 at y = 5.060000, phi_e, min: -0.000857 at y = 5.298571
phi_m, max: -0.000000 at y = 5.260000./ phi_m, min: -0.000965 at y = 5.264490
phi_e, max: -0.005316 at y = 5.298571, phi_e, min: -0.006494 at y = 5.060000
phi_m, max: -0.000000 at y = 5.260000./ phi_m, min: -0.000919 at y = 5.266259
phi_e, max: 0.056752 at y = 5.298571, phi_e, min: 0.056167 at y = 5.060000
phi_m, max: 0.016133 at y = 5.063356./ phi_m, min: 0.000000 at y = 5.260000
phi_e, max: -0.016160 at y = 5.298571, phi_e, min: -0.016604 at y = 5.060000
phi_m, max: 2.027502 at y = 5.063356./ phi_m, min: 0.000000 at y = 5.260000
phi_e, max: 0.115751 at y = 5.060000, phi_e, min: 0.112640 at y = 5.298571
phi_m, max: 101.785249 at y = 5.063356./ phi_m, min: 0.000000 at y = 5.260000
phi_e, max: 0.192079 at y = 5.298571, phi_e, min: 0.100308 at y = 5.060000
phi_m, max: 112.673651 at y = 5.266259./ phi_m, min: 0.000000 at y = 5.260000
phi_e, max: 0.091354 at y = 5.136703, phi_e, min: 0.080157 at y = 5.265587
phi_m, max: 98.011983 at y = 5.266787./ phi_m, min: 0.000000 at y = 5.260000
phi_e, max: 0.078680 at y = 5.147871, phi_e, min: 0.070819 at y = 5.264413
phi_m, max: 78.603127 at y = 5.267458./ phi_m, min: 0.000000 at y = 5.260000
phi_e, max: 0.065775 at y = 5.158082, phi_e, min: 0.060364 at y = 5.264413
phi_m, max: 58.442691 at y = 5.267458./ phi_m, min: 0.000000 at y = 5.260000
phi_e, max: 0.049365 at y = 5.158082, phi_e, min: 0.045522 at y = 5.264413
phi_m, max: 40.440348 at y = 5.268376./ phi_m, min: 0.000000 at y = 5.260000
phi_e, max: 0.024189 at y = 5.164075, phi_e, min: 0.021692 at y = 5.264413
phi_m, max: 20.921454 at y = 5.298571./ phi_m, min: 0.000000 at y = 5.260000
phi_e, max: 0.011692 at y = 5.114986, phi_e, min: 0.009508 at y = 5.265587


phi_m, max: -0.000000 at y = 2.358571./ phi_m, min: -0.002532 at y = 2.501429
phi_e, max: -0.135338 at y = 2.625714, phi_e, min: -0.196662 at y = 2.330000
phi_m, max: -0.000000 at y = 2.358571./ phi_m, min: -0.001122 at y = 2.530000
phi_e, max: -0.053587 at y = 2.625714, phi_e, min: -0.077868 at y = 2.330000
phi_m, max: 0.069862 at y = 2.387143./ phi_m, min: 0.000000 at y = 2.358571
phi_e, max: -0.043696 at y = 2.625714, phi_e, min: -0.063482 at y = 2.330000
phi_m, max: 9.501471 at y = 2.387143./ phi_m, min: 0.000000 at y = 2.358571
phi_e, max: -0.033047 at y = 2.625714, phi_e, min: -0.046406 at y = 2.330000
phi_m, max: 112.966571 at y = 2.532542./ phi_m, min: 0.000000 at y = 2.358571
phi_e, max: -0.007522 at y = 2.399511, phi_e, min: -0.036899 at y = 2.538213
phi_m, max: 108.083386 at y = 2.536426./ phi_m, min: 0.000000 at y = 2.358571
phi_e, max: -0.005497 at y = 2.625714, phi_e, min: -0.015216 at y = 2.330000
phi_m, max: 90.995328 at y = 2.536787./ phi_m, min: 0.000000 at y = 2.358571
phi_e, max: -0.028792 at y = 2.625714, phi_e, min: -0.046378 at y = 2.330000
phi_m, max: 70.925037 at y = 2.537458./ phi_m, min: 0.000000 at y = 2.358571
phi_e, max: -0.026659 at y = 2.625714, phi_e, min: -0.042639 at y = 2.330000
phi_m, max: 51.355700 at y = 2.538213./ phi_m, min: 0.000000 at y = 2.358571
phi_e, max: -0.023064 at y = 2.625714, phi_e, min: -0.036631 at y = 2.330000
phi_m, max: 33.777078 at y = 2.597143./ phi_m, min: 0.000000 at y = 2.358571
phi_e, max: -0.017846 at y = 2.625714, phi_e, min: -0.028113 at y = 2.330000
phi_m, max: 13.297838 at y = 2.597143./ phi_m, min: 0.000000 at y = 2.358571
phi_e, max: -0.013574 at y = 2.625714, phi_e, min: -0.022088 at y = 2.330000
phi_m, max: 1.731995 at y = 2.597143./ phi_m, min: 0.000000 at y = 2.358571
phi_e, max: -0.010122 at y = 2.625714, phi_e, min: -0.014541 at y = 2.330000
phi_m, max: -0.000000 at y = 2.358571./ phi_m, min: -0.232085 at y = 2.387143
phi_e, max: -0.004253 at y = 2.625714, phi_e, min: -0.004940 at y = 2.330000
phi_m, max: -0.000000 at y = 2.358571./ phi_m, min: -0.375549 at y = 2.387143
phi_e, max: -0.002082 at y = 2.330000, phi_e, min: -0.002131 at y = 2.625714
phi_m, max: -0.000000 at y = 2.358571./ phi_m, min: -0.450188 at y = 2.533574
phi_e, max: -0.001374 at y = 2.330000, phi_e, min: -0.001502 at y = 2.625714
phi_m, max: -0.000000 at y = 2.358571./ phi_m, min: -0.482414 at y = 2.534551
phi_e, max: -0.000885 at y = 2.330000, phi_e, min: -0.001026 at y = 2.625714


phi_m, max: 114.785271 at y = 0.433633./ phi_m, min: -0.021591 at y = 3.277724
phi_e, max: 0.000611 at y = 3.341429, phi_e, min: -0.575517 at y = 0.438213
phi_m, max: 106.175770 at y = 0.436426./ phi_m, min: -0.008939 at y = 3.277724
phi_e, max: 0.000242 at y = 3.341429, phi_e, min: -0.154302 at y = 0.436787
phi_m, max: 88.448626 at y = 0.437458./ phi_m, min: -0.007427 at y = 3.277724
phi_e, max: 0.000197 at y = 3.341429, phi_e, min: -0.064984 at y = 0.436787
phi_m, max: 68.257438 at y = 0.437458./ phi_m, min: -0.002515 at y = 3.321869
phi_e, max: 0.019098 at y = 0.344286, phi_e, min: -0.003821 at y = 3.198571
phi_m, max: 48.995853 at y = 0.438213./ phi_m, min: 0.000000 at y = 0.430000
phi_e, max: 0.058743 at y = 0.344286, phi_e, min: -0.002616 at y = 3.198571
phi_m, max: 52.675655 at y = 3.198571./ phi_m, min: 0.000000 at y = 0.430000
phi_e, max: 0.000366 at y = 3.341429, phi_e, min: -0.024914 at y = 0.433213
phi_m, max: 109.268696 at y = 3.341429./ phi_m, min: 0.000000 at y = 0.430000
phi_e, max: 0.000481 at y = 3.341429, phi_e, min: -0.130474 at y = 0.319071
phi_m, max: 96.399986 at y = 3.341429./ phi_m, min: 0.000000 at y = 0.430000
phi_e, max: 0.000427 at y = 3.341429, phi_e, min: -0.139280 at y = 0.319071
phi_m, max: 78.077600 at y = 3.341429./ phi_m, min: -0.221076 at y = 0.344286
phi_e, max: 0.000347 at y = 3.341429, phi_e, min: -0.131813 at y = 0.319071
phi_m, max: 58.601415 at y = 3.341429./ phi_m, min: -0.381048 at y = 0.432542
phi_e, max: 0.000259 at y = 3.341429, phi_e, min: -0.108205 at y = 0.319071
phi_m, max: 40.929646 at y = 3.341429./ phi_m, min: -0.452623 at y = 0.434413
phi_e, max: 0.000187 at y = 3.341429, phi_e, min: -0.080073 at y = 0.319071
phi_m, max: 22.190263 at y = 3.341429./ phi_m, min: -0.482497 at y = 0.434832
phi_e, max: 0.000254 at y = 3.341429, phi_e, min: -0.043378 at y = 0.324726
phi_m, max: 4.300467 at y = 3.341429./ phi_m, min: -0.483473 at y = 0.435168
phi_e, max: 0.000416 at y = 3.341429, phi_e, min: -0.009987 at y = 0.325925
phi_m, max: 0.219247 at y = 3.341429./ phi_m, min: -0.464702 at y = 0.435449
phi_e, max: 0.000348 at y = 3.341429, phi_e, min: -0.002374 at y = 0.344286
phi_m, max: -0.000000 at y = 0.430000./ phi_m, min: -0.433867 at y = 0.435510
phi_e, max: 0.000276 at y = 3.341429, phi_e, min: -0.001111 at y = 0.344286
phi_m, max: -0.000000 at y = 0.430000./ phi_m, min: -0.409747 at y = 3.198571
phi_e, max: 0.000204 at y = 3.341429, phi_e, min: -0.000759 at y = 3.198571


phi_m, max: -0.000000 at y = 4.850000./ phi_m, min: -0.000991 at y = 4.844832
phi_e, max: 0.000601 at y = 5.088571, phi_e, min: 0.000601 at y = 4.840000
phi_m, max: -0.000000 at y = 4.850000./ phi_m, min: -0.000999 at y = 4.844832
phi_e, max: 0.000237 at y = 5.088571, phi_e, min: 0.000237 at y = 4.887583
phi_m, max: -0.000000 at y = 4.850000./ phi_m, min: -0.000991 at y = 4.844832
phi_e, max: 0.000193 at y = 5.088571, phi_e, min: 0.000193 at y = 4.909300
phi_m, max: -0.000000 at y = 4.850000./ phi_m, min: -0.000982 at y = 5.055168
phi_e, max: 0.000135 at y = 4.840000, phi_e, min: 0.000133 at y = 5.088571
phi_m, max: -0.000000 at y = 4.850000./ phi_m, min: -0.000974 at y = 5.055168
phi_e, max: -0.000663 at y = 4.840000, phi_e, min: -0.000767 at y = 5.088571
phi_m, max: -0.000000 at y = 4.850000./ phi_m, min: -0.000964 at y = 5.054832
phi_e, max: -0.006358 at y = 5.088571, phi_e, min: -0.007573 at y = 4.840000
phi_m, max: 0.002022 at y = 4.840000./ phi_m, min: -0.000736 at y = 5.060000
phi_e, max: 0.056235 at y = 5.088571, phi_e, min: 0.055634 at y = 4.840000
phi_m, max: 0.270915 at y = 4.840000./ phi_m, min: 0.000000 at y = 4.850000
phi_e, max: -0.016554 at y = 5.088571, phi_e, min: -0.016813 at y = 4.840000
phi_m, max: 30.962400 at y = 4.840000./ phi_m, min: 0.000000 at y = 4.850000
phi_e, max: 0.140288 at y = 4.841787, phi_e, min: 0.115228 at y = 5.088571
phi_m, max: 114.184959 at y = 4.845587./ phi_m, min: 0.000000 at y = 4.850000
phi_e, max: 0.111048 at y = 4.962129, phi_e, min: 0.093173 at y = 4.840587
phi_m, max: 107.559663 at y = 5.056426./ phi_m, min: 0.000000 at y = 4.850000
phi_e, max: 0.091703 at y = 4.981058, phi_e, min: 0.074102 at y = 4.840587
phi_m, max: 90.281547 at y = 5.056787./ phi_m, min: 0.000000 at y = 4.850000
phi_e, max: 0.077628 at y = 4.983846, phi_e, min: 0.062953 at y = 4.841787
phi_m, max: 70.171891 at y = 5.057458./ phi_m, min: 0.000000 at y = 4.850000
phi_e, max: 0.063650 at y = 5.088571, phi_e, min: 0.051521 at y = 4.840587
phi_m, max: 50.683885 at y = 5.058213./ phi_m, min: 0.000000 at y = 4.850000
phi_e, max: 0.047760 at y = 5.088571, phi_e, min: 0.038657 at y = 4.840587
phi_m, max: 33.080521 at y = 5.058825./ phi_m, min: 0.000000 at y = 4.850000
phi_e, max: 0.022920 at y = 5.088571, phi_e, min: 0.017548 at y = 4.841787
phi_m, max: 11.423598 at y = 5.060000./ phi_m, min: 0.000000 at y = 4.850000
phi_e, max: 0.011612 at y = 5.088571, phi_e, min: 0.010330 at y = 4.840000


phi_m, max: 107.904278 at y = 0.440000./ phi_m, min: 0.000000 at y = 0.430000
phi_e, max: -0.496333 at y = 0.888571, phi_e, min: -0.575072 at y = 0.440000
phi_m, max: 111.649168 at y = 0.646259./ phi_m, min: 0.000000 at y = 0.430000
phi_e, max: -0.148978 at y = 0.553086, phi_e, min: -0.156066 at y = 0.858825
phi_m, max: 96.272599 at y = 0.646787./ phi_m, min: 0.000000 at y = 0.430000
phi_e, max: -0.060714 at y = 0.550636, phi_e, min: -0.065168 at y = 0.858825
phi_m, max: 76.648437 at y = 0.647458./ phi_m, min: 0.000000 at y = 0.430000
phi_e, max: 0.016624 at y = 0.547724, phi_e, min: 0.011942 at y = 0.858825
phi_m, max: 56.592368 at y = 0.648213./ phi_m, min: 0.000000 at y = 0.430000
phi_e, max: 0.056988 at y = 0.545274, phi_e, min: 0.052845 at y = 0.858825
phi_m, max: 38.785848 at y = 0.648376./ phi_m, min: 0.000000 at y = 0.430000
phi_e, max: -0.010025 at y = 0.888571, phi_e, min: -0.024626 at y = 0.440000
phi_m, max: 18.307628 at y = 0.650000./ phi_m, min: 0.000000 at y = 0.430000
phi_e, max: -0.096923 at y = 0.888571, phi_e, min: -0.126927 at y = 0.430000
phi_m, max: 2.879439 at y = 0.650000./ phi_m, min: 0.000000 at y = 0.430000
phi_e, max: -0.103701 at y = 0.888571, phi_e, min: -0.135956 at y = 0.430000
phi_m, max: 0.043682 at y = 0.650000./ phi_m, min: -0.174565 at y = 0.440000
phi_e, max: -0.102698 at y = 0.888571, phi_e, min: -0.129146 at y = 0.430000
phi_m, max: -0.000000 at y = 0.430000./ phi_m, min: -0.366204 at y = 0.440000
phi_e, max: -0.086582 at y = 0.888571, phi_e, min: -0.106210 at y = 0.430000
phi_m, max: -0.000000 at y = 0.430000./ phi_m, min: -0.440043 at y = 0.440000
phi_e, max: -0.065128 at y = 0.888571, phi_e, min: -0.078681 at y = 0.430000
phi_m, max: -0.000000 at y = 0.430000./ phi_m, min: -0.476751 at y = 0.644413
phi_e, max: -0.035894 at y = 0.888571, phi_e, min: -0.042665 at y = 0.430000
phi_m, max: -0.000000 at y = 0.430000./ phi_m, min: -0.486835 at y = 0.644832
phi_e, max: -0.008679 at y = 0.888571, phi_e, min: -0.009835 at y = 0.430000
phi_m, max: -0.000000 at y = 0.430000./ phi_m, min: -0.474221 at y = 0.645449
phi_e, max: -0.002309 at y = 0.858825, phi_e, min: -0.002344 at y = 0.527871
phi_m, max: -0.000000 at y = 0.430000./ phi_m, min: -0.447047 at y = 0.645510
phi_e, max: -0.001088 at y = 0.440000, phi_e, min: -0.001205 at y = 0.888571
phi_m, max: -0.000000 at y = 0.430000./ phi_m, min: -0.411559 at y = 0.645587
phi_e, max: -0.000473 at y = 0.440000, phi_e, min: -0.000623 at y = 0.888571


 (0.00181738s, XML)
Steps: 17000000 Time: 1.7         
phi_m, max: 114.785271 at y = 0.433633./ phi_m, min: -0.021591 at y = 3.277724
phi_e, max: 0.000611 at y = 3.341429, phi_e, min: -0.575517 at y = 0.438213
phi_m, max: 106.175770 at y = 0.436426./ phi_m, min: -0.008939 at y = 3.277724
phi_e, max: 0.000242 at y = 3.341429, phi_e, min: -0.154302 at y = 0.436787
phi_m, max: 88.448626 at y = 0.437458./ phi_m, min: -0.007427 at y = 3.277724
phi_e, max: 0.000197 at y = 3.341429, phi_e, min: -0.064984 at y = 0.436787
phi_m, max: 68.257438 at y = 0.437458./ phi_m, min: -0.002515 at y = 3.321869
phi_e, max: 0.019098 at y = 0.344286, phi_e, min: -0.003821 at y = 3.198571
phi_m, max: 48.995853 at y = 0.438213./ phi_m, min: 0.000000 at y = 0.430000
phi_e, max: 0.058743 at y = 0.344286, phi_e, min: -0.002616 at y = 3.198571
phi_m, max: 52.675655 at y = 3.198571./ phi_m, min: 0.000000 at y = 0.430000
phi_e, max: 0.000366 at y = 3.341429, phi_e, min: -0.024914 at y = 0.433213
phi_m, max: 109.268696 at y = 3.341429./ phi_m, min: 0.000000 at y = 0.430000
phi_e, max: 0.000481 at y = 3.341429, phi_e, min: -0.130474 at y = 0.319071
phi_m, max: 96.399986 at y = 3.341429./ phi_m, min: 0.000000 at y = 0.430000
phi_e, max: 0.000427 at y = 3.341429, phi_e, min: -0.139280 at y = 0.319071
phi_m, max: 78.077600 at y = 3.341429./ phi_m, min: -0.221076 at y = 0.344286
phi_e, max: 0.000347 at y = 3.341429, phi_e, min: -0.131813 at y = 0.319071
phi_m, max: 58.601415 at y = 3.341429./ phi_m, min: -0.381048 at y = 0.432542
phi_e, max: 0.000259 at y = 3.341429, phi_e, min: -0.108205 at y = 0.319071
phi_m, max: 40.929646 at y = 3.341429./ phi_m, min: -0.452623 at y = 0.434413
phi_e, max: 0.000187 at y = 3.341429, phi_e, min: -0.080073 at y = 0.319071
phi_m, max: 22.190263 at y = 3.341429./ phi_m, min: -0.482497 at y = 0.434832
phi_e, max: 0.000254 at y = 3.341429, phi_e, min: -0.043378 at y = 0.324726
phi_m, max: 4.300467 at y = 3.341429./ phi_m, min: -0.483473 at y = 0.435168
phi_e, max: 0.000416 at y = 3.341429, phi_e, min: -0.009987 at y = 0.325925
phi_m, max: 0.219247 at y = 3.341429./ phi_m, min: -0.464702 at y = 0.435449
phi_e, max: 0.000348 at y = 3.341429, phi_e, min: -0.002374 at y = 0.344286
phi_m, max: -0.000000 at y = 0.430000./ phi_m, min: -0.433867 at y = 0.435510
phi_e, max: 0.000276 at y = 3.341429, phi_e, min: -0.001111 at y = 0.344286
phi_m, max: -0.000000 at y = 0.430000./ phi_m, min: -0.409747 at y = 3.198571
phi_e, max: 0.000204 at y = 3.341429, phi_e, min: -0.000759 at y = 3.198571
phi_m, max: -0.000000 at y = 0.430000./ phi_m, min: -0.453430 at y = 3.198571
phi_e, max: 0.000140 at y = 3.341429, phi_e, min: -0.000507 at y = 3.198571


phi_m, max: -0.000000 at y = 4.850000./ phi_m, min: -0.000991 at y = 4.844832
phi_e, max: 0.000601 at y = 5.088571, phi_e, min: 0.000601 at y = 4.840000
phi_m, max: -0.000000 at y = 4.850000./ phi_m, min: -0.000999 at y = 4.844832
phi_e, max: 0.000237 at y = 5.088571, phi_e, min: 0.000237 at y = 4.887583
phi_m, max: -0.000000 at y = 4.850000./ phi_m, min: -0.000991 at y = 4.844832
phi_e, max: 0.000193 at y = 5.088571, phi_e, min: 0.000193 at y = 4.909300
phi_m, max: -0.000000 at y = 4.850000./ phi_m, min: -0.000982 at y = 5.055168
phi_e, max: 0.000135 at y = 4.840000, phi_e, min: 0.000133 at y = 5.088571
phi_m, max: -0.000000 at y = 4.850000./ phi_m, min: -0.000974 at y = 5.055168
phi_e, max: -0.000663 at y = 4.840000, phi_e, min: -0.000767 at y = 5.088571
phi_m, max: -0.000000 at y = 4.850000./ phi_m, min: -0.000964 at y = 5.054832
phi_e, max: -0.006358 at y = 5.088571, phi_e, min: -0.007573 at y = 4.840000
phi_m, max: 0.002022 at y = 4.840000./ phi_m, min: -0.000736 at y = 5.060000
phi_e, max: 0.056235 at y = 5.088571, phi_e, min: 0.055634 at y = 4.840000
phi_m, max: 0.270915 at y = 4.840000./ phi_m, min: 0.000000 at y = 4.850000
phi_e, max: -0.016554 at y = 5.088571, phi_e, min: -0.016813 at y = 4.840000
phi_m, max: 30.962400 at y = 4.840000./ phi_m, min: 0.000000 at y = 4.850000
phi_e, max: 0.140288 at y = 4.841787, phi_e, min: 0.115228 at y = 5.088571
phi_m, max: 114.184959 at y = 4.845587./ phi_m, min: 0.000000 at y = 4.850000
phi_e, max: 0.111048 at y = 4.962129, phi_e, min: 0.093173 at y = 4.840587
phi_m, max: 107.559663 at y = 5.056426./ phi_m, min: 0.000000 at y = 4.850000
phi_e, max: 0.091703 at y = 4.981058, phi_e, min: 0.074102 at y = 4.840587
phi_m, max: 90.281547 at y = 5.056787./ phi_m, min: 0.000000 at y = 4.850000
phi_e, max: 0.077628 at y = 4.983846, phi_e, min: 0.062953 at y = 4.841787
phi_m, max: 70.171891 at y = 5.057458./ phi_m, min: 0.000000 at y = 4.850000
phi_e, max: 0.063650 at y = 5.088571, phi_e, min: 0.051521 at y = 4.840587
phi_m, max: 50.683885 at y = 5.058213./ phi_m, min: 0.000000 at y = 4.850000
phi_e, max: 0.047760 at y = 5.088571, phi_e, min: 0.038657 at y = 4.840587
phi_m, max: 33.080521 at y = 5.058825./ phi_m, min: 0.000000 at y = 4.850000
phi_e, max: 0.022920 at y = 5.088571, phi_e, min: 0.017548 at y = 4.841787
phi_m, max: 11.423598 at y = 5.060000./ phi_m, min: 0.000000 at y = 4.850000
phi_e, max: 0.011612 at y = 5.088571, phi_e, min: 0.010330 at y = 4.840000
phi_m, max: 1.297188 at y = 5.060000./ phi_m, min: 0.000000 at y = 4.850000
phi_e, max: 0.008210 at y = 5.088571, phi_e, min: 0.007037 at y = 4.840000


phi_m, max: -0.000000 at y = 3.580000./ phi_m, min: -0.003667 at y = 3.551429
phi_e, max: 0.000596 at y = 3.790000, phi_e, min: 0.000594 at y = 3.551429
phi_m, max: -0.000000 at y = 3.580000./ phi_m, min: -0.001977 at y = 3.551429
phi_e, max: 0.000236 at y = 3.790000, phi_e, min: 0.000235 at y = 3.551429
phi_m, max: -0.000000 at y = 3.580000./ phi_m, min: -0.001778 at y = 3.551429
phi_e, max: 0.000192 at y = 3.790000, phi_e, min: 0.000191 at y = 3.551429
phi_m, max: -0.000000 at y = 3.580000./ phi_m, min: -0.001178 at y = 3.551429
phi_e, max: 0.000142 at y = 3.551429, phi_e, min: 0.000140 at y = 3.790000
phi_m, max: 0.027527 at y = 3.551429./ phi_m, min: 0.000000 at y = 3.580000
phi_e, max: -0.000099 at y = 3.551429, phi_e, min: -0.000216 at y = 3.790000
phi_m, max: 3.703708 at y = 3.551429./ phi_m, min: 0.000000 at y = 3.580000
phi_e, max: -0.011257 at y = 3.583213, phi_e, min: -0.012634 at y = 3.732857
phi_m, max: 110.672376 at y = 3.581787./ phi_m, min: 0.000000 at y = 3.580000
phi_e, max: 0.070238 at y = 3.789606, phi_e, min: 0.021370 at y = 3.583213
phi_m, max: 109.005798 at y = 3.586426./ phi_m, min: 0.000000 at y = 3.580000
phi_e, max: 0.040885 at y = 3.761429, phi_e, min: 0.018942 at y = 3.581787
phi_m, max: 93.464042 at y = 3.761429./ phi_m, min: 0.000000 at y = 3.580000
phi_e, max: 0.033698 at y = 3.761429, phi_e, min: 0.015373 at y = 3.581787
phi_m, max: 74.702919 at y = 3.761429./ phi_m, min: 0.000000 at y = 3.580000
phi_e, max: 0.025709 at y = 3.761429, phi_e, min: 0.011516 at y = 3.581787
phi_m, max: 55.357810 at y = 3.761429./ phi_m, min: 0.000000 at y = 3.580000
phi_e, max: 0.018427 at y = 3.761429, phi_e, min: 0.008218 at y = 3.581787
phi_m, max: 38.039950 at y = 3.761429./ phi_m, min: 0.000000 at y = 3.580000
phi_e, max: 0.014848 at y = 3.761429, phi_e, min: 0.006663 at y = 3.581787
phi_m, max: 18.296012 at y = 3.761429./ phi_m, min: 0.000000 at y = 3.580000
phi_e, max: 0.008130 at y = 3.790000, phi_e, min: 0.003578 at y = 3.551429
phi_m, max: 2.913077 at y = 3.761429./ phi_m, min: 0.000000 at y = 3.580000
phi_e, max: 0.005520 at y = 3.790000, phi_e, min: 0.002808 at y = 3.551429
phi_m, max: 0.050904 at y = 3.761429./ phi_m, min: -0.173537 at y = 3.551429
phi_e, max: 0.004457 at y = 3.790000, phi_e, min: 0.002243 at y = 3.551429
phi_m, max: -0.000000 at y = 3.580000./ phi_m, min: -0.367733 at y = 3.581624
phi_e, max: 0.003248 at y = 3.790000, phi_e, min: 0.001630 at y = 3.551429
phi_m, max: -0.000000 at y = 3.580000./ phi_m, min: -0.446613 at y = 3.583213
phi_e, max: 0.002167 at y = 3.790000, phi_e, min: 0.001087 at y = 3.551429


phi_m, max: -0.000000 at y = 2.740000./ phi_m, min: -0.001568 at y = 2.835714
phi_e, max: -0.091351 at y = 2.835714, phi_e, min: -0.141050 at y = 2.597143
phi_m, max: -0.000000 at y = 2.740000./ phi_m, min: -0.001150 at y = 2.835714
phi_e, max: -0.036170 at y = 2.835714, phi_e, min: -0.055848 at y = 2.597143
phi_m, max: 0.009560 at y = 2.597143./ phi_m, min: 0.000000 at y = 2.740000
phi_e, max: -0.029493 at y = 2.835714, phi_e, min: -0.045540 at y = 2.597143
phi_m, max: 1.427145 at y = 2.597143./ phi_m, min: 0.000000 at y = 2.740000
phi_e, max: -0.022259 at y = 2.835714, phi_e, min: -0.034405 at y = 2.597143
phi_m, max: 81.429102 at y = 2.597143./ phi_m, min: 0.000000 at y = 2.740000
phi_e, max: -0.015138 at y = 2.746787, phi_e, min: -0.027398 at y = 2.597143
phi_m, max: 113.033986 at y = 2.745916./ phi_m, min: 0.000000 at y = 2.740000
phi_e, max: -0.003440 at y = 2.835714, phi_e, min: -0.012646 at y = 2.743213
phi_m, max: 98.667438 at y = 2.746787./ phi_m, min: 0.000000 at y = 2.740000
phi_e, max: -0.020164 at y = 2.835714, phi_e, min: -0.031007 at y = 2.743213
phi_m, max: 79.349945 at y = 2.747458./ phi_m, min: 0.000000 at y = 2.740000
phi_e, max: -0.018373 at y = 2.835714, phi_e, min: -0.028297 at y = 2.597143
phi_m, max: 59.158339 at y = 2.747458./ phi_m, min: 0.000000 at y = 2.740000
phi_e, max: -0.015673 at y = 2.835714, phi_e, min: -0.024421 at y = 2.597143
phi_m, max: 41.072277 at y = 2.748376./ phi_m, min: 0.000000 at y = 2.740000
phi_e, max: -0.012048 at y = 2.835714, phi_e, min: -0.018873 at y = 2.597143
phi_m, max: 22.926008 at y = 2.835714./ phi_m, min: 0.000000 at y = 2.740000
phi_e, max: -0.008562 at y = 2.835714, phi_e, min: -0.014308 at y = 2.597143
phi_m, max: 4.884420 at y = 2.835714./ phi_m, min: 0.000000 at y = 2.740000
phi_e, max: -0.006853 at y = 2.835714, phi_e, min: -0.010522 at y = 2.597143
phi_m, max: 0.306766 at y = 2.835714./ phi_m, min: -0.082166 at y = 2.597143
phi_e, max: -0.003728 at y = 2.835714, phi_e, min: -0.004315 at y = 2.597143
phi_m, max: -0.000000 at y = 2.740000./ phi_m, min: -0.333390 at y = 2.597143
phi_e, max: -0.002115 at y = 2.741787, phi_e, min: -0.002150 at y = 2.835714
phi_m, max: -0.000000 at y = 2.740000./ phi_m, min: -0.425495 at y = 2.742542
phi_e, max: -0.001489 at y = 2.597143, phi_e, min: -0.001577 at y = 2.835714
phi_m, max: -0.000000 at y = 2.740000./ phi_m, min: -0.473248 at y = 2.744084
phi_e, max: -0.001011 at y = 2.597143, phi_e, min: -0.001108 at y = 2.835714
phi_m, max: -0.000000 at y = 2.740000./ phi_m, min: -0.486878 at y = 2.744832
phi_e, max: -0.000606 at y = 2.597143, phi_e, min: -0.000703 at y = 2.835714


phi_m, max: -0.000000 at y = 2.110000./ phi_m, min: -0.001581 at y = 2.056213
phi_e, max: -0.228565 at y = 2.177143, phi_e, min: -0.277169 at y = 1.938571
phi_m, max: 0.043783 at y = 1.938571./ phi_m, min: 0.000000 at y = 2.110000
phi_e, max: -0.090501 at y = 2.177143, phi_e, min: -0.109749 at y = 1.938571
phi_m, max: 3.670721 at y = 1.938571./ phi_m, min: 0.000000 at y = 2.110000
phi_e, max: -0.073853 at y = 2.177143, phi_e, min: -0.089857 at y = 1.938571
phi_m, max: 107.667042 at y = 1.938571./ phi_m, min: 0.000000 at y = 2.110000
phi_e, max: -0.046575 at y = 1.973705, phi_e, min: -0.071315 at y = 2.114413
phi_m, max: 110.378490 at y = 2.116426./ phi_m, min: 0.000000 at y = 2.110000
phi_e, max: 0.002865 at y = 1.983346, phi_e, min: -0.008404 at y = 2.116787
phi_m, max: 94.288485 at y = 2.116787./ phi_m, min: 0.000000 at y = 2.110000
phi_e, max: -0.012766 at y = 2.177143, phi_e, min: -0.018772 at y = 2.114413
phi_m, max: 74.462632 at y = 2.117458./ phi_m, min: 0.000000 at y = 2.110000
phi_e, max: -0.049669 at y = 2.177143, phi_e, min: -0.060125 at y = 1.938571
phi_m, max: 54.563027 at y = 2.118213./ phi_m, min: 0.000000 at y = 2.110000
phi_e, max: -0.046756 at y = 2.177143, phi_e, min: -0.057213 at y = 1.938571
phi_m, max: 36.905556 at y = 2.118825./ phi_m, min: 0.000000 at y = 2.110000
phi_e, max: -0.040779 at y = 2.177143, phi_e, min: -0.050072 at y = 1.938571
phi_m, max: 16.947948 at y = 2.177143./ phi_m, min: 0.000000 at y = 2.110000
phi_e, max: -0.032092 at y = 2.177143, phi_e, min: -0.041277 at y = 1.938571
phi_m, max: 2.643087 at y = 2.177143./ phi_m, min: 0.000000 at y = 2.110000
phi_e, max: -0.026858 at y = 2.177143, phi_e, min: -0.033943 at y = 1.938571
phi_m, max: 0.025674 at y = 2.177143./ phi_m, min: -0.198223 at y = 1.938571
phi_e, max: -0.016859 at y = 2.177143, phi_e, min: -0.020305 at y = 1.938571
phi_m, max: -0.000000 at y = 2.110000./ phi_m, min: -0.368866 at y = 1.938571
phi_e, max: -0.005323 at y = 2.177143, phi_e, min: -0.005889 at y = 1.938571
phi_m, max: -0.000000 at y = 2.110000./ phi_m, min: -0.440836 at y = 2.113213
phi_e, max: -0.002065 at y = 2.114413, phi_e, min: -0.002097 at y = 2.004726
phi_m, max: -0.000000 at y = 2.110000./ phi_m, min: -0.479288 at y = 2.114413
phi_e, max: -0.001277 at y = 1.938571, phi_e, min: -0.001346 at y = 2.177143
phi_m, max: -0.000000 at y = 2.110000./ phi_m, min: -0.486311 at y = 2.115168
phi_e, max: -0.000770 at y = 1.938571, phi_e, min: -0.000850 at y = 2.177143
phi_m, max: -0.000000 at y = 2.110000./ phi_m, min: -0.471686 at y = 2.115449
phi_e, max: -0.000358 at y = 1.938571, phi_e, min: -0.000441 at y = 2.177143


phi_m, max: -0.000000 at y = 3.971429./ phi_m, min: -0.001031 at y = 3.885714
phi_e, max: 0.000598 at y = 4.210000, phi_e, min: 0.000597 at y = 3.885714
phi_m, max: -0.000000 at y = 3.971429./ phi_m, min: -0.000991 at y = 4.000000
phi_e, max: 0.000237 at y = 4.210000, phi_e, min: 0.000236 at y = 3.885714
phi_m, max: -0.000000 at y = 3.971429./ phi_m, min: -0.000981 at y = 4.000000
phi_e, max: 0.000193 at y = 4.210000, phi_e, min: 0.000192 at y = 3.885714
phi_m, max: -0.000000 at y = 3.971429./ phi_m, min: -0.000961 at y = 4.000000
phi_e, max: 0.000140 at y = 3.885714, phi_e, min: 0.000139 at y = 4.210000
phi_m, max: 0.000139 at y = 3.885714./ phi_m, min: -0.000869 at y = 4.210000
phi_e, max: -0.000259 at y = 3.885714, phi_e, min: -0.000396 at y = 4.210000
phi_m, max: 0.130099 at y = 3.885714./ phi_m, min: 0.000000 at y = 3.971429
phi_e, max: -0.010654 at y = 4.210000, phi_e, min: -0.012187 at y = 3.885714
phi_m, max: 11.090140 at y = 3.885714./ phi_m, min: 0.000000 at y = 3.971429
phi_e, max: 0.056605 at y = 3.885714, phi_e, min: 0.053916 at y = 3.961218
phi_m, max: 112.558504 at y = 4.000000./ phi_m, min: 0.000000 at y = 3.971429
phi_e, max: 0.036470 at y = 3.885714, phi_e, min: -0.011133 at y = 4.010000
phi_m, max: 108.715862 at y = 4.210000./ phi_m, min: 0.000000 at y = 3.971429
phi_e, max: 0.037648 at y = 3.885714, phi_e, min: 0.018714 at y = 4.010000
phi_m, max: 93.089785 at y = 4.210000./ phi_m, min: 0.000000 at y = 3.971429
phi_e, max: 0.028662 at y = 3.885714, phi_e, min: 0.013112 at y = 4.010000
phi_m, max: 73.616197 at y = 4.210000./ phi_m, min: 0.000000 at y = 3.971429
phi_e, max: 0.020455 at y = 3.885714, phi_e, min: 0.008643 at y = 4.010000
phi_m, max: 54.001959 at y = 4.210000./ phi_m, min: 0.000000 at y = 3.971429
phi_e, max: 0.016940 at y = 3.885714, phi_e, min: 0.009275 at y = 4.010000
phi_m, max: 36.516377 at y = 4.210000./ phi_m, min: 0.000000 at y = 3.971429
phi_e, max: 0.009746 at y = 3.885714, phi_e, min: 0.005386 at y = 4.010000
phi_m, max: 15.523747 at y = 4.210000./ phi_m, min: 0.000000 at y = 3.971429
phi_e, max: 0.010643 at y = 4.210000, phi_e, min: 0.006422 at y = 3.885714
phi_m, max: 2.098599 at y = 4.210000./ phi_m, min: 0.000000 at y = 3.971429
phi_e, max: 0.008797 at y = 4.210000, phi_e, min: 0.005397 at y = 3.885714
phi_m, max: -0.000000 at y = 3.971429./ phi_m, min: -0.245979 at y = 3.885714
phi_e, max: 0.006274 at y = 4.210000, phi_e, min: 0.003918 at y = 3.885714
phi_m, max: -0.000000 at y = 3.971429./ phi_m, min: -0.383251 at y = 4.000000
phi_e, max: 0.004247 at y = 4.210000, phi_e, min: 0.002614 at y = 3.885714


phi_m, max: -0.000000 at y = 3.370000./ phi_m, min: -0.018119 at y = 3.341429
phi_e, max: 0.000611 at y = 3.341429, phi_e, min: 0.000000 at y = 3.312857
phi_m, max: -0.000000 at y = 3.370000./ phi_m, min: -0.007600 at y = 3.341429
phi_e, max: 0.000242 at y = 3.341429, phi_e, min: 0.000000 at y = 3.312857
phi_m, max: -0.000000 at y = 3.370000./ phi_m, min: -0.006347 at y = 3.341429
phi_e, max: 0.000197 at y = 3.341429, phi_e, min: 0.000000 at y = 3.312857
phi_m, max: -0.000000 at y = 3.370000./ phi_m, min: -0.002426 at y = 3.341429
phi_e, max: 0.000149 at y = 3.341429, phi_e, min: 0.000000 at y = 3.312857
phi_m, max: 0.187703 at y = 3.341429./ phi_m, min: 0.000000 at y = 3.370000
phi_e, max: 0.000093 at y = 3.341429, phi_e, min: -0.000099 at y = 3.551429
phi_m, max: 25.019374 at y = 3.341429./ phi_m, min: 0.000000 at y = 3.370000
phi_e, max: 0.001331 at y = 3.371787, phi_e, min: -0.011529 at y = 3.545110
phi_m, max: 114.814570 at y = 3.375449./ phi_m, min: 0.000000 at y = 3.370000
phi_e, max: 0.024272 at y = 3.551429, phi_e, min: -0.000889 at y = 3.371787
phi_m, max: 102.779806 at y = 3.376787./ phi_m, min: 0.000000 at y = 3.370000
phi_e, max: 0.020121 at y = 3.551429, phi_e, min: -0.000663 at y = 3.371787
phi_m, max: 85.981751 at y = 3.551429./ phi_m, min: 0.000000 at y = 3.370000
phi_e, max: 0.016352 at y = 3.551429, phi_e, min: -0.000527 at y = 3.371787
phi_m, max: 66.588126 at y = 3.551429./ phi_m, min: 0.000000 at y = 3.370000
phi_e, max: 0.012270 at y = 3.551429, phi_e, min: -0.000388 at y = 3.371787
phi_m, max: 47.930545 at y = 3.551429./ phi_m, min: 0.000000 at y = 3.370000
phi_e, max: 0.008746 at y = 3.551429, phi_e, min: -0.000257 at y = 3.371787
phi_m, max: 30.744731 at y = 3.551429./ phi_m, min: 0.000000 at y = 3.370000
phi_e, max: 0.006867 at y = 3.551429, phi_e, min: 0.000000 at y = 3.312857
phi_m, max: 9.777364 at y = 3.551429./ phi_m, min: 0.000000 at y = 3.370000
phi_e, max: 0.003586 at y = 3.551429, phi_e, min: 0.000000 at y = 3.312857
phi_m, max: 1.007025 at y = 3.551429./ phi_m, min: 0.000000 at y = 3.370000
phi_e, max: 0.002809 at y = 3.551429, phi_e, min: 0.000000 at y = 3.312857
phi_m, max: -0.000000 at y = 3.370000./ phi_m, min: -0.280667 at y = 3.370000
phi_e, max: 0.002243 at y = 3.551429, phi_e, min: 0.000000 at y = 3.312857
phi_m, max: -0.000000 at y = 3.370000./ phi_m, min: -0.407210 at y = 3.372542
phi_e, max: 0.001631 at y = 3.551429, phi_e, min: 0.000000 at y = 3.312857
phi_m, max: -0.000000 at y = 3.370000./ phi_m, min: -0.465243 at y = 3.374084
phi_e, max: 0.001087 at y = 3.551429, phi_e, min: 0.000000 at y = 3.312857


phi_m, max: -0.000000 at y = 2.950000./ phi_m, min: -0.004183 at y = 3.045714
phi_e, max: -0.047576 at y = 3.045714, phi_e, min: -0.097399 at y = 2.807143
phi_m, max: -0.000000 at y = 2.950000./ phi_m, min: -0.002155 at y = 3.045714
phi_e, max: -0.018838 at y = 3.045714, phi_e, min: -0.038565 at y = 2.807143
phi_m, max: 0.000513 at y = 2.807143./ phi_m, min: -0.001718 at y = 3.045714
phi_e, max: -0.015360 at y = 3.045714, phi_e, min: -0.031446 at y = 2.807143
phi_m, max: 0.213340 at y = 2.807143./ phi_m, min: 0.000000 at y = 2.950000
phi_e, max: -0.011590 at y = 3.045714, phi_e, min: -0.023725 at y = 2.807143
phi_m, max: 15.619118 at y = 2.807143./ phi_m, min: 0.000000 at y = 2.950000
phi_e, max: -0.008325 at y = 3.045714, phi_e, min: -0.017169 at y = 2.807143
phi_m, max: 114.976671 at y = 2.954413./ phi_m, min: 0.000000 at y = 2.950000
phi_e, max: -0.002019 at y = 3.045714, phi_e, min: -0.015303 at y = 2.956787
phi_m, max: 105.534049 at y = 2.956426./ phi_m, min: 0.000000 at y = 2.950000
phi_e, max: -0.008682 at y = 3.045714, phi_e, min: -0.022586 at y = 2.807143
phi_m, max: 87.622388 at y = 2.957458./ phi_m, min: 0.000000 at y = 2.950000
phi_e, max: -0.007930 at y = 3.045714, phi_e, min: -0.020474 at y = 2.807143
phi_m, max: 67.399509 at y = 2.957458./ phi_m, min: 0.000000 at y = 2.950000
phi_e, max: -0.006793 at y = 3.045714, phi_e, min: -0.017380 at y = 2.807143
phi_m, max: 48.240074 at y = 2.958213./ phi_m, min: 0.000000 at y = 2.950000
phi_e, max: -0.005239 at y = 3.045714, phi_e, min: -0.013319 at y = 2.807143
phi_m, max: 31.133394 at y = 3.045714./ phi_m, min: 0.000000 at y = 2.950000
phi_e, max: -0.003642 at y = 3.045714, phi_e, min: -0.009424 at y = 2.807143
phi_m, max: 10.685320 at y = 3.045714./ phi_m, min: 0.000000 at y = 2.950000
phi_e, max: -0.003522 at y = 3.045714, phi_e, min: -0.007282 at y = 2.807143
phi_m, max: 1.210507 at y = 3.045714./ phi_m, min: 0.000000 at y = 2.950000
phi_e, max: -0.003156 at y = 3.045714, phi_e, min: -0.003794 at y = 2.807143
phi_m, max: -0.000000 at y = 2.950000./ phi_m, min: -0.270067 at y = 2.807143
phi_e, max: -0.002140 at y = 2.951787, phi_e, min: -0.002176 at y = 3.042358
phi_m, max: -0.000000 at y = 2.950000./ phi_m, min: -0.392136 at y = 2.951787
phi_e, max: -0.001561 at y = 2.807143, phi_e, min: -0.001666 at y = 3.045714
phi_m, max: -0.000000 at y = 2.950000./ phi_m, min: -0.458235 at y = 2.953633
phi_e, max: -0.001091 at y = 2.807143, phi_e, min: -0.001205 at y = 3.045714
phi_m, max: -0.000000 at y = 2.950000./ phi_m, min: -0.484591 at y = 2.954551
phi_e, max: -0.000686 at y = 2.807143, phi_e, min: -0.000801 at y = 3.045714


phi_m, max: 0.973053 at y = 1.070000./ phi_m, min: 0.000000 at y = 1.270000
phi_e, max: -0.407129 at y = 1.308571, phi_e, min: -0.456700 at y = 1.070000
phi_m, max: 91.596419 at y = 1.070000./ phi_m, min: 0.000000 at y = 1.270000
phi_e, max: -0.163966 at y = 1.308571, phi_e, min: -0.200837 at y = 1.070000
phi_m, max: 113.965382 at y = 1.275587./ phi_m, min: 0.000000 at y = 1.270000
phi_e, max: -0.077806 at y = 1.120581, phi_e, min: -0.093273 at y = 1.276787
phi_m, max: 100.535214 at y = 1.276787./ phi_m, min: 0.000000 at y = 1.270000
phi_e, max: 0.000138 at y = 1.115344, phi_e, min: -0.013579 at y = 1.276787
phi_m, max: 81.512760 at y = 1.277458./ phi_m, min: 0.000000 at y = 1.270000
phi_e, max: 0.042879 at y = 1.110939, phi_e, min: 0.031267 at y = 1.276787
phi_m, max: 61.257276 at y = 1.277458./ phi_m, min: 0.000000 at y = 1.270000
phi_e, max: -0.009093 at y = 1.164726, phi_e, min: -0.013069 at y = 1.274413
phi_m, max: 42.907495 at y = 1.278213./ phi_m, min: 0.000000 at y = 1.270000
phi_e, max: -0.080367 at y = 1.308571, phi_e, min: -0.091023 at y = 1.070000
phi_m, max: 24.143631 at y = 1.308571./ phi_m, min: 0.000000 at y = 1.270000
phi_e, max: -0.080318 at y = 1.308571, phi_e, min: -0.092615 at y = 1.070000
phi_m, max: 5.256574 at y = 1.308571./ phi_m, min: 0.000000 at y = 1.270000
phi_e, max: -0.078011 at y = 1.308571, phi_e, min: -0.091909 at y = 1.070000
phi_m, max: 0.349105 at y = 1.308571./ phi_m, min: -0.073766 at y = 1.070000
phi_e, max: -0.068366 at y = 1.308571, phi_e, min: -0.078639 at y = 1.070000
phi_m, max: -0.000000 at y = 1.270000./ phi_m, min: -0.342494 at y = 1.070000
phi_e, max: -0.052571 at y = 1.308571, phi_e, min: -0.059631 at y = 1.070000
phi_m, max: -0.000000 at y = 1.270000./ phi_m, min: -0.430027 at y = 1.070000
phi_e, max: -0.029571 at y = 1.308571, phi_e, min: -0.033111 at y = 1.070000
phi_m, max: -0.000000 at y = 1.270000./ phi_m, min: -0.470171 at y = 1.274084
phi_e, max: -0.007518 at y = 1.308571, phi_e, min: -0.008150 at y = 1.070000
phi_m, max: -0.000000 at y = 1.270000./ phi_m, min: -0.486869 at y = 1.274832
phi_e, max: -0.002180 at y = 1.275587, phi_e, min: -0.002245 at y = 1.118131
phi_m, max: -0.000000 at y = 1.270000./ phi_m, min: -0.478739 at y = 1.275168
phi_e, max: -0.001184 at y = 1.070000, phi_e, min: -0.001215 at y = 1.174075
phi_m, max: -0.000000 at y = 1.270000./ phi_m, min: -0.454331 at y = 1.275510
phi_e, max: -0.000619 at y = 1.070000, phi_e, min: -0.000664 at y = 1.308571
phi_m, max: -0.000000 at y = 1.270000./ phi_m, min: -0.420314 at y = 1.275587
phi_e, max: -0.000179 at y = 1.070000, phi_e, min: -0.000232 at y = 1.308571


phi_m, max: 6.645479 at y = 0.860000./ phi_m, min: 0.000000 at y = 0.888571
phi_e, max: -0.445343 at y = 1.123787, phi_e, min: -0.502255 at y = 0.860000
phi_m, max: 112.244197 at y = 0.860000./ phi_m, min: 0.000000 at y = 0.888571
phi_e, max: -0.154491 at y = 0.889771, phi_e, min: -0.201193 at y = 1.068213
phi_m, max: 109.533109 at y = 1.066426./ phi_m, min: 0.000000 at y = 0.888571
phi_e, max: -0.063290 at y = 0.908131, phi_e, min: -0.080305 at y = 1.068213
phi_m, max: 93.039491 at y = 1.066787./ phi_m, min: 0.000000 at y = 0.888571
phi_e, max: 0.013266 at y = 0.904775, phi_e, min: -0.001680 at y = 1.068213
phi_m, max: 73.108313 at y = 1.067458./ phi_m, min: 0.000000 at y = 0.888571
phi_e, max: 0.053722 at y = 0.900370, phi_e, min: 0.041644 at y = 1.068213
phi_m, max: 53.324232 at y = 1.068213./ phi_m, min: 0.000000 at y = 0.888571
phi_e, max: -0.008518 at y = 0.958082, phi_e, min: -0.012416 at y = 1.065587
phi_m, max: 35.725992 at y = 1.068825./ phi_m, min: 0.000000 at y = 0.888571
phi_e, max: -0.087013 at y = 1.123787, phi_e, min: -0.099071 at y = 0.860000
phi_m, max: 14.366305 at y = 1.070000./ phi_m, min: 0.000000 at y = 0.888571
phi_e, max: -0.089004 at y = 1.123787, phi_e, min: -0.105614 at y = 0.860000
phi_m, max: 1.887528 at y = 1.070000./ phi_m, min: 0.000000 at y = 0.888571
phi_e, max: -0.088757 at y = 1.123787, phi_e, min: -0.104288 at y = 0.860000
phi_m, max: -0.000000 at y = 0.888571./ phi_m, min: -0.234497 at y = 0.860000
phi_e, max: -0.076289 at y = 1.123787, phi_e, min: -0.087762 at y = 0.860000
phi_m, max: -0.000000 at y = 0.888571./ phi_m, min: -0.387117 at y = 0.860000
phi_e, max: -0.058014 at y = 1.123787, phi_e, min: -0.065941 at y = 0.860000
phi_m, max: -0.000000 at y = 0.888571./ phi_m, min: -0.450243 at y = 0.860000
phi_e, max: -0.032310 at y = 1.123787, phi_e, min: -0.036298 at y = 0.860000
phi_m, max: -0.000000 at y = 0.888571./ phi_m, min: -0.480730 at y = 1.064490
phi_e, max: -0.008020 at y = 1.123787, phi_e, min: -0.008744 at y = 0.860000
phi_m, max: -0.000000 at y = 0.888571./ phi_m, min: -0.486008 at y = 1.065168
phi_e, max: -0.002235 at y = 1.066787, phi_e, min: -0.002316 at y = 0.904775
phi_m, max: -0.000000 at y = 0.888571./ phi_m, min: -0.470222 at y = 1.065449
phi_e, max: -0.001182 at y = 1.065587, phi_e, min: -0.001219 at y = 0.954726
phi_m, max: -0.000000 at y = 0.888571./ phi_m, min: -0.441137 at y = 1.065587
phi_e, max: -0.000607 at y = 0.860000, phi_e, min: -0.000647 at y = 1.123787
phi_m, max: -0.000000 at y = 0.888571./ phi_m, min: -0.404673 at y = 1.065587
phi_e, max: -0.000157 at y = 0.860000, phi_e, min: -0.000207 at y = 1.123787


phi_m, max: -0.000000 at y = 2.320000./ phi_m, min: -0.002270 at y = 2.415714
phi_e, max: -0.178754 at y = 2.415714, phi_e, min: -0.234590 at y = 2.148571
phi_m, max: 0.004917 at y = 2.177143./ phi_m, min: -0.000654 at y = 2.415714
phi_e, max: -0.070777 at y = 2.415714, phi_e, min: -0.092886 at y = 2.148571
phi_m, max: 0.478376 at y = 2.177143./ phi_m, min: 0.000000 at y = 2.320000
phi_e, max: -0.057719 at y = 2.415714, phi_e, min: -0.075775 at y = 2.148571
phi_m, max: 62.547617 at y = 2.177143./ phi_m, min: 0.000000 at y = 2.320000
phi_e, max: -0.044532 at y = 2.415714, phi_e, min: -0.066028 at y = 2.148571
phi_m, max: 114.442230 at y = 2.325587./ phi_m, min: 0.000000 at y = 2.320000
phi_e, max: -0.003007 at y = 2.203557, phi_e, min: -0.013563 at y = 2.326787
phi_m, max: 101.665683 at y = 2.326787./ phi_m, min: 0.000000 at y = 2.320000
phi_e, max: -0.007586 at y = 2.415714, phi_e, min: -0.016472 at y = 2.323213
phi_m, max: 82.849585 at y = 2.327458./ phi_m, min: 0.000000 at y = 2.320000
phi_e, max: -0.037323 at y = 2.415714, phi_e, min: -0.052465 at y = 2.148571
phi_m, max: 62.574396 at y = 2.327458./ phi_m, min: 0.000000 at y = 2.320000
phi_e, max: -0.035005 at y = 2.415714, phi_e, min: -0.049124 at y = 2.148571
phi_m, max: 44.050418 at y = 2.328213./ phi_m, min: 0.000000 at y = 2.320000
phi_e, max: -0.030566 at y = 2.415714, phi_e, min: -0.042673 at y = 2.148571
phi_m, max: 26.545449 at y = 2.415714./ phi_m, min: 0.000000 at y = 2.320000
phi_e, max: -0.023748 at y = 2.415714, phi_e, min: -0.033415 at y = 2.148571
phi_m, max: 6.925696 at y = 2.415714./ phi_m, min: 0.000000 at y = 2.320000
phi_e, max: -0.019456 at y = 2.415714, phi_e, min: -0.027715 at y = 2.148571
phi_m, max: 0.590024 at y = 2.415714./ phi_m, min: 0.000000 at y = 2.320000
phi_e, max: -0.013279 at y = 2.415714, phi_e, min: -0.017278 at y = 2.148571
phi_m, max: -0.000000 at y = 2.320000./ phi_m, min: -0.310443 at y = 2.177143
phi_e, max: -0.004755 at y = 2.415714, phi_e, min: -0.005385 at y = 2.148571
phi_m, max: -0.000000 at y = 2.320000./ phi_m, min: -0.412799 at y = 2.322542
phi_e, max: -0.002077 at y = 2.323213, phi_e, min: -0.002115 at y = 2.415714
phi_m, max: -0.000000 at y = 2.320000./ phi_m, min: -0.467801 at y = 2.324084
phi_e, max: -0.001327 at y = 2.148571, phi_e, min: -0.001433 at y = 2.415714
phi_m, max: -0.000000 at y = 2.320000./ phi_m, min: -0.486531 at y = 2.324832
phi_e, max: -0.000830 at y = 2.148571, phi_e, min: -0.000948 at y = 2.415714
phi_m, max: -0.000000 at y = 2.320000./ phi_m, min: -0.479790 at y = 2.325168
phi_e, max: -0.000421 at y = 2.148571, phi_e, min: -0.000541 at y = 2.415714


phi_m, max: -0.000000 at y = 4.640000./ phi_m, min: -0.000991 at y = 4.634832
phi_e, max: 0.000601 at y = 4.850000, phi_e, min: 0.000600 at y = 4.630000
phi_m, max: -0.000000 at y = 4.640000./ phi_m, min: -0.000999 at y = 4.634832
phi_e, max: 0.000237 at y = 4.846426, phi_e, min: 0.000237 at y = 4.699300
phi_m, max: -0.000000 at y = 4.640000./ phi_m, min: -0.000991 at y = 4.634832
phi_e, max: 0.000193 at y = 4.846426, phi_e, min: 0.000193 at y = 4.732276
phi_m, max: -0.000000 at y = 4.640000./ phi_m, min: -0.000982 at y = 4.634832
phi_e, max: 0.000136 at y = 4.630000, phi_e, min: 0.000135 at y = 4.850000
phi_m, max: -0.000000 at y = 4.640000./ phi_m, min: -0.000972 at y = 4.635168
phi_e, max: -0.000573 at y = 4.630000, phi_e, min: -0.000667 at y = 4.850000
phi_m, max: -0.000000 at y = 4.640000./ phi_m, min: -0.000932 at y = 4.840000
phi_e, max: -0.007525 at y = 4.850000, phi_e, min: -0.008612 at y = 4.630000
phi_m, max: 0.018610 at y = 4.630000./ phi_m, min: 0.000000 at y = 4.640000
phi_e, max: 0.055658 at y = 4.850000, phi_e, min: 0.055136 at y = 4.630000
phi_m, max: 1.844167 at y = 4.630000./ phi_m, min: 0.000000 at y = 4.640000
phi_e, max: -0.015533 at y = 4.631787, phi_e, min: -0.016830 at y = 4.817747
phi_m, max: 105.985233 at y = 4.631175./ phi_m, min: 0.000000 at y = 4.640000
phi_e, max: 0.140184 at y = 4.840000, phi_e, min: 0.080707 at y = 4.631787
phi_m, max: 111.218993 at y = 4.840000./ phi_m, min: 0.000000 at y = 4.640000
phi_e, max: 0.095534 at y = 4.850000, phi_e, min: 0.063974 at y = 4.630587
phi_m, max: 97.386471 at y = 4.840000./ phi_m, min: 0.000000 at y = 4.640000
phi_e, max: 0.076112 at y = 4.850000, phi_e, min: 0.049609 at y = 4.631787
phi_m, max: 78.447562 at y = 4.840000./ phi_m, min: 0.000000 at y = 4.640000
phi_e, max: 0.064602 at y = 4.850000, phi_e, min: 0.042838 at y = 4.631787
phi_m, max: 58.563714 at y = 4.840000./ phi_m, min: 0.000000 at y = 4.640000
phi_e, max: 0.052815 at y = 4.850000, phi_e, min: 0.035093 at y = 4.630587
phi_m, max: 40.664983 at y = 4.840000./ phi_m, min: 0.000000 at y = 4.640000
phi_e, max: 0.039587 at y = 4.850000, phi_e, min: 0.026537 at y = 4.631787
phi_m, max: 21.107656 at y = 4.840000./ phi_m, min: 0.000000 at y = 4.640000
phi_e, max: 0.018084 at y = 4.850000, phi_e, min: 0.013090 at y = 4.630000
phi_m, max: 3.711668 at y = 4.840000./ phi_m, min: 0.000000 at y = 4.640000
phi_e, max: 0.010399 at y = 4.850000, phi_e, min: 0.009021 at y = 4.630000
phi_m, max: 0.138881 at y = 4.840000./ phi_m, min: -0.139254 at y = 4.630000
phi_e, max: 0.007082 at y = 4.850000, phi_e, min: 0.006106 at y = 4.630000


phi_m, max: 113.563286 at y = 0.225587./ phi_m, min: 0.000000 at y = 0.220000
phi_e, max: -0.559712 at y = 0.335274, phi_e, min: -0.568883 at y = 0.224413
phi_m, max: 99.623701 at y = 0.226787./ phi_m, min: 0.000000 at y = 0.220000
phi_e, max: -0.145225 at y = 0.337724, phi_e, min: -0.152999 at y = 0.224413
phi_m, max: 80.459797 at y = 0.226787./ phi_m, min: 0.000000 at y = 0.220000
phi_e, max: -0.057546 at y = 0.337724, phi_e, min: -0.063649 at y = 0.224413
phi_m, max: 60.274631 at y = 0.227458./ phi_m, min: 0.000000 at y = 0.220000
phi_e, max: 0.019106 at y = 0.337724, phi_e, min: 0.014681 at y = 0.224413
phi_m, max: 42.471131 at y = 0.344286./ phi_m, min: 0.000000 at y = 0.220000
phi_e, max: 0.058749 at y = 0.337724, phi_e, min: 0.055754 at y = 0.224413
phi_m, max: 25.174117 at y = 0.344286./ phi_m, min: 0.000000 at y = 0.220000
phi_e, max: -0.024012 at y = 0.344286, phi_e, min: -0.025395 at y = 0.225168
phi_m, max: 6.033036 at y = 0.344286./ phi_m, min: 0.000000 at y = 0.220000
phi_e, max: -0.130316 at y = 0.344286, phi_e, min: -0.130689 at y = 0.105714
phi_m, max: 0.473699 at y = 0.344286./ phi_m, min: 0.000000 at y = 0.220000
phi_e, max: -0.139145 at y = 0.344286, phi_e, min: -0.139281 at y = 0.105714
phi_m, max: -0.000000 at y = 0.220000./ phi_m, min: -0.261566 at y = 0.226426
phi_e, max: -0.131706 at y = 0.344286, phi_e, min: -0.131809 at y = 0.315714
phi_m, max: -0.000000 at y = 0.220000./ phi_m, min: -0.391794 at y = 0.226426
phi_e, max: -0.108126 at y = 0.344286, phi_e, min: -0.108202 at y = 0.315714
phi_m, max: -0.000000 at y = 0.220000./ phi_m, min: -0.453656 at y = 0.226259
phi_e, max: -0.080019 at y = 0.344286, phi_e, min: -0.080071 at y = 0.315714
phi_m, max: -0.000000 at y = 0.220000./ phi_m, min: -0.477463 at y = 0.225916
phi_e, max: -0.043332 at y = 0.224413, phi_e, min: -0.043377 at y = 0.315714
phi_m, max: -0.000000 at y = 0.220000./ phi_m, min: -0.474632 at y = 0.225587
phi_e, max: -0.009946 at y = 0.224413, phi_e, min: -0.009986 at y = 0.325925
phi_m, max: -0.000000 at y = 0.220000./ phi_m, min: -0.453857 at y = 0.225449
phi_e, max: -0.002337 at y = 0.224413, phi_e, min: -0.002374 at y = 0.337724
phi_m, max: -0.000000 at y = 0.220000./ phi_m, min: -0.422252 at y = 0.225449
phi_e, max: -0.001077 at y = 0.224413, phi_e, min: -0.001111 at y = 0.344286
phi_m, max: -0.000000 at y = 0.220000./ phi_m, min: -0.385051 at y = 0.225168
phi_e, max: -0.000459 at y = 0.224413, phi_e, min: -0.000489 at y = 0.344286
phi_m, max: -0.000000 at y = 0.220000./ phi_m, min: -0.345922 at y = 0.225168
phi_e, max: 0.000006 at y = 0.224413, phi_e, min: -0.000021 at y = 0.344286


phi_m, max: 112.079681 at y = 0.011175./ phi_m, min: 0.000000 at y = -0.010000
phi_e, max: -0.561556 at y = 0.121918, phi_e, min: -0.568649 at y = 0.016787
phi_m, max: 96.769066 at y = 0.009413./ phi_m, min: 0.000000 at y = -0.010000
phi_e, max: -0.147121 at y = 0.121918, phi_e, min: -0.153011 at y = 0.016787
phi_m, max: 77.425389 at y = 0.008376./ phi_m, min: 0.000000 at y = -0.010000
phi_e, max: -0.059184 at y = 0.121918, phi_e, min: -0.063775 at y = 0.016787
phi_m, max: 57.605573 at y = 0.007458./ phi_m, min: 0.000000 at y = -0.010000
phi_e, max: 0.017806 at y = 0.121918, phi_e, min: 0.014458 at y = 0.015587
phi_m, max: 40.062897 at y = 0.006426./ phi_m, min: 0.000000 at y = -0.010000
phi_e, max: 0.057793 at y = 0.121918, phi_e, min: 0.055507 at y = 0.014413
phi_m, max: 20.362228 at y = 0.004832./ phi_m, min: 0.000000 at y = -0.010000
phi_e, max: -0.024758 at y = 0.124075, phi_e, min: -0.025694 at y = 0.004413
phi_m, max: 3.395087 at y = 0.134286./ phi_m, min: 0.000000 at y = -0.010000
phi_e, max: -0.130671 at y = 0.134286, phi_e, min: -0.130781 at y = 0.003213
phi_m, max: 0.341669 at y = 0.001787./ phi_m, min: 0.000000 at y = -0.010000
phi_e, max: -0.139277 at y = 0.134286, phi_e, min: -0.139314 at y = 0.005587
phi_m, max: -0.000000 at y = -0.010000./ phi_m, min: -0.202466 at y = 0.134286
phi_e, max: -0.131790 at y = 0.134286, phi_e, min: -0.131805 at y = 0.005587
phi_m, max: -0.000000 at y = -0.010000./ phi_m, min: -0.332077 at y = 0.134286
phi_e, max: -0.108178 at y = 0.019413, phi_e, min: -0.108185 at y = 0.115925
phi_m, max: -0.000000 at y = -0.010000./ phi_m, min: -0.400030 at y = 0.134286
phi_e, max: -0.080040 at y = 0.018213, phi_e, min: -0.080057 at y = 0.117513
phi_m, max: -0.000000 at y = -0.010000./ phi_m, min: -0.441930 at y = 0.014490
phi_e, max: -0.043344 at y = 0.016787, phi_e, min: -0.043367 at y = 0.117513
phi_m, max: -0.000000 at y = -0.010000./ phi_m, min: -0.460157 at y = 0.005916
phi_e, max: -0.009952 at y = 0.014413, phi_e, min: -0.009979 at y = 0.121918
phi_m, max: -0.000000 at y = -0.010000./ phi_m, min: -0.455321 at y = 0.004084
phi_e, max: -0.002338 at y = 0.006787, phi_e, min: -0.002366 at y = 0.121918
phi_m, max: -0.000000 at y = -0.010000./ phi_m, min: -0.434125 at y = 0.003574
phi_e, max: -0.001075 at y = 0.006787, phi_e, min: -0.001104 at y = 0.121918
phi_m, max: -0.000000 at y = -0.010000./ phi_m, min: -0.403146 at y = 0.003213
phi_e, max: -0.000455 at y = 0.006787, phi_e, min: -0.000482 at y = 0.121918
phi_m, max: -0.000000 at y = -0.010000./ phi_m, min: -0.367250 at y = 0.003213
phi_e, max: 0.000011 at y = 0.006787, phi_e, min: -0.000014 at y = 0.121918


phi_m, max: 0.018845 at y = 1.490000./ phi_m, min: 0.000000 at y = 1.518571
phi_e, max: -0.314157 at y = 1.757143, phi_e, min: -0.369417 at y = 1.490000
phi_m, max: 2.209736 at y = 1.490000./ phi_m, min: 0.000000 at y = 1.518571
phi_e, max: -0.124439 at y = 1.757143, phi_e, min: -0.146408 at y = 1.490000
phi_m, max: 104.494372 at y = 1.490000./ phi_m, min: 0.000000 at y = 1.518571
phi_e, max: -0.105208 at y = 1.757143, phi_e, min: -0.127042 at y = 1.490000
phi_m, max: 112.369470 at y = 1.696259./ phi_m, min: 0.000000 at y = 1.518571
phi_e, max: -0.021386 at y = 1.543494, phi_e, min: -0.036898 at y = 1.696787
phi_m, max: 97.477920 at y = 1.696787./ phi_m, min: 0.000000 at y = 1.518571
phi_e, max: 0.023340 at y = 1.536932, phi_e, min: 0.009275 at y = 1.696787
phi_m, max: 77.998792 at y = 1.697458./ phi_m, min: 0.000000 at y = 1.518571
phi_e, max: -0.010086 at y = 1.573557, phi_e, min: -0.016731 at y = 1.695587
phi_m, max: 57.866893 at y = 1.697458./ phi_m, min: 0.000000 at y = 1.518571
phi_e, max: -0.064695 at y = 1.757143, phi_e, min: -0.075222 at y = 1.490000
phi_m, max: 39.928596 at y = 1.698376./ phi_m, min: 0.000000 at y = 1.518571
phi_e, max: -0.062870 at y = 1.757143, phi_e, min: -0.074015 at y = 1.490000
phi_m, max: 20.243782 at y = 1.728571./ phi_m, min: 0.000000 at y = 1.518571
phi_e, max: -0.055969 at y = 1.757143, phi_e, min: -0.068196 at y = 1.490000
phi_m, max: 3.620310 at y = 1.728571./ phi_m, min: 0.000000 at y = 1.518571
phi_e, max: -0.048919 at y = 1.757143, phi_e, min: -0.060463 at y = 1.490000
phi_m, max: 0.139896 at y = 1.728571./ phi_m, min: -0.156039 at y = 1.490000
phi_e, max: -0.039293 at y = 1.757143, phi_e, min: -0.047181 at y = 1.490000
phi_m, max: -0.000000 at y = 1.518571./ phi_m, min: -0.363126 at y = 1.490000
phi_e, max: -0.022941 at y = 1.757143, phi_e, min: -0.026865 at y = 1.490000
phi_m, max: -0.000000 at y = 1.518571./ phi_m, min: -0.439324 at y = 1.490000
phi_e, max: -0.006348 at y = 1.757143, phi_e, min: -0.007026 at y = 1.490000
phi_m, max: -0.000000 at y = 1.518571./ phi_m, min: -0.475212 at y = 1.694413
phi_e, max: -0.002096 at y = 1.696787, phi_e, min: -0.002155 at y = 1.550499
phi_m, max: -0.000000 at y = 1.518571./ phi_m, min: -0.486931 at y = 1.694832
phi_e, max: -0.001212 at y = 1.490000, phi_e, min: -0.001258 at y = 1.757143
phi_m, max: -0.000000 at y = 1.518571./ phi_m, min: -0.475429 at y = 1.695449
phi_e, max: -0.000678 at y = 1.490000, phi_e, min: -0.000740 at y = 1.757143
phi_m, max: -0.000000 at y = 1.518571./ phi_m, min: -0.448941 at y = 1.695510
phi_e, max: -0.000254 at y = 1.490000, phi_e, min: -0.000323 at y = 1.757143


phi_m, max: -0.000000 at y = 6.310000./ phi_m, min: -0.001063 at y = 6.318825
phi_e, max: 0.000608 at y = 6.330000, phi_e, min: 0.000607 at y = 6.110000
phi_m, max: -0.000000 at y = 6.310000./ phi_m, min: -0.001071 at y = 6.318825
phi_e, max: 0.000240 at y = 6.330000, phi_e, min: 0.000240 at y = 6.110000
phi_m, max: -0.000000 at y = 6.310000./ phi_m, min: -0.001063 at y = 6.318825
phi_e, max: 0.000196 at y = 6.320000, phi_e, min: 0.000195 at y = 6.110000
phi_m, max: -0.000000 at y = 6.310000./ phi_m, min: -0.001052 at y = 6.318825
phi_e, max: 0.000129 at y = 6.110000, phi_e, min: 0.000129 at y = 6.320000
phi_m, max: -0.000000 at y = 6.310000./ phi_m, min: -0.000984 at y = 6.315510
phi_e, max: -0.001200 at y = 6.110000, phi_e, min: -0.001290 at y = 6.330000
phi_m, max: -0.000000 at y = 6.310000./ phi_m, min: -0.001928 at y = 6.320000
phi_e, max: -0.000275 at y = 6.330000, phi_e, min: -0.001322 at y = 6.110000
phi_m, max: -0.000000 at y = 6.310000./ phi_m, min: -0.001489 at y = 6.320000
phi_e, max: 0.059255 at y = 6.330000, phi_e, min: 0.058734 at y = 6.110000
phi_m, max: -0.000000 at y = 6.310000./ phi_m, min: -0.001395 at y = 6.320000
phi_e, max: -0.014145 at y = 6.330000, phi_e, min: -0.014566 at y = 6.110000
phi_m, max: -0.000000 at y = 6.310000./ phi_m, min: -0.001268 at y = 6.320000
phi_e, max: 0.112907 at y = 6.330000, phi_e, min: 0.112583 at y = 6.110000
phi_m, max: 0.010834 at y = 6.110000./ phi_m, min: 0.000000 at y = 6.310000
phi_e, max: 0.230265 at y = 6.330000, phi_e, min: 0.230037 at y = 6.110000
phi_m, max: 1.619218 at y = 6.110000./ phi_m, min: 0.000000 at y = 6.310000
phi_e, max: 0.030690 at y = 6.318213, phi_e, min: 0.030018 at y = 6.110000
phi_m, max: 100.979343 at y = 6.110000./ phi_m, min: 0.000000 at y = 6.310000
phi_e, max: -0.033138 at y = 6.318213, phi_e, min: -0.055781 at y = 6.110000
phi_m, max: 112.603966 at y = 6.318376./ phi_m, min: 0.000000 at y = 6.310000
phi_e, max: -0.016508 at y = 6.138571, phi_e, min: -0.030854 at y = 6.313213
phi_m, max: 97.560968 at y = 6.318376./ phi_m, min: 0.000000 at y = 6.310000
phi_e, max: -0.015271 at y = 6.138571, phi_e, min: -0.028461 at y = 6.314413
phi_m, max: 78.010033 at y = 6.318825./ phi_m, min: 0.000000 at y = 6.310000
phi_e, max: -0.022596 at y = 6.138571, phi_e, min: -0.033693 at y = 6.314413
phi_m, max: 57.843991 at y = 6.318825./ phi_m, min: 0.000000 at y = 6.310000
phi_e, max: -0.023551 at y = 6.138571, phi_e, min: -0.032153 at y = 6.315587
phi_m, max: 39.861865 at y = 6.318825./ phi_m, min: 0.000000 at y = 6.310000
phi_e, max: -0.004272 at y = 6.136415, phi_e, min: -0.010733 at y = 6.316787


phi_m, max: -0.000000 at y = 5.928571./ phi_m, min: -0.001000 at y = 6.105449
phi_e, max: 0.000607 at y = 6.138571, phi_e, min: 0.000606 at y = 5.900000
phi_m, max: -0.000000 at y = 5.928571./ phi_m, min: -0.001009 at y = 6.105449
phi_e, max: 0.000240 at y = 6.138571, phi_e, min: 0.000239 at y = 5.900000
phi_m, max: -0.000000 at y = 5.928571./ phi_m, min: -0.001001 at y = 6.105449
phi_e, max: 0.000195 at y = 6.138571, phi_e, min: 0.000195 at y = 5.900000
phi_m, max: -0.000000 at y = 5.928571./ phi_m, min: -0.000992 at y = 6.105449
phi_e, max: 0.000130 at y = 5.900000, phi_e, min: 0.000129 at y = 6.138571
phi_m, max: -0.000000 at y = 5.928571./ phi_m, min: -0.000975 at y = 6.105168
phi_e, max: -0.001112 at y = 5.900000, phi_e, min: -0.001212 at y = 6.138571
phi_m, max: -0.000000 at y = 5.928571./ phi_m, min: -0.001094 at y = 6.138571
phi_e, max: -0.001184 at y = 6.138571, phi_e, min: -0.002350 at y = 5.900000
phi_m, max: -0.000000 at y = 5.928571./ phi_m, min: -0.001030 at y = 6.108376
phi_e, max: 0.058803 at y = 6.138571, phi_e, min: 0.058224 at y = 5.900000
phi_m, max: -0.000000 at y = 5.928571./ phi_m, min: -0.001010 at y = 6.107458
phi_e, max: -0.014510 at y = 6.138571, phi_e, min: -0.014979 at y = 5.900000
phi_m, max: 0.000138 at y = 5.900000./ phi_m, min: -0.000836 at y = 6.138571
phi_e, max: 0.112625 at y = 6.138571, phi_e, min: 0.112264 at y = 5.900000
phi_m, max: 0.077112 at y = 5.900000./ phi_m, min: 0.000000 at y = 5.928571
phi_e, max: 0.230066 at y = 6.138571, phi_e, min: 0.229799 at y = 5.900000
phi_m, max: 10.744771 at y = 5.900000./ phi_m, min: 0.000000 at y = 5.928571
phi_e, max: 0.030126 at y = 6.105587, phi_e, min: 0.027414 at y = 5.900000
phi_m, max: 112.374065 at y = 5.900000./ phi_m, min: 0.000000 at y = 5.928571
phi_e, max: -0.000004 at y = 5.900000, phi_e, min: -0.056640 at y = 6.108213
phi_m, max: 108.415243 at y = 6.106426./ phi_m, min: 0.000000 at y = 5.928571
phi_e, max: 0.007024 at y = 5.900000, phi_e, min: -0.017580 at y = 6.108213
phi_m, max: 91.425203 at y = 6.106787./ phi_m, min: 0.000000 at y = 5.928571
phi_e, max: 0.004276 at y = 5.900000, phi_e, min: -0.016188 at y = 6.108213
phi_m, max: 71.336771 at y = 6.107458./ phi_m, min: 0.000000 at y = 5.928571
phi_e, max: -0.007546 at y = 5.900000, phi_e, min: -0.023318 at y = 6.108213
phi_m, max: 51.687323 at y = 6.107458./ phi_m, min: 0.000000 at y = 5.928571
phi_e, max: -0.012827 at y = 5.900000, phi_e, min: -0.024076 at y = 6.108213
phi_m, max: 34.031565 at y = 6.108376./ phi_m, min: 0.000000 at y = 5.928571
phi_e, max: 0.003117 at y = 5.900000, phi_e, min: -0.004646 at y = 6.106787


phi_m, max: -0.000000 at y = 3.790000./ phi_m, min: -0.001374 at y = 3.761429
phi_e, max: 0.000597 at y = 4.010000, phi_e, min: 0.000596 at y = 3.761429
phi_m, max: -0.000000 at y = 3.790000./ phi_m, min: -0.001109 at y = 3.761429
phi_e, max: 0.000236 at y = 4.010000, phi_e, min: 0.000236 at y = 3.761429
phi_m, max: -0.000000 at y = 3.790000./ phi_m, min: -0.001072 at y = 3.761429
phi_e, max: 0.000193 at y = 4.010000, phi_e, min: 0.000192 at y = 3.761429
phi_m, max: -0.000000 at y = 3.790000./ phi_m, min: -0.001003 at y = 3.794084
phi_e, max: 0.000141 at y = 3.761429, phi_e, min: 0.000140 at y = 4.010000
phi_m, max: 0.003369 at y = 3.761429./ phi_m, min: -0.000719 at y = 4.010000
phi_e, max: -0.000204 at y = 3.761429, phi_e, min: -0.000311 at y = 4.010000
phi_m, max: 0.546312 at y = 3.761429./ phi_m, min: 0.000000 at y = 3.790000
phi_e, max: -0.011629 at y = 4.010000, phi_e, min: -0.012581 at y = 3.761429
phi_m, max: 43.253296 at y = 3.761429./ phi_m, min: 0.000000 at y = 3.790000
phi_e, max: 0.070793 at y = 3.793213, phi_e, min: 0.053819 at y = 3.961218
phi_m, max: 114.555878 at y = 4.003633./ phi_m, min: 0.000000 at y = 3.790000
phi_e, max: 0.042649 at y = 3.835133, phi_e, min: -0.011267 at y = 4.009413
phi_m, max: 106.560100 at y = 4.006426./ phi_m, min: 0.000000 at y = 3.790000
phi_e, max: 0.038591 at y = 3.860792, phi_e, min: 0.018622 at y = 4.008213
phi_m, max: 88.951857 at y = 4.007458./ phi_m, min: 0.000000 at y = 3.790000
phi_e, max: 0.029491 at y = 3.860792, phi_e, min: 0.013025 at y = 4.008213
phi_m, max: 68.778070 at y = 4.007458./ phi_m, min: 0.000000 at y = 3.790000
phi_e, max: 0.021131 at y = 3.858342, phi_e, min: 0.008567 at y = 4.008213
phi_m, max: 49.450626 at y = 4.008213./ phi_m, min: 0.000000 at y = 3.790000
phi_e, max: 0.017284 at y = 3.863705, phi_e, min: 0.009207 at y = 4.008213
phi_m, max: 31.776912 at y = 4.009413./ phi_m, min: 0.000000 at y = 3.790000
phi_e, max: 0.009911 at y = 3.866154, phi_e, min: 0.005297 at y = 4.006787
phi_m, max: 10.156409 at y = 4.010000./ phi_m, min: 0.000000 at y = 3.790000
phi_e, max: 0.007549 at y = 4.010000, phi_e, min: 0.005184 at y = 3.761429
phi_m, max: 1.072700 at y = 4.010000./ phi_m, min: 0.000000 at y = 3.790000
phi_e, max: 0.006785 at y = 4.010000, phi_e, min: 0.004177 at y = 3.761429
phi_m, max: -0.000000 at y = 3.790000./ phi_m, min: -0.312121 at y = 3.790587
phi_e, max: 0.004856 at y = 4.010000, phi_e, min: 0.003042 at y = 3.761429
phi_m, max: -0.000000 at y = 3.790000./ phi_m, min: -0.420651 at y = 3.792542
phi_e, max: 0.003282 at y = 4.010000, phi_e, min: 0.002023 at y = 3.761429


phi_m, max: 74.668361 at y = 0.640000./ phi_m, min: 0.000000 at y = 0.650000
phi_e, max: -0.501816 at y = 0.860000, phi_e, min: -0.554543 at y = 0.641787
phi_m, max: 114.974257 at y = 0.855168./ phi_m, min: 0.000000 at y = 0.650000
phi_e, max: -0.141566 at y = 0.744726, phi_e, min: -0.156504 at y = 0.858213
phi_m, max: 103.435994 at y = 0.856787./ phi_m, min: 0.000000 at y = 0.650000
phi_e, max: -0.054442 at y = 0.748082, phi_e, min: -0.065508 at y = 0.856787
phi_m, max: 84.991980 at y = 0.857458./ phi_m, min: 0.000000 at y = 0.650000
phi_e, max: 0.021061 at y = 0.744726, phi_e, min: 0.011659 at y = 0.856787
phi_m, max: 64.716356 at y = 0.857458./ phi_m, min: 0.000000 at y = 0.650000
phi_e, max: 0.059948 at y = 0.742276, phi_e, min: 0.052627 at y = 0.856787
phi_m, max: 45.905325 at y = 0.858213./ phi_m, min: 0.000000 at y = 0.650000
phi_e, max: -0.009842 at y = 0.786295, phi_e, min: -0.017487 at y = 0.641787
phi_m, max: 27.714080 at y = 0.860000./ phi_m, min: 0.000000 at y = 0.650000
phi_e, max: -0.098885 at y = 0.860000, phi_e, min: -0.111281 at y = 0.640000
phi_m, max: 6.987810 at y = 0.860000./ phi_m, min: 0.000000 at y = 0.650000
phi_e, max: -0.105587 at y = 0.860000, phi_e, min: -0.120924 at y = 0.640000
phi_m, max: 0.576796 at y = 0.860000./ phi_m, min: -0.065402 at y = 0.640000
phi_e, max: -0.104262 at y = 0.860000, phi_e, min: -0.116975 at y = 0.640000
phi_m, max: -0.000000 at y = 0.650000./ phi_m, min: -0.340941 at y = 0.641175
phi_e, max: -0.087745 at y = 0.860000, phi_e, min: -0.097153 at y = 0.640000
phi_m, max: -0.000000 at y = 0.650000./ phi_m, min: -0.433937 at y = 0.643213
phi_e, max: -0.065929 at y = 0.860000, phi_e, min: -0.072425 at y = 0.640000
phi_m, max: -0.000000 at y = 0.650000./ phi_m, min: -0.476751 at y = 0.644413
phi_e, max: -0.036289 at y = 0.860000, phi_e, min: -0.039538 at y = 0.640000
phi_m, max: -0.000000 at y = 0.650000./ phi_m, min: -0.486835 at y = 0.644832
phi_e, max: -0.008740 at y = 0.860000, phi_e, min: -0.009300 at y = 0.640000
phi_m, max: -0.000000 at y = 0.650000./ phi_m, min: -0.481580 at y = 0.855168
phi_e, max: -0.002307 at y = 0.856787, phi_e, min: -0.002363 at y = 0.744726
phi_m, max: -0.000000 at y = 0.650000./ phi_m, min: -0.459466 at y = 0.855449
phi_e, max: -0.001140 at y = 0.643213, phi_e, min: -0.001214 at y = 0.781058
phi_m, max: -0.000000 at y = 0.650000./ phi_m, min: -0.426716 at y = 0.855587
phi_e, max: -0.000541 at y = 0.643213, phi_e, min: -0.000622 at y = 0.791658
phi_m, max: -0.000000 at y = 0.650000./ phi_m, min: -0.388535 at y = 0.855916
phi_e, max: -0.000084 at y = 0.643213, phi_e, min: -0.000166 at y = 0.799419


phi_m, max: -0.000000 at y = 4.210000./ phi_m, min: -0.000996 at y = 4.214832
phi_e, max: 0.000599 at y = 4.430000, phi_e, min: 0.000598 at y = 4.181429
phi_m, max: -0.000000 at y = 4.210000./ phi_m, min: -0.001001 at y = 4.214832
phi_e, max: 0.000237 at y = 4.426426, phi_e, min: 0.000237 at y = 4.181429
phi_m, max: -0.000000 at y = 4.210000./ phi_m, min: -0.000993 at y = 4.214832
phi_e, max: 0.000193 at y = 4.426426, phi_e, min: 0.000193 at y = 4.302358
phi_m, max: -0.000000 at y = 4.210000./ phi_m, min: -0.000983 at y = 4.214832
phi_e, max: 0.000139 at y = 4.181429, phi_e, min: 0.000137 at y = 4.430000
phi_m, max: -0.000000 at y = 4.210000./ phi_m, min: -0.000935 at y = 4.420000
phi_e, max: -0.000383 at y = 4.181429, phi_e, min: -0.000487 at y = 4.430000
phi_m, max: 0.008730 at y = 4.210000./ phi_m, min: 0.000000 at y = 4.210000
phi_e, max: -0.009599 at y = 4.430000, phi_e, min: -0.010799 at y = 4.181429
phi_m, max: 0.847738 at y = 4.210000./ phi_m, min: 0.000000 at y = 4.210000
phi_e, max: 0.054902 at y = 4.213213, phi_e, min: 0.054619 at y = 4.337935
phi_m, max: 65.699399 at y = 4.210000./ phi_m, min: 0.000000 at y = 4.210000
phi_e, max: -0.005380 at y = 4.421175, phi_e, min: -0.010639 at y = 4.210587
phi_m, max: 112.411466 at y = 4.420000./ phi_m, min: 0.000000 at y = 4.210000
phi_e, max: 0.050472 at y = 4.430000, phi_e, min: 0.021238 at y = 4.210587
phi_m, max: 100.293458 at y = 4.420000./ phi_m, min: 0.000000 at y = 4.210000
phi_e, max: 0.040114 at y = 4.430000, phi_e, min: 0.015364 at y = 4.210587
phi_m, max: 81.871038 at y = 4.420000./ phi_m, min: 0.000000 at y = 4.210000
phi_e, max: 0.030140 at y = 4.430000, phi_e, min: 0.010539 at y = 4.211787
phi_m, max: 61.914368 at y = 4.420000./ phi_m, min: 0.000000 at y = 4.210000
phi_e, max: 0.027137 at y = 4.430000, phi_e, min: 0.011750 at y = 4.211787
phi_m, max: 43.599510 at y = 4.420000./ phi_m, min: 0.000000 at y = 4.210000
phi_e, max: 0.022060 at y = 4.430000, phi_e, min: 0.008858 at y = 4.181429
phi_m, max: 25.040457 at y = 4.420000./ phi_m, min: 0.000000 at y = 4.210000
phi_e, max: 0.017296 at y = 4.430000, phi_e, min: 0.010214 at y = 4.181429
phi_m, max: 5.401378 at y = 4.420000./ phi_m, min: 0.000000 at y = 4.210000
phi_e, max: 0.010788 at y = 4.430000, phi_e, min: 0.008502 at y = 4.181429
phi_m, max: 0.349769 at y = 4.420000./ phi_m, min: -0.050846 at y = 4.210000
phi_e, max: 0.007714 at y = 4.430000, phi_e, min: 0.006063 at y = 4.181429
phi_m, max: -0.000000 at y = 4.210000./ phi_m, min: -0.337839 at y = 4.211175
phi_e, max: 0.005209 at y = 4.430000, phi_e, min: 0.004103 at y = 4.181429


phi_m, max: 0.000407 at y = 1.728571./ phi_m, min: -0.001479 at y = 1.900000
phi_e, max: -0.271485 at y = 1.967143, phi_e, min: -0.320252 at y = 1.728571
phi_m, max: 0.296177 at y = 1.728571./ phi_m, min: 0.000000 at y = 1.900000
phi_e, max: -0.107500 at y = 1.967143, phi_e, min: -0.126849 at y = 1.728571
phi_m, max: 24.819423 at y = 1.728571./ phi_m, min: 0.000000 at y = 1.900000
phi_e, max: -0.088122 at y = 1.967143, phi_e, min: -0.107117 at y = 1.728571
phi_m, max: 115.096900 at y = 1.904832./ phi_m, min: 0.000000 at y = 1.900000
phi_e, max: -0.033424 at y = 1.759300, phi_e, min: -0.051562 at y = 1.908213
phi_m, max: 104.497077 at y = 1.906787./ phi_m, min: 0.000000 at y = 1.900000
phi_e, max: 0.011891 at y = 1.759300, phi_e, min: -0.000907 at y = 1.906787
phi_m, max: 86.309266 at y = 1.907458./ phi_m, min: 0.000000 at y = 1.900000
phi_e, max: -0.012222 at y = 1.789071, phi_e, min: -0.018637 at y = 1.904413
phi_m, max: 66.052685 at y = 1.907458./ phi_m, min: 0.000000 at y = 1.900000
phi_e, max: -0.057865 at y = 1.967143, phi_e, min: -0.066747 at y = 1.728571
phi_m, max: 47.065466 at y = 1.908213./ phi_m, min: 0.000000 at y = 1.900000
phi_e, max: -0.055255 at y = 1.967143, phi_e, min: -0.064706 at y = 1.728571
phi_m, max: 29.380040 at y = 1.963787./ phi_m, min: 0.000000 at y = 1.900000
phi_e, max: -0.048479 at y = 1.967143, phi_e, min: -0.057511 at y = 1.728571
phi_m, max: 8.875788 at y = 1.963787./ phi_m, min: 0.000000 at y = 1.900000
phi_e, max: -0.040112 at y = 1.967143, phi_e, min: -0.050163 at y = 1.728571
phi_m, max: 0.891165 at y = 1.963787./ phi_m, min: 0.000000 at y = 1.900000
phi_e, max: -0.033138 at y = 1.967143, phi_e, min: -0.040156 at y = 1.728571
phi_m, max: -0.000000 at y = 1.900000./ phi_m, min: -0.293903 at y = 1.728571
phi_e, max: -0.019909 at y = 1.967143, phi_e, min: -0.023367 at y = 1.728571
phi_m, max: -0.000000 at y = 1.900000./ phi_m, min: -0.403011 at y = 1.728571
phi_e, max: -0.005828 at y = 1.967143, phi_e, min: -0.006415 at y = 1.728571
phi_m, max: -0.000000 at y = 1.900000./ phi_m, min: -0.461271 at y = 1.903741
phi_e, max: -0.002071 at y = 1.905587, phi_e, min: -0.002116 at y = 1.776703
phi_m, max: -0.000000 at y = 1.900000./ phi_m, min: -0.485419 at y = 1.904832
phi_e, max: -0.001244 at y = 1.728571, phi_e, min: -0.001293 at y = 1.967143
phi_m, max: -0.000000 at y = 1.900000./ phi_m, min: -0.482423 at y = 1.905168
phi_e, max: -0.000725 at y = 1.728571, phi_e, min: -0.000786 at y = 1.967143
phi_m, max: -0.000000 at y = 1.900000./ phi_m, min: -0.461253 at y = 1.905449
phi_e, max: -0.000308 at y = 1.728571, phi_e, min: -0.000374 at y = 1.967143


phi_m, max: 0.124254 at y = 1.308571./ phi_m, min: 0.000000 at y = 1.480000
phi_e, max: -0.351628 at y = 1.575714, phi_e, min: -0.412288 at y = 1.283356
phi_m, max: 12.980484 at y = 1.308571./ phi_m, min: 0.000000 at y = 1.480000
phi_e, max: -0.139572 at y = 1.575714, phi_e, min: -0.165800 at y = 1.283356
phi_m, max: 114.141500 at y = 1.483213./ phi_m, min: 0.000000 at y = 1.480000
phi_e, max: -0.089524 at y = 1.328131, phi_e, min: -0.128207 at y = 1.488213
phi_m, max: 107.133480 at y = 1.486426./ phi_m, min: 0.000000 at y = 1.480000
phi_e, max: -0.010100 at y = 1.343705, phi_e, min: -0.024115 at y = 1.488213
phi_m, max: 89.709336 at y = 1.487458./ phi_m, min: 0.000000 at y = 1.480000
phi_e, max: 0.033747 at y = 1.339300, phi_e, min: 0.021412 at y = 1.486787
phi_m, max: 69.570575 at y = 1.487458./ phi_m, min: 0.000000 at y = 1.480000
phi_e, max: -0.008505 at y = 1.378082, phi_e, min: -0.013790 at y = 1.485587
phi_m, max: 50.150316 at y = 1.488213./ phi_m, min: 0.000000 at y = 1.480000
phi_e, max: -0.069629 at y = 1.575714, phi_e, min: -0.082490 at y = 1.283356
phi_m, max: 32.521799 at y = 1.489413./ phi_m, min: 0.000000 at y = 1.480000
phi_e, max: -0.068863 at y = 1.575714, phi_e, min: -0.082133 at y = 1.283356
phi_m, max: 11.389063 at y = 1.518571./ phi_m, min: 0.000000 at y = 1.480000
phi_e, max: -0.063688 at y = 1.575714, phi_e, min: -0.079448 at y = 1.283356
phi_m, max: 1.322465 at y = 1.518571./ phi_m, min: 0.000000 at y = 1.480000
phi_e, max: -0.056798 at y = 1.575714, phi_e, min: -0.069426 at y = 1.283356
phi_m, max: -0.000000 at y = 1.480000./ phi_m, min: -0.260742 at y = 1.308571
phi_e, max: -0.044661 at y = 1.575714, phi_e, min: -0.053298 at y = 1.283356
phi_m, max: -0.000000 at y = 1.480000./ phi_m, min: -0.390129 at y = 1.308571
phi_e, max: -0.025617 at y = 1.575714, phi_e, min: -0.029929 at y = 1.283356
phi_m, max: -0.000000 at y = 1.480000./ phi_m, min: -0.453620 at y = 1.483633
phi_e, max: -0.006825 at y = 1.575714, phi_e, min: -0.007572 at y = 1.283356
phi_m, max: -0.000000 at y = 1.480000./ phi_m, min: -0.483500 at y = 1.484551
phi_e, max: -0.002140 at y = 1.486787, phi_e, min: -0.002199 at y = 1.349511
phi_m, max: -0.000000 at y = 1.480000./ phi_m, min: -0.484500 at y = 1.485168
phi_e, max: -0.001196 at y = 1.283356, phi_e, min: -0.001246 at y = 1.575714
phi_m, max: -0.000000 at y = 1.480000./ phi_m, min: -0.465909 at y = 1.485449
phi_e, max: -0.000648 at y = 1.283356, phi_e, min: -0.000717 at y = 1.575714
phi_m, max: -0.000000 at y = 1.480000./ phi_m, min: -0.435175 at y = 1.485587
phi_e, max: -0.000216 at y = 1.283356, phi_e, min: -0.000294 at y = 1.575714


phi_m, max: -0.000000 at y = 4.420000./ phi_m, min: -0.000992 at y = 4.424832
phi_e, max: 0.000600 at y = 4.640000, phi_e, min: 0.000599 at y = 4.362857
phi_m, max: -0.000000 at y = 4.420000./ phi_m, min: -0.000999 at y = 4.424832
phi_e, max: 0.000237 at y = 4.630000, phi_e, min: 0.000237 at y = 4.362857
phi_m, max: -0.000000 at y = 4.420000./ phi_m, min: -0.000992 at y = 4.424832
phi_e, max: 0.000193 at y = 4.630000, phi_e, min: 0.000193 at y = 4.362857
phi_m, max: -0.000000 at y = 4.420000./ phi_m, min: -0.000983 at y = 4.424832
phi_e, max: 0.000138 at y = 4.362857, phi_e, min: 0.000136 at y = 4.640000
phi_m, max: -0.000000 at y = 4.420000./ phi_m, min: -0.000966 at y = 4.425168
phi_e, max: -0.000459 at y = 4.362857, phi_e, min: -0.000577 at y = 4.640000
phi_m, max: 0.000829 at y = 4.391429./ phi_m, min: -0.000747 at y = 4.630000
phi_e, max: -0.008564 at y = 4.640000, phi_e, min: -0.009927 at y = 4.362857
phi_m, max: 0.157206 at y = 4.391429./ phi_m, min: 0.000000 at y = 4.420000
phi_e, max: 0.055159 at y = 4.640000, phi_e, min: 0.054630 at y = 4.362857
phi_m, max: 15.411351 at y = 4.391429./ phi_m, min: 0.000000 at y = 4.420000
phi_e, max: -0.005215 at y = 4.421787, phi_e, min: -0.015665 at y = 4.640000
phi_m, max: 115.048005 at y = 4.425168./ phi_m, min: 0.000000 at y = 4.420000
phi_e, max: 0.085337 at y = 4.640000, phi_e, min: 0.047455 at y = 4.362857
phi_m, max: 106.519664 at y = 4.630000./ phi_m, min: 0.000000 at y = 4.420000
phi_e, max: 0.066193 at y = 4.640000, phi_e, min: 0.037550 at y = 4.362857
phi_m, max: 89.878816 at y = 4.630000./ phi_m, min: 0.000000 at y = 4.420000
phi_e, max: 0.051469 at y = 4.640000, phi_e, min: 0.028067 at y = 4.362857
phi_m, max: 70.146994 at y = 4.630000./ phi_m, min: 0.000000 at y = 4.420000
phi_e, max: 0.044323 at y = 4.640000, phi_e, min: 0.025257 at y = 4.362857
phi_m, max: 50.840343 at y = 4.630000./ phi_m, min: 0.000000 at y = 4.420000
phi_e, max: 0.036234 at y = 4.640000, phi_e, min: 0.020091 at y = 4.362857
phi_m, max: 33.415623 at y = 4.630000./ phi_m, min: 0.000000 at y = 4.420000
phi_e, max: 0.027361 at y = 4.640000, phi_e, min: 0.015930 at y = 4.362857
phi_m, max: 11.853843 at y = 4.630000./ phi_m, min: 0.000000 at y = 4.420000
phi_e, max: 0.013334 at y = 4.640000, phi_e, min: 0.010115 at y = 4.362857
phi_m, max: 1.342170 at y = 4.630000./ phi_m, min: 0.000000 at y = 4.420000
phi_e, max: 0.009079 at y = 4.640000, phi_e, min: 0.007244 at y = 4.362857
phi_m, max: -0.000000 at y = 4.420000./ phi_m, min: -0.266862 at y = 4.391429
phi_e, max: 0.006148 at y = 4.640000, phi_e, min: 0.004890 at y = 4.362857



Time: 0.100000
CPU Time: 141.190380 min.
phi_m, max: -0.000000 at y = 3.131429./ phi_m, min: -0.019448 at y = 3.227143
phi_e, max: 0.000608 at y = 6.330000, phi_e, min: -0.053521 at y = 3.017143

Time: 0.200000
CPU Time: 138.036366 min.
phi_m, max: -0.000000 at y = 3.131429./ phi_m, min: -0.008105 at y = 3.227143
phi_e, max: 0.000240 at y = 6.330000, phi_e, min: -0.021192 at y = 3.017143

Time: 0.300000
CPU Time: 134.729599 min.
phi_m, max: -0.000000 at y = 3.131429./ phi_m, min: -0.006740 at y = 3.227143
phi_e, max: 0.000196 at y = 6.330000, phi_e, min: -0.017280 at y = 3.017143

Time: 0.400000
CPU Time: 134.629891 min.
phi_m, max: 0.026446 at y = 3.045714./ phi_m, min: -0.001051 at y = 6.320000
phi_e, max: 0.000129 at y = 6.320000, phi_e, min: -0.013036 at y = 3.017143

Time: 0.500000
CPU Time: 135.607442 min.
phi_m, max: 2.054168 at y = 3.045714./ phi_m, min: -0.000964 at y = 6.320000
phi_e, max: -0.000884 at y = 3.255714, phi_e, min: -0.009235 at y = 3.017143

Time: 0.600000
CPU Time: 136.130311 min.
phi_m, max: 95.505925 at y = 3.045714./ phi_m, min: -0.001963 at y = 6.330000
phi_e, max: -0.000245 at y = 6.330000, phi_e, min: -0.010264 at y = 3.161787

Time: 0.700000
CPU Time: 136.013256 min.
phi_m, max: 111.184794 at y = 3.166259./ phi_m, min: -0.001506 at y = 6.330000
phi_e, max: 0.059269 at y = 6.330000, phi_e, min: -0.011570 at y = 3.017143

Time: 0.800000
CPU Time: 134.044105 min.
phi_m, max: 95.530486 at y = 3.166787./ phi_m, min: -0.001409 at y = 6.330000
phi_e, max: -0.001991 at y = 3.255714, phi_e, min: -0.014153 at y = 6.320000

Time: 0.900000
CPU Time: 133.215903 min.
phi_m, max: 75.825879 at y = 3.167458./ phi_m, min: -0.001279 at y = 6.330000
phi_e, max: 0.112916 at y = 6.330000, phi_e, min: -0.008796 at y = 3.017143

Time: 1.000000
CPU Time: 132.622828 min.
phi_m, max: 55.824544 at y = 3.168213./ phi_m, min: 0.000000 at y = 3.131429
phi_e, max: 0.230271 at y = 6.330000, phi_e, min: -0.006719 at y = 3.017143

Time: 1.100000
CPU Time: 130.114707 min.
phi_m, max: 38.079959 at y = 3.168376./ phi_m, min: 0.000000 at y = 3.131429
phi_e, max: 0.030689 at y = 6.320000, phi_e, min: -0.004661 at y = 3.017143

Time: 1.200000
CPU Time: 130.706478 min.
phi_m, max: 37.031638 at y = 6.320000./ phi_m, min: 0.000000 at y = 3.131429
phi_e, max: -0.000759 at y = 3.255714, phi_e, min: -0.034254 at y = 6.320000

Time: 1.300000
CPU Time: 130.498055 min.
phi_m, max: 112.478538 at y = 6.320000./ phi_m, min: 0.000000 at y = 3.131429
phi_e, max: -0.000860 at y = 3.255714, phi_e, min: -0.030634 at y = 6.320000

Time: 1.400000
CPU Time: 131.022998 min.
phi_m, max: 97.468877 at y = 6.320000./ phi_m, min: -0.142017 at y = 3.045714
phi_e, max: -0.000688 at y = 3.255714, phi_e, min: -0.028291 at y = 6.320000

Time: 1.500000
CPU Time: 131.316753 min.
phi_m, max: 77.947309 at y = 6.320000./ phi_m, min: -0.346635 at y = 3.161175
phi_e, max: -0.000541 at y = 3.255714, phi_e, min: -0.033569 at y = 6.320000

Time: 1.600000
CPU Time: 131.287838 min.
phi_m, max: 57.803635 at y = 6.320000./ phi_m, min: -0.436463 at y = 3.163213
phi_e, max: -0.000396 at y = 3.255714, phi_e, min: -0.032066 at y = 6.320000

Time: 1.700000
CPU Time: 132.105005 min.
phi_m, max: 39.840525 at y = 6.320000./ phi_m, min: -0.477541 at y = 3.164413
phi_e, max: -0.000268 at y = 3.255714, phi_e, min: -0.010675 at y = 6.320000


Writing: "Fiber2DEphapticPlaneL6rho3_17.chk"
phi_m, max: -0.000000 at y = 2.358571./ phi_m, min: -0.002532 at y = 2.501429
phi_e, max: -0.135338 at y = 2.625714, phi_e, min: -0.196662 at y = 2.330000
phi_m, max: -0.000000 at y = 2.358571./ phi_m, min: -0.001122 at y = 2.530000
phi_e, max: -0.053587 at y = 2.625714, phi_e, min: -0.077868 at y = 2.330000
phi_m, max: 0.069862 at y = 2.387143./ phi_m, min: 0.000000 at y = 2.358571
phi_e, max: -0.043696 at y = 2.625714, phi_e, min: -0.063482 at y = 2.330000
phi_m, max: 9.501471 at y = 2.387143./ phi_m, min: 0.000000 at y = 2.358571
phi_e, max: -0.033047 at y = 2.625714, phi_e, min: -0.046406 at y = 2.330000
phi_m, max: 112.966571 at y = 2.532542./ phi_m, min: 0.000000 at y = 2.358571
phi_e, max: -0.007522 at y = 2.399511, phi_e, min: -0.036899 at y = 2.538213
phi_m, max: 108.083386 at y = 2.536426./ phi_m, min: 0.000000 at y = 2.358571
phi_e, max: -0.005497 at y = 2.625714, phi_e, min: -0.015216 at y = 2.330000
phi_m, max: 90.995328 at y = 2.536787./ phi_m, min: 0.000000 at y = 2.358571
phi_e, max: -0.028792 at y = 2.625714, phi_e, min: -0.046378 at y = 2.330000
phi_m, max: 70.925037 at y = 2.537458./ phi_m, min: 0.000000 at y = 2.358571
phi_e, max: -0.026659 at y = 2.625714, phi_e, min: -0.042639 at y = 2.330000
phi_m, max: 51.355700 at y = 2.538213./ phi_m, min: 0.000000 at y = 2.358571
phi_e, max: -0.023064 at y = 2.625714, phi_e, min: -0.036631 at y = 2.330000
phi_m, max: 33.777078 at y = 2.597143./ phi_m, min: 0.000000 at y = 2.358571
phi_e, max: -0.017846 at y = 2.625714, phi_e, min: -0.028113 at y = 2.330000
phi_m, max: 13.297838 at y = 2.597143./ phi_m, min: 0.000000 at y = 2.358571
phi_e, max: -0.013574 at y = 2.625714, phi_e, min: -0.022088 at y = 2.330000
phi_m, max: 1.731995 at y = 2.597143./ phi_m, min: 0.000000 at y = 2.358571
phi_e, max: -0.010122 at y = 2.625714, phi_e, min: -0.014541 at y = 2.330000
phi_m, max: -0.000000 at y = 2.358571./ phi_m, min: -0.232085 at y = 2.387143
phi_e, max: -0.004253 at y = 2.625714, phi_e, min: -0.004940 at y = 2.330000
phi_m, max: -0.000000 at y = 2.358571./ phi_m, min: -0.375549 at y = 2.387143
phi_e, max: -0.002082 at y = 2.330000, phi_e, min: -0.002131 at y = 2.625714
phi_m, max: -0.000000 at y = 2.358571./ phi_m, min: -0.450188 at y = 2.533574
phi_e, max: -0.001374 at y = 2.330000, phi_e, min: -0.001502 at y = 2.625714
phi_m, max: -0.000000 at y = 2.358571./ phi_m, min: -0.482414 at y = 2.534551
phi_e, max: -0.000885 at y = 2.330000, phi_e, min: -0.001026 at y = 2.625714
phi_m, max: -0.000000 at y = 2.358571./ phi_m, min: -0.485048 at y = 2.535168
phi_e, max: -0.000478 at y = 2.330000, phi_e, min: -0.000620 at y = 2.625714


phi_m, max: -0.000000 at y = 5.050000./ phi_m, min: -0.000991 at y = 5.475168
phi_e, max: 0.000603 at y = 5.480000, phi_e, min: 0.000601 at y = 5.021429
phi_m, max: -0.000000 at y = 5.050000./ phi_m, min: -0.000999 at y = 5.475168
phi_e, max: 0.000238 at y = 5.480000, phi_e, min: 0.000237 at y = 5.021429
phi_m, max: -0.000000 at y = 5.050000./ phi_m, min: -0.000991 at y = 5.475168
phi_e, max: 0.000194 at y = 5.480000, phi_e, min: 0.000193 at y = 5.021429
phi_m, max: -0.000000 at y = 5.050000./ phi_m, min: -0.000982 at y = 5.475168
phi_e, max: 0.000134 at y = 5.021429, phi_e, min: 0.000132 at y = 5.480000
phi_m, max: -0.000000 at y = 5.050000./ phi_m, min: -0.000974 at y = 5.055168
phi_e, max: -0.000739 at y = 5.021429, phi_e, min: -0.000934 at y = 5.480000
phi_m, max: -0.000000 at y = 5.050000./ phi_m, min: -0.000979 at y = 5.475510
phi_e, max: -0.004422 at y = 5.480000, phi_e, min: -0.006685 at y = 5.021429
phi_m, max: -0.000000 at y = 5.050000./ phi_m, min: -0.000961 at y = 5.475587
phi_e, max: 0.057195 at y = 5.480000, phi_e, min: 0.056073 at y = 5.021429
phi_m, max: 0.039173 at y = 5.050000./ phi_m, min: -0.000559 at y = 5.480000
phi_e, max: -0.015812 at y = 5.480000, phi_e, min: -0.016678 at y = 5.021429
phi_m, max: 4.723895 at y = 5.050000./ phi_m, min: 0.000000 at y = 5.050000
phi_e, max: 0.115907 at y = 5.021429, phi_e, min: 0.111577 at y = 5.451640
phi_m, max: 113.705704 at y = 5.053213./ phi_m, min: 0.000000 at y = 5.050000
phi_e, max: 0.228464 at y = 5.476787, phi_e, min: 0.098300 at y = 5.056787
phi_m, max: 115.078171 at y = 5.474551./ phi_m, min: 0.000000 at y = 5.050000
phi_e, max: 0.091051 at y = 5.117143, phi_e, min: 0.054844 at y = 5.479413
phi_m, max: 104.966386 at y = 5.476426./ phi_m, min: 0.000000 at y = 5.050000
phi_e, max: 0.078087 at y = 5.117143, phi_e, min: 0.058131 at y = 5.478213
phi_m, max: 86.900538 at y = 5.477458./ phi_m, min: 0.000000 at y = 5.050000
phi_e, max: 0.065050 at y = 5.117143, phi_e, min: 0.051443 at y = 5.478213
phi_m, max: 66.657279 at y = 5.477458./ phi_m, min: 0.000000 at y = 5.050000
phi_e, max: 0.048956 at y = 5.345503, phi_e, min: 0.038835 at y = 5.478213
phi_m, max: 47.591849 at y = 5.478213./ phi_m, min: 0.000000 at y = 5.050000
phi_e, max: 0.024240 at y = 5.345503, phi_e, min: 0.017292 at y = 5.478213
phi_m, max: 29.703945 at y = 5.479413./ phi_m, min: 0.000000 at y = 5.050000
phi_e, max: 0.011688 at y = 5.117143, phi_e, min: 0.004372 at y = 5.476787
phi_m, max: 8.401618 at y = 5.480000./ phi_m, min: 0.000000 at y = 5.050000
phi_e, max: 0.010104 at y = 5.480000, phi_e, min: 0.007874 at y = 5.021429


phi_m, max: -0.000000 at y = 5.480000./ phi_m, min: -0.000991 at y = 5.685168
phi_e, max: 0.000605 at y = 5.690000, phi_e, min: 0.000603 at y = 5.470000
phi_m, max: -0.000000 at y = 5.480000./ phi_m, min: -0.000999 at y = 5.685168
phi_e, max: 0.000239 at y = 5.690000, phi_e, min: 0.000238 at y = 5.470000
phi_m, max: -0.000000 at y = 5.480000./ phi_m, min: -0.000992 at y = 5.685168
phi_e, max: 0.000194 at y = 5.690000, phi_e, min: 0.000194 at y = 5.470000
phi_m, max: -0.000000 at y = 5.480000./ phi_m, min: -0.000983 at y = 5.685168
phi_e, max: 0.000132 at y = 5.470000, phi_e, min: 0.000131 at y = 5.690000
phi_m, max: -0.000000 at y = 5.480000./ phi_m, min: -0.000973 at y = 5.685168
phi_e, max: -0.000930 at y = 5.470000, phi_e, min: -0.001023 at y = 5.690000
phi_m, max: -0.000000 at y = 5.480000./ phi_m, min: -0.000976 at y = 5.684084
phi_e, max: -0.003385 at y = 5.690000, phi_e, min: -0.004472 at y = 5.470000
phi_m, max: -0.000000 at y = 5.480000./ phi_m, min: -0.000966 at y = 5.684551
phi_e, max: 0.057710 at y = 5.690000, phi_e, min: 0.057171 at y = 5.470000
phi_m, max: -0.000000 at y = 5.480000./ phi_m, min: -0.000886 at y = 5.687458
phi_e, max: -0.015395 at y = 5.690000, phi_e, min: -0.015832 at y = 5.470000
phi_m, max: 0.046345 at y = 5.480000./ phi_m, min: 0.000000 at y = 5.480000
phi_e, max: 0.111942 at y = 5.690000, phi_e, min: 0.111592 at y = 5.470000
phi_m, max: 3.500820 at y = 5.480000./ phi_m, min: 0.000000 at y = 5.480000
phi_e, max: 0.229471 at y = 5.686787, phi_e, min: 0.227831 at y = 5.470000
phi_m, max: 110.880028 at y = 5.480000./ phi_m, min: 0.000000 at y = 5.480000
phi_e, max: 0.058351 at y = 5.470000, phi_e, min: 0.009151 at y = 5.684413
phi_m, max: 110.745552 at y = 5.686426./ phi_m, min: 0.000000 at y = 5.480000
phi_e, max: 0.060216 at y = 5.470000, phi_e, min: 0.029961 at y = 5.688213
phi_m, max: 94.847180 at y = 5.686787./ phi_m, min: 0.000000 at y = 5.480000
phi_e, max: 0.053067 at y = 5.470000, phi_e, min: 0.029764 at y = 5.688213
phi_m, max: 75.073626 at y = 5.687458./ phi_m, min: 0.000000 at y = 5.480000
phi_e, max: 0.040046 at y = 5.470000, phi_e, min: 0.022283 at y = 5.688213
phi_m, max: 55.126335 at y = 5.688213./ phi_m, min: 0.000000 at y = 5.480000
phi_e, max: 0.018136 at y = 5.470000, phi_e, min: 0.005640 at y = 5.688213
phi_m, max: 37.433274 at y = 5.688376./ phi_m, min: 0.000000 at y = 5.480000
phi_e, max: 0.004946 at y = 5.470000, phi_e, min: -0.003679 at y = 5.688213
phi_m, max: 16.504049 at y = 5.690000./ phi_m, min: 0.000000 at y = 5.480000
phi_e, max: 0.010211 at y = 5.524775, phi_e, min: 0.008404 at y = 5.686787


phi_m, max: -0.000000 at y = 5.690000./ phi_m, min: -0.000992 at y = 5.895168
phi_e, max: 0.000606 at y = 5.928571, phi_e, min: 0.000605 at y = 5.685587
phi_m, max: -0.000000 at y = 5.690000./ phi_m, min: -0.001000 at y = 5.895168
phi_e, max: 0.000239 at y = 5.928571, phi_e, min: 0.000239 at y = 5.685587
phi_m, max: -0.000000 at y = 5.690000./ phi_m, min: -0.000993 at y = 5.895168
phi_e, max: 0.000195 at y = 5.928571, phi_e, min: 0.000194 at y = 5.685587
phi_m, max: -0.000000 at y = 5.690000./ phi_m, min: -0.000984 at y = 5.895168
phi_e, max: 0.000131 at y = 5.685587, phi_e, min: 0.000130 at y = 5.928571
phi_m, max: -0.000000 at y = 5.690000./ phi_m, min: -0.000974 at y = 5.894832
phi_e, max: -0.001021 at y = 5.685587, phi_e, min: -0.001124 at y = 5.928571
phi_m, max: -0.000000 at y = 5.690000./ phi_m, min: -0.000979 at y = 5.895916
phi_e, max: -0.002212 at y = 5.928571, phi_e, min: -0.003408 at y = 5.685587
phi_m, max: -0.000000 at y = 5.690000./ phi_m, min: -0.000970 at y = 5.895587
phi_e, max: 0.058293 at y = 5.928571, phi_e, min: 0.057699 at y = 5.685587
phi_m, max: -0.000000 at y = 5.690000./ phi_m, min: -0.000952 at y = 5.895916
phi_e, max: -0.014923 at y = 5.928571, phi_e, min: -0.015404 at y = 5.685587
phi_m, max: 0.006201 at y = 5.690000./ phi_m, min: 0.000000 at y = 5.690000
phi_e, max: 0.112307 at y = 5.928571, phi_e, min: 0.111935 at y = 5.685587
phi_m, max: 0.521389 at y = 5.690000./ phi_m, min: 0.000000 at y = 5.690000
phi_e, max: 0.229830 at y = 5.928571, phi_e, min: 0.229426 at y = 5.685587
phi_m, max: 71.603509 at y = 5.690000./ phi_m, min: 0.000000 at y = 5.690000
phi_e, max: 0.028103 at y = 5.896787, phi_e, min: 0.009652 at y = 5.690000
phi_m, max: 114.624710 at y = 5.895587./ phi_m, min: 0.000000 at y = 5.690000
phi_e, max: 0.031189 at y = 5.685587, phi_e, min: -0.001349 at y = 5.928571
phi_m, max: 102.163804 at y = 5.896787./ phi_m, min: 0.000000 at y = 5.690000
phi_e, max: 0.030764 at y = 5.685587, phi_e, min: 0.006196 at y = 5.898213
phi_m, max: 83.444306 at y = 5.897458./ phi_m, min: 0.000000 at y = 5.690000
phi_e, max: 0.023058 at y = 5.685587, phi_e, min: 0.003608 at y = 5.898213
phi_m, max: 63.163368 at y = 5.897458./ phi_m, min: 0.000000 at y = 5.690000
phi_e, max: 0.006195 at y = 5.685587, phi_e, min: -0.008046 at y = 5.898213
phi_m, max: 44.556033 at y = 5.898213./ phi_m, min: 0.000000 at y = 5.690000
phi_e, max: -0.003288 at y = 5.685587, phi_e, min: -0.013180 at y = 5.898213
phi_m, max: 26.015833 at y = 5.900000./ phi_m, min: 0.000000 at y = 5.690000
phi_e, max: 0.008521 at y = 5.685587, phi_e, min: 0.002893 at y = 5.898213


phi_m, max: 107.904278 at y = 0.440000./ phi_m, min: 0.000000 at y = 0.430000
phi_e, max: -0.496333 at y = 0.888571, phi_e, min: -0.575072 at y = 0.440000
phi_m, max: 111.649168 at y = 0.646259./ phi_m, min: 0.000000 at y = 0.430000
phi_e, max: -0.148978 at y = 0.553086, phi_e, min: -0.156066 at y = 0.858825
phi_m, max: 96.272599 at y = 0.646787./ phi_m, min: 0.000000 at y = 0.430000
phi_e, max: -0.060714 at y = 0.550636, phi_e, min: -0.065168 at y = 0.858825
phi_m, max: 76.648437 at y = 0.647458./ phi_m, min: 0.000000 at y = 0.430000
phi_e, max: 0.016624 at y = 0.547724, phi_e, min: 0.011942 at y = 0.858825
phi_m, max: 56.592368 at y = 0.648213./ phi_m, min: 0.000000 at y = 0.430000
phi_e, max: 0.056988 at y = 0.545274, phi_e, min: 0.052845 at y = 0.858825
phi_m, max: 38.785848 at y = 0.648376./ phi_m, min: 0.000000 at y = 0.430000
phi_e, max: -0.010025 at y = 0.888571, phi_e, min: -0.024626 at y = 0.440000
phi_m, max: 18.307628 at y = 0.650000./ phi_m, min: 0.000000 at y = 0.430000
phi_e, max: -0.096923 at y = 0.888571, phi_e, min: -0.126927 at y = 0.430000
phi_m, max: 2.879439 at y = 0.650000./ phi_m, min: 0.000000 at y = 0.430000
phi_e, max: -0.103701 at y = 0.888571, phi_e, min: -0.135956 at y = 0.430000
phi_m, max: 0.043682 at y = 0.650000./ phi_m, min: -0.174565 at y = 0.440000
phi_e, max: -0.102698 at y = 0.888571, phi_e, min: -0.129146 at y = 0.430000
phi_m, max: -0.000000 at y = 0.430000./ phi_m, min: -0.366204 at y = 0.440000
phi_e, max: -0.086582 at y = 0.888571, phi_e, min: -0.106210 at y = 0.430000
phi_m, max: -0.000000 at y = 0.430000./ phi_m, min: -0.440043 at y = 0.440000
phi_e, max: -0.065128 at y = 0.888571, phi_e, min: -0.078681 at y = 0.430000
phi_m, max: -0.000000 at y = 0.430000./ phi_m, min: -0.476751 at y = 0.644413
phi_e, max: -0.035894 at y = 0.888571, phi_e, min: -0.042665 at y = 0.430000
phi_m, max: -0.000000 at y = 0.430000./ phi_m, min: -0.486835 at y = 0.644832
phi_e, max: -0.008679 at y = 0.888571, phi_e, min: -0.009835 at y = 0.430000
phi_m, max: -0.000000 at y = 0.430000./ phi_m, min: -0.474221 at y = 0.645449
phi_e, max: -0.002309 at y = 0.858825, phi_e, min: -0.002344 at y = 0.527871
phi_m, max: -0.000000 at y = 0.430000./ phi_m, min: -0.447047 at y = 0.645510
phi_e, max: -0.001088 at y = 0.440000, phi_e, min: -0.001205 at y = 0.888571
phi_m, max: -0.000000 at y = 0.430000./ phi_m, min: -0.411559 at y = 0.645587
phi_e, max: -0.000473 at y = 0.440000, phi_e, min: -0.000623 at y = 0.888571
phi_m, max: -0.000000 at y = 0.430000./ phi_m, min: -0.372306 at y = 0.645916
phi_e, max: -0.000010 at y = 0.440000, phi_e, min: -0.000173 at y = 0.888571


phi_m, max: -0.000000 at y = 5.260000./ phi_m, min: -0.000991 at y = 5.264832
phi_e, max: 0.000602 at y = 5.298571, phi_e, min: 0.000601 at y = 5.060000
phi_m, max: -0.000000 at y = 5.260000./ phi_m, min: -0.000999 at y = 5.264832
phi_e, max: 0.000238 at y = 5.298571, phi_e, min: 0.000237 at y = 5.060000
phi_m, max: -0.000000 at y = 5.260000./ phi_m, min: -0.000991 at y = 5.264832
phi_e, max: 0.000193 at y = 5.298571, phi_e, min: 0.000193 at y = 5.060000
phi_m, max: -0.000000 at y = 5.260000./ phi_m, min: -0.000982 at y = 5.264832
phi_e, max: 0.000134 at y = 5.060000, phi_e, min: 0.000132 at y = 5.298571
phi_m, max: -0.000000 at y = 5.260000./ phi_m, min: -0.000974 at y = 5.265168
phi_e, max: -0.000756 at y = 5.060000, phi_e, min: -0.000857 at y = 5.298571
phi_m, max: -0.000000 at y = 5.260000./ phi_m, min: -0.000965 at y = 5.264490
phi_e, max: -0.005316 at y = 5.298571, phi_e, min: -0.006494 at y = 5.060000
phi_m, max: -0.000000 at y = 5.260000./ phi_m, min: -0.000919 at y = 5.266259
phi_e, max: 0.056752 at y = 5.298571, phi_e, min: 0.056167 at y = 5.060000
phi_m, max: 0.016133 at y = 5.063356./ phi_m, min: 0.000000 at y = 5.260000
phi_e, max: -0.016160 at y = 5.298571, phi_e, min: -0.016604 at y = 5.060000
phi_m, max: 2.027502 at y = 5.063356./ phi_m, min: 0.000000 at y = 5.260000
phi_e, max: 0.115751 at y = 5.060000, phi_e, min: 0.112640 at y = 5.298571
phi_m, max: 101.785249 at y = 5.063356./ phi_m, min: 0.000000 at y = 5.260000
phi_e, max: 0.192079 at y = 5.298571, phi_e, min: 0.100308 at y = 5.060000
phi_m, max: 112.673651 at y = 5.266259./ phi_m, min: 0.000000 at y = 5.260000
phi_e, max: 0.091354 at y = 5.136703, phi_e, min: 0.080157 at y = 5.265587
phi_m, max: 98.011983 at y = 5.266787./ phi_m, min: 0.000000 at y = 5.260000
phi_e, max: 0.078680 at y = 5.147871, phi_e, min: 0.070819 at y = 5.264413
phi_m, max: 78.603127 at y = 5.267458./ phi_m, min: 0.000000 at y = 5.260000
phi_e, max: 0.065775 at y = 5.158082, phi_e, min: 0.060364 at y = 5.264413
phi_m, max: 58.442691 at y = 5.267458./ phi_m, min: 0.000000 at y = 5.260000
phi_e, max: 0.049365 at y = 5.158082, phi_e, min: 0.045522 at y = 5.264413
phi_m, max: 40.440348 at y = 5.268376./ phi_m, min: 0.000000 at y = 5.260000
phi_e, max: 0.024189 at y = 5.164075, phi_e, min: 0.021692 at y = 5.264413
phi_m, max: 20.921454 at y = 5.298571./ phi_m, min: 0.000000 at y = 5.260000
phi_e, max: 0.011692 at y = 5.114986, phi_e, min: 0.009508 at y = 5.265587
phi_m, max: 3.868090 at y = 5.298571./ phi_m, min: 0.000000 at y = 5.260000
phi_e, max: 0.009446 at y = 5.298571, phi_e, min: 0.008087 at y = 5.060000


 (0.00199834s, XML)
