Compiling the C compiler identification source file "CMakeCCompilerId.c" failed.
Compiler: /Applications/Xcode.app/Contents/Developer/Toolchains/XcodeDefault.xctoolchain/usr/bin/cc 
Build flags: 
Id flags:  

The output was:
1
ld: library not found for -lSystem
clang: error: linker command failed with exit code 1 (use -v to see invocation)


Compiling the CXX compiler identification source file "CMakeCXXCompilerId.cpp" failed.
Compiler: /Applications/Xcode.app/Contents/Developer/Toolchains/XcodeDefault.xctoolchain/usr/bin/c++ 
Build flags: 
Id flags:  

The output was:
1
ld: library not found for -lc++
clang: error: linker command failed with exit code 1 (use -v to see invocation)


Determining if the function dgemm_ exists failed with the following output:
Change Dir: /Users/schun/nektar/build/CMakeFiles/CMakeTmp

Run Build Command(s):/opt/local/bin/gmake -f Makefile cmTC_b8f35/fast && /opt/local/bin/gmake  -f CMakeFiles/cmTC_b8f35.dir/build.make CMakeFiles/cmTC_b8f35.dir/build
gmake[1]: Entering directory '/Users/schun/nektar/build/CMakeFiles/CMakeTmp'
Building C object CMakeFiles/cmTC_b8f35.dir/CheckFunctionExists.c.o
/Applications/Xcode.app/Contents/Developer/Toolchains/XcodeDefault.xctoolchain/usr/bin/cc   -DCHECK_FUNCTION_EXISTS=dgemm_ -arch arm64 -isysroot /Applications/Xcode.app/Contents/Developer/Platforms/MacOSX.platform/Developer/SDKs/MacOSX13.1.sdk -MD -MT CMakeFiles/cmTC_b8f35.dir/CheckFunctionExists.c.o -MF CMakeFiles/cmTC_b8f35.dir/CheckFunctionExists.c.o.d -o CMakeFiles/cmTC_b8f35.dir/CheckFunctionExists.c.o -c /opt/local/share/cmake-3.24/Modules/CheckFunctionExists.c
Linking C executable cmTC_b8f35
/opt/local/bin/cmake -E cmake_link_script CMakeFiles/cmTC_b8f35.dir/link.txt --verbose=1
/Applications/Xcode.app/Contents/Developer/Toolchains/XcodeDefault.xctoolchain/usr/bin/cc  -DCHECK_FUNCTION_EXISTS=dgemm_ -arch arm64 -isysroot /Applications/Xcode.app/Contents/Developer/Platforms/MacOSX.platform/Developer/SDKs/MacOSX13.1.sdk -Wl,-search_paths_first -Wl,-headerpad_max_install_names CMakeFiles/cmTC_b8f35.dir/CheckFunctionExists.c.o -o cmTC_b8f35 
Undefined symbols for architecture arm64:
  "_dgemm_", referenced from:
      _main in CheckFunctionExists.c.o
ld: symbol(s) not found for architecture arm64
clang: error: linker command failed with exit code 1 (use -v to see invocation)
gmake[1]: *** [CMakeFiles/cmTC_b8f35.dir/build.make:100: cmTC_b8f35] Error 1
gmake[1]: Leaving directory '/Users/schun/nektar/build/CMakeFiles/CMakeTmp'
gmake: *** [Makefile:127: cmTC_b8f35/fast] Error 2



Determining if files mpi.h exist failed with the following output:
Change Dir: /Users/schun/nektar/build/CMakeFiles/CMakeTmp

Run Build Command(s):/opt/local/bin/gmake -f Makefile cmTC_17d7f/fast && /opt/local/bin/gmake  -f CMakeFiles/cmTC_17d7f.dir/build.make CMakeFiles/cmTC_17d7f.dir/build
gmake[1]: Entering directory '/Users/schun/nektar/build/CMakeFiles/CMakeTmp'
Building C object CMakeFiles/cmTC_17d7f.dir/HAVE_MPI_H.c.o
/Applications/Xcode.app/Contents/Developer/Toolchains/XcodeDefault.xctoolchain/usr/bin/cc   -arch arm64 -isysroot /Applications/Xcode.app/Contents/Developer/Platforms/MacOSX.platform/Developer/SDKs/MacOSX13.1.sdk -MD -MT CMakeFiles/cmTC_17d7f.dir/HAVE_MPI_H.c.o -MF CMakeFiles/cmTC_17d7f.dir/HAVE_MPI_H.c.o.d -o CMakeFiles/cmTC_17d7f.dir/HAVE_MPI_H.c.o -c /Users/schun/nektar/build/CMakeFiles/CheckIncludeFiles/HAVE_MPI_H.c
/Users/schun/nektar/build/CMakeFiles/CheckIncludeFiles/HAVE_MPI_H.c:2:10: fatal error: 'mpi.h' file not found
#include <mpi.h>
         ^~~~~~~
1 error generated.
gmake[1]: *** [CMakeFiles/cmTC_17d7f.dir/build.make:79: CMakeFiles/cmTC_17d7f.dir/HAVE_MPI_H.c.o] Error 1
gmake[1]: Leaving directory '/Users/schun/nektar/build/CMakeFiles/CMakeTmp'
gmake: *** [Makefile:127: cmTC_17d7f/fast] Error 2


Source:
/* */
#include <mpi.h>


int main(void){return 0;}

Determining if the function MPI_Send exists failed with the following output:
Change Dir: /Users/schun/nektar/build/CMakeFiles/CMakeTmp

Run Build Command(s):/opt/local/bin/gmake -f Makefile cmTC_f71ee/fast && /opt/local/bin/gmake  -f CMakeFiles/cmTC_f71ee.dir/build.make CMakeFiles/cmTC_f71ee.dir/build
gmake[1]: Entering directory '/Users/schun/nektar/build/CMakeFiles/CMakeTmp'
Building C object CMakeFiles/cmTC_f71ee.dir/CheckFunctionExists.c.o
/Applications/Xcode.app/Contents/Developer/Toolchains/XcodeDefault.xctoolchain/usr/bin/cc   -DCHECK_FUNCTION_EXISTS=MPI_Send -arch arm64 -isysroot /Applications/Xcode.app/Contents/Developer/Platforms/MacOSX.platform/Developer/SDKs/MacOSX13.1.sdk -MD -MT CMakeFiles/cmTC_f71ee.dir/CheckFunctionExists.c.o -MF CMakeFiles/cmTC_f71ee.dir/CheckFunctionExists.c.o.d -o CMakeFiles/cmTC_f71ee.dir/CheckFunctionExists.c.o -c /opt/local/share/cmake-3.24/Modules/CheckFunctionExists.c
Linking C executable cmTC_f71ee
/opt/local/bin/cmake -E cmake_link_script CMakeFiles/cmTC_f71ee.dir/link.txt --verbose=1
/Applications/Xcode.app/Contents/Developer/Toolchains/XcodeDefault.xctoolchain/usr/bin/cc  -DCHECK_FUNCTION_EXISTS=MPI_Send -arch arm64 -isysroot /Applications/Xcode.app/Contents/Developer/Platforms/MacOSX.platform/Developer/SDKs/MacOSX13.1.sdk -Wl,-search_paths_first -Wl,-headerpad_max_install_names CMakeFiles/cmTC_f71ee.dir/CheckFunctionExists.c.o -o cmTC_f71ee 
Undefined symbols for architecture arm64:
  "_MPI_Send", referenced from:
      _main in CheckFunctionExists.c.o
ld: symbol(s) not found for architecture arm64
clang: error: linker command failed with exit code 1 (use -v to see invocation)
gmake[1]: *** [CMakeFiles/cmTC_f71ee.dir/build.make:100: cmTC_f71ee] Error 1
gmake[1]: Leaving directory '/Users/schun/nektar/build/CMakeFiles/CMakeTmp'
gmake: *** [Makefile:127: cmTC_f71ee/fast] Error 2



The MPI test test_mpi for Fortran in mode F08_MODULE failed to compile with the following output:
Change Dir: /Users/schun/nektar/build/CMakeFiles/CMakeTmp

Run Build Command(s):/opt/local/bin/gmake -f Makefile cmTC_4b694/fast && /opt/local/bin/gmake  -f CMakeFiles/cmTC_4b694.dir/build.make CMakeFiles/cmTC_4b694.dir/build
gmake[1]: Entering directory '/Users/schun/nektar/build/CMakeFiles/CMakeTmp'
Building Fortran object CMakeFiles/cmTC_4b694.dir/test_mpi.f90.o
/opt/homebrew/bin/gfortran  -I/opt/homebrew/Cellar/mpich/4.1/include -I/opt/homebrew/include -isysroot /Applications/Xcode.app/Contents/Developer/Platforms/MacOSX.platform/Developer/SDKs/MacOSX13.1.sdk -fallow-argument-mismatch -c /Users/schun/nektar/build/CMakeFiles/FindMPI/test_mpi.f90 -o CMakeFiles/cmTC_4b694.dir/test_mpi.f90.o
/Users/schun/nektar/build/CMakeFiles/FindMPI/test_mpi.f90:2:11:

    2 |       use mpi_f08
      |           1
Fatal Error: Cannot open module file 'mpi_f08.mod' for reading at (1): No such file or directory
compilation terminated.
gmake[1]: *** [CMakeFiles/cmTC_4b694.dir/build.make:78: CMakeFiles/cmTC_4b694.dir/test_mpi.f90.o] Error 1
gmake[1]: Leaving directory '/Users/schun/nektar/build/CMakeFiles/CMakeTmp'
gmake: *** [Makefile:127: cmTC_4b694/fast] Error 2



The MPI test test_mpi for Fortran in mode F08_MODULE failed to compile with the following output:
Change Dir: /Users/schun/nektar/build/CMakeFiles/CMakeTmp

Run Build Command(s):/opt/local/bin/gmake -f Makefile cmTC_2b3f0/fast && /opt/local/bin/gmake  -f CMakeFiles/cmTC_2b3f0.dir/build.make CMakeFiles/cmTC_2b3f0.dir/build
gmake[1]: Entering directory '/Users/schun/nektar/build/CMakeFiles/CMakeTmp'
Building Fortran object CMakeFiles/cmTC_2b3f0.dir/test_mpi.f90.o
/opt/homebrew/bin/gfortran  -I/opt/homebrew/Cellar/mpich/4.1/include -I/opt/homebrew/include -isysroot /Applications/Xcode.app/Contents/Developer/Platforms/MacOSX.platform/Developer/SDKs/MacOSX13.1.sdk -fallow-argument-mismatch -c /Users/schun/nektar/build/CMakeFiles/FindMPI/test_mpi.f90 -o CMakeFiles/cmTC_2b3f0.dir/test_mpi.f90.o
/Users/schun/nektar/build/CMakeFiles/FindMPI/test_mpi.f90:2:11:

    2 |       use mpi_f08
      |           1
Fatal Error: Cannot open module file 'mpi_f08.mod' for reading at (1): No such file or directory
compilation terminated.
gmake[1]: *** [CMakeFiles/cmTC_2b3f0.dir/build.make:78: CMakeFiles/cmTC_2b3f0.dir/test_mpi.f90.o] Error 1
gmake[1]: Leaving directory '/Users/schun/nektar/build/CMakeFiles/CMakeTmp'
gmake: *** [Makefile:127: cmTC_2b3f0/fast] Error 2



The MPI test test_mpi for Fortran in mode F08_MODULE failed to compile with the following output:
Change Dir: /Users/schun/nektar/build/CMakeFiles/CMakeTmp

Run Build Command(s):/opt/local/bin/gmake -f Makefile cmTC_1ddb8/fast && gmake[1]: Entering directory '/Users/schun/nektar/build/CMakeFiles/CMakeTmp'
/opt/local/bin/gmake  -f CMakeFiles/cmTC_1ddb8.dir/build.make CMakeFiles/cmTC_1ddb8.dir/build
gmake[2]: Entering directory '/Users/schun/nektar/build/CMakeFiles/CMakeTmp'
Building Fortran object CMakeFiles/cmTC_1ddb8.dir/test_mpi.f90.o
/opt/homebrew/bin/gfortran  -I/opt/homebrew/Cellar/mpich/4.1/include -I/opt/homebrew/include -isysroot /Applications/Xcode.app/Contents/Developer/Platforms/MacOSX.platform/Developer/SDKs/MacOSX13.1.sdk -fallow-argument-mismatch -c /Users/schun/nektar/build/CMakeFiles/FindMPI/test_mpi.f90 -o CMakeFiles/cmTC_1ddb8.dir/test_mpi.f90.o
/Users/schun/nektar/build/CMakeFiles/FindMPI/test_mpi.f90:2:11:

    2 |       use mpi_f08
      |           1
Fatal Error: Cannot open module file 'mpi_f08.mod' for reading at (1): No such file or directory
compilation terminated.
gmake[2]: *** [CMakeFiles/cmTC_1ddb8.dir/build.make:78: CMakeFiles/cmTC_1ddb8.dir/test_mpi.f90.o] Error 1
gmake[2]: Leaving directory '/Users/schun/nektar/build/CMakeFiles/CMakeTmp'
gmake[1]: *** [Makefile:127: cmTC_1ddb8/fast] Error 2
gmake[1]: Leaving directory '/Users/schun/nektar/build/CMakeFiles/CMakeTmp'



The MPI test test_mpi for Fortran in mode F08_MODULE failed to compile with the following output:
Change Dir: /Users/schun/nektar/build/CMakeFiles/CMakeTmp

Run Build Command(s):/opt/local/bin/gmake -f Makefile cmTC_bb6cd/fast && gmake[1]: Entering directory '/Users/schun/nektar/build/CMakeFiles/CMakeTmp'
/opt/local/bin/gmake  -f CMakeFiles/cmTC_bb6cd.dir/build.make CMakeFiles/cmTC_bb6cd.dir/build
gmake[2]: Entering directory '/Users/schun/nektar/build/CMakeFiles/CMakeTmp'
Building Fortran object CMakeFiles/cmTC_bb6cd.dir/test_mpi.f90.o
/opt/homebrew/bin/gfortran  -I/opt/homebrew/Cellar/mpich/4.1/include -I/opt/homebrew/include -isysroot /Applications/Xcode.app/Contents/Developer/Platforms/MacOSX.platform/Developer/SDKs/MacOSX13.1.sdk -fallow-argument-mismatch -c /Users/schun/nektar/build/CMakeFiles/FindMPI/test_mpi.f90 -o CMakeFiles/cmTC_bb6cd.dir/test_mpi.f90.o
/Users/schun/nektar/build/CMakeFiles/FindMPI/test_mpi.f90:2:11:

    2 |       use mpi_f08
      |           1
Fatal Error: Cannot open module file 'mpi_f08.mod' for reading at (1): No such file or directory
compilation terminated.
gmake[2]: *** [CMakeFiles/cmTC_bb6cd.dir/build.make:78: CMakeFiles/cmTC_bb6cd.dir/test_mpi.f90.o] Error 1
gmake[2]: Leaving directory '/Users/schun/nektar/build/CMakeFiles/CMakeTmp'
gmake[1]: *** [Makefile:127: cmTC_bb6cd/fast] Error 2
gmake[1]: Leaving directory '/Users/schun/nektar/build/CMakeFiles/CMakeTmp'



The MPI test test_mpi for Fortran in mode F08_MODULE failed to compile with the following output:
Change Dir: /Users/schun/nektar/build/CMakeFiles/CMakeTmp

Run Build Command(s):/opt/local/bin/gmake -f Makefile cmTC_9f9cf/fast && gmake[1]: Entering directory '/Users/schun/nektar/build/CMakeFiles/CMakeTmp'
/opt/local/bin/gmake  -f CMakeFiles/cmTC_9f9cf.dir/build.make CMakeFiles/cmTC_9f9cf.dir/build
gmake[2]: Entering directory '/Users/schun/nektar/build/CMakeFiles/CMakeTmp'
Building Fortran object CMakeFiles/cmTC_9f9cf.dir/test_mpi.f90.o
/opt/homebrew/bin/gfortran  -I/opt/homebrew/Cellar/mpich/4.1/include -I/opt/homebrew/include -isysroot /Applications/Xcode.app/Contents/Developer/Platforms/MacOSX.platform/Developer/SDKs/MacOSX13.1.sdk -fallow-argument-mismatch -c /Users/schun/nektar/build/CMakeFiles/FindMPI/test_mpi.f90 -o CMakeFiles/cmTC_9f9cf.dir/test_mpi.f90.o
/Users/schun/nektar/build/CMakeFiles/FindMPI/test_mpi.f90:2:11:

    2 |       use mpi_f08
      |           1
Fatal Error: Cannot open module file 'mpi_f08.mod' for reading at (1): No such file or directory
compilation terminated.
gmake[2]: *** [CMakeFiles/cmTC_9f9cf.dir/build.make:78: CMakeFiles/cmTC_9f9cf.dir/test_mpi.f90.o] Error 1
gmake[2]: Leaving directory '/Users/schun/nektar/build/CMakeFiles/CMakeTmp'
gmake[1]: *** [Makefile:127: cmTC_9f9cf/fast] Error 2
gmake[1]: Leaving directory '/Users/schun/nektar/build/CMakeFiles/CMakeTmp'



The MPI test test_mpi for Fortran in mode F08_MODULE failed to compile with the following output:
Change Dir: /Users/schun/nektar/build/CMakeFiles/CMakeTmp

Run Build Command(s):/opt/local/bin/gmake -f Makefile cmTC_7a663/fast && gmake[1]: Entering directory '/Users/schun/nektar/build/CMakeFiles/CMakeTmp'
/opt/local/bin/gmake  -f CMakeFiles/cmTC_7a663.dir/build.make CMakeFiles/cmTC_7a663.dir/build
gmake[2]: Entering directory '/Users/schun/nektar/build/CMakeFiles/CMakeTmp'
Building Fortran object CMakeFiles/cmTC_7a663.dir/test_mpi.f90.o
/opt/homebrew/bin/gfortran  -I/opt/homebrew/Cellar/mpich/4.1/include -I/opt/homebrew/include -isysroot /Applications/Xcode.app/Contents/Developer/Platforms/MacOSX.platform/Developer/SDKs/MacOSX13.1.sdk -fallow-argument-mismatch -c /Users/schun/nektar/build/CMakeFiles/FindMPI/test_mpi.f90 -o CMakeFiles/cmTC_7a663.dir/test_mpi.f90.o
/Users/schun/nektar/build/CMakeFiles/FindMPI/test_mpi.f90:2:11:

    2 |       use mpi_f08
      |           1
Fatal Error: Cannot open module file 'mpi_f08.mod' for reading at (1): No such file or directory
compilation terminated.
gmake[2]: *** [CMakeFiles/cmTC_7a663.dir/build.make:78: CMakeFiles/cmTC_7a663.dir/test_mpi.f90.o] Error 1
gmake[2]: Leaving directory '/Users/schun/nektar/build/CMakeFiles/CMakeTmp'
gmake[1]: *** [Makefile:127: cmTC_7a663/fast] Error 2
gmake[1]: Leaving directory '/Users/schun/nektar/build/CMakeFiles/CMakeTmp'



The MPI test test_mpi for Fortran in mode F08_MODULE failed to compile with the following output:
Change Dir: /Users/schun/nektar/build/CMakeFiles/CMakeTmp

Run Build Command(s):/opt/local/bin/gmake -f Makefile cmTC_c8d2c/fast && gmake[1]: Entering directory '/Users/schun/nektar/build/CMakeFiles/CMakeTmp'
/opt/local/bin/gmake  -f CMakeFiles/cmTC_c8d2c.dir/build.make CMakeFiles/cmTC_c8d2c.dir/build
gmake[2]: Entering directory '/Users/schun/nektar/build/CMakeFiles/CMakeTmp'
Building Fortran object CMakeFiles/cmTC_c8d2c.dir/test_mpi.f90.o
/opt/homebrew/bin/gfortran  -I/opt/homebrew/Cellar/mpich/4.1/include -I/opt/homebrew/include -isysroot /Applications/Xcode.app/Contents/Developer/Platforms/MacOSX.platform/Developer/SDKs/MacOSX13.1.sdk -fallow-argument-mismatch -c /Users/schun/nektar/build/CMakeFiles/FindMPI/test_mpi.f90 -o CMakeFiles/cmTC_c8d2c.dir/test_mpi.f90.o
/Users/schun/nektar/build/CMakeFiles/FindMPI/test_mpi.f90:2:11:

    2 |       use mpi_f08
      |           1
Fatal Error: Cannot open module file 'mpi_f08.mod' for reading at (1): No such file or directory
compilation terminated.
gmake[2]: *** [CMakeFiles/cmTC_c8d2c.dir/build.make:78: CMakeFiles/cmTC_c8d2c.dir/test_mpi.f90.o] Error 1
gmake[2]: Leaving directory '/Users/schun/nektar/build/CMakeFiles/CMakeTmp'
gmake[1]: *** [Makefile:127: cmTC_c8d2c/fast] Error 2
gmake[1]: Leaving directory '/Users/schun/nektar/build/CMakeFiles/CMakeTmp'



The MPI test test_mpi for Fortran in mode F08_MODULE failed to compile with the following output:
Change Dir: /Users/schun/nektar/build/CMakeFiles/CMakeTmp

Run Build Command(s):/opt/local/bin/gmake -f Makefile cmTC_21a9d/fast && /opt/local/bin/gmake  -f CMakeFiles/cmTC_21a9d.dir/build.make CMakeFiles/cmTC_21a9d.dir/build
gmake[1]: Entering directory '/Users/schun/nektar/build/CMakeFiles/CMakeTmp'
Building Fortran object CMakeFiles/cmTC_21a9d.dir/test_mpi.f90.o
/opt/homebrew/bin/gfortran  -I/opt/homebrew/Cellar/mpich/4.1/include -I/opt/homebrew/include -isysroot /Applications/Xcode.app/Contents/Developer/Platforms/MacOSX.platform/Developer/SDKs/MacOSX13.1.sdk -fallow-argument-mismatch -c /Users/schun/nektar/build/CMakeFiles/FindMPI/test_mpi.f90 -o CMakeFiles/cmTC_21a9d.dir/test_mpi.f90.o
/Users/schun/nektar/build/CMakeFiles/FindMPI/test_mpi.f90:2:11:

    2 |       use mpi_f08
      |           1
Fatal Error: Cannot open module file 'mpi_f08.mod' for reading at (1): No such file or directory
compilation terminated.
gmake[1]: *** [CMakeFiles/cmTC_21a9d.dir/build.make:78: CMakeFiles/cmTC_21a9d.dir/test_mpi.f90.o] Error 1
gmake[1]: Leaving directory '/Users/schun/nektar/build/CMakeFiles/CMakeTmp'
gmake: *** [Makefile:127: cmTC_21a9d/fast] Error 2



The MPI test test_mpi for Fortran in mode F08_MODULE failed to compile with the following output:
Change Dir: /Users/schun/nektar/build/CMakeFiles/CMakeTmp

Run Build Command(s):/opt/local/bin/gmake -f Makefile cmTC_5d229/fast && gmake[1]: Entering directory '/Users/schun/nektar/build/CMakeFiles/CMakeTmp'
/opt/local/bin/gmake  -f CMakeFiles/cmTC_5d229.dir/build.make CMakeFiles/cmTC_5d229.dir/build
gmake[2]: Entering directory '/Users/schun/nektar/build/CMakeFiles/CMakeTmp'
Building Fortran object CMakeFiles/cmTC_5d229.dir/test_mpi.f90.o
/opt/homebrew/bin/gfortran  -I/opt/homebrew/Cellar/mpich/4.1/include -I/opt/homebrew/include -isysroot /Applications/Xcode.app/Contents/Developer/Platforms/MacOSX.platform/Developer/SDKs/MacOSX13.1.sdk -fallow-argument-mismatch -c /Users/schun/nektar/build/CMakeFiles/FindMPI/test_mpi.f90 -o CMakeFiles/cmTC_5d229.dir/test_mpi.f90.o
/Users/schun/nektar/build/CMakeFiles/FindMPI/test_mpi.f90:2:11:

    2 |       use mpi_f08
      |           1
Fatal Error: Cannot open module file 'mpi_f08.mod' for reading at (1): No such file or directory
compilation terminated.
gmake[2]: *** [CMakeFiles/cmTC_5d229.dir/build.make:78: CMakeFiles/cmTC_5d229.dir/test_mpi.f90.o] Error 1
gmake[2]: Leaving directory '/Users/schun/nektar/build/CMakeFiles/CMakeTmp'
gmake[1]: *** [Makefile:127: cmTC_5d229/fast] Error 2
gmake[1]: Leaving directory '/Users/schun/nektar/build/CMakeFiles/CMakeTmp'



The MPI test test_mpi for Fortran in mode F08_MODULE failed to compile with the following output:
Change Dir: /Users/schun/nektar/build/CMakeFiles/CMakeTmp

Run Build Command(s):/opt/local/bin/gmake -f Makefile cmTC_2e91f/fast && gmake[1]: Entering directory '/Users/schun/nektar/build/CMakeFiles/CMakeTmp'
/opt/local/bin/gmake  -f CMakeFiles/cmTC_2e91f.dir/build.make CMakeFiles/cmTC_2e91f.dir/build
gmake[2]: Entering directory '/Users/schun/nektar/build/CMakeFiles/CMakeTmp'
Building Fortran object CMakeFiles/cmTC_2e91f.dir/test_mpi.f90.o
/opt/homebrew/bin/gfortran  -I/opt/homebrew/Cellar/mpich/4.1/include -I/opt/homebrew/include -isysroot /Applications/Xcode.app/Contents/Developer/Platforms/MacOSX.platform/Developer/SDKs/MacOSX13.1.sdk -fallow-argument-mismatch -c /Users/schun/nektar/build/CMakeFiles/FindMPI/test_mpi.f90 -o CMakeFiles/cmTC_2e91f.dir/test_mpi.f90.o
/Users/schun/nektar/build/CMakeFiles/FindMPI/test_mpi.f90:2:11:

    2 |       use mpi_f08
      |           1
Fatal Error: Cannot open module file 'mpi_f08.mod' for reading at (1): No such file or directory
compilation terminated.
gmake[2]: *** [CMakeFiles/cmTC_2e91f.dir/build.make:78: CMakeFiles/cmTC_2e91f.dir/test_mpi.f90.o] Error 1
gmake[2]: Leaving directory '/Users/schun/nektar/build/CMakeFiles/CMakeTmp'
gmake[1]: *** [Makefile:127: cmTC_2e91f/fast] Error 2
gmake[1]: Leaving directory '/Users/schun/nektar/build/CMakeFiles/CMakeTmp'



The MPI test test_mpi for Fortran in mode F08_MODULE failed to compile with the following output:
Change Dir: /Users/schun/nektar/build/CMakeFiles/CMakeTmp

Run Build Command(s):/opt/local/bin/gmake -f Makefile cmTC_185fa/fast && gmake[1]: Entering directory '/Users/schun/nektar/build/CMakeFiles/CMakeTmp'
/opt/local/bin/gmake  -f CMakeFiles/cmTC_185fa.dir/build.make CMakeFiles/cmTC_185fa.dir/build
gmake[2]: Entering directory '/Users/schun/nektar/build/CMakeFiles/CMakeTmp'
Building Fortran object CMakeFiles/cmTC_185fa.dir/test_mpi.f90.o
/opt/homebrew/bin/gfortran  -I/opt/homebrew/Cellar/mpich/4.1/include -I/opt/homebrew/include -isysroot /Applications/Xcode.app/Contents/Developer/Platforms/MacOSX.platform/Developer/SDKs/MacOSX13.1.sdk -fallow-argument-mismatch -c /Users/schun/nektar/build/CMakeFiles/FindMPI/test_mpi.f90 -o CMakeFiles/cmTC_185fa.dir/test_mpi.f90.o
/Users/schun/nektar/build/CMakeFiles/FindMPI/test_mpi.f90:2:11:

    2 |       use mpi_f08
      |           1
Fatal Error: Cannot open module file 'mpi_f08.mod' for reading at (1): No such file or directory
compilation terminated.
gmake[2]: *** [CMakeFiles/cmTC_185fa.dir/build.make:78: CMakeFiles/cmTC_185fa.dir/test_mpi.f90.o] Error 1
gmake[2]: Leaving directory '/Users/schun/nektar/build/CMakeFiles/CMakeTmp'
gmake[1]: *** [Makefile:127: cmTC_185fa/fast] Error 2
gmake[1]: Leaving directory '/Users/schun/nektar/build/CMakeFiles/CMakeTmp'



The MPI test test_mpi for Fortran in mode F08_MODULE failed to compile with the following output:
Change Dir: /Users/schun/nektar/build/CMakeFiles/CMakeTmp

Run Build Command(s):/opt/local/bin/gmake -f Makefile cmTC_aed43/fast && gmake[1]: Entering directory '/Users/schun/nektar/build/CMakeFiles/CMakeTmp'
/opt/local/bin/gmake  -f CMakeFiles/cmTC_aed43.dir/build.make CMakeFiles/cmTC_aed43.dir/build
gmake[2]: Entering directory '/Users/schun/nektar/build/CMakeFiles/CMakeTmp'
Building Fortran object CMakeFiles/cmTC_aed43.dir/test_mpi.f90.o
/opt/homebrew/bin/gfortran  -I/opt/homebrew/Cellar/mpich/4.1/include -I/opt/homebrew/include -isysroot /Applications/Xcode.app/Contents/Developer/Platforms/MacOSX.platform/Developer/SDKs/MacOSX13.1.sdk -fallow-argument-mismatch -c /Users/schun/nektar/build/CMakeFiles/FindMPI/test_mpi.f90 -o CMakeFiles/cmTC_aed43.dir/test_mpi.f90.o
/Users/schun/nektar/build/CMakeFiles/FindMPI/test_mpi.f90:2:11:

    2 |       use mpi_f08
      |           1
Fatal Error: Cannot open module file 'mpi_f08.mod' for reading at (1): No such file or directory
compilation terminated.
gmake[2]: *** [CMakeFiles/cmTC_aed43.dir/build.make:78: CMakeFiles/cmTC_aed43.dir/test_mpi.f90.o] Error 1
gmake[2]: Leaving directory '/Users/schun/nektar/build/CMakeFiles/CMakeTmp'
gmake[1]: *** [Makefile:127: cmTC_aed43/fast] Error 2
gmake[1]: Leaving directory '/Users/schun/nektar/build/CMakeFiles/CMakeTmp'



The MPI test test_mpi for Fortran in mode F08_MODULE failed to compile with the following output:
Change Dir: /Users/schun/nektar/build/CMakeFiles/CMakeTmp

Run Build Command(s):/opt/local/bin/gmake -f Makefile cmTC_3c6ab/fast && gmake[1]: Entering directory '/Users/schun/nektar/build/CMakeFiles/CMakeTmp'
/opt/local/bin/gmake  -f CMakeFiles/cmTC_3c6ab.dir/build.make CMakeFiles/cmTC_3c6ab.dir/build
gmake[2]: Entering directory '/Users/schun/nektar/build/CMakeFiles/CMakeTmp'
Building Fortran object CMakeFiles/cmTC_3c6ab.dir/test_mpi.f90.o
/opt/homebrew/bin/gfortran  -I/opt/homebrew/Cellar/mpich/4.1/include -I/opt/homebrew/include -isysroot /Applications/Xcode.app/Contents/Developer/Platforms/MacOSX.platform/Developer/SDKs/MacOSX13.1.sdk -fallow-argument-mismatch -c /Users/schun/nektar/build/CMakeFiles/FindMPI/test_mpi.f90 -o CMakeFiles/cmTC_3c6ab.dir/test_mpi.f90.o
/Users/schun/nektar/build/CMakeFiles/FindMPI/test_mpi.f90:2:11:

    2 |       use mpi_f08
      |           1
Fatal Error: Cannot open module file 'mpi_f08.mod' for reading at (1): No such file or directory
compilation terminated.
gmake[2]: *** [CMakeFiles/cmTC_3c6ab.dir/build.make:78: CMakeFiles/cmTC_3c6ab.dir/test_mpi.f90.o] Error 1
gmake[2]: Leaving directory '/Users/schun/nektar/build/CMakeFiles/CMakeTmp'
gmake[1]: *** [Makefile:127: cmTC_3c6ab/fast] Error 2
gmake[1]: Leaving directory '/Users/schun/nektar/build/CMakeFiles/CMakeTmp'



The MPI test test_mpi for Fortran in mode F08_MODULE failed to compile with the following output:
Change Dir: /Users/schun/nektar/build/CMakeFiles/CMakeTmp

Run Build Command(s):/opt/local/bin/gmake -f Makefile cmTC_c8d99/fast && gmake[1]: Entering directory '/Users/schun/nektar/build/CMakeFiles/CMakeTmp'
/opt/local/bin/gmake  -f CMakeFiles/cmTC_c8d99.dir/build.make CMakeFiles/cmTC_c8d99.dir/build
gmake[2]: Entering directory '/Users/schun/nektar/build/CMakeFiles/CMakeTmp'
Building Fortran object CMakeFiles/cmTC_c8d99.dir/test_mpi.f90.o
/opt/homebrew/bin/gfortran  -I/opt/homebrew/Cellar/mpich/4.1/include -I/opt/homebrew/include -isysroot /Applications/Xcode.app/Contents/Developer/Platforms/MacOSX.platform/Developer/SDKs/MacOSX13.1.sdk -fallow-argument-mismatch -c /Users/schun/nektar/build/CMakeFiles/FindMPI/test_mpi.f90 -o CMakeFiles/cmTC_c8d99.dir/test_mpi.f90.o
/Users/schun/nektar/build/CMakeFiles/FindMPI/test_mpi.f90:2:11:

    2 |       use mpi_f08
      |           1
Fatal Error: Cannot open module file 'mpi_f08.mod' for reading at (1): No such file or directory
compilation terminated.
gmake[2]: *** [CMakeFiles/cmTC_c8d99.dir/build.make:78: CMakeFiles/cmTC_c8d99.dir/test_mpi.f90.o] Error 1
gmake[2]: Leaving directory '/Users/schun/nektar/build/CMakeFiles/CMakeTmp'
gmake[1]: *** [Makefile:127: cmTC_c8d99/fast] Error 2
gmake[1]: Leaving directory '/Users/schun/nektar/build/CMakeFiles/CMakeTmp'



The MPI test test_mpi for Fortran in mode F08_MODULE failed to compile with the following output:
Change Dir: /Users/schun/nektar/build/CMakeFiles/CMakeTmp

Run Build Command(s):/opt/local/bin/gmake -f Makefile cmTC_ae2fc/fast && gmake[1]: Entering directory '/Users/schun/nektar/build/CMakeFiles/CMakeTmp'
/opt/local/bin/gmake  -f CMakeFiles/cmTC_ae2fc.dir/build.make CMakeFiles/cmTC_ae2fc.dir/build
gmake[2]: Entering directory '/Users/schun/nektar/build/CMakeFiles/CMakeTmp'
Building Fortran object CMakeFiles/cmTC_ae2fc.dir/test_mpi.f90.o
/opt/homebrew/bin/gfortran  -I/opt/homebrew/Cellar/mpich/4.1/include -I/opt/homebrew/include -isysroot /Applications/Xcode.app/Contents/Developer/Platforms/MacOSX.platform/Developer/SDKs/MacOSX13.1.sdk -fallow-argument-mismatch -c /Users/schun/nektar/build/CMakeFiles/FindMPI/test_mpi.f90 -o CMakeFiles/cmTC_ae2fc.dir/test_mpi.f90.o
/Users/schun/nektar/build/CMakeFiles/FindMPI/test_mpi.f90:2:11:

    2 |       use mpi_f08
      |           1
Fatal Error: Cannot open module file 'mpi_f08.mod' for reading at (1): No such file or directory
compilation terminated.
gmake[2]: *** [CMakeFiles/cmTC_ae2fc.dir/build.make:78: CMakeFiles/cmTC_ae2fc.dir/test_mpi.f90.o] Error 1
gmake[2]: Leaving directory '/Users/schun/nektar/build/CMakeFiles/CMakeTmp'
gmake[1]: *** [Makefile:127: cmTC_ae2fc/fast] Error 2
gmake[1]: Leaving directory '/Users/schun/nektar/build/CMakeFiles/CMakeTmp'



The MPI test test_mpi for Fortran in mode F08_MODULE failed to compile with the following output:
Change Dir: /Users/schun/nektar/build/CMakeFiles/CMakeTmp

Run Build Command(s):/opt/local/bin/gmake -f Makefile cmTC_22e7c/fast && gmake[1]: Entering directory '/Users/schun/nektar/build/CMakeFiles/CMakeTmp'
/opt/local/bin/gmake  -f CMakeFiles/cmTC_22e7c.dir/build.make CMakeFiles/cmTC_22e7c.dir/build
gmake[2]: Entering directory '/Users/schun/nektar/build/CMakeFiles/CMakeTmp'
Building Fortran object CMakeFiles/cmTC_22e7c.dir/test_mpi.f90.o
/opt/homebrew/bin/gfortran  -I/opt/homebrew/Cellar/mpich/4.1/include -I/opt/homebrew/include -isysroot /Applications/Xcode.app/Contents/Developer/Platforms/MacOSX.platform/Developer/SDKs/MacOSX13.1.sdk -fallow-argument-mismatch -c /Users/schun/nektar/build/CMakeFiles/FindMPI/test_mpi.f90 -o CMakeFiles/cmTC_22e7c.dir/test_mpi.f90.o
/Users/schun/nektar/build/CMakeFiles/FindMPI/test_mpi.f90:2:11:

    2 |       use mpi_f08
      |           1
Fatal Error: Cannot open module file 'mpi_f08.mod' for reading at (1): No such file or directory
compilation terminated.
gmake[2]: *** [CMakeFiles/cmTC_22e7c.dir/build.make:78: CMakeFiles/cmTC_22e7c.dir/test_mpi.f90.o] Error 1
gmake[2]: Leaving directory '/Users/schun/nektar/build/CMakeFiles/CMakeTmp'
gmake[1]: *** [Makefile:127: cmTC_22e7c/fast] Error 2
gmake[1]: Leaving directory '/Users/schun/nektar/build/CMakeFiles/CMakeTmp'



The MPI test test_mpi for Fortran in mode F08_MODULE failed to compile with the following output:
Change Dir: /Users/schun/nektar/build/CMakeFiles/CMakeTmp

Run Build Command(s):/opt/local/bin/gmake -f Makefile cmTC_046c4/fast && gmake[1]: Entering directory '/Users/schun/nektar/build/CMakeFiles/CMakeTmp'
/opt/local/bin/gmake  -f CMakeFiles/cmTC_046c4.dir/build.make CMakeFiles/cmTC_046c4.dir/build
gmake[2]: Entering directory '/Users/schun/nektar/build/CMakeFiles/CMakeTmp'
Building Fortran object CMakeFiles/cmTC_046c4.dir/test_mpi.f90.o
/opt/homebrew/bin/gfortran  -I/opt/homebrew/Cellar/mpich/4.1/include -I/opt/homebrew/include -isysroot /Applications/Xcode.app/Contents/Developer/Platforms/MacOSX.platform/Developer/SDKs/MacOSX13.1.sdk -fallow-argument-mismatch -c /Users/schun/nektar/build/CMakeFiles/FindMPI/test_mpi.f90 -o CMakeFiles/cmTC_046c4.dir/test_mpi.f90.o
/Users/schun/nektar/build/CMakeFiles/FindMPI/test_mpi.f90:2:11:

    2 |       use mpi_f08
      |           1
Fatal Error: Cannot open module file 'mpi_f08.mod' for reading at (1): No such file or directory
compilation terminated.
gmake[2]: *** [CMakeFiles/cmTC_046c4.dir/build.make:78: CMakeFiles/cmTC_046c4.dir/test_mpi.f90.o] Error 1
gmake[2]: Leaving directory '/Users/schun/nektar/build/CMakeFiles/CMakeTmp'
gmake[1]: *** [Makefile:127: cmTC_046c4/fast] Error 2
gmake[1]: Leaving directory '/Users/schun/nektar/build/CMakeFiles/CMakeTmp'



The MPI test test_mpi for Fortran in mode F08_MODULE failed to compile with the following output:
Change Dir: /Users/schun/nektar/build/CMakeFiles/CMakeTmp

Run Build Command(s):/opt/local/bin/gmake -f Makefile cmTC_e662c/fast && gmake[1]: Entering directory '/Users/schun/nektar/build/CMakeFiles/CMakeTmp'
/opt/local/bin/gmake  -f CMakeFiles/cmTC_e662c.dir/build.make CMakeFiles/cmTC_e662c.dir/build
gmake[2]: Entering directory '/Users/schun/nektar/build/CMakeFiles/CMakeTmp'
Building Fortran object CMakeFiles/cmTC_e662c.dir/test_mpi.f90.o
/opt/homebrew/bin/gfortran  -I/opt/homebrew/Cellar/mpich/4.1/include -I/opt/homebrew/include -isysroot /Applications/Xcode.app/Contents/Developer/Platforms/MacOSX.platform/Developer/SDKs/MacOSX13.1.sdk -fallow-argument-mismatch -c /Users/schun/nektar/build/CMakeFiles/FindMPI/test_mpi.f90 -o CMakeFiles/cmTC_e662c.dir/test_mpi.f90.o
/Users/schun/nektar/build/CMakeFiles/FindMPI/test_mpi.f90:2:11:

    2 |       use mpi_f08
      |           1
Fatal Error: Cannot open module file 'mpi_f08.mod' for reading at (1): No such file or directory
compilation terminated.
gmake[2]: *** [CMakeFiles/cmTC_e662c.dir/build.make:78: CMakeFiles/cmTC_e662c.dir/test_mpi.f90.o] Error 1
gmake[2]: Leaving directory '/Users/schun/nektar/build/CMakeFiles/CMakeTmp'
gmake[1]: *** [Makefile:127: cmTC_e662c/fast] Error 2
gmake[1]: Leaving directory '/Users/schun/nektar/build/CMakeFiles/CMakeTmp'



The MPI test test_mpi for Fortran in mode F08_MODULE failed to compile with the following output:
Change Dir: /Users/schun/nektar/build/CMakeFiles/CMakeTmp

Run Build Command(s):/opt/local/bin/gmake -f Makefile cmTC_fa54a/fast && gmake[1]: Entering directory '/Users/schun/nektar/build/CMakeFiles/CMakeTmp'
/opt/local/bin/gmake  -f CMakeFiles/cmTC_fa54a.dir/build.make CMakeFiles/cmTC_fa54a.dir/build
gmake[2]: Entering directory '/Users/schun/nektar/build/CMakeFiles/CMakeTmp'
Building Fortran object CMakeFiles/cmTC_fa54a.dir/test_mpi.f90.o
/opt/homebrew/bin/gfortran  -I/opt/homebrew/Cellar/mpich/4.1/include -I/opt/homebrew/include -isysroot /Applications/Xcode.app/Contents/Developer/Platforms/MacOSX.platform/Developer/SDKs/MacOSX13.1.sdk -fallow-argument-mismatch -c /Users/schun/nektar/build/CMakeFiles/FindMPI/test_mpi.f90 -o CMakeFiles/cmTC_fa54a.dir/test_mpi.f90.o
/Users/schun/nektar/build/CMakeFiles/FindMPI/test_mpi.f90:2:11:

    2 |       use mpi_f08
      |           1
Fatal Error: Cannot open module file 'mpi_f08.mod' for reading at (1): No such file or directory
compilation terminated.
gmake[2]: *** [CMakeFiles/cmTC_fa54a.dir/build.make:78: CMakeFiles/cmTC_fa54a.dir/test_mpi.f90.o] Error 1
gmake[2]: Leaving directory '/Users/schun/nektar/build/CMakeFiles/CMakeTmp'
gmake[1]: *** [Makefile:127: cmTC_fa54a/fast] Error 2
gmake[1]: Leaving directory '/Users/schun/nektar/build/CMakeFiles/CMakeTmp'



The MPI test test_mpi for Fortran in mode F08_MODULE failed to compile with the following output:
Change Dir: /Users/schun/nektar/build/CMakeFiles/CMakeTmp

Run Build Command(s):/opt/local/bin/gmake -f Makefile cmTC_1a561/fast && gmake[1]: Entering directory '/Users/schun/nektar/build/CMakeFiles/CMakeTmp'
/opt/local/bin/gmake  -f CMakeFiles/cmTC_1a561.dir/build.make CMakeFiles/cmTC_1a561.dir/build
gmake[2]: Entering directory '/Users/schun/nektar/build/CMakeFiles/CMakeTmp'
Building Fortran object CMakeFiles/cmTC_1a561.dir/test_mpi.f90.o
/opt/homebrew/bin/gfortran  -I/opt/homebrew/Cellar/mpich/4.1/include -I/opt/homebrew/include -isysroot /Applications/Xcode.app/Contents/Developer/Platforms/MacOSX.platform/Developer/SDKs/MacOSX13.1.sdk -fallow-argument-mismatch -c /Users/schun/nektar/build/CMakeFiles/FindMPI/test_mpi.f90 -o CMakeFiles/cmTC_1a561.dir/test_mpi.f90.o
/Users/schun/nektar/build/CMakeFiles/FindMPI/test_mpi.f90:2:11:

    2 |       use mpi_f08
      |           1
Fatal Error: Cannot open module file 'mpi_f08.mod' for reading at (1): No such file or directory
compilation terminated.
gmake[2]: *** [CMakeFiles/cmTC_1a561.dir/build.make:78: CMakeFiles/cmTC_1a561.dir/test_mpi.f90.o] Error 1
gmake[2]: Leaving directory '/Users/schun/nektar/build/CMakeFiles/CMakeTmp'
gmake[1]: *** [Makefile:127: cmTC_1a561/fast] Error 2
gmake[1]: Leaving directory '/Users/schun/nektar/build/CMakeFiles/CMakeTmp'



The MPI test test_mpi for Fortran in mode F08_MODULE failed to compile with the following output:
Change Dir: /Users/schun/nektar/build/CMakeFiles/CMakeTmp

Run Build Command(s):/opt/local/bin/gmake -f Makefile cmTC_c9b4e/fast && gmake[1]: Entering directory '/Users/schun/nektar/build/CMakeFiles/CMakeTmp'
/opt/local/bin/gmake  -f CMakeFiles/cmTC_c9b4e.dir/build.make CMakeFiles/cmTC_c9b4e.dir/build
gmake[2]: Entering directory '/Users/schun/nektar/build/CMakeFiles/CMakeTmp'
Building Fortran object CMakeFiles/cmTC_c9b4e.dir/test_mpi.f90.o
/opt/homebrew/bin/gfortran  -I/opt/homebrew/Cellar/mpich/4.1/include -I/opt/homebrew/include -isysroot /Applications/Xcode.app/Contents/Developer/Platforms/MacOSX.platform/Developer/SDKs/MacOSX13.1.sdk -fallow-argument-mismatch -c /Users/schun/nektar/build/CMakeFiles/FindMPI/test_mpi.f90 -o CMakeFiles/cmTC_c9b4e.dir/test_mpi.f90.o
/Users/schun/nektar/build/CMakeFiles/FindMPI/test_mpi.f90:2:11:

    2 |       use mpi_f08
      |           1
Fatal Error: Cannot open module file 'mpi_f08.mod' for reading at (1): No such file or directory
compilation terminated.
gmake[2]: *** [CMakeFiles/cmTC_c9b4e.dir/build.make:78: CMakeFiles/cmTC_c9b4e.dir/test_mpi.f90.o] Error 1
gmake[2]: Leaving directory '/Users/schun/nektar/build/CMakeFiles/CMakeTmp'
gmake[1]: *** [Makefile:127: cmTC_c9b4e/fast] Error 2
gmake[1]: Leaving directory '/Users/schun/nektar/build/CMakeFiles/CMakeTmp'



The MPI test test_mpi for Fortran in mode F08_MODULE failed to compile with the following output:
Change Dir: /Users/schun/nektar/build/CMakeFiles/CMakeTmp

Run Build Command(s):/opt/local/bin/gmake -f Makefile cmTC_caf81/fast && gmake[1]: Entering directory '/Users/schun/nektar/build/CMakeFiles/CMakeTmp'
/opt/local/bin/gmake  -f CMakeFiles/cmTC_caf81.dir/build.make CMakeFiles/cmTC_caf81.dir/build
gmake[2]: Entering directory '/Users/schun/nektar/build/CMakeFiles/CMakeTmp'
Building Fortran object CMakeFiles/cmTC_caf81.dir/test_mpi.f90.o
/opt/homebrew/bin/gfortran  -I/opt/homebrew/Cellar/mpich/4.1/include -I/opt/homebrew/include -isysroot /Applications/Xcode.app/Contents/Developer/Platforms/MacOSX.platform/Developer/SDKs/MacOSX13.1.sdk -fallow-argument-mismatch -c /Users/schun/nektar/build/CMakeFiles/FindMPI/test_mpi.f90 -o CMakeFiles/cmTC_caf81.dir/test_mpi.f90.o
/Users/schun/nektar/build/CMakeFiles/FindMPI/test_mpi.f90:2:11:

    2 |       use mpi_f08
      |           1
Fatal Error: Cannot open module file 'mpi_f08.mod' for reading at (1): No such file or directory
compilation terminated.
gmake[2]: *** [CMakeFiles/cmTC_caf81.dir/build.make:78: CMakeFiles/cmTC_caf81.dir/test_mpi.f90.o] Error 1
gmake[2]: Leaving directory '/Users/schun/nektar/build/CMakeFiles/CMakeTmp'
gmake[1]: *** [Makefile:127: cmTC_caf81/fast] Error 2
gmake[1]: Leaving directory '/Users/schun/nektar/build/CMakeFiles/CMakeTmp'



The MPI test test_mpi for Fortran in mode F08_MODULE failed to compile with the following output:
Change Dir: /Users/schun/nektar/build/CMakeFiles/CMakeTmp

Run Build Command(s):/opt/local/bin/gmake -f Makefile cmTC_f55ce/fast && gmake[1]: Entering directory '/Users/schun/nektar/build/CMakeFiles/CMakeTmp'
/opt/local/bin/gmake  -f CMakeFiles/cmTC_f55ce.dir/build.make CMakeFiles/cmTC_f55ce.dir/build
gmake[2]: Entering directory '/Users/schun/nektar/build/CMakeFiles/CMakeTmp'
Building Fortran object CMakeFiles/cmTC_f55ce.dir/test_mpi.f90.o
/opt/homebrew/bin/gfortran  -I/opt/homebrew/Cellar/mpich/4.1/include -I/opt/homebrew/include -isysroot /Applications/Xcode.app/Contents/Developer/Platforms/MacOSX.platform/Developer/SDKs/MacOSX13.1.sdk -fallow-argument-mismatch -c /Users/schun/nektar/build/CMakeFiles/FindMPI/test_mpi.f90 -o CMakeFiles/cmTC_f55ce.dir/test_mpi.f90.o
/Users/schun/nektar/build/CMakeFiles/FindMPI/test_mpi.f90:2:11:

    2 |       use mpi_f08
      |           1
Fatal Error: Cannot open module file 'mpi_f08.mod' for reading at (1): No such file or directory
compilation terminated.
gmake[2]: *** [CMakeFiles/cmTC_f55ce.dir/build.make:78: CMakeFiles/cmTC_f55ce.dir/test_mpi.f90.o] Error 1
gmake[2]: Leaving directory '/Users/schun/nektar/build/CMakeFiles/CMakeTmp'
gmake[1]: *** [Makefile:127: cmTC_f55ce/fast] Error 2
gmake[1]: Leaving directory '/Users/schun/nektar/build/CMakeFiles/CMakeTmp'



The MPI test test_mpi for Fortran in mode F08_MODULE failed to compile with the following output:
Change Dir: /Users/schun/nektar/build/CMakeFiles/CMakeTmp

Run Build Command(s):/opt/local/bin/gmake -f Makefile cmTC_f3d19/fast && gmake[1]: Entering directory '/Users/schun/nektar/build/CMakeFiles/CMakeTmp'
/opt/local/bin/gmake  -f CMakeFiles/cmTC_f3d19.dir/build.make CMakeFiles/cmTC_f3d19.dir/build
gmake[2]: Entering directory '/Users/schun/nektar/build/CMakeFiles/CMakeTmp'
Building Fortran object CMakeFiles/cmTC_f3d19.dir/test_mpi.f90.o
/opt/homebrew/bin/gfortran  -I/opt/homebrew/Cellar/mpich/4.1/include -I/opt/homebrew/include -isysroot /Applications/Xcode.app/Contents/Developer/Platforms/MacOSX.platform/Developer/SDKs/MacOSX13.1.sdk -fallow-argument-mismatch -c /Users/schun/nektar/build/CMakeFiles/FindMPI/test_mpi.f90 -o CMakeFiles/cmTC_f3d19.dir/test_mpi.f90.o
/Users/schun/nektar/build/CMakeFiles/FindMPI/test_mpi.f90:2:11:

    2 |       use mpi_f08
      |           1
Fatal Error: Cannot open module file 'mpi_f08.mod' for reading at (1): No such file or directory
compilation terminated.
gmake[2]: *** [CMakeFiles/cmTC_f3d19.dir/build.make:78: CMakeFiles/cmTC_f3d19.dir/test_mpi.f90.o] Error 1
gmake[2]: Leaving directory '/Users/schun/nektar/build/CMakeFiles/CMakeTmp'
gmake[1]: *** [Makefile:127: cmTC_f3d19/fast] Error 2
gmake[1]: Leaving directory '/Users/schun/nektar/build/CMakeFiles/CMakeTmp'



The MPI test test_mpi for Fortran in mode F08_MODULE failed to compile with the following output:
Change Dir: /Users/schun/nektar/build/CMakeFiles/CMakeTmp

Run Build Command(s):/opt/local/bin/gmake -f Makefile cmTC_b35f7/fast && gmake[1]: Entering directory '/Users/schun/nektar/build/CMakeFiles/CMakeTmp'
/opt/local/bin/gmake  -f CMakeFiles/cmTC_b35f7.dir/build.make CMakeFiles/cmTC_b35f7.dir/build
gmake[2]: Entering directory '/Users/schun/nektar/build/CMakeFiles/CMakeTmp'
Building Fortran object CMakeFiles/cmTC_b35f7.dir/test_mpi.f90.o
/opt/homebrew/bin/gfortran  -I/opt/homebrew/Cellar/mpich/4.1/include -I/opt/homebrew/include -isysroot /Applications/Xcode.app/Contents/Developer/Platforms/MacOSX.platform/Developer/SDKs/MacOSX13.1.sdk -fallow-argument-mismatch -c /Users/schun/nektar/build/CMakeFiles/FindMPI/test_mpi.f90 -o CMakeFiles/cmTC_b35f7.dir/test_mpi.f90.o
/Users/schun/nektar/build/CMakeFiles/FindMPI/test_mpi.f90:2:11:

    2 |       use mpi_f08
      |           1
Fatal Error: Cannot open module file 'mpi_f08.mod' for reading at (1): No such file or directory
compilation terminated.
gmake[2]: *** [CMakeFiles/cmTC_b35f7.dir/build.make:78: CMakeFiles/cmTC_b35f7.dir/test_mpi.f90.o] Error 1
gmake[2]: Leaving directory '/Users/schun/nektar/build/CMakeFiles/CMakeTmp'
gmake[1]: *** [Makefile:127: cmTC_b35f7/fast] Error 2
gmake[1]: Leaving directory '/Users/schun/nektar/build/CMakeFiles/CMakeTmp'



The MPI test test_mpi for Fortran in mode F08_MODULE failed to compile with the following output:
Change Dir: /Users/schun/nektar/build/CMakeFiles/CMakeTmp

Run Build Command(s):/opt/local/bin/gmake -f Makefile cmTC_9e8f3/fast && gmake[1]: Entering directory '/Users/schun/nektar/build/CMakeFiles/CMakeTmp'
/opt/local/bin/gmake  -f CMakeFiles/cmTC_9e8f3.dir/build.make CMakeFiles/cmTC_9e8f3.dir/build
gmake[2]: Entering directory '/Users/schun/nektar/build/CMakeFiles/CMakeTmp'
Building Fortran object CMakeFiles/cmTC_9e8f3.dir/test_mpi.f90.o
/opt/homebrew/bin/gfortran  -I/opt/homebrew/Cellar/mpich/4.1/include -I/opt/homebrew/include -isysroot /Applications/Xcode.app/Contents/Developer/Platforms/MacOSX.platform/Developer/SDKs/MacOSX13.1.sdk -fallow-argument-mismatch -c /Users/schun/nektar/build/CMakeFiles/FindMPI/test_mpi.f90 -o CMakeFiles/cmTC_9e8f3.dir/test_mpi.f90.o
/Users/schun/nektar/build/CMakeFiles/FindMPI/test_mpi.f90:2:11:

    2 |       use mpi_f08
      |           1
Fatal Error: Cannot open module file 'mpi_f08.mod' for reading at (1): No such file or directory
compilation terminated.
gmake[2]: *** [CMakeFiles/cmTC_9e8f3.dir/build.make:78: CMakeFiles/cmTC_9e8f3.dir/test_mpi.f90.o] Error 1
gmake[2]: Leaving directory '/Users/schun/nektar/build/CMakeFiles/CMakeTmp'
gmake[1]: *** [Makefile:127: cmTC_9e8f3/fast] Error 2
gmake[1]: Leaving directory '/Users/schun/nektar/build/CMakeFiles/CMakeTmp'



The MPI test test_mpi for Fortran in mode F08_MODULE failed to compile with the following output:
Change Dir: /Users/schun/nektar/build/CMakeFiles/CMakeTmp

Run Build Command(s):/opt/local/bin/gmake -f Makefile cmTC_b64cd/fast && gmake[1]: Entering directory '/Users/schun/nektar/build/CMakeFiles/CMakeTmp'
/opt/local/bin/gmake  -f CMakeFiles/cmTC_b64cd.dir/build.make CMakeFiles/cmTC_b64cd.dir/build
gmake[2]: Entering directory '/Users/schun/nektar/build/CMakeFiles/CMakeTmp'
Building Fortran object CMakeFiles/cmTC_b64cd.dir/test_mpi.f90.o
/opt/homebrew/bin/gfortran  -I/opt/homebrew/Cellar/mpich/4.1/include -I/opt/homebrew/include -isysroot /Applications/Xcode.app/Contents/Developer/Platforms/MacOSX.platform/Developer/SDKs/MacOSX13.1.sdk -fallow-argument-mismatch -c /Users/schun/nektar/build/CMakeFiles/FindMPI/test_mpi.f90 -o CMakeFiles/cmTC_b64cd.dir/test_mpi.f90.o
/Users/schun/nektar/build/CMakeFiles/FindMPI/test_mpi.f90:2:11:

    2 |       use mpi_f08
      |           1
Fatal Error: Cannot open module file 'mpi_f08.mod' for reading at (1): No such file or directory
compilation terminated.
gmake[2]: *** [CMakeFiles/cmTC_b64cd.dir/build.make:78: CMakeFiles/cmTC_b64cd.dir/test_mpi.f90.o] Error 1
gmake[2]: Leaving directory '/Users/schun/nektar/build/CMakeFiles/CMakeTmp'
gmake[1]: *** [Makefile:127: cmTC_b64cd/fast] Error 2
gmake[1]: Leaving directory '/Users/schun/nektar/build/CMakeFiles/CMakeTmp'



The MPI test test_mpi for Fortran in mode F08_MODULE failed to compile with the following output:
Change Dir: /Users/schun/nektar/build/CMakeFiles/CMakeTmp

Run Build Command(s):/opt/local/bin/gmake -f Makefile cmTC_138e0/fast && gmake[1]: Entering directory '/Users/schun/nektar/build/CMakeFiles/CMakeTmp'
/opt/local/bin/gmake  -f CMakeFiles/cmTC_138e0.dir/build.make CMakeFiles/cmTC_138e0.dir/build
gmake[2]: Entering directory '/Users/schun/nektar/build/CMakeFiles/CMakeTmp'
Building Fortran object CMakeFiles/cmTC_138e0.dir/test_mpi.f90.o
/opt/homebrew/bin/gfortran  -I/opt/homebrew/Cellar/mpich/4.1/include -I/opt/homebrew/include -isysroot /Applications/Xcode.app/Contents/Developer/Platforms/MacOSX.platform/Developer/SDKs/MacOSX13.1.sdk -fallow-argument-mismatch -c /Users/schun/nektar/build/CMakeFiles/FindMPI/test_mpi.f90 -o CMakeFiles/cmTC_138e0.dir/test_mpi.f90.o
/Users/schun/nektar/build/CMakeFiles/FindMPI/test_mpi.f90:2:11:

    2 |       use mpi_f08
      |           1
Fatal Error: Cannot open module file 'mpi_f08.mod' for reading at (1): No such file or directory
compilation terminated.
gmake[2]: *** [CMakeFiles/cmTC_138e0.dir/build.make:78: CMakeFiles/cmTC_138e0.dir/test_mpi.f90.o] Error 1
gmake[2]: Leaving directory '/Users/schun/nektar/build/CMakeFiles/CMakeTmp'
gmake[1]: *** [Makefile:127: cmTC_138e0/fast] Error 2
gmake[1]: Leaving directory '/Users/schun/nektar/build/CMakeFiles/CMakeTmp'



The MPI test test_mpi for Fortran in mode F08_MODULE failed to compile with the following output:
Change Dir: /Users/schun/nektar/build/CMakeFiles/CMakeTmp

Run Build Command(s):/opt/local/bin/gmake -f Makefile cmTC_edaba/fast && gmake[1]: Entering directory '/Users/schun/nektar/build/CMakeFiles/CMakeTmp'
/opt/local/bin/gmake  -f CMakeFiles/cmTC_edaba.dir/build.make CMakeFiles/cmTC_edaba.dir/build
gmake[2]: Entering directory '/Users/schun/nektar/build/CMakeFiles/CMakeTmp'
Building Fortran object CMakeFiles/cmTC_edaba.dir/test_mpi.f90.o
/opt/homebrew/bin/gfortran  -I/opt/homebrew/Cellar/mpich/4.1/include -I/opt/homebrew/include -isysroot /Applications/Xcode.app/Contents/Developer/Platforms/MacOSX.platform/Developer/SDKs/MacOSX13.1.sdk -fallow-argument-mismatch -c /Users/schun/nektar/build/CMakeFiles/FindMPI/test_mpi.f90 -o CMakeFiles/cmTC_edaba.dir/test_mpi.f90.o
/Users/schun/nektar/build/CMakeFiles/FindMPI/test_mpi.f90:2:11:

    2 |       use mpi_f08
      |           1
Fatal Error: Cannot open module file 'mpi_f08.mod' for reading at (1): No such file or directory
compilation terminated.
gmake[2]: *** [CMakeFiles/cmTC_edaba.dir/build.make:78: CMakeFiles/cmTC_edaba.dir/test_mpi.f90.o] Error 1
gmake[2]: Leaving directory '/Users/schun/nektar/build/CMakeFiles/CMakeTmp'
gmake[1]: *** [Makefile:127: cmTC_edaba/fast] Error 2
gmake[1]: Leaving directory '/Users/schun/nektar/build/CMakeFiles/CMakeTmp'



The MPI test test_mpi for Fortran in mode F08_MODULE failed to compile with the following output:
Change Dir: /Users/schun/nektar/build/CMakeFiles/CMakeTmp

Run Build Command(s):/opt/local/bin/gmake -f Makefile cmTC_7da60/fast && /opt/local/bin/gmake  -f CMakeFiles/cmTC_7da60.dir/build.make CMakeFiles/cmTC_7da60.dir/build
gmake[1]: Entering directory '/Users/schun/nektar/build/CMakeFiles/CMakeTmp'
Building Fortran object CMakeFiles/cmTC_7da60.dir/test_mpi.f90.o
/opt/homebrew/bin/gfortran  -I/opt/homebrew/Cellar/mpich/4.1/include -I/opt/homebrew/include -isysroot /Applications/Xcode.app/Contents/Developer/Platforms/MacOSX.platform/Developer/SDKs/MacOSX13.1.sdk -fallow-argument-mismatch -c /Users/schun/nektar/build/CMakeFiles/FindMPI/test_mpi.f90 -o CMakeFiles/cmTC_7da60.dir/test_mpi.f90.o
/Users/schun/nektar/build/CMakeFiles/FindMPI/test_mpi.f90:2:11:

    2 |       use mpi_f08
      |           1
Fatal Error: Cannot open module file 'mpi_f08.mod' for reading at (1): No such file or directory
compilation terminated.
gmake[1]: *** [CMakeFiles/cmTC_7da60.dir/build.make:78: CMakeFiles/cmTC_7da60.dir/test_mpi.f90.o] Error 1
gmake[1]: Leaving directory '/Users/schun/nektar/build/CMakeFiles/CMakeTmp'
gmake: *** [Makefile:127: cmTC_7da60/fast] Error 2



The MPI test test_mpi for Fortran in mode F08_MODULE failed to compile with the following output:
Change Dir: /Users/schun/nektar/build/CMakeFiles/CMakeTmp

Run Build Command(s):/opt/local/bin/gmake -f Makefile cmTC_c141d/fast && gmake[1]: Entering directory '/Users/schun/nektar/build/CMakeFiles/CMakeTmp'
/opt/local/bin/gmake  -f CMakeFiles/cmTC_c141d.dir/build.make CMakeFiles/cmTC_c141d.dir/build
gmake[2]: Entering directory '/Users/schun/nektar/build/CMakeFiles/CMakeTmp'
Building Fortran object CMakeFiles/cmTC_c141d.dir/test_mpi.f90.o
/opt/homebrew/bin/gfortran  -I/opt/homebrew/Cellar/mpich/4.1/include -I/opt/homebrew/include -isysroot /Applications/Xcode.app/Contents/Developer/Platforms/MacOSX.platform/Developer/SDKs/MacOSX13.1.sdk -fallow-argument-mismatch -c /Users/schun/nektar/build/CMakeFiles/FindMPI/test_mpi.f90 -o CMakeFiles/cmTC_c141d.dir/test_mpi.f90.o
/Users/schun/nektar/build/CMakeFiles/FindMPI/test_mpi.f90:2:11:

    2 |       use mpi_f08
      |           1
Fatal Error: Cannot open module file 'mpi_f08.mod' for reading at (1): No such file or directory
compilation terminated.
gmake[2]: *** [CMakeFiles/cmTC_c141d.dir/build.make:78: CMakeFiles/cmTC_c141d.dir/test_mpi.f90.o] Error 1
gmake[2]: Leaving directory '/Users/schun/nektar/build/CMakeFiles/CMakeTmp'
gmake[1]: *** [Makefile:127: cmTC_c141d/fast] Error 2
gmake[1]: Leaving directory '/Users/schun/nektar/build/CMakeFiles/CMakeTmp'



The MPI test test_mpi for Fortran in mode F08_MODULE failed to compile with the following output:
Change Dir: /Users/schun/nektar/build/CMakeFiles/CMakeTmp

Run Build Command(s):/opt/local/bin/gmake -f Makefile cmTC_5b985/fast && gmake[1]: Entering directory '/Users/schun/nektar/build/CMakeFiles/CMakeTmp'
/opt/local/bin/gmake  -f CMakeFiles/cmTC_5b985.dir/build.make CMakeFiles/cmTC_5b985.dir/build
gmake[2]: Entering directory '/Users/schun/nektar/build/CMakeFiles/CMakeTmp'
Building Fortran object CMakeFiles/cmTC_5b985.dir/test_mpi.f90.o
/opt/homebrew/bin/gfortran  -I/opt/homebrew/Cellar/mpich/4.1/include -I/opt/homebrew/include -isysroot /Applications/Xcode.app/Contents/Developer/Platforms/MacOSX.platform/Developer/SDKs/MacOSX13.1.sdk -fallow-argument-mismatch -c /Users/schun/nektar/build/CMakeFiles/FindMPI/test_mpi.f90 -o CMakeFiles/cmTC_5b985.dir/test_mpi.f90.o
/Users/schun/nektar/build/CMakeFiles/FindMPI/test_mpi.f90:2:11:

    2 |       use mpi_f08
      |           1
Fatal Error: Cannot open module file 'mpi_f08.mod' for reading at (1): No such file or directory
compilation terminated.
gmake[2]: *** [CMakeFiles/cmTC_5b985.dir/build.make:78: CMakeFiles/cmTC_5b985.dir/test_mpi.f90.o] Error 1
gmake[2]: Leaving directory '/Users/schun/nektar/build/CMakeFiles/CMakeTmp'
gmake[1]: *** [Makefile:127: cmTC_5b985/fast] Error 2
gmake[1]: Leaving directory '/Users/schun/nektar/build/CMakeFiles/CMakeTmp'



The MPI test test_mpi for Fortran in mode F08_MODULE failed to compile with the following output:
Change Dir: /Users/schun/nektar/build/CMakeFiles/CMakeTmp

Run Build Command(s):/opt/local/bin/gmake -f Makefile cmTC_4ca45/fast && /opt/local/bin/gmake  -f CMakeFiles/cmTC_4ca45.dir/build.make CMakeFiles/cmTC_4ca45.dir/build
gmake[1]: Entering directory '/Users/schun/nektar/build/CMakeFiles/CMakeTmp'
Building Fortran object CMakeFiles/cmTC_4ca45.dir/test_mpi.f90.o
/opt/homebrew/bin/gfortran  -I/opt/homebrew/Cellar/mpich/4.1/include -I/opt/homebrew/include -isysroot /Applications/Xcode.app/Contents/Developer/Platforms/MacOSX.platform/Developer/SDKs/MacOSX13.1.sdk -fallow-argument-mismatch -c /Users/schun/nektar/build/CMakeFiles/FindMPI/test_mpi.f90 -o CMakeFiles/cmTC_4ca45.dir/test_mpi.f90.o
/Users/schun/nektar/build/CMakeFiles/FindMPI/test_mpi.f90:2:11:

    2 |       use mpi_f08
      |           1
Fatal Error: Cannot open module file 'mpi_f08.mod' for reading at (1): No such file or directory
compilation terminated.
gmake[1]: *** [CMakeFiles/cmTC_4ca45.dir/build.make:78: CMakeFiles/cmTC_4ca45.dir/test_mpi.f90.o] Error 1
gmake[1]: Leaving directory '/Users/schun/nektar/build/CMakeFiles/CMakeTmp'
gmake: *** [Makefile:127: cmTC_4ca45/fast] Error 2



The MPI test test_mpi for Fortran in mode F08_MODULE failed to compile with the following output:
Change Dir: /Users/schun/nektar/build/CMakeFiles/CMakeTmp

Run Build Command(s):/opt/local/bin/gmake -f Makefile cmTC_49228/fast && /opt/local/bin/gmake  -f CMakeFiles/cmTC_49228.dir/build.make CMakeFiles/cmTC_49228.dir/build
gmake[1]: Entering directory '/Users/schun/nektar/build/CMakeFiles/CMakeTmp'
Building Fortran object CMakeFiles/cmTC_49228.dir/test_mpi.f90.o
/opt/homebrew/bin/gfortran  -I/opt/homebrew/Cellar/mpich/4.1/include -I/opt/homebrew/include -isysroot /Applications/Xcode.app/Contents/Developer/Platforms/MacOSX.platform/Developer/SDKs/MacOSX13.1.sdk -fallow-argument-mismatch -c /Users/schun/nektar/build/CMakeFiles/FindMPI/test_mpi.f90 -o CMakeFiles/cmTC_49228.dir/test_mpi.f90.o
/Users/schun/nektar/build/CMakeFiles/FindMPI/test_mpi.f90:2:11:

    2 |       use mpi_f08
      |           1
Fatal Error: Cannot open module file 'mpi_f08.mod' for reading at (1): No such file or directory
compilation terminated.
gmake[1]: *** [CMakeFiles/cmTC_49228.dir/build.make:78: CMakeFiles/cmTC_49228.dir/test_mpi.f90.o] Error 1
gmake[1]: Leaving directory '/Users/schun/nektar/build/CMakeFiles/CMakeTmp'
gmake: *** [Makefile:127: cmTC_49228/fast] Error 2



The MPI test test_mpi for Fortran in mode F08_MODULE failed to compile with the following output:
Change Dir: /Users/schun/nektar/build/CMakeFiles/CMakeTmp

Run Build Command(s):/opt/local/bin/gmake -f Makefile cmTC_571fd/fast && /opt/local/bin/gmake  -f CMakeFiles/cmTC_571fd.dir/build.make CMakeFiles/cmTC_571fd.dir/build
gmake[1]: Entering directory '/Users/schun/nektar/build/CMakeFiles/CMakeTmp'
Building Fortran object CMakeFiles/cmTC_571fd.dir/test_mpi.f90.o
/opt/homebrew/bin/gfortran  -I/opt/homebrew/Cellar/mpich/4.1/include -I/opt/homebrew/include -isysroot /Applications/Xcode.app/Contents/Developer/Platforms/MacOSX.platform/Developer/SDKs/MacOSX13.1.sdk -fallow-argument-mismatch -c /Users/schun/nektar/build/CMakeFiles/FindMPI/test_mpi.f90 -o CMakeFiles/cmTC_571fd.dir/test_mpi.f90.o
/Users/schun/nektar/build/CMakeFiles/FindMPI/test_mpi.f90:2:11:

    2 |       use mpi_f08
      |           1
Fatal Error: Cannot open module file 'mpi_f08.mod' for reading at (1): No such file or directory
compilation terminated.
gmake[1]: *** [CMakeFiles/cmTC_571fd.dir/build.make:78: CMakeFiles/cmTC_571fd.dir/test_mpi.f90.o] Error 1
gmake[1]: Leaving directory '/Users/schun/nektar/build/CMakeFiles/CMakeTmp'
gmake: *** [Makefile:127: cmTC_571fd/fast] Error 2



The MPI test test_mpi for Fortran in mode F08_MODULE failed to compile with the following output:
Change Dir: /Users/schun/nektar/build/CMakeFiles/CMakeTmp

Run Build Command(s):/opt/local/bin/gmake -f Makefile cmTC_56199/fast && gmake[1]: Entering directory '/Users/schun/nektar/build/CMakeFiles/CMakeTmp'
/opt/local/bin/gmake  -f CMakeFiles/cmTC_56199.dir/build.make CMakeFiles/cmTC_56199.dir/build
gmake[2]: Entering directory '/Users/schun/nektar/build/CMakeFiles/CMakeTmp'
Building Fortran object CMakeFiles/cmTC_56199.dir/test_mpi.f90.o
/opt/homebrew/bin/gfortran  -I/opt/homebrew/Cellar/mpich/4.1/include -I/opt/homebrew/include -isysroot /Applications/Xcode.app/Contents/Developer/Platforms/MacOSX.platform/Developer/SDKs/MacOSX13.1.sdk -fallow-argument-mismatch -c /Users/schun/nektar/build/CMakeFiles/FindMPI/test_mpi.f90 -o CMakeFiles/cmTC_56199.dir/test_mpi.f90.o
/Users/schun/nektar/build/CMakeFiles/FindMPI/test_mpi.f90:2:11:

    2 |       use mpi_f08
      |           1
Fatal Error: Cannot open module file 'mpi_f08.mod' for reading at (1): No such file or directory
compilation terminated.
gmake[2]: *** [CMakeFiles/cmTC_56199.dir/build.make:78: CMakeFiles/cmTC_56199.dir/test_mpi.f90.o] Error 1
gmake[2]: Leaving directory '/Users/schun/nektar/build/CMakeFiles/CMakeTmp'
gmake[1]: *** [Makefile:127: cmTC_56199/fast] Error 2
gmake[1]: Leaving directory '/Users/schun/nektar/build/CMakeFiles/CMakeTmp'



The MPI test test_mpi for Fortran in mode F08_MODULE failed to compile with the following output:
Change Dir: /Users/schun/nektar/build/CMakeFiles/CMakeTmp

Run Build Command(s):/opt/local/bin/gmake -f Makefile cmTC_17f6e/fast && gmake[1]: Entering directory '/Users/schun/nektar/build/CMakeFiles/CMakeTmp'
/opt/local/bin/gmake  -f CMakeFiles/cmTC_17f6e.dir/build.make CMakeFiles/cmTC_17f6e.dir/build
gmake[2]: Entering directory '/Users/schun/nektar/build/CMakeFiles/CMakeTmp'
Building Fortran object CMakeFiles/cmTC_17f6e.dir/test_mpi.f90.o
/opt/homebrew/bin/gfortran  -I/opt/homebrew/Cellar/mpich/4.1/include -I/opt/homebrew/include -isysroot /Applications/Xcode.app/Contents/Developer/Platforms/MacOSX.platform/Developer/SDKs/MacOSX13.1.sdk -fallow-argument-mismatch -c /Users/schun/nektar/build/CMakeFiles/FindMPI/test_mpi.f90 -o CMakeFiles/cmTC_17f6e.dir/test_mpi.f90.o
/Users/schun/nektar/build/CMakeFiles/FindMPI/test_mpi.f90:2:11:

    2 |       use mpi_f08
      |           1
Fatal Error: Cannot open module file 'mpi_f08.mod' for reading at (1): No such file or directory
compilation terminated.
gmake[2]: *** [CMakeFiles/cmTC_17f6e.dir/build.make:78: CMakeFiles/cmTC_17f6e.dir/test_mpi.f90.o] Error 1
gmake[2]: Leaving directory '/Users/schun/nektar/build/CMakeFiles/CMakeTmp'
gmake[1]: *** [Makefile:127: cmTC_17f6e/fast] Error 2
gmake[1]: Leaving directory '/Users/schun/nektar/build/CMakeFiles/CMakeTmp'



The MPI test test_mpi for Fortran in mode F08_MODULE failed to compile with the following output:
Change Dir: /Users/schun/nektar/build/CMakeFiles/CMakeTmp

Run Build Command(s):/opt/local/bin/gmake -f Makefile cmTC_e85bc/fast && gmake[1]: Entering directory '/Users/schun/nektar/build/CMakeFiles/CMakeTmp'
/opt/local/bin/gmake  -f CMakeFiles/cmTC_e85bc.dir/build.make CMakeFiles/cmTC_e85bc.dir/build
gmake[2]: Entering directory '/Users/schun/nektar/build/CMakeFiles/CMakeTmp'
Building Fortran object CMakeFiles/cmTC_e85bc.dir/test_mpi.f90.o
/opt/homebrew/bin/gfortran  -I/opt/homebrew/Cellar/mpich/4.1/include -I/opt/homebrew/include -isysroot /Applications/Xcode.app/Contents/Developer/Platforms/MacOSX.platform/Developer/SDKs/MacOSX13.1.sdk -fallow-argument-mismatch -c /Users/schun/nektar/build/CMakeFiles/FindMPI/test_mpi.f90 -o CMakeFiles/cmTC_e85bc.dir/test_mpi.f90.o
/Users/schun/nektar/build/CMakeFiles/FindMPI/test_mpi.f90:2:11:

    2 |       use mpi_f08
      |           1
Fatal Error: Cannot open module file 'mpi_f08.mod' for reading at (1): No such file or directory
compilation terminated.
gmake[2]: *** [CMakeFiles/cmTC_e85bc.dir/build.make:78: CMakeFiles/cmTC_e85bc.dir/test_mpi.f90.o] Error 1
gmake[2]: Leaving directory '/Users/schun/nektar/build/CMakeFiles/CMakeTmp'
gmake[1]: *** [Makefile:127: cmTC_e85bc/fast] Error 2
gmake[1]: Leaving directory '/Users/schun/nektar/build/CMakeFiles/CMakeTmp'



The MPI test test_mpi for Fortran in mode F08_MODULE failed to compile with the following output:
Change Dir: /Users/schun/nektar/build/CMakeFiles/CMakeTmp

Run Build Command(s):/opt/local/bin/gmake -f Makefile cmTC_d827a/fast && gmake[1]: Entering directory '/Users/schun/nektar/build/CMakeFiles/CMakeTmp'
/opt/local/bin/gmake  -f CMakeFiles/cmTC_d827a.dir/build.make CMakeFiles/cmTC_d827a.dir/build
gmake[2]: Entering directory '/Users/schun/nektar/build/CMakeFiles/CMakeTmp'
Building Fortran object CMakeFiles/cmTC_d827a.dir/test_mpi.f90.o
/opt/homebrew/bin/gfortran  -I/opt/homebrew/Cellar/mpich/4.1/include -I/opt/homebrew/include -isysroot /Applications/Xcode.app/Contents/Developer/Platforms/MacOSX.platform/Developer/SDKs/MacOSX13.1.sdk -fallow-argument-mismatch -c /Users/schun/nektar/build/CMakeFiles/FindMPI/test_mpi.f90 -o CMakeFiles/cmTC_d827a.dir/test_mpi.f90.o
/Users/schun/nektar/build/CMakeFiles/FindMPI/test_mpi.f90:2:11:

    2 |       use mpi_f08
      |           1
Fatal Error: Cannot open module file 'mpi_f08.mod' for reading at (1): No such file or directory
compilation terminated.
gmake[2]: *** [CMakeFiles/cmTC_d827a.dir/build.make:78: CMakeFiles/cmTC_d827a.dir/test_mpi.f90.o] Error 1
gmake[2]: Leaving directory '/Users/schun/nektar/build/CMakeFiles/CMakeTmp'
gmake[1]: *** [Makefile:127: cmTC_d827a/fast] Error 2
gmake[1]: Leaving directory '/Users/schun/nektar/build/CMakeFiles/CMakeTmp'



The MPI test test_mpi for Fortran in mode F08_MODULE failed to compile with the following output:
Change Dir: /Users/schun/nektar/build/CMakeFiles/CMakeTmp

Run Build Command(s):/opt/local/bin/gmake -f Makefile cmTC_be52f/fast && gmake[1]: Entering directory '/Users/schun/nektar/build/CMakeFiles/CMakeTmp'
/opt/local/bin/gmake  -f CMakeFiles/cmTC_be52f.dir/build.make CMakeFiles/cmTC_be52f.dir/build
gmake[2]: Entering directory '/Users/schun/nektar/build/CMakeFiles/CMakeTmp'
Building Fortran object CMakeFiles/cmTC_be52f.dir/test_mpi.f90.o
/opt/homebrew/bin/gfortran  -I/opt/homebrew/Cellar/mpich/4.1/include -I/opt/homebrew/include -isysroot /Applications/Xcode.app/Contents/Developer/Platforms/MacOSX.platform/Developer/SDKs/MacOSX13.1.sdk -fallow-argument-mismatch -c /Users/schun/nektar/build/CMakeFiles/FindMPI/test_mpi.f90 -o CMakeFiles/cmTC_be52f.dir/test_mpi.f90.o
/Users/schun/nektar/build/CMakeFiles/FindMPI/test_mpi.f90:2:11:

    2 |       use mpi_f08
      |           1
Fatal Error: Cannot open module file 'mpi_f08.mod' for reading at (1): No such file or directory
compilation terminated.
gmake[2]: *** [CMakeFiles/cmTC_be52f.dir/build.make:78: CMakeFiles/cmTC_be52f.dir/test_mpi.f90.o] Error 1
gmake[2]: Leaving directory '/Users/schun/nektar/build/CMakeFiles/CMakeTmp'
gmake[1]: *** [Makefile:127: cmTC_be52f/fast] Error 2
gmake[1]: Leaving directory '/Users/schun/nektar/build/CMakeFiles/CMakeTmp'



The MPI test test_mpi for Fortran in mode F08_MODULE failed to compile with the following output:
Change Dir: /Users/schun/nektar/build/CMakeFiles/CMakeTmp

Run Build Command(s):/opt/local/bin/gmake -f Makefile cmTC_c3a06/fast && gmake[1]: Entering directory '/Users/schun/nektar/build/CMakeFiles/CMakeTmp'
/opt/local/bin/gmake  -f CMakeFiles/cmTC_c3a06.dir/build.make CMakeFiles/cmTC_c3a06.dir/build
gmake[2]: Entering directory '/Users/schun/nektar/build/CMakeFiles/CMakeTmp'
Building Fortran object CMakeFiles/cmTC_c3a06.dir/test_mpi.f90.o
/opt/homebrew/bin/gfortran  -I/opt/homebrew/Cellar/mpich/4.1/include -I/opt/homebrew/include -isysroot /Applications/Xcode.app/Contents/Developer/Platforms/MacOSX.platform/Developer/SDKs/MacOSX13.1.sdk -fallow-argument-mismatch -c /Users/schun/nektar/build/CMakeFiles/FindMPI/test_mpi.f90 -o CMakeFiles/cmTC_c3a06.dir/test_mpi.f90.o
/Users/schun/nektar/build/CMakeFiles/FindMPI/test_mpi.f90:2:11:

    2 |       use mpi_f08
      |           1
Fatal Error: Cannot open module file 'mpi_f08.mod' for reading at (1): No such file or directory
compilation terminated.
gmake[2]: *** [CMakeFiles/cmTC_c3a06.dir/build.make:78: CMakeFiles/cmTC_c3a06.dir/test_mpi.f90.o] Error 1
gmake[2]: Leaving directory '/Users/schun/nektar/build/CMakeFiles/CMakeTmp'
gmake[1]: *** [Makefile:127: cmTC_c3a06/fast] Error 2
gmake[1]: Leaving directory '/Users/schun/nektar/build/CMakeFiles/CMakeTmp'



The MPI test test_mpi for Fortran in mode F08_MODULE failed to compile with the following output:
Change Dir: /Users/schun/nektar/build/CMakeFiles/CMakeTmp

Run Build Command(s):/opt/local/bin/gmake -f Makefile cmTC_3392b/fast && gmake[1]: Entering directory '/Users/schun/nektar/build/CMakeFiles/CMakeTmp'
/opt/local/bin/gmake  -f CMakeFiles/cmTC_3392b.dir/build.make CMakeFiles/cmTC_3392b.dir/build
gmake[2]: Entering directory '/Users/schun/nektar/build/CMakeFiles/CMakeTmp'
Building Fortran object CMakeFiles/cmTC_3392b.dir/test_mpi.f90.o
/opt/homebrew/bin/gfortran  -I/opt/homebrew/Cellar/mpich/4.1/include -I/opt/homebrew/include -isysroot /Applications/Xcode.app/Contents/Developer/Platforms/MacOSX.platform/Developer/SDKs/MacOSX13.1.sdk -fallow-argument-mismatch -c /Users/schun/nektar/build/CMakeFiles/FindMPI/test_mpi.f90 -o CMakeFiles/cmTC_3392b.dir/test_mpi.f90.o
/Users/schun/nektar/build/CMakeFiles/FindMPI/test_mpi.f90:2:11:

    2 |       use mpi_f08
      |           1
Fatal Error: Cannot open module file 'mpi_f08.mod' for reading at (1): No such file or directory
compilation terminated.
gmake[2]: *** [CMakeFiles/cmTC_3392b.dir/build.make:78: CMakeFiles/cmTC_3392b.dir/test_mpi.f90.o] Error 1
gmake[2]: Leaving directory '/Users/schun/nektar/build/CMakeFiles/CMakeTmp'
gmake[1]: *** [Makefile:127: cmTC_3392b/fast] Error 2
gmake[1]: Leaving directory '/Users/schun/nektar/build/CMakeFiles/CMakeTmp'



The MPI test test_mpi for Fortran in mode F08_MODULE failed to compile with the following output:
Change Dir: /Users/schun/nektar/build/CMakeFiles/CMakeTmp

Run Build Command(s):/opt/local/bin/gmake -f Makefile cmTC_8123e/fast && gmake[1]: Entering directory '/Users/schun/nektar/build/CMakeFiles/CMakeTmp'
/opt/local/bin/gmake  -f CMakeFiles/cmTC_8123e.dir/build.make CMakeFiles/cmTC_8123e.dir/build
gmake[2]: Entering directory '/Users/schun/nektar/build/CMakeFiles/CMakeTmp'
Building Fortran object CMakeFiles/cmTC_8123e.dir/test_mpi.f90.o
/opt/homebrew/bin/gfortran  -I/opt/homebrew/Cellar/mpich/4.1/include -I/opt/homebrew/include -isysroot /Applications/Xcode.app/Contents/Developer/Platforms/MacOSX.platform/Developer/SDKs/MacOSX13.1.sdk -fallow-argument-mismatch -c /Users/schun/nektar/build/CMakeFiles/FindMPI/test_mpi.f90 -o CMakeFiles/cmTC_8123e.dir/test_mpi.f90.o
/Users/schun/nektar/build/CMakeFiles/FindMPI/test_mpi.f90:2:11:

    2 |       use mpi_f08
      |           1
Fatal Error: Cannot open module file 'mpi_f08.mod' for reading at (1): No such file or directory
compilation terminated.
gmake[2]: *** [CMakeFiles/cmTC_8123e.dir/build.make:78: CMakeFiles/cmTC_8123e.dir/test_mpi.f90.o] Error 1
gmake[2]: Leaving directory '/Users/schun/nektar/build/CMakeFiles/CMakeTmp'
gmake[1]: *** [Makefile:127: cmTC_8123e/fast] Error 2
gmake[1]: Leaving directory '/Users/schun/nektar/build/CMakeFiles/CMakeTmp'



The MPI test test_mpi for Fortran in mode F08_MODULE failed to compile with the following output:
Change Dir: /Users/schun/nektar/build/CMakeFiles/CMakeTmp

Run Build Command(s):/opt/local/bin/gmake -f Makefile cmTC_36d83/fast && gmake[1]: Entering directory '/Users/schun/nektar/build/CMakeFiles/CMakeTmp'
/opt/local/bin/gmake  -f CMakeFiles/cmTC_36d83.dir/build.make CMakeFiles/cmTC_36d83.dir/build
gmake[2]: Entering directory '/Users/schun/nektar/build/CMakeFiles/CMakeTmp'
Building Fortran object CMakeFiles/cmTC_36d83.dir/test_mpi.f90.o
/opt/homebrew/bin/gfortran  -I/opt/homebrew/Cellar/mpich/4.1/include -I/opt/homebrew/include -isysroot /Applications/Xcode.app/Contents/Developer/Platforms/MacOSX.platform/Developer/SDKs/MacOSX13.1.sdk -fallow-argument-mismatch -c /Users/schun/nektar/build/CMakeFiles/FindMPI/test_mpi.f90 -o CMakeFiles/cmTC_36d83.dir/test_mpi.f90.o
/Users/schun/nektar/build/CMakeFiles/FindMPI/test_mpi.f90:2:11:

    2 |       use mpi_f08
      |           1
Fatal Error: Cannot open module file 'mpi_f08.mod' for reading at (1): No such file or directory
compilation terminated.
gmake[2]: *** [CMakeFiles/cmTC_36d83.dir/build.make:78: CMakeFiles/cmTC_36d83.dir/test_mpi.f90.o] Error 1
gmake[2]: Leaving directory '/Users/schun/nektar/build/CMakeFiles/CMakeTmp'
gmake[1]: *** [Makefile:127: cmTC_36d83/fast] Error 2
gmake[1]: Leaving directory '/Users/schun/nektar/build/CMakeFiles/CMakeTmp'



The MPI test test_mpi for Fortran in mode F08_MODULE failed to compile with the following output:
Change Dir: /Users/schun/nektar/build/CMakeFiles/CMakeTmp

Run Build Command(s):/opt/local/bin/gmake -f Makefile cmTC_ed4a8/fast && gmake[1]: Entering directory '/Users/schun/nektar/build/CMakeFiles/CMakeTmp'
/opt/local/bin/gmake  -f CMakeFiles/cmTC_ed4a8.dir/build.make CMakeFiles/cmTC_ed4a8.dir/build
gmake[2]: Entering directory '/Users/schun/nektar/build/CMakeFiles/CMakeTmp'
Building Fortran object CMakeFiles/cmTC_ed4a8.dir/test_mpi.f90.o
/opt/homebrew/bin/gfortran  -I/opt/homebrew/Cellar/mpich/4.1/include -I/opt/homebrew/include -isysroot /Applications/Xcode.app/Contents/Developer/Platforms/MacOSX.platform/Developer/SDKs/MacOSX13.1.sdk -fallow-argument-mismatch -c /Users/schun/nektar/build/CMakeFiles/FindMPI/test_mpi.f90 -o CMakeFiles/cmTC_ed4a8.dir/test_mpi.f90.o
/Users/schun/nektar/build/CMakeFiles/FindMPI/test_mpi.f90:2:11:

    2 |       use mpi_f08
      |           1
Fatal Error: Cannot open module file 'mpi_f08.mod' for reading at (1): No such file or directory
compilation terminated.
gmake[2]: *** [CMakeFiles/cmTC_ed4a8.dir/build.make:78: CMakeFiles/cmTC_ed4a8.dir/test_mpi.f90.o] Error 1
gmake[2]: Leaving directory '/Users/schun/nektar/build/CMakeFiles/CMakeTmp'
gmake[1]: *** [Makefile:127: cmTC_ed4a8/fast] Error 2
gmake[1]: Leaving directory '/Users/schun/nektar/build/CMakeFiles/CMakeTmp'



The MPI test test_mpi for Fortran in mode F08_MODULE failed to compile with the following output:
Change Dir: /Users/schun/nektar/build/CMakeFiles/CMakeTmp

Run Build Command(s):/opt/local/bin/gmake -f Makefile cmTC_fe818/fast && gmake[1]: Entering directory '/Users/schun/nektar/build/CMakeFiles/CMakeTmp'
/opt/local/bin/gmake  -f CMakeFiles/cmTC_fe818.dir/build.make CMakeFiles/cmTC_fe818.dir/build
gmake[2]: Entering directory '/Users/schun/nektar/build/CMakeFiles/CMakeTmp'
Building Fortran object CMakeFiles/cmTC_fe818.dir/test_mpi.f90.o
/opt/homebrew/bin/gfortran  -I/opt/homebrew/Cellar/mpich/4.1/include -I/opt/homebrew/include -isysroot /Applications/Xcode.app/Contents/Developer/Platforms/MacOSX.platform/Developer/SDKs/MacOSX13.1.sdk -fallow-argument-mismatch -c /Users/schun/nektar/build/CMakeFiles/FindMPI/test_mpi.f90 -o CMakeFiles/cmTC_fe818.dir/test_mpi.f90.o
/Users/schun/nektar/build/CMakeFiles/FindMPI/test_mpi.f90:2:11:

    2 |       use mpi_f08
      |           1
Fatal Error: Cannot open module file 'mpi_f08.mod' for reading at (1): No such file or directory
compilation terminated.
gmake[2]: *** [CMakeFiles/cmTC_fe818.dir/build.make:78: CMakeFiles/cmTC_fe818.dir/test_mpi.f90.o] Error 1
gmake[2]: Leaving directory '/Users/schun/nektar/build/CMakeFiles/CMakeTmp'
gmake[1]: *** [Makefile:127: cmTC_fe818/fast] Error 2
gmake[1]: Leaving directory '/Users/schun/nektar/build/CMakeFiles/CMakeTmp'



The MPI test test_mpi for Fortran in mode F08_MODULE failed to compile with the following output:
Change Dir: /Users/schun/nektar/build/CMakeFiles/CMakeTmp

Run Build Command(s):/opt/local/bin/gmake -f Makefile cmTC_b9c5c/fast && gmake[1]: Entering directory '/Users/schun/nektar/build/CMakeFiles/CMakeTmp'
/opt/local/bin/gmake  -f CMakeFiles/cmTC_b9c5c.dir/build.make CMakeFiles/cmTC_b9c5c.dir/build
gmake[2]: Entering directory '/Users/schun/nektar/build/CMakeFiles/CMakeTmp'
Building Fortran object CMakeFiles/cmTC_b9c5c.dir/test_mpi.f90.o
/opt/homebrew/bin/gfortran  -I/opt/homebrew/Cellar/mpich/4.1/include -I/opt/homebrew/include -isysroot /Applications/Xcode.app/Contents/Developer/Platforms/MacOSX.platform/Developer/SDKs/MacOSX13.1.sdk -fallow-argument-mismatch -c /Users/schun/nektar/build/CMakeFiles/FindMPI/test_mpi.f90 -o CMakeFiles/cmTC_b9c5c.dir/test_mpi.f90.o
/Users/schun/nektar/build/CMakeFiles/FindMPI/test_mpi.f90:2:11:

    2 |       use mpi_f08
      |           1
Fatal Error: Cannot open module file 'mpi_f08.mod' for reading at (1): No such file or directory
compilation terminated.
gmake[2]: *** [CMakeFiles/cmTC_b9c5c.dir/build.make:78: CMakeFiles/cmTC_b9c5c.dir/test_mpi.f90.o] Error 1
gmake[2]: Leaving directory '/Users/schun/nektar/build/CMakeFiles/CMakeTmp'
gmake[1]: *** [Makefile:127: cmTC_b9c5c/fast] Error 2
gmake[1]: Leaving directory '/Users/schun/nektar/build/CMakeFiles/CMakeTmp'



The MPI test test_mpi for Fortran in mode F08_MODULE failed to compile with the following output:
Change Dir: /Users/schun/nektar/build/CMakeFiles/CMakeTmp

Run Build Command(s):/opt/local/bin/gmake -f Makefile cmTC_11ca5/fast && gmake[1]: Entering directory '/Users/schun/nektar/build/CMakeFiles/CMakeTmp'
/opt/local/bin/gmake  -f CMakeFiles/cmTC_11ca5.dir/build.make CMakeFiles/cmTC_11ca5.dir/build
gmake[2]: Entering directory '/Users/schun/nektar/build/CMakeFiles/CMakeTmp'
Building Fortran object CMakeFiles/cmTC_11ca5.dir/test_mpi.f90.o
/opt/homebrew/bin/gfortran  -I/opt/homebrew/Cellar/mpich/4.1/include -I/opt/homebrew/include -isysroot /Applications/Xcode.app/Contents/Developer/Platforms/MacOSX.platform/Developer/SDKs/MacOSX13.1.sdk -fallow-argument-mismatch -c /Users/schun/nektar/build/CMakeFiles/FindMPI/test_mpi.f90 -o CMakeFiles/cmTC_11ca5.dir/test_mpi.f90.o
/Users/schun/nektar/build/CMakeFiles/FindMPI/test_mpi.f90:2:11:

    2 |       use mpi_f08
      |           1
Fatal Error: Cannot open module file 'mpi_f08.mod' for reading at (1): No such file or directory
compilation terminated.
gmake[2]: *** [CMakeFiles/cmTC_11ca5.dir/build.make:78: CMakeFiles/cmTC_11ca5.dir/test_mpi.f90.o] Error 1
gmake[2]: Leaving directory '/Users/schun/nektar/build/CMakeFiles/CMakeTmp'
gmake[1]: *** [Makefile:127: cmTC_11ca5/fast] Error 2
gmake[1]: Leaving directory '/Users/schun/nektar/build/CMakeFiles/CMakeTmp'



The MPI test test_mpi for Fortran in mode F08_MODULE failed to compile with the following output:
Change Dir: /Users/schun/nektar/build/CMakeFiles/CMakeTmp

Run Build Command(s):/opt/local/bin/gmake -f Makefile cmTC_1fa13/fast && gmake[1]: Entering directory '/Users/schun/nektar/build/CMakeFiles/CMakeTmp'
/opt/local/bin/gmake  -f CMakeFiles/cmTC_1fa13.dir/build.make CMakeFiles/cmTC_1fa13.dir/build
gmake[2]: Entering directory '/Users/schun/nektar/build/CMakeFiles/CMakeTmp'
Building Fortran object CMakeFiles/cmTC_1fa13.dir/test_mpi.f90.o
/opt/homebrew/bin/gfortran  -I/opt/homebrew/Cellar/mpich/4.1/include -I/opt/homebrew/include -isysroot /Applications/Xcode.app/Contents/Developer/Platforms/MacOSX.platform/Developer/SDKs/MacOSX13.1.sdk -fallow-argument-mismatch -c /Users/schun/nektar/build/CMakeFiles/FindMPI/test_mpi.f90 -o CMakeFiles/cmTC_1fa13.dir/test_mpi.f90.o
/Users/schun/nektar/build/CMakeFiles/FindMPI/test_mpi.f90:2:11:

    2 |       use mpi_f08
      |           1
Fatal Error: Cannot open module file 'mpi_f08.mod' for reading at (1): No such file or directory
compilation terminated.
gmake[2]: *** [CMakeFiles/cmTC_1fa13.dir/build.make:78: CMakeFiles/cmTC_1fa13.dir/test_mpi.f90.o] Error 1
gmake[2]: Leaving directory '/Users/schun/nektar/build/CMakeFiles/CMakeTmp'
gmake[1]: *** [Makefile:127: cmTC_1fa13/fast] Error 2
gmake[1]: Leaving directory '/Users/schun/nektar/build/CMakeFiles/CMakeTmp'



The MPI test test_mpi for Fortran in mode F08_MODULE failed to compile with the following output:
Change Dir: /Users/schun/nektar/build/CMakeFiles/CMakeTmp

Run Build Command(s):/opt/local/bin/gmake -f Makefile cmTC_35949/fast && gmake[1]: Entering directory '/Users/schun/nektar/build/CMakeFiles/CMakeTmp'
/opt/local/bin/gmake  -f CMakeFiles/cmTC_35949.dir/build.make CMakeFiles/cmTC_35949.dir/build
gmake[2]: Entering directory '/Users/schun/nektar/build/CMakeFiles/CMakeTmp'
Building Fortran object CMakeFiles/cmTC_35949.dir/test_mpi.f90.o
/opt/homebrew/bin/gfortran  -I/opt/homebrew/Cellar/mpich/4.1/include -I/opt/homebrew/include -isysroot /Applications/Xcode.app/Contents/Developer/Platforms/MacOSX.platform/Developer/SDKs/MacOSX13.1.sdk -fallow-argument-mismatch -c /Users/schun/nektar/build/CMakeFiles/FindMPI/test_mpi.f90 -o CMakeFiles/cmTC_35949.dir/test_mpi.f90.o
/Users/schun/nektar/build/CMakeFiles/FindMPI/test_mpi.f90:2:11:

    2 |       use mpi_f08
      |           1
Fatal Error: Cannot open module file 'mpi_f08.mod' for reading at (1): No such file or directory
compilation terminated.
gmake[2]: *** [CMakeFiles/cmTC_35949.dir/build.make:78: CMakeFiles/cmTC_35949.dir/test_mpi.f90.o] Error 1
gmake[2]: Leaving directory '/Users/schun/nektar/build/CMakeFiles/CMakeTmp'
gmake[1]: *** [Makefile:127: cmTC_35949/fast] Error 2
gmake[1]: Leaving directory '/Users/schun/nektar/build/CMakeFiles/CMakeTmp'



The MPI test test_mpi for Fortran in mode F08_MODULE failed to compile with the following output:
Change Dir: /Users/schun/nektar/build/CMakeFiles/CMakeTmp

Run Build Command(s):/opt/local/bin/gmake -f Makefile cmTC_6190b/fast && gmake[1]: Entering directory '/Users/schun/nektar/build/CMakeFiles/CMakeTmp'
/opt/local/bin/gmake  -f CMakeFiles/cmTC_6190b.dir/build.make CMakeFiles/cmTC_6190b.dir/build
gmake[2]: Entering directory '/Users/schun/nektar/build/CMakeFiles/CMakeTmp'
Building Fortran object CMakeFiles/cmTC_6190b.dir/test_mpi.f90.o
/opt/homebrew/bin/gfortran  -I/opt/homebrew/Cellar/mpich/4.1/include -I/opt/homebrew/include -isysroot /Applications/Xcode.app/Contents/Developer/Platforms/MacOSX.platform/Developer/SDKs/MacOSX13.1.sdk -fallow-argument-mismatch -c /Users/schun/nektar/build/CMakeFiles/FindMPI/test_mpi.f90 -o CMakeFiles/cmTC_6190b.dir/test_mpi.f90.o
/Users/schun/nektar/build/CMakeFiles/FindMPI/test_mpi.f90:2:11:

    2 |       use mpi_f08
      |           1
Fatal Error: Cannot open module file 'mpi_f08.mod' for reading at (1): No such file or directory
compilation terminated.
gmake[2]: *** [CMakeFiles/cmTC_6190b.dir/build.make:78: CMakeFiles/cmTC_6190b.dir/test_mpi.f90.o] Error 1
gmake[2]: Leaving directory '/Users/schun/nektar/build/CMakeFiles/CMakeTmp'
gmake[1]: *** [Makefile:127: cmTC_6190b/fast] Error 2
gmake[1]: Leaving directory '/Users/schun/nektar/build/CMakeFiles/CMakeTmp'



The MPI test test_mpi for Fortran in mode F08_MODULE failed to compile with the following output:
Change Dir: /Users/schun/nektar/build/CMakeFiles/CMakeTmp

Run Build Command(s):/opt/local/bin/gmake -f Makefile cmTC_fb044/fast && gmake[1]: Entering directory '/Users/schun/nektar/build/CMakeFiles/CMakeTmp'
/opt/local/bin/gmake  -f CMakeFiles/cmTC_fb044.dir/build.make CMakeFiles/cmTC_fb044.dir/build
gmake[2]: Entering directory '/Users/schun/nektar/build/CMakeFiles/CMakeTmp'
Building Fortran object CMakeFiles/cmTC_fb044.dir/test_mpi.f90.o
/opt/homebrew/bin/gfortran  -I/opt/homebrew/Cellar/mpich/4.1/include -I/opt/homebrew/include -isysroot /Applications/Xcode.app/Contents/Developer/Platforms/MacOSX.platform/Developer/SDKs/MacOSX13.1.sdk -fallow-argument-mismatch -c /Users/schun/nektar/build/CMakeFiles/FindMPI/test_mpi.f90 -o CMakeFiles/cmTC_fb044.dir/test_mpi.f90.o
/Users/schun/nektar/build/CMakeFiles/FindMPI/test_mpi.f90:2:11:

    2 |       use mpi_f08
      |           1
Fatal Error: Cannot open module file 'mpi_f08.mod' for reading at (1): No such file or directory
compilation terminated.
gmake[2]: *** [CMakeFiles/cmTC_fb044.dir/build.make:78: CMakeFiles/cmTC_fb044.dir/test_mpi.f90.o] Error 1
gmake[2]: Leaving directory '/Users/schun/nektar/build/CMakeFiles/CMakeTmp'
gmake[1]: *** [Makefile:127: cmTC_fb044/fast] Error 2
gmake[1]: Leaving directory '/Users/schun/nektar/build/CMakeFiles/CMakeTmp'



The MPI test test_mpi for Fortran in mode F08_MODULE failed to compile with the following output:
Change Dir: /Users/schun/nektar/build/CMakeFiles/CMakeTmp

Run Build Command(s):/opt/local/bin/gmake -f Makefile cmTC_46e36/fast && gmake[1]: Entering directory '/Users/schun/nektar/build/CMakeFiles/CMakeTmp'
/opt/local/bin/gmake  -f CMakeFiles/cmTC_46e36.dir/build.make CMakeFiles/cmTC_46e36.dir/build
gmake[2]: Entering directory '/Users/schun/nektar/build/CMakeFiles/CMakeTmp'
Building Fortran object CMakeFiles/cmTC_46e36.dir/test_mpi.f90.o
/opt/homebrew/bin/gfortran  -I/opt/homebrew/Cellar/mpich/4.1/include -I/opt/homebrew/include -isysroot /Applications/Xcode.app/Contents/Developer/Platforms/MacOSX.platform/Developer/SDKs/MacOSX13.1.sdk -fallow-argument-mismatch -c /Users/schun/nektar/build/CMakeFiles/FindMPI/test_mpi.f90 -o CMakeFiles/cmTC_46e36.dir/test_mpi.f90.o
/Users/schun/nektar/build/CMakeFiles/FindMPI/test_mpi.f90:2:11:

    2 |       use mpi_f08
      |           1
Fatal Error: Cannot open module file 'mpi_f08.mod' for reading at (1): No such file or directory
compilation terminated.
gmake[2]: *** [CMakeFiles/cmTC_46e36.dir/build.make:78: CMakeFiles/cmTC_46e36.dir/test_mpi.f90.o] Error 1
gmake[2]: Leaving directory '/Users/schun/nektar/build/CMakeFiles/CMakeTmp'
gmake[1]: *** [Makefile:127: cmTC_46e36/fast] Error 2
gmake[1]: Leaving directory '/Users/schun/nektar/build/CMakeFiles/CMakeTmp'



The MPI test test_mpi for Fortran in mode F08_MODULE failed to compile with the following output:
Change Dir: /Users/schun/nektar/build/CMakeFiles/CMakeTmp

Run Build Command(s):/opt/local/bin/gmake -f Makefile cmTC_3f40e/fast && gmake[1]: Entering directory '/Users/schun/nektar/build/CMakeFiles/CMakeTmp'
/opt/local/bin/gmake  -f CMakeFiles/cmTC_3f40e.dir/build.make CMakeFiles/cmTC_3f40e.dir/build
gmake[2]: Entering directory '/Users/schun/nektar/build/CMakeFiles/CMakeTmp'
Building Fortran object CMakeFiles/cmTC_3f40e.dir/test_mpi.f90.o
/opt/homebrew/bin/gfortran  -I/opt/homebrew/Cellar/mpich/4.1/include -I/opt/homebrew/include -isysroot /Applications/Xcode.app/Contents/Developer/Platforms/MacOSX.platform/Developer/SDKs/MacOSX13.1.sdk -fallow-argument-mismatch -c /Users/schun/nektar/build/CMakeFiles/FindMPI/test_mpi.f90 -o CMakeFiles/cmTC_3f40e.dir/test_mpi.f90.o
/Users/schun/nektar/build/CMakeFiles/FindMPI/test_mpi.f90:2:11:

    2 |       use mpi_f08
      |           1
Fatal Error: Cannot open module file 'mpi_f08.mod' for reading at (1): No such file or directory
compilation terminated.
gmake[2]: *** [CMakeFiles/cmTC_3f40e.dir/build.make:78: CMakeFiles/cmTC_3f40e.dir/test_mpi.f90.o] Error 1
gmake[2]: Leaving directory '/Users/schun/nektar/build/CMakeFiles/CMakeTmp'
gmake[1]: *** [Makefile:127: cmTC_3f40e/fast] Error 2
gmake[1]: Leaving directory '/Users/schun/nektar/build/CMakeFiles/CMakeTmp'



The MPI test test_mpi for Fortran in mode F08_MODULE failed to compile with the following output:
Change Dir: /Users/schun/nektar/build/CMakeFiles/CMakeTmp

Run Build Command(s):/opt/local/bin/gmake -f Makefile cmTC_a242f/fast && gmake[1]: Entering directory '/Users/schun/nektar/build/CMakeFiles/CMakeTmp'
/opt/local/bin/gmake  -f CMakeFiles/cmTC_a242f.dir/build.make CMakeFiles/cmTC_a242f.dir/build
gmake[2]: Entering directory '/Users/schun/nektar/build/CMakeFiles/CMakeTmp'
Building Fortran object CMakeFiles/cmTC_a242f.dir/test_mpi.f90.o
/opt/homebrew/bin/gfortran  -I/opt/homebrew/Cellar/mpich/4.1/include -I/opt/homebrew/include -isysroot /Applications/Xcode.app/Contents/Developer/Platforms/MacOSX.platform/Developer/SDKs/MacOSX13.1.sdk -fallow-argument-mismatch -c /Users/schun/nektar/build/CMakeFiles/FindMPI/test_mpi.f90 -o CMakeFiles/cmTC_a242f.dir/test_mpi.f90.o
/Users/schun/nektar/build/CMakeFiles/FindMPI/test_mpi.f90:2:11:

    2 |       use mpi_f08
      |           1
Fatal Error: Cannot open module file 'mpi_f08.mod' for reading at (1): No such file or directory
compilation terminated.
gmake[2]: *** [CMakeFiles/cmTC_a242f.dir/build.make:78: CMakeFiles/cmTC_a242f.dir/test_mpi.f90.o] Error 1
gmake[2]: Leaving directory '/Users/schun/nektar/build/CMakeFiles/CMakeTmp'
gmake[1]: *** [Makefile:127: cmTC_a242f/fast] Error 2
gmake[1]: Leaving directory '/Users/schun/nektar/build/CMakeFiles/CMakeTmp'



The MPI test test_mpi for Fortran in mode F08_MODULE failed to compile with the following output:
Change Dir: /Users/schun/nektar/build/CMakeFiles/CMakeTmp

Run Build Command(s):/opt/local/bin/gmake -f Makefile cmTC_e7565/fast && gmake[1]: Entering directory '/Users/schun/nektar/build/CMakeFiles/CMakeTmp'
/opt/local/bin/gmake  -f CMakeFiles/cmTC_e7565.dir/build.make CMakeFiles/cmTC_e7565.dir/build
gmake[2]: Entering directory '/Users/schun/nektar/build/CMakeFiles/CMakeTmp'
Building Fortran object CMakeFiles/cmTC_e7565.dir/test_mpi.f90.o
/opt/homebrew/bin/gfortran  -I/opt/homebrew/Cellar/mpich/4.1/include -I/opt/homebrew/include -isysroot /Applications/Xcode.app/Contents/Developer/Platforms/MacOSX.platform/Developer/SDKs/MacOSX13.1.sdk -fallow-argument-mismatch -c /Users/schun/nektar/build/CMakeFiles/FindMPI/test_mpi.f90 -o CMakeFiles/cmTC_e7565.dir/test_mpi.f90.o
/Users/schun/nektar/build/CMakeFiles/FindMPI/test_mpi.f90:2:11:

    2 |       use mpi_f08
      |           1
Fatal Error: Cannot open module file 'mpi_f08.mod' for reading at (1): No such file or directory
compilation terminated.
gmake[2]: *** [CMakeFiles/cmTC_e7565.dir/build.make:78: CMakeFiles/cmTC_e7565.dir/test_mpi.f90.o] Error 1
gmake[2]: Leaving directory '/Users/schun/nektar/build/CMakeFiles/CMakeTmp'
gmake[1]: *** [Makefile:127: cmTC_e7565/fast] Error 2
gmake[1]: Leaving directory '/Users/schun/nektar/build/CMakeFiles/CMakeTmp'



The MPI test test_mpi for Fortran in mode F08_MODULE failed to compile with the following output:
Change Dir: /Users/schun/nektar/build/CMakeFiles/CMakeTmp

Run Build Command(s):/opt/local/bin/gmake -f Makefile cmTC_d4a38/fast && gmake[1]: Entering directory '/Users/schun/nektar/build/CMakeFiles/CMakeTmp'
/opt/local/bin/gmake  -f CMakeFiles/cmTC_d4a38.dir/build.make CMakeFiles/cmTC_d4a38.dir/build
gmake[2]: Entering directory '/Users/schun/nektar/build/CMakeFiles/CMakeTmp'
Building Fortran object CMakeFiles/cmTC_d4a38.dir/test_mpi.f90.o
/opt/homebrew/bin/gfortran  -I/opt/homebrew/Cellar/mpich/4.1/include -I/opt/homebrew/include -isysroot /Applications/Xcode.app/Contents/Developer/Platforms/MacOSX.platform/Developer/SDKs/MacOSX13.1.sdk -fallow-argument-mismatch -c /Users/schun/nektar/build/CMakeFiles/FindMPI/test_mpi.f90 -o CMakeFiles/cmTC_d4a38.dir/test_mpi.f90.o
/Users/schun/nektar/build/CMakeFiles/FindMPI/test_mpi.f90:2:11:

    2 |       use mpi_f08
      |           1
Fatal Error: Cannot open module file 'mpi_f08.mod' for reading at (1): No such file or directory
compilation terminated.
gmake[2]: *** [CMakeFiles/cmTC_d4a38.dir/build.make:78: CMakeFiles/cmTC_d4a38.dir/test_mpi.f90.o] Error 1
gmake[2]: Leaving directory '/Users/schun/nektar/build/CMakeFiles/CMakeTmp'
gmake[1]: *** [Makefile:127: cmTC_d4a38/fast] Error 2
gmake[1]: Leaving directory '/Users/schun/nektar/build/CMakeFiles/CMakeTmp'



The MPI test test_mpi for Fortran in mode F08_MODULE failed to compile with the following output:
Change Dir: /Users/schun/nektar/build/CMakeFiles/CMakeTmp

Run Build Command(s):/opt/local/bin/gmake -f Makefile cmTC_12361/fast && gmake[1]: Entering directory '/Users/schun/nektar/build/CMakeFiles/CMakeTmp'
/opt/local/bin/gmake  -f CMakeFiles/cmTC_12361.dir/build.make CMakeFiles/cmTC_12361.dir/build
gmake[2]: Entering directory '/Users/schun/nektar/build/CMakeFiles/CMakeTmp'
Building Fortran object CMakeFiles/cmTC_12361.dir/test_mpi.f90.o
/opt/homebrew/bin/gfortran  -I/opt/homebrew/Cellar/mpich/4.1/include -I/opt/homebrew/include -isysroot /Applications/Xcode.app/Contents/Developer/Platforms/MacOSX.platform/Developer/SDKs/MacOSX13.1.sdk -fallow-argument-mismatch -c /Users/schun/nektar/build/CMakeFiles/FindMPI/test_mpi.f90 -o CMakeFiles/cmTC_12361.dir/test_mpi.f90.o
/Users/schun/nektar/build/CMakeFiles/FindMPI/test_mpi.f90:2:11:

    2 |       use mpi_f08
      |           1
Fatal Error: Cannot open module file 'mpi_f08.mod' for reading at (1): No such file or directory
compilation terminated.
gmake[2]: *** [CMakeFiles/cmTC_12361.dir/build.make:78: CMakeFiles/cmTC_12361.dir/test_mpi.f90.o] Error 1
gmake[2]: Leaving directory '/Users/schun/nektar/build/CMakeFiles/CMakeTmp'
gmake[1]: *** [Makefile:127: cmTC_12361/fast] Error 2
gmake[1]: Leaving directory '/Users/schun/nektar/build/CMakeFiles/CMakeTmp'



The MPI test test_mpi for Fortran in mode F08_MODULE failed to compile with the following output:
Change Dir: /Users/schun/nektar/build/CMakeFiles/CMakeTmp

Run Build Command(s):/opt/local/bin/gmake -f Makefile cmTC_8f3b8/fast && gmake[1]: Entering directory '/Users/schun/nektar/build/CMakeFiles/CMakeTmp'
/opt/local/bin/gmake  -f CMakeFiles/cmTC_8f3b8.dir/build.make CMakeFiles/cmTC_8f3b8.dir/build
gmake[2]: Entering directory '/Users/schun/nektar/build/CMakeFiles/CMakeTmp'
Building Fortran object CMakeFiles/cmTC_8f3b8.dir/test_mpi.f90.o
/opt/homebrew/bin/gfortran  -I/opt/homebrew/Cellar/mpich/4.1/include -I/opt/homebrew/include -isysroot /Applications/Xcode.app/Contents/Developer/Platforms/MacOSX.platform/Developer/SDKs/MacOSX13.1.sdk -fallow-argument-mismatch -c /Users/schun/nektar/build/CMakeFiles/FindMPI/test_mpi.f90 -o CMakeFiles/cmTC_8f3b8.dir/test_mpi.f90.o
/Users/schun/nektar/build/CMakeFiles/FindMPI/test_mpi.f90:2:11:

    2 |       use mpi_f08
      |           1
Fatal Error: Cannot open module file 'mpi_f08.mod' for reading at (1): No such file or directory
compilation terminated.
gmake[2]: *** [CMakeFiles/cmTC_8f3b8.dir/build.make:78: CMakeFiles/cmTC_8f3b8.dir/test_mpi.f90.o] Error 1
gmake[2]: Leaving directory '/Users/schun/nektar/build/CMakeFiles/CMakeTmp'
gmake[1]: *** [Makefile:127: cmTC_8f3b8/fast] Error 2
gmake[1]: Leaving directory '/Users/schun/nektar/build/CMakeFiles/CMakeTmp'



The MPI test test_mpi for Fortran in mode F08_MODULE failed to compile with the following output:
Change Dir: /Users/schun/nektar/build/CMakeFiles/CMakeTmp

Run Build Command(s):/opt/local/bin/gmake -f Makefile cmTC_66bd6/fast && gmake[1]: Entering directory '/Users/schun/nektar/build/CMakeFiles/CMakeTmp'
/opt/local/bin/gmake  -f CMakeFiles/cmTC_66bd6.dir/build.make CMakeFiles/cmTC_66bd6.dir/build
gmake[2]: Entering directory '/Users/schun/nektar/build/CMakeFiles/CMakeTmp'
Building Fortran object CMakeFiles/cmTC_66bd6.dir/test_mpi.f90.o
/opt/homebrew/bin/gfortran  -I/opt/homebrew/Cellar/mpich/4.1/include -I/opt/homebrew/include -isysroot /Applications/Xcode.app/Contents/Developer/Platforms/MacOSX.platform/Developer/SDKs/MacOSX13.1.sdk -fallow-argument-mismatch -c /Users/schun/nektar/build/CMakeFiles/FindMPI/test_mpi.f90 -o CMakeFiles/cmTC_66bd6.dir/test_mpi.f90.o
/Users/schun/nektar/build/CMakeFiles/FindMPI/test_mpi.f90:2:11:

    2 |       use mpi_f08
      |           1
Fatal Error: Cannot open module file 'mpi_f08.mod' for reading at (1): No such file or directory
compilation terminated.
gmake[2]: *** [CMakeFiles/cmTC_66bd6.dir/build.make:78: CMakeFiles/cmTC_66bd6.dir/test_mpi.f90.o] Error 1
gmake[2]: Leaving directory '/Users/schun/nektar/build/CMakeFiles/CMakeTmp'
gmake[1]: *** [Makefile:127: cmTC_66bd6/fast] Error 2
gmake[1]: Leaving directory '/Users/schun/nektar/build/CMakeFiles/CMakeTmp'



The MPI test test_mpi for Fortran in mode F08_MODULE failed to compile with the following output:
Change Dir: /Users/schun/nektar/build/CMakeFiles/CMakeTmp

Run Build Command(s):/opt/local/bin/gmake -f Makefile cmTC_74608/fast && gmake[1]: Entering directory '/Users/schun/nektar/build/CMakeFiles/CMakeTmp'
/opt/local/bin/gmake  -f CMakeFiles/cmTC_74608.dir/build.make CMakeFiles/cmTC_74608.dir/build
gmake[2]: Entering directory '/Users/schun/nektar/build/CMakeFiles/CMakeTmp'
Building Fortran object CMakeFiles/cmTC_74608.dir/test_mpi.f90.o
/opt/homebrew/bin/gfortran  -I/opt/homebrew/Cellar/mpich/4.1/include -I/opt/homebrew/include -isysroot /Applications/Xcode.app/Contents/Developer/Platforms/MacOSX.platform/Developer/SDKs/MacOSX13.1.sdk -fallow-argument-mismatch -c /Users/schun/nektar/build/CMakeFiles/FindMPI/test_mpi.f90 -o CMakeFiles/cmTC_74608.dir/test_mpi.f90.o
/Users/schun/nektar/build/CMakeFiles/FindMPI/test_mpi.f90:2:11:

    2 |       use mpi_f08
      |           1
Fatal Error: Cannot open module file 'mpi_f08.mod' for reading at (1): No such file or directory
compilation terminated.
gmake[2]: *** [CMakeFiles/cmTC_74608.dir/build.make:78: CMakeFiles/cmTC_74608.dir/test_mpi.f90.o] Error 1
gmake[2]: Leaving directory '/Users/schun/nektar/build/CMakeFiles/CMakeTmp'
gmake[1]: *** [Makefile:127: cmTC_74608/fast] Error 2
gmake[1]: Leaving directory '/Users/schun/nektar/build/CMakeFiles/CMakeTmp'



The MPI test test_mpi for Fortran in mode F08_MODULE failed to compile with the following output:
Change Dir: /Users/schun/nektar/build/CMakeFiles/CMakeTmp

Run Build Command(s):/opt/local/bin/gmake -f Makefile cmTC_344d7/fast && gmake[1]: Entering directory '/Users/schun/nektar/build/CMakeFiles/CMakeTmp'
/opt/local/bin/gmake  -f CMakeFiles/cmTC_344d7.dir/build.make CMakeFiles/cmTC_344d7.dir/build
gmake[2]: Entering directory '/Users/schun/nektar/build/CMakeFiles/CMakeTmp'
Building Fortran object CMakeFiles/cmTC_344d7.dir/test_mpi.f90.o
/opt/homebrew/bin/gfortran  -I/opt/homebrew/Cellar/mpich/4.1/include -I/opt/homebrew/include -isysroot /Applications/Xcode.app/Contents/Developer/Platforms/MacOSX.platform/Developer/SDKs/MacOSX13.1.sdk -fallow-argument-mismatch -c /Users/schun/nektar/build/CMakeFiles/FindMPI/test_mpi.f90 -o CMakeFiles/cmTC_344d7.dir/test_mpi.f90.o
/Users/schun/nektar/build/CMakeFiles/FindMPI/test_mpi.f90:2:11:

    2 |       use mpi_f08
      |           1
Fatal Error: Cannot open module file 'mpi_f08.mod' for reading at (1): No such file or directory
compilation terminated.
gmake[2]: *** [CMakeFiles/cmTC_344d7.dir/build.make:78: CMakeFiles/cmTC_344d7.dir/test_mpi.f90.o] Error 1
gmake[2]: Leaving directory '/Users/schun/nektar/build/CMakeFiles/CMakeTmp'
gmake[1]: *** [Makefile:127: cmTC_344d7/fast] Error 2
gmake[1]: Leaving directory '/Users/schun/nektar/build/CMakeFiles/CMakeTmp'



The MPI test test_mpi for Fortran in mode F08_MODULE failed to compile with the following output:
Change Dir: /Users/schun/nektar/build/CMakeFiles/CMakeTmp

Run Build Command(s):/opt/local/bin/gmake -f Makefile cmTC_6d22c/fast && gmake[1]: Entering directory '/Users/schun/nektar/build/CMakeFiles/CMakeTmp'
/opt/local/bin/gmake  -f CMakeFiles/cmTC_6d22c.dir/build.make CMakeFiles/cmTC_6d22c.dir/build
gmake[2]: Entering directory '/Users/schun/nektar/build/CMakeFiles/CMakeTmp'
Building Fortran object CMakeFiles/cmTC_6d22c.dir/test_mpi.f90.o
/opt/homebrew/bin/gfortran  -I/opt/homebrew/Cellar/mpich/4.1/include -I/opt/homebrew/include -isysroot /Applications/Xcode.app/Contents/Developer/Platforms/MacOSX.platform/Developer/SDKs/MacOSX13.1.sdk -fallow-argument-mismatch -c /Users/schun/nektar/build/CMakeFiles/FindMPI/test_mpi.f90 -o CMakeFiles/cmTC_6d22c.dir/test_mpi.f90.o
/Users/schun/nektar/build/CMakeFiles/FindMPI/test_mpi.f90:2:11:

    2 |       use mpi_f08
      |           1
Fatal Error: Cannot open module file 'mpi_f08.mod' for reading at (1): No such file or directory
compilation terminated.
gmake[2]: *** [CMakeFiles/cmTC_6d22c.dir/build.make:78: CMakeFiles/cmTC_6d22c.dir/test_mpi.f90.o] Error 1
gmake[2]: Leaving directory '/Users/schun/nektar/build/CMakeFiles/CMakeTmp'
gmake[1]: *** [Makefile:127: cmTC_6d22c/fast] Error 2
gmake[1]: Leaving directory '/Users/schun/nektar/build/CMakeFiles/CMakeTmp'



The MPI test test_mpi for Fortran in mode F08_MODULE failed to compile with the following output:
Change Dir: /Users/schun/nektar/build/CMakeFiles/CMakeTmp

Run Build Command(s):/opt/local/bin/gmake -f Makefile cmTC_867b2/fast && gmake[1]: Entering directory '/Users/schun/nektar/build/CMakeFiles/CMakeTmp'
/opt/local/bin/gmake  -f CMakeFiles/cmTC_867b2.dir/build.make CMakeFiles/cmTC_867b2.dir/build
gmake[2]: Entering directory '/Users/schun/nektar/build/CMakeFiles/CMakeTmp'
Building Fortran object CMakeFiles/cmTC_867b2.dir/test_mpi.f90.o
/opt/homebrew/bin/gfortran  -I/opt/homebrew/Cellar/mpich/4.1/include -I/opt/homebrew/include -isysroot /Applications/Xcode.app/Contents/Developer/Platforms/MacOSX.platform/Developer/SDKs/MacOSX13.1.sdk -fallow-argument-mismatch -c /Users/schun/nektar/build/CMakeFiles/FindMPI/test_mpi.f90 -o CMakeFiles/cmTC_867b2.dir/test_mpi.f90.o
/Users/schun/nektar/build/CMakeFiles/FindMPI/test_mpi.f90:2:11:

    2 |       use mpi_f08
      |           1
Fatal Error: Cannot open module file 'mpi_f08.mod' for reading at (1): No such file or directory
compilation terminated.
gmake[2]: *** [CMakeFiles/cmTC_867b2.dir/build.make:78: CMakeFiles/cmTC_867b2.dir/test_mpi.f90.o] Error 1
gmake[2]: Leaving directory '/Users/schun/nektar/build/CMakeFiles/CMakeTmp'
gmake[1]: *** [Makefile:127: cmTC_867b2/fast] Error 2
gmake[1]: Leaving directory '/Users/schun/nektar/build/CMakeFiles/CMakeTmp'



The MPI test test_mpi for Fortran in mode F08_MODULE failed to compile with the following output:
Change Dir: /Users/schun/nektar/build/CMakeFiles/CMakeTmp

Run Build Command(s):/opt/local/bin/gmake -f Makefile cmTC_27429/fast && gmake[1]: Entering directory '/Users/schun/nektar/build/CMakeFiles/CMakeTmp'
/opt/local/bin/gmake  -f CMakeFiles/cmTC_27429.dir/build.make CMakeFiles/cmTC_27429.dir/build
gmake[2]: Entering directory '/Users/schun/nektar/build/CMakeFiles/CMakeTmp'
Building Fortran object CMakeFiles/cmTC_27429.dir/test_mpi.f90.o
/opt/homebrew/bin/gfortran  -I/opt/homebrew/Cellar/mpich/4.1/include -I/opt/homebrew/include -isysroot /Applications/Xcode.app/Contents/Developer/Platforms/MacOSX.platform/Developer/SDKs/MacOSX13.1.sdk -fallow-argument-mismatch -c /Users/schun/nektar/build/CMakeFiles/FindMPI/test_mpi.f90 -o CMakeFiles/cmTC_27429.dir/test_mpi.f90.o
/Users/schun/nektar/build/CMakeFiles/FindMPI/test_mpi.f90:2:11:

    2 |       use mpi_f08
      |           1
Fatal Error: Cannot open module file 'mpi_f08.mod' for reading at (1): No such file or directory
compilation terminated.
gmake[2]: *** [CMakeFiles/cmTC_27429.dir/build.make:78: CMakeFiles/cmTC_27429.dir/test_mpi.f90.o] Error 1
gmake[2]: Leaving directory '/Users/schun/nektar/build/CMakeFiles/CMakeTmp'
gmake[1]: *** [Makefile:127: cmTC_27429/fast] Error 2
gmake[1]: Leaving directory '/Users/schun/nektar/build/CMakeFiles/CMakeTmp'



The MPI test test_mpi for Fortran in mode F08_MODULE failed to compile with the following output:
Change Dir: /Users/schun/nektar/build/CMakeFiles/CMakeTmp

Run Build Command(s):/opt/local/bin/gmake -f Makefile cmTC_1b43d/fast && gmake[1]: Entering directory '/Users/schun/nektar/build/CMakeFiles/CMakeTmp'
/opt/local/bin/gmake  -f CMakeFiles/cmTC_1b43d.dir/build.make CMakeFiles/cmTC_1b43d.dir/build
gmake[2]: Entering directory '/Users/schun/nektar/build/CMakeFiles/CMakeTmp'
Building Fortran object CMakeFiles/cmTC_1b43d.dir/test_mpi.f90.o
/opt/homebrew/bin/gfortran  -I/opt/homebrew/Cellar/mpich/4.1/include -I/opt/homebrew/include -isysroot /Applications/Xcode.app/Contents/Developer/Platforms/MacOSX.platform/Developer/SDKs/MacOSX13.1.sdk -fallow-argument-mismatch -c /Users/schun/nektar/build/CMakeFiles/FindMPI/test_mpi.f90 -o CMakeFiles/cmTC_1b43d.dir/test_mpi.f90.o
/Users/schun/nektar/build/CMakeFiles/FindMPI/test_mpi.f90:2:11:

    2 |       use mpi_f08
      |           1
Fatal Error: Cannot open module file 'mpi_f08.mod' for reading at (1): No such file or directory
compilation terminated.
gmake[2]: *** [CMakeFiles/cmTC_1b43d.dir/build.make:78: CMakeFiles/cmTC_1b43d.dir/test_mpi.f90.o] Error 1
gmake[2]: Leaving directory '/Users/schun/nektar/build/CMakeFiles/CMakeTmp'
gmake[1]: *** [Makefile:127: cmTC_1b43d/fast] Error 2
gmake[1]: Leaving directory '/Users/schun/nektar/build/CMakeFiles/CMakeTmp'



The MPI test test_mpi for Fortran in mode F08_MODULE failed to compile with the following output:
Change Dir: /Users/schun/nektar/build/CMakeFiles/CMakeTmp

Run Build Command(s):/opt/local/bin/gmake -f Makefile cmTC_6bac3/fast && gmake[1]: Entering directory '/Users/schun/nektar/build/CMakeFiles/CMakeTmp'
/opt/local/bin/gmake  -f CMakeFiles/cmTC_6bac3.dir/build.make CMakeFiles/cmTC_6bac3.dir/build
gmake[2]: Entering directory '/Users/schun/nektar/build/CMakeFiles/CMakeTmp'
Building Fortran object CMakeFiles/cmTC_6bac3.dir/test_mpi.f90.o
/opt/homebrew/bin/gfortran  -I/opt/homebrew/Cellar/mpich/4.1/include -I/opt/homebrew/include -isysroot /Applications/Xcode.app/Contents/Developer/Platforms/MacOSX.platform/Developer/SDKs/MacOSX13.1.sdk -fallow-argument-mismatch -c /Users/schun/nektar/build/CMakeFiles/FindMPI/test_mpi.f90 -o CMakeFiles/cmTC_6bac3.dir/test_mpi.f90.o
/Users/schun/nektar/build/CMakeFiles/FindMPI/test_mpi.f90:2:11:

    2 |       use mpi_f08
      |           1
Fatal Error: Cannot open module file 'mpi_f08.mod' for reading at (1): No such file or directory
compilation terminated.
gmake[2]: *** [CMakeFiles/cmTC_6bac3.dir/build.make:78: CMakeFiles/cmTC_6bac3.dir/test_mpi.f90.o] Error 1
gmake[2]: Leaving directory '/Users/schun/nektar/build/CMakeFiles/CMakeTmp'
gmake[1]: *** [Makefile:127: cmTC_6bac3/fast] Error 2
gmake[1]: Leaving directory '/Users/schun/nektar/build/CMakeFiles/CMakeTmp'



The MPI test test_mpi for Fortran in mode F08_MODULE failed to compile with the following output:
Change Dir: /Users/schun/nektar/build/CMakeFiles/CMakeTmp

Run Build Command(s):/opt/local/bin/gmake -f Makefile cmTC_d9e0a/fast && gmake[1]: Entering directory '/Users/schun/nektar/build/CMakeFiles/CMakeTmp'
/opt/local/bin/gmake  -f CMakeFiles/cmTC_d9e0a.dir/build.make CMakeFiles/cmTC_d9e0a.dir/build
gmake[2]: Entering directory '/Users/schun/nektar/build/CMakeFiles/CMakeTmp'
Building Fortran object CMakeFiles/cmTC_d9e0a.dir/test_mpi.f90.o
/opt/homebrew/bin/gfortran  -I/opt/homebrew/Cellar/mpich/4.1/include -I/opt/homebrew/include -isysroot /Applications/Xcode.app/Contents/Developer/Platforms/MacOSX.platform/Developer/SDKs/MacOSX13.1.sdk -fallow-argument-mismatch -c /Users/schun/nektar/build/CMakeFiles/FindMPI/test_mpi.f90 -o CMakeFiles/cmTC_d9e0a.dir/test_mpi.f90.o
/Users/schun/nektar/build/CMakeFiles/FindMPI/test_mpi.f90:2:11:

    2 |       use mpi_f08
      |           1
Fatal Error: Cannot open module file 'mpi_f08.mod' for reading at (1): No such file or directory
compilation terminated.
gmake[2]: *** [CMakeFiles/cmTC_d9e0a.dir/build.make:78: CMakeFiles/cmTC_d9e0a.dir/test_mpi.f90.o] Error 1
gmake[2]: Leaving directory '/Users/schun/nektar/build/CMakeFiles/CMakeTmp'
gmake[1]: *** [Makefile:127: cmTC_d9e0a/fast] Error 2
gmake[1]: Leaving directory '/Users/schun/nektar/build/CMakeFiles/CMakeTmp'



